source,target
0,1
0,41
0,42
1,2
1,42
1,43
2,3
2,43
2,44
3,4
3,44
3,45
4,5
4,45
4,46
5,6
5,46
5,47
6,7
6,47
6,48
7,8
7,48
7,49
8,9
8,49
8,50
9,10
9,50
9,51
10,11
10,51
10,52
11,12
11,52
11,53
12,13
12,53
12,54
13,14
13,54
13,55
14,15
14,55
14,56
15,16
15,56
15,57
16,17
16,57
16,58
17,18
17,58
17,59
18,19
18,59
18,60
19,20
19,60
19,61
20,21
20,61
20,62
21,22
21,62
21,63
22,23
22,63
22,64
23,24
23,64
23,65
24,25
24,65
24,66
25,26
25,66
25,67
26,27
26,67
26,68
27,28
27,68
27,69
28,29
28,69
28,70
29,30
29,70
29,71
30,31
30,71
30,72
31,32
31,72
31,73
32,33
32,73
32,74
33,34
33,74
33,75
34,35
34,75
34,76
35,36
35,76
35,77
36,37
36,77
36,78
37,38
37,78
37,79
38,39
38,79
38,80
39,40
39,80
39,81
40,81
41,42
41,82
41,83
42,43
42,83
42,84
43,44
43,84
43,85
44,45
44,85
44,86
45,46
45,86
45,87
46,47
46,87
46,88
47,48
47,88
47,89
48,49
48,89
48,90
49,50
49,90
49,91
50,51
50,91
50,92
51,52
51,92
51,93
52,53
52,93
52,94
53,54
53,94
53,95
54,55
54,95
54,96
55,56
55,96
55,97
56,57
56,97
56,98
57,58
57,98
57,99
58,59
58,99
58,100
59,60
59,100
59,101
60,61
60,101
60,102
61,62
61,102
61,103
62,63
62,103
62,104
63,64
63,104
63,105
64,65
64,105
64,106
65,66
65,106
65,107
66,67
66,107
66,108
67,68
67,108
67,109
68,69
68,109
68,110
69,70
69,110
69,111
70,71
70,111
70,112
71,72
71,112
71,113
72,73
72,113
72,114
73,74
73,114
73,115
74,75
74,115
74,116
75,76
75,116
75,117
76,77
76,117
76,118
77,78
77,118
77,119
78,79
78,119
78,120
79,80
79,120
79,121
80,81
80,121
80,122
81,122
82,83
82,123
82,124
83,84
83,124
83,125
84,85
84,125
84,126
85,86
85,126
85,127
86,87
86,127
86,128
87,88
87,128
87,129
88,89
88,129
88,130
89,90
89,130
89,131
90,91
90,131
90,132
91,92
91,132
91,133
92,93
92,133
92,134
93,94
93,134
93,135
94,95
94,135
94,136
95,96
95,136
95,137
96,97
96,137
96,138
97,98
97,138
97,139
98,99
98,139
98,140
99,100
99,140
99,141
100,101
100,141
100,142
101,102
101,142
101,143
102,103
102,143
102,144
103,104
103,144
103,145
104,105
104,145
104,146
105,106
105,146
105,147
106,107
106,147
106,148
107,108
107,148
107,149
108,109
108,149
108,150
109,110
109,150
109,151
110,111
110,151
110,152
111,112
111,152
111,153
112,113
112,153
112,154
113,114
113,154
113,155
114,115
114,155
114,156
115,116
115,156
115,157
116,117
116,157
116,158
117,118
117,158
117,159
118,119
118,159
118,160
119,120
119,160
119,161
120,121
120,161
120,162
121,122
121,162
121,163
122,163
123,124
123,164
123,165
124,125
124,165
124,166
125,126
125,166
125,167
126,127
126,167
126,168
127,128
127,168
127,169
128,129
128,169
128,170
129,130
129,170
129,171
130,131
130,171
130,172
131,132
131,172
131,173
132,133
132,173
132,174
133,134
133,174
133,175
134,135
134,175
134,176
135,136
135,176
135,177
136,137
136,177
136,178
137,138
137,178
137,179
138,139
138,179
138,180
139,140
139,180
139,181
140,141
140,181
140,182
141,142
141,182
141,183
142,143
142,183
142,184
143,144
143,184
143,185
144,145
144,185
144,186
145,146
145,186
145,187
146,147
146,187
146,188
147,148
147,188
147,189
148,149
148,189
148,190
149,150
149,190
149,191
150,151
150,191
150,192
151,152
151,192
151,193
152,153
152,193
152,194
153,154
153,194
153,195
154,155
154,195
154,196
155,156
155,196
155,197
156,157
156,197
156,198
157,158
157,198
157,199
158,159
158,199
158,200
159,160
159,200
159,201
160,161
160,201
160,202
161,162
161,202
161,203
162,163
162,203
162,204
163,204
164,165
164,205
164,206
165,166
165,206
165,207
166,167
166,207
166,208
167,168
167,208
167,209
168,169
168,209
168,210
169,170
169,210
169,211
170,171
170,211
170,212
171,172
171,212
171,213
172,173
172,213
172,214
173,174
173,214
173,215
174,175
174,215
174,216
175,176
175,216
175,217
176,177
176,217
176,218
177,178
177,218
177,219
178,179
178,219
178,220
179,180
179,220
179,221
180,181
180,221
180,222
181,182
181,222
181,223
182,183
182,223
182,224
183,184
183,224
183,225
184,185
184,225
184,226
185,186
185,226
185,227
186,187
186,227
186,228
187,188
187,228
187,229
188,189
188,229
188,230
189,190
189,230
189,231
190,191
190,231
190,232
191,192
191,232
191,233
192,193
192,233
192,234
193,194
193,234
193,235
194,195
194,235
194,236
195,196
195,236
195,237
196,197
196,237
196,238
197,198
197,238
197,239
198,199
198,239
198,240
199,200
199,240
199,241
200,201
200,241
200,242
201,202
201,242
201,243
202,203
202,243
202,244
203,204
203,244
203,245
204,245
205,206
205,246
205,247
206,207
206,247
206,248
207,208
207,248
207,249
208,209
208,249
208,250
209,210
209,250
209,251
210,211
210,251
210,252
211,212
211,252
211,253
212,213
212,253
212,254
213,214
213,254
213,255
214,215
214,255
214,256
215,216
215,256
215,257
216,217
216,257
216,258
217,218
217,258
217,259
218,219
218,259
218,260
219,220
219,260
219,261
220,221
220,261
220,262
221,222
221,262
221,263
222,223
222,263
222,264
223,224
223,264
223,265
224,225
224,265
224,266
225,226
225,266
225,267
226,227
226,267
226,268
227,228
227,268
227,269
228,229
228,269
228,270
229,230
229,270
229,271
230,231
230,271
230,272
231,232
231,272
231,273
232,233
232,273
232,274
233,234
233,274
233,275
234,235
234,275
234,276
235,236
235,276
235,277
236,237
236,277
236,278
237,238
237,278
237,279
238,239
238,279
238,280
239,240
239,280
239,281
240,241
240,281
240,282
241,242
241,282
241,283
242,243
242,283
242,284
243,244
243,284
243,285
244,245
244,285
244,286
245,286
246,247
246,287
246,288
247,248
247,288
247,289
248,249
248,289
248,290
249,250
249,290
249,291
250,251
250,291
250,292
251,252
251,292
251,293
252,253
252,293
252,294
253,254
253,294
253,295
254,255
254,295
254,296
255,256
255,296
255,297
256,257
256,297
256,298
257,258
257,298
257,299
258,259
258,299
258,300
259,260
259,300
259,301
260,261
260,301
260,302
261,262
261,302
261,303
262,263
262,303
262,304
263,264
263,304
263,305
264,265
264,305
264,306
265,266
265,306
265,307
266,267
266,307
266,308
267,268
267,308
267,309
268,269
268,309
268,310
269,270
269,310
269,311
270,271
270,311
270,312
271,272
271,312
271,313
272,273
272,313
272,314
273,274
273,314
273,315
274,275
274,315
274,316
275,276
275,316
275,317
276,277
276,317
276,318
277,278
277,318
277,319
278,279
278,319
278,320
279,280
279,320
279,321
280,281
280,321
280,322
281,282
281,322
281,323
282,283
282,323
282,324
283,284
283,324
283,325
284,285
284,325
284,326
285,286
285,326
285,327
286,327
287,288
287,328
287,329
288,289
288,329
288,330
289,290
289,330
289,331
290,291
290,331
290,332
291,292
291,332
291,333
292,293
292,333
292,334
293,294
293,334
293,335
294,295
294,335
294,336
295,296
295,336
295,337
296,297
296,337
296,338
297,298
297,338
297,339
298,299
298,339
298,340
299,300
299,340
299,341
300,301
300,341
300,342
301,302
301,342
301,343
302,303
302,343
302,344
303,304
303,344
303,345
304,305
304,345
304,346
305,306
305,346
305,347
306,307
306,347
306,348
307,308
307,348
307,349
308,309
308,349
308,350
309,310
309,350
309,351
310,311
310,351
310,352
311,312
311,352
311,353
312,313
312,353
312,354
313,314
313,354
313,355
314,315
314,355
314,356
315,316
315,356
315,357
316,317
316,357
316,358
317,318
317,358
317,359
318,319
318,359
318,360
319,320
319,360
319,361
320,321
320,361
320,362
321,322
321,362
321,363
322,323
322,363
322,364
323,324
323,364
323,365
324,325
324,365
324,366
325,326
325,366
325,367
326,327
326,367
326,368
327,368
328,329
328,369
328,370
329,330
329,370
329,371
330,331
330,371
330,372
331,332
331,372
331,373
332,333
332,373
332,374
333,334
333,374
333,375
334,335
334,375
334,376
335,336
335,376
335,377
336,337
336,377
336,378
337,338
337,378
337,379
338,339
338,379
338,380
339,340
339,380
339,381
340,341
340,381
340,382
341,342
341,382
341,383
342,343
342,383
342,384
343,344
343,384
343,385
344,345
344,385
344,386
345,346
345,386
345,387
346,347
346,387
346,388
347,348
347,388
347,389
348,349
348,389
348,390
349,350
349,390
349,391
350,351
350,391
350,392
351,352
351,392
351,393
352,353
352,393
352,394
353,354
353,394
353,395
354,355
354,395
354,396
355,356
355,396
355,397
356,357
356,397
356,398
357,358
357,398
357,399
358,359
358,399
358,400
359,360
359,400
359,401
360,361
360,401
360,402
361,362
361,402
361,403
362,363
362,403
362,404
363,364
363,404
363,405
364,365
364,405
364,406
365,366
365,406
365,407
366,367
366,407
366,408
367,368
367,408
367,409
368,409
369,370
369,410
369,411
370,371
370,411
370,412
371,372
371,412
371,413
372,373
372,413
372,414
373,374
373,414
373,415
374,375
374,415
374,416
375,376
375,416
375,417
376,377
376,417
376,418
377,378
377,418
377,419
378,379
378,419
378,420
379,380
379,420
379,421
380,381
380,421
380,422
381,382
381,422
381,423
382,383
382,423
382,424
383,384
383,424
383,425
384,385
384,425
384,426
385,386
385,426
385,427
386,387
386,427
386,428
387,388
387,428
387,429
388,389
388,429
388,430
389,390
389,430
389,431
390,391
390,431
390,432
391,392
391,432
391,433
392,393
392,433
392,434
393,394
393,434
393,435
394,395
394,435
394,436
395,396
395,436
395,437
396,397
396,437
396,438
397,398
397,438
397,439
398,399
398,439
398,440
399,400
399,440
399,441
400,401
400,441
400,442
401,402
401,442
401,443
402,403
402,443
402,444
403,404
403,444
403,445
404,405
404,445
404,446
405,406
405,446
405,447
406,407
406,447
406,448
407,408
407,448
407,449
408,409
408,449
408,450
409,450
410,411
410,451
410,452
411,412
411,452
411,453
412,413
412,453
412,454
413,414
413,454
413,455
414,415
414,455
414,456
415,416
415,456
415,457
416,417
416,457
416,458
417,418
417,458
417,459
418,419
418,459
418,460
419,420
419,460
419,461
420,421
420,461
420,462
421,422
421,462
421,463
422,423
422,463
422,464
423,424
423,464
423,465
424,425
424,465
424,466
425,426
425,466
425,467
426,427
426,467
426,468
427,428
427,468
427,469
428,429
428,469
428,470
429,430
429,470
429,471
430,431
430,471
430,472
431,432
431,472
431,473
432,433
432,473
432,474
433,434
433,474
433,475
434,435
434,475
434,476
435,436
435,476
435,477
436,437
436,477
436,478
437,438
437,478
437,479
438,439
438,479
438,480
439,440
439,480
439,481
440,441
440,481
440,482
441,442
441,482
441,483
442,443
442,483
442,484
443,444
443,484
443,485
444,445
444,485
444,486
445,446
445,486
445,487
446,447
446,487
446,488
447,448
447,488
447,489
448,449
448,489
448,490
449,450
449,490
449,491
450,491
451,452
451,492
451,493
452,453
452,493
452,494
453,454
453,494
453,495
454,455
454,495
454,496
455,456
455,496
455,497
456,457
456,497
456,498
457,458
457,498
457,499
458,459
458,499
458,500
459,460
459,500
459,501
460,461
460,501
460,502
461,462
461,502
461,503
462,463
462,503
462,504
463,464
463,504
463,505
464,465
464,505
464,506
465,466
465,506
465,507
466,467
466,507
466,508
467,468
467,508
467,509
468,469
468,509
468,510
469,470
469,510
469,511
470,471
470,511
470,512
471,472
471,512
471,513
472,473
472,513
472,514
473,474
473,514
473,515
474,475
474,515
474,516
475,476
475,516
475,517
476,477
476,517
476,518
477,478
477,518
477,519
478,479
478,519
478,520
479,480
479,520
479,521
480,481
480,521
480,522
481,482
481,522
481,523
482,483
482,523
482,524
483,484
483,524
483,525
484,485
484,525
484,526
485,486
485,526
485,527
486,487
486,527
486,528
487,488
487,528
487,529
488,489
488,529
488,530
489,490
489,530
489,531
490,491
490,531
490,532
491,532
492,493
492,533
492,534
493,494
493,534
493,535
494,495
494,535
494,536
495,496
495,536
495,537
496,497
496,537
496,538
497,498
497,538
497,539
498,499
498,539
498,540
499,500
499,540
499,541
500,501
500,541
500,542
501,502
501,542
501,543
502,503
502,543
502,544
503,504
503,544
503,545
504,505
504,545
504,546
505,506
505,546
505,547
506,507
506,547
506,548
507,508
507,548
507,549
508,509
508,549
508,550
509,510
509,550
509,551
510,511
510,551
510,552
511,512
511,552
511,553
512,513
512,553
512,554
513,514
513,554
513,555
514,515
514,555
514,556
515,516
515,556
515,557
516,517
516,557
516,558
517,518
517,558
517,559
518,519
518,559
518,560
519,520
519,560
519,561
520,521
520,561
520,562
521,522
521,562
521,563
522,523
522,563
522,564
523,524
523,564
523,565
524,525
524,565
524,566
525,526
525,566
525,567
526,527
526,567
526,568
527,528
527,568
527,569
528,529
528,569
528,570
529,530
529,570
529,571
530,531
530,571
530,572
531,532
531,572
531,573
532,573
533,534
533,574
533,575
534,535
534,575
534,576
535,536
535,576
535,577
536,537
536,577
536,578
537,538
537,578
537,579
538,539
538,579
538,580
539,540
539,580
539,581
540,541
540,581
540,582
541,542
541,582
541,583
542,543
542,583
542,584
543,544
543,584
543,585
544,545
544,585
544,586
545,546
545,586
545,587
546,547
546,587
546,588
547,548
547,588
547,589
548,549
548,589
548,590
549,550
549,590
549,591
550,551
550,591
550,592
551,552
551,592
551,593
552,553
552,593
552,594
553,554
553,594
553,595
554,555
554,595
554,596
555,556
555,596
555,597
556,557
556,597
556,598
557,558
557,598
557,599
558,559
558,599
558,600
559,560
559,600
559,601
560,561
560,601
560,602
561,562
561,602
561,603
562,563
562,603
562,604
563,564
563,604
563,605
564,565
564,605
564,606
565,566
565,606
565,607
566,567
566,607
566,608
567,568
567,608
567,609
568,569
568,609
568,610
569,570
569,610
569,611
570,571
570,611
570,612
571,572
571,612
571,613
572,573
572,613
572,614
573,614
574,575
574,615
574,616
575,576
575,616
575,617
576,577
576,617
576,618
577,578
577,618
577,619
578,579
578,619
578,620
579,580
579,620
579,621
580,581
580,621
580,622
581,582
581,622
581,623
582,583
582,623
582,624
583,584
583,624
583,625
584,585
584,625
584,626
585,586
585,626
585,627
586,587
586,627
586,628
587,588
587,628
587,629
588,589
588,629
588,630
589,590
589,630
589,631
590,591
590,631
590,632
591,592
591,632
591,633
592,593
592,633
592,634
593,594
593,634
593,635
594,595
594,635
594,636
595,596
595,636
595,637
596,597
596,637
596,638
597,598
597,638
597,639
598,599
598,639
598,640
599,600
599,640
599,641
600,601
600,641
600,642
601,602
601,642
601,643
602,603
602,643
602,644
603,604
603,644
603,645
604,605
604,645
604,646
605,606
605,646
605,647
606,607
606,647
606,648
607,608
607,648
607,649
608,609
608,649
608,650
609,610
609,650
609,651
610,611
610,651
610,652
611,612
611,652
611,653
612,613
612,653
612,654
613,614
613,654
613,655
614,655
615,616
615,656
615,657
616,617
616,657
616,658
617,618
617,658
617,659
618,619
618,659
618,660
619,620
619,660
619,661
620,621
620,661
620,662
621,622
621,662
621,663
622,623
622,663
622,664
623,624
623,664
623,665
624,625
624,665
624,666
625,626
625,666
625,667
626,627
626,667
626,668
627,628
627,668
627,669
628,629
628,669
628,670
629,630
629,670
629,671
630,631
630,671
630,672
631,632
631,672
631,673
632,633
632,673
632,674
633,634
633,674
633,675
634,635
634,675
634,676
635,636
635,676
635,677
636,637
636,677
636,678
637,638
637,678
637,679
638,639
638,679
638,680
639,640
639,680
639,681
640,641
640,681
640,682
641,642
641,682
641,683
642,643
642,683
642,684
643,644
643,684
643,685
644,645
644,685
644,686
645,646
645,686
645,687
646,647
646,687
646,688
647,648
647,688
647,689
648,649
648,689
648,690
649,650
649,690
649,691
650,651
650,691
650,692
651,652
651,692
651,693
652,653
652,693
652,694
653,654
653,694
653,695
654,655
654,695
654,696
655,696
656,657
656,697
656,698
657,658
657,698
657,699
658,659
658,699
658,700
659,660
659,700
659,701
660,661
660,701
660,702
661,662
661,702
661,703
662,663
662,703
662,704
663,664
663,704
663,705
664,665
664,705
664,706
665,666
665,706
665,707
666,667
666,707
666,708
667,668
667,708
667,709
668,669
668,709
668,710
669,670
669,710
669,711
670,671
670,711
670,712
671,672
671,712
671,713
672,673
672,713
672,714
673,674
673,714
673,715
674,675
674,715
674,716
675,676
675,716
675,717
676,677
676,717
676,718
677,678
677,718
677,719
678,679
678,719
678,720
679,680
679,720
679,721
680,681
680,721
680,722
681,682
681,722
681,723
682,683
682,723
682,724
683,684
683,724
683,725
684,685
684,725
684,726
685,686
685,726
685,727
686,687
686,727
686,728
687,688
687,728
687,729
688,689
688,729
688,730
689,690
689,730
689,731
690,691
690,731
690,732
691,692
691,732
691,733
692,693
692,733
692,734
693,694
693,734
693,735
694,695
694,735
694,736
695,696
695,736
695,737
696,737
697,698
697,738
697,739
698,699
698,739
698,740
699,700
699,740
699,741
700,701
700,741
700,742
701,702
701,742
701,743
702,703
702,743
702,744
703,704
703,744
703,745
704,705
704,745
704,746
705,706
705,746
705,747
706,707
706,747
706,748
707,708
707,748
707,749
708,709
708,749
708,750
709,710
709,750
709,751
710,711
710,751
710,752
711,712
711,752
711,753
712,713
712,753
712,754
713,714
713,754
713,755
714,715
714,755
714,756
715,716
715,756
715,757
716,717
716,757
716,758
717,718
717,758
717,759
718,719
718,759
718,760
719,720
719,760
719,761
720,721
720,761
720,762
721,722
721,762
721,763
722,723
722,763
722,764
723,724
723,764
723,765
724,725
724,765
724,766
725,726
725,766
725,767
726,727
726,767
726,768
727,728
727,768
727,769
728,729
728,769
728,770
729,730
729,770
729,771
730,731
730,771
730,772
731,732
731,772
731,773
732,733
732,773
732,774
733,734
733,774
733,775
734,735
734,775
734,776
735,736
735,776
735,777
736,737
736,777
736,778
737,778
738,739
738,779
738,780
739,740
739,780
739,781
740,741
740,781
740,782
741,742
741,782
741,783
742,743
742,783
742,784
743,744
743,784
743,785
744,745
744,785
744,786
745,746
745,786
745,787
746,747
746,787
746,788
747,748
747,788
747,789
748,749
748,789
748,790
749,750
749,790
749,791
750,751
750,791
750,792
751,752
751,792
751,793
752,753
752,793
752,794
753,754
753,794
753,795
754,755
754,795
754,796
755,756
755,796
755,797
756,757
756,797
756,798
757,758
757,798
757,799
758,759
758,799
758,800
759,760
759,800
759,801
760,761
760,801
760,802
761,762
761,802
761,803
762,763
762,803
762,804
763,764
763,804
763,805
764,765
764,805
764,806
765,766
765,806
765,807
766,767
766,807
766,808
767,768
767,808
767,809
768,769
768,809
768,810
769,770
769,810
769,811
770,771
770,811
770,812
771,772
771,812
771,813
772,773
772,813
772,814
773,774
773,814
773,815
774,775
774,815
774,816
775,776
775,816
775,817
776,777
776,817
776,818
777,778
777,818
777,819
778,819
779,780
779,820
779,821
780,781
780,821
780,822
781,782
781,822
781,823
782,783
782,823
782,824
783,784
783,824
783,825
784,785
784,825
784,826
785,786
785,826
785,827
786,787
786,827
786,828
787,788
787,828
787,829
788,789
788,829
788,830
789,790
789,830
789,831
790,791
790,831
790,832
791,792
791,832
791,833
792,793
792,833
792,834
793,794
793,834
793,835
794,795
794,835
794,836
795,796
795,836
795,837
796,797
796,837
796,838
797,798
797,838
797,839
798,799
798,839
798,840
799,800
799,840
799,841
800,801
800,841
800,842
801,802
801,842
801,843
802,803
802,843
802,844
803,804
803,844
803,845
804,805
804,845
804,846
805,806
805,846
805,847
806,807
806,847
806,848
807,808
807,848
807,849
808,809
808,849
808,850
809,810
809,850
809,851
810,811
810,851
810,852
811,812
811,852
811,853
812,813
812,853
812,854
813,814
813,854
813,855
814,815
814,855
814,856
815,816
815,856
815,857
816,817
816,857
816,858
817,818
817,858
817,859
818,819
818,859
818,860
819,860
820,821
820,861
820,862
821,822
821,862
821,863
822,823
822,863
822,864
823,824
823,864
823,865
824,825
824,865
824,866
825,826
825,866
825,867
826,827
826,867
826,868
827,828
827,868
827,869
828,829
828,869
828,870
829,830
829,870
829,871
830,831
830,871
830,872
831,832
831,872
831,873
832,833
832,873
832,874
833,834
833,874
833,875
834,835
834,875
834,876
835,836
835,876
835,877
836,837
836,877
836,878
837,838
837,878
837,879
838,839
838,879
838,880
839,840
839,880
839,881
840,841
840,881
840,882
841,842
841,882
841,883
842,843
842,883
842,884
843,844
843,884
843,885
844,845
844,885
844,886
845,846
845,886
845,887
846,847
846,887
846,888
847,848
847,888
847,889
848,849
848,889
848,890
849,850
849,890
849,891
850,851
850,891
850,892
851,852
851,892
851,893
852,853
852,893
852,894
853,854
853,894
853,895
854,855
854,895
854,896
855,856
855,896
855,897
856,857
856,897
856,898
857,858
857,898
857,899
858,859
858,899
858,900
859,860
859,900
859,901
860,901
861,862
861,902
861,903
862,863
862,903
862,904
863,864
863,904
863,905
864,865
864,905
864,906
865,866
865,906
865,907
866,867
866,907
866,908
867,868
867,908
867,909
868,869
868,909
868,910
869,870
869,910
869,911
870,871
870,911
870,912
871,872
871,912
871,913
872,873
872,913
872,914
873,874
873,914
873,915
874,875
874,915
874,916
875,876
875,916
875,917
876,877
876,917
876,918
877,878
877,918
877,919
878,879
878,919
878,920
879,880
879,920
879,921
880,881
880,921
880,922
881,882
881,922
881,923
882,883
882,923
882,924
883,884
883,924
883,925
884,885
884,925
884,926
885,886
885,926
885,927
886,887
886,927
886,928
887,888
887,928
887,929
888,889
888,929
888,930
889,890
889,930
889,931
890,891
890,931
890,932
891,892
891,932
891,933
892,893
892,933
892,934
893,894
893,934
893,935
894,895
894,935
894,936
895,896
895,936
895,937
896,897
896,937
896,938
897,898
897,938
897,939
898,899
898,939
898,940
899,900
899,940
899,941
900,901
900,941
900,942
901,942
902,903
902,943
902,944
903,904
903,944
903,945
904,905
904,945
904,946
905,906
905,946
905,947
906,907
906,947
906,948
907,908
907,948
907,949
908,909
908,949
908,950
909,910
909,950
909,951
910,911
910,951
910,952
911,912
911,952
911,953
912,913
912,953
912,954
913,914
913,954
913,955
914,915
914,955
914,956
915,916
915,956
915,957
916,917
916,957
916,958
917,918
917,958
917,959
918,919
918,959
918,960
919,920
919,960
919,961
920,921
920,961
920,962
921,922
921,962
921,963
922,923
922,963
922,964
923,924
923,964
923,965
924,925
924,965
924,966
925,926
925,966
925,967
926,927
926,967
926,968
927,928
927,968
927,969
928,929
928,969
928,970
929,930
929,970
929,971
930,931
930,971
930,972
931,932
931,972
931,973
932,933
932,973
932,974
933,934
933,974
933,975
934,935
934,975
934,976
935,936
935,976
935,977
936,937
936,977
936,978
937,938
937,978
937,979
938,939
938,979
938,980
939,940
939,980
939,981
940,941
940,981
940,982
941,942
941,982
941,983
942,983
943,944
943,984
943,985
944,945
944,985
944,986
945,946
945,986
945,987
946,947
946,987
946,988
947,948
947,988
947,989
948,949
948,989
948,990
949,950
949,990
949,991
950,951
950,991
950,992
951,952
951,992
951,993
952,953
952,993
952,994
953,954
953,994
953,995
954,955
954,995
954,996
955,956
955,996
955,997
956,957
956,997
956,998
957,958
957,998
957,999
958,959
958,999
958,1000
959,960
959,1000
959,1001
960,961
960,1001
960,1002
961,962
961,1002
961,1003
962,963
962,1003
962,1004
963,964
963,1004
963,1005
964,965
964,1005
964,1006
965,966
965,1006
965,1007
966,967
966,1007
966,1008
967,968
967,1008
967,1009
968,969
968,1009
968,1010
969,970
969,1010
969,1011
970,971
970,1011
970,1012
971,972
971,1012
971,1013
972,973
972,1013
972,1014
973,974
973,1014
973,1015
974,975
974,1015
974,1016
975,976
975,1016
975,1017
976,977
976,1017
976,1018
977,978
977,1018
977,1019
978,979
978,1019
978,1020
979,980
979,1020
979,1021
980,981
980,1021
980,1022
981,982
981,1022
981,1023
982,983
982,1023
982,1024
983,1024
984,985
984,1025
984,1026
985,986
985,1026
985,1027
986,987
986,1027
986,1028
987,988
987,1028
987,1029
988,989
988,1029
988,1030
989,990
989,1030
989,1031
990,991
990,1031
990,1032
991,992
991,1032
991,1033
992,993
992,1033
992,1034
993,994
993,1034
993,1035
994,995
994,1035
994,1036
995,996
995,1036
995,1037
996,997
996,1037
996,1038
997,998
997,1038
997,1039
998,999
998,1039
998,1040
999,1000
999,1040
999,1041
1000,1001
1000,1041
1000,1042
1001,1002
1001,1042
1001,1043
1002,1003
1002,1043
1002,1044
1003,1004
1003,1044
1003,1045
1004,1005
1004,1045
1004,1046
1005,1006
1005,1046
1005,1047
1006,1007
1006,1047
1006,1048
1007,1008
1007,1048
1007,1049
1008,1009
1008,1049
1008,1050
1009,1010
1009,1050
1009,1051
1010,1011
1010,1051
1010,1052
1011,1012
1011,1052
1011,1053
1012,1013
1012,1053
1012,1054
1013,1014
1013,1054
1013,1055
1014,1015
1014,1055
1014,1056
1015,1016
1015,1056
1015,1057
1016,1017
1016,1057
1016,1058
1017,1018
1017,1058
1017,1059
1018,1019
1018,1059
1018,1060
1019,1020
1019,1060
1019,1061
1020,1021
1020,1061
1020,1062
1021,1022
1021,1062
1021,1063
1022,1023
1022,1063
1022,1064
1023,1024
1023,1064
1023,1065
1024,1065
1025,1026
1025,1066
1025,1067
1026,1027
1026,1067
1026,1068
1027,1028
1027,1068
1027,1069
1028,1029
1028,1069
1028,1070
1029,1030
1029,1070
1029,1071
1030,1031
1030,1071
1030,1072
1031,1032
1031,1072
1031,1073
1032,1033
1032,1073
1032,1074
1033,1034
1033,1074
1033,1075
1034,1035
1034,1075
1034,1076
1035,1036
1035,1076
1035,1077
1036,1037
1036,1077
1036,1078
1037,1038
1037,1078
1037,1079
1038,1039
1038,1079
1038,1080
1039,1040
1039,1080
1039,1081
1040,1041
1040,1081
1040,1082
1041,1042
1041,1082
1041,1083
1042,1043
1042,1083
1042,1084
1043,1044
1043,1084
1043,1085
1044,1045
1044,1085
1044,1086
1045,1046
1045,1086
1045,1087
1046,1047
1046,1087
1046,1088
1047,1048
1047,1088
1047,1089
1048,1049
1048,1089
1048,1090
1049,1050
1049,1090
1049,1091
1050,1051
1050,1091
1050,1092
1051,1052
1051,1092
1051,1093
1052,1053
1052,1093
1052,1094
1053,1054
1053,1094
1053,1095
1054,1055
1054,1095
1054,1096
1055,1056
1055,1096
1055,1097
1056,1057
1056,1097
1056,1098
1057,1058
1057,1098
1057,1099
1058,1059
1058,1099
1058,1100
1059,1060
1059,1100
1059,1101
1060,1061
1060,1101
1060,1102
1061,1062
1061,1102
1061,1103
1062,1063
1062,1103
1062,1104
1063,1064
1063,1104
1063,1105
1064,1065
1064,1105
1064,1106
1065,1106
1066,1067
1066,1107
1066,1108
1067,1068
1067,1108
1067,1109
1068,1069
1068,1109
1068,1110
1069,1070
1069,1110
1069,1111
1070,1071
1070,1111
1070,1112
1071,1072
1071,1112
1071,1113
1072,1073
1072,1113
1072,1114
1073,1074
1073,1114
1073,1115
1074,1075
1074,1115
1074,1116
1075,1076
1075,1116
1075,1117
1076,1077
1076,1117
1076,1118
1077,1078
1077,1118
1077,1119
1078,1079
1078,1119
1078,1120
1079,1080
1079,1120
1079,1121
1080,1081
1080,1121
1080,1122
1081,1082
1081,1122
1081,1123
1082,1083
1082,1123
1082,1124
1083,1084
1083,1124
1083,1125
1084,1085
1084,1125
1084,1126
1085,1086
1085,1126
1085,1127
1086,1087
1086,1127
1086,1128
1087,1088
1087,1128
1087,1129
1088,1089
1088,1129
1088,1130
1089,1090
1089,1130
1089,1131
1090,1091
1090,1131
1090,1132
1091,1092
1091,1132
1091,1133
1092,1093
1092,1133
1092,1134
1093,1094
1093,1134
1093,1135
1094,1095
1094,1135
1094,1136
1095,1096
1095,1136
1095,1137
1096,1097
1096,1137
1096,1138
1097,1098
1097,1138
1097,1139
1098,1099
1098,1139
1098,1140
1099,1100
1099,1140
1099,1141
1100,1101
1100,1141
1100,1142
1101,1102
1101,1142
1101,1143
1102,1103
1102,1143
1102,1144
1103,1104
1103,1144
1103,1145
1104,1105
1104,1145
1104,1146
1105,1106
1105,1146
1105,1147
1106,1147
1107,1108
1107,1148
1107,1149
1108,1109
1108,1149
1108,1150
1109,1110
1109,1150
1109,1151
1110,1111
1110,1151
1110,1152
1111,1112
1111,1152
1111,1153
1112,1113
1112,1153
1112,1154
1113,1114
1113,1154
1113,1155
1114,1115
1114,1155
1114,1156
1115,1116
1115,1156
1115,1157
1116,1117
1116,1157
1116,1158
1117,1118
1117,1158
1117,1159
1118,1119
1118,1159
1118,1160
1119,1120
1119,1160
1119,1161
1120,1121
1120,1161
1120,1162
1121,1122
1121,1162
1121,1163
1122,1123
1122,1163
1122,1164
1123,1124
1123,1164
1123,1165
1124,1125
1124,1165
1124,1166
1125,1126
1125,1166
1125,1167
1126,1127
1126,1167
1126,1168
1127,1128
1127,1168
1127,1169
1128,1129
1128,1169
1128,1170
1129,1130
1129,1170
1129,1171
1130,1131
1130,1171
1130,1172
1131,1132
1131,1172
1131,1173
1132,1133
1132,1173
1132,1174
1133,1134
1133,1174
1133,1175
1134,1135
1134,1175
1134,1176
1135,1136
1135,1176
1135,1177
1136,1137
1136,1177
1136,1178
1137,1138
1137,1178
1137,1179
1138,1139
1138,1179
1138,1180
1139,1140
1139,1180
1139,1181
1140,1141
1140,1181
1140,1182
1141,1142
1141,1182
1141,1183
1142,1143
1142,1183
1142,1184
1143,1144
1143,1184
1143,1185
1144,1145
1144,1185
1144,1186
1145,1146
1145,1186
1145,1187
1146,1147
1146,1187
1146,1188
1147,1188
1148,1149
1148,1189
1148,1190
1149,1150
1149,1190
1149,1191
1150,1151
1150,1191
1150,1192
1151,1152
1151,1192
1151,1193
1152,1153
1152,1193
1152,1194
1153,1154
1153,1194
1153,1195
1154,1155
1154,1195
1154,1196
1155,1156
1155,1196
1155,1197
1156,1157
1156,1197
1156,1198
1157,1158
1157,1198
1157,1199
1158,1159
1158,1199
1158,1200
1159,1160
1159,1200
1159,1201
1160,1161
1160,1201
1160,1202
1161,1162
1161,1202
1161,1203
1162,1163
1162,1203
1162,1204
1163,1164
1163,1204
1163,1205
1164,1165
1164,1205
1164,1206
1165,1166
1165,1206
1165,1207
1166,1167
1166,1207
1166,1208
1167,1168
1167,1208
1167,1209
1168,1169
1168,1209
1168,1210
1169,1170
1169,1210
1169,1211
1170,1171
1170,1211
1170,1212
1171,1172
1171,1212
1171,1213
1172,1173
1172,1213
1172,1214
1173,1174
1173,1214
1173,1215
1174,1175
1174,1215
1174,1216
1175,1176
1175,1216
1175,1217
1176,1177
1176,1217
1176,1218
1177,1178
1177,1218
1177,1219
1178,1179
1178,1219
1178,1220
1179,1180
1179,1220
1179,1221
1180,1181
1180,1221
1180,1222
1181,1182
1181,1222
1181,1223
1182,1183
1182,1223
1182,1224
1183,1184
1183,1224
1183,1225
1184,1185
1184,1225
1184,1226
1185,1186
1185,1226
1185,1227
1186,1187
1186,1227
1186,1228
1187,1188
1187,1228
1187,1229
1188,1229
1189,1190
1189,1230
1189,1231
1190,1191
1190,1231
1190,1232
1191,1192
1191,1232
1191,1233
1192,1193
1192,1233
1192,1234
1193,1194
1193,1234
1193,1235
1194,1195
1194,1235
1194,1236
1195,1196
1195,1236
1195,1237
1196,1197
1196,1237
1196,1238
1197,1198
1197,1238
1197,1239
1198,1199
1198,1239
1198,1240
1199,1200
1199,1240
1199,1241
1200,1201
1200,1241
1200,1242
1201,1202
1201,1242
1201,1243
1202,1203
1202,1243
1202,1244
1203,1204
1203,1244
1203,1245
1204,1205
1204,1245
1204,1246
1205,1206
1205,1246
1205,1247
1206,1207
1206,1247
1206,1248
1207,1208
1207,1248
1207,1249
1208,1209
1208,1249
1208,1250
1209,1210
1209,1250
1209,1251
1210,1211
1210,1251
1210,1252
1211,1212
1211,1252
1211,1253
1212,1213
1212,1253
1212,1254
1213,1214
1213,1254
1213,1255
1214,1215
1214,1255
1214,1256
1215,1216
1215,1256
1215,1257
1216,1217
1216,1257
1216,1258
1217,1218
1217,1258
1217,1259
1218,1219
1218,1259
1218,1260
1219,1220
1219,1260
1219,1261
1220,1221
1220,1261
1220,1262
1221,1222
1221,1262
1221,1263
1222,1223
1222,1263
1222,1264
1223,1224
1223,1264
1223,1265
1224,1225
1224,1265
1224,1266
1225,1226
1225,1266
1225,1267
1226,1227
1226,1267
1226,1268
1227,1228
1227,1268
1227,1269
1228,1229
1228,1269
1228,1270
1229,1270
1230,1231
1230,1271
1230,1272
1231,1232
1231,1272
1231,1273
1232,1233
1232,1273
1232,1274
1233,1234
1233,1274
1233,1275
1234,1235
1234,1275
1234,1276
1235,1236
1235,1276
1235,1277
1236,1237
1236,1277
1236,1278
1237,1238
1237,1278
1237,1279
1238,1239
1238,1279
1238,1280
1239,1240
1239,1280
1239,1281
1240,1241
1240,1281
1240,1282
1241,1242
1241,1282
1241,1283
1242,1243
1242,1283
1242,1284
1243,1244
1243,1284
1243,1285
1244,1245
1244,1285
1244,1286
1245,1246
1245,1286
1245,1287
1246,1247
1246,1287
1246,1288
1247,1248
1247,1288
1247,1289
1248,1249
1248,1289
1248,1290
1249,1250
1249,1290
1249,1291
1250,1251
1250,1291
1250,1292
1251,1252
1251,1292
1251,1293
1252,1253
1252,1293
1252,1294
1253,1254
1253,1294
1253,1295
1254,1255
1254,1295
1254,1296
1255,1256
1255,1296
1255,1297
1256,1257
1256,1297
1256,1298
1257,1258
1257,1298
1257,1299
1258,1259
1258,1299
1258,1300
1259,1260
1259,1300
1259,1301
1260,1261
1260,1301
1260,1302
1261,1262
1261,1302
1261,1303
1262,1263
1262,1303
1262,1304
1263,1264
1263,1304
1263,1305
1264,1265
1264,1305
1264,1306
1265,1266
1265,1306
1265,1307
1266,1267
1266,1307
1266,1308
1267,1268
1267,1308
1267,1309
1268,1269
1268,1309
1268,1310
1269,1270
1269,1310
1269,1311
1270,1311
1271,1272
1271,1312
1271,1313
1272,1273
1272,1313
1272,1314
1273,1274
1273,1314
1273,1315
1274,1275
1274,1315
1274,1316
1275,1276
1275,1316
1275,1317
1276,1277
1276,1317
1276,1318
1277,1278
1277,1318
1277,1319
1278,1279
1278,1319
1278,1320
1279,1280
1279,1320
1279,1321
1280,1281
1280,1321
1280,1322
1281,1282
1281,1322
1281,1323
1282,1283
1282,1323
1282,1324
1283,1284
1283,1324
1283,1325
1284,1285
1284,1325
1284,1326
1285,1286
1285,1326
1285,1327
1286,1287
1286,1327
1286,1328
1287,1288
1287,1328
1287,1329
1288,1289
1288,1329
1288,1330
1289,1290
1289,1330
1289,1331
1290,1291
1290,1331
1290,1332
1291,1292
1291,1332
1291,1333
1292,1293
1292,1333
1292,1334
1293,1294
1293,1334
1293,1335
1294,1295
1294,1335
1294,1336
1295,1296
1295,1336
1295,1337
1296,1297
1296,1337
1296,1338
1297,1298
1297,1338
1297,1339
1298,1299
1298,1339
1298,1340
1299,1300
1299,1340
1299,1341
1300,1301
1300,1341
1300,1342
1301,1302
1301,1342
1301,1343
1302,1303
1302,1343
1302,1344
1303,1304
1303,1344
1303,1345
1304,1305
1304,1345
1304,1346
1305,1306
1305,1346
1305,1347
1306,1307
1306,1347
1306,1348
1307,1308
1307,1348
1307,1349
1308,1309
1308,1349
1308,1350
1309,1310
1309,1350
1309,1351
1310,1311
1310,1351
1310,1352
1311,1352
1312,1313
1312,1353
1312,1354
1313,1314
1313,1354
1313,1355
1314,1315
1314,1355
1314,1356
1315,1316
1315,1356
1315,1357
1316,1317
1316,1357
1316,1358
1317,1318
1317,1358
1317,1359
1318,1319
1318,1359
1318,1360
1319,1320
1319,1360
1319,1361
1320,1321
1320,1361
1320,1362
1321,1322
1321,1362
1321,1363
1322,1323
1322,1363
1322,1364
1323,1324
1323,1364
1323,1365
1324,1325
1324,1365
1324,1366
1325,1326
1325,1366
1325,1367
1326,1327
1326,1367
1326,1368
1327,1328
1327,1368
1327,1369
1328,1329
1328,1369
1328,1370
1329,1330
1329,1370
1329,1371
1330,1331
1330,1371
1330,1372
1331,1332
1331,1372
1331,1373
1332,1333
1332,1373
1332,1374
1333,1334
1333,1374
1333,1375
1334,1335
1334,1375
1334,1376
1335,1336
1335,1376
1335,1377
1336,1337
1336,1377
1336,1378
1337,1338
1337,1378
1337,1379
1338,1339
1338,1379
1338,1380
1339,1340
1339,1380
1339,1381
1340,1341
1340,1381
1340,1382
1341,1342
1341,1382
1341,1383
1342,1343
1342,1383
1342,1384
1343,1344
1343,1384
1343,1385
1344,1345
1344,1385
1344,1386
1345,1346
1345,1386
1345,1387
1346,1347
1346,1387
1346,1388
1347,1348
1347,1388
1347,1389
1348,1349
1348,1389
1348,1390
1349,1350
1349,1390
1349,1391
1350,1351
1350,1391
1350,1392
1351,1352
1351,1392
1351,1393
1352,1393
1353,1354
1353,1394
1353,1395
1354,1355
1354,1395
1354,1396
1355,1356
1355,1396
1355,1397
1356,1357
1356,1397
1356,1398
1357,1358
1357,1398
1357,1399
1358,1359
1358,1399
1358,1400
1359,1360
1359,1400
1359,1401
1360,1361
1360,1401
1360,1402
1361,1362
1361,1402
1361,1403
1362,1363
1362,1403
1362,1404
1363,1364
1363,1404
1363,1405
1364,1365
1364,1405
1364,1406
1365,1366
1365,1406
1365,1407
1366,1367
1366,1407
1366,1408
1367,1368
1367,1408
1367,1409
1368,1369
1368,1409
1368,1410
1369,1370
1369,1410
1369,1411
1370,1371
1370,1411
1370,1412
1371,1372
1371,1412
1371,1413
1372,1373
1372,1413
1372,1414
1373,1374
1373,1414
1373,1415
1374,1375
1374,1415
1374,1416
1375,1376
1375,1416
1375,1417
1376,1377
1376,1417
1376,1418
1377,1378
1377,1418
1377,1419
1378,1379
1378,1419
1378,1420
1379,1380
1379,1420
1379,1421
1380,1381
1380,1421
1380,1422
1381,1382
1381,1422
1381,1423
1382,1383
1382,1423
1382,1424
1383,1384
1383,1424
1383,1425
1384,1385
1384,1425
1384,1426
1385,1386
1385,1426
1385,1427
1386,1387
1386,1427
1386,1428
1387,1388
1387,1428
1387,1429
1388,1389
1388,1429
1388,1430
1389,1390
1389,1430
1389,1431
1390,1391
1390,1431
1390,1432
1391,1392
1391,1432
1391,1433
1392,1393
1392,1433
1392,1434
1393,1434
1394,1395
1394,1435
1394,1436
1395,1396
1395,1436
1395,1437
1396,1397
1396,1437
1396,1438
1397,1398
1397,1438
1397,1439
1398,1399
1398,1439
1398,1440
1399,1400
1399,1440
1399,1441
1400,1401
1400,1441
1400,1442
1401,1402
1401,1442
1401,1443
1402,1403
1402,1443
1402,1444
1403,1404
1403,1444
1403,1445
1404,1405
1404,1445
1404,1446
1405,1406
1405,1446
1405,1447
1406,1407
1406,1447
1406,1448
1407,1408
1407,1448
1407,1449
1408,1409
1408,1449
1408,1450
1409,1410
1409,1450
1409,1451
1410,1411
1410,1451
1410,1452
1411,1412
1411,1452
1411,1453
1412,1413
1412,1453
1412,1454
1413,1414
1413,1454
1413,1455
1414,1415
1414,1455
1414,1456
1415,1416
1415,1456
1415,1457
1416,1417
1416,1457
1416,1458
1417,1418
1417,1458
1417,1459
1418,1419
1418,1459
1418,1460
1419,1420
1419,1460
1419,1461
1420,1421
1420,1461
1420,1462
1421,1422
1421,1462
1421,1463
1422,1423
1422,1463
1422,1464
1423,1424
1423,1464
1423,1465
1424,1425
1424,1465
1424,1466
1425,1426
1425,1466
1425,1467
1426,1427
1426,1467
1426,1468
1427,1428
1427,1468
1427,1469
1428,1429
1428,1469
1428,1470
1429,1430
1429,1470
1429,1471
1430,1431
1430,1471
1430,1472
1431,1432
1431,1472
1431,1473
1432,1433
1432,1473
1432,1474
1433,1434
1433,1474
1433,1475
1434,1475
1435,1436
1435,1476
1435,1477
1436,1437
1436,1477
1436,1478
1437,1438
1437,1478
1437,1479
1438,1439
1438,1479
1438,1480
1439,1440
1439,1480
1439,1481
1440,1441
1440,1481
1440,1482
1441,1442
1441,1482
1441,1483
1442,1443
1442,1483
1442,1484
1443,1444
1443,1484
1443,1485
1444,1445
1444,1485
1444,1486
1445,1446
1445,1486
1445,1487
1446,1447
1446,1487
1446,1488
1447,1448
1447,1488
1447,1489
1448,1449
1448,1489
1448,1490
1449,1450
1449,1490
1449,1491
1450,1451
1450,1491
1450,1492
1451,1452
1451,1492
1451,1493
1452,1453
1452,1493
1452,1494
1453,1454
1453,1494
1453,1495
1454,1455
1454,1495
1454,1496
1455,1456
1455,1496
1455,1497
1456,1457
1456,1497
1456,1498
1457,1458
1457,1498
1457,1499
1458,1459
1458,1499
1458,1500
1459,1460
1459,1500
1459,1501
1460,1461
1460,1501
1460,1502
1461,1462
1461,1502
1461,1503
1462,1463
1462,1503
1462,1504
1463,1464
1463,1504
1463,1505
1464,1465
1464,1505
1464,1506
1465,1466
1465,1506
1465,1507
1466,1467
1466,1507
1466,1508
1467,1468
1467,1508
1467,1509
1468,1469
1468,1509
1468,1510
1469,1470
1469,1510
1469,1511
1470,1471
1470,1511
1470,1512
1471,1472
1471,1512
1471,1513
1472,1473
1472,1513
1472,1514
1473,1474
1473,1514
1473,1515
1474,1475
1474,1515
1474,1516
1475,1516
1476,1477
1476,1517
1476,1518
1477,1478
1477,1518
1477,1519
1478,1479
1478,1519
1478,1520
1479,1480
1479,1520
1479,1521
1480,1481
1480,1521
1480,1522
1481,1482
1481,1522
1481,1523
1482,1483
1482,1523
1482,1524
1483,1484
1483,1524
1483,1525
1484,1485
1484,1525
1484,1526
1485,1486
1485,1526
1485,1527
1486,1487
1486,1527
1486,1528
1487,1488
1487,1528
1487,1529
1488,1489
1488,1529
1488,1530
1489,1490
1489,1530
1489,1531
1490,1491
1490,1531
1490,1532
1491,1492
1491,1532
1491,1533
1492,1493
1492,1533
1492,1534
1493,1494
1493,1534
1493,1535
1494,1495
1494,1535
1494,1536
1495,1496
1495,1536
1495,1537
1496,1497
1496,1537
1496,1538
1497,1498
1497,1538
1497,1539
1498,1499
1498,1539
1498,1540
1499,1500
1499,1540
1499,1541
1500,1501
1500,1541
1500,1542
1501,1502
1501,1542
1501,1543
1502,1503
1502,1543
1502,1544
1503,1504
1503,1544
1503,1545
1504,1505
1504,1545
1504,1546
1505,1506
1505,1546
1505,1547
1506,1507
1506,1547
1506,1548
1507,1508
1507,1548
1507,1549
1508,1509
1508,1549
1508,1550
1509,1510
1509,1550
1509,1551
1510,1511
1510,1551
1510,1552
1511,1512
1511,1552
1511,1553
1512,1513
1512,1553
1512,1554
1513,1514
1513,1554
1513,1555
1514,1515
1514,1555
1514,1556
1515,1516
1515,1556
1515,1557
1516,1557
1517,1518
1517,1558
1517,1559
1518,1519
1518,1559
1518,1560
1519,1520
1519,1560
1519,1561
1520,1521
1520,1561
1520,1562
1521,1522
1521,1562
1521,1563
1522,1523
1522,1563
1522,1564
1523,1524
1523,1564
1523,1565
1524,1525
1524,1565
1524,1566
1525,1526
1525,1566
1525,1567
1526,1527
1526,1567
1526,1568
1527,1528
1527,1568
1527,1569
1528,1529
1528,1569
1528,1570
1529,1530
1529,1570
1529,1571
1530,1531
1530,1571
1530,1572
1531,1532
1531,1572
1531,1573
1532,1533
1532,1573
1532,1574
1533,1534
1533,1574
1533,1575
1534,1535
1534,1575
1534,1576
1535,1536
1535,1576
1535,1577
1536,1537
1536,1577
1536,1578
1537,1538
1537,1578
1537,1579
1538,1539
1538,1579
1538,1580
1539,1540
1539,1580
1539,1581
1540,1541
1540,1581
1540,1582
1541,1542
1541,1582
1541,1583
1542,1543
1542,1583
1542,1584
1543,1544
1543,1584
1543,1585
1544,1545
1544,1585
1544,1586
1545,1546
1545,1586
1545,1587
1546,1547
1546,1587
1546,1588
1547,1548
1547,1588
1547,1589
1548,1549
1548,1589
1548,1590
1549,1550
1549,1590
1549,1591
1550,1551
1550,1591
1550,1592
1551,1552
1551,1592
1551,1593
1552,1553
1552,1593
1552,1594
1553,1554
1553,1594
1553,1595
1554,1555
1554,1595
1554,1596
1555,1556
1555,1596
1555,1597
1556,1557
1556,1597
1556,1598
1557,1598
1558,1559
1558,1599
1558,1600
1559,1560
1559,1600
1559,1601
1560,1561
1560,1601
1560,1602
1561,1562
1561,1602
1561,1603
1562,1563
1562,1603
1562,1604
1563,1564
1563,1604
1563,1605
1564,1565
1564,1605
1564,1606
1565,1566
1565,1606
1565,1607
1566,1567
1566,1607
1566,1608
1567,1568
1567,1608
1567,1609
1568,1569
1568,1609
1568,1610
1569,1570
1569,1610
1569,1611
1570,1571
1570,1611
1570,1612
1571,1572
1571,1612
1571,1613
1572,1573
1572,1613
1572,1614
1573,1574
1573,1614
1573,1615
1574,1575
1574,1615
1574,1616
1575,1576
1575,1616
1575,1617
1576,1577
1576,1617
1576,1618
1577,1578
1577,1618
1577,1619
1578,1579
1578,1619
1578,1620
1579,1580
1579,1620
1579,1621
1580,1581
1580,1621
1580,1622
1581,1582
1581,1622
1581,1623
1582,1583
1582,1623
1582,1624
1583,1584
1583,1624
1583,1625
1584,1585
1584,1625
1584,1626
1585,1586
1585,1626
1585,1627
1586,1587
1586,1627
1586,1628
1587,1588
1587,1628
1587,1629
1588,1589
1588,1629
1588,1630
1589,1590
1589,1630
1589,1631
1590,1591
1590,1631
1590,1632
1591,1592
1591,1632
1591,1633
1592,1593
1592,1633
1592,1634
1593,1594
1593,1634
1593,1635
1594,1595
1594,1635
1594,1636
1595,1596
1595,1636
1595,1637
1596,1597
1596,1637
1596,1638
1597,1598
1597,1638
1597,1639
1598,1639
1599,1600
1599,1640
1599,1641
1600,1601
1600,1641
1600,1642
1601,1602
1601,1642
1601,1643
1602,1603
1602,1643
1602,1644
1603,1604
1603,1644
1603,1645
1604,1605
1604,1645
1604,1646
1605,1606
1605,1646
1605,1647
1606,1607
1606,1647
1606,1648
1607,1608
1607,1648
1607,1649
1608,1609
1608,1649
1608,1650
1609,1610
1609,1650
1609,1651
1610,1611
1610,1651
1610,1652
1611,1612
1611,1652
1611,1653
1612,1613
1612,1653
1612,1654
1613,1614
1613,1654
1613,1655
1614,1615
1614,1655
1614,1656
1615,1616
1615,1656
1615,1657
1616,1617
1616,1657
1616,1658
1617,1618
1617,1658
1617,1659
1618,1619
1618,1659
1618,1660
1619,1620
1619,1660
1619,1661
1620,1621
1620,1661
1620,1662
1621,1622
1621,1662
1621,1663
1622,1623
1622,1663
1622,1664
1623,1624
1623,1664
1623,1665
1624,1625
1624,1665
1624,1666
1625,1626
1625,1666
1625,1667
1626,1627
1626,1667
1626,1668
1627,1628
1627,1668
1627,1669
1628,1629
1628,1669
1628,1670
1629,1630
1629,1670
1629,1671
1630,1631
1630,1671
1630,1672
1631,1632
1631,1672
1631,1673
1632,1633
1632,1673
1632,1674
1633,1634
1633,1674
1633,1675
1634,1635
1634,1675
1634,1676
1635,1636
1635,1676
1635,1677
1636,1637
1636,1677
1636,1678
1637,1638
1637,1678
1637,1679
1638,1639
1638,1679
1638,1680
1639,1680
1640,1641
1640,1681
1640,1682
1641,1642
1641,1682
1641,1683
1642,1643
1642,1683
1642,1684
1643,1644
1643,1684
1643,1685
1644,1645
1644,1685
1644,1686
1645,1646
1645,1686
1645,1687
1646,1647
1646,1687
1646,1688
1647,1648
1647,1688
1647,1689
1648,1649
1648,1689
1648,1690
1649,1650
1649,1690
1649,1691
1650,1651
1650,1691
1650,1692
1651,1652
1651,1692
1651,1693
1652,1653
1652,1693
1652,1694
1653,1654
1653,1694
1653,1695
1654,1655
1654,1695
1654,1696
1655,1656
1655,1696
1655,1697
1656,1657
1656,1697
1656,1698
1657,1658
1657,1698
1657,1699
1658,1659
1658,1699
1658,1700
1659,1660
1659,1700
1659,1701
1660,1661
1660,1701
1660,1702
1661,1662
1661,1702
1661,1703
1662,1663
1662,1703
1662,1704
1663,1664
1663,1704
1663,1705
1664,1665
1664,1705
1664,1706
1665,1666
1665,1706
1665,1707
1666,1667
1666,1707
1666,1708
1667,1668
1667,1708
1667,1709
1668,1669
1668,1709
1668,1710
1669,1670
1669,1710
1669,1711
1670,1671
1670,1711
1670,1712
1671,1672
1671,1712
1671,1713
1672,1673
1672,1713
1672,1714
1673,1674
1673,1714
1673,1715
1674,1675
1674,1715
1674,1716
1675,1676
1675,1716
1675,1717
1676,1677
1676,1717
1676,1718
1677,1678
1677,1718
1677,1719
1678,1679
1678,1719
1678,1720
1679,1680
1679,1720
1679,1721
1680,1721
1681,1682
1681,1722
1681,1723
1682,1683
1682,1723
1682,1724
1683,1684
1683,1724
1683,1725
1684,1685
1684,1725
1684,1726
1685,1686
1685,1726
1685,1727
1686,1687
1686,1727
1686,1728
1687,1688
1687,1728
1687,1729
1688,1689
1688,1729
1688,1730
1689,1690
1689,1730
1689,1731
1690,1691
1690,1731
1690,1732
1691,1692
1691,1732
1691,1733
1692,1693
1692,1733
1692,1734
1693,1694
1693,1734
1693,1735
1694,1695
1694,1735
1694,1736
1695,1696
1695,1736
1695,1737
1696,1697
1696,1737
1696,1738
1697,1698
1697,1738
1697,1739
1698,1699
1698,1739
1698,1740
1699,1700
1699,1740
1699,1741
1700,1701
1700,1741
1700,1742
1701,1702
1701,1742
1701,1743
1702,1703
1702,1743
1702,1744
1703,1704
1703,1744
1703,1745
1704,1705
1704,1745
1704,1746
1705,1706
1705,1746
1705,1747
1706,1707
1706,1747
1706,1748
1707,1708
1707,1748
1707,1749
1708,1709
1708,1749
1708,1750
1709,1710
1709,1750
1709,1751
1710,1711
1710,1751
1710,1752
1711,1712
1711,1752
1711,1753
1712,1713
1712,1753
1712,1754
1713,1714
1713,1754
1713,1755
1714,1715
1714,1755
1714,1756
1715,1716
1715,1756
1715,1757
1716,1717
1716,1757
1716,1758
1717,1718
1717,1758
1717,1759
1718,1719
1718,1759
1718,1760
1719,1720
1719,1760
1719,1761
1720,1721
1720,1761
1720,1762
1721,1762
1722,1723
1722,1763
1722,1764
1723,1724
1723,1764
1723,1765
1724,1725
1724,1765
1724,1766
1725,1726
1725,1766
1725,1767
1726,1727
1726,1767
1726,1768
1727,1728
1727,1768
1727,1769
1728,1729
1728,1769
1728,1770
1729,1730
1729,1770
1729,1771
1730,1731
1730,1771
1730,1772
1731,1732
1731,1772
1731,1773
1732,1733
1732,1773
1732,1774
1733,1734
1733,1774
1733,1775
1734,1735
1734,1775
1734,1776
1735,1736
1735,1776
1735,1777
1736,1737
1736,1777
1736,1778
1737,1738
1737,1778
1737,1779
1738,1739
1738,1779
1738,1780
1739,1740
1739,1780
1739,1781
1740,1741
1740,1781
1740,1782
1741,1742
1741,1782
1741,1783
1742,1743
1742,1783
1742,1784
1743,1744
1743,1784
1743,1785
1744,1745
1744,1785
1744,1786
1745,1746
1745,1786
1745,1787
1746,1747
1746,1787
1746,1788
1747,1748
1747,1788
1747,1789
1748,1749
1748,1789
1748,1790
1749,1750
1749,1790
1749,1791
1750,1751
1750,1791
1750,1792
1751,1752
1751,1792
1751,1793
1752,1753
1752,1793
1752,1794
1753,1754
1753,1794
1753,1795
1754,1755
1754,1795
1754,1796
1755,1756
1755,1796
1755,1797
1756,1757
1756,1797
1756,1798
1757,1758
1757,1798
1757,1799
1758,1759
1758,1799
1758,1800
1759,1760
1759,1800
1759,1801
1760,1761
1760,1801
1760,1802
1761,1762
1761,1802
1761,1803
1762,1803
1763,1764
1763,1804
1763,1805
1764,1765
1764,1805
1764,1806
1765,1766
1765,1806
1765,1807
1766,1767
1766,1807
1766,1808
1767,1768
1767,1808
1767,1809
1768,1769
1768,1809
1768,1810
1769,1770
1769,1810
1769,1811
1770,1771
1770,1811
1770,1812
1771,1772
1771,1812
1771,1813
1772,1773
1772,1813
1772,1814
1773,1774
1773,1814
1773,1815
1774,1775
1774,1815
1774,1816
1775,1776
1775,1816
1775,1817
1776,1777
1776,1817
1776,1818
1777,1778
1777,1818
1777,1819
1778,1779
1778,1819
1778,1820
1779,1780
1779,1820
1779,1821
1780,1781
1780,1821
1780,1822
1781,1782
1781,1822
1781,1823
1782,1783
1782,1823
1782,1824
1783,1784
1783,1824
1783,1825
1784,1785
1784,1825
1784,1826
1785,1786
1785,1826
1785,1827
1786,1787
1786,1827
1786,1828
1787,1788
1787,1828
1787,1829
1788,1789
1788,1829
1788,1830
1789,1790
1789,1830
1789,1831
1790,1791
1790,1831
1790,1832
1791,1792
1791,1832
1791,1833
1792,1793
1792,1833
1792,1834
1793,1794
1793,1834
1793,1835
1794,1795
1794,1835
1794,1836
1795,1796
1795,1836
1795,1837
1796,1797
1796,1837
1796,1838
1797,1798
1797,1838
1797,1839
1798,1799
1798,1839
1798,1840
1799,1800
1799,1840
1799,1841
1800,1801
1800,1841
1800,1842
1801,1802
1801,1842
1801,1843
1802,1803
1802,1843
1802,1844
1803,1844
1804,1805
1804,1845
1804,1846
1805,1806
1805,1846
1805,1847
1806,1807
1806,1847
1806,1848
1807,1808
1807,1848
1807,1849
1808,1809
1808,1849
1808,1850
1809,1810
1809,1850
1809,1851
1810,1811
1810,1851
1810,1852
1811,1812
1811,1852
1811,1853
1812,1813
1812,1853
1812,1854
1813,1814
1813,1854
1813,1855
1814,1815
1814,1855
1814,1856
1815,1816
1815,1856
1815,1857
1816,1817
1816,1857
1816,1858
1817,1818
1817,1858
1817,1859
1818,1819
1818,1859
1818,1860
1819,1820
1819,1860
1819,1861
1820,1821
1820,1861
1820,1862
1821,1822
1821,1862
1821,1863
1822,1823
1822,1863
1822,1864
1823,1824
1823,1864
1823,1865
1824,1825
1824,1865
1824,1866
1825,1826
1825,1866
1825,1867
1826,1827
1826,1867
1826,1868
1827,1828
1827,1868
1827,1869
1828,1829
1828,1869
1828,1870
1829,1830
1829,1870
1829,1871
1830,1831
1830,1871
1830,1872
1831,1832
1831,1872
1831,1873
1832,1833
1832,1873
1832,1874
1833,1834
1833,1874
1833,1875
1834,1835
1834,1875
1834,1876
1835,1836
1835,1876
1835,1877
1836,1837
1836,1877
1836,1878
1837,1838
1837,1878
1837,1879
1838,1839
1838,1879
1838,1880
1839,1840
1839,1880
1839,1881
1840,1841
1840,1881
1840,1882
1841,1842
1841,1882
1841,1883
1842,1843
1842,1883
1842,1884
1843,1844
1843,1884
1843,1885
1844,1885
1845,1846
1845,1886
1845,1887
1846,1847
1846,1887
1846,1888
1847,1848
1847,1888
1847,1889
1848,1849
1848,1889
1848,1890
1849,1850
1849,1890
1849,1891
1850,1851
1850,1891
1850,1892
1851,1852
1851,1892
1851,1893
1852,1853
1852,1893
1852,1894
1853,1854
1853,1894
1853,1895
1854,1855
1854,1895
1854,1896
1855,1856
1855,1896
1855,1897
1856,1857
1856,1897
1856,1898
1857,1858
1857,1898
1857,1899
1858,1859
1858,1899
1858,1900
1859,1860
1859,1900
1859,1901
1860,1861
1860,1901
1860,1902
1861,1862
1861,1902
1861,1903
1862,1863
1862,1903
1862,1904
1863,1864
1863,1904
1863,1905
1864,1865
1864,1905
1864,1906
1865,1866
1865,1906
1865,1907
1866,1867
1866,1907
1866,1908
1867,1868
1867,1908
1867,1909
1868,1869
1868,1909
1868,1910
1869,1870
1869,1910
1869,1911
1870,1871
1870,1911
1870,1912
1871,1872
1871,1912
1871,1913
1872,1873
1872,1913
1872,1914
1873,1874
1873,1914
1873,1915
1874,1875
1874,1915
1874,1916
1875,1876
1875,1916
1875,1917
1876,1877
1876,1917
1876,1918
1877,1878
1877,1918
1877,1919
1878,1879
1878,1919
1878,1920
1879,1880
1879,1920
1879,1921
1880,1881
1880,1921
1880,1922
1881,1882
1881,1922
1881,1923
1882,1883
1882,1923
1882,1924
1883,1884
1883,1924
1883,1925
1884,1885
1884,1925
1884,1926
1885,1926
1886,1887
1886,1927
1886,1928
1887,1888
1887,1928
1887,1929
1888,1889
1888,1929
1888,1930
1889,1890
1889,1930
1889,1931
1890,1891
1890,1931
1890,1932
1891,1892
1891,1932
1891,1933
1892,1893
1892,1933
1892,1934
1893,1894
1893,1934
1893,1935
1894,1895
1894,1935
1894,1936
1895,1896
1895,1936
1895,1937
1896,1897
1896,1937
1896,1938
1897,1898
1897,1938
1897,1939
1898,1899
1898,1939
1898,1940
1899,1900
1899,1940
1899,1941
1900,1901
1900,1941
1900,1942
1901,1902
1901,1942
1901,1943
1902,1903
1902,1943
1902,1944
1903,1904
1903,1944
1903,1945
1904,1905
1904,1945
1904,1946
1905,1906
1905,1946
1905,1947
1906,1907
1906,1947
1906,1948
1907,1908
1907,1948
1907,1949
1908,1909
1908,1949
1908,1950
1909,1910
1909,1950
1909,1951
1910,1911
1910,1951
1910,1952
1911,1912
1911,1952
1911,1953
1912,1913
1912,1953
1912,1954
1913,1914
1913,1954
1913,1955
1914,1915
1914,1955
1914,1956
1915,1916
1915,1956
1915,1957
1916,1917
1916,1957
1916,1958
1917,1918
1917,1958
1917,1959
1918,1919
1918,1959
1918,1960
1919,1920
1919,1960
1919,1961
1920,1921
1920,1961
1920,1962
1921,1922
1921,1962
1921,1963
1922,1923
1922,1963
1922,1964
1923,1924
1923,1964
1923,1965
1924,1925
1924,1965
1924,1966
1925,1926
1925,1966
1925,1967
1926,1967
1927,1928
1927,1968
1927,1969
1928,1929
1928,1969
1928,1970
1929,1930
1929,1970
1929,1971
1930,1931
1930,1971
1930,1972
1931,1932
1931,1972
1931,1973
1932,1933
1932,1973
1932,1974
1933,1934
1933,1974
1933,1975
1934,1935
1934,1975
1934,1976
1935,1936
1935,1976
1935,1977
1936,1937
1936,1977
1936,1978
1937,1938
1937,1978
1937,1979
1938,1939
1938,1979
1938,1980
1939,1940
1939,1980
1939,1981
1940,1941
1940,1981
1940,1982
1941,1942
1941,1982
1941,1983
1942,1943
1942,1983
1942,1984
1943,1944
1943,1984
1943,1985
1944,1945
1944,1985
1944,1986
1945,1946
1945,1986
1945,1987
1946,1947
1946,1987
1946,1988
1947,1948
1947,1988
1947,1989
1948,1949
1948,1989
1948,1990
1949,1950
1949,1990
1949,1991
1950,1951
1950,1991
1950,1992
1951,1952
1951,1992
1951,1993
1952,1953
1952,1993
1952,1994
1953,1954
1953,1994
1953,1995
1954,1955
1954,1995
1954,1996
1955,1956
1955,1996
1955,1997
1956,1957
1956,1997
1956,1998
1957,1958
1957,1998
1957,1999
1958,1959
1958,1999
1958,2000
1959,1960
1959,2000
1959,2001
1960,1961
1960,2001
1960,2002
1961,1962
1961,2002
1961,2003
1962,1963
1962,2003
1962,2004
1963,1964
1963,2004
1963,2005
1964,1965
1964,2005
1964,2006
1965,1966
1965,2006
1965,2007
1966,1967
1966,2007
1966,2008
1967,2008
1968,1969
1968,2009
1968,2010
1969,1970
1969,2010
1969,2011
1970,1971
1970,2011
1970,2012
1971,1972
1971,2012
1971,2013
1972,1973
1972,2013
1972,2014
1973,1974
1973,2014
1973,2015
1974,1975
1974,2015
1974,2016
1975,1976
1975,2016
1975,2017
1976,1977
1976,2017
1976,2018
1977,1978
1977,2018
1977,2019
1978,1979
1978,2019
1978,2020
1979,1980
1979,2020
1979,2021
1980,1981
1980,2021
1980,2022
1981,1982
1981,2022
1981,2023
1982,1983
1982,2023
1982,2024
1983,1984
1983,2024
1983,2025
1984,1985
1984,2025
1984,2026
1985,1986
1985,2026
1985,2027
1986,1987
1986,2027
1986,2028
1987,1988
1987,2028
1987,2029
1988,1989
1988,2029
1988,2030
1989,1990
1989,2030
1989,2031
1990,1991
1990,2031
1990,2032
1991,1992
1991,2032
1991,2033
1992,1993
1992,2033
1992,2034
1993,1994
1993,2034
1993,2035
1994,1995
1994,2035
1994,2036
1995,1996
1995,2036
1995,2037
1996,1997
1996,2037
1996,2038
1997,1998
1997,2038
1997,2039
1998,1999
1998,2039
1998,2040
1999,2000
1999,2040
1999,2041
2000,2001
2000,2041
2000,2042
2001,2002
2001,2042
2001,2043
2002,2003
2002,2043
2002,2044
2003,2004
2003,2044
2003,2045
2004,2005
2004,2045
2004,2046
2005,2006
2005,2046
2005,2047
2006,2007
2006,2047
2006,2048
2007,2008
2007,2048
2007,2049
2008,2049
2009,2010
2009,2050
2009,2051
2010,2011
2010,2051
2010,2052
2011,2012
2011,2052
2011,2053
2012,2013
2012,2053
2012,2054
2013,2014
2013,2054
2013,2055
2014,2015
2014,2055
2014,2056
2015,2016
2015,2056
2015,2057
2016,2017
2016,2057
2016,2058
2017,2018
2017,2058
2017,2059
2018,2019
2018,2059
2018,2060
2019,2020
2019,2060
2019,2061
2020,2021
2020,2061
2020,2062
2021,2022
2021,2062
2021,2063
2022,2023
2022,2063
2022,2064
2023,2024
2023,2064
2023,2065
2024,2025
2024,2065
2024,2066
2025,2026
2025,2066
2025,2067
2026,2027
2026,2067
2026,2068
2027,2028
2027,2068
2027,2069
2028,2029
2028,2069
2028,2070
2029,2030
2029,2070
2029,2071
2030,2031
2030,2071
2030,2072
2031,2032
2031,2072
2031,2073
2032,2033
2032,2073
2032,2074
2033,2034
2033,2074
2033,2075
2034,2035
2034,2075
2034,2076
2035,2036
2035,2076
2035,2077
2036,2037
2036,2077
2036,2078
2037,2038
2037,2078
2037,2079
2038,2039
2038,2079
2038,2080
2039,2040
2039,2080
2039,2081
2040,2041
2040,2081
2040,2082
2041,2042
2041,2082
2041,2083
2042,2043
2042,2083
2042,2084
2043,2044
2043,2084
2043,2085
2044,2045
2044,2085
2044,2086
2045,2046
2045,2086
2045,2087
2046,2047
2046,2087
2046,2088
2047,2048
2047,2088
2047,2089
2048,2049
2048,2089
2048,2090
2049,2090
2050,2051
2050,2091
2050,2092
2051,2052
2051,2092
2051,2093
2052,2053
2052,2093
2052,2094
2053,2054
2053,2094
2053,2095
2054,2055
2054,2095
2054,2096
2055,2056
2055,2096
2055,2097
2056,2057
2056,2097
2056,2098
2057,2058
2057,2098
2057,2099
2058,2059
2058,2099
2058,2100
2059,2060
2059,2100
2059,2101
2060,2061
2060,2101
2060,2102
2061,2062
2061,2102
2061,2103
2062,2063
2062,2103
2062,2104
2063,2064
2063,2104
2063,2105
2064,2065
2064,2105
2064,2106
2065,2066
2065,2106
2065,2107
2066,2067
2066,2107
2066,2108
2067,2068
2067,2108
2067,2109
2068,2069
2068,2109
2068,2110
2069,2070
2069,2110
2069,2111
2070,2071
2070,2111
2070,2112
2071,2072
2071,2112
2071,2113
2072,2073
2072,2113
2072,2114
2073,2074
2073,2114
2073,2115
2074,2075
2074,2115
2074,2116
2075,2076
2075,2116
2075,2117
2076,2077
2076,2117
2076,2118
2077,2078
2077,2118
2077,2119
2078,2079
2078,2119
2078,2120
2079,2080
2079,2120
2079,2121
2080,2081
2080,2121
2080,2122
2081,2082
2081,2122
2081,2123
2082,2083
2082,2123
2082,2124
2083,2084
2083,2124
2083,2125
2084,2085
2084,2125
2084,2126
2085,2086
2085,2126
2085,2127
2086,2087
2086,2127
2086,2128
2087,2088
2087,2128
2087,2129
2088,2089
2088,2129
2088,2130
2089,2090
2089,2130
2089,2131
2090,2131
2091,2092
2091,2132
2091,2133
2092,2093
2092,2133
2092,2134
2093,2094
2093,2134
2093,2135
2094,2095
2094,2135
2094,2136
2095,2096
2095,2136
2095,2137
2096,2097
2096,2137
2096,2138
2097,2098
2097,2138
2097,2139
2098,2099
2098,2139
2098,2140
2099,2100
2099,2140
2099,2141
2100,2101
2100,2141
2100,2142
2101,2102
2101,2142
2101,2143
2102,2103
2102,2143
2102,2144
2103,2104
2103,2144
2103,2145
2104,2105
2104,2145
2104,2146
2105,2106
2105,2146
2105,2147
2106,2107
2106,2147
2106,2148
2107,2108
2107,2148
2107,2149
2108,2109
2108,2149
2108,2150
2109,2110
2109,2150
2109,2151
2110,2111
2110,2151
2110,2152
2111,2112
2111,2152
2111,2153
2112,2113
2112,2153
2112,2154
2113,2114
2113,2154
2113,2155
2114,2115
2114,2155
2114,2156
2115,2116
2115,2156
2115,2157
2116,2117
2116,2157
2116,2158
2117,2118
2117,2158
2117,2159
2118,2119
2118,2159
2118,2160
2119,2120
2119,2160
2119,2161
2120,2121
2120,2161
2120,2162
2121,2122
2121,2162
2121,2163
2122,2123
2122,2163
2122,2164
2123,2124
2123,2164
2123,2165
2124,2125
2124,2165
2124,2166
2125,2126
2125,2166
2125,2167
2126,2127
2126,2167
2126,2168
2127,2128
2127,2168
2127,2169
2128,2129
2128,2169
2128,2170
2129,2130
2129,2170
2129,2171
2130,2131
2130,2171
2130,2172
2131,2172
2132,2133
2132,2173
2132,2174
2133,2134
2133,2174
2133,2175
2134,2135
2134,2175
2134,2176
2135,2136
2135,2176
2135,2177
2136,2137
2136,2177
2136,2178
2137,2138
2137,2178
2137,2179
2138,2139
2138,2179
2138,2180
2139,2140
2139,2180
2139,2181
2140,2141
2140,2181
2140,2182
2141,2142
2141,2182
2141,2183
2142,2143
2142,2183
2142,2184
2143,2144
2143,2184
2143,2185
2144,2145
2144,2185
2144,2186
2145,2146
2145,2186
2145,2187
2146,2147
2146,2187
2146,2188
2147,2148
2147,2188
2147,2189
2148,2149
2148,2189
2148,2190
2149,2150
2149,2190
2149,2191
2150,2151
2150,2191
2150,2192
2151,2152
2151,2192
2151,2193
2152,2153
2152,2193
2152,2194
2153,2154
2153,2194
2153,2195
2154,2155
2154,2195
2154,2196
2155,2156
2155,2196
2155,2197
2156,2157
2156,2197
2156,2198
2157,2158
2157,2198
2157,2199
2158,2159
2158,2199
2158,2200
2159,2160
2159,2200
2159,2201
2160,2161
2160,2201
2160,2202
2161,2162
2161,2202
2161,2203
2162,2163
2162,2203
2162,2204
2163,2164
2163,2204
2163,2205
2164,2165
2164,2205
2164,2206
2165,2166
2165,2206
2165,2207
2166,2167
2166,2207
2166,2208
2167,2168
2167,2208
2167,2209
2168,2169
2168,2209
2168,2210
2169,2170
2169,2210
2169,2211
2170,2171
2170,2211
2170,2212
2171,2172
2171,2212
2171,2213
2172,2213
2173,2174
2173,2214
2173,2215
2174,2175
2174,2215
2174,2216
2175,2176
2175,2216
2175,2217
2176,2177
2176,2217
2176,2218
2177,2178
2177,2218
2177,2219
2178,2179
2178,2219
2178,2220
2179,2180
2179,2220
2179,2221
2180,2181
2180,2221
2180,2222
2181,2182
2181,2222
2181,2223
2182,2183
2182,2223
2182,2224
2183,2184
2183,2224
2183,2225
2184,2185
2184,2225
2184,2226
2185,2186
2185,2226
2185,2227
2186,2187
2186,2227
2186,2228
2187,2188
2187,2228
2187,2229
2188,2189
2188,2229
2188,2230
2189,2190
2189,2230
2189,2231
2190,2191
2190,2231
2190,2232
2191,2192
2191,2232
2191,2233
2192,2193
2192,2233
2192,2234
2193,2194
2193,2234
2193,2235
2194,2195
2194,2235
2194,2236
2195,2196
2195,2236
2195,2237
2196,2197
2196,2237
2196,2238
2197,2198
2197,2238
2197,2239
2198,2199
2198,2239
2198,2240
2199,2200
2199,2240
2199,2241
2200,2201
2200,2241
2200,2242
2201,2202
2201,2242
2201,2243
2202,2203
2202,2243
2202,2244
2203,2204
2203,2244
2203,2245
2204,2205
2204,2245
2204,2246
2205,2206
2205,2246
2205,2247
2206,2207
2206,2247
2206,2248
2207,2208
2207,2248
2207,2249
2208,2209
2208,2249
2208,2250
2209,2210
2209,2250
2209,2251
2210,2211
2210,2251
2210,2252
2211,2212
2211,2252
2211,2253
2212,2213
2212,2253
2212,2254
2213,2254
2214,2215
2214,2255
2214,2256
2215,2216
2215,2256
2215,2257
2216,2217
2216,2257
2216,2258
2217,2218
2217,2258
2217,2259
2218,2219
2218,2259
2218,2260
2219,2220
2219,2260
2219,2261
2220,2221
2220,2261
2220,2262
2221,2222
2221,2262
2221,2263
2222,2223
2222,2263
2222,2264
2223,2224
2223,2264
2223,2265
2224,2225
2224,2265
2224,2266
2225,2226
2225,2266
2225,2267
2226,2227
2226,2267
2226,2268
2227,2228
2227,2268
2227,2269
2228,2229
2228,2269
2228,2270
2229,2230
2229,2270
2229,2271
2230,2231
2230,2271
2230,2272
2231,2232
2231,2272
2231,2273
2232,2233
2232,2273
2232,2274
2233,2234
2233,2274
2233,2275
2234,2235
2234,2275
2234,2276
2235,2236
2235,2276
2235,2277
2236,2237
2236,2277
2236,2278
2237,2238
2237,2278
2237,2279
2238,2239
2238,2279
2238,2280
2239,2240
2239,2280
2239,2281
2240,2241
2240,2281
2240,2282
2241,2242
2241,2282
2241,2283
2242,2243
2242,2283
2242,2284
2243,2244
2243,2284
2243,2285
2244,2245
2244,2285
2244,2286
2245,2246
2245,2286
2245,2287
2246,2247
2246,2287
2246,2288
2247,2248
2247,2288
2247,2289
2248,2249
2248,2289
2248,2290
2249,2250
2249,2290
2249,2291
2250,2251
2250,2291
2250,2292
2251,2252
2251,2292
2251,2293
2252,2253
2252,2293
2252,2294
2253,2254
2253,2294
2253,2295
2254,2295
2255,2256
2255,2296
2255,2297
2256,2257
2256,2297
2256,2298
2257,2258
2257,2298
2257,2299
2258,2259
2258,2299
2258,2300
2259,2260
2259,2300
2259,2301
2260,2261
2260,2301
2260,2302
2261,2262
2261,2302
2261,2303
2262,2263
2262,2303
2262,2304
2263,2264
2263,2304
2263,2305
2264,2265
2264,2305
2264,2306
2265,2266
2265,2306
2265,2307
2266,2267
2266,2307
2266,2308
2267,2268
2267,2308
2267,2309
2268,2269
2268,2309
2268,2310
2269,2270
2269,2310
2269,2311
2270,2271
2270,2311
2270,2312
2271,2272
2271,2312
2271,2313
2272,2273
2272,2313
2272,2314
2273,2274
2273,2314
2273,2315
2274,2275
2274,2315
2274,2316
2275,2276
2275,2316
2275,2317
2276,2277
2276,2317
2276,2318
2277,2278
2277,2318
2277,2319
2278,2279
2278,2319
2278,2320
2279,2280
2279,2320
2279,2321
2280,2281
2280,2321
2280,2322
2281,2282
2281,2322
2281,2323
2282,2283
2282,2323
2282,2324
2283,2284
2283,2324
2283,2325
2284,2285
2284,2325
2284,2326
2285,2286
2285,2326
2285,2327
2286,2287
2286,2327
2286,2328
2287,2288
2287,2328
2287,2329
2288,2289
2288,2329
2288,2330
2289,2290
2289,2330
2289,2331
2290,2291
2290,2331
2290,2332
2291,2292
2291,2332
2291,2333
2292,2293
2292,2333
2292,2334
2293,2294
2293,2334
2293,2335
2294,2295
2294,2335
2294,2336
2295,2336
2296,2297
2296,2337
2296,2338
2297,2298
2297,2338
2297,2339
2298,2299
2298,2339
2298,2340
2299,2300
2299,2340
2299,2341
2300,2301
2300,2341
2300,2342
2301,2302
2301,2342
2301,2343
2302,2303
2302,2343
2302,2344
2303,2304
2303,2344
2303,2345
2304,2305
2304,2345
2304,2346
2305,2306
2305,2346
2305,2347
2306,2307
2306,2347
2306,2348
2307,2308
2307,2348
2307,2349
2308,2309
2308,2349
2308,2350
2309,2310
2309,2350
2309,2351
2310,2311
2310,2351
2310,2352
2311,2312
2311,2352
2311,2353
2312,2313
2312,2353
2312,2354
2313,2314
2313,2354
2313,2355
2314,2315
2314,2355
2314,2356
2315,2316
2315,2356
2315,2357
2316,2317
2316,2357
2316,2358
2317,2318
2317,2358
2317,2359
2318,2319
2318,2359
2318,2360
2319,2320
2319,2360
2319,2361
2320,2321
2320,2361
2320,2362
2321,2322
2321,2362
2321,2363
2322,2323
2322,2363
2322,2364
2323,2324
2323,2364
2323,2365
2324,2325
2324,2365
2324,2366
2325,2326
2325,2366
2325,2367
2326,2327
2326,2367
2326,2368
2327,2328
2327,2368
2327,2369
2328,2329
2328,2369
2328,2370
2329,2330
2329,2370
2329,2371
2330,2331
2330,2371
2330,2372
2331,2332
2331,2372
2331,2373
2332,2333
2332,2373
2332,2374
2333,2334
2333,2374
2333,2375
2334,2335
2334,2375
2334,2376
2335,2336
2335,2376
2335,2377
2336,2377
2337,2338
2337,2378
2337,2379
2338,2339
2338,2379
2338,2380
2339,2340
2339,2380
2339,2381
2340,2341
2340,2381
2340,2382
2341,2342
2341,2382
2341,2383
2342,2343
2342,2383
2342,2384
2343,2344
2343,2384
2343,2385
2344,2345
2344,2385
2344,2386
2345,2346
2345,2386
2345,2387
2346,2347
2346,2387
2346,2388
2347,2348
2347,2388
2347,2389
2348,2349
2348,2389
2348,2390
2349,2350
2349,2390
2349,2391
2350,2351
2350,2391
2350,2392
2351,2352
2351,2392
2351,2393
2352,2353
2352,2393
2352,2394
2353,2354
2353,2394
2353,2395
2354,2355
2354,2395
2354,2396
2355,2356
2355,2396
2355,2397
2356,2357
2356,2397
2356,2398
2357,2358
2357,2398
2357,2399
2358,2359
2358,2399
2358,2400
2359,2360
2359,2400
2359,2401
2360,2361
2360,2401
2360,2402
2361,2362
2361,2402
2361,2403
2362,2363
2362,2403
2362,2404
2363,2364
2363,2404
2363,2405
2364,2365
2364,2405
2364,2406
2365,2366
2365,2406
2365,2407
2366,2367
2366,2407
2366,2408
2367,2368
2367,2408
2367,2409
2368,2369
2368,2409
2368,2410
2369,2370
2369,2410
2369,2411
2370,2371
2370,2411
2370,2412
2371,2372
2371,2412
2371,2413
2372,2373
2372,2413
2372,2414
2373,2374
2373,2414
2373,2415
2374,2375
2374,2415
2374,2416
2375,2376
2375,2416
2375,2417
2376,2377
2376,2417
2376,2418
2377,2418
2378,2379
2378,2419
2378,2420
2379,2380
2379,2420
2379,2421
2380,2381
2380,2421
2380,2422
2381,2382
2381,2422
2381,2423
2382,2383
2382,2423
2382,2424
2383,2384
2383,2424
2383,2425
2384,2385
2384,2425
2384,2426
2385,2386
2385,2426
2385,2427
2386,2387
2386,2427
2386,2428
2387,2388
2387,2428
2387,2429
2388,2389
2388,2429
2388,2430
2389,2390
2389,2430
2389,2431
2390,2391
2390,2431
2390,2432
2391,2392
2391,2432
2391,2433
2392,2393
2392,2433
2392,2434
2393,2394
2393,2434
2393,2435
2394,2395
2394,2435
2394,2436
2395,2396
2395,2436
2395,2437
2396,2397
2396,2437
2396,2438
2397,2398
2397,2438
2397,2439
2398,2399
2398,2439
2398,2440
2399,2400
2399,2440
2399,2441
2400,2401
2400,2441
2400,2442
2401,2402
2401,2442
2401,2443
2402,2403
2402,2443
2402,2444
2403,2404
2403,2444
2403,2445
2404,2405
2404,2445
2404,2446
2405,2406
2405,2446
2405,2447
2406,2407
2406,2447
2406,2448
2407,2408
2407,2448
2407,2449
2408,2409
2408,2449
2408,2450
2409,2410
2409,2450
2409,2451
2410,2411
2410,2451
2410,2452
2411,2412
2411,2452
2411,2453
2412,2413
2412,2453
2412,2454
2413,2414
2413,2454
2413,2455
2414,2415
2414,2455
2414,2456
2415,2416
2415,2456
2415,2457
2416,2417
2416,2457
2416,2458
2417,2418
2417,2458
2417,2459
2418,2459
2419,2420
2419,2460
2419,2461
2420,2421
2420,2461
2420,2462
2421,2422
2421,2462
2421,2463
2422,2423
2422,2463
2422,2464
2423,2424
2423,2464
2423,2465
2424,2425
2424,2465
2424,2466
2425,2426
2425,2466
2425,2467
2426,2427
2426,2467
2426,2468
2427,2428
2427,2468
2427,2469
2428,2429
2428,2469
2428,2470
2429,2430
2429,2470
2429,2471
2430,2431
2430,2471
2430,2472
2431,2432
2431,2472
2431,2473
2432,2433
2432,2473
2432,2474
2433,2434
2433,2474
2433,2475
2434,2435
2434,2475
2434,2476
2435,2436
2435,2476
2435,2477
2436,2437
2436,2477
2436,2478
2437,2438
2437,2478
2437,2479
2438,2439
2438,2479
2438,2480
2439,2440
2439,2480
2439,2481
2440,2441
2440,2481
2440,2482
2441,2442
2441,2482
2441,2483
2442,2443
2442,2483
2442,2484
2443,2444
2443,2484
2443,2485
2444,2445
2444,2485
2444,2486
2445,2446
2445,2486
2445,2487
2446,2447
2446,2487
2446,2488
2447,2448
2447,2488
2447,2489
2448,2449
2448,2489
2448,2490
2449,2450
2449,2490
2449,2491
2450,2451
2450,2491
2450,2492
2451,2452
2451,2492
2451,2493
2452,2453
2452,2493
2452,2494
2453,2454
2453,2494
2453,2495
2454,2455
2454,2495
2454,2496
2455,2456
2455,2496
2455,2497
2456,2457
2456,2497
2456,2498
2457,2458
2457,2498
2457,2499
2458,2459
2458,2499
2458,2500
2459,2500
2460,2461
2460,2501
2460,2502
2461,2462
2461,2502
2461,2503
2462,2463
2462,2503
2462,2504
2463,2464
2463,2504
2463,2505
2464,2465
2464,2505
2464,2506
2465,2466
2465,2506
2465,2507
2466,2467
2466,2507
2466,2508
2467,2468
2467,2508
2467,2509
2468,2469
2468,2509
2468,2510
2469,2470
2469,2510
2469,2511
2470,2471
2470,2511
2470,2512
2471,2472
2471,2512
2471,2513
2472,2473
2472,2513
2472,2514
2473,2474
2473,2514
2473,2515
2474,2475
2474,2515
2474,2516
2475,2476
2475,2516
2475,2517
2476,2477
2476,2517
2476,2518
2477,2478
2477,2518
2477,2519
2478,2479
2478,2519
2478,2520
2479,2480
2479,2520
2479,2521
2480,2481
2480,2521
2480,2522
2481,2482
2481,2522
2481,2523
2482,2483
2482,2523
2482,2524
2483,2484
2483,2524
2483,2525
2484,2485
2484,2525
2484,2526
2485,2486
2485,2526
2485,2527
2486,2487
2486,2527
2486,2528
2487,2488
2487,2528
2487,2529
2488,2489
2488,2529
2488,2530
2489,2490
2489,2530
2489,2531
2490,2491
2490,2531
2490,2532
2491,2492
2491,2532
2491,2533
2492,2493
2492,2533
2492,2534
2493,2494
2493,2534
2493,2535
2494,2495
2494,2535
2494,2536
2495,2496
2495,2536
2495,2537
2496,2497
2496,2537
2496,2538
2497,2498
2497,2538
2497,2539
2498,2499
2498,2539
2498,2540
2499,2500
2499,2540
2499,2541
2500,2541
2501,2502
2501,2542
2501,2543
2502,2503
2502,2543
2502,2544
2503,2504
2503,2544
2503,2545
2504,2505
2504,2545
2504,2546
2505,2506
2505,2546
2505,2547
2506,2507
2506,2547
2506,2548
2507,2508
2507,2548
2507,2549
2508,2509
2508,2549
2508,2550
2509,2510
2509,2550
2509,2551
2510,2511
2510,2551
2510,2552
2511,2512
2511,2552
2511,2553
2512,2513
2512,2553
2512,2554
2513,2514
2513,2554
2513,2555
2514,2515
2514,2555
2514,2556
2515,2516
2515,2556
2515,2557
2516,2517
2516,2557
2516,2558
2517,2518
2517,2558
2517,2559
2518,2519
2518,2559
2518,2560
2519,2520
2519,2560
2519,2561
2520,2521
2520,2561
2520,2562
2521,2522
2521,2562
2521,2563
2522,2523
2522,2563
2522,2564
2523,2524
2523,2564
2523,2565
2524,2525
2524,2565
2524,2566
2525,2526
2525,2566
2525,2567
2526,2527
2526,2567
2526,2568
2527,2528
2527,2568
2527,2569
2528,2529
2528,2569
2528,2570
2529,2530
2529,2570
2529,2571
2530,2531
2530,2571
2530,2572
2531,2532
2531,2572
2531,2573
2532,2533
2532,2573
2532,2574
2533,2534
2533,2574
2533,2575
2534,2535
2534,2575
2534,2576
2535,2536
2535,2576
2535,2577
2536,2537
2536,2577
2536,2578
2537,2538
2537,2578
2537,2579
2538,2539
2538,2579
2538,2580
2539,2540
2539,2580
2539,2581
2540,2541
2540,2581
2540,2582
2541,2582
2542,2543
2542,2583
2542,2584
2543,2544
2543,2584
2543,2585
2544,2545
2544,2585
2544,2586
2545,2546
2545,2586
2545,2587
2546,2547
2546,2587
2546,2588
2547,2548
2547,2588
2547,2589
2548,2549
2548,2589
2548,2590
2549,2550
2549,2590
2549,2591
2550,2551
2550,2591
2550,2592
2551,2552
2551,2592
2551,2593
2552,2553
2552,2593
2552,2594
2553,2554
2553,2594
2553,2595
2554,2555
2554,2595
2554,2596
2555,2556
2555,2596
2555,2597
2556,2557
2556,2597
2556,2598
2557,2558
2557,2598
2557,2599
2558,2559
2558,2599
2558,2600
2559,2560
2559,2600
2559,2601
2560,2561
2560,2601
2560,2602
2561,2562
2561,2602
2561,2603
2562,2563
2562,2603
2562,2604
2563,2564
2563,2604
2563,2605
2564,2565
2564,2605
2564,2606
2565,2566
2565,2606
2565,2607
2566,2567
2566,2607
2566,2608
2567,2568
2567,2608
2567,2609
2568,2569
2568,2609
2568,2610
2569,2570
2569,2610
2569,2611
2570,2571
2570,2611
2570,2612
2571,2572
2571,2612
2571,2613
2572,2573
2572,2613
2572,2614
2573,2574
2573,2614
2573,2615
2574,2575
2574,2615
2574,2616
2575,2576
2575,2616
2575,2617
2576,2577
2576,2617
2576,2618
2577,2578
2577,2618
2577,2619
2578,2579
2578,2619
2578,2620
2579,2580
2579,2620
2579,2621
2580,2581
2580,2621
2580,2622
2581,2582
2581,2622
2581,2623
2582,2623
2583,2584
2583,2624
2583,2625
2584,2585
2584,2625
2584,2626
2585,2586
2585,2626
2585,2627
2586,2587
2586,2627
2586,2628
2587,2588
2587,2628
2587,2629
2588,2589
2588,2629
2588,2630
2589,2590
2589,2630
2589,2631
2590,2591
2590,2631
2590,2632
2591,2592
2591,2632
2591,2633
2592,2593
2592,2633
2592,2634
2593,2594
2593,2634
2593,2635
2594,2595
2594,2635
2594,2636
2595,2596
2595,2636
2595,2637
2596,2597
2596,2637
2596,2638
2597,2598
2597,2638
2597,2639
2598,2599
2598,2639
2598,2640
2599,2600
2599,2640
2599,2641
2600,2601
2600,2641
2600,2642
2601,2602
2601,2642
2601,2643
2602,2603
2602,2643
2602,2644
2603,2604
2603,2644
2603,2645
2604,2605
2604,2645
2604,2646
2605,2606
2605,2646
2605,2647
2606,2607
2606,2647
2606,2648
2607,2608
2607,2648
2607,2649
2608,2609
2608,2649
2608,2650
2609,2610
2609,2650
2609,2651
2610,2611
2610,2651
2610,2652
2611,2612
2611,2652
2611,2653
2612,2613
2612,2653
2612,2654
2613,2614
2613,2654
2613,2655
2614,2615
2614,2655
2614,2656
2615,2616
2615,2656
2615,2657
2616,2617
2616,2657
2616,2658
2617,2618
2617,2658
2617,2659
2618,2619
2618,2659
2618,2660
2619,2620
2619,2660
2619,2661
2620,2621
2620,2661
2620,2662
2621,2622
2621,2662
2621,2663
2622,2623
2622,2663
2622,2664
2623,2664
2624,2625
2624,2665
2624,2666
2625,2626
2625,2666
2625,2667
2626,2627
2626,2667
2626,2668
2627,2628
2627,2668
2627,2669
2628,2629
2628,2669
2628,2670
2629,2630
2629,2670
2629,2671
2630,2631
2630,2671
2630,2672
2631,2632
2631,2672
2631,2673
2632,2633
2632,2673
2632,2674
2633,2634
2633,2674
2633,2675
2634,2635
2634,2675
2634,2676
2635,2636
2635,2676
2635,2677
2636,2637
2636,2677
2636,2678
2637,2638
2637,2678
2637,2679
2638,2639
2638,2679
2638,2680
2639,2640
2639,2680
2639,2681
2640,2641
2640,2681
2640,2682
2641,2642
2641,2682
2641,2683
2642,2643
2642,2683
2642,2684
2643,2644
2643,2684
2643,2685
2644,2645
2644,2685
2644,2686
2645,2646
2645,2686
2645,2687
2646,2647
2646,2687
2646,2688
2647,2648
2647,2688
2647,2689
2648,2649
2648,2689
2648,2690
2649,2650
2649,2690
2649,2691
2650,2651
2650,2691
2650,2692
2651,2652
2651,2692
2651,2693
2652,2653
2652,2693
2652,2694
2653,2654
2653,2694
2653,2695
2654,2655
2654,2695
2654,2696
2655,2656
2655,2696
2655,2697
2656,2657
2656,2697
2656,2698
2657,2658
2657,2698
2657,2699
2658,2659
2658,2699
2658,2700
2659,2660
2659,2700
2659,2701
2660,2661
2660,2701
2660,2702
2661,2662
2661,2702
2661,2703
2662,2663
2662,2703
2662,2704
2663,2664
2663,2704
2663,2705
2664,2705
2665,2666
2665,2706
2665,2707
2666,2667
2666,2707
2666,2708
2667,2668
2667,2708
2667,2709
2668,2669
2668,2709
2668,2710
2669,2670
2669,2710
2669,2711
2670,2671
2670,2711
2670,2712
2671,2672
2671,2712
2671,2713
2672,2673
2672,2713
2672,2714
2673,2674
2673,2714
2673,2715
2674,2675
2674,2715
2674,2716
2675,2676
2675,2716
2675,2717
2676,2677
2676,2717
2676,2718
2677,2678
2677,2718
2677,2719
2678,2679
2678,2719
2678,2720
2679,2680
2679,2720
2679,2721
2680,2681
2680,2721
2680,2722
2681,2682
2681,2722
2681,2723
2682,2683
2682,2723
2682,2724
2683,2684
2683,2724
2683,2725
2684,2685
2684,2725
2684,2726
2685,2686
2685,2726
2685,2727
2686,2687
2686,2727
2686,2728
2687,2688
2687,2728
2687,2729
2688,2689
2688,2729
2688,2730
2689,2690
2689,2730
2689,2731
2690,2691
2690,2731
2690,2732
2691,2692
2691,2732
2691,2733
2692,2693
2692,2733
2692,2734
2693,2694
2693,2734
2693,2735
2694,2695
2694,2735
2694,2736
2695,2696
2695,2736
2695,2737
2696,2697
2696,2737
2696,2738
2697,2698
2697,2738
2697,2739
2698,2699
2698,2739
2698,2740
2699,2700
2699,2740
2699,2741
2700,2701
2700,2741
2700,2742
2701,2702
2701,2742
2701,2743
2702,2703
2702,2743
2702,2744
2703,2704
2703,2744
2703,2745
2704,2705
2704,2745
2704,2746
2705,2746
2706,2707
2706,2747
2706,2748
2707,2708
2707,2748
2707,2749
2708,2709
2708,2749
2708,2750
2709,2710
2709,2750
2709,2751
2710,2711
2710,2751
2710,2752
2711,2712
2711,2752
2711,2753
2712,2713
2712,2753
2712,2754
2713,2714
2713,2754
2713,2755
2714,2715
2714,2755
2714,2756
2715,2716
2715,2756
2715,2757
2716,2717
2716,2757
2716,2758
2717,2718
2717,2758
2717,2759
2718,2719
2718,2759
2718,2760
2719,2720
2719,2760
2719,2761
2720,2721
2720,2761
2720,2762
2721,2722
2721,2762
2721,2763
2722,2723
2722,2763
2722,2764
2723,2724
2723,2764
2723,2765
2724,2725
2724,2765
2724,2766
2725,2726
2725,2766
2725,2767
2726,2727
2726,2767
2726,2768
2727,2728
2727,2768
2727,2769
2728,2729
2728,2769
2728,2770
2729,2730
2729,2770
2729,2771
2730,2731
2730,2771
2730,2772
2731,2732
2731,2772
2731,2773
2732,2733
2732,2773
2732,2774
2733,2734
2733,2774
2733,2775
2734,2735
2734,2775
2734,2776
2735,2736
2735,2776
2735,2777
2736,2737
2736,2777
2736,2778
2737,2738
2737,2778
2737,2779
2738,2739
2738,2779
2738,2780
2739,2740
2739,2780
2739,2781
2740,2741
2740,2781
2740,2782
2741,2742
2741,2782
2741,2783
2742,2743
2742,2783
2742,2784
2743,2744
2743,2784
2743,2785
2744,2745
2744,2785
2744,2786
2745,2746
2745,2786
2745,2787
2746,2787
2747,2748
2747,2788
2747,2789
2748,2749
2748,2789
2748,2790
2749,2750
2749,2790
2749,2791
2750,2751
2750,2791
2750,2792
2751,2752
2751,2792
2751,2793
2752,2753
2752,2793
2752,2794
2753,2754
2753,2794
2753,2795
2754,2755
2754,2795
2754,2796
2755,2756
2755,2796
2755,2797
2756,2757
2756,2797
2756,2798
2757,2758
2757,2798
2757,2799
2758,2759
2758,2799
2758,2800
2759,2760
2759,2800
2759,2801
2760,2761
2760,2801
2760,2802
2761,2762
2761,2802
2761,2803
2762,2763
2762,2803
2762,2804
2763,2764
2763,2804
2763,2805
2764,2765
2764,2805
2764,2806
2765,2766
2765,2806
2765,2807
2766,2767
2766,2807
2766,2808
2767,2768
2767,2808
2767,2809
2768,2769
2768,2809
2768,2810
2769,2770
2769,2810
2769,2811
2770,2771
2770,2811
2770,2812
2771,2772
2771,2812
2771,2813
2772,2773
2772,2813
2772,2814
2773,2774
2773,2814
2773,2815
2774,2775
2774,2815
2774,2816
2775,2776
2775,2816
2775,2817
2776,2777
2776,2817
2776,2818
2777,2778
2777,2818
2777,2819
2778,2779
2778,2819
2778,2820
2779,2780
2779,2820
2779,2821
2780,2781
2780,2821
2780,2822
2781,2782
2781,2822
2781,2823
2782,2783
2782,2823
2782,2824
2783,2784
2783,2824
2783,2825
2784,2785
2784,2825
2784,2826
2785,2786
2785,2826
2785,2827
2786,2787
2786,2827
2786,2828
2787,2828
2788,2789
2788,2829
2788,2830
2789,2790
2789,2830
2789,2831
2790,2791
2790,2831
2790,2832
2791,2792
2791,2832
2791,2833
2792,2793
2792,2833
2792,2834
2793,2794
2793,2834
2793,2835
2794,2795
2794,2835
2794,2836
2795,2796
2795,2836
2795,2837
2796,2797
2796,2837
2796,2838
2797,2798
2797,2838
2797,2839
2798,2799
2798,2839
2798,2840
2799,2800
2799,2840
2799,2841
2800,2801
2800,2841
2800,2842
2801,2802
2801,2842
2801,2843
2802,2803
2802,2843
2802,2844
2803,2804
2803,2844
2803,2845
2804,2805
2804,2845
2804,2846
2805,2806
2805,2846
2805,2847
2806,2807
2806,2847
2806,2848
2807,2808
2807,2848
2807,2849
2808,2809
2808,2849
2808,2850
2809,2810
2809,2850
2809,2851
2810,2811
2810,2851
2810,2852
2811,2812
2811,2852
2811,2853
2812,2813
2812,2853
2812,2854
2813,2814
2813,2854
2813,2855
2814,2815
2814,2855
2814,2856
2815,2816
2815,2856
2815,2857
2816,2817
2816,2857
2816,2858
2817,2818
2817,2858
2817,2859
2818,2819
2818,2859
2818,2860
2819,2820
2819,2860
2819,2861
2820,2821
2820,2861
2820,2862
2821,2822
2821,2862
2821,2863
2822,2823
2822,2863
2822,2864
2823,2824
2823,2864
2823,2865
2824,2825
2824,2865
2824,2866
2825,2826
2825,2866
2825,2867
2826,2827
2826,2867
2826,2868
2827,2828
2827,2868
2827,2869
2828,2869
2829,2830
2829,2870
2829,2871
2830,2831
2830,2871
2830,2872
2831,2832
2831,2872
2831,2873
2832,2833
2832,2873
2832,2874
2833,2834
2833,2874
2833,2875
2834,2835
2834,2875
2834,2876
2835,2836
2835,2876
2835,2877
2836,2837
2836,2877
2836,2878
2837,2838
2837,2878
2837,2879
2838,2839
2838,2879
2838,2880
2839,2840
2839,2880
2839,2881
2840,2841
2840,2881
2840,2882
2841,2842
2841,2882
2841,2883
2842,2843
2842,2883
2842,2884
2843,2844
2843,2884
2843,2885
2844,2845
2844,2885
2844,2886
2845,2846
2845,2886
2845,2887
2846,2847
2846,2887
2846,2888
2847,2848
2847,2888
2847,2889
2848,2849
2848,2889
2848,2890
2849,2850
2849,2890
2849,2891
2850,2851
2850,2891
2850,2892
2851,2852
2851,2892
2851,2893
2852,2853
2852,2893
2852,2894
2853,2854
2853,2894
2853,2895
2854,2855
2854,2895
2854,2896
2855,2856
2855,2896
2855,2897
2856,2857
2856,2897
2856,2898
2857,2858
2857,2898
2857,2899
2858,2859
2858,2899
2858,2900
2859,2860
2859,2900
2859,2901
2860,2861
2860,2901
2860,2902
2861,2862
2861,2902
2861,2903
2862,2863
2862,2903
2862,2904
2863,2864
2863,2904
2863,2905
2864,2865
2864,2905
2864,2906
2865,2866
2865,2906
2865,2907
2866,2867
2866,2907
2866,2908
2867,2868
2867,2908
2867,2909
2868,2869
2868,2909
2868,2910
2869,2910
2870,2871
2870,2911
2870,2912
2871,2872
2871,2912
2871,2913
2872,2873
2872,2913
2872,2914
2873,2874
2873,2914
2873,2915
2874,2875
2874,2915
2874,2916
2875,2876
2875,2916
2875,2917
2876,2877
2876,2917
2876,2918
2877,2878
2877,2918
2877,2919
2878,2879
2878,2919
2878,2920
2879,2880
2879,2920
2879,2921
2880,2881
2880,2921
2880,2922
2881,2882
2881,2922
2881,2923
2882,2883
2882,2923
2882,2924
2883,2884
2883,2924
2883,2925
2884,2885
2884,2925
2884,2926
2885,2886
2885,2926
2885,2927
2886,2887
2886,2927
2886,2928
2887,2888
2887,2928
2887,2929
2888,2889
2888,2929
2888,2930
2889,2890
2889,2930
2889,2931
2890,2891
2890,2931
2890,2932
2891,2892
2891,2932
2891,2933
2892,2893
2892,2933
2892,2934
2893,2894
2893,2934
2893,2935
2894,2895
2894,2935
2894,2936
2895,2896
2895,2936
2895,2937
2896,2897
2896,2937
2896,2938
2897,2898
2897,2938
2897,2939
2898,2899
2898,2939
2898,2940
2899,2900
2899,2940
2899,2941
2900,2901
2900,2941
2900,2942
2901,2902
2901,2942
2901,2943
2902,2903
2902,2943
2902,2944
2903,2904
2903,2944
2903,2945
2904,2905
2904,2945
2904,2946
2905,2906
2905,2946
2905,2947
2906,2907
2906,2947
2906,2948
2907,2908
2907,2948
2907,2949
2908,2909
2908,2949
2908,2950
2909,2910
2909,2950
2909,2951
2910,2951
2911,2912
2911,2952
2911,2953
2912,2913
2912,2953
2912,2954
2913,2914
2913,2954
2913,2955
2914,2915
2914,2955
2914,2956
2915,2916
2915,2956
2915,2957
2916,2917
2916,2957
2916,2958
2917,2918
2917,2958
2917,2959
2918,2919
2918,2959
2918,2960
2919,2920
2919,2960
2919,2961
2920,2921
2920,2961
2920,2962
2921,2922
2921,2962
2921,2963
2922,2923
2922,2963
2922,2964
2923,2924
2923,2964
2923,2965
2924,2925
2924,2965
2924,2966
2925,2926
2925,2966
2925,2967
2926,2927
2926,2967
2926,2968
2927,2928
2927,2968
2927,2969
2928,2929
2928,2969
2928,2970
2929,2930
2929,2970
2929,2971
2930,2931
2930,2971
2930,2972
2931,2932
2931,2972
2931,2973
2932,2933
2932,2973
2932,2974
2933,2934
2933,2974
2933,2975
2934,2935
2934,2975
2934,2976
2935,2936
2935,2976
2935,2977
2936,2937
2936,2977
2936,2978
2937,2938
2937,2978
2937,2979
2938,2939
2938,2979
2938,2980
2939,2940
2939,2980
2939,2981
2940,2941
2940,2981
2940,2982
2941,2942
2941,2982
2941,2983
2942,2943
2942,2983
2942,2984
2943,2944
2943,2984
2943,2985
2944,2945
2944,2985
2944,2986
2945,2946
2945,2986
2945,2987
2946,2947
2946,2987
2946,2988
2947,2948
2947,2988
2947,2989
2948,2949
2948,2989
2948,2990
2949,2950
2949,2990
2949,2991
2950,2951
2950,2991
2950,2992
2951,2992
2952,2953
2952,2993
2952,2994
2953,2954
2953,2994
2953,2995
2954,2955
2954,2995
2954,2996
2955,2956
2955,2996
2955,2997
2956,2957
2956,2997
2956,2998
2957,2958
2957,2998
2957,2999
2958,2959
2958,2999
2958,3000
2959,2960
2959,3000
2959,3001
2960,2961
2960,3001
2960,3002
2961,2962
2961,3002
2961,3003
2962,2963
2962,3003
2962,3004
2963,2964
2963,3004
2963,3005
2964,2965
2964,3005
2964,3006
2965,2966
2965,3006
2965,3007
2966,2967
2966,3007
2966,3008
2967,2968
2967,3008
2967,3009
2968,2969
2968,3009
2968,3010
2969,2970
2969,3010
2969,3011
2970,2971
2970,3011
2970,3012
2971,2972
2971,3012
2971,3013
2972,2973
2972,3013
2972,3014
2973,2974
2973,3014
2973,3015
2974,2975
2974,3015
2974,3016
2975,2976
2975,3016
2975,3017
2976,2977
2976,3017
2976,3018
2977,2978
2977,3018
2977,3019
2978,2979
2978,3019
2978,3020
2979,2980
2979,3020
2979,3021
2980,2981
2980,3021
2980,3022
2981,2982
2981,3022
2981,3023
2982,2983
2982,3023
2982,3024
2983,2984
2983,3024
2983,3025
2984,2985
2984,3025
2984,3026
2985,2986
2985,3026
2985,3027
2986,2987
2986,3027
2986,3028
2987,2988
2987,3028
2987,3029
2988,2989
2988,3029
2988,3030
2989,2990
2989,3030
2989,3031
2990,2991
2990,3031
2990,3032
2991,2992
2991,3032
2991,3033
2992,3033
2993,2994
2993,3034
2993,3035
2994,2995
2994,3035
2994,3036
2995,2996
2995,3036
2995,3037
2996,2997
2996,3037
2996,3038
2997,2998
2997,3038
2997,3039
2998,2999
2998,3039
2998,3040
2999,3000
2999,3040
2999,3041
3000,3001
3000,3041
3000,3042
3001,3002
3001,3042
3001,3043
3002,3003
3002,3043
3002,3044
3003,3004
3003,3044
3003,3045
3004,3005
3004,3045
3004,3046
3005,3006
3005,3046
3005,3047
3006,3007
3006,3047
3006,3048
3007,3008
3007,3048
3007,3049
3008,3009
3008,3049
3008,3050
3009,3010
3009,3050
3009,3051
3010,3011
3010,3051
3010,3052
3011,3012
3011,3052
3011,3053
3012,3013
3012,3053
3012,3054
3013,3014
3013,3054
3013,3055
3014,3015
3014,3055
3014,3056
3015,3016
3015,3056
3015,3057
3016,3017
3016,3057
3016,3058
3017,3018
3017,3058
3017,3059
3018,3019
3018,3059
3018,3060
3019,3020
3019,3060
3019,3061
3020,3021
3020,3061
3020,3062
3021,3022
3021,3062
3021,3063
3022,3023
3022,3063
3022,3064
3023,3024
3023,3064
3023,3065
3024,3025
3024,3065
3024,3066
3025,3026
3025,3066
3025,3067
3026,3027
3026,3067
3026,3068
3027,3028
3027,3068
3027,3069
3028,3029
3028,3069
3028,3070
3029,3030
3029,3070
3029,3071
3030,3031
3030,3071
3030,3072
3031,3032
3031,3072
3031,3073
3032,3033
3032,3073
3032,3074
3033,3074
3034,3035
3034,3075
3034,3076
3035,3036
3035,3076
3035,3077
3036,3037
3036,3077
3036,3078
3037,3038
3037,3078
3037,3079
3038,3039
3038,3079
3038,3080
3039,3040
3039,3080
3039,3081
3040,3041
3040,3081
3040,3082
3041,3042
3041,3082
3041,3083
3042,3043
3042,3083
3042,3084
3043,3044
3043,3084
3043,3085
3044,3045
3044,3085
3044,3086
3045,3046
3045,3086
3045,3087
3046,3047
3046,3087
3046,3088
3047,3048
3047,3088
3047,3089
3048,3049
3048,3089
3048,3090
3049,3050
3049,3090
3049,3091
3050,3051
3050,3091
3050,3092
3051,3052
3051,3092
3051,3093
3052,3053
3052,3093
3052,3094
3053,3054
3053,3094
3053,3095
3054,3055
3054,3095
3054,3096
3055,3056
3055,3096
3055,3097
3056,3057
3056,3097
3056,3098
3057,3058
3057,3098
3057,3099
3058,3059
3058,3099
3058,3100
3059,3060
3059,3100
3059,3101
3060,3061
3060,3101
3060,3102
3061,3062
3061,3102
3061,3103
3062,3063
3062,3103
3062,3104
3063,3064
3063,3104
3063,3105
3064,3065
3064,3105
3064,3106
3065,3066
3065,3106
3065,3107
3066,3067
3066,3107
3066,3108
3067,3068
3067,3108
3067,3109
3068,3069
3068,3109
3068,3110
3069,3070
3069,3110
3069,3111
3070,3071
3070,3111
3070,3112
3071,3072
3071,3112
3071,3113
3072,3073
3072,3113
3072,3114
3073,3074
3073,3114
3073,3115
3074,3115
3075,3076
3075,3116
3075,3117
3076,3077
3076,3117
3076,3118
3077,3078
3077,3118
3077,3119
3078,3079
3078,3119
3078,3120
3079,3080
3079,3120
3079,3121
3080,3081
3080,3121
3080,3122
3081,3082
3081,3122
3081,3123
3082,3083
3082,3123
3082,3124
3083,3084
3083,3124
3083,3125
3084,3085
3084,3125
3084,3126
3085,3086
3085,3126
3085,3127
3086,3087
3086,3127
3086,3128
3087,3088
3087,3128
3087,3129
3088,3089
3088,3129
3088,3130
3089,3090
3089,3130
3089,3131
3090,3091
3090,3131
3090,3132
3091,3092
3091,3132
3091,3133
3092,3093
3092,3133
3092,3134
3093,3094
3093,3134
3093,3135
3094,3095
3094,3135
3094,3136
3095,3096
3095,3136
3095,3137
3096,3097
3096,3137
3096,3138
3097,3098
3097,3138
3097,3139
3098,3099
3098,3139
3098,3140
3099,3100
3099,3140
3099,3141
3100,3101
3100,3141
3100,3142
3101,3102
3101,3142
3101,3143
3102,3103
3102,3143
3102,3144
3103,3104
3103,3144
3103,3145
3104,3105
3104,3145
3104,3146
3105,3106
3105,3146
3105,3147
3106,3107
3106,3147
3106,3148
3107,3108
3107,3148
3107,3149
3108,3109
3108,3149
3108,3150
3109,3110
3109,3150
3109,3151
3110,3111
3110,3151
3110,3152
3111,3112
3111,3152
3111,3153
3112,3113
3112,3153
3112,3154
3113,3114
3113,3154
3113,3155
3114,3115
3114,3155
3114,3156
3115,3156
3116,3117
3116,3157
3116,3158
3117,3118
3117,3158
3117,3159
3118,3119
3118,3159
3118,3160
3119,3120
3119,3160
3119,3161
3120,3121
3120,3161
3120,3162
3121,3122
3121,3162
3121,3163
3122,3123
3122,3163
3122,3164
3123,3124
3123,3164
3123,3165
3124,3125
3124,3165
3124,3166
3125,3126
3125,3166
3125,3167
3126,3127
3126,3167
3126,3168
3127,3128
3127,3168
3127,3169
3128,3129
3128,3169
3128,3170
3129,3130
3129,3170
3129,3171
3130,3131
3130,3171
3130,3172
3131,3132
3131,3172
3131,3173
3132,3133
3132,3173
3132,3174
3133,3134
3133,3174
3133,3175
3134,3135
3134,3175
3134,3176
3135,3136
3135,3176
3135,3177
3136,3137
3136,3177
3136,3178
3137,3138
3137,3178
3137,3179
3138,3139
3138,3179
3138,3180
3139,3140
3139,3180
3139,3181
3140,3141
3140,3181
3140,3182
3141,3142
3141,3182
3141,3183
3142,3143
3142,3183
3142,3184
3143,3144
3143,3184
3143,3185
3144,3145
3144,3185
3144,3186
3145,3146
3145,3186
3145,3187
3146,3147
3146,3187
3146,3188
3147,3148
3147,3188
3147,3189
3148,3149
3148,3189
3148,3190
3149,3150
3149,3190
3149,3191
3150,3151
3150,3191
3150,3192
3151,3152
3151,3192
3151,3193
3152,3153
3152,3193
3152,3194
3153,3154
3153,3194
3153,3195
3154,3155
3154,3195
3154,3196
3155,3156
3155,3196
3155,3197
3156,3197
3157,3158
3157,3198
3157,3199
3158,3159
3158,3199
3158,3200
3159,3160
3159,3200
3159,3201
3160,3161
3160,3201
3160,3202
3161,3162
3161,3202
3161,3203
3162,3163
3162,3203
3162,3204
3163,3164
3163,3204
3163,3205
3164,3165
3164,3205
3164,3206
3165,3166
3165,3206
3165,3207
3166,3167
3166,3207
3166,3208
3167,3168
3167,3208
3167,3209
3168,3169
3168,3209
3168,3210
3169,3170
3169,3210
3169,3211
3170,3171
3170,3211
3170,3212
3171,3172
3171,3212
3171,3213
3172,3173
3172,3213
3172,3214
3173,3174
3173,3214
3173,3215
3174,3175
3174,3215
3174,3216
3175,3176
3175,3216
3175,3217
3176,3177
3176,3217
3176,3218
3177,3178
3177,3218
3177,3219
3178,3179
3178,3219
3178,3220
3179,3180
3179,3220
3179,3221
3180,3181
3180,3221
3180,3222
3181,3182
3181,3222
3181,3223
3182,3183
3182,3223
3182,3224
3183,3184
3183,3224
3183,3225
3184,3185
3184,3225
3184,3226
3185,3186
3185,3226
3185,3227
3186,3187
3186,3227
3186,3228
3187,3188
3187,3228
3187,3229
3188,3189
3188,3229
3188,3230
3189,3190
3189,3230
3189,3231
3190,3191
3190,3231
3190,3232
3191,3192
3191,3232
3191,3233
3192,3193
3192,3233
3192,3234
3193,3194
3193,3234
3193,3235
3194,3195
3194,3235
3194,3236
3195,3196
3195,3236
3195,3237
3196,3197
3196,3237
3196,3238
3197,3238
3198,3199
3198,3239
3198,3240
3199,3200
3199,3240
3199,3241
3200,3201
3200,3241
3200,3242
3201,3202
3201,3242
3201,3243
3202,3203
3202,3243
3202,3244
3203,3204
3203,3244
3203,3245
3204,3205
3204,3245
3204,3246
3205,3206
3205,3246
3205,3247
3206,3207
3206,3247
3206,3248
3207,3208
3207,3248
3207,3249
3208,3209
3208,3249
3208,3250
3209,3210
3209,3250
3209,3251
3210,3211
3210,3251
3210,3252
3211,3212
3211,3252
3211,3253
3212,3213
3212,3253
3212,3254
3213,3214
3213,3254
3213,3255
3214,3215
3214,3255
3214,3256
3215,3216
3215,3256
3215,3257
3216,3217
3216,3257
3216,3258
3217,3218
3217,3258
3217,3259
3218,3219
3218,3259
3218,3260
3219,3220
3219,3260
3219,3261
3220,3221
3220,3261
3220,3262
3221,3222
3221,3262
3221,3263
3222,3223
3222,3263
3222,3264
3223,3224
3223,3264
3223,3265
3224,3225
3224,3265
3224,3266
3225,3226
3225,3266
3225,3267
3226,3227
3226,3267
3226,3268
3227,3228
3227,3268
3227,3269
3228,3229
3228,3269
3228,3270
3229,3230
3229,3270
3229,3271
3230,3231
3230,3271
3230,3272
3231,3232
3231,3272
3231,3273
3232,3233
3232,3273
3232,3274
3233,3234
3233,3274
3233,3275
3234,3235
3234,3275
3234,3276
3235,3236
3235,3276
3235,3277
3236,3237
3236,3277
3236,3278
3237,3238
3237,3278
3237,3279
3238,3279
3239,3240
3239,3280
3239,3281
3240,3241
3240,3281
3240,3282
3241,3242
3241,3282
3241,3283
3242,3243
3242,3283
3242,3284
3243,3244
3243,3284
3243,3285
3244,3245
3244,3285
3244,3286
3245,3246
3245,3286
3245,3287
3246,3247
3246,3287
3246,3288
3247,3248
3247,3288
3247,3289
3248,3249
3248,3289
3248,3290
3249,3250
3249,3290
3249,3291
3250,3251
3250,3291
3250,3292
3251,3252
3251,3292
3251,3293
3252,3253
3252,3293
3252,3294
3253,3254
3253,3294
3253,3295
3254,3255
3254,3295
3254,3296
3255,3256
3255,3296
3255,3297
3256,3257
3256,3297
3256,3298
3257,3258
3257,3298
3257,3299
3258,3259
3258,3299
3258,3300
3259,3260
3259,3300
3259,3301
3260,3261
3260,3301
3260,3302
3261,3262
3261,3302
3261,3303
3262,3263
3262,3303
3262,3304
3263,3264
3263,3304
3263,3305
3264,3265
3264,3305
3264,3306
3265,3266
3265,3306
3265,3307
3266,3267
3266,3307
3266,3308
3267,3268
3267,3308
3267,3309
3268,3269
3268,3309
3268,3310
3269,3270
3269,3310
3269,3311
3270,3271
3270,3311
3270,3312
3271,3272
3271,3312
3271,3313
3272,3273
3272,3313
3272,3314
3273,3274
3273,3314
3273,3315
3274,3275
3274,3315
3274,3316
3275,3276
3275,3316
3275,3317
3276,3277
3276,3317
3276,3318
3277,3278
3277,3318
3277,3319
3278,3279
3278,3319
3278,3320
3279,3320
3280,3281
3280,3321
3280,3322
3281,3282
3281,3322
3281,3323
3282,3283
3282,3323
3282,3324
3283,3284
3283,3324
3283,3325
3284,3285
3284,3325
3284,3326
3285,3286
3285,3326
3285,3327
3286,3287
3286,3327
3286,3328
3287,3288
3287,3328
3287,3329
3288,3289
3288,3329
3288,3330
3289,3290
3289,3330
3289,3331
3290,3291
3290,3331
3290,3332
3291,3292
3291,3332
3291,3333
3292,3293
3292,3333
3292,3334
3293,3294
3293,3334
3293,3335
3294,3295
3294,3335
3294,3336
3295,3296
3295,3336
3295,3337
3296,3297
3296,3337
3296,3338
3297,3298
3297,3338
3297,3339
3298,3299
3298,3339
3298,3340
3299,3300
3299,3340
3299,3341
3300,3301
3300,3341
3300,3342
3301,3302
3301,3342
3301,3343
3302,3303
3302,3343
3302,3344
3303,3304
3303,3344
3303,3345
3304,3305
3304,3345
3304,3346
3305,3306
3305,3346
3305,3347
3306,3307
3306,3347
3306,3348
3307,3308
3307,3348
3307,3349
3308,3309
3308,3349
3308,3350
3309,3310
3309,3350
3309,3351
3310,3311
3310,3351
3310,3352
3311,3312
3311,3352
3311,3353
3312,3313
3312,3353
3312,3354
3313,3314
3313,3354
3313,3355
3314,3315
3314,3355
3314,3356
3315,3316
3315,3356
3315,3357
3316,3317
3316,3357
3316,3358
3317,3318
3317,3358
3317,3359
3318,3319
3318,3359
3318,3360
3319,3320
3319,3360
3319,3361
3320,3361
3321,3322
3321,3362
3321,3363
3322,3323
3322,3363
3322,3364
3323,3324
3323,3364
3323,3365
3324,3325
3324,3365
3324,3366
3325,3326
3325,3366
3325,3367
3326,3327
3326,3367
3326,3368
3327,3328
3327,3368
3327,3369
3328,3329
3328,3369
3328,3370
3329,3330
3329,3370
3329,3371
3330,3331
3330,3371
3330,3372
3331,3332
3331,3372
3331,3373
3332,3333
3332,3373
3332,3374
3333,3334
3333,3374
3333,3375
3334,3335
3334,3375
3334,3376
3335,3336
3335,3376
3335,3377
3336,3337
3336,3377
3336,3378
3337,3338
3337,3378
3337,3379
3338,3339
3338,3379
3338,3380
3339,3340
3339,3380
3339,3381
3340,3341
3340,3381
3340,3382
3341,3342
3341,3382
3341,3383
3342,3343
3342,3383
3342,3384
3343,3344
3343,3384
3343,3385
3344,3345
3344,3385
3344,3386
3345,3346
3345,3386
3345,3387
3346,3347
3346,3387
3346,3388
3347,3348
3347,3388
3347,3389
3348,3349
3348,3389
3348,3390
3349,3350
3349,3390
3349,3391
3350,3351
3350,3391
3350,3392
3351,3352
3351,3392
3351,3393
3352,3353
3352,3393
3352,3394
3353,3354
3353,3394
3353,3395
3354,3355
3354,3395
3354,3396
3355,3356
3355,3396
3355,3397
3356,3357
3356,3397
3356,3398
3357,3358
3357,3398
3357,3399
3358,3359
3358,3399
3358,3400
3359,3360
3359,3400
3359,3401
3360,3361
3360,3401
3360,3402
3361,3402
3362,3363
3362,3403
3362,3404
3363,3364
3363,3404
3363,3405
3364,3365
3364,3405
3364,3406
3365,3366
3365,3406
3365,3407
3366,3367
3366,3407
3366,3408
3367,3368
3367,3408
3367,3409
3368,3369
3368,3409
3368,3410
3369,3370
3369,3410
3369,3411
3370,3371
3370,3411
3370,3412
3371,3372
3371,3412
3371,3413
3372,3373
3372,3413
3372,3414
3373,3374
3373,3414
3373,3415
3374,3375
3374,3415
3374,3416
3375,3376
3375,3416
3375,3417
3376,3377
3376,3417
3376,3418
3377,3378
3377,3418
3377,3419
3378,3379
3378,3419
3378,3420
3379,3380
3379,3420
3379,3421
3380,3381
3380,3421
3380,3422
3381,3382
3381,3422
3381,3423
3382,3383
3382,3423
3382,3424
3383,3384
3383,3424
3383,3425
3384,3385
3384,3425
3384,3426
3385,3386
3385,3426
3385,3427
3386,3387
3386,3427
3386,3428
3387,3388
3387,3428
3387,3429
3388,3389
3388,3429
3388,3430
3389,3390
3389,3430
3389,3431
3390,3391
3390,3431
3390,3432
3391,3392
3391,3432
3391,3433
3392,3393
3392,3433
3392,3434
3393,3394
3393,3434
3393,3435
3394,3395
3394,3435
3394,3436
3395,3396
3395,3436
3395,3437
3396,3397
3396,3437
3396,3438
3397,3398
3397,3438
3397,3439
3398,3399
3398,3439
3398,3440
3399,3400
3399,3440
3399,3441
3400,3401
3400,3441
3400,3442
3401,3402
3401,3442
3401,3443
3402,3443
3403,3404
3403,3444
3403,3445
3404,3405
3404,3445
3404,3446
3405,3406
3405,3446
3405,3447
3406,3407
3406,3447
3406,3448
3407,3408
3407,3448
3407,3449
3408,3409
3408,3449
3408,3450
3409,3410
3409,3450
3409,3451
3410,3411
3410,3451
3410,3452
3411,3412
3411,3452
3411,3453
3412,3413
3412,3453
3412,3454
3413,3414
3413,3454
3413,3455
3414,3415
3414,3455
3414,3456
3415,3416
3415,3456
3415,3457
3416,3417
3416,3457
3416,3458
3417,3418
3417,3458
3417,3459
3418,3419
3418,3459
3418,3460
3419,3420
3419,3460
3419,3461
3420,3421
3420,3461
3420,3462
3421,3422
3421,3462
3421,3463
3422,3423
3422,3463
3422,3464
3423,3424
3423,3464
3423,3465
3424,3425
3424,3465
3424,3466
3425,3426
3425,3466
3425,3467
3426,3427
3426,3467
3426,3468
3427,3428
3427,3468
3427,3469
3428,3429
3428,3469
3428,3470
3429,3430
3429,3470
3429,3471
3430,3431
3430,3471
3430,3472
3431,3432
3431,3472
3431,3473
3432,3433
3432,3473
3432,3474
3433,3434
3433,3474
3433,3475
3434,3435
3434,3475
3434,3476
3435,3436
3435,3476
3435,3477
3436,3437
3436,3477
3436,3478
3437,3438
3437,3478
3437,3479
3438,3439
3438,3479
3438,3480
3439,3440
3439,3480
3439,3481
3440,3441
3440,3481
3440,3482
3441,3442
3441,3482
3441,3483
3442,3443
3442,3483
3442,3484
3443,3484
3444,3445
3444,3485
3444,3486
3445,3446
3445,3486
3445,3487
3446,3447
3446,3487
3446,3488
3447,3448
3447,3488
3447,3489
3448,3449
3448,3489
3448,3490
3449,3450
3449,3490
3449,3491
3450,3451
3450,3491
3450,3492
3451,3452
3451,3492
3451,3493
3452,3453
3452,3493
3452,3494
3453,3454
3453,3494
3453,3495
3454,3455
3454,3495
3454,3496
3455,3456
3455,3496
3455,3497
3456,3457
3456,3497
3456,3498
3457,3458
3457,3498
3457,3499
3458,3459
3458,3499
3458,3500
3459,3460
3459,3500
3459,3501
3460,3461
3460,3501
3460,3502
3461,3462
3461,3502
3461,3503
3462,3463
3462,3503
3462,3504
3463,3464
3463,3504
3463,3505
3464,3465
3464,3505
3464,3506
3465,3466
3465,3506
3465,3507
3466,3467
3466,3507
3466,3508
3467,3468
3467,3508
3467,3509
3468,3469
3468,3509
3468,3510
3469,3470
3469,3510
3469,3511
3470,3471
3470,3511
3470,3512
3471,3472
3471,3512
3471,3513
3472,3473
3472,3513
3472,3514
3473,3474
3473,3514
3473,3515
3474,3475
3474,3515
3474,3516
3475,3476
3475,3516
3475,3517
3476,3477
3476,3517
3476,3518
3477,3478
3477,3518
3477,3519
3478,3479
3478,3519
3478,3520
3479,3480
3479,3520
3479,3521
3480,3481
3480,3521
3480,3522
3481,3482
3481,3522
3481,3523
3482,3483
3482,3523
3482,3524
3483,3484
3483,3524
3483,3525
3484,3525
3485,3486
3485,3526
3485,3527
3486,3487
3486,3527
3486,3528
3487,3488
3487,3528
3487,3529
3488,3489
3488,3529
3488,3530
3489,3490
3489,3530
3489,3531
3490,3491
3490,3531
3490,3532
3491,3492
3491,3532
3491,3533
3492,3493
3492,3533
3492,3534
3493,3494
3493,3534
3493,3535
3494,3495
3494,3535
3494,3536
3495,3496
3495,3536
3495,3537
3496,3497
3496,3537
3496,3538
3497,3498
3497,3538
3497,3539
3498,3499
3498,3539
3498,3540
3499,3500
3499,3540
3499,3541
3500,3501
3500,3541
3500,3542
3501,3502
3501,3542
3501,3543
3502,3503
3502,3543
3502,3544
3503,3504
3503,3544
3503,3545
3504,3505
3504,3545
3504,3546
3505,3506
3505,3546
3505,3547
3506,3507
3506,3547
3506,3548
3507,3508
3507,3548
3507,3549
3508,3509
3508,3549
3508,3550
3509,3510
3509,3550
3509,3551
3510,3511
3510,3551
3510,3552
3511,3512
3511,3552
3511,3553
3512,3513
3512,3553
3512,3554
3513,3514
3513,3554
3513,3555
3514,3515
3514,3555
3514,3556
3515,3516
3515,3556
3515,3557
3516,3517
3516,3557
3516,3558
3517,3518
3517,3558
3517,3559
3518,3519
3518,3559
3518,3560
3519,3520
3519,3560
3519,3561
3520,3521
3520,3561
3520,3562
3521,3522
3521,3562
3521,3563
3522,3523
3522,3563
3522,3564
3523,3524
3523,3564
3523,3565
3524,3525
3524,3565
3524,3566
3525,3566
3526,3527
3526,3567
3526,3568
3527,3528
3527,3568
3527,3569
3528,3529
3528,3569
3528,3570
3529,3530
3529,3570
3529,3571
3530,3531
3530,3571
3530,3572
3531,3532
3531,3572
3531,3573
3532,3533
3532,3573
3532,3574
3533,3534
3533,3574
3533,3575
3534,3535
3534,3575
3534,3576
3535,3536
3535,3576
3535,3577
3536,3537
3536,3577
3536,3578
3537,3538
3537,3578
3537,3579
3538,3539
3538,3579
3538,3580
3539,3540
3539,3580
3539,3581
3540,3541
3540,3581
3540,3582
3541,3542
3541,3582
3541,3583
3542,3543
3542,3583
3542,3584
3543,3544
3543,3584
3543,3585
3544,3545
3544,3585
3544,3586
3545,3546
3545,3586
3545,3587
3546,3547
3546,3587
3546,3588
3547,3548
3547,3588
3547,3589
3548,3549
3548,3589
3548,3590
3549,3550
3549,3590
3549,3591
3550,3551
3550,3591
3550,3592
3551,3552
3551,3592
3551,3593
3552,3553
3552,3593
3552,3594
3553,3554
3553,3594
3553,3595
3554,3555
3554,3595
3554,3596
3555,3556
3555,3596
3555,3597
3556,3557
3556,3597
3556,3598
3557,3558
3557,3598
3557,3599
3558,3559
3558,3599
3558,3600
3559,3560
3559,3600
3559,3601
3560,3561
3560,3601
3560,3602
3561,3562
3561,3602
3561,3603
3562,3563
3562,3603
3562,3604
3563,3564
3563,3604
3563,3605
3564,3565
3564,3605
3564,3606
3565,3566
3565,3606
3565,3607
3566,3607
3567,3568
3567,3608
3567,3609
3568,3569
3568,3609
3568,3610
3569,3570
3569,3610
3569,3611
3570,3571
3570,3611
3570,3612
3571,3572
3571,3612
3571,3613
3572,3573
3572,3613
3572,3614
3573,3574
3573,3614
3573,3615
3574,3575
3574,3615
3574,3616
3575,3576
3575,3616
3575,3617
3576,3577
3576,3617
3576,3618
3577,3578
3577,3618
3577,3619
3578,3579
3578,3619
3578,3620
3579,3580
3579,3620
3579,3621
3580,3581
3580,3621
3580,3622
3581,3582
3581,3622
3581,3623
3582,3583
3582,3623
3582,3624
3583,3584
3583,3624
3583,3625
3584,3585
3584,3625
3584,3626
3585,3586
3585,3626
3585,3627
3586,3587
3586,3627
3586,3628
3587,3588
3587,3628
3587,3629
3588,3589
3588,3629
3588,3630
3589,3590
3589,3630
3589,3631
3590,3591
3590,3631
3590,3632
3591,3592
3591,3632
3591,3633
3592,3593
3592,3633
3592,3634
3593,3594
3593,3634
3593,3635
3594,3595
3594,3635
3594,3636
3595,3596
3595,3636
3595,3637
3596,3597
3596,3637
3596,3638
3597,3598
3597,3638
3597,3639
3598,3599
3598,3639
3598,3640
3599,3600
3599,3640
3599,3641
3600,3601
3600,3641
3600,3642
3601,3602
3601,3642
3601,3643
3602,3603
3602,3643
3602,3644
3603,3604
3603,3644
3603,3645
3604,3605
3604,3645
3604,3646
3605,3606
3605,3646
3605,3647
3606,3607
3606,3647
3606,3648
3607,3648
3608,3609
3608,3649
3608,3650
3609,3610
3609,3650
3609,3651
3610,3611
3610,3651
3610,3652
3611,3612
3611,3652
3611,3653
3612,3613
3612,3653
3612,3654
3613,3614
3613,3654
3613,3655
3614,3615
3614,3655
3614,3656
3615,3616
3615,3656
3615,3657
3616,3617
3616,3657
3616,3658
3617,3618
3617,3658
3617,3659
3618,3619
3618,3659
3618,3660
3619,3620
3619,3660
3619,3661
3620,3621
3620,3661
3620,3662
3621,3622
3621,3662
3621,3663
3622,3623
3622,3663
3622,3664
3623,3624
3623,3664
3623,3665
3624,3625
3624,3665
3624,3666
3625,3626
3625,3666
3625,3667
3626,3627
3626,3667
3626,3668
3627,3628
3627,3668
3627,3669
3628,3629
3628,3669
3628,3670
3629,3630
3629,3670
3629,3671
3630,3631
3630,3671
3630,3672
3631,3632
3631,3672
3631,3673
3632,3633
3632,3673
3632,3674
3633,3634
3633,3674
3633,3675
3634,3635
3634,3675
3634,3676
3635,3636
3635,3676
3635,3677
3636,3637
3636,3677
3636,3678
3637,3638
3637,3678
3637,3679
3638,3639
3638,3679
3638,3680
3639,3640
3639,3680
3639,3681
3640,3641
3640,3681
3640,3682
3641,3642
3641,3682
3641,3683
3642,3643
3642,3683
3642,3684
3643,3644
3643,3684
3643,3685
3644,3645
3644,3685
3644,3686
3645,3646
3645,3686
3645,3687
3646,3647
3646,3687
3646,3688
3647,3648
3647,3688
3647,3689
3648,3689
3649,3650
3649,3690
3649,3691
3650,3651
3650,3691
3650,3692
3651,3652
3651,3692
3651,3693
3652,3653
3652,3693
3652,3694
3653,3654
3653,3694
3653,3695
3654,3655
3654,3695
3654,3696
3655,3656
3655,3696
3655,3697
3656,3657
3656,3697
3656,3698
3657,3658
3657,3698
3657,3699
3658,3659
3658,3699
3658,3700
3659,3660
3659,3700
3659,3701
3660,3661
3660,3701
3660,3702
3661,3662
3661,3702
3661,3703
3662,3663
3662,3703
3662,3704
3663,3664
3663,3704
3663,3705
3664,3665
3664,3705
3664,3706
3665,3666
3665,3706
3665,3707
3666,3667
3666,3707
3666,3708
3667,3668
3667,3708
3667,3709
3668,3669
3668,3709
3668,3710
3669,3670
3669,3710
3669,3711
3670,3671
3670,3711
3670,3712
3671,3672
3671,3712
3671,3713
3672,3673
3672,3713
3672,3714
3673,3674
3673,3714
3673,3715
3674,3675
3674,3715
3674,3716
3675,3676
3675,3716
3675,3717
3676,3677
3676,3717
3676,3718
3677,3678
3677,3718
3677,3719
3678,3679
3678,3719
3678,3720
3679,3680
3679,3720
3679,3721
3680,3681
3680,3721
3680,3722
3681,3682
3681,3722
3681,3723
3682,3683
3682,3723
3682,3724
3683,3684
3683,3724
3683,3725
3684,3685
3684,3725
3684,3726
3685,3686
3685,3726
3685,3727
3686,3687
3686,3727
3686,3728
3687,3688
3687,3728
3687,3729
3688,3689
3688,3729
3688,3730
3689,3730
3690,3691
3690,3731
3690,3732
3691,3692
3691,3732
3691,3733
3692,3693
3692,3733
3692,3734
3693,3694
3693,3734
3693,3735
3694,3695
3694,3735
3694,3736
3695,3696
3695,3736
3695,3737
3696,3697
3696,3737
3696,3738
3697,3698
3697,3738
3697,3739
3698,3699
3698,3739
3698,3740
3699,3700
3699,3740
3699,3741
3700,3701
3700,3741
3700,3742
3701,3702
3701,3742
3701,3743
3702,3703
3702,3743
3702,3744
3703,3704
3703,3744
3703,3745
3704,3705
3704,3745
3704,3746
3705,3706
3705,3746
3705,3747
3706,3707
3706,3747
3706,3748
3707,3708
3707,3748
3707,3749
3708,3709
3708,3749
3708,3750
3709,3710
3709,3750
3709,3751
3710,3711
3710,3751
3710,3752
3711,3712
3711,3752
3711,3753
3712,3713
3712,3753
3712,3754
3713,3714
3713,3754
3713,3755
3714,3715
3714,3755
3714,3756
3715,3716
3715,3756
3715,3757
3716,3717
3716,3757
3716,3758
3717,3718
3717,3758
3717,3759
3718,3719
3718,3759
3718,3760
3719,3720
3719,3760
3719,3761
3720,3721
3720,3761
3720,3762
3721,3722
3721,3762
3721,3763
3722,3723
3722,3763
3722,3764
3723,3724
3723,3764
3723,3765
3724,3725
3724,3765
3724,3766
3725,3726
3725,3766
3725,3767
3726,3727
3726,3767
3726,3768
3727,3728
3727,3768
3727,3769
3728,3729
3728,3769
3728,3770
3729,3730
3729,3770
3729,3771
3730,3771
3731,3732
3731,3772
3731,3773
3732,3733
3732,3773
3732,3774
3733,3734
3733,3774
3733,3775
3734,3735
3734,3775
3734,3776
3735,3736
3735,3776
3735,3777
3736,3737
3736,3777
3736,3778
3737,3738
3737,3778
3737,3779
3738,3739
3738,3779
3738,3780
3739,3740
3739,3780
3739,3781
3740,3741
3740,3781
3740,3782
3741,3742
3741,3782
3741,3783
3742,3743
3742,3783
3742,3784
3743,3744
3743,3784
3743,3785
3744,3745
3744,3785
3744,3786
3745,3746
3745,3786
3745,3787
3746,3747
3746,3787
3746,3788
3747,3748
3747,3788
3747,3789
3748,3749
3748,3789
3748,3790
3749,3750
3749,3790
3749,3791
3750,3751
3750,3791
3750,3792
3751,3752
3751,3792
3751,3793
3752,3753
3752,3793
3752,3794
3753,3754
3753,3794
3753,3795
3754,3755
3754,3795
3754,3796
3755,3756
3755,3796
3755,3797
3756,3757
3756,3797
3756,3798
3757,3758
3757,3798
3757,3799
3758,3759
3758,3799
3758,3800
3759,3760
3759,3800
3759,3801
3760,3761
3760,3801
3760,3802
3761,3762
3761,3802
3761,3803
3762,3763
3762,3803
3762,3804
3763,3764
3763,3804
3763,3805
3764,3765
3764,3805
3764,3806
3765,3766
3765,3806
3765,3807
3766,3767
3766,3807
3766,3808
3767,3768
3767,3808
3767,3809
3768,3769
3768,3809
3768,3810
3769,3770
3769,3810
3769,3811
3770,3771
3770,3811
3770,3812
3771,3812
3772,3773
3772,3813
3772,3814
3773,3774
3773,3814
3773,3815
3774,3775
3774,3815
3774,3816
3775,3776
3775,3816
3775,3817
3776,3777
3776,3817
3776,3818
3777,3778
3777,3818
3777,3819
3778,3779
3778,3819
3778,3820
3779,3780
3779,3820
3779,3821
3780,3781
3780,3821
3780,3822
3781,3782
3781,3822
3781,3823
3782,3783
3782,3823
3782,3824
3783,3784
3783,3824
3783,3825
3784,3785
3784,3825
3784,3826
3785,3786
3785,3826
3785,3827
3786,3787
3786,3827
3786,3828
3787,3788
3787,3828
3787,3829
3788,3789
3788,3829
3788,3830
3789,3790
3789,3830
3789,3831
3790,3791
3790,3831
3790,3832
3791,3792
3791,3832
3791,3833
3792,3793
3792,3833
3792,3834
3793,3794
3793,3834
3793,3835
3794,3795
3794,3835
3794,3836
3795,3796
3795,3836
3795,3837
3796,3797
3796,3837
3796,3838
3797,3798
3797,3838
3797,3839
3798,3799
3798,3839
3798,3840
3799,3800
3799,3840
3799,3841
3800,3801
3800,3841
3800,3842
3801,3802
3801,3842
3801,3843
3802,3803
3802,3843
3802,3844
3803,3804
3803,3844
3803,3845
3804,3805
3804,3845
3804,3846
3805,3806
3805,3846
3805,3847
3806,3807
3806,3847
3806,3848
3807,3808
3807,3848
3807,3849
3808,3809
3808,3849
3808,3850
3809,3810
3809,3850
3809,3851
3810,3811
3810,3851
3810,3852
3811,3812
3811,3852
3811,3853
3812,3853
3813,3814
3813,3854
3813,3855
3814,3815
3814,3855
3814,3856
3815,3816
3815,3856
3815,3857
3816,3817
3816,3857
3816,3858
3817,3818
3817,3858
3817,3859
3818,3819
3818,3859
3818,3860
3819,3820
3819,3860
3819,3861
3820,3821
3820,3861
3820,3862
3821,3822
3821,3862
3821,3863
3822,3823
3822,3863
3822,3864
3823,3824
3823,3864
3823,3865
3824,3825
3824,3865
3824,3866
3825,3826
3825,3866
3825,3867
3826,3827
3826,3867
3826,3868
3827,3828
3827,3868
3827,3869
3828,3829
3828,3869
3828,3870
3829,3830
3829,3870
3829,3871
3830,3831
3830,3871
3830,3872
3831,3832
3831,3872
3831,3873
3832,3833
3832,3873
3832,3874
3833,3834
3833,3874
3833,3875
3834,3835
3834,3875
3834,3876
3835,3836
3835,3876
3835,3877
3836,3837
3836,3877
3836,3878
3837,3838
3837,3878
3837,3879
3838,3839
3838,3879
3838,3880
3839,3840
3839,3880
3839,3881
3840,3841
3840,3881
3840,3882
3841,3842
3841,3882
3841,3883
3842,3843
3842,3883
3842,3884
3843,3844
3843,3884
3843,3885
3844,3845
3844,3885
3844,3886
3845,3846
3845,3886
3845,3887
3846,3847
3846,3887
3846,3888
3847,3848
3847,3888
3847,3889
3848,3849
3848,3889
3848,3890
3849,3850
3849,3890
3849,3891
3850,3851
3850,3891
3850,3892
3851,3852
3851,3892
3851,3893
3852,3853
3852,3893
3852,3894
3853,3894
3854,3855
3854,3895
3854,3896
3855,3856
3855,3896
3855,3897
3856,3857
3856,3897
3856,3898
3857,3858
3857,3898
3857,3899
3858,3859
3858,3899
3858,3900
3859,3860
3859,3900
3859,3901
3860,3861
3860,3901
3860,3902
3861,3862
3861,3902
3861,3903
3862,3863
3862,3903
3862,3904
3863,3864
3863,3904
3863,3905
3864,3865
3864,3905
3864,3906
3865,3866
3865,3906
3865,3907
3866,3867
3866,3907
3866,3908
3867,3868
3867,3908
3867,3909
3868,3869
3868,3909
3868,3910
3869,3870
3869,3910
3869,3911
3870,3871
3870,3911
3870,3912
3871,3872
3871,3912
3871,3913
3872,3873
3872,3913
3872,3914
3873,3874
3873,3914
3873,3915
3874,3875
3874,3915
3874,3916
3875,3876
3875,3916
3875,3917
3876,3877
3876,3917
3876,3918
3877,3878
3877,3918
3877,3919
3878,3879
3878,3919
3878,3920
3879,3880
3879,3920
3879,3921
3880,3881
3880,3921
3880,3922
3881,3882
3881,3922
3881,3923
3882,3883
3882,3923
3882,3924
3883,3884
3883,3924
3883,3925
3884,3885
3884,3925
3884,3926
3885,3886
3885,3926
3885,3927
3886,3887
3886,3927
3886,3928
3887,3888
3887,3928
3887,3929
3888,3889
3888,3929
3888,3930
3889,3890
3889,3930
3889,3931
3890,3891
3890,3931
3890,3932
3891,3892
3891,3932
3891,3933
3892,3893
3892,3933
3892,3934
3893,3894
3893,3934
3893,3935
3894,3935
3895,3896
3895,3936
3895,3937
3896,3897
3896,3937
3896,3938
3897,3898
3897,3938
3897,3939
3898,3899
3898,3939
3898,3940
3899,3900
3899,3940
3899,3941
3900,3901
3900,3941
3900,3942
3901,3902
3901,3942
3901,3943
3902,3903
3902,3943
3902,3944
3903,3904
3903,3944
3903,3945
3904,3905
3904,3945
3904,3946
3905,3906
3905,3946
3905,3947
3906,3907
3906,3947
3906,3948
3907,3908
3907,3948
3907,3949
3908,3909
3908,3949
3908,3950
3909,3910
3909,3950
3909,3951
3910,3911
3910,3951
3910,3952
3911,3912
3911,3952
3911,3953
3912,3913
3912,3953
3912,3954
3913,3914
3913,3954
3913,3955
3914,3915
3914,3955
3914,3956
3915,3916
3915,3956
3915,3957
3916,3917
3916,3957
3916,3958
3917,3918
3917,3958
3917,3959
3918,3919
3918,3959
3918,3960
3919,3920
3919,3960
3919,3961
3920,3921
3920,3961
3920,3962
3921,3922
3921,3962
3921,3963
3922,3923
3922,3963
3922,3964
3923,3924
3923,3964
3923,3965
3924,3925
3924,3965
3924,3966
3925,3926
3925,3966
3925,3967
3926,3927
3926,3967
3926,3968
3927,3928
3927,3968
3927,3969
3928,3929
3928,3969
3928,3970
3929,3930
3929,3970
3929,3971
3930,3931
3930,3971
3930,3972
3931,3932
3931,3972
3931,3973
3932,3933
3932,3973
3932,3974
3933,3934
3933,3974
3933,3975
3934,3935
3934,3975
3934,3976
3935,3976
3936,3937
3936,3977
3936,3978
3937,3938
3937,3978
3937,3979
3938,3939
3938,3979
3938,3980
3939,3940
3939,3980
3939,3981
3940,3941
3940,3981
3940,3982
3941,3942
3941,3982
3941,3983
3942,3943
3942,3983
3942,3984
3943,3944
3943,3984
3943,3985
3944,3945
3944,3985
3944,3986
3945,3946
3945,3986
3945,3987
3946,3947
3946,3987
3946,3988
3947,3948
3947,3988
3947,3989
3948,3949
3948,3989
3948,3990
3949,3950
3949,3990
3949,3991
3950,3951
3950,3991
3950,3992
3951,3952
3951,3992
3951,3993
3952,3953
3952,3993
3952,3994
3953,3954
3953,3994
3953,3995
3954,3955
3954,3995
3954,3996
3955,3956
3955,3996
3955,3997
3956,3957
3956,3997
3956,3998
3957,3958
3957,3998
3957,3999
3958,3959
3958,3999
3958,4000
3959,3960
3959,4000
3959,4001
3960,3961
3960,4001
3960,4002
3961,3962
3961,4002
3961,4003
3962,3963
3962,4003
3962,4004
3963,3964
3963,4004
3963,4005
3964,3965
3964,4005
3964,4006
3965,3966
3965,4006
3965,4007
3966,3967
3966,4007
3966,4008
3967,3968
3967,4008
3967,4009
3968,3969
3968,4009
3968,4010
3969,3970
3969,4010
3969,4011
3970,3971
3970,4011
3970,4012
3971,3972
3971,4012
3971,4013
3972,3973
3972,4013
3972,4014
3973,3974
3973,4014
3973,4015
3974,3975
3974,4015
3974,4016
3975,3976
3975,4016
3975,4017
3976,4017
3977,3978
3977,4018
3977,4019
3978,3979
3978,4019
3978,4020
3979,3980
3979,4020
3979,4021
3980,3981
3980,4021
3980,4022
3981,3982
3981,4022
3981,4023
3982,3983
3982,4023
3982,4024
3983,3984
3983,4024
3983,4025
3984,3985
3984,4025
3984,4026
3985,3986
3985,4026
3985,4027
3986,3987
3986,4027
3986,4028
3987,3988
3987,4028
3987,4029
3988,3989
3988,4029
3988,4030
3989,3990
3989,4030
3989,4031
3990,3991
3990,4031
3990,4032
3991,3992
3991,4032
3991,4033
3992,3993
3992,4033
3992,4034
3993,3994
3993,4034
3993,4035
3994,3995
3994,4035
3994,4036
3995,3996
3995,4036
3995,4037
3996,3997
3996,4037
3996,4038
3997,3998
3997,4038
3997,4039
3998,3999
3998,4039
3998,4040
3999,4000
3999,4040
3999,4041
4000,4001
4000,4041
4000,4042
4001,4002
4001,4042
4001,4043
4002,4003
4002,4043
4002,4044
4003,4004
4003,4044
4003,4045
4004,4005
4004,4045
4004,4046
4005,4006
4005,4046
4005,4047
4006,4007
4006,4047
4006,4048
4007,4008
4007,4048
4007,4049
4008,4009
4008,4049
4008,4050
4009,4010
4009,4050
4009,4051
4010,4011
4010,4051
4010,4052
4011,4012
4011,4052
4011,4053
4012,4013
4012,4053
4012,4054
4013,4014
4013,4054
4013,4055
4014,4015
4014,4055
4014,4056
4015,4016
4015,4056
4015,4057
4016,4017
4016,4057
4016,4058
4017,4058
4018,4019
4018,4059
4018,4060
4019,4020
4019,4060
4019,4061
4020,4021
4020,4061
4020,4062
4021,4022
4021,4062
4021,4063
4022,4023
4022,4063
4022,4064
4023,4024
4023,4064
4023,4065
4024,4025
4024,4065
4024,4066
4025,4026
4025,4066
4025,4067
4026,4027
4026,4067
4026,4068
4027,4028
4027,4068
4027,4069
4028,4029
4028,4069
4028,4070
4029,4030
4029,4070
4029,4071
4030,4031
4030,4071
4030,4072
4031,4032
4031,4072
4031,4073
4032,4033
4032,4073
4032,4074
4033,4034
4033,4074
4033,4075
4034,4035
4034,4075
4034,4076
4035,4036
4035,4076
4035,4077
4036,4037
4036,4077
4036,4078
4037,4038
4037,4078
4037,4079
4038,4039
4038,4079
4038,4080
4039,4040
4039,4080
4039,4081
4040,4041
4040,4081
4040,4082
4041,4042
4041,4082
4041,4083
4042,4043
4042,4083
4042,4084
4043,4044
4043,4084
4043,4085
4044,4045
4044,4085
4044,4086
4045,4046
4045,4086
4045,4087
4046,4047
4046,4087
4046,4088
4047,4048
4047,4088
4047,4089
4048,4049
4048,4089
4048,4090
4049,4050
4049,4090
4049,4091
4050,4051
4050,4091
4050,4092
4051,4052
4051,4092
4051,4093
4052,4053
4052,4093
4052,4094
4053,4054
4053,4094
4053,4095
4054,4055
4054,4095
4054,4096
4055,4056
4055,4096
4055,4097
4056,4057
4056,4097
4056,4098
4057,4058
4057,4098
4057,4099
4058,4099
4059,4060
4059,4100
4059,4101
4060,4061
4060,4101
4060,4102
4061,4062
4061,4102
4061,4103
4062,4063
4062,4103
4062,4104
4063,4064
4063,4104
4063,4105
4064,4065
4064,4105
4064,4106
4065,4066
4065,4106
4065,4107
4066,4067
4066,4107
4066,4108
4067,4068
4067,4108
4067,4109
4068,4069
4068,4109
4068,4110
4069,4070
4069,4110
4069,4111
4070,4071
4070,4111
4070,4112
4071,4072
4071,4112
4071,4113
4072,4073
4072,4113
4072,4114
4073,4074
4073,4114
4073,4115
4074,4075
4074,4115
4074,4116
4075,4076
4075,4116
4075,4117
4076,4077
4076,4117
4076,4118
4077,4078
4077,4118
4077,4119
4078,4079
4078,4119
4078,4120
4079,4080
4079,4120
4079,4121
4080,4081
4080,4121
4080,4122
4081,4082
4081,4122
4081,4123
4082,4083
4082,4123
4082,4124
4083,4084
4083,4124
4083,4125
4084,4085
4084,4125
4084,4126
4085,4086
4085,4126
4085,4127
4086,4087
4086,4127
4086,4128
4087,4088
4087,4128
4087,4129
4088,4089
4088,4129
4088,4130
4089,4090
4089,4130
4089,4131
4090,4091
4090,4131
4090,4132
4091,4092
4091,4132
4091,4133
4092,4093
4092,4133
4092,4134
4093,4094
4093,4134
4093,4135
4094,4095
4094,4135
4094,4136
4095,4096
4095,4136
4095,4137
4096,4097
4096,4137
4096,4138
4097,4098
4097,4138
4097,4139
4098,4099
4098,4139
4098,4140
4099,4140
4100,4101
4100,4141
4100,4142
4101,4102
4101,4142
4101,4143
4102,4103
4102,4143
4102,4144
4103,4104
4103,4144
4103,4145
4104,4105
4104,4145
4104,4146
4105,4106
4105,4146
4105,4147
4106,4107
4106,4147
4106,4148
4107,4108
4107,4148
4107,4149
4108,4109
4108,4149
4108,4150
4109,4110
4109,4150
4109,4151
4110,4111
4110,4151
4110,4152
4111,4112
4111,4152
4111,4153
4112,4113
4112,4153
4112,4154
4113,4114
4113,4154
4113,4155
4114,4115
4114,4155
4114,4156
4115,4116
4115,4156
4115,4157
4116,4117
4116,4157
4116,4158
4117,4118
4117,4158
4117,4159
4118,4119
4118,4159
4118,4160
4119,4120
4119,4160
4119,4161
4120,4121
4120,4161
4120,4162
4121,4122
4121,4162
4121,4163
4122,4123
4122,4163
4122,4164
4123,4124
4123,4164
4123,4165
4124,4125
4124,4165
4124,4166
4125,4126
4125,4166
4125,4167
4126,4127
4126,4167
4126,4168
4127,4128
4127,4168
4127,4169
4128,4129
4128,4169
4128,4170
4129,4130
4129,4170
4129,4171
4130,4131
4130,4171
4130,4172
4131,4132
4131,4172
4131,4173
4132,4133
4132,4173
4132,4174
4133,4134
4133,4174
4133,4175
4134,4135
4134,4175
4134,4176
4135,4136
4135,4176
4135,4177
4136,4137
4136,4177
4136,4178
4137,4138
4137,4178
4137,4179
4138,4139
4138,4179
4138,4180
4139,4140
4139,4180
4139,4181
4140,4181
4141,4142
4141,4182
4141,4183
4142,4143
4142,4183
4142,4184
4143,4144
4143,4184
4143,4185
4144,4145
4144,4185
4144,4186
4145,4146
4145,4186
4145,4187
4146,4147
4146,4187
4146,4188
4147,4148
4147,4188
4147,4189
4148,4149
4148,4189
4148,4190
4149,4150
4149,4190
4149,4191
4150,4151
4150,4191
4150,4192
4151,4152
4151,4192
4151,4193
4152,4153
4152,4193
4152,4194
4153,4154
4153,4194
4153,4195
4154,4155
4154,4195
4154,4196
4155,4156
4155,4196
4155,4197
4156,4157
4156,4197
4156,4198
4157,4158
4157,4198
4157,4199
4158,4159
4158,4199
4158,4200
4159,4160
4159,4200
4159,4201
4160,4161
4160,4201
4160,4202
4161,4162
4161,4202
4161,4203
4162,4163
4162,4203
4162,4204
4163,4164
4163,4204
4163,4205
4164,4165
4164,4205
4164,4206
4165,4166
4165,4206
4165,4207
4166,4167
4166,4207
4166,4208
4167,4168
4167,4208
4167,4209
4168,4169
4168,4209
4168,4210
4169,4170
4169,4210
4169,4211
4170,4171
4170,4211
4170,4212
4171,4172
4171,4212
4171,4213
4172,4173
4172,4213
4172,4214
4173,4174
4173,4214
4173,4215
4174,4175
4174,4215
4174,4216
4175,4176
4175,4216
4175,4217
4176,4177
4176,4217
4176,4218
4177,4178
4177,4218
4177,4219
4178,4179
4178,4219
4178,4220
4179,4180
4179,4220
4179,4221
4180,4181
4180,4221
4180,4222
4181,4222
4182,4183
4182,4223
4182,4224
4183,4184
4183,4224
4183,4225
4184,4185
4184,4225
4184,4226
4185,4186
4185,4226
4185,4227
4186,4187
4186,4227
4186,4228
4187,4188
4187,4228
4187,4229
4188,4189
4188,4229
4188,4230
4189,4190
4189,4230
4189,4231
4190,4191
4190,4231
4190,4232
4191,4192
4191,4232
4191,4233
4192,4193
4192,4233
4192,4234
4193,4194
4193,4234
4193,4235
4194,4195
4194,4235
4194,4236
4195,4196
4195,4236
4195,4237
4196,4197
4196,4237
4196,4238
4197,4198
4197,4238
4197,4239
4198,4199
4198,4239
4198,4240
4199,4200
4199,4240
4199,4241
4200,4201
4200,4241
4200,4242
4201,4202
4201,4242
4201,4243
4202,4203
4202,4243
4202,4244
4203,4204
4203,4244
4203,4245
4204,4205
4204,4245
4204,4246
4205,4206
4205,4246
4205,4247
4206,4207
4206,4247
4206,4248
4207,4208
4207,4248
4207,4249
4208,4209
4208,4249
4208,4250
4209,4210
4209,4250
4209,4251
4210,4211
4210,4251
4210,4252
4211,4212
4211,4252
4211,4253
4212,4213
4212,4253
4212,4254
4213,4214
4213,4254
4213,4255
4214,4215
4214,4255
4214,4256
4215,4216
4215,4256
4215,4257
4216,4217
4216,4257
4216,4258
4217,4218
4217,4258
4217,4259
4218,4219
4218,4259
4218,4260
4219,4220
4219,4260
4219,4261
4220,4221
4220,4261
4220,4262
4221,4222
4221,4262
4221,4263
4222,4263
4223,4224
4223,4264
4223,4265
4224,4225
4224,4265
4224,4266
4225,4226
4225,4266
4225,4267
4226,4227
4226,4267
4226,4268
4227,4228
4227,4268
4227,4269
4228,4229
4228,4269
4228,4270
4229,4230
4229,4270
4229,4271
4230,4231
4230,4271
4230,4272
4231,4232
4231,4272
4231,4273
4232,4233
4232,4273
4232,4274
4233,4234
4233,4274
4233,4275
4234,4235
4234,4275
4234,4276
4235,4236
4235,4276
4235,4277
4236,4237
4236,4277
4236,4278
4237,4238
4237,4278
4237,4279
4238,4239
4238,4279
4238,4280
4239,4240
4239,4280
4239,4281
4240,4241
4240,4281
4240,4282
4241,4242
4241,4282
4241,4283
4242,4243
4242,4283
4242,4284
4243,4244
4243,4284
4243,4285
4244,4245
4244,4285
4244,4286
4245,4246
4245,4286
4245,4287
4246,4247
4246,4287
4246,4288
4247,4248
4247,4288
4247,4289
4248,4249
4248,4289
4248,4290
4249,4250
4249,4290
4249,4291
4250,4251
4250,4291
4250,4292
4251,4252
4251,4292
4251,4293
4252,4253
4252,4293
4252,4294
4253,4254
4253,4294
4253,4295
4254,4255
4254,4295
4254,4296
4255,4256
4255,4296
4255,4297
4256,4257
4256,4297
4256,4298
4257,4258
4257,4298
4257,4299
4258,4259
4258,4299
4258,4300
4259,4260
4259,4300
4259,4301
4260,4261
4260,4301
4260,4302
4261,4262
4261,4302
4261,4303
4262,4263
4262,4303
4262,4304
4263,4304
4264,4265
4264,4305
4264,4306
4265,4266
4265,4306
4265,4307
4266,4267
4266,4307
4266,4308
4267,4268
4267,4308
4267,4309
4268,4269
4268,4309
4268,4310
4269,4270
4269,4310
4269,4311
4270,4271
4270,4311
4270,4312
4271,4272
4271,4312
4271,4313
4272,4273
4272,4313
4272,4314
4273,4274
4273,4314
4273,4315
4274,4275
4274,4315
4274,4316
4275,4276
4275,4316
4275,4317
4276,4277
4276,4317
4276,4318
4277,4278
4277,4318
4277,4319
4278,4279
4278,4319
4278,4320
4279,4280
4279,4320
4279,4321
4280,4281
4280,4321
4280,4322
4281,4282
4281,4322
4281,4323
4282,4283
4282,4323
4282,4324
4283,4284
4283,4324
4283,4325
4284,4285
4284,4325
4284,4326
4285,4286
4285,4326
4285,4327
4286,4287
4286,4327
4286,4328
4287,4288
4287,4328
4287,4329
4288,4289
4288,4329
4288,4330
4289,4290
4289,4330
4289,4331
4290,4291
4290,4331
4290,4332
4291,4292
4291,4332
4291,4333
4292,4293
4292,4333
4292,4334
4293,4294
4293,4334
4293,4335
4294,4295
4294,4335
4294,4336
4295,4296
4295,4336
4295,4337
4296,4297
4296,4337
4296,4338
4297,4298
4297,4338
4297,4339
4298,4299
4298,4339
4298,4340
4299,4300
4299,4340
4299,4341
4300,4301
4300,4341
4300,4342
4301,4302
4301,4342
4301,4343
4302,4303
4302,4343
4302,4344
4303,4304
4303,4344
4303,4345
4304,4345
4305,4306
4305,4346
4305,4347
4306,4307
4306,4347
4306,4348
4307,4308
4307,4348
4307,4349
4308,4309
4308,4349
4308,4350
4309,4310
4309,4350
4309,4351
4310,4311
4310,4351
4310,4352
4311,4312
4311,4352
4311,4353
4312,4313
4312,4353
4312,4354
4313,4314
4313,4354
4313,4355
4314,4315
4314,4355
4314,4356
4315,4316
4315,4356
4315,4357
4316,4317
4316,4357
4316,4358
4317,4318
4317,4358
4317,4359
4318,4319
4318,4359
4318,4360
4319,4320
4319,4360
4319,4361
4320,4321
4320,4361
4320,4362
4321,4322
4321,4362
4321,4363
4322,4323
4322,4363
4322,4364
4323,4324
4323,4364
4323,4365
4324,4325
4324,4365
4324,4366
4325,4326
4325,4366
4325,4367
4326,4327
4326,4367
4326,4368
4327,4328
4327,4368
4327,4369
4328,4329
4328,4369
4328,4370
4329,4330
4329,4370
4329,4371
4330,4331
4330,4371
4330,4372
4331,4332
4331,4372
4331,4373
4332,4333
4332,4373
4332,4374
4333,4334
4333,4374
4333,4375
4334,4335
4334,4375
4334,4376
4335,4336
4335,4376
4335,4377
4336,4337
4336,4377
4336,4378
4337,4338
4337,4378
4337,4379
4338,4339
4338,4379
4338,4380
4339,4340
4339,4380
4339,4381
4340,4341
4340,4381
4340,4382
4341,4342
4341,4382
4341,4383
4342,4343
4342,4383
4342,4384
4343,4344
4343,4384
4343,4385
4344,4345
4344,4385
4344,4386
4345,4386
4346,4347
4346,4387
4346,4388
4347,4348
4347,4388
4347,4389
4348,4349
4348,4389
4348,4390
4349,4350
4349,4390
4349,4391
4350,4351
4350,4391
4350,4392
4351,4352
4351,4392
4351,4393
4352,4353
4352,4393
4352,4394
4353,4354
4353,4394
4353,4395
4354,4355
4354,4395
4354,4396
4355,4356
4355,4396
4355,4397
4356,4357
4356,4397
4356,4398
4357,4358
4357,4398
4357,4399
4358,4359
4358,4399
4358,4400
4359,4360
4359,4400
4359,4401
4360,4361
4360,4401
4360,4402
4361,4362
4361,4402
4361,4403
4362,4363
4362,4403
4362,4404
4363,4364
4363,4404
4363,4405
4364,4365
4364,4405
4364,4406
4365,4366
4365,4406
4365,4407
4366,4367
4366,4407
4366,4408
4367,4368
4367,4408
4367,4409
4368,4369
4368,4409
4368,4410
4369,4370
4369,4410
4369,4411
4370,4371
4370,4411
4370,4412
4371,4372
4371,4412
4371,4413
4372,4373
4372,4413
4372,4414
4373,4374
4373,4414
4373,4415
4374,4375
4374,4415
4374,4416
4375,4376
4375,4416
4375,4417
4376,4377
4376,4417
4376,4418
4377,4378
4377,4418
4377,4419
4378,4379
4378,4419
4378,4420
4379,4380
4379,4420
4379,4421
4380,4381
4380,4421
4380,4422
4381,4382
4381,4422
4381,4423
4382,4383
4382,4423
4382,4424
4383,4384
4383,4424
4383,4425
4384,4385
4384,4425
4384,4426
4385,4386
4385,4426
4385,4427
4386,4427
4387,4388
4387,4428
4387,4429
4388,4389
4388,4429
4388,4430
4389,4390
4389,4430
4389,4431
4390,4391
4390,4431
4390,4432
4391,4392
4391,4432
4391,4433
4392,4393
4392,4433
4392,4434
4393,4394
4393,4434
4393,4435
4394,4395
4394,4435
4394,4436
4395,4396
4395,4436
4395,4437
4396,4397
4396,4437
4396,4438
4397,4398
4397,4438
4397,4439
4398,4399
4398,4439
4398,4440
4399,4400
4399,4440
4399,4441
4400,4401
4400,4441
4400,4442
4401,4402
4401,4442
4401,4443
4402,4403
4402,4443
4402,4444
4403,4404
4403,4444
4403,4445
4404,4405
4404,4445
4404,4446
4405,4406
4405,4446
4405,4447
4406,4407
4406,4447
4406,4448
4407,4408
4407,4448
4407,4449
4408,4409
4408,4449
4408,4450
4409,4410
4409,4450
4409,4451
4410,4411
4410,4451
4410,4452
4411,4412
4411,4452
4411,4453
4412,4413
4412,4453
4412,4454
4413,4414
4413,4454
4413,4455
4414,4415
4414,4455
4414,4456
4415,4416
4415,4456
4415,4457
4416,4417
4416,4457
4416,4458
4417,4418
4417,4458
4417,4459
4418,4419
4418,4459
4418,4460
4419,4420
4419,4460
4419,4461
4420,4421
4420,4461
4420,4462
4421,4422
4421,4462
4421,4463
4422,4423
4422,4463
4422,4464
4423,4424
4423,4464
4423,4465
4424,4425
4424,4465
4424,4466
4425,4426
4425,4466
4425,4467
4426,4427
4426,4467
4426,4468
4427,4468
4428,4429
4428,4469
4428,4470
4429,4430
4429,4470
4429,4471
4430,4431
4430,4471
4430,4472
4431,4432
4431,4472
4431,4473
4432,4433
4432,4473
4432,4474
4433,4434
4433,4474
4433,4475
4434,4435
4434,4475
4434,4476
4435,4436
4435,4476
4435,4477
4436,4437
4436,4477
4436,4478
4437,4438
4437,4478
4437,4479
4438,4439
4438,4479
4438,4480
4439,4440
4439,4480
4439,4481
4440,4441
4440,4481
4440,4482
4441,4442
4441,4482
4441,4483
4442,4443
4442,4483
4442,4484
4443,4444
4443,4484
4443,4485
4444,4445
4444,4485
4444,4486
4445,4446
4445,4486
4445,4487
4446,4447
4446,4487
4446,4488
4447,4448
4447,4488
4447,4489
4448,4449
4448,4489
4448,4490
4449,4450
4449,4490
4449,4491
4450,4451
4450,4491
4450,4492
4451,4452
4451,4492
4451,4493
4452,4453
4452,4493
4452,4494
4453,4454
4453,4494
4453,4495
4454,4455
4454,4495
4454,4496
4455,4456
4455,4496
4455,4497
4456,4457
4456,4497
4456,4498
4457,4458
4457,4498
4457,4499
4458,4459
4458,4499
4458,4500
4459,4460
4459,4500
4459,4501
4460,4461
4460,4501
4460,4502
4461,4462
4461,4502
4461,4503
4462,4463
4462,4503
4462,4504
4463,4464
4463,4504
4463,4505
4464,4465
4464,4505
4464,4506
4465,4466
4465,4506
4465,4507
4466,4467
4466,4507
4466,4508
4467,4468
4467,4508
4467,4509
4468,4509
4469,4470
4469,4510
4469,4511
4470,4471
4470,4511
4470,4512
4471,4472
4471,4512
4471,4513
4472,4473
4472,4513
4472,4514
4473,4474
4473,4514
4473,4515
4474,4475
4474,4515
4474,4516
4475,4476
4475,4516
4475,4517
4476,4477
4476,4517
4476,4518
4477,4478
4477,4518
4477,4519
4478,4479
4478,4519
4478,4520
4479,4480
4479,4520
4479,4521
4480,4481
4480,4521
4480,4522
4481,4482
4481,4522
4481,4523
4482,4483
4482,4523
4482,4524
4483,4484
4483,4524
4483,4525
4484,4485
4484,4525
4484,4526
4485,4486
4485,4526
4485,4527
4486,4487
4486,4527
4486,4528
4487,4488
4487,4528
4487,4529
4488,4489
4488,4529
4488,4530
4489,4490
4489,4530
4489,4531
4490,4491
4490,4531
4490,4532
4491,4492
4491,4532
4491,4533
4492,4493
4492,4533
4492,4534
4493,4494
4493,4534
4493,4535
4494,4495
4494,4535
4494,4536
4495,4496
4495,4536
4495,4537
4496,4497
4496,4537
4496,4538
4497,4498
4497,4538
4497,4539
4498,4499
4498,4539
4498,4540
4499,4500
4499,4540
4499,4541
4500,4501
4500,4541
4500,4542
4501,4502
4501,4542
4501,4543
4502,4503
4502,4543
4502,4544
4503,4504
4503,4544
4503,4545
4504,4505
4504,4545
4504,4546
4505,4506
4505,4546
4505,4547
4506,4507
4506,4547
4506,4548
4507,4508
4507,4548
4507,4549
4508,4509
4508,4549
4508,4550
4509,4550
4510,4511
4510,4551
4510,4552
4511,4512
4511,4552
4511,4553
4512,4513
4512,4553
4512,4554
4513,4514
4513,4554
4513,4555
4514,4515
4514,4555
4514,4556
4515,4516
4515,4556
4515,4557
4516,4517
4516,4557
4516,4558
4517,4518
4517,4558
4517,4559
4518,4519
4518,4559
4518,4560
4519,4520
4519,4560
4519,4561
4520,4521
4520,4561
4520,4562
4521,4522
4521,4562
4521,4563
4522,4523
4522,4563
4522,4564
4523,4524
4523,4564
4523,4565
4524,4525
4524,4565
4524,4566
4525,4526
4525,4566
4525,4567
4526,4527
4526,4567
4526,4568
4527,4528
4527,4568
4527,4569
4528,4529
4528,4569
4528,4570
4529,4530
4529,4570
4529,4571
4530,4531
4530,4571
4530,4572
4531,4532
4531,4572
4531,4573
4532,4533
4532,4573
4532,4574
4533,4534
4533,4574
4533,4575
4534,4535
4534,4575
4534,4576
4535,4536
4535,4576
4535,4577
4536,4537
4536,4577
4536,4578
4537,4538
4537,4578
4537,4579
4538,4539
4538,4579
4538,4580
4539,4540
4539,4580
4539,4581
4540,4541
4540,4581
4540,4582
4541,4542
4541,4582
4541,4583
4542,4543
4542,4583
4542,4584
4543,4544
4543,4584
4543,4585
4544,4545
4544,4585
4544,4586
4545,4546
4545,4586
4545,4587
4546,4547
4546,4587
4546,4588
4547,4548
4547,4588
4547,4589
4548,4549
4548,4589
4548,4590
4549,4550
4549,4590
4549,4591
4550,4591
4551,4552
4551,4592
4551,4593
4552,4553
4552,4593
4552,4594
4553,4554
4553,4594
4553,4595
4554,4555
4554,4595
4554,4596
4555,4556
4555,4596
4555,4597
4556,4557
4556,4597
4556,4598
4557,4558
4557,4598
4557,4599
4558,4559
4558,4599
4558,4600
4559,4560
4559,4600
4559,4601
4560,4561
4560,4601
4560,4602
4561,4562
4561,4602
4561,4603
4562,4563
4562,4603
4562,4604
4563,4564
4563,4604
4563,4605
4564,4565
4564,4605
4564,4606
4565,4566
4565,4606
4565,4607
4566,4567
4566,4607
4566,4608
4567,4568
4567,4608
4567,4609
4568,4569
4568,4609
4568,4610
4569,4570
4569,4610
4569,4611
4570,4571
4570,4611
4570,4612
4571,4572
4571,4612
4571,4613
4572,4573
4572,4613
4572,4614
4573,4574
4573,4614
4573,4615
4574,4575
4574,4615
4574,4616
4575,4576
4575,4616
4575,4617
4576,4577
4576,4617
4576,4618
4577,4578
4577,4618
4577,4619
4578,4579
4578,4619
4578,4620
4579,4580
4579,4620
4579,4621
4580,4581
4580,4621
4580,4622
4581,4582
4581,4622
4581,4623
4582,4583
4582,4623
4582,4624
4583,4584
4583,4624
4583,4625
4584,4585
4584,4625
4584,4626
4585,4586
4585,4626
4585,4627
4586,4587
4586,4627
4586,4628
4587,4588
4587,4628
4587,4629
4588,4589
4588,4629
4588,4630
4589,4590
4589,4630
4589,4631
4590,4591
4590,4631
4590,4632
4591,4632
4592,4593
4592,4633
4592,4634
4593,4594
4593,4634
4593,4635
4594,4595
4594,4635
4594,4636
4595,4596
4595,4636
4595,4637
4596,4597
4596,4637
4596,4638
4597,4598
4597,4638
4597,4639
4598,4599
4598,4639
4598,4640
4599,4600
4599,4640
4599,4641
4600,4601
4600,4641
4600,4642
4601,4602
4601,4642
4601,4643
4602,4603
4602,4643
4602,4644
4603,4604
4603,4644
4603,4645
4604,4605
4604,4645
4604,4646
4605,4606
4605,4646
4605,4647
4606,4607
4606,4647
4606,4648
4607,4608
4607,4648
4607,4649
4608,4609
4608,4649
4608,4650
4609,4610
4609,4650
4609,4651
4610,4611
4610,4651
4610,4652
4611,4612
4611,4652
4611,4653
4612,4613
4612,4653
4612,4654
4613,4614
4613,4654
4613,4655
4614,4615
4614,4655
4614,4656
4615,4616
4615,4656
4615,4657
4616,4617
4616,4657
4616,4658
4617,4618
4617,4658
4617,4659
4618,4619
4618,4659
4618,4660
4619,4620
4619,4660
4619,4661
4620,4621
4620,4661
4620,4662
4621,4622
4621,4662
4621,4663
4622,4623
4622,4663
4622,4664
4623,4624
4623,4664
4623,4665
4624,4625
4624,4665
4624,4666
4625,4626
4625,4666
4625,4667
4626,4627
4626,4667
4626,4668
4627,4628
4627,4668
4627,4669
4628,4629
4628,4669
4628,4670
4629,4630
4629,4670
4629,4671
4630,4631
4630,4671
4630,4672
4631,4632
4631,4672
4631,4673
4632,4673
4633,4634
4633,4674
4633,4675
4634,4635
4634,4675
4634,4676
4635,4636
4635,4676
4635,4677
4636,4637
4636,4677
4636,4678
4637,4638
4637,4678
4637,4679
4638,4639
4638,4679
4638,4680
4639,4640
4639,4680
4639,4681
4640,4641
4640,4681
4640,4682
4641,4642
4641,4682
4641,4683
4642,4643
4642,4683
4642,4684
4643,4644
4643,4684
4643,4685
4644,4645
4644,4685
4644,4686
4645,4646
4645,4686
4645,4687
4646,4647
4646,4687
4646,4688
4647,4648
4647,4688
4647,4689
4648,4649
4648,4689
4648,4690
4649,4650
4649,4690
4649,4691
4650,4651
4650,4691
4650,4692
4651,4652
4651,4692
4651,4693
4652,4653
4652,4693
4652,4694
4653,4654
4653,4694
4653,4695
4654,4655
4654,4695
4654,4696
4655,4656
4655,4696
4655,4697
4656,4657
4656,4697
4656,4698
4657,4658
4657,4698
4657,4699
4658,4659
4658,4699
4658,4700
4659,4660
4659,4700
4659,4701
4660,4661
4660,4701
4660,4702
4661,4662
4661,4702
4661,4703
4662,4663
4662,4703
4662,4704
4663,4664
4663,4704
4663,4705
4664,4665
4664,4705
4664,4706
4665,4666
4665,4706
4665,4707
4666,4667
4666,4707
4666,4708
4667,4668
4667,4708
4667,4709
4668,4669
4668,4709
4668,4710
4669,4670
4669,4710
4669,4711
4670,4671
4670,4711
4670,4712
4671,4672
4671,4712
4671,4713
4672,4673
4672,4713
4672,4714
4673,4714
4674,4675
4674,4715
4674,4716
4675,4676
4675,4716
4675,4717
4676,4677
4676,4717
4676,4718
4677,4678
4677,4718
4677,4719
4678,4679
4678,4719
4678,4720
4679,4680
4679,4720
4679,4721
4680,4681
4680,4721
4680,4722
4681,4682
4681,4722
4681,4723
4682,4683
4682,4723
4682,4724
4683,4684
4683,4724
4683,4725
4684,4685
4684,4725
4684,4726
4685,4686
4685,4726
4685,4727
4686,4687
4686,4727
4686,4728
4687,4688
4687,4728
4687,4729
4688,4689
4688,4729
4688,4730
4689,4690
4689,4730
4689,4731
4690,4691
4690,4731
4690,4732
4691,4692
4691,4732
4691,4733
4692,4693
4692,4733
4692,4734
4693,4694
4693,4734
4693,4735
4694,4695
4694,4735
4694,4736
4695,4696
4695,4736
4695,4737
4696,4697
4696,4737
4696,4738
4697,4698
4697,4738
4697,4739
4698,4699
4698,4739
4698,4740
4699,4700
4699,4740
4699,4741
4700,4701
4700,4741
4700,4742
4701,4702
4701,4742
4701,4743
4702,4703
4702,4743
4702,4744
4703,4704
4703,4744
4703,4745
4704,4705
4704,4745
4704,4746
4705,4706
4705,4746
4705,4747
4706,4707
4706,4747
4706,4748
4707,4708
4707,4748
4707,4749
4708,4709
4708,4749
4708,4750
4709,4710
4709,4750
4709,4751
4710,4711
4710,4751
4710,4752
4711,4712
4711,4752
4711,4753
4712,4713
4712,4753
4712,4754
4713,4714
4713,4754
4713,4755
4714,4755
4715,4716
4715,4756
4715,4757
4716,4717
4716,4757
4716,4758
4717,4718
4717,4758
4717,4759
4718,4719
4718,4759
4718,4760
4719,4720
4719,4760
4719,4761
4720,4721
4720,4761
4720,4762
4721,4722
4721,4762
4721,4763
4722,4723
4722,4763
4722,4764
4723,4724
4723,4764
4723,4765
4724,4725
4724,4765
4724,4766
4725,4726
4725,4766
4725,4767
4726,4727
4726,4767
4726,4768
4727,4728
4727,4768
4727,4769
4728,4729
4728,4769
4728,4770
4729,4730
4729,4770
4729,4771
4730,4731
4730,4771
4730,4772
4731,4732
4731,4772
4731,4773
4732,4733
4732,4773
4732,4774
4733,4734
4733,4774
4733,4775
4734,4735
4734,4775
4734,4776
4735,4736
4735,4776
4735,4777
4736,4737
4736,4777
4736,4778
4737,4738
4737,4778
4737,4779
4738,4739
4738,4779
4738,4780
4739,4740
4739,4780
4739,4781
4740,4741
4740,4781
4740,4782
4741,4742
4741,4782
4741,4783
4742,4743
4742,4783
4742,4784
4743,4744
4743,4784
4743,4785
4744,4745
4744,4785
4744,4786
4745,4746
4745,4786
4745,4787
4746,4747
4746,4787
4746,4788
4747,4748
4747,4788
4747,4789
4748,4749
4748,4789
4748,4790
4749,4750
4749,4790
4749,4791
4750,4751
4750,4791
4750,4792
4751,4752
4751,4792
4751,4793
4752,4753
4752,4793
4752,4794
4753,4754
4753,4794
4753,4795
4754,4755
4754,4795
4754,4796
4755,4796
4756,4757
4756,4797
4756,4798
4757,4758
4757,4798
4757,4799
4758,4759
4758,4799
4758,4800
4759,4760
4759,4800
4759,4801
4760,4761
4760,4801
4760,4802
4761,4762
4761,4802
4761,4803
4762,4763
4762,4803
4762,4804
4763,4764
4763,4804
4763,4805
4764,4765
4764,4805
4764,4806
4765,4766
4765,4806
4765,4807
4766,4767
4766,4807
4766,4808
4767,4768
4767,4808
4767,4809
4768,4769
4768,4809
4768,4810
4769,4770
4769,4810
4769,4811
4770,4771
4770,4811
4770,4812
4771,4772
4771,4812
4771,4813
4772,4773
4772,4813
4772,4814
4773,4774
4773,4814
4773,4815
4774,4775
4774,4815
4774,4816
4775,4776
4775,4816
4775,4817
4776,4777
4776,4817
4776,4818
4777,4778
4777,4818
4777,4819
4778,4779
4778,4819
4778,4820
4779,4780
4779,4820
4779,4821
4780,4781
4780,4821
4780,4822
4781,4782
4781,4822
4781,4823
4782,4783
4782,4823
4782,4824
4783,4784
4783,4824
4783,4825
4784,4785
4784,4825
4784,4826
4785,4786
4785,4826
4785,4827
4786,4787
4786,4827
4786,4828
4787,4788
4787,4828
4787,4829
4788,4789
4788,4829
4788,4830
4789,4790
4789,4830
4789,4831
4790,4791
4790,4831
4790,4832
4791,4792
4791,4832
4791,4833
4792,4793
4792,4833
4792,4834
4793,4794
4793,4834
4793,4835
4794,4795
4794,4835
4794,4836
4795,4796
4795,4836
4795,4837
4796,4837
4797,4798
4797,4838
4797,4839
4798,4799
4798,4839
4798,4840
4799,4800
4799,4840
4799,4841
4800,4801
4800,4841
4800,4842
4801,4802
4801,4842
4801,4843
4802,4803
4802,4843
4802,4844
4803,4804
4803,4844
4803,4845
4804,4805
4804,4845
4804,4846
4805,4806
4805,4846
4805,4847
4806,4807
4806,4847
4806,4848
4807,4808
4807,4848
4807,4849
4808,4809
4808,4849
4808,4850
4809,4810
4809,4850
4809,4851
4810,4811
4810,4851
4810,4852
4811,4812
4811,4852
4811,4853
4812,4813
4812,4853
4812,4854
4813,4814
4813,4854
4813,4855
4814,4815
4814,4855
4814,4856
4815,4816
4815,4856
4815,4857
4816,4817
4816,4857
4816,4858
4817,4818
4817,4858
4817,4859
4818,4819
4818,4859
4818,4860
4819,4820
4819,4860
4819,4861
4820,4821
4820,4861
4820,4862
4821,4822
4821,4862
4821,4863
4822,4823
4822,4863
4822,4864
4823,4824
4823,4864
4823,4865
4824,4825
4824,4865
4824,4866
4825,4826
4825,4866
4825,4867
4826,4827
4826,4867
4826,4868
4827,4828
4827,4868
4827,4869
4828,4829
4828,4869
4828,4870
4829,4830
4829,4870
4829,4871
4830,4831
4830,4871
4830,4872
4831,4832
4831,4872
4831,4873
4832,4833
4832,4873
4832,4874
4833,4834
4833,4874
4833,4875
4834,4835
4834,4875
4834,4876
4835,4836
4835,4876
4835,4877
4836,4837
4836,4877
4836,4878
4837,4878
4838,4839
4838,4879
4838,4880
4839,4840
4839,4880
4839,4881
4840,4841
4840,4881
4840,4882
4841,4842
4841,4882
4841,4883
4842,4843
4842,4883
4842,4884
4843,4844
4843,4884
4843,4885
4844,4845
4844,4885
4844,4886
4845,4846
4845,4886
4845,4887
4846,4847
4846,4887
4846,4888
4847,4848
4847,4888
4847,4889
4848,4849
4848,4889
4848,4890
4849,4850
4849,4890
4849,4891
4850,4851
4850,4891
4850,4892
4851,4852
4851,4892
4851,4893
4852,4853
4852,4893
4852,4894
4853,4854
4853,4894
4853,4895
4854,4855
4854,4895
4854,4896
4855,4856
4855,4896
4855,4897
4856,4857
4856,4897
4856,4898
4857,4858
4857,4898
4857,4899
4858,4859
4858,4899
4858,4900
4859,4860
4859,4900
4859,4901
4860,4861
4860,4901
4860,4902
4861,4862
4861,4902
4861,4903
4862,4863
4862,4903
4862,4904
4863,4864
4863,4904
4863,4905
4864,4865
4864,4905
4864,4906
4865,4866
4865,4906
4865,4907
4866,4867
4866,4907
4866,4908
4867,4868
4867,4908
4867,4909
4868,4869
4868,4909
4868,4910
4869,4870
4869,4910
4869,4911
4870,4871
4870,4911
4870,4912
4871,4872
4871,4912
4871,4913
4872,4873
4872,4913
4872,4914
4873,4874
4873,4914
4873,4915
4874,4875
4874,4915
4874,4916
4875,4876
4875,4916
4875,4917
4876,4877
4876,4917
4876,4918
4877,4878
4877,4918
4877,4919
4878,4919
4879,4880
4879,4920
4879,4921
4880,4881
4880,4921
4880,4922
4881,4882
4881,4922
4881,4923
4882,4883
4882,4923
4882,4924
4883,4884
4883,4924
4883,4925
4884,4885
4884,4925
4884,4926
4885,4886
4885,4926
4885,4927
4886,4887
4886,4927
4886,4928
4887,4888
4887,4928
4887,4929
4888,4889
4888,4929
4888,4930
4889,4890
4889,4930
4889,4931
4890,4891
4890,4931
4890,4932
4891,4892
4891,4932
4891,4933
4892,4893
4892,4933
4892,4934
4893,4894
4893,4934
4893,4935
4894,4895
4894,4935
4894,4936
4895,4896
4895,4936
4895,4937
4896,4897
4896,4937
4896,4938
4897,4898
4897,4938
4897,4939
4898,4899
4898,4939
4898,4940
4899,4900
4899,4940
4899,4941
4900,4901
4900,4941
4900,4942
4901,4902
4901,4942
4901,4943
4902,4903
4902,4943
4902,4944
4903,4904
4903,4944
4903,4945
4904,4905
4904,4945
4904,4946
4905,4906
4905,4946
4905,4947
4906,4907
4906,4947
4906,4948
4907,4908
4907,4948
4907,4949
4908,4909
4908,4949
4908,4950
4909,4910
4909,4950
4909,4951
4910,4911
4910,4951
4910,4952
4911,4912
4911,4952
4911,4953
4912,4913
4912,4953
4912,4954
4913,4914
4913,4954
4913,4955
4914,4915
4914,4955
4914,4956
4915,4916
4915,4956
4915,4957
4916,4917
4916,4957
4916,4958
4917,4918
4917,4958
4917,4959
4918,4919
4918,4959
4918,4960
4919,4960
4920,4921
4920,4961
4920,4962
4921,4922
4921,4962
4921,4963
4922,4923
4922,4963
4922,4964
4923,4924
4923,4964
4923,4965
4924,4925
4924,4965
4924,4966
4925,4926
4925,4966
4925,4967
4926,4927
4926,4967
4926,4968
4927,4928
4927,4968
4927,4969
4928,4929
4928,4969
4928,4970
4929,4930
4929,4970
4929,4971
4930,4931
4930,4971
4930,4972
4931,4932
4931,4972
4931,4973
4932,4933
4932,4973
4932,4974
4933,4934
4933,4974
4933,4975
4934,4935
4934,4975
4934,4976
4935,4936
4935,4976
4935,4977
4936,4937
4936,4977
4936,4978
4937,4938
4937,4978
4937,4979
4938,4939
4938,4979
4938,4980
4939,4940
4939,4980
4939,4981
4940,4941
4940,4981
4940,4982
4941,4942
4941,4982
4941,4983
4942,4943
4942,4983
4942,4984
4943,4944
4943,4984
4943,4985
4944,4945
4944,4985
4944,4986
4945,4946
4945,4986
4945,4987
4946,4947
4946,4987
4946,4988
4947,4948
4947,4988
4947,4989
4948,4949
4948,4989
4948,4990
4949,4950
4949,4990
4949,4991
4950,4951
4950,4991
4950,4992
4951,4952
4951,4992
4951,4993
4952,4953
4952,4993
4952,4994
4953,4954
4953,4994
4953,4995
4954,4955
4954,4995
4954,4996
4955,4956
4955,4996
4955,4997
4956,4957
4956,4997
4956,4998
4957,4958
4957,4998
4957,4999
4958,4959
4958,4999
4958,5000
4959,4960
4959,5000
4959,5001
4960,5001
4961,4962
4961,5002
4961,5003
4962,4963
4962,5003
4962,5004
4963,4964
4963,5004
4963,5005
4964,4965
4964,5005
4964,5006
4965,4966
4965,5006
4965,5007
4966,4967
4966,5007
4966,5008
4967,4968
4967,5008
4967,5009
4968,4969
4968,5009
4968,5010
4969,4970
4969,5010
4969,5011
4970,4971
4970,5011
4970,5012
4971,4972
4971,5012
4971,5013
4972,4973
4972,5013
4972,5014
4973,4974
4973,5014
4973,5015
4974,4975
4974,5015
4974,5016
4975,4976
4975,5016
4975,5017
4976,4977
4976,5017
4976,5018
4977,4978
4977,5018
4977,5019
4978,4979
4978,5019
4978,5020
4979,4980
4979,5020
4979,5021
4980,4981
4980,5021
4980,5022
4981,4982
4981,5022
4981,5023
4982,4983
4982,5023
4982,5024
4983,4984
4983,5024
4983,5025
4984,4985
4984,5025
4984,5026
4985,4986
4985,5026
4985,5027
4986,4987
4986,5027
4986,5028
4987,4988
4987,5028
4987,5029
4988,4989
4988,5029
4988,5030
4989,4990
4989,5030
4989,5031
4990,4991
4990,5031
4990,5032
4991,4992
4991,5032
4991,5033
4992,4993
4992,5033
4992,5034
4993,4994
4993,5034
4993,5035
4994,4995
4994,5035
4994,5036
4995,4996
4995,5036
4995,5037
4996,4997
4996,5037
4996,5038
4997,4998
4997,5038
4997,5039
4998,4999
4998,5039
4998,5040
4999,5000
4999,5040
4999,5041
5000,5001
5000,5041
5000,5042
5001,5042
5002,5003
5002,5043
5002,5044
5003,5004
5003,5044
5003,5045
5004,5005
5004,5045
5004,5046
5005,5006
5005,5046
5005,5047
5006,5007
5006,5047
5006,5048
5007,5008
5007,5048
5007,5049
5008,5009
5008,5049
5008,5050
5009,5010
5009,5050
5009,5051
5010,5011
5010,5051
5010,5052
5011,5012
5011,5052
5011,5053
5012,5013
5012,5053
5012,5054
5013,5014
5013,5054
5013,5055
5014,5015
5014,5055
5014,5056
5015,5016
5015,5056
5015,5057
5016,5017
5016,5057
5016,5058
5017,5018
5017,5058
5017,5059
5018,5019
5018,5059
5018,5060
5019,5020
5019,5060
5019,5061
5020,5021
5020,5061
5020,5062
5021,5022
5021,5062
5021,5063
5022,5023
5022,5063
5022,5064
5023,5024
5023,5064
5023,5065
5024,5025
5024,5065
5024,5066
5025,5026
5025,5066
5025,5067
5026,5027
5026,5067
5026,5068
5027,5028
5027,5068
5027,5069
5028,5029
5028,5069
5028,5070
5029,5030
5029,5070
5029,5071
5030,5031
5030,5071
5030,5072
5031,5032
5031,5072
5031,5073
5032,5033
5032,5073
5032,5074
5033,5034
5033,5074
5033,5075
5034,5035
5034,5075
5034,5076
5035,5036
5035,5076
5035,5077
5036,5037
5036,5077
5036,5078
5037,5038
5037,5078
5037,5079
5038,5039
5038,5079
5038,5080
5039,5040
5039,5080
5039,5081
5040,5041
5040,5081
5040,5082
5041,5042
5041,5082
5041,5083
5042,5083
5043,5044
5043,5084
5043,5085
5044,5045
5044,5085
5044,5086
5045,5046
5045,5086
5045,5087
5046,5047
5046,5087
5046,5088
5047,5048
5047,5088
5047,5089
5048,5049
5048,5089
5048,5090
5049,5050
5049,5090
5049,5091
5050,5051
5050,5091
5050,5092
5051,5052
5051,5092
5051,5093
5052,5053
5052,5093
5052,5094
5053,5054
5053,5094
5053,5095
5054,5055
5054,5095
5054,5096
5055,5056
5055,5096
5055,5097
5056,5057
5056,5097
5056,5098
5057,5058
5057,5098
5057,5099
5058,5059
5058,5099
5058,5100
5059,5060
5059,5100
5059,5101
5060,5061
5060,5101
5060,5102
5061,5062
5061,5102
5061,5103
5062,5063
5062,5103
5062,5104
5063,5064
5063,5104
5063,5105
5064,5065
5064,5105
5064,5106
5065,5066
5065,5106
5065,5107
5066,5067
5066,5107
5066,5108
5067,5068
5067,5108
5067,5109
5068,5069
5068,5109
5068,5110
5069,5070
5069,5110
5069,5111
5070,5071
5070,5111
5070,5112
5071,5072
5071,5112
5071,5113
5072,5073
5072,5113
5072,5114
5073,5074
5073,5114
5073,5115
5074,5075
5074,5115
5074,5116
5075,5076
5075,5116
5075,5117
5076,5077
5076,5117
5076,5118
5077,5078
5077,5118
5077,5119
5078,5079
5078,5119
5078,5120
5079,5080
5079,5120
5079,5121
5080,5081
5080,5121
5080,5122
5081,5082
5081,5122
5081,5123
5082,5083
5082,5123
5082,5124
5083,5124
5084,5085
5084,5125
5084,5126
5085,5086
5085,5126
5085,5127
5086,5087
5086,5127
5086,5128
5087,5088
5087,5128
5087,5129
5088,5089
5088,5129
5088,5130
5089,5090
5089,5130
5089,5131
5090,5091
5090,5131
5090,5132
5091,5092
5091,5132
5091,5133
5092,5093
5092,5133
5092,5134
5093,5094
5093,5134
5093,5135
5094,5095
5094,5135
5094,5136
5095,5096
5095,5136
5095,5137
5096,5097
5096,5137
5096,5138
5097,5098
5097,5138
5097,5139
5098,5099
5098,5139
5098,5140
5099,5100
5099,5140
5099,5141
5100,5101
5100,5141
5100,5142
5101,5102
5101,5142
5101,5143
5102,5103
5102,5143
5102,5144
5103,5104
5103,5144
5103,5145
5104,5105
5104,5145
5104,5146
5105,5106
5105,5146
5105,5147
5106,5107
5106,5147
5106,5148
5107,5108
5107,5148
5107,5149
5108,5109
5108,5149
5108,5150
5109,5110
5109,5150
5109,5151
5110,5111
5110,5151
5110,5152
5111,5112
5111,5152
5111,5153
5112,5113
5112,5153
5112,5154
5113,5114
5113,5154
5113,5155
5114,5115
5114,5155
5114,5156
5115,5116
5115,5156
5115,5157
5116,5117
5116,5157
5116,5158
5117,5118
5117,5158
5117,5159
5118,5119
5118,5159
5118,5160
5119,5120
5119,5160
5119,5161
5120,5121
5120,5161
5120,5162
5121,5122
5121,5162
5121,5163
5122,5123
5122,5163
5122,5164
5123,5124
5123,5164
5123,5165
5124,5165
5125,5126
5125,5166
5125,5167
5126,5127
5126,5167
5126,5168
5127,5128
5127,5168
5127,5169
5128,5129
5128,5169
5128,5170
5129,5130
5129,5170
5129,5171
5130,5131
5130,5171
5130,5172
5131,5132
5131,5172
5131,5173
5132,5133
5132,5173
5132,5174
5133,5134
5133,5174
5133,5175
5134,5135
5134,5175
5134,5176
5135,5136
5135,5176
5135,5177
5136,5137
5136,5177
5136,5178
5137,5138
5137,5178
5137,5179
5138,5139
5138,5179
5138,5180
5139,5140
5139,5180
5139,5181
5140,5141
5140,5181
5140,5182
5141,5142
5141,5182
5141,5183
5142,5143
5142,5183
5142,5184
5143,5144
5143,5184
5143,5185
5144,5145
5144,5185
5144,5186
5145,5146
5145,5186
5145,5187
5146,5147
5146,5187
5146,5188
5147,5148
5147,5188
5147,5189
5148,5149
5148,5189
5148,5190
5149,5150
5149,5190
5149,5191
5150,5151
5150,5191
5150,5192
5151,5152
5151,5192
5151,5193
5152,5153
5152,5193
5152,5194
5153,5154
5153,5194
5153,5195
5154,5155
5154,5195
5154,5196
5155,5156
5155,5196
5155,5197
5156,5157
5156,5197
5156,5198
5157,5158
5157,5198
5157,5199
5158,5159
5158,5199
5158,5200
5159,5160
5159,5200
5159,5201
5160,5161
5160,5201
5160,5202
5161,5162
5161,5202
5161,5203
5162,5163
5162,5203
5162,5204
5163,5164
5163,5204
5163,5205
5164,5165
5164,5205
5164,5206
5165,5206
5166,5167
5166,5207
5166,5208
5167,5168
5167,5208
5167,5209
5168,5169
5168,5209
5168,5210
5169,5170
5169,5210
5169,5211
5170,5171
5170,5211
5170,5212
5171,5172
5171,5212
5171,5213
5172,5173
5172,5213
5172,5214
5173,5174
5173,5214
5173,5215
5174,5175
5174,5215
5174,5216
5175,5176
5175,5216
5175,5217
5176,5177
5176,5217
5176,5218
5177,5178
5177,5218
5177,5219
5178,5179
5178,5219
5178,5220
5179,5180
5179,5220
5179,5221
5180,5181
5180,5221
5180,5222
5181,5182
5181,5222
5181,5223
5182,5183
5182,5223
5182,5224
5183,5184
5183,5224
5183,5225
5184,5185
5184,5225
5184,5226
5185,5186
5185,5226
5185,5227
5186,5187
5186,5227
5186,5228
5187,5188
5187,5228
5187,5229
5188,5189
5188,5229
5188,5230
5189,5190
5189,5230
5189,5231
5190,5191
5190,5231
5190,5232
5191,5192
5191,5232
5191,5233
5192,5193
5192,5233
5192,5234
5193,5194
5193,5234
5193,5235
5194,5195
5194,5235
5194,5236
5195,5196
5195,5236
5195,5237
5196,5197
5196,5237
5196,5238
5197,5198
5197,5238
5197,5239
5198,5199
5198,5239
5198,5240
5199,5200
5199,5240
5199,5241
5200,5201
5200,5241
5200,5242
5201,5202
5201,5242
5201,5243
5202,5203
5202,5243
5202,5244
5203,5204
5203,5244
5203,5245
5204,5205
5204,5245
5204,5246
5205,5206
5205,5246
5205,5247
5206,5247
5207,5208
5207,5248
5207,5249
5208,5209
5208,5249
5208,5250
5209,5210
5209,5250
5209,5251
5210,5211
5210,5251
5210,5252
5211,5212
5211,5252
5211,5253
5212,5213
5212,5253
5212,5254
5213,5214
5213,5254
5213,5255
5214,5215
5214,5255
5214,5256
5215,5216
5215,5256
5215,5257
5216,5217
5216,5257
5216,5258
5217,5218
5217,5258
5217,5259
5218,5219
5218,5259
5218,5260
5219,5220
5219,5260
5219,5261
5220,5221
5220,5261
5220,5262
5221,5222
5221,5262
5221,5263
5222,5223
5222,5263
5222,5264
5223,5224
5223,5264
5223,5265
5224,5225
5224,5265
5224,5266
5225,5226
5225,5266
5225,5267
5226,5227
5226,5267
5226,5268
5227,5228
5227,5268
5227,5269
5228,5229
5228,5269
5228,5270
5229,5230
5229,5270
5229,5271
5230,5231
5230,5271
5230,5272
5231,5232
5231,5272
5231,5273
5232,5233
5232,5273
5232,5274
5233,5234
5233,5274
5233,5275
5234,5235
5234,5275
5234,5276
5235,5236
5235,5276
5235,5277
5236,5237
5236,5277
5236,5278
5237,5238
5237,5278
5237,5279
5238,5239
5238,5279
5238,5280
5239,5240
5239,5280
5239,5281
5240,5241
5240,5281
5240,5282
5241,5242
5241,5282
5241,5283
5242,5243
5242,5283
5242,5284
5243,5244
5243,5284
5243,5285
5244,5245
5244,5285
5244,5286
5245,5246
5245,5286
5245,5287
5246,5247
5246,5287
5246,5288
5247,5288
5248,5249
5248,5289
5248,5290
5249,5250
5249,5290
5249,5291
5250,5251
5250,5291
5250,5292
5251,5252
5251,5292
5251,5293
5252,5253
5252,5293
5252,5294
5253,5254
5253,5294
5253,5295
5254,5255
5254,5295
5254,5296
5255,5256
5255,5296
5255,5297
5256,5257
5256,5297
5256,5298
5257,5258
5257,5298
5257,5299
5258,5259
5258,5299
5258,5300
5259,5260
5259,5300
5259,5301
5260,5261
5260,5301
5260,5302
5261,5262
5261,5302
5261,5303
5262,5263
5262,5303
5262,5304
5263,5264
5263,5304
5263,5305
5264,5265
5264,5305
5264,5306
5265,5266
5265,5306
5265,5307
5266,5267
5266,5307
5266,5308
5267,5268
5267,5308
5267,5309
5268,5269
5268,5309
5268,5310
5269,5270
5269,5310
5269,5311
5270,5271
5270,5311
5270,5312
5271,5272
5271,5312
5271,5313
5272,5273
5272,5313
5272,5314
5273,5274
5273,5314
5273,5315
5274,5275
5274,5315
5274,5316
5275,5276
5275,5316
5275,5317
5276,5277
5276,5317
5276,5318
5277,5278
5277,5318
5277,5319
5278,5279
5278,5319
5278,5320
5279,5280
5279,5320
5279,5321
5280,5281
5280,5321
5280,5322
5281,5282
5281,5322
5281,5323
5282,5283
5282,5323
5282,5324
5283,5284
5283,5324
5283,5325
5284,5285
5284,5325
5284,5326
5285,5286
5285,5326
5285,5327
5286,5287
5286,5327
5286,5328
5287,5288
5287,5328
5287,5329
5288,5329
5289,5290
5289,5330
5289,5331
5290,5291
5290,5331
5290,5332
5291,5292
5291,5332
5291,5333
5292,5293
5292,5333
5292,5334
5293,5294
5293,5334
5293,5335
5294,5295
5294,5335
5294,5336
5295,5296
5295,5336
5295,5337
5296,5297
5296,5337
5296,5338
5297,5298
5297,5338
5297,5339
5298,5299
5298,5339
5298,5340
5299,5300
5299,5340
5299,5341
5300,5301
5300,5341
5300,5342
5301,5302
5301,5342
5301,5343
5302,5303
5302,5343
5302,5344
5303,5304
5303,5344
5303,5345
5304,5305
5304,5345
5304,5346
5305,5306
5305,5346
5305,5347
5306,5307
5306,5347
5306,5348
5307,5308
5307,5348
5307,5349
5308,5309
5308,5349
5308,5350
5309,5310
5309,5350
5309,5351
5310,5311
5310,5351
5310,5352
5311,5312
5311,5352
5311,5353
5312,5313
5312,5353
5312,5354
5313,5314
5313,5354
5313,5355
5314,5315
5314,5355
5314,5356
5315,5316
5315,5356
5315,5357
5316,5317
5316,5357
5316,5358
5317,5318
5317,5358
5317,5359
5318,5319
5318,5359
5318,5360
5319,5320
5319,5360
5319,5361
5320,5321
5320,5361
5320,5362
5321,5322
5321,5362
5321,5363
5322,5323
5322,5363
5322,5364
5323,5324
5323,5364
5323,5365
5324,5325
5324,5365
5324,5366
5325,5326
5325,5366
5325,5367
5326,5327
5326,5367
5326,5368
5327,5328
5327,5368
5327,5369
5328,5329
5328,5369
5328,5370
5329,5370
5330,5331
5330,5371
5330,5372
5331,5332
5331,5372
5331,5373
5332,5333
5332,5373
5332,5374
5333,5334
5333,5374
5333,5375
5334,5335
5334,5375
5334,5376
5335,5336
5335,5376
5335,5377
5336,5337
5336,5377
5336,5378
5337,5338
5337,5378
5337,5379
5338,5339
5338,5379
5338,5380
5339,5340
5339,5380
5339,5381
5340,5341
5340,5381
5340,5382
5341,5342
5341,5382
5341,5383
5342,5343
5342,5383
5342,5384
5343,5344
5343,5384
5343,5385
5344,5345
5344,5385
5344,5386
5345,5346
5345,5386
5345,5387
5346,5347
5346,5387
5346,5388
5347,5348
5347,5388
5347,5389
5348,5349
5348,5389
5348,5390
5349,5350
5349,5390
5349,5391
5350,5351
5350,5391
5350,5392
5351,5352
5351,5392
5351,5393
5352,5353
5352,5393
5352,5394
5353,5354
5353,5394
5353,5395
5354,5355
5354,5395
5354,5396
5355,5356
5355,5396
5355,5397
5356,5357
5356,5397
5356,5398
5357,5358
5357,5398
5357,5399
5358,5359
5358,5399
5358,5400
5359,5360
5359,5400
5359,5401
5360,5361
5360,5401
5360,5402
5361,5362
5361,5402
5361,5403
5362,5363
5362,5403
5362,5404
5363,5364
5363,5404
5363,5405
5364,5365
5364,5405
5364,5406
5365,5366
5365,5406
5365,5407
5366,5367
5366,5407
5366,5408
5367,5368
5367,5408
5367,5409
5368,5369
5368,5409
5368,5410
5369,5370
5369,5410
5369,5411
5370,5411
5371,5372
5371,5412
5371,5413
5372,5373
5372,5413
5372,5414
5373,5374
5373,5414
5373,5415
5374,5375
5374,5415
5374,5416
5375,5376
5375,5416
5375,5417
5376,5377
5376,5417
5376,5418
5377,5378
5377,5418
5377,5419
5378,5379
5378,5419
5378,5420
5379,5380
5379,5420
5379,5421
5380,5381
5380,5421
5380,5422
5381,5382
5381,5422
5381,5423
5382,5383
5382,5423
5382,5424
5383,5384
5383,5424
5383,5425
5384,5385
5384,5425
5384,5426
5385,5386
5385,5426
5385,5427
5386,5387
5386,5427
5386,5428
5387,5388
5387,5428
5387,5429
5388,5389
5388,5429
5388,5430
5389,5390
5389,5430
5389,5431
5390,5391
5390,5431
5390,5432
5391,5392
5391,5432
5391,5433
5392,5393
5392,5433
5392,5434
5393,5394
5393,5434
5393,5435
5394,5395
5394,5435
5394,5436
5395,5396
5395,5436
5395,5437
5396,5397
5396,5437
5396,5438
5397,5398
5397,5438
5397,5439
5398,5399
5398,5439
5398,5440
5399,5400
5399,5440
5399,5441
5400,5401
5400,5441
5400,5442
5401,5402
5401,5442
5401,5443
5402,5403
5402,5443
5402,5444
5403,5404
5403,5444
5403,5445
5404,5405
5404,5445
5404,5446
5405,5406
5405,5446
5405,5447
5406,5407
5406,5447
5406,5448
5407,5408
5407,5448
5407,5449
5408,5409
5408,5449
5408,5450
5409,5410
5409,5450
5409,5451
5410,5411
5410,5451
5410,5452
5411,5452
5412,5413
5412,5453
5412,5454
5413,5414
5413,5454
5413,5455
5414,5415
5414,5455
5414,5456
5415,5416
5415,5456
5415,5457
5416,5417
5416,5457
5416,5458
5417,5418
5417,5458
5417,5459
5418,5419
5418,5459
5418,5460
5419,5420
5419,5460
5419,5461
5420,5421
5420,5461
5420,5462
5421,5422
5421,5462
5421,5463
5422,5423
5422,5463
5422,5464
5423,5424
5423,5464
5423,5465
5424,5425
5424,5465
5424,5466
5425,5426
5425,5466
5425,5467
5426,5427
5426,5467
5426,5468
5427,5428
5427,5468
5427,5469
5428,5429
5428,5469
5428,5470
5429,5430
5429,5470
5429,5471
5430,5431
5430,5471
5430,5472
5431,5432
5431,5472
5431,5473
5432,5433
5432,5473
5432,5474
5433,5434
5433,5474
5433,5475
5434,5435
5434,5475
5434,5476
5435,5436
5435,5476
5435,5477
5436,5437
5436,5477
5436,5478
5437,5438
5437,5478
5437,5479
5438,5439
5438,5479
5438,5480
5439,5440
5439,5480
5439,5481
5440,5441
5440,5481
5440,5482
5441,5442
5441,5482
5441,5483
5442,5443
5442,5483
5442,5484
5443,5444
5443,5484
5443,5485
5444,5445
5444,5485
5444,5486
5445,5446
5445,5486
5445,5487
5446,5447
5446,5487
5446,5488
5447,5448
5447,5488
5447,5489
5448,5449
5448,5489
5448,5490
5449,5450
5449,5490
5449,5491
5450,5451
5450,5491
5450,5492
5451,5452
5451,5492
5451,5493
5452,5493
5453,5454
5453,5494
5453,5495
5454,5455
5454,5495
5454,5496
5455,5456
5455,5496
5455,5497
5456,5457
5456,5497
5456,5498
5457,5458
5457,5498
5457,5499
5458,5459
5458,5499
5458,5500
5459,5460
5459,5500
5459,5501
5460,5461
5460,5501
5460,5502
5461,5462
5461,5502
5461,5503
5462,5463
5462,5503
5462,5504
5463,5464
5463,5504
5463,5505
5464,5465
5464,5505
5464,5506
5465,5466
5465,5506
5465,5507
5466,5467
5466,5507
5466,5508
5467,5468
5467,5508
5467,5509
5468,5469
5468,5509
5468,5510
5469,5470
5469,5510
5469,5511
5470,5471
5470,5511
5470,5512
5471,5472
5471,5512
5471,5513
5472,5473
5472,5513
5472,5514
5473,5474
5473,5514
5473,5515
5474,5475
5474,5515
5474,5516
5475,5476
5475,5516
5475,5517
5476,5477
5476,5517
5476,5518
5477,5478
5477,5518
5477,5519
5478,5479
5478,5519
5478,5520
5479,5480
5479,5520
5479,5521
5480,5481
5480,5521
5480,5522
5481,5482
5481,5522
5481,5523
5482,5483
5482,5523
5482,5524
5483,5484
5483,5524
5483,5525
5484,5485
5484,5525
5484,5526
5485,5486
5485,5526
5485,5527
5486,5487
5486,5527
5486,5528
5487,5488
5487,5528
5487,5529
5488,5489
5488,5529
5488,5530
5489,5490
5489,5530
5489,5531
5490,5491
5490,5531
5490,5532
5491,5492
5491,5532
5491,5533
5492,5493
5492,5533
5492,5534
5493,5534
5494,5495
5494,5535
5494,5536
5495,5496
5495,5536
5495,5537
5496,5497
5496,5537
5496,5538
5497,5498
5497,5538
5497,5539
5498,5499
5498,5539
5498,5540
5499,5500
5499,5540
5499,5541
5500,5501
5500,5541
5500,5542
5501,5502
5501,5542
5501,5543
5502,5503
5502,5543
5502,5544
5503,5504
5503,5544
5503,5545
5504,5505
5504,5545
5504,5546
5505,5506
5505,5546
5505,5547
5506,5507
5506,5547
5506,5548
5507,5508
5507,5548
5507,5549
5508,5509
5508,5549
5508,5550
5509,5510
5509,5550
5509,5551
5510,5511
5510,5551
5510,5552
5511,5512
5511,5552
5511,5553
5512,5513
5512,5553
5512,5554
5513,5514
5513,5554
5513,5555
5514,5515
5514,5555
5514,5556
5515,5516
5515,5556
5515,5557
5516,5517
5516,5557
5516,5558
5517,5518
5517,5558
5517,5559
5518,5519
5518,5559
5518,5560
5519,5520
5519,5560
5519,5561
5520,5521
5520,5561
5520,5562
5521,5522
5521,5562
5521,5563
5522,5523
5522,5563
5522,5564
5523,5524
5523,5564
5523,5565
5524,5525
5524,5565
5524,5566
5525,5526
5525,5566
5525,5567
5526,5527
5526,5567
5526,5568
5527,5528
5527,5568
5527,5569
5528,5529
5528,5569
5528,5570
5529,5530
5529,5570
5529,5571
5530,5531
5530,5571
5530,5572
5531,5532
5531,5572
5531,5573
5532,5533
5532,5573
5532,5574
5533,5534
5533,5574
5533,5575
5534,5575
5535,5536
5535,5576
5535,5577
5536,5537
5536,5577
5536,5578
5537,5538
5537,5578
5537,5579
5538,5539
5538,5579
5538,5580
5539,5540
5539,5580
5539,5581
5540,5541
5540,5581
5540,5582
5541,5542
5541,5582
5541,5583
5542,5543
5542,5583
5542,5584
5543,5544
5543,5584
5543,5585
5544,5545
5544,5585
5544,5586
5545,5546
5545,5586
5545,5587
5546,5547
5546,5587
5546,5588
5547,5548
5547,5588
5547,5589
5548,5549
5548,5589
5548,5590
5549,5550
5549,5590
5549,5591
5550,5551
5550,5591
5550,5592
5551,5552
5551,5592
5551,5593
5552,5553
5552,5593
5552,5594
5553,5554
5553,5594
5553,5595
5554,5555
5554,5595
5554,5596
5555,5556
5555,5596
5555,5597
5556,5557
5556,5597
5556,5598
5557,5558
5557,5598
5557,5599
5558,5559
5558,5599
5558,5600
5559,5560
5559,5600
5559,5601
5560,5561
5560,5601
5560,5602
5561,5562
5561,5602
5561,5603
5562,5563
5562,5603
5562,5604
5563,5564
5563,5604
5563,5605
5564,5565
5564,5605
5564,5606
5565,5566
5565,5606
5565,5607
5566,5567
5566,5607
5566,5608
5567,5568
5567,5608
5567,5609
5568,5569
5568,5609
5568,5610
5569,5570
5569,5610
5569,5611
5570,5571
5570,5611
5570,5612
5571,5572
5571,5612
5571,5613
5572,5573
5572,5613
5572,5614
5573,5574
5573,5614
5573,5615
5574,5575
5574,5615
5574,5616
5575,5616
5576,5577
5576,5617
5576,5618
5577,5578
5577,5618
5577,5619
5578,5579
5578,5619
5578,5620
5579,5580
5579,5620
5579,5621
5580,5581
5580,5621
5580,5622
5581,5582
5581,5622
5581,5623
5582,5583
5582,5623
5582,5624
5583,5584
5583,5624
5583,5625
5584,5585
5584,5625
5584,5626
5585,5586
5585,5626
5585,5627
5586,5587
5586,5627
5586,5628
5587,5588
5587,5628
5587,5629
5588,5589
5588,5629
5588,5630
5589,5590
5589,5630
5589,5631
5590,5591
5590,5631
5590,5632
5591,5592
5591,5632
5591,5633
5592,5593
5592,5633
5592,5634
5593,5594
5593,5634
5593,5635
5594,5595
5594,5635
5594,5636
5595,5596
5595,5636
5595,5637
5596,5597
5596,5637
5596,5638
5597,5598
5597,5638
5597,5639
5598,5599
5598,5639
5598,5640
5599,5600
5599,5640
5599,5641
5600,5601
5600,5641
5600,5642
5601,5602
5601,5642
5601,5643
5602,5603
5602,5643
5602,5644
5603,5604
5603,5644
5603,5645
5604,5605
5604,5645
5604,5646
5605,5606
5605,5646
5605,5647
5606,5607
5606,5647
5606,5648
5607,5608
5607,5648
5607,5649
5608,5609
5608,5649
5608,5650
5609,5610
5609,5650
5609,5651
5610,5611
5610,5651
5610,5652
5611,5612
5611,5652
5611,5653
5612,5613
5612,5653
5612,5654
5613,5614
5613,5654
5613,5655
5614,5615
5614,5655
5614,5656
5615,5616
5615,5656
5615,5657
5616,5657
5617,5618
5617,5658
5617,5659
5618,5619
5618,5659
5618,5660
5619,5620
5619,5660
5619,5661
5620,5621
5620,5661
5620,5662
5621,5622
5621,5662
5621,5663
5622,5623
5622,5663
5622,5664
5623,5624
5623,5664
5623,5665
5624,5625
5624,5665
5624,5666
5625,5626
5625,5666
5625,5667
5626,5627
5626,5667
5626,5668
5627,5628
5627,5668
5627,5669
5628,5629
5628,5669
5628,5670
5629,5630
5629,5670
5629,5671
5630,5631
5630,5671
5630,5672
5631,5632
5631,5672
5631,5673
5632,5633
5632,5673
5632,5674
5633,5634
5633,5674
5633,5675
5634,5635
5634,5675
5634,5676
5635,5636
5635,5676
5635,5677
5636,5637
5636,5677
5636,5678
5637,5638
5637,5678
5637,5679
5638,5639
5638,5679
5638,5680
5639,5640
5639,5680
5639,5681
5640,5641
5640,5681
5640,5682
5641,5642
5641,5682
5641,5683
5642,5643
5642,5683
5642,5684
5643,5644
5643,5684
5643,5685
5644,5645
5644,5685
5644,5686
5645,5646
5645,5686
5645,5687
5646,5647
5646,5687
5646,5688
5647,5648
5647,5688
5647,5689
5648,5649
5648,5689
5648,5690
5649,5650
5649,5690
5649,5691
5650,5651
5650,5691
5650,5692
5651,5652
5651,5692
5651,5693
5652,5653
5652,5693
5652,5694
5653,5654
5653,5694
5653,5695
5654,5655
5654,5695
5654,5696
5655,5656
5655,5696
5655,5697
5656,5657
5656,5697
5656,5698
5657,5698
5658,5659
5658,5699
5658,5700
5659,5660
5659,5700
5659,5701
5660,5661
5660,5701
5660,5702
5661,5662
5661,5702
5661,5703
5662,5663
5662,5703
5662,5704
5663,5664
5663,5704
5663,5705
5664,5665
5664,5705
5664,5706
5665,5666
5665,5706
5665,5707
5666,5667
5666,5707
5666,5708
5667,5668
5667,5708
5667,5709
5668,5669
5668,5709
5668,5710
5669,5670
5669,5710
5669,5711
5670,5671
5670,5711
5670,5712
5671,5672
5671,5712
5671,5713
5672,5673
5672,5713
5672,5714
5673,5674
5673,5714
5673,5715
5674,5675
5674,5715
5674,5716
5675,5676
5675,5716
5675,5717
5676,5677
5676,5717
5676,5718
5677,5678
5677,5718
5677,5719
5678,5679
5678,5719
5678,5720
5679,5680
5679,5720
5679,5721
5680,5681
5680,5721
5680,5722
5681,5682
5681,5722
5681,5723
5682,5683
5682,5723
5682,5724
5683,5684
5683,5724
5683,5725
5684,5685
5684,5725
5684,5726
5685,5686
5685,5726
5685,5727
5686,5687
5686,5727
5686,5728
5687,5688
5687,5728
5687,5729
5688,5689
5688,5729
5688,5730
5689,5690
5689,5730
5689,5731
5690,5691
5690,5731
5690,5732
5691,5692
5691,5732
5691,5733
5692,5693
5692,5733
5692,5734
5693,5694
5693,5734
5693,5735
5694,5695
5694,5735
5694,5736
5695,5696
5695,5736
5695,5737
5696,5697
5696,5737
5696,5738
5697,5698
5697,5738
5697,5739
5698,5739
5699,5700
5699,5740
5699,5741
5700,5701
5700,5741
5700,5742
5701,5702
5701,5742
5701,5743
5702,5703
5702,5743
5702,5744
5703,5704
5703,5744
5703,5745
5704,5705
5704,5745
5704,5746
5705,5706
5705,5746
5705,5747
5706,5707
5706,5747
5706,5748
5707,5708
5707,5748
5707,5749
5708,5709
5708,5749
5708,5750
5709,5710
5709,5750
5709,5751
5710,5711
5710,5751
5710,5752
5711,5712
5711,5752
5711,5753
5712,5713
5712,5753
5712,5754
5713,5714
5713,5754
5713,5755
5714,5715
5714,5755
5714,5756
5715,5716
5715,5756
5715,5757
5716,5717
5716,5757
5716,5758
5717,5718
5717,5758
5717,5759
5718,5719
5718,5759
5718,5760
5719,5720
5719,5760
5719,5761
5720,5721
5720,5761
5720,5762
5721,5722
5721,5762
5721,5763
5722,5723
5722,5763
5722,5764
5723,5724
5723,5764
5723,5765
5724,5725
5724,5765
5724,5766
5725,5726
5725,5766
5725,5767
5726,5727
5726,5767
5726,5768
5727,5728
5727,5768
5727,5769
5728,5729
5728,5769
5728,5770
5729,5730
5729,5770
5729,5771
5730,5731
5730,5771
5730,5772
5731,5732
5731,5772
5731,5773
5732,5733
5732,5773
5732,5774
5733,5734
5733,5774
5733,5775
5734,5735
5734,5775
5734,5776
5735,5736
5735,5776
5735,5777
5736,5737
5736,5777
5736,5778
5737,5738
5737,5778
5737,5779
5738,5739
5738,5779
5738,5780
5739,5780
5740,5741
5740,5781
5740,5782
5741,5742
5741,5782
5741,5783
5742,5743
5742,5783
5742,5784
5743,5744
5743,5784
5743,5785
5744,5745
5744,5785
5744,5786
5745,5746
5745,5786
5745,5787
5746,5747
5746,5787
5746,5788
5747,5748
5747,5788
5747,5789
5748,5749
5748,5789
5748,5790
5749,5750
5749,5790
5749,5791
5750,5751
5750,5791
5750,5792
5751,5752
5751,5792
5751,5793
5752,5753
5752,5793
5752,5794
5753,5754
5753,5794
5753,5795
5754,5755
5754,5795
5754,5796
5755,5756
5755,5796
5755,5797
5756,5757
5756,5797
5756,5798
5757,5758
5757,5798
5757,5799
5758,5759
5758,5799
5758,5800
5759,5760
5759,5800
5759,5801
5760,5761
5760,5801
5760,5802
5761,5762
5761,5802
5761,5803
5762,5763
5762,5803
5762,5804
5763,5764
5763,5804
5763,5805
5764,5765
5764,5805
5764,5806
5765,5766
5765,5806
5765,5807
5766,5767
5766,5807
5766,5808
5767,5768
5767,5808
5767,5809
5768,5769
5768,5809
5768,5810
5769,5770
5769,5810
5769,5811
5770,5771
5770,5811
5770,5812
5771,5772
5771,5812
5771,5813
5772,5773
5772,5813
5772,5814
5773,5774
5773,5814
5773,5815
5774,5775
5774,5815
5774,5816
5775,5776
5775,5816
5775,5817
5776,5777
5776,5817
5776,5818
5777,5778
5777,5818
5777,5819
5778,5779
5778,5819
5778,5820
5779,5780
5779,5820
5779,5821
5780,5821
5781,5782
5781,5822
5781,5823
5782,5783
5782,5823
5782,5824
5783,5784
5783,5824
5783,5825
5784,5785
5784,5825
5784,5826
5785,5786
5785,5826
5785,5827
5786,5787
5786,5827
5786,5828
5787,5788
5787,5828
5787,5829
5788,5789
5788,5829
5788,5830
5789,5790
5789,5830
5789,5831
5790,5791
5790,5831
5790,5832
5791,5792
5791,5832
5791,5833
5792,5793
5792,5833
5792,5834
5793,5794
5793,5834
5793,5835
5794,5795
5794,5835
5794,5836
5795,5796
5795,5836
5795,5837
5796,5797
5796,5837
5796,5838
5797,5798
5797,5838
5797,5839
5798,5799
5798,5839
5798,5840
5799,5800
5799,5840
5799,5841
5800,5801
5800,5841
5800,5842
5801,5802
5801,5842
5801,5843
5802,5803
5802,5843
5802,5844
5803,5804
5803,5844
5803,5845
5804,5805
5804,5845
5804,5846
5805,5806
5805,5846
5805,5847
5806,5807
5806,5847
5806,5848
5807,5808
5807,5848
5807,5849
5808,5809
5808,5849
5808,5850
5809,5810
5809,5850
5809,5851
5810,5811
5810,5851
5810,5852
5811,5812
5811,5852
5811,5853
5812,5813
5812,5853
5812,5854
5813,5814
5813,5854
5813,5855
5814,5815
5814,5855
5814,5856
5815,5816
5815,5856
5815,5857
5816,5817
5816,5857
5816,5858
5817,5818
5817,5858
5817,5859
5818,5819
5818,5859
5818,5860
5819,5820
5819,5860
5819,5861
5820,5821
5820,5861
5820,5862
5821,5862
5822,5823
5822,5863
5822,5864
5823,5824
5823,5864
5823,5865
5824,5825
5824,5865
5824,5866
5825,5826
5825,5866
5825,5867
5826,5827
5826,5867
5826,5868
5827,5828
5827,5868
5827,5869
5828,5829
5828,5869
5828,5870
5829,5830
5829,5870
5829,5871
5830,5831
5830,5871
5830,5872
5831,5832
5831,5872
5831,5873
5832,5833
5832,5873
5832,5874
5833,5834
5833,5874
5833,5875
5834,5835
5834,5875
5834,5876
5835,5836
5835,5876
5835,5877
5836,5837
5836,5877
5836,5878
5837,5838
5837,5878
5837,5879
5838,5839
5838,5879
5838,5880
5839,5840
5839,5880
5839,5881
5840,5841
5840,5881
5840,5882
5841,5842
5841,5882
5841,5883
5842,5843
5842,5883
5842,5884
5843,5844
5843,5884
5843,5885
5844,5845
5844,5885
5844,5886
5845,5846
5845,5886
5845,5887
5846,5847
5846,5887
5846,5888
5847,5848
5847,5888
5847,5889
5848,5849
5848,5889
5848,5890
5849,5850
5849,5890
5849,5891
5850,5851
5850,5891
5850,5892
5851,5852
5851,5892
5851,5893
5852,5853
5852,5893
5852,5894
5853,5854
5853,5894
5853,5895
5854,5855
5854,5895
5854,5896
5855,5856
5855,5896
5855,5897
5856,5857
5856,5897
5856,5898
5857,5858
5857,5898
5857,5899
5858,5859
5858,5899
5858,5900
5859,5860
5859,5900
5859,5901
5860,5861
5860,5901
5860,5902
5861,5862
5861,5902
5861,5903
5862,5903
5863,5864
5863,5904
5863,5905
5864,5865
5864,5905
5864,5906
5865,5866
5865,5906
5865,5907
5866,5867
5866,5907
5866,5908
5867,5868
5867,5908
5867,5909
5868,5869
5868,5909
5868,5910
5869,5870
5869,5910
5869,5911
5870,5871
5870,5911
5870,5912
5871,5872
5871,5912
5871,5913
5872,5873
5872,5913
5872,5914
5873,5874
5873,5914
5873,5915
5874,5875
5874,5915
5874,5916
5875,5876
5875,5916
5875,5917
5876,5877
5876,5917
5876,5918
5877,5878
5877,5918
5877,5919
5878,5879
5878,5919
5878,5920
5879,5880
5879,5920
5879,5921
5880,5881
5880,5921
5880,5922
5881,5882
5881,5922
5881,5923
5882,5883
5882,5923
5882,5924
5883,5884
5883,5924
5883,5925
5884,5885
5884,5925
5884,5926
5885,5886
5885,5926
5885,5927
5886,5887
5886,5927
5886,5928
5887,5888
5887,5928
5887,5929
5888,5889
5888,5929
5888,5930
5889,5890
5889,5930
5889,5931
5890,5891
5890,5931
5890,5932
5891,5892
5891,5932
5891,5933
5892,5893
5892,5933
5892,5934
5893,5894
5893,5934
5893,5935
5894,5895
5894,5935
5894,5936
5895,5896
5895,5936
5895,5937
5896,5897
5896,5937
5896,5938
5897,5898
5897,5938
5897,5939
5898,5899
5898,5939
5898,5940
5899,5900
5899,5940
5899,5941
5900,5901
5900,5941
5900,5942
5901,5902
5901,5942
5901,5943
5902,5903
5902,5943
5902,5944
5903,5944
5904,5905
5904,5945
5904,5946
5905,5906
5905,5946
5905,5947
5906,5907
5906,5947
5906,5948
5907,5908
5907,5948
5907,5949
5908,5909
5908,5949
5908,5950
5909,5910
5909,5950
5909,5951
5910,5911
5910,5951
5910,5952
5911,5912
5911,5952
5911,5953
5912,5913
5912,5953
5912,5954
5913,5914
5913,5954
5913,5955
5914,5915
5914,5955
5914,5956
5915,5916
5915,5956
5915,5957
5916,5917
5916,5957
5916,5958
5917,5918
5917,5958
5917,5959
5918,5919
5918,5959
5918,5960
5919,5920
5919,5960
5919,5961
5920,5921
5920,5961
5920,5962
5921,5922
5921,5962
5921,5963
5922,5923
5922,5963
5922,5964
5923,5924
5923,5964
5923,5965
5924,5925
5924,5965
5924,5966
5925,5926
5925,5966
5925,5967
5926,5927
5926,5967
5926,5968
5927,5928
5927,5968
5927,5969
5928,5929
5928,5969
5928,5970
5929,5930
5929,5970
5929,5971
5930,5931
5930,5971
5930,5972
5931,5932
5931,5972
5931,5973
5932,5933
5932,5973
5932,5974
5933,5934
5933,5974
5933,5975
5934,5935
5934,5975
5934,5976
5935,5936
5935,5976
5935,5977
5936,5937
5936,5977
5936,5978
5937,5938
5937,5978
5937,5979
5938,5939
5938,5979
5938,5980
5939,5940
5939,5980
5939,5981
5940,5941
5940,5981
5940,5982
5941,5942
5941,5982
5941,5983
5942,5943
5942,5983
5942,5984
5943,5944
5943,5984
5943,5985
5944,5985
5945,5946
5945,5986
5945,5987
5946,5947
5946,5987
5946,5988
5947,5948
5947,5988
5947,5989
5948,5949
5948,5989
5948,5990
5949,5950
5949,5990
5949,5991
5950,5951
5950,5991
5950,5992
5951,5952
5951,5992
5951,5993
5952,5953
5952,5993
5952,5994
5953,5954
5953,5994
5953,5995
5954,5955
5954,5995
5954,5996
5955,5956
5955,5996
5955,5997
5956,5957
5956,5997
5956,5998
5957,5958
5957,5998
5957,5999
5958,5959
5958,5999
5958,6000
5959,5960
5959,6000
5959,6001
5960,5961
5960,6001
5960,6002
5961,5962
5961,6002
5961,6003
5962,5963
5962,6003
5962,6004
5963,5964
5963,6004
5963,6005
5964,5965
5964,6005
5964,6006
5965,5966
5965,6006
5965,6007
5966,5967
5966,6007
5966,6008
5967,5968
5967,6008
5967,6009
5968,5969
5968,6009
5968,6010
5969,5970
5969,6010
5969,6011
5970,5971
5970,6011
5970,6012
5971,5972
5971,6012
5971,6013
5972,5973
5972,6013
5972,6014
5973,5974
5973,6014
5973,6015
5974,5975
5974,6015
5974,6016
5975,5976
5975,6016
5975,6017
5976,5977
5976,6017
5976,6018
5977,5978
5977,6018
5977,6019
5978,5979
5978,6019
5978,6020
5979,5980
5979,6020
5979,6021
5980,5981
5980,6021
5980,6022
5981,5982
5981,6022
5981,6023
5982,5983
5982,6023
5982,6024
5983,5984
5983,6024
5983,6025
5984,5985
5984,6025
5984,6026
5985,6026
5986,5987
5986,6027
5986,6028
5987,5988
5987,6028
5987,6029
5988,5989
5988,6029
5988,6030
5989,5990
5989,6030
5989,6031
5990,5991
5990,6031
5990,6032
5991,5992
5991,6032
5991,6033
5992,5993
5992,6033
5992,6034
5993,5994
5993,6034
5993,6035
5994,5995
5994,6035
5994,6036
5995,5996
5995,6036
5995,6037
5996,5997
5996,6037
5996,6038
5997,5998
5997,6038
5997,6039
5998,5999
5998,6039
5998,6040
5999,6000
5999,6040
5999,6041
6000,6001
6000,6041
6000,6042
6001,6002
6001,6042
6001,6043
6002,6003
6002,6043
6002,6044
6003,6004
6003,6044
6003,6045
6004,6005
6004,6045
6004,6046
6005,6006
6005,6046
6005,6047
6006,6007
6006,6047
6006,6048
6007,6008
6007,6048
6007,6049
6008,6009
6008,6049
6008,6050
6009,6010
6009,6050
6009,6051
6010,6011
6010,6051
6010,6052
6011,6012
6011,6052
6011,6053
6012,6013
6012,6053
6012,6054
6013,6014
6013,6054
6013,6055
6014,6015
6014,6055
6014,6056
6015,6016
6015,6056
6015,6057
6016,6017
6016,6057
6016,6058
6017,6018
6017,6058
6017,6059
6018,6019
6018,6059
6018,6060
6019,6020
6019,6060
6019,6061
6020,6021
6020,6061
6020,6062
6021,6022
6021,6062
6021,6063
6022,6023
6022,6063
6022,6064
6023,6024
6023,6064
6023,6065
6024,6025
6024,6065
6024,6066
6025,6026
6025,6066
6025,6067
6026,6067
6027,6028
6027,6068
6027,6069
6028,6029
6028,6069
6028,6070
6029,6030
6029,6070
6029,6071
6030,6031
6030,6071
6030,6072
6031,6032
6031,6072
6031,6073
6032,6033
6032,6073
6032,6074
6033,6034
6033,6074
6033,6075
6034,6035
6034,6075
6034,6076
6035,6036
6035,6076
6035,6077
6036,6037
6036,6077
6036,6078
6037,6038
6037,6078
6037,6079
6038,6039
6038,6079
6038,6080
6039,6040
6039,6080
6039,6081
6040,6041
6040,6081
6040,6082
6041,6042
6041,6082
6041,6083
6042,6043
6042,6083
6042,6084
6043,6044
6043,6084
6043,6085
6044,6045
6044,6085
6044,6086
6045,6046
6045,6086
6045,6087
6046,6047
6046,6087
6046,6088
6047,6048
6047,6088
6047,6089
6048,6049
6048,6089
6048,6090
6049,6050
6049,6090
6049,6091
6050,6051
6050,6091
6050,6092
6051,6052
6051,6092
6051,6093
6052,6053
6052,6093
6052,6094
6053,6054
6053,6094
6053,6095
6054,6055
6054,6095
6054,6096
6055,6056
6055,6096
6055,6097
6056,6057
6056,6097
6056,6098
6057,6058
6057,6098
6057,6099
6058,6059
6058,6099
6058,6100
6059,6060
6059,6100
6059,6101
6060,6061
6060,6101
6060,6102
6061,6062
6061,6102
6061,6103
6062,6063
6062,6103
6062,6104
6063,6064
6063,6104
6063,6105
6064,6065
6064,6105
6064,6106
6065,6066
6065,6106
6065,6107
6066,6067
6066,6107
6066,6108
6067,6108
6068,6069
6068,6109
6068,6110
6069,6070
6069,6110
6069,6111
6070,6071
6070,6111
6070,6112
6071,6072
6071,6112
6071,6113
6072,6073
6072,6113
6072,6114
6073,6074
6073,6114
6073,6115
6074,6075
6074,6115
6074,6116
6075,6076
6075,6116
6075,6117
6076,6077
6076,6117
6076,6118
6077,6078
6077,6118
6077,6119
6078,6079
6078,6119
6078,6120
6079,6080
6079,6120
6079,6121
6080,6081
6080,6121
6080,6122
6081,6082
6081,6122
6081,6123
6082,6083
6082,6123
6082,6124
6083,6084
6083,6124
6083,6125
6084,6085
6084,6125
6084,6126
6085,6086
6085,6126
6085,6127
6086,6087
6086,6127
6086,6128
6087,6088
6087,6128
6087,6129
6088,6089
6088,6129
6088,6130
6089,6090
6089,6130
6089,6131
6090,6091
6090,6131
6090,6132
6091,6092
6091,6132
6091,6133
6092,6093
6092,6133
6092,6134
6093,6094
6093,6134
6093,6135
6094,6095
6094,6135
6094,6136
6095,6096
6095,6136
6095,6137
6096,6097
6096,6137
6096,6138
6097,6098
6097,6138
6097,6139
6098,6099
6098,6139
6098,6140
6099,6100
6099,6140
6099,6141
6100,6101
6100,6141
6100,6142
6101,6102
6101,6142
6101,6143
6102,6103
6102,6143
6102,6144
6103,6104
6103,6144
6103,6145
6104,6105
6104,6145
6104,6146
6105,6106
6105,6146
6105,6147
6106,6107
6106,6147
6106,6148
6107,6108
6107,6148
6107,6149
6108,6149
6109,6110
6109,6150
6109,6151
6110,6111
6110,6151
6110,6152
6111,6112
6111,6152
6111,6153
6112,6113
6112,6153
6112,6154
6113,6114
6113,6154
6113,6155
6114,6115
6114,6155
6114,6156
6115,6116
6115,6156
6115,6157
6116,6117
6116,6157
6116,6158
6117,6118
6117,6158
6117,6159
6118,6119
6118,6159
6118,6160
6119,6120
6119,6160
6119,6161
6120,6121
6120,6161
6120,6162
6121,6122
6121,6162
6121,6163
6122,6123
6122,6163
6122,6164
6123,6124
6123,6164
6123,6165
6124,6125
6124,6165
6124,6166
6125,6126
6125,6166
6125,6167
6126,6127
6126,6167
6126,6168
6127,6128
6127,6168
6127,6169
6128,6129
6128,6169
6128,6170
6129,6130
6129,6170
6129,6171
6130,6131
6130,6171
6130,6172
6131,6132
6131,6172
6131,6173
6132,6133
6132,6173
6132,6174
6133,6134
6133,6174
6133,6175
6134,6135
6134,6175
6134,6176
6135,6136
6135,6176
6135,6177
6136,6137
6136,6177
6136,6178
6137,6138
6137,6178
6137,6179
6138,6139
6138,6179
6138,6180
6139,6140
6139,6180
6139,6181
6140,6141
6140,6181
6140,6182
6141,6142
6141,6182
6141,6183
6142,6143
6142,6183
6142,6184
6143,6144
6143,6184
6143,6185
6144,6145
6144,6185
6144,6186
6145,6146
6145,6186
6145,6187
6146,6147
6146,6187
6146,6188
6147,6148
6147,6188
6147,6189
6148,6149
6148,6189
6148,6190
6149,6190
6150,6151
6150,6191
6150,6192
6151,6152
6151,6192
6151,6193
6152,6153
6152,6193
6152,6194
6153,6154
6153,6194
6153,6195
6154,6155
6154,6195
6154,6196
6155,6156
6155,6196
6155,6197
6156,6157
6156,6197
6156,6198
6157,6158
6157,6198
6157,6199
6158,6159
6158,6199
6158,6200
6159,6160
6159,6200
6159,6201
6160,6161
6160,6201
6160,6202
6161,6162
6161,6202
6161,6203
6162,6163
6162,6203
6162,6204
6163,6164
6163,6204
6163,6205
6164,6165
6164,6205
6164,6206
6165,6166
6165,6206
6165,6207
6166,6167
6166,6207
6166,6208
6167,6168
6167,6208
6167,6209
6168,6169
6168,6209
6168,6210
6169,6170
6169,6210
6169,6211
6170,6171
6170,6211
6170,6212
6171,6172
6171,6212
6171,6213
6172,6173
6172,6213
6172,6214
6173,6174
6173,6214
6173,6215
6174,6175
6174,6215
6174,6216
6175,6176
6175,6216
6175,6217
6176,6177
6176,6217
6176,6218
6177,6178
6177,6218
6177,6219
6178,6179
6178,6219
6178,6220
6179,6180
6179,6220
6179,6221
6180,6181
6180,6221
6180,6222
6181,6182
6181,6222
6181,6223
6182,6183
6182,6223
6182,6224
6183,6184
6183,6224
6183,6225
6184,6185
6184,6225
6184,6226
6185,6186
6185,6226
6185,6227
6186,6187
6186,6227
6186,6228
6187,6188
6187,6228
6187,6229
6188,6189
6188,6229
6188,6230
6189,6190
6189,6230
6189,6231
6190,6231
6191,6192
6191,6232
6191,6233
6192,6193
6192,6233
6192,6234
6193,6194
6193,6234
6193,6235
6194,6195
6194,6235
6194,6236
6195,6196
6195,6236
6195,6237
6196,6197
6196,6237
6196,6238
6197,6198
6197,6238
6197,6239
6198,6199
6198,6239
6198,6240
6199,6200
6199,6240
6199,6241
6200,6201
6200,6241
6200,6242
6201,6202
6201,6242
6201,6243
6202,6203
6202,6243
6202,6244
6203,6204
6203,6244
6203,6245
6204,6205
6204,6245
6204,6246
6205,6206
6205,6246
6205,6247
6206,6207
6206,6247
6206,6248
6207,6208
6207,6248
6207,6249
6208,6209
6208,6249
6208,6250
6209,6210
6209,6250
6209,6251
6210,6211
6210,6251
6210,6252
6211,6212
6211,6252
6211,6253
6212,6213
6212,6253
6212,6254
6213,6214
6213,6254
6213,6255
6214,6215
6214,6255
6214,6256
6215,6216
6215,6256
6215,6257
6216,6217
6216,6257
6216,6258
6217,6218
6217,6258
6217,6259
6218,6219
6218,6259
6218,6260
6219,6220
6219,6260
6219,6261
6220,6221
6220,6261
6220,6262
6221,6222
6221,6262
6221,6263
6222,6223
6222,6263
6222,6264
6223,6224
6223,6264
6223,6265
6224,6225
6224,6265
6224,6266
6225,6226
6225,6266
6225,6267
6226,6227
6226,6267
6226,6268
6227,6228
6227,6268
6227,6269
6228,6229
6228,6269
6228,6270
6229,6230
6229,6270
6229,6271
6230,6231
6230,6271
6230,6272
6231,6272
6232,6233
6232,6273
6232,6274
6233,6234
6233,6274
6233,6275
6234,6235
6234,6275
6234,6276
6235,6236
6235,6276
6235,6277
6236,6237
6236,6277
6236,6278
6237,6238
6237,6278
6237,6279
6238,6239
6238,6279
6238,6280
6239,6240
6239,6280
6239,6281
6240,6241
6240,6281
6240,6282
6241,6242
6241,6282
6241,6283
6242,6243
6242,6283
6242,6284
6243,6244
6243,6284
6243,6285
6244,6245
6244,6285
6244,6286
6245,6246
6245,6286
6245,6287
6246,6247
6246,6287
6246,6288
6247,6248
6247,6288
6247,6289
6248,6249
6248,6289
6248,6290
6249,6250
6249,6290
6249,6291
6250,6251
6250,6291
6250,6292
6251,6252
6251,6292
6251,6293
6252,6253
6252,6293
6252,6294
6253,6254
6253,6294
6253,6295
6254,6255
6254,6295
6254,6296
6255,6256
6255,6296
6255,6297
6256,6257
6256,6297
6256,6298
6257,6258
6257,6298
6257,6299
6258,6259
6258,6299
6258,6300
6259,6260
6259,6300
6259,6301
6260,6261
6260,6301
6260,6302
6261,6262
6261,6302
6261,6303
6262,6263
6262,6303
6262,6304
6263,6264
6263,6304
6263,6305
6264,6265
6264,6305
6264,6306
6265,6266
6265,6306
6265,6307
6266,6267
6266,6307
6266,6308
6267,6268
6267,6308
6267,6309
6268,6269
6268,6309
6268,6310
6269,6270
6269,6310
6269,6311
6270,6271
6270,6311
6270,6312
6271,6272
6271,6312
6271,6313
6272,6313
6273,6274
6273,6314
6273,6315
6274,6275
6274,6315
6274,6316
6275,6276
6275,6316
6275,6317
6276,6277
6276,6317
6276,6318
6277,6278
6277,6318
6277,6319
6278,6279
6278,6319
6278,6320
6279,6280
6279,6320
6279,6321
6280,6281
6280,6321
6280,6322
6281,6282
6281,6322
6281,6323
6282,6283
6282,6323
6282,6324
6283,6284
6283,6324
6283,6325
6284,6285
6284,6325
6284,6326
6285,6286
6285,6326
6285,6327
6286,6287
6286,6327
6286,6328
6287,6288
6287,6328
6287,6329
6288,6289
6288,6329
6288,6330
6289,6290
6289,6330
6289,6331
6290,6291
6290,6331
6290,6332
6291,6292
6291,6332
6291,6333
6292,6293
6292,6333
6292,6334
6293,6294
6293,6334
6293,6335
6294,6295
6294,6335
6294,6336
6295,6296
6295,6336
6295,6337
6296,6297
6296,6337
6296,6338
6297,6298
6297,6338
6297,6339
6298,6299
6298,6339
6298,6340
6299,6300
6299,6340
6299,6341
6300,6301
6300,6341
6300,6342
6301,6302
6301,6342
6301,6343
6302,6303
6302,6343
6302,6344
6303,6304
6303,6344
6303,6345
6304,6305
6304,6345
6304,6346
6305,6306
6305,6346
6305,6347
6306,6307
6306,6347
6306,6348
6307,6308
6307,6348
6307,6349
6308,6309
6308,6349
6308,6350
6309,6310
6309,6350
6309,6351
6310,6311
6310,6351
6310,6352
6311,6312
6311,6352
6311,6353
6312,6313
6312,6353
6312,6354
6313,6354
6314,6315
6314,6355
6314,6356
6315,6316
6315,6356
6315,6357
6316,6317
6316,6357
6316,6358
6317,6318
6317,6358
6317,6359
6318,6319
6318,6359
6318,6360
6319,6320
6319,6360
6319,6361
6320,6321
6320,6361
6320,6362
6321,6322
6321,6362
6321,6363
6322,6323
6322,6363
6322,6364
6323,6324
6323,6364
6323,6365
6324,6325
6324,6365
6324,6366
6325,6326
6325,6366
6325,6367
6326,6327
6326,6367
6326,6368
6327,6328
6327,6368
6327,6369
6328,6329
6328,6369
6328,6370
6329,6330
6329,6370
6329,6371
6330,6331
6330,6371
6330,6372
6331,6332
6331,6372
6331,6373
6332,6333
6332,6373
6332,6374
6333,6334
6333,6374
6333,6375
6334,6335
6334,6375
6334,6376
6335,6336
6335,6376
6335,6377
6336,6337
6336,6377
6336,6378
6337,6338
6337,6378
6337,6379
6338,6339
6338,6379
6338,6380
6339,6340
6339,6380
6339,6381
6340,6341
6340,6381
6340,6382
6341,6342
6341,6382
6341,6383
6342,6343
6342,6383
6342,6384
6343,6344
6343,6384
6343,6385
6344,6345
6344,6385
6344,6386
6345,6346
6345,6386
6345,6387
6346,6347
6346,6387
6346,6388
6347,6348
6347,6388
6347,6389
6348,6349
6348,6389
6348,6390
6349,6350
6349,6390
6349,6391
6350,6351
6350,6391
6350,6392
6351,6352
6351,6392
6351,6393
6352,6353
6352,6393
6352,6394
6353,6354
6353,6394
6353,6395
6354,6395
6355,6356
6355,6396
6355,6397
6356,6357
6356,6397
6356,6398
6357,6358
6357,6398
6357,6399
6358,6359
6358,6399
6358,6400
6359,6360
6359,6400
6359,6401
6360,6361
6360,6401
6360,6402
6361,6362
6361,6402
6361,6403
6362,6363
6362,6403
6362,6404
6363,6364
6363,6404
6363,6405
6364,6365
6364,6405
6364,6406
6365,6366
6365,6406
6365,6407
6366,6367
6366,6407
6366,6408
6367,6368
6367,6408
6367,6409
6368,6369
6368,6409
6368,6410
6369,6370
6369,6410
6369,6411
6370,6371
6370,6411
6370,6412
6371,6372
6371,6412
6371,6413
6372,6373
6372,6413
6372,6414
6373,6374
6373,6414
6373,6415
6374,6375
6374,6415
6374,6416
6375,6376
6375,6416
6375,6417
6376,6377
6376,6417
6376,6418
6377,6378
6377,6418
6377,6419
6378,6379
6378,6419
6378,6420
6379,6380
6379,6420
6379,6421
6380,6381
6380,6421
6380,6422
6381,6382
6381,6422
6381,6423
6382,6383
6382,6423
6382,6424
6383,6384
6383,6424
6383,6425
6384,6385
6384,6425
6384,6426
6385,6386
6385,6426
6385,6427
6386,6387
6386,6427
6386,6428
6387,6388
6387,6428
6387,6429
6388,6389
6388,6429
6388,6430
6389,6390
6389,6430
6389,6431
6390,6391
6390,6431
6390,6432
6391,6392
6391,6432
6391,6433
6392,6393
6392,6433
6392,6434
6393,6394
6393,6434
6393,6435
6394,6395
6394,6435
6394,6436
6395,6436
6396,6397
6396,6437
6396,6438
6397,6398
6397,6438
6397,6439
6398,6399
6398,6439
6398,6440
6399,6400
6399,6440
6399,6441
6400,6401
6400,6441
6400,6442
6401,6402
6401,6442
6401,6443
6402,6403
6402,6443
6402,6444
6403,6404
6403,6444
6403,6445
6404,6405
6404,6445
6404,6446
6405,6406
6405,6446
6405,6447
6406,6407
6406,6447
6406,6448
6407,6408
6407,6448
6407,6449
6408,6409
6408,6449
6408,6450
6409,6410
6409,6450
6409,6451
6410,6411
6410,6451
6410,6452
6411,6412
6411,6452
6411,6453
6412,6413
6412,6453
6412,6454
6413,6414
6413,6454
6413,6455
6414,6415
6414,6455
6414,6456
6415,6416
6415,6456
6415,6457
6416,6417
6416,6457
6416,6458
6417,6418
6417,6458
6417,6459
6418,6419
6418,6459
6418,6460
6419,6420
6419,6460
6419,6461
6420,6421
6420,6461
6420,6462
6421,6422
6421,6462
6421,6463
6422,6423
6422,6463
6422,6464
6423,6424
6423,6464
6423,6465
6424,6425
6424,6465
6424,6466
6425,6426
6425,6466
6425,6467
6426,6427
6426,6467
6426,6468
6427,6428
6427,6468
6427,6469
6428,6429
6428,6469
6428,6470
6429,6430
6429,6470
6429,6471
6430,6431
6430,6471
6430,6472
6431,6432
6431,6472
6431,6473
6432,6433
6432,6473
6432,6474
6433,6434
6433,6474
6433,6475
6434,6435
6434,6475
6434,6476
6435,6436
6435,6476
6435,6477
6436,6477
6437,6438
6437,6478
6437,6479
6438,6439
6438,6479
6438,6480
6439,6440
6439,6480
6439,6481
6440,6441
6440,6481
6440,6482
6441,6442
6441,6482
6441,6483
6442,6443
6442,6483
6442,6484
6443,6444
6443,6484
6443,6485
6444,6445
6444,6485
6444,6486
6445,6446
6445,6486
6445,6487
6446,6447
6446,6487
6446,6488
6447,6448
6447,6488
6447,6489
6448,6449
6448,6489
6448,6490
6449,6450
6449,6490
6449,6491
6450,6451
6450,6491
6450,6492
6451,6452
6451,6492
6451,6493
6452,6453
6452,6493
6452,6494
6453,6454
6453,6494
6453,6495
6454,6455
6454,6495
6454,6496
6455,6456
6455,6496
6455,6497
6456,6457
6456,6497
6456,6498
6457,6458
6457,6498
6457,6499
6458,6459
6458,6499
6458,6500
6459,6460
6459,6500
6459,6501
6460,6461
6460,6501
6460,6502
6461,6462
6461,6502
6461,6503
6462,6463
6462,6503
6462,6504
6463,6464
6463,6504
6463,6505
6464,6465
6464,6505
6464,6506
6465,6466
6465,6506
6465,6507
6466,6467
6466,6507
6466,6508
6467,6468
6467,6508
6467,6509
6468,6469
6468,6509
6468,6510
6469,6470
6469,6510
6469,6511
6470,6471
6470,6511
6470,6512
6471,6472
6471,6512
6471,6513
6472,6473
6472,6513
6472,6514
6473,6474
6473,6514
6473,6515
6474,6475
6474,6515
6474,6516
6475,6476
6475,6516
6475,6517
6476,6477
6476,6517
6476,6518
6477,6518
6478,6479
6478,6519
6478,6520
6479,6480
6479,6520
6479,6521
6480,6481
6480,6521
6480,6522
6481,6482
6481,6522
6481,6523
6482,6483
6482,6523
6482,6524
6483,6484
6483,6524
6483,6525
6484,6485
6484,6525
6484,6526
6485,6486
6485,6526
6485,6527
6486,6487
6486,6527
6486,6528
6487,6488
6487,6528
6487,6529
6488,6489
6488,6529
6488,6530
6489,6490
6489,6530
6489,6531
6490,6491
6490,6531
6490,6532
6491,6492
6491,6532
6491,6533
6492,6493
6492,6533
6492,6534
6493,6494
6493,6534
6493,6535
6494,6495
6494,6535
6494,6536
6495,6496
6495,6536
6495,6537
6496,6497
6496,6537
6496,6538
6497,6498
6497,6538
6497,6539
6498,6499
6498,6539
6498,6540
6499,6500
6499,6540
6499,6541
6500,6501
6500,6541
6500,6542
6501,6502
6501,6542
6501,6543
6502,6503
6502,6543
6502,6544
6503,6504
6503,6544
6503,6545
6504,6505
6504,6545
6504,6546
6505,6506
6505,6546
6505,6547
6506,6507
6506,6547
6506,6548
6507,6508
6507,6548
6507,6549
6508,6509
6508,6549
6508,6550
6509,6510
6509,6550
6509,6551
6510,6511
6510,6551
6510,6552
6511,6512
6511,6552
6511,6553
6512,6513
6512,6553
6512,6554
6513,6514
6513,6554
6513,6555
6514,6515
6514,6555
6514,6556
6515,6516
6515,6556
6515,6557
6516,6517
6516,6557
6516,6558
6517,6518
6517,6558
6517,6559
6518,6559
6519,6520
6519,6560
6519,6561
6520,6521
6520,6561
6520,6562
6521,6522
6521,6562
6521,6563
6522,6523
6522,6563
6522,6564
6523,6524
6523,6564
6523,6565
6524,6525
6524,6565
6524,6566
6525,6526
6525,6566
6525,6567
6526,6527
6526,6567
6526,6568
6527,6528
6527,6568
6527,6569
6528,6529
6528,6569
6528,6570
6529,6530
6529,6570
6529,6571
6530,6531
6530,6571
6530,6572
6531,6532
6531,6572
6531,6573
6532,6533
6532,6573
6532,6574
6533,6534
6533,6574
6533,6575
6534,6535
6534,6575
6534,6576
6535,6536
6535,6576
6535,6577
6536,6537
6536,6577
6536,6578
6537,6538
6537,6578
6537,6579
6538,6539
6538,6579
6538,6580
6539,6540
6539,6580
6539,6581
6540,6541
6540,6581
6540,6582
6541,6542
6541,6582
6541,6583
6542,6543
6542,6583
6542,6584
6543,6544
6543,6584
6543,6585
6544,6545
6544,6585
6544,6586
6545,6546
6545,6586
6545,6587
6546,6547
6546,6587
6546,6588
6547,6548
6547,6588
6547,6589
6548,6549
6548,6589
6548,6590
6549,6550
6549,6590
6549,6591
6550,6551
6550,6591
6550,6592
6551,6552
6551,6592
6551,6593
6552,6553
6552,6593
6552,6594
6553,6554
6553,6594
6553,6595
6554,6555
6554,6595
6554,6596
6555,6556
6555,6596
6555,6597
6556,6557
6556,6597
6556,6598
6557,6558
6557,6598
6557,6599
6558,6559
6558,6599
6558,6600
6559,6600
6560,6561
6561,6562
6562,6563
6563,6564
6564,6565
6565,6566
6566,6567
6567,6568
6568,6569
6569,6570
6570,6571
6571,6572
6572,6573
6573,6574
6574,6575
6575,6576
6576,6577
6577,6578
6578,6579
6579,6580
6580,6581
6581,6582
6582,6583
6583,6584
6584,6585
6585,6586
6586,6587
6587,6588
6588,6589
6589,6590
6590,6591
6591,6592
6592,6593
6593,6594
6594,6595
6595,6596
6596,6597
6597,6598
6598,6599
6599,6600
