source,target
0,1
0,134
0,135
1,2
1,135
1,136
2,3
2,136
2,137
3,4
3,137
3,138
4,5
4,138
4,139
5,6
5,139
5,140
6,7
6,140
6,141
7,8
7,141
7,142
8,9
8,142
8,143
9,10
9,143
9,144
10,11
10,144
10,145
11,12
11,145
11,146
12,13
12,146
12,147
13,14
13,147
13,148
14,15
14,148
14,149
15,16
15,149
15,150
16,17
16,150
16,151
17,18
17,151
17,152
18,19
18,152
18,153
19,20
19,153
19,154
20,21
20,154
20,155
21,22
21,155
21,156
22,23
22,156
22,157
23,24
23,157
23,158
24,25
24,158
24,159
25,26
25,159
25,160
26,27
26,160
26,161
27,28
27,161
27,162
28,29
28,162
28,163
29,30
29,163
29,164
30,31
30,164
30,165
31,32
31,165
31,166
32,33
32,166
32,167
33,34
33,167
33,168
34,35
34,168
34,169
35,36
35,169
35,170
36,37
36,170
36,171
37,38
37,171
37,172
38,39
38,172
38,173
39,40
39,173
39,174
40,41
40,174
40,175
41,42
41,175
41,176
42,43
42,176
42,177
43,44
43,177
43,178
44,45
44,178
44,179
45,46
45,179
45,180
46,47
46,180
46,181
47,48
47,181
47,182
48,49
48,182
48,183
49,50
49,183
49,184
50,51
50,184
50,185
51,52
51,185
51,186
52,53
52,186
52,187
53,54
53,187
53,188
54,55
54,188
54,189
55,56
55,189
55,190
56,57
56,190
56,191
57,58
57,191
57,192
58,59
58,192
58,193
59,60
59,193
59,194
60,61
60,194
60,195
61,62
61,195
61,196
62,63
62,196
62,197
63,64
63,197
63,198
64,65
64,198
64,199
65,66
65,199
65,200
66,67
66,200
66,201
67,68
67,201
67,202
68,69
68,202
68,203
69,70
69,203
69,204
70,71
70,204
70,205
71,72
71,205
71,206
72,73
72,206
72,207
73,74
73,207
73,208
74,75
74,208
74,209
75,76
75,209
75,210
76,77
76,210
76,211
77,78
77,211
77,212
78,79
78,212
78,213
79,80
79,213
79,214
80,81
80,214
80,215
81,82
81,215
81,216
82,83
82,216
82,217
83,84
83,217
83,218
84,85
84,218
84,219
85,86
85,219
85,220
86,87
86,220
86,221
87,88
87,221
87,222
88,89
88,222
88,223
89,90
89,223
89,224
90,91
90,224
90,225
91,92
91,225
91,226
92,93
92,226
92,227
93,94
93,227
93,228
94,95
94,228
94,229
95,96
95,229
95,230
96,97
96,230
96,231
97,98
97,231
97,232
98,99
98,232
98,233
99,100
99,233
99,234
100,101
100,234
100,235
101,102
101,235
101,236
102,103
102,236
102,237
103,104
103,237
103,238
104,105
104,238
104,239
105,106
105,239
105,240
106,107
106,240
106,241
107,108
107,241
107,242
108,109
108,242
108,243
109,110
109,243
109,244
110,111
110,244
110,245
111,112
111,245
111,246
112,113
112,246
112,247
113,114
113,247
113,248
114,115
114,248
114,249
115,116
115,249
115,250
116,117
116,250
116,251
117,118
117,251
117,252
118,119
118,252
118,253
119,120
119,253
119,254
120,121
120,254
120,255
121,122
121,255
121,256
122,123
122,256
122,257
123,124
123,257
123,258
124,125
124,258
124,259
125,126
125,259
125,260
126,127
126,260
126,261
127,128
127,261
127,262
128,129
128,262
128,263
129,130
129,263
129,264
130,131
130,264
130,265
131,132
131,265
131,266
132,133
132,266
132,267
133,267
134,135
134,268
134,269
135,136
135,269
135,270
136,137
136,270
136,271
137,138
137,271
137,272
138,139
138,272
138,273
139,140
139,273
139,274
140,141
140,274
140,275
141,142
141,275
141,276
142,143
142,276
142,277
143,144
143,277
143,278
144,145
144,278
144,279
145,146
145,279
145,280
146,147
146,280
146,281
147,148
147,281
147,282
148,149
148,282
148,283
149,150
149,283
149,284
150,151
150,284
150,285
151,152
151,285
151,286
152,153
152,286
152,287
153,154
153,287
153,288
154,155
154,288
154,289
155,156
155,289
155,290
156,157
156,290
156,291
157,158
157,291
157,292
158,159
158,292
158,293
159,160
159,293
159,294
160,161
160,294
160,295
161,162
161,295
161,296
162,163
162,296
162,297
163,164
163,297
163,298
164,165
164,298
164,299
165,166
165,299
165,300
166,167
166,300
166,301
167,168
167,301
167,302
168,169
168,302
168,303
169,170
169,303
169,304
170,171
170,304
170,305
171,172
171,305
171,306
172,173
172,306
172,307
173,174
173,307
173,308
174,175
174,308
174,309
175,176
175,309
175,310
176,177
176,310
176,311
177,178
177,311
177,312
178,179
178,312
178,313
179,180
179,313
179,314
180,181
180,314
180,315
181,182
181,315
181,316
182,183
182,316
182,317
183,184
183,317
183,318
184,185
184,318
184,319
185,186
185,319
185,320
186,187
186,320
186,321
187,188
187,321
187,322
188,189
188,322
188,323
189,190
189,323
189,324
190,191
190,324
190,325
191,192
191,325
191,326
192,193
192,326
192,327
193,194
193,327
193,328
194,195
194,328
194,329
195,196
195,329
195,330
196,197
196,330
196,331
197,198
197,331
197,332
198,199
198,332
198,333
199,200
199,333
199,334
200,201
200,334
200,335
201,202
201,335
201,336
202,203
202,336
202,337
203,204
203,337
203,338
204,205
204,338
204,339
205,206
205,339
205,340
206,207
206,340
206,341
207,208
207,341
207,342
208,209
208,342
208,343
209,210
209,343
209,344
210,211
210,344
210,345
211,212
211,345
211,346
212,213
212,346
212,347
213,214
213,347
213,348
214,215
214,348
214,349
215,216
215,349
215,350
216,217
216,350
216,351
217,218
217,351
217,352
218,219
218,352
218,353
219,220
219,353
219,354
220,221
220,354
220,355
221,222
221,355
221,356
222,223
222,356
222,357
223,224
223,357
223,358
224,225
224,358
224,359
225,226
225,359
225,360
226,227
226,360
226,361
227,228
227,361
227,362
228,229
228,362
228,363
229,230
229,363
229,364
230,231
230,364
230,365
231,232
231,365
231,366
232,233
232,366
232,367
233,234
233,367
233,368
234,235
234,368
234,369
235,236
235,369
235,370
236,237
236,370
236,371
237,238
237,371
237,372
238,239
238,372
238,373
239,240
239,373
239,374
240,241
240,374
240,375
241,242
241,375
241,376
242,243
242,376
242,377
243,244
243,377
243,378
244,245
244,378
244,379
245,246
245,379
245,380
246,247
246,380
246,381
247,248
247,381
247,382
248,249
248,382
248,383
249,250
249,383
249,384
250,251
250,384
250,385
251,252
251,385
251,386
252,253
252,386
252,387
253,254
253,387
253,388
254,255
254,388
254,389
255,256
255,389
255,390
256,257
256,390
256,391
257,258
257,391
257,392
258,259
258,392
258,393
259,260
259,393
259,394
260,261
260,394
260,395
261,262
261,395
261,396
262,263
262,396
262,397
263,264
263,397
263,398
264,265
264,398
264,399
265,266
265,399
265,400
266,267
266,400
266,401
267,401
268,269
268,402
268,403
269,270
269,403
269,404
270,271
270,404
270,405
271,272
271,405
271,406
272,273
272,406
272,407
273,274
273,407
273,408
274,275
274,408
274,409
275,276
275,409
275,410
276,277
276,410
276,411
277,278
277,411
277,412
278,279
278,412
278,413
279,280
279,413
279,414
280,281
280,414
280,415
281,282
281,415
281,416
282,283
282,416
282,417
283,284
283,417
283,418
284,285
284,418
284,419
285,286
285,419
285,420
286,287
286,420
286,421
287,288
287,421
287,422
288,289
288,422
288,423
289,290
289,423
289,424
290,291
290,424
290,425
291,292
291,425
291,426
292,293
292,426
292,427
293,294
293,427
293,428
294,295
294,428
294,429
295,296
295,429
295,430
296,297
296,430
296,431
297,298
297,431
297,432
298,299
298,432
298,433
299,300
299,433
299,434
300,301
300,434
300,435
301,302
301,435
301,436
302,303
302,436
302,437
303,304
303,437
303,438
304,305
304,438
304,439
305,306
305,439
305,440
306,307
306,440
306,441
307,308
307,441
307,442
308,309
308,442
308,443
309,310
309,443
309,444
310,311
310,444
310,445
311,312
311,445
311,446
312,313
312,446
312,447
313,314
313,447
313,448
314,315
314,448
314,449
315,316
315,449
315,450
316,317
316,450
316,451
317,318
317,451
317,452
318,319
318,452
318,453
319,320
319,453
319,454
320,321
320,454
320,455
321,322
321,455
321,456
322,323
322,456
322,457
323,324
323,457
323,458
324,325
324,458
324,459
325,326
325,459
325,460
326,327
326,460
326,461
327,328
327,461
327,462
328,329
328,462
328,463
329,330
329,463
329,464
330,331
330,464
330,465
331,332
331,465
331,466
332,333
332,466
332,467
333,334
333,467
333,468
334,335
334,468
334,469
335,336
335,469
335,470
336,337
336,470
336,471
337,338
337,471
337,472
338,339
338,472
338,473
339,340
339,473
339,474
340,341
340,474
340,475
341,342
341,475
341,476
342,343
342,476
342,477
343,344
343,477
343,478
344,345
344,478
344,479
345,346
345,479
345,480
346,347
346,480
346,481
347,348
347,481
347,482
348,349
348,482
348,483
349,350
349,483
349,484
350,351
350,484
350,485
351,352
351,485
351,486
352,353
352,486
352,487
353,354
353,487
353,488
354,355
354,488
354,489
355,356
355,489
355,490
356,357
356,490
356,491
357,358
357,491
357,492
358,359
358,492
358,493
359,360
359,493
359,494
360,361
360,494
360,495
361,362
361,495
361,496
362,363
362,496
362,497
363,364
363,497
363,498
364,365
364,498
364,499
365,366
365,499
365,500
366,367
366,500
366,501
367,368
367,501
367,502
368,369
368,502
368,503
369,370
369,503
369,504
370,371
370,504
370,505
371,372
371,505
371,506
372,373
372,506
372,507
373,374
373,507
373,508
374,375
374,508
374,509
375,376
375,509
375,510
376,377
376,510
376,511
377,378
377,511
377,512
378,379
378,512
378,513
379,380
379,513
379,514
380,381
380,514
380,515
381,382
381,515
381,516
382,383
382,516
382,517
383,384
383,517
383,518
384,385
384,518
384,519
385,386
385,519
385,520
386,387
386,520
386,521
387,388
387,521
387,522
388,389
388,522
388,523
389,390
389,523
389,524
390,391
390,524
390,525
391,392
391,525
391,526
392,393
392,526
392,527
393,394
393,527
393,528
394,395
394,528
394,529
395,396
395,529
395,530
396,397
396,530
396,531
397,398
397,531
397,532
398,399
398,532
398,533
399,400
399,533
399,534
400,401
400,534
400,535
401,535
402,403
402,536
402,537
403,404
403,537
403,538
404,405
404,538
404,539
405,406
405,539
405,540
406,407
406,540
406,541
407,408
407,541
407,542
408,409
408,542
408,543
409,410
409,543
409,544
410,411
410,544
410,545
411,412
411,545
411,546
412,413
412,546
412,547
413,414
413,547
413,548
414,415
414,548
414,549
415,416
415,549
415,550
416,417
416,550
416,551
417,418
417,551
417,552
418,419
418,552
418,553
419,420
419,553
419,554
420,421
420,554
420,555
421,422
421,555
421,556
422,423
422,556
422,557
423,424
423,557
423,558
424,425
424,558
424,559
425,426
425,559
425,560
426,427
426,560
426,561
427,428
427,561
427,562
428,429
428,562
428,563
429,430
429,563
429,564
430,431
430,564
430,565
431,432
431,565
431,566
432,433
432,566
432,567
433,434
433,567
433,568
434,435
434,568
434,569
435,436
435,569
435,570
436,437
436,570
436,571
437,438
437,571
437,572
438,439
438,572
438,573
439,440
439,573
439,574
440,441
440,574
440,575
441,442
441,575
441,576
442,443
442,576
442,577
443,444
443,577
443,578
444,445
444,578
444,579
445,446
445,579
445,580
446,447
446,580
446,581
447,448
447,581
447,582
448,449
448,582
448,583
449,450
449,583
449,584
450,451
450,584
450,585
451,452
451,585
451,586
452,453
452,586
452,587
453,454
453,587
453,588
454,455
454,588
454,589
455,456
455,589
455,590
456,457
456,590
456,591
457,458
457,591
457,592
458,459
458,592
458,593
459,460
459,593
459,594
460,461
460,594
460,595
461,462
461,595
461,596
462,463
462,596
462,597
463,464
463,597
463,598
464,465
464,598
464,599
465,466
465,599
465,600
466,467
466,600
466,601
467,468
467,601
467,602
468,469
468,602
468,603
469,470
469,603
469,604
470,471
470,604
470,605
471,472
471,605
471,606
472,473
472,606
472,607
473,474
473,607
473,608
474,475
474,608
474,609
475,476
475,609
475,610
476,477
476,610
476,611
477,478
477,611
477,612
478,479
478,612
478,613
479,480
479,613
479,614
480,481
480,614
480,615
481,482
481,615
481,616
482,483
482,616
482,617
483,484
483,617
483,618
484,485
484,618
484,619
485,486
485,619
485,620
486,487
486,620
486,621
487,488
487,621
487,622
488,489
488,622
488,623
489,490
489,623
489,624
490,491
490,624
490,625
491,492
491,625
491,626
492,493
492,626
492,627
493,494
493,627
493,628
494,495
494,628
494,629
495,496
495,629
495,630
496,497
496,630
496,631
497,498
497,631
497,632
498,499
498,632
498,633
499,500
499,633
499,634
500,501
500,634
500,635
501,502
501,635
501,636
502,503
502,636
502,637
503,504
503,637
503,638
504,505
504,638
504,639
505,506
505,639
505,640
506,507
506,640
506,641
507,508
507,641
507,642
508,509
508,642
508,643
509,510
509,643
509,644
510,511
510,644
510,645
511,512
511,645
511,646
512,513
512,646
512,647
513,514
513,647
513,648
514,515
514,648
514,649
515,516
515,649
515,650
516,517
516,650
516,651
517,518
517,651
517,652
518,519
518,652
518,653
519,520
519,653
519,654
520,521
520,654
520,655
521,522
521,655
521,656
522,523
522,656
522,657
523,524
523,657
523,658
524,525
524,658
524,659
525,526
525,659
525,660
526,527
526,660
526,661
527,528
527,661
527,662
528,529
528,662
528,663
529,530
529,663
529,664
530,531
530,664
530,665
531,532
531,665
531,666
532,533
532,666
532,667
533,534
533,667
533,668
534,535
534,668
534,669
535,669
536,537
536,670
536,671
537,538
537,671
537,672
538,539
538,672
538,673
539,540
539,673
539,674
540,541
540,674
540,675
541,542
541,675
541,676
542,543
542,676
542,677
543,544
543,677
543,678
544,545
544,678
544,679
545,546
545,679
545,680
546,547
546,680
546,681
547,548
547,681
547,682
548,549
548,682
548,683
549,550
549,683
549,684
550,551
550,684
550,685
551,552
551,685
551,686
552,553
552,686
552,687
553,554
553,687
553,688
554,555
554,688
554,689
555,556
555,689
555,690
556,557
556,690
556,691
557,558
557,691
557,692
558,559
558,692
558,693
559,560
559,693
559,694
560,561
560,694
560,695
561,562
561,695
561,696
562,563
562,696
562,697
563,564
563,697
563,698
564,565
564,698
564,699
565,566
565,699
565,700
566,567
566,700
566,701
567,568
567,701
567,702
568,569
568,702
568,703
569,570
569,703
569,704
570,571
570,704
570,705
571,572
571,705
571,706
572,573
572,706
572,707
573,574
573,707
573,708
574,575
574,708
574,709
575,576
575,709
575,710
576,577
576,710
576,711
577,578
577,711
577,712
578,579
578,712
578,713
579,580
579,713
579,714
580,581
580,714
580,715
581,582
581,715
581,716
582,583
582,716
582,717
583,584
583,717
583,718
584,585
584,718
584,719
585,586
585,719
585,720
586,587
586,720
586,721
587,588
587,721
587,722
588,589
588,722
588,723
589,590
589,723
589,724
590,591
590,724
590,725
591,592
591,725
591,726
592,593
592,726
592,727
593,594
593,727
593,728
594,595
594,728
594,729
595,596
595,729
595,730
596,597
596,730
596,731
597,598
597,731
597,732
598,599
598,732
598,733
599,600
599,733
599,734
600,601
600,734
600,735
601,602
601,735
601,736
602,603
602,736
602,737
603,604
603,737
603,738
604,605
604,738
604,739
605,606
605,739
605,740
606,607
606,740
606,741
607,608
607,741
607,742
608,609
608,742
608,743
609,610
609,743
609,744
610,611
610,744
610,745
611,612
611,745
611,746
612,613
612,746
612,747
613,614
613,747
613,748
614,615
614,748
614,749
615,616
615,749
615,750
616,617
616,750
616,751
617,618
617,751
617,752
618,619
618,752
618,753
619,620
619,753
619,754
620,621
620,754
620,755
621,622
621,755
621,756
622,623
622,756
622,757
623,624
623,757
623,758
624,625
624,758
624,759
625,626
625,759
625,760
626,627
626,760
626,761
627,628
627,761
627,762
628,629
628,762
628,763
629,630
629,763
629,764
630,631
630,764
630,765
631,632
631,765
631,766
632,633
632,766
632,767
633,634
633,767
633,768
634,635
634,768
634,769
635,636
635,769
635,770
636,637
636,770
636,771
637,638
637,771
637,772
638,639
638,772
638,773
639,640
639,773
639,774
640,641
640,774
640,775
641,642
641,775
641,776
642,643
642,776
642,777
643,644
643,777
643,778
644,645
644,778
644,779
645,646
645,779
645,780
646,647
646,780
646,781
647,648
647,781
647,782
648,649
648,782
648,783
649,650
649,783
649,784
650,651
650,784
650,785
651,652
651,785
651,786
652,653
652,786
652,787
653,654
653,787
653,788
654,655
654,788
654,789
655,656
655,789
655,790
656,657
656,790
656,791
657,658
657,791
657,792
658,659
658,792
658,793
659,660
659,793
659,794
660,661
660,794
660,795
661,662
661,795
661,796
662,663
662,796
662,797
663,664
663,797
663,798
664,665
664,798
664,799
665,666
665,799
665,800
666,667
666,800
666,801
667,668
667,801
667,802
668,669
668,802
668,803
669,803
670,671
670,804
670,805
671,672
671,805
671,806
672,673
672,806
672,807
673,674
673,807
673,808
674,675
674,808
674,809
675,676
675,809
675,810
676,677
676,810
676,811
677,678
677,811
677,812
678,679
678,812
678,813
679,680
679,813
679,814
680,681
680,814
680,815
681,682
681,815
681,816
682,683
682,816
682,817
683,684
683,817
683,818
684,685
684,818
684,819
685,686
685,819
685,820
686,687
686,820
686,821
687,688
687,821
687,822
688,689
688,822
688,823
689,690
689,823
689,824
690,691
690,824
690,825
691,692
691,825
691,826
692,693
692,826
692,827
693,694
693,827
693,828
694,695
694,828
694,829
695,696
695,829
695,830
696,697
696,830
696,831
697,698
697,831
697,832
698,699
698,832
698,833
699,700
699,833
699,834
700,701
700,834
700,835
701,702
701,835
701,836
702,703
702,836
702,837
703,704
703,837
703,838
704,705
704,838
704,839
705,706
705,839
705,840
706,707
706,840
706,841
707,708
707,841
707,842
708,709
708,842
708,843
709,710
709,843
709,844
710,711
710,844
710,845
711,712
711,845
711,846
712,713
712,846
712,847
713,714
713,847
713,848
714,715
714,848
714,849
715,716
715,849
715,850
716,717
716,850
716,851
717,718
717,851
717,852
718,719
718,852
718,853
719,720
719,853
719,854
720,721
720,854
720,855
721,722
721,855
721,856
722,723
722,856
722,857
723,724
723,857
723,858
724,725
724,858
724,859
725,726
725,859
725,860
726,727
726,860
726,861
727,728
727,861
727,862
728,729
728,862
728,863
729,730
729,863
729,864
730,731
730,864
730,865
731,732
731,865
731,866
732,733
732,866
732,867
733,734
733,867
733,868
734,735
734,868
734,869
735,736
735,869
735,870
736,737
736,870
736,871
737,738
737,871
737,872
738,739
738,872
738,873
739,740
739,873
739,874
740,741
740,874
740,875
741,742
741,875
741,876
742,743
742,876
742,877
743,744
743,877
743,878
744,745
744,878
744,879
745,746
745,879
745,880
746,747
746,880
746,881
747,748
747,881
747,882
748,749
748,882
748,883
749,750
749,883
749,884
750,751
750,884
750,885
751,752
751,885
751,886
752,753
752,886
752,887
753,754
753,887
753,888
754,755
754,888
754,889
755,756
755,889
755,890
756,757
756,890
756,891
757,758
757,891
757,892
758,759
758,892
758,893
759,760
759,893
759,894
760,761
760,894
760,895
761,762
761,895
761,896
762,763
762,896
762,897
763,764
763,897
763,898
764,765
764,898
764,899
765,766
765,899
765,900
766,767
766,900
766,901
767,768
767,901
767,902
768,769
768,902
768,903
769,770
769,903
769,904
770,771
770,904
770,905
771,772
771,905
771,906
772,773
772,906
772,907
773,774
773,907
773,908
774,775
774,908
774,909
775,776
775,909
775,910
776,777
776,910
776,911
777,778
777,911
777,912
778,779
778,912
778,913
779,780
779,913
779,914
780,781
780,914
780,915
781,782
781,915
781,916
782,783
782,916
782,917
783,784
783,917
783,918
784,785
784,918
784,919
785,786
785,919
785,920
786,787
786,920
786,921
787,788
787,921
787,922
788,789
788,922
788,923
789,790
789,923
789,924
790,791
790,924
790,925
791,792
791,925
791,926
792,793
792,926
792,927
793,794
793,927
793,928
794,795
794,928
794,929
795,796
795,929
795,930
796,797
796,930
796,931
797,798
797,931
797,932
798,799
798,932
798,933
799,800
799,933
799,934
800,801
800,934
800,935
801,802
801,935
801,936
802,803
802,936
802,937
803,937
804,805
804,938
804,939
805,806
805,939
805,940
806,807
806,940
806,941
807,808
807,941
807,942
808,809
808,942
808,943
809,810
809,943
809,944
810,811
810,944
810,945
811,812
811,945
811,946
812,813
812,946
812,947
813,814
813,947
813,948
814,815
814,948
814,949
815,816
815,949
815,950
816,817
816,950
816,951
817,818
817,951
817,952
818,819
818,952
818,953
819,820
819,953
819,954
820,821
820,954
820,955
821,822
821,955
821,956
822,823
822,956
822,957
823,824
823,957
823,958
824,825
824,958
824,959
825,826
825,959
825,960
826,827
826,960
826,961
827,828
827,961
827,962
828,829
828,962
828,963
829,830
829,963
829,964
830,831
830,964
830,965
831,832
831,965
831,966
832,833
832,966
832,967
833,834
833,967
833,968
834,835
834,968
834,969
835,836
835,969
835,970
836,837
836,970
836,971
837,838
837,971
837,972
838,839
838,972
838,973
839,840
839,973
839,974
840,841
840,974
840,975
841,842
841,975
841,976
842,843
842,976
842,977
843,844
843,977
843,978
844,845
844,978
844,979
845,846
845,979
845,980
846,847
846,980
846,981
847,848
847,981
847,982
848,849
848,982
848,983
849,850
849,983
849,984
850,851
850,984
850,985
851,852
851,985
851,986
852,853
852,986
852,987
853,854
853,987
853,988
854,855
854,988
854,989
855,856
855,989
855,990
856,857
856,990
856,991
857,858
857,991
857,992
858,859
858,992
858,993
859,860
859,993
859,994
860,861
860,994
860,995
861,862
861,995
861,996
862,863
862,996
862,997
863,864
863,997
863,998
864,865
864,998
864,999
865,866
865,999
865,1000
866,867
866,1000
866,1001
867,868
867,1001
867,1002
868,869
868,1002
868,1003
869,870
869,1003
869,1004
870,871
870,1004
870,1005
871,872
871,1005
871,1006
872,873
872,1006
872,1007
873,874
873,1007
873,1008
874,875
874,1008
874,1009
875,876
875,1009
875,1010
876,877
876,1010
876,1011
877,878
877,1011
877,1012
878,879
878,1012
878,1013
879,880
879,1013
879,1014
880,881
880,1014
880,1015
881,882
881,1015
881,1016
882,883
882,1016
882,1017
883,884
883,1017
883,1018
884,885
884,1018
884,1019
885,886
885,1019
885,1020
886,887
886,1020
886,1021
887,888
887,1021
887,1022
888,889
888,1022
888,1023
889,890
889,1023
889,1024
890,891
890,1024
890,1025
891,892
891,1025
891,1026
892,893
892,1026
892,1027
893,894
893,1027
893,1028
894,895
894,1028
894,1029
895,896
895,1029
895,1030
896,897
896,1030
896,1031
897,898
897,1031
897,1032
898,899
898,1032
898,1033
899,900
899,1033
899,1034
900,901
900,1034
900,1035
901,902
901,1035
901,1036
902,903
902,1036
902,1037
903,904
903,1037
903,1038
904,905
904,1038
904,1039
905,906
905,1039
905,1040
906,907
906,1040
906,1041
907,908
907,1041
907,1042
908,909
908,1042
908,1043
909,910
909,1043
909,1044
910,911
910,1044
910,1045
911,912
911,1045
911,1046
912,913
912,1046
912,1047
913,914
913,1047
913,1048
914,915
914,1048
914,1049
915,916
915,1049
915,1050
916,917
916,1050
916,1051
917,918
917,1051
917,1052
918,919
918,1052
918,1053
919,920
919,1053
919,1054
920,921
920,1054
920,1055
921,922
921,1055
921,1056
922,923
922,1056
922,1057
923,924
923,1057
923,1058
924,925
924,1058
924,1059
925,926
925,1059
925,1060
926,927
926,1060
926,1061
927,928
927,1061
927,1062
928,929
928,1062
928,1063
929,930
929,1063
929,1064
930,931
930,1064
930,1065
931,932
931,1065
931,1066
932,933
932,1066
932,1067
933,934
933,1067
933,1068
934,935
934,1068
934,1069
935,936
935,1069
935,1070
936,937
936,1070
936,1071
937,1071
938,939
938,1072
938,1073
939,940
939,1073
939,1074
940,941
940,1074
940,1075
941,942
941,1075
941,1076
942,943
942,1076
942,1077
943,944
943,1077
943,1078
944,945
944,1078
944,1079
945,946
945,1079
945,1080
946,947
946,1080
946,1081
947,948
947,1081
947,1082
948,949
948,1082
948,1083
949,950
949,1083
949,1084
950,951
950,1084
950,1085
951,952
951,1085
951,1086
952,953
952,1086
952,1087
953,954
953,1087
953,1088
954,955
954,1088
954,1089
955,956
955,1089
955,1090
956,957
956,1090
956,1091
957,958
957,1091
957,1092
958,959
958,1092
958,1093
959,960
959,1093
959,1094
960,961
960,1094
960,1095
961,962
961,1095
961,1096
962,963
962,1096
962,1097
963,964
963,1097
963,1098
964,965
964,1098
964,1099
965,966
965,1099
965,1100
966,967
966,1100
966,1101
967,968
967,1101
967,1102
968,969
968,1102
968,1103
969,970
969,1103
969,1104
970,971
970,1104
970,1105
971,972
971,1105
971,1106
972,973
972,1106
972,1107
973,974
973,1107
973,1108
974,975
974,1108
974,1109
975,976
975,1109
975,1110
976,977
976,1110
976,1111
977,978
977,1111
977,1112
978,979
978,1112
978,1113
979,980
979,1113
979,1114
980,981
980,1114
980,1115
981,982
981,1115
981,1116
982,983
982,1116
982,1117
983,984
983,1117
983,1118
984,985
984,1118
984,1119
985,986
985,1119
985,1120
986,987
986,1120
986,1121
987,988
987,1121
987,1122
988,989
988,1122
988,1123
989,990
989,1123
989,1124
990,991
990,1124
990,1125
991,992
991,1125
991,1126
992,993
992,1126
992,1127
993,994
993,1127
993,1128
994,995
994,1128
994,1129
995,996
995,1129
995,1130
996,997
996,1130
996,1131
997,998
997,1131
997,1132
998,999
998,1132
998,1133
999,1000
999,1133
999,1134
1000,1001
1000,1134
1000,1135
1001,1002
1001,1135
1001,1136
1002,1003
1002,1136
1002,1137
1003,1004
1003,1137
1003,1138
1004,1005
1004,1138
1004,1139
1005,1006
1005,1139
1005,1140
1006,1007
1006,1140
1006,1141
1007,1008
1007,1141
1007,1142
1008,1009
1008,1142
1008,1143
1009,1010
1009,1143
1009,1144
1010,1011
1010,1144
1010,1145
1011,1012
1011,1145
1011,1146
1012,1013
1012,1146
1012,1147
1013,1014
1013,1147
1013,1148
1014,1015
1014,1148
1014,1149
1015,1016
1015,1149
1015,1150
1016,1017
1016,1150
1016,1151
1017,1018
1017,1151
1017,1152
1018,1019
1018,1152
1018,1153
1019,1020
1019,1153
1019,1154
1020,1021
1020,1154
1020,1155
1021,1022
1021,1155
1021,1156
1022,1023
1022,1156
1022,1157
1023,1024
1023,1157
1023,1158
1024,1025
1024,1158
1024,1159
1025,1026
1025,1159
1025,1160
1026,1027
1026,1160
1026,1161
1027,1028
1027,1161
1027,1162
1028,1029
1028,1162
1028,1163
1029,1030
1029,1163
1029,1164
1030,1031
1030,1164
1030,1165
1031,1032
1031,1165
1031,1166
1032,1033
1032,1166
1032,1167
1033,1034
1033,1167
1033,1168
1034,1035
1034,1168
1034,1169
1035,1036
1035,1169
1035,1170
1036,1037
1036,1170
1036,1171
1037,1038
1037,1171
1037,1172
1038,1039
1038,1172
1038,1173
1039,1040
1039,1173
1039,1174
1040,1041
1040,1174
1040,1175
1041,1042
1041,1175
1041,1176
1042,1043
1042,1176
1042,1177
1043,1044
1043,1177
1043,1178
1044,1045
1044,1178
1044,1179
1045,1046
1045,1179
1045,1180
1046,1047
1046,1180
1046,1181
1047,1048
1047,1181
1047,1182
1048,1049
1048,1182
1048,1183
1049,1050
1049,1183
1049,1184
1050,1051
1050,1184
1050,1185
1051,1052
1051,1185
1051,1186
1052,1053
1052,1186
1052,1187
1053,1054
1053,1187
1053,1188
1054,1055
1054,1188
1054,1189
1055,1056
1055,1189
1055,1190
1056,1057
1056,1190
1056,1191
1057,1058
1057,1191
1057,1192
1058,1059
1058,1192
1058,1193
1059,1060
1059,1193
1059,1194
1060,1061
1060,1194
1060,1195
1061,1062
1061,1195
1061,1196
1062,1063
1062,1196
1062,1197
1063,1064
1063,1197
1063,1198
1064,1065
1064,1198
1064,1199
1065,1066
1065,1199
1065,1200
1066,1067
1066,1200
1066,1201
1067,1068
1067,1201
1067,1202
1068,1069
1068,1202
1068,1203
1069,1070
1069,1203
1069,1204
1070,1071
1070,1204
1070,1205
1071,1205
1072,1073
1072,1206
1072,1207
1073,1074
1073,1207
1073,1208
1074,1075
1074,1208
1074,1209
1075,1076
1075,1209
1075,1210
1076,1077
1076,1210
1076,1211
1077,1078
1077,1211
1077,1212
1078,1079
1078,1212
1078,1213
1079,1080
1079,1213
1079,1214
1080,1081
1080,1214
1080,1215
1081,1082
1081,1215
1081,1216
1082,1083
1082,1216
1082,1217
1083,1084
1083,1217
1083,1218
1084,1085
1084,1218
1084,1219
1085,1086
1085,1219
1085,1220
1086,1087
1086,1220
1086,1221
1087,1088
1087,1221
1087,1222
1088,1089
1088,1222
1088,1223
1089,1090
1089,1223
1089,1224
1090,1091
1090,1224
1090,1225
1091,1092
1091,1225
1091,1226
1092,1093
1092,1226
1092,1227
1093,1094
1093,1227
1093,1228
1094,1095
1094,1228
1094,1229
1095,1096
1095,1229
1095,1230
1096,1097
1096,1230
1096,1231
1097,1098
1097,1231
1097,1232
1098,1099
1098,1232
1098,1233
1099,1100
1099,1233
1099,1234
1100,1101
1100,1234
1100,1235
1101,1102
1101,1235
1101,1236
1102,1103
1102,1236
1102,1237
1103,1104
1103,1237
1103,1238
1104,1105
1104,1238
1104,1239
1105,1106
1105,1239
1105,1240
1106,1107
1106,1240
1106,1241
1107,1108
1107,1241
1107,1242
1108,1109
1108,1242
1108,1243
1109,1110
1109,1243
1109,1244
1110,1111
1110,1244
1110,1245
1111,1112
1111,1245
1111,1246
1112,1113
1112,1246
1112,1247
1113,1114
1113,1247
1113,1248
1114,1115
1114,1248
1114,1249
1115,1116
1115,1249
1115,1250
1116,1117
1116,1250
1116,1251
1117,1118
1117,1251
1117,1252
1118,1119
1118,1252
1118,1253
1119,1120
1119,1253
1119,1254
1120,1121
1120,1254
1120,1255
1121,1122
1121,1255
1121,1256
1122,1123
1122,1256
1122,1257
1123,1124
1123,1257
1123,1258
1124,1125
1124,1258
1124,1259
1125,1126
1125,1259
1125,1260
1126,1127
1126,1260
1126,1261
1127,1128
1127,1261
1127,1262
1128,1129
1128,1262
1128,1263
1129,1130
1129,1263
1129,1264
1130,1131
1130,1264
1130,1265
1131,1132
1131,1265
1131,1266
1132,1133
1132,1266
1132,1267
1133,1134
1133,1267
1133,1268
1134,1135
1134,1268
1134,1269
1135,1136
1135,1269
1135,1270
1136,1137
1136,1270
1136,1271
1137,1138
1137,1271
1137,1272
1138,1139
1138,1272
1138,1273
1139,1140
1139,1273
1139,1274
1140,1141
1140,1274
1140,1275
1141,1142
1141,1275
1141,1276
1142,1143
1142,1276
1142,1277
1143,1144
1143,1277
1143,1278
1144,1145
1144,1278
1144,1279
1145,1146
1145,1279
1145,1280
1146,1147
1146,1280
1146,1281
1147,1148
1147,1281
1147,1282
1148,1149
1148,1282
1148,1283
1149,1150
1149,1283
1149,1284
1150,1151
1150,1284
1150,1285
1151,1152
1151,1285
1151,1286
1152,1153
1152,1286
1152,1287
1153,1154
1153,1287
1153,1288
1154,1155
1154,1288
1154,1289
1155,1156
1155,1289
1155,1290
1156,1157
1156,1290
1156,1291
1157,1158
1157,1291
1157,1292
1158,1159
1158,1292
1158,1293
1159,1160
1159,1293
1159,1294
1160,1161
1160,1294
1160,1295
1161,1162
1161,1295
1161,1296
1162,1163
1162,1296
1162,1297
1163,1164
1163,1297
1163,1298
1164,1165
1164,1298
1164,1299
1165,1166
1165,1299
1165,1300
1166,1167
1166,1300
1166,1301
1167,1168
1167,1301
1167,1302
1168,1169
1168,1302
1168,1303
1169,1170
1169,1303
1169,1304
1170,1171
1170,1304
1170,1305
1171,1172
1171,1305
1171,1306
1172,1173
1172,1306
1172,1307
1173,1174
1173,1307
1173,1308
1174,1175
1174,1308
1174,1309
1175,1176
1175,1309
1175,1310
1176,1177
1176,1310
1176,1311
1177,1178
1177,1311
1177,1312
1178,1179
1178,1312
1178,1313
1179,1180
1179,1313
1179,1314
1180,1181
1180,1314
1180,1315
1181,1182
1181,1315
1181,1316
1182,1183
1182,1316
1182,1317
1183,1184
1183,1317
1183,1318
1184,1185
1184,1318
1184,1319
1185,1186
1185,1319
1185,1320
1186,1187
1186,1320
1186,1321
1187,1188
1187,1321
1187,1322
1188,1189
1188,1322
1188,1323
1189,1190
1189,1323
1189,1324
1190,1191
1190,1324
1190,1325
1191,1192
1191,1325
1191,1326
1192,1193
1192,1326
1192,1327
1193,1194
1193,1327
1193,1328
1194,1195
1194,1328
1194,1329
1195,1196
1195,1329
1195,1330
1196,1197
1196,1330
1196,1331
1197,1198
1197,1331
1197,1332
1198,1199
1198,1332
1198,1333
1199,1200
1199,1333
1199,1334
1200,1201
1200,1334
1200,1335
1201,1202
1201,1335
1201,1336
1202,1203
1202,1336
1202,1337
1203,1204
1203,1337
1203,1338
1204,1205
1204,1338
1204,1339
1205,1339
1206,1207
1206,1340
1206,1341
1207,1208
1207,1341
1207,1342
1208,1209
1208,1342
1208,1343
1209,1210
1209,1343
1209,1344
1210,1211
1210,1344
1210,1345
1211,1212
1211,1345
1211,1346
1212,1213
1212,1346
1212,1347
1213,1214
1213,1347
1213,1348
1214,1215
1214,1348
1214,1349
1215,1216
1215,1349
1215,1350
1216,1217
1216,1350
1216,1351
1217,1218
1217,1351
1217,1352
1218,1219
1218,1352
1218,1353
1219,1220
1219,1353
1219,1354
1220,1221
1220,1354
1220,1355
1221,1222
1221,1355
1221,1356
1222,1223
1222,1356
1222,1357
1223,1224
1223,1357
1223,1358
1224,1225
1224,1358
1224,1359
1225,1226
1225,1359
1225,1360
1226,1227
1226,1360
1226,1361
1227,1228
1227,1361
1227,1362
1228,1229
1228,1362
1228,1363
1229,1230
1229,1363
1229,1364
1230,1231
1230,1364
1230,1365
1231,1232
1231,1365
1231,1366
1232,1233
1232,1366
1232,1367
1233,1234
1233,1367
1233,1368
1234,1235
1234,1368
1234,1369
1235,1236
1235,1369
1235,1370
1236,1237
1236,1370
1236,1371
1237,1238
1237,1371
1237,1372
1238,1239
1238,1372
1238,1373
1239,1240
1239,1373
1239,1374
1240,1241
1240,1374
1240,1375
1241,1242
1241,1375
1241,1376
1242,1243
1242,1376
1242,1377
1243,1244
1243,1377
1243,1378
1244,1245
1244,1378
1244,1379
1245,1246
1245,1379
1245,1380
1246,1247
1246,1380
1246,1381
1247,1248
1247,1381
1247,1382
1248,1249
1248,1382
1248,1383
1249,1250
1249,1383
1249,1384
1250,1251
1250,1384
1250,1385
1251,1252
1251,1385
1251,1386
1252,1253
1252,1386
1252,1387
1253,1254
1253,1387
1253,1388
1254,1255
1254,1388
1254,1389
1255,1256
1255,1389
1255,1390
1256,1257
1256,1390
1256,1391
1257,1258
1257,1391
1257,1392
1258,1259
1258,1392
1258,1393
1259,1260
1259,1393
1259,1394
1260,1261
1260,1394
1260,1395
1261,1262
1261,1395
1261,1396
1262,1263
1262,1396
1262,1397
1263,1264
1263,1397
1263,1398
1264,1265
1264,1398
1264,1399
1265,1266
1265,1399
1265,1400
1266,1267
1266,1400
1266,1401
1267,1268
1267,1401
1267,1402
1268,1269
1268,1402
1268,1403
1269,1270
1269,1403
1269,1404
1270,1271
1270,1404
1270,1405
1271,1272
1271,1405
1271,1406
1272,1273
1272,1406
1272,1407
1273,1274
1273,1407
1273,1408
1274,1275
1274,1408
1274,1409
1275,1276
1275,1409
1275,1410
1276,1277
1276,1410
1276,1411
1277,1278
1277,1411
1277,1412
1278,1279
1278,1412
1278,1413
1279,1280
1279,1413
1279,1414
1280,1281
1280,1414
1280,1415
1281,1282
1281,1415
1281,1416
1282,1283
1282,1416
1282,1417
1283,1284
1283,1417
1283,1418
1284,1285
1284,1418
1284,1419
1285,1286
1285,1419
1285,1420
1286,1287
1286,1420
1286,1421
1287,1288
1287,1421
1287,1422
1288,1289
1288,1422
1288,1423
1289,1290
1289,1423
1289,1424
1290,1291
1290,1424
1290,1425
1291,1292
1291,1425
1291,1426
1292,1293
1292,1426
1292,1427
1293,1294
1293,1427
1293,1428
1294,1295
1294,1428
1294,1429
1295,1296
1295,1429
1295,1430
1296,1297
1296,1430
1296,1431
1297,1298
1297,1431
1297,1432
1298,1299
1298,1432
1298,1433
1299,1300
1299,1433
1299,1434
1300,1301
1300,1434
1300,1435
1301,1302
1301,1435
1301,1436
1302,1303
1302,1436
1302,1437
1303,1304
1303,1437
1303,1438
1304,1305
1304,1438
1304,1439
1305,1306
1305,1439
1305,1440
1306,1307
1306,1440
1306,1441
1307,1308
1307,1441
1307,1442
1308,1309
1308,1442
1308,1443
1309,1310
1309,1443
1309,1444
1310,1311
1310,1444
1310,1445
1311,1312
1311,1445
1311,1446
1312,1313
1312,1446
1312,1447
1313,1314
1313,1447
1313,1448
1314,1315
1314,1448
1314,1449
1315,1316
1315,1449
1315,1450
1316,1317
1316,1450
1316,1451
1317,1318
1317,1451
1317,1452
1318,1319
1318,1452
1318,1453
1319,1320
1319,1453
1319,1454
1320,1321
1320,1454
1320,1455
1321,1322
1321,1455
1321,1456
1322,1323
1322,1456
1322,1457
1323,1324
1323,1457
1323,1458
1324,1325
1324,1458
1324,1459
1325,1326
1325,1459
1325,1460
1326,1327
1326,1460
1326,1461
1327,1328
1327,1461
1327,1462
1328,1329
1328,1462
1328,1463
1329,1330
1329,1463
1329,1464
1330,1331
1330,1464
1330,1465
1331,1332
1331,1465
1331,1466
1332,1333
1332,1466
1332,1467
1333,1334
1333,1467
1333,1468
1334,1335
1334,1468
1334,1469
1335,1336
1335,1469
1335,1470
1336,1337
1336,1470
1336,1471
1337,1338
1337,1471
1337,1472
1338,1339
1338,1472
1338,1473
1339,1473
1340,1341
1340,1474
1340,1475
1341,1342
1341,1475
1341,1476
1342,1343
1342,1476
1342,1477
1343,1344
1343,1477
1343,1478
1344,1345
1344,1478
1344,1479
1345,1346
1345,1479
1345,1480
1346,1347
1346,1480
1346,1481
1347,1348
1347,1481
1347,1482
1348,1349
1348,1482
1348,1483
1349,1350
1349,1483
1349,1484
1350,1351
1350,1484
1350,1485
1351,1352
1351,1485
1351,1486
1352,1353
1352,1486
1352,1487
1353,1354
1353,1487
1353,1488
1354,1355
1354,1488
1354,1489
1355,1356
1355,1489
1355,1490
1356,1357
1356,1490
1356,1491
1357,1358
1357,1491
1357,1492
1358,1359
1358,1492
1358,1493
1359,1360
1359,1493
1359,1494
1360,1361
1360,1494
1360,1495
1361,1362
1361,1495
1361,1496
1362,1363
1362,1496
1362,1497
1363,1364
1363,1497
1363,1498
1364,1365
1364,1498
1364,1499
1365,1366
1365,1499
1365,1500
1366,1367
1366,1500
1366,1501
1367,1368
1367,1501
1367,1502
1368,1369
1368,1502
1368,1503
1369,1370
1369,1503
1369,1504
1370,1371
1370,1504
1370,1505
1371,1372
1371,1505
1371,1506
1372,1373
1372,1506
1372,1507
1373,1374
1373,1507
1373,1508
1374,1375
1374,1508
1374,1509
1375,1376
1375,1509
1375,1510
1376,1377
1376,1510
1376,1511
1377,1378
1377,1511
1377,1512
1378,1379
1378,1512
1378,1513
1379,1380
1379,1513
1379,1514
1380,1381
1380,1514
1380,1515
1381,1382
1381,1515
1381,1516
1382,1383
1382,1516
1382,1517
1383,1384
1383,1517
1383,1518
1384,1385
1384,1518
1384,1519
1385,1386
1385,1519
1385,1520
1386,1387
1386,1520
1386,1521
1387,1388
1387,1521
1387,1522
1388,1389
1388,1522
1388,1523
1389,1390
1389,1523
1389,1524
1390,1391
1390,1524
1390,1525
1391,1392
1391,1525
1391,1526
1392,1393
1392,1526
1392,1527
1393,1394
1393,1527
1393,1528
1394,1395
1394,1528
1394,1529
1395,1396
1395,1529
1395,1530
1396,1397
1396,1530
1396,1531
1397,1398
1397,1531
1397,1532
1398,1399
1398,1532
1398,1533
1399,1400
1399,1533
1399,1534
1400,1401
1400,1534
1400,1535
1401,1402
1401,1535
1401,1536
1402,1403
1402,1536
1402,1537
1403,1404
1403,1537
1403,1538
1404,1405
1404,1538
1404,1539
1405,1406
1405,1539
1405,1540
1406,1407
1406,1540
1406,1541
1407,1408
1407,1541
1407,1542
1408,1409
1408,1542
1408,1543
1409,1410
1409,1543
1409,1544
1410,1411
1410,1544
1410,1545
1411,1412
1411,1545
1411,1546
1412,1413
1412,1546
1412,1547
1413,1414
1413,1547
1413,1548
1414,1415
1414,1548
1414,1549
1415,1416
1415,1549
1415,1550
1416,1417
1416,1550
1416,1551
1417,1418
1417,1551
1417,1552
1418,1419
1418,1552
1418,1553
1419,1420
1419,1553
1419,1554
1420,1421
1420,1554
1420,1555
1421,1422
1421,1555
1421,1556
1422,1423
1422,1556
1422,1557
1423,1424
1423,1557
1423,1558
1424,1425
1424,1558
1424,1559
1425,1426
1425,1559
1425,1560
1426,1427
1426,1560
1426,1561
1427,1428
1427,1561
1427,1562
1428,1429
1428,1562
1428,1563
1429,1430
1429,1563
1429,1564
1430,1431
1430,1564
1430,1565
1431,1432
1431,1565
1431,1566
1432,1433
1432,1566
1432,1567
1433,1434
1433,1567
1433,1568
1434,1435
1434,1568
1434,1569
1435,1436
1435,1569
1435,1570
1436,1437
1436,1570
1436,1571
1437,1438
1437,1571
1437,1572
1438,1439
1438,1572
1438,1573
1439,1440
1439,1573
1439,1574
1440,1441
1440,1574
1440,1575
1441,1442
1441,1575
1441,1576
1442,1443
1442,1576
1442,1577
1443,1444
1443,1577
1443,1578
1444,1445
1444,1578
1444,1579
1445,1446
1445,1579
1445,1580
1446,1447
1446,1580
1446,1581
1447,1448
1447,1581
1447,1582
1448,1449
1448,1582
1448,1583
1449,1450
1449,1583
1449,1584
1450,1451
1450,1584
1450,1585
1451,1452
1451,1585
1451,1586
1452,1453
1452,1586
1452,1587
1453,1454
1453,1587
1453,1588
1454,1455
1454,1588
1454,1589
1455,1456
1455,1589
1455,1590
1456,1457
1456,1590
1456,1591
1457,1458
1457,1591
1457,1592
1458,1459
1458,1592
1458,1593
1459,1460
1459,1593
1459,1594
1460,1461
1460,1594
1460,1595
1461,1462
1461,1595
1461,1596
1462,1463
1462,1596
1462,1597
1463,1464
1463,1597
1463,1598
1464,1465
1464,1598
1464,1599
1465,1466
1465,1599
1465,1600
1466,1467
1466,1600
1466,1601
1467,1468
1467,1601
1467,1602
1468,1469
1468,1602
1468,1603
1469,1470
1469,1603
1469,1604
1470,1471
1470,1604
1470,1605
1471,1472
1471,1605
1471,1606
1472,1473
1472,1606
1472,1607
1473,1607
1474,1475
1474,1608
1474,1609
1475,1476
1475,1609
1475,1610
1476,1477
1476,1610
1476,1611
1477,1478
1477,1611
1477,1612
1478,1479
1478,1612
1478,1613
1479,1480
1479,1613
1479,1614
1480,1481
1480,1614
1480,1615
1481,1482
1481,1615
1481,1616
1482,1483
1482,1616
1482,1617
1483,1484
1483,1617
1483,1618
1484,1485
1484,1618
1484,1619
1485,1486
1485,1619
1485,1620
1486,1487
1486,1620
1486,1621
1487,1488
1487,1621
1487,1622
1488,1489
1488,1622
1488,1623
1489,1490
1489,1623
1489,1624
1490,1491
1490,1624
1490,1625
1491,1492
1491,1625
1491,1626
1492,1493
1492,1626
1492,1627
1493,1494
1493,1627
1493,1628
1494,1495
1494,1628
1494,1629
1495,1496
1495,1629
1495,1630
1496,1497
1496,1630
1496,1631
1497,1498
1497,1631
1497,1632
1498,1499
1498,1632
1498,1633
1499,1500
1499,1633
1499,1634
1500,1501
1500,1634
1500,1635
1501,1502
1501,1635
1501,1636
1502,1503
1502,1636
1502,1637
1503,1504
1503,1637
1503,1638
1504,1505
1504,1638
1504,1639
1505,1506
1505,1639
1505,1640
1506,1507
1506,1640
1506,1641
1507,1508
1507,1641
1507,1642
1508,1509
1508,1642
1508,1643
1509,1510
1509,1643
1509,1644
1510,1511
1510,1644
1510,1645
1511,1512
1511,1645
1511,1646
1512,1513
1512,1646
1512,1647
1513,1514
1513,1647
1513,1648
1514,1515
1514,1648
1514,1649
1515,1516
1515,1649
1515,1650
1516,1517
1516,1650
1516,1651
1517,1518
1517,1651
1517,1652
1518,1519
1518,1652
1518,1653
1519,1520
1519,1653
1519,1654
1520,1521
1520,1654
1520,1655
1521,1522
1521,1655
1521,1656
1522,1523
1522,1656
1522,1657
1523,1524
1523,1657
1523,1658
1524,1525
1524,1658
1524,1659
1525,1526
1525,1659
1525,1660
1526,1527
1526,1660
1526,1661
1527,1528
1527,1661
1527,1662
1528,1529
1528,1662
1528,1663
1529,1530
1529,1663
1529,1664
1530,1531
1530,1664
1530,1665
1531,1532
1531,1665
1531,1666
1532,1533
1532,1666
1532,1667
1533,1534
1533,1667
1533,1668
1534,1535
1534,1668
1534,1669
1535,1536
1535,1669
1535,1670
1536,1537
1536,1670
1536,1671
1537,1538
1537,1671
1537,1672
1538,1539
1538,1672
1538,1673
1539,1540
1539,1673
1539,1674
1540,1541
1540,1674
1540,1675
1541,1542
1541,1675
1541,1676
1542,1543
1542,1676
1542,1677
1543,1544
1543,1677
1543,1678
1544,1545
1544,1678
1544,1679
1545,1546
1545,1679
1545,1680
1546,1547
1546,1680
1546,1681
1547,1548
1547,1681
1547,1682
1548,1549
1548,1682
1548,1683
1549,1550
1549,1683
1549,1684
1550,1551
1550,1684
1550,1685
1551,1552
1551,1685
1551,1686
1552,1553
1552,1686
1552,1687
1553,1554
1553,1687
1553,1688
1554,1555
1554,1688
1554,1689
1555,1556
1555,1689
1555,1690
1556,1557
1556,1690
1556,1691
1557,1558
1557,1691
1557,1692
1558,1559
1558,1692
1558,1693
1559,1560
1559,1693
1559,1694
1560,1561
1560,1694
1560,1695
1561,1562
1561,1695
1561,1696
1562,1563
1562,1696
1562,1697
1563,1564
1563,1697
1563,1698
1564,1565
1564,1698
1564,1699
1565,1566
1565,1699
1565,1700
1566,1567
1566,1700
1566,1701
1567,1568
1567,1701
1567,1702
1568,1569
1568,1702
1568,1703
1569,1570
1569,1703
1569,1704
1570,1571
1570,1704
1570,1705
1571,1572
1571,1705
1571,1706
1572,1573
1572,1706
1572,1707
1573,1574
1573,1707
1573,1708
1574,1575
1574,1708
1574,1709
1575,1576
1575,1709
1575,1710
1576,1577
1576,1710
1576,1711
1577,1578
1577,1711
1577,1712
1578,1579
1578,1712
1578,1713
1579,1580
1579,1713
1579,1714
1580,1581
1580,1714
1580,1715
1581,1582
1581,1715
1581,1716
1582,1583
1582,1716
1582,1717
1583,1584
1583,1717
1583,1718
1584,1585
1584,1718
1584,1719
1585,1586
1585,1719
1585,1720
1586,1587
1586,1720
1586,1721
1587,1588
1587,1721
1587,1722
1588,1589
1588,1722
1588,1723
1589,1590
1589,1723
1589,1724
1590,1591
1590,1724
1590,1725
1591,1592
1591,1725
1591,1726
1592,1593
1592,1726
1592,1727
1593,1594
1593,1727
1593,1728
1594,1595
1594,1728
1594,1729
1595,1596
1595,1729
1595,1730
1596,1597
1596,1730
1596,1731
1597,1598
1597,1731
1597,1732
1598,1599
1598,1732
1598,1733
1599,1600
1599,1733
1599,1734
1600,1601
1600,1734
1600,1735
1601,1602
1601,1735
1601,1736
1602,1603
1602,1736
1602,1737
1603,1604
1603,1737
1603,1738
1604,1605
1604,1738
1604,1739
1605,1606
1605,1739
1605,1740
1606,1607
1606,1740
1606,1741
1607,1741
1608,1609
1608,1742
1608,1743
1609,1610
1609,1743
1609,1744
1610,1611
1610,1744
1610,1745
1611,1612
1611,1745
1611,1746
1612,1613
1612,1746
1612,1747
1613,1614
1613,1747
1613,1748
1614,1615
1614,1748
1614,1749
1615,1616
1615,1749
1615,1750
1616,1617
1616,1750
1616,1751
1617,1618
1617,1751
1617,1752
1618,1619
1618,1752
1618,1753
1619,1620
1619,1753
1619,1754
1620,1621
1620,1754
1620,1755
1621,1622
1621,1755
1621,1756
1622,1623
1622,1756
1622,1757
1623,1624
1623,1757
1623,1758
1624,1625
1624,1758
1624,1759
1625,1626
1625,1759
1625,1760
1626,1627
1626,1760
1626,1761
1627,1628
1627,1761
1627,1762
1628,1629
1628,1762
1628,1763
1629,1630
1629,1763
1629,1764
1630,1631
1630,1764
1630,1765
1631,1632
1631,1765
1631,1766
1632,1633
1632,1766
1632,1767
1633,1634
1633,1767
1633,1768
1634,1635
1634,1768
1634,1769
1635,1636
1635,1769
1635,1770
1636,1637
1636,1770
1636,1771
1637,1638
1637,1771
1637,1772
1638,1639
1638,1772
1638,1773
1639,1640
1639,1773
1639,1774
1640,1641
1640,1774
1640,1775
1641,1642
1641,1775
1641,1776
1642,1643
1642,1776
1642,1777
1643,1644
1643,1777
1643,1778
1644,1645
1644,1778
1644,1779
1645,1646
1645,1779
1645,1780
1646,1647
1646,1780
1646,1781
1647,1648
1647,1781
1647,1782
1648,1649
1648,1782
1648,1783
1649,1650
1649,1783
1649,1784
1650,1651
1650,1784
1650,1785
1651,1652
1651,1785
1651,1786
1652,1653
1652,1786
1652,1787
1653,1654
1653,1787
1653,1788
1654,1655
1654,1788
1654,1789
1655,1656
1655,1789
1655,1790
1656,1657
1656,1790
1656,1791
1657,1658
1657,1791
1657,1792
1658,1659
1658,1792
1658,1793
1659,1660
1659,1793
1659,1794
1660,1661
1660,1794
1660,1795
1661,1662
1661,1795
1661,1796
1662,1663
1662,1796
1662,1797
1663,1664
1663,1797
1663,1798
1664,1665
1664,1798
1664,1799
1665,1666
1665,1799
1665,1800
1666,1667
1666,1800
1666,1801
1667,1668
1667,1801
1667,1802
1668,1669
1668,1802
1668,1803
1669,1670
1669,1803
1669,1804
1670,1671
1670,1804
1670,1805
1671,1672
1671,1805
1671,1806
1672,1673
1672,1806
1672,1807
1673,1674
1673,1807
1673,1808
1674,1675
1674,1808
1674,1809
1675,1676
1675,1809
1675,1810
1676,1677
1676,1810
1676,1811
1677,1678
1677,1811
1677,1812
1678,1679
1678,1812
1678,1813
1679,1680
1679,1813
1679,1814
1680,1681
1680,1814
1680,1815
1681,1682
1681,1815
1681,1816
1682,1683
1682,1816
1682,1817
1683,1684
1683,1817
1683,1818
1684,1685
1684,1818
1684,1819
1685,1686
1685,1819
1685,1820
1686,1687
1686,1820
1686,1821
1687,1688
1687,1821
1687,1822
1688,1689
1688,1822
1688,1823
1689,1690
1689,1823
1689,1824
1690,1691
1690,1824
1690,1825
1691,1692
1691,1825
1691,1826
1692,1693
1692,1826
1692,1827
1693,1694
1693,1827
1693,1828
1694,1695
1694,1828
1694,1829
1695,1696
1695,1829
1695,1830
1696,1697
1696,1830
1696,1831
1697,1698
1697,1831
1697,1832
1698,1699
1698,1832
1698,1833
1699,1700
1699,1833
1699,1834
1700,1701
1700,1834
1700,1835
1701,1702
1701,1835
1701,1836
1702,1703
1702,1836
1702,1837
1703,1704
1703,1837
1703,1838
1704,1705
1704,1838
1704,1839
1705,1706
1705,1839
1705,1840
1706,1707
1706,1840
1706,1841
1707,1708
1707,1841
1707,1842
1708,1709
1708,1842
1708,1843
1709,1710
1709,1843
1709,1844
1710,1711
1710,1844
1710,1845
1711,1712
1711,1845
1711,1846
1712,1713
1712,1846
1712,1847
1713,1714
1713,1847
1713,1848
1714,1715
1714,1848
1714,1849
1715,1716
1715,1849
1715,1850
1716,1717
1716,1850
1716,1851
1717,1718
1717,1851
1717,1852
1718,1719
1718,1852
1718,1853
1719,1720
1719,1853
1719,1854
1720,1721
1720,1854
1720,1855
1721,1722
1721,1855
1721,1856
1722,1723
1722,1856
1722,1857
1723,1724
1723,1857
1723,1858
1724,1725
1724,1858
1724,1859
1725,1726
1725,1859
1725,1860
1726,1727
1726,1860
1726,1861
1727,1728
1727,1861
1727,1862
1728,1729
1728,1862
1728,1863
1729,1730
1729,1863
1729,1864
1730,1731
1730,1864
1730,1865
1731,1732
1731,1865
1731,1866
1732,1733
1732,1866
1732,1867
1733,1734
1733,1867
1733,1868
1734,1735
1734,1868
1734,1869
1735,1736
1735,1869
1735,1870
1736,1737
1736,1870
1736,1871
1737,1738
1737,1871
1737,1872
1738,1739
1738,1872
1738,1873
1739,1740
1739,1873
1739,1874
1740,1741
1740,1874
1740,1875
1741,1875
1742,1743
1742,1876
1742,1877
1743,1744
1743,1877
1743,1878
1744,1745
1744,1878
1744,1879
1745,1746
1745,1879
1745,1880
1746,1747
1746,1880
1746,1881
1747,1748
1747,1881
1747,1882
1748,1749
1748,1882
1748,1883
1749,1750
1749,1883
1749,1884
1750,1751
1750,1884
1750,1885
1751,1752
1751,1885
1751,1886
1752,1753
1752,1886
1752,1887
1753,1754
1753,1887
1753,1888
1754,1755
1754,1888
1754,1889
1755,1756
1755,1889
1755,1890
1756,1757
1756,1890
1756,1891
1757,1758
1757,1891
1757,1892
1758,1759
1758,1892
1758,1893
1759,1760
1759,1893
1759,1894
1760,1761
1760,1894
1760,1895
1761,1762
1761,1895
1761,1896
1762,1763
1762,1896
1762,1897
1763,1764
1763,1897
1763,1898
1764,1765
1764,1898
1764,1899
1765,1766
1765,1899
1765,1900
1766,1767
1766,1900
1766,1901
1767,1768
1767,1901
1767,1902
1768,1769
1768,1902
1768,1903
1769,1770
1769,1903
1769,1904
1770,1771
1770,1904
1770,1905
1771,1772
1771,1905
1771,1906
1772,1773
1772,1906
1772,1907
1773,1774
1773,1907
1773,1908
1774,1775
1774,1908
1774,1909
1775,1776
1775,1909
1775,1910
1776,1777
1776,1910
1776,1911
1777,1778
1777,1911
1777,1912
1778,1779
1778,1912
1778,1913
1779,1780
1779,1913
1779,1914
1780,1781
1780,1914
1780,1915
1781,1782
1781,1915
1781,1916
1782,1783
1782,1916
1782,1917
1783,1784
1783,1917
1783,1918
1784,1785
1784,1918
1784,1919
1785,1786
1785,1919
1785,1920
1786,1787
1786,1920
1786,1921
1787,1788
1787,1921
1787,1922
1788,1789
1788,1922
1788,1923
1789,1790
1789,1923
1789,1924
1790,1791
1790,1924
1790,1925
1791,1792
1791,1925
1791,1926
1792,1793
1792,1926
1792,1927
1793,1794
1793,1927
1793,1928
1794,1795
1794,1928
1794,1929
1795,1796
1795,1929
1795,1930
1796,1797
1796,1930
1796,1931
1797,1798
1797,1931
1797,1932
1798,1799
1798,1932
1798,1933
1799,1800
1799,1933
1799,1934
1800,1801
1800,1934
1800,1935
1801,1802
1801,1935
1801,1936
1802,1803
1802,1936
1802,1937
1803,1804
1803,1937
1803,1938
1804,1805
1804,1938
1804,1939
1805,1806
1805,1939
1805,1940
1806,1807
1806,1940
1806,1941
1807,1808
1807,1941
1807,1942
1808,1809
1808,1942
1808,1943
1809,1810
1809,1943
1809,1944
1810,1811
1810,1944
1810,1945
1811,1812
1811,1945
1811,1946
1812,1813
1812,1946
1812,1947
1813,1814
1813,1947
1813,1948
1814,1815
1814,1948
1814,1949
1815,1816
1815,1949
1815,1950
1816,1817
1816,1950
1816,1951
1817,1818
1817,1951
1817,1952
1818,1819
1818,1952
1818,1953
1819,1820
1819,1953
1819,1954
1820,1821
1820,1954
1820,1955
1821,1822
1821,1955
1821,1956
1822,1823
1822,1956
1822,1957
1823,1824
1823,1957
1823,1958
1824,1825
1824,1958
1824,1959
1825,1826
1825,1959
1825,1960
1826,1827
1826,1960
1826,1961
1827,1828
1827,1961
1827,1962
1828,1829
1828,1962
1828,1963
1829,1830
1829,1963
1829,1964
1830,1831
1830,1964
1830,1965
1831,1832
1831,1965
1831,1966
1832,1833
1832,1966
1832,1967
1833,1834
1833,1967
1833,1968
1834,1835
1834,1968
1834,1969
1835,1836
1835,1969
1835,1970
1836,1837
1836,1970
1836,1971
1837,1838
1837,1971
1837,1972
1838,1839
1838,1972
1838,1973
1839,1840
1839,1973
1839,1974
1840,1841
1840,1974
1840,1975
1841,1842
1841,1975
1841,1976
1842,1843
1842,1976
1842,1977
1843,1844
1843,1977
1843,1978
1844,1845
1844,1978
1844,1979
1845,1846
1845,1979
1845,1980
1846,1847
1846,1980
1846,1981
1847,1848
1847,1981
1847,1982
1848,1849
1848,1982
1848,1983
1849,1850
1849,1983
1849,1984
1850,1851
1850,1984
1850,1985
1851,1852
1851,1985
1851,1986
1852,1853
1852,1986
1852,1987
1853,1854
1853,1987
1853,1988
1854,1855
1854,1988
1854,1989
1855,1856
1855,1989
1855,1990
1856,1857
1856,1990
1856,1991
1857,1858
1857,1991
1857,1992
1858,1859
1858,1992
1858,1993
1859,1860
1859,1993
1859,1994
1860,1861
1860,1994
1860,1995
1861,1862
1861,1995
1861,1996
1862,1863
1862,1996
1862,1997
1863,1864
1863,1997
1863,1998
1864,1865
1864,1998
1864,1999
1865,1866
1865,1999
1865,2000
1866,1867
1866,2000
1866,2001
1867,1868
1867,2001
1867,2002
1868,1869
1868,2002
1868,2003
1869,1870
1869,2003
1869,2004
1870,1871
1870,2004
1870,2005
1871,1872
1871,2005
1871,2006
1872,1873
1872,2006
1872,2007
1873,1874
1873,2007
1873,2008
1874,1875
1874,2008
1874,2009
1875,2009
1876,1877
1876,2010
1876,2011
1877,1878
1877,2011
1877,2012
1878,1879
1878,2012
1878,2013
1879,1880
1879,2013
1879,2014
1880,1881
1880,2014
1880,2015
1881,1882
1881,2015
1881,2016
1882,1883
1882,2016
1882,2017
1883,1884
1883,2017
1883,2018
1884,1885
1884,2018
1884,2019
1885,1886
1885,2019
1885,2020
1886,1887
1886,2020
1886,2021
1887,1888
1887,2021
1887,2022
1888,1889
1888,2022
1888,2023
1889,1890
1889,2023
1889,2024
1890,1891
1890,2024
1890,2025
1891,1892
1891,2025
1891,2026
1892,1893
1892,2026
1892,2027
1893,1894
1893,2027
1893,2028
1894,1895
1894,2028
1894,2029
1895,1896
1895,2029
1895,2030
1896,1897
1896,2030
1896,2031
1897,1898
1897,2031
1897,2032
1898,1899
1898,2032
1898,2033
1899,1900
1899,2033
1899,2034
1900,1901
1900,2034
1900,2035
1901,1902
1901,2035
1901,2036
1902,1903
1902,2036
1902,2037
1903,1904
1903,2037
1903,2038
1904,1905
1904,2038
1904,2039
1905,1906
1905,2039
1905,2040
1906,1907
1906,2040
1906,2041
1907,1908
1907,2041
1907,2042
1908,1909
1908,2042
1908,2043
1909,1910
1909,2043
1909,2044
1910,1911
1910,2044
1910,2045
1911,1912
1911,2045
1911,2046
1912,1913
1912,2046
1912,2047
1913,1914
1913,2047
1913,2048
1914,1915
1914,2048
1914,2049
1915,1916
1915,2049
1915,2050
1916,1917
1916,2050
1916,2051
1917,1918
1917,2051
1917,2052
1918,1919
1918,2052
1918,2053
1919,1920
1919,2053
1919,2054
1920,1921
1920,2054
1920,2055
1921,1922
1921,2055
1921,2056
1922,1923
1922,2056
1922,2057
1923,1924
1923,2057
1923,2058
1924,1925
1924,2058
1924,2059
1925,1926
1925,2059
1925,2060
1926,1927
1926,2060
1926,2061
1927,1928
1927,2061
1927,2062
1928,1929
1928,2062
1928,2063
1929,1930
1929,2063
1929,2064
1930,1931
1930,2064
1930,2065
1931,1932
1931,2065
1931,2066
1932,1933
1932,2066
1932,2067
1933,1934
1933,2067
1933,2068
1934,1935
1934,2068
1934,2069
1935,1936
1935,2069
1935,2070
1936,1937
1936,2070
1936,2071
1937,1938
1937,2071
1937,2072
1938,1939
1938,2072
1938,2073
1939,1940
1939,2073
1939,2074
1940,1941
1940,2074
1940,2075
1941,1942
1941,2075
1941,2076
1942,1943
1942,2076
1942,2077
1943,1944
1943,2077
1943,2078
1944,1945
1944,2078
1944,2079
1945,1946
1945,2079
1945,2080
1946,1947
1946,2080
1946,2081
1947,1948
1947,2081
1947,2082
1948,1949
1948,2082
1948,2083
1949,1950
1949,2083
1949,2084
1950,1951
1950,2084
1950,2085
1951,1952
1951,2085
1951,2086
1952,1953
1952,2086
1952,2087
1953,1954
1953,2087
1953,2088
1954,1955
1954,2088
1954,2089
1955,1956
1955,2089
1955,2090
1956,1957
1956,2090
1956,2091
1957,1958
1957,2091
1957,2092
1958,1959
1958,2092
1958,2093
1959,1960
1959,2093
1959,2094
1960,1961
1960,2094
1960,2095
1961,1962
1961,2095
1961,2096
1962,1963
1962,2096
1962,2097
1963,1964
1963,2097
1963,2098
1964,1965
1964,2098
1964,2099
1965,1966
1965,2099
1965,2100
1966,1967
1966,2100
1966,2101
1967,1968
1967,2101
1967,2102
1968,1969
1968,2102
1968,2103
1969,1970
1969,2103
1969,2104
1970,1971
1970,2104
1970,2105
1971,1972
1971,2105
1971,2106
1972,1973
1972,2106
1972,2107
1973,1974
1973,2107
1973,2108
1974,1975
1974,2108
1974,2109
1975,1976
1975,2109
1975,2110
1976,1977
1976,2110
1976,2111
1977,1978
1977,2111
1977,2112
1978,1979
1978,2112
1978,2113
1979,1980
1979,2113
1979,2114
1980,1981
1980,2114
1980,2115
1981,1982
1981,2115
1981,2116
1982,1983
1982,2116
1982,2117
1983,1984
1983,2117
1983,2118
1984,1985
1984,2118
1984,2119
1985,1986
1985,2119
1985,2120
1986,1987
1986,2120
1986,2121
1987,1988
1987,2121
1987,2122
1988,1989
1988,2122
1988,2123
1989,1990
1989,2123
1989,2124
1990,1991
1990,2124
1990,2125
1991,1992
1991,2125
1991,2126
1992,1993
1992,2126
1992,2127
1993,1994
1993,2127
1993,2128
1994,1995
1994,2128
1994,2129
1995,1996
1995,2129
1995,2130
1996,1997
1996,2130
1996,2131
1997,1998
1997,2131
1997,2132
1998,1999
1998,2132
1998,2133
1999,2000
1999,2133
1999,2134
2000,2001
2000,2134
2000,2135
2001,2002
2001,2135
2001,2136
2002,2003
2002,2136
2002,2137
2003,2004
2003,2137
2003,2138
2004,2005
2004,2138
2004,2139
2005,2006
2005,2139
2005,2140
2006,2007
2006,2140
2006,2141
2007,2008
2007,2141
2007,2142
2008,2009
2008,2142
2008,2143
2009,2143
2010,2011
2010,2144
2010,2145
2011,2012
2011,2145
2011,2146
2012,2013
2012,2146
2012,2147
2013,2014
2013,2147
2013,2148
2014,2015
2014,2148
2014,2149
2015,2016
2015,2149
2015,2150
2016,2017
2016,2150
2016,2151
2017,2018
2017,2151
2017,2152
2018,2019
2018,2152
2018,2153
2019,2020
2019,2153
2019,2154
2020,2021
2020,2154
2020,2155
2021,2022
2021,2155
2021,2156
2022,2023
2022,2156
2022,2157
2023,2024
2023,2157
2023,2158
2024,2025
2024,2158
2024,2159
2025,2026
2025,2159
2025,2160
2026,2027
2026,2160
2026,2161
2027,2028
2027,2161
2027,2162
2028,2029
2028,2162
2028,2163
2029,2030
2029,2163
2029,2164
2030,2031
2030,2164
2030,2165
2031,2032
2031,2165
2031,2166
2032,2033
2032,2166
2032,2167
2033,2034
2033,2167
2033,2168
2034,2035
2034,2168
2034,2169
2035,2036
2035,2169
2035,2170
2036,2037
2036,2170
2036,2171
2037,2038
2037,2171
2037,2172
2038,2039
2038,2172
2038,2173
2039,2040
2039,2173
2039,2174
2040,2041
2040,2174
2040,2175
2041,2042
2041,2175
2041,2176
2042,2043
2042,2176
2042,2177
2043,2044
2043,2177
2043,2178
2044,2045
2044,2178
2044,2179
2045,2046
2045,2179
2045,2180
2046,2047
2046,2180
2046,2181
2047,2048
2047,2181
2047,2182
2048,2049
2048,2182
2048,2183
2049,2050
2049,2183
2049,2184
2050,2051
2050,2184
2050,2185
2051,2052
2051,2185
2051,2186
2052,2053
2052,2186
2052,2187
2053,2054
2053,2187
2053,2188
2054,2055
2054,2188
2054,2189
2055,2056
2055,2189
2055,2190
2056,2057
2056,2190
2056,2191
2057,2058
2057,2191
2057,2192
2058,2059
2058,2192
2058,2193
2059,2060
2059,2193
2059,2194
2060,2061
2060,2194
2060,2195
2061,2062
2061,2195
2061,2196
2062,2063
2062,2196
2062,2197
2063,2064
2063,2197
2063,2198
2064,2065
2064,2198
2064,2199
2065,2066
2065,2199
2065,2200
2066,2067
2066,2200
2066,2201
2067,2068
2067,2201
2067,2202
2068,2069
2068,2202
2068,2203
2069,2070
2069,2203
2069,2204
2070,2071
2070,2204
2070,2205
2071,2072
2071,2205
2071,2206
2072,2073
2072,2206
2072,2207
2073,2074
2073,2207
2073,2208
2074,2075
2074,2208
2074,2209
2075,2076
2075,2209
2075,2210
2076,2077
2076,2210
2076,2211
2077,2078
2077,2211
2077,2212
2078,2079
2078,2212
2078,2213
2079,2080
2079,2213
2079,2214
2080,2081
2080,2214
2080,2215
2081,2082
2081,2215
2081,2216
2082,2083
2082,2216
2082,2217
2083,2084
2083,2217
2083,2218
2084,2085
2084,2218
2084,2219
2085,2086
2085,2219
2085,2220
2086,2087
2086,2220
2086,2221
2087,2088
2087,2221
2087,2222
2088,2089
2088,2222
2088,2223
2089,2090
2089,2223
2089,2224
2090,2091
2090,2224
2090,2225
2091,2092
2091,2225
2091,2226
2092,2093
2092,2226
2092,2227
2093,2094
2093,2227
2093,2228
2094,2095
2094,2228
2094,2229
2095,2096
2095,2229
2095,2230
2096,2097
2096,2230
2096,2231
2097,2098
2097,2231
2097,2232
2098,2099
2098,2232
2098,2233
2099,2100
2099,2233
2099,2234
2100,2101
2100,2234
2100,2235
2101,2102
2101,2235
2101,2236
2102,2103
2102,2236
2102,2237
2103,2104
2103,2237
2103,2238
2104,2105
2104,2238
2104,2239
2105,2106
2105,2239
2105,2240
2106,2107
2106,2240
2106,2241
2107,2108
2107,2241
2107,2242
2108,2109
2108,2242
2108,2243
2109,2110
2109,2243
2109,2244
2110,2111
2110,2244
2110,2245
2111,2112
2111,2245
2111,2246
2112,2113
2112,2246
2112,2247
2113,2114
2113,2247
2113,2248
2114,2115
2114,2248
2114,2249
2115,2116
2115,2249
2115,2250
2116,2117
2116,2250
2116,2251
2117,2118
2117,2251
2117,2252
2118,2119
2118,2252
2118,2253
2119,2120
2119,2253
2119,2254
2120,2121
2120,2254
2120,2255
2121,2122
2121,2255
2121,2256
2122,2123
2122,2256
2122,2257
2123,2124
2123,2257
2123,2258
2124,2125
2124,2258
2124,2259
2125,2126
2125,2259
2125,2260
2126,2127
2126,2260
2126,2261
2127,2128
2127,2261
2127,2262
2128,2129
2128,2262
2128,2263
2129,2130
2129,2263
2129,2264
2130,2131
2130,2264
2130,2265
2131,2132
2131,2265
2131,2266
2132,2133
2132,2266
2132,2267
2133,2134
2133,2267
2133,2268
2134,2135
2134,2268
2134,2269
2135,2136
2135,2269
2135,2270
2136,2137
2136,2270
2136,2271
2137,2138
2137,2271
2137,2272
2138,2139
2138,2272
2138,2273
2139,2140
2139,2273
2139,2274
2140,2141
2140,2274
2140,2275
2141,2142
2141,2275
2141,2276
2142,2143
2142,2276
2142,2277
2143,2277
2144,2145
2144,2278
2144,2279
2145,2146
2145,2279
2145,2280
2146,2147
2146,2280
2146,2281
2147,2148
2147,2281
2147,2282
2148,2149
2148,2282
2148,2283
2149,2150
2149,2283
2149,2284
2150,2151
2150,2284
2150,2285
2151,2152
2151,2285
2151,2286
2152,2153
2152,2286
2152,2287
2153,2154
2153,2287
2153,2288
2154,2155
2154,2288
2154,2289
2155,2156
2155,2289
2155,2290
2156,2157
2156,2290
2156,2291
2157,2158
2157,2291
2157,2292
2158,2159
2158,2292
2158,2293
2159,2160
2159,2293
2159,2294
2160,2161
2160,2294
2160,2295
2161,2162
2161,2295
2161,2296
2162,2163
2162,2296
2162,2297
2163,2164
2163,2297
2163,2298
2164,2165
2164,2298
2164,2299
2165,2166
2165,2299
2165,2300
2166,2167
2166,2300
2166,2301
2167,2168
2167,2301
2167,2302
2168,2169
2168,2302
2168,2303
2169,2170
2169,2303
2169,2304
2170,2171
2170,2304
2170,2305
2171,2172
2171,2305
2171,2306
2172,2173
2172,2306
2172,2307
2173,2174
2173,2307
2173,2308
2174,2175
2174,2308
2174,2309
2175,2176
2175,2309
2175,2310
2176,2177
2176,2310
2176,2311
2177,2178
2177,2311
2177,2312
2178,2179
2178,2312
2178,2313
2179,2180
2179,2313
2179,2314
2180,2181
2180,2314
2180,2315
2181,2182
2181,2315
2181,2316
2182,2183
2182,2316
2182,2317
2183,2184
2183,2317
2183,2318
2184,2185
2184,2318
2184,2319
2185,2186
2185,2319
2185,2320
2186,2187
2186,2320
2186,2321
2187,2188
2187,2321
2187,2322
2188,2189
2188,2322
2188,2323
2189,2190
2189,2323
2189,2324
2190,2191
2190,2324
2190,2325
2191,2192
2191,2325
2191,2326
2192,2193
2192,2326
2192,2327
2193,2194
2193,2327
2193,2328
2194,2195
2194,2328
2194,2329
2195,2196
2195,2329
2195,2330
2196,2197
2196,2330
2196,2331
2197,2198
2197,2331
2197,2332
2198,2199
2198,2332
2198,2333
2199,2200
2199,2333
2199,2334
2200,2201
2200,2334
2200,2335
2201,2202
2201,2335
2201,2336
2202,2203
2202,2336
2202,2337
2203,2204
2203,2337
2203,2338
2204,2205
2204,2338
2204,2339
2205,2206
2205,2339
2205,2340
2206,2207
2206,2340
2206,2341
2207,2208
2207,2341
2207,2342
2208,2209
2208,2342
2208,2343
2209,2210
2209,2343
2209,2344
2210,2211
2210,2344
2210,2345
2211,2212
2211,2345
2211,2346
2212,2213
2212,2346
2212,2347
2213,2214
2213,2347
2213,2348
2214,2215
2214,2348
2214,2349
2215,2216
2215,2349
2215,2350
2216,2217
2216,2350
2216,2351
2217,2218
2217,2351
2217,2352
2218,2219
2218,2352
2218,2353
2219,2220
2219,2353
2219,2354
2220,2221
2220,2354
2220,2355
2221,2222
2221,2355
2221,2356
2222,2223
2222,2356
2222,2357
2223,2224
2223,2357
2223,2358
2224,2225
2224,2358
2224,2359
2225,2226
2225,2359
2225,2360
2226,2227
2226,2360
2226,2361
2227,2228
2227,2361
2227,2362
2228,2229
2228,2362
2228,2363
2229,2230
2229,2363
2229,2364
2230,2231
2230,2364
2230,2365
2231,2232
2231,2365
2231,2366
2232,2233
2232,2366
2232,2367
2233,2234
2233,2367
2233,2368
2234,2235
2234,2368
2234,2369
2235,2236
2235,2369
2235,2370
2236,2237
2236,2370
2236,2371
2237,2238
2237,2371
2237,2372
2238,2239
2238,2372
2238,2373
2239,2240
2239,2373
2239,2374
2240,2241
2240,2374
2240,2375
2241,2242
2241,2375
2241,2376
2242,2243
2242,2376
2242,2377
2243,2244
2243,2377
2243,2378
2244,2245
2244,2378
2244,2379
2245,2246
2245,2379
2245,2380
2246,2247
2246,2380
2246,2381
2247,2248
2247,2381
2247,2382
2248,2249
2248,2382
2248,2383
2249,2250
2249,2383
2249,2384
2250,2251
2250,2384
2250,2385
2251,2252
2251,2385
2251,2386
2252,2253
2252,2386
2252,2387
2253,2254
2253,2387
2253,2388
2254,2255
2254,2388
2254,2389
2255,2256
2255,2389
2255,2390
2256,2257
2256,2390
2256,2391
2257,2258
2257,2391
2257,2392
2258,2259
2258,2392
2258,2393
2259,2260
2259,2393
2259,2394
2260,2261
2260,2394
2260,2395
2261,2262
2261,2395
2261,2396
2262,2263
2262,2396
2262,2397
2263,2264
2263,2397
2263,2398
2264,2265
2264,2398
2264,2399
2265,2266
2265,2399
2265,2400
2266,2267
2266,2400
2266,2401
2267,2268
2267,2401
2267,2402
2268,2269
2268,2402
2268,2403
2269,2270
2269,2403
2269,2404
2270,2271
2270,2404
2270,2405
2271,2272
2271,2405
2271,2406
2272,2273
2272,2406
2272,2407
2273,2274
2273,2407
2273,2408
2274,2275
2274,2408
2274,2409
2275,2276
2275,2409
2275,2410
2276,2277
2276,2410
2276,2411
2277,2411
2278,2279
2278,2412
2278,2413
2279,2280
2279,2413
2279,2414
2280,2281
2280,2414
2280,2415
2281,2282
2281,2415
2281,2416
2282,2283
2282,2416
2282,2417
2283,2284
2283,2417
2283,2418
2284,2285
2284,2418
2284,2419
2285,2286
2285,2419
2285,2420
2286,2287
2286,2420
2286,2421
2287,2288
2287,2421
2287,2422
2288,2289
2288,2422
2288,2423
2289,2290
2289,2423
2289,2424
2290,2291
2290,2424
2290,2425
2291,2292
2291,2425
2291,2426
2292,2293
2292,2426
2292,2427
2293,2294
2293,2427
2293,2428
2294,2295
2294,2428
2294,2429
2295,2296
2295,2429
2295,2430
2296,2297
2296,2430
2296,2431
2297,2298
2297,2431
2297,2432
2298,2299
2298,2432
2298,2433
2299,2300
2299,2433
2299,2434
2300,2301
2300,2434
2300,2435
2301,2302
2301,2435
2301,2436
2302,2303
2302,2436
2302,2437
2303,2304
2303,2437
2303,2438
2304,2305
2304,2438
2304,2439
2305,2306
2305,2439
2305,2440
2306,2307
2306,2440
2306,2441
2307,2308
2307,2441
2307,2442
2308,2309
2308,2442
2308,2443
2309,2310
2309,2443
2309,2444
2310,2311
2310,2444
2310,2445
2311,2312
2311,2445
2311,2446
2312,2313
2312,2446
2312,2447
2313,2314
2313,2447
2313,2448
2314,2315
2314,2448
2314,2449
2315,2316
2315,2449
2315,2450
2316,2317
2316,2450
2316,2451
2317,2318
2317,2451
2317,2452
2318,2319
2318,2452
2318,2453
2319,2320
2319,2453
2319,2454
2320,2321
2320,2454
2320,2455
2321,2322
2321,2455
2321,2456
2322,2323
2322,2456
2322,2457
2323,2324
2323,2457
2323,2458
2324,2325
2324,2458
2324,2459
2325,2326
2325,2459
2325,2460
2326,2327
2326,2460
2326,2461
2327,2328
2327,2461
2327,2462
2328,2329
2328,2462
2328,2463
2329,2330
2329,2463
2329,2464
2330,2331
2330,2464
2330,2465
2331,2332
2331,2465
2331,2466
2332,2333
2332,2466
2332,2467
2333,2334
2333,2467
2333,2468
2334,2335
2334,2468
2334,2469
2335,2336
2335,2469
2335,2470
2336,2337
2336,2470
2336,2471
2337,2338
2337,2471
2337,2472
2338,2339
2338,2472
2338,2473
2339,2340
2339,2473
2339,2474
2340,2341
2340,2474
2340,2475
2341,2342
2341,2475
2341,2476
2342,2343
2342,2476
2342,2477
2343,2344
2343,2477
2343,2478
2344,2345
2344,2478
2344,2479
2345,2346
2345,2479
2345,2480
2346,2347
2346,2480
2346,2481
2347,2348
2347,2481
2347,2482
2348,2349
2348,2482
2348,2483
2349,2350
2349,2483
2349,2484
2350,2351
2350,2484
2350,2485
2351,2352
2351,2485
2351,2486
2352,2353
2352,2486
2352,2487
2353,2354
2353,2487
2353,2488
2354,2355
2354,2488
2354,2489
2355,2356
2355,2489
2355,2490
2356,2357
2356,2490
2356,2491
2357,2358
2357,2491
2357,2492
2358,2359
2358,2492
2358,2493
2359,2360
2359,2493
2359,2494
2360,2361
2360,2494
2360,2495
2361,2362
2361,2495
2361,2496
2362,2363
2362,2496
2362,2497
2363,2364
2363,2497
2363,2498
2364,2365
2364,2498
2364,2499
2365,2366
2365,2499
2365,2500
2366,2367
2366,2500
2366,2501
2367,2368
2367,2501
2367,2502
2368,2369
2368,2502
2368,2503
2369,2370
2369,2503
2369,2504
2370,2371
2370,2504
2370,2505
2371,2372
2371,2505
2371,2506
2372,2373
2372,2506
2372,2507
2373,2374
2373,2507
2373,2508
2374,2375
2374,2508
2374,2509
2375,2376
2375,2509
2375,2510
2376,2377
2376,2510
2376,2511
2377,2378
2377,2511
2377,2512
2378,2379
2378,2512
2378,2513
2379,2380
2379,2513
2379,2514
2380,2381
2380,2514
2380,2515
2381,2382
2381,2515
2381,2516
2382,2383
2382,2516
2382,2517
2383,2384
2383,2517
2383,2518
2384,2385
2384,2518
2384,2519
2385,2386
2385,2519
2385,2520
2386,2387
2386,2520
2386,2521
2387,2388
2387,2521
2387,2522
2388,2389
2388,2522
2388,2523
2389,2390
2389,2523
2389,2524
2390,2391
2390,2524
2390,2525
2391,2392
2391,2525
2391,2526
2392,2393
2392,2526
2392,2527
2393,2394
2393,2527
2393,2528
2394,2395
2394,2528
2394,2529
2395,2396
2395,2529
2395,2530
2396,2397
2396,2530
2396,2531
2397,2398
2397,2531
2397,2532
2398,2399
2398,2532
2398,2533
2399,2400
2399,2533
2399,2534
2400,2401
2400,2534
2400,2535
2401,2402
2401,2535
2401,2536
2402,2403
2402,2536
2402,2537
2403,2404
2403,2537
2403,2538
2404,2405
2404,2538
2404,2539
2405,2406
2405,2539
2405,2540
2406,2407
2406,2540
2406,2541
2407,2408
2407,2541
2407,2542
2408,2409
2408,2542
2408,2543
2409,2410
2409,2543
2409,2544
2410,2411
2410,2544
2410,2545
2411,2545
2412,2413
2412,2546
2412,2547
2413,2414
2413,2547
2413,2548
2414,2415
2414,2548
2414,2549
2415,2416
2415,2549
2415,2550
2416,2417
2416,2550
2416,2551
2417,2418
2417,2551
2417,2552
2418,2419
2418,2552
2418,2553
2419,2420
2419,2553
2419,2554
2420,2421
2420,2554
2420,2555
2421,2422
2421,2555
2421,2556
2422,2423
2422,2556
2422,2557
2423,2424
2423,2557
2423,2558
2424,2425
2424,2558
2424,2559
2425,2426
2425,2559
2425,2560
2426,2427
2426,2560
2426,2561
2427,2428
2427,2561
2427,2562
2428,2429
2428,2562
2428,2563
2429,2430
2429,2563
2429,2564
2430,2431
2430,2564
2430,2565
2431,2432
2431,2565
2431,2566
2432,2433
2432,2566
2432,2567
2433,2434
2433,2567
2433,2568
2434,2435
2434,2568
2434,2569
2435,2436
2435,2569
2435,2570
2436,2437
2436,2570
2436,2571
2437,2438
2437,2571
2437,2572
2438,2439
2438,2572
2438,2573
2439,2440
2439,2573
2439,2574
2440,2441
2440,2574
2440,2575
2441,2442
2441,2575
2441,2576
2442,2443
2442,2576
2442,2577
2443,2444
2443,2577
2443,2578
2444,2445
2444,2578
2444,2579
2445,2446
2445,2579
2445,2580
2446,2447
2446,2580
2446,2581
2447,2448
2447,2581
2447,2582
2448,2449
2448,2582
2448,2583
2449,2450
2449,2583
2449,2584
2450,2451
2450,2584
2450,2585
2451,2452
2451,2585
2451,2586
2452,2453
2452,2586
2452,2587
2453,2454
2453,2587
2453,2588
2454,2455
2454,2588
2454,2589
2455,2456
2455,2589
2455,2590
2456,2457
2456,2590
2456,2591
2457,2458
2457,2591
2457,2592
2458,2459
2458,2592
2458,2593
2459,2460
2459,2593
2459,2594
2460,2461
2460,2594
2460,2595
2461,2462
2461,2595
2461,2596
2462,2463
2462,2596
2462,2597
2463,2464
2463,2597
2463,2598
2464,2465
2464,2598
2464,2599
2465,2466
2465,2599
2465,2600
2466,2467
2466,2600
2466,2601
2467,2468
2467,2601
2467,2602
2468,2469
2468,2602
2468,2603
2469,2470
2469,2603
2469,2604
2470,2471
2470,2604
2470,2605
2471,2472
2471,2605
2471,2606
2472,2473
2472,2606
2472,2607
2473,2474
2473,2607
2473,2608
2474,2475
2474,2608
2474,2609
2475,2476
2475,2609
2475,2610
2476,2477
2476,2610
2476,2611
2477,2478
2477,2611
2477,2612
2478,2479
2478,2612
2478,2613
2479,2480
2479,2613
2479,2614
2480,2481
2480,2614
2480,2615
2481,2482
2481,2615
2481,2616
2482,2483
2482,2616
2482,2617
2483,2484
2483,2617
2483,2618
2484,2485
2484,2618
2484,2619
2485,2486
2485,2619
2485,2620
2486,2487
2486,2620
2486,2621
2487,2488
2487,2621
2487,2622
2488,2489
2488,2622
2488,2623
2489,2490
2489,2623
2489,2624
2490,2491
2490,2624
2490,2625
2491,2492
2491,2625
2491,2626
2492,2493
2492,2626
2492,2627
2493,2494
2493,2627
2493,2628
2494,2495
2494,2628
2494,2629
2495,2496
2495,2629
2495,2630
2496,2497
2496,2630
2496,2631
2497,2498
2497,2631
2497,2632
2498,2499
2498,2632
2498,2633
2499,2500
2499,2633
2499,2634
2500,2501
2500,2634
2500,2635
2501,2502
2501,2635
2501,2636
2502,2503
2502,2636
2502,2637
2503,2504
2503,2637
2503,2638
2504,2505
2504,2638
2504,2639
2505,2506
2505,2639
2505,2640
2506,2507
2506,2640
2506,2641
2507,2508
2507,2641
2507,2642
2508,2509
2508,2642
2508,2643
2509,2510
2509,2643
2509,2644
2510,2511
2510,2644
2510,2645
2511,2512
2511,2645
2511,2646
2512,2513
2512,2646
2512,2647
2513,2514
2513,2647
2513,2648
2514,2515
2514,2648
2514,2649
2515,2516
2515,2649
2515,2650
2516,2517
2516,2650
2516,2651
2517,2518
2517,2651
2517,2652
2518,2519
2518,2652
2518,2653
2519,2520
2519,2653
2519,2654
2520,2521
2520,2654
2520,2655
2521,2522
2521,2655
2521,2656
2522,2523
2522,2656
2522,2657
2523,2524
2523,2657
2523,2658
2524,2525
2524,2658
2524,2659
2525,2526
2525,2659
2525,2660
2526,2527
2526,2660
2526,2661
2527,2528
2527,2661
2527,2662
2528,2529
2528,2662
2528,2663
2529,2530
2529,2663
2529,2664
2530,2531
2530,2664
2530,2665
2531,2532
2531,2665
2531,2666
2532,2533
2532,2666
2532,2667
2533,2534
2533,2667
2533,2668
2534,2535
2534,2668
2534,2669
2535,2536
2535,2669
2535,2670
2536,2537
2536,2670
2536,2671
2537,2538
2537,2671
2537,2672
2538,2539
2538,2672
2538,2673
2539,2540
2539,2673
2539,2674
2540,2541
2540,2674
2540,2675
2541,2542
2541,2675
2541,2676
2542,2543
2542,2676
2542,2677
2543,2544
2543,2677
2543,2678
2544,2545
2544,2678
2544,2679
2545,2679
2546,2547
2546,2680
2546,2681
2547,2548
2547,2681
2547,2682
2548,2549
2548,2682
2548,2683
2549,2550
2549,2683
2549,2684
2550,2551
2550,2684
2550,2685
2551,2552
2551,2685
2551,2686
2552,2553
2552,2686
2552,2687
2553,2554
2553,2687
2553,2688
2554,2555
2554,2688
2554,2689
2555,2556
2555,2689
2555,2690
2556,2557
2556,2690
2556,2691
2557,2558
2557,2691
2557,2692
2558,2559
2558,2692
2558,2693
2559,2560
2559,2693
2559,2694
2560,2561
2560,2694
2560,2695
2561,2562
2561,2695
2561,2696
2562,2563
2562,2696
2562,2697
2563,2564
2563,2697
2563,2698
2564,2565
2564,2698
2564,2699
2565,2566
2565,2699
2565,2700
2566,2567
2566,2700
2566,2701
2567,2568
2567,2701
2567,2702
2568,2569
2568,2702
2568,2703
2569,2570
2569,2703
2569,2704
2570,2571
2570,2704
2570,2705
2571,2572
2571,2705
2571,2706
2572,2573
2572,2706
2572,2707
2573,2574
2573,2707
2573,2708
2574,2575
2574,2708
2574,2709
2575,2576
2575,2709
2575,2710
2576,2577
2576,2710
2576,2711
2577,2578
2577,2711
2577,2712
2578,2579
2578,2712
2578,2713
2579,2580
2579,2713
2579,2714
2580,2581
2580,2714
2580,2715
2581,2582
2581,2715
2581,2716
2582,2583
2582,2716
2582,2717
2583,2584
2583,2717
2583,2718
2584,2585
2584,2718
2584,2719
2585,2586
2585,2719
2585,2720
2586,2587
2586,2720
2586,2721
2587,2588
2587,2721
2587,2722
2588,2589
2588,2722
2588,2723
2589,2590
2589,2723
2589,2724
2590,2591
2590,2724
2590,2725
2591,2592
2591,2725
2591,2726
2592,2593
2592,2726
2592,2727
2593,2594
2593,2727
2593,2728
2594,2595
2594,2728
2594,2729
2595,2596
2595,2729
2595,2730
2596,2597
2596,2730
2596,2731
2597,2598
2597,2731
2597,2732
2598,2599
2598,2732
2598,2733
2599,2600
2599,2733
2599,2734
2600,2601
2600,2734
2600,2735
2601,2602
2601,2735
2601,2736
2602,2603
2602,2736
2602,2737
2603,2604
2603,2737
2603,2738
2604,2605
2604,2738
2604,2739
2605,2606
2605,2739
2605,2740
2606,2607
2606,2740
2606,2741
2607,2608
2607,2741
2607,2742
2608,2609
2608,2742
2608,2743
2609,2610
2609,2743
2609,2744
2610,2611
2610,2744
2610,2745
2611,2612
2611,2745
2611,2746
2612,2613
2612,2746
2612,2747
2613,2614
2613,2747
2613,2748
2614,2615
2614,2748
2614,2749
2615,2616
2615,2749
2615,2750
2616,2617
2616,2750
2616,2751
2617,2618
2617,2751
2617,2752
2618,2619
2618,2752
2618,2753
2619,2620
2619,2753
2619,2754
2620,2621
2620,2754
2620,2755
2621,2622
2621,2755
2621,2756
2622,2623
2622,2756
2622,2757
2623,2624
2623,2757
2623,2758
2624,2625
2624,2758
2624,2759
2625,2626
2625,2759
2625,2760
2626,2627
2626,2760
2626,2761
2627,2628
2627,2761
2627,2762
2628,2629
2628,2762
2628,2763
2629,2630
2629,2763
2629,2764
2630,2631
2630,2764
2630,2765
2631,2632
2631,2765
2631,2766
2632,2633
2632,2766
2632,2767
2633,2634
2633,2767
2633,2768
2634,2635
2634,2768
2634,2769
2635,2636
2635,2769
2635,2770
2636,2637
2636,2770
2636,2771
2637,2638
2637,2771
2637,2772
2638,2639
2638,2772
2638,2773
2639,2640
2639,2773
2639,2774
2640,2641
2640,2774
2640,2775
2641,2642
2641,2775
2641,2776
2642,2643
2642,2776
2642,2777
2643,2644
2643,2777
2643,2778
2644,2645
2644,2778
2644,2779
2645,2646
2645,2779
2645,2780
2646,2647
2646,2780
2646,2781
2647,2648
2647,2781
2647,2782
2648,2649
2648,2782
2648,2783
2649,2650
2649,2783
2649,2784
2650,2651
2650,2784
2650,2785
2651,2652
2651,2785
2651,2786
2652,2653
2652,2786
2652,2787
2653,2654
2653,2787
2653,2788
2654,2655
2654,2788
2654,2789
2655,2656
2655,2789
2655,2790
2656,2657
2656,2790
2656,2791
2657,2658
2657,2791
2657,2792
2658,2659
2658,2792
2658,2793
2659,2660
2659,2793
2659,2794
2660,2661
2660,2794
2660,2795
2661,2662
2661,2795
2661,2796
2662,2663
2662,2796
2662,2797
2663,2664
2663,2797
2663,2798
2664,2665
2664,2798
2664,2799
2665,2666
2665,2799
2665,2800
2666,2667
2666,2800
2666,2801
2667,2668
2667,2801
2667,2802
2668,2669
2668,2802
2668,2803
2669,2670
2669,2803
2669,2804
2670,2671
2670,2804
2670,2805
2671,2672
2671,2805
2671,2806
2672,2673
2672,2806
2672,2807
2673,2674
2673,2807
2673,2808
2674,2675
2674,2808
2674,2809
2675,2676
2675,2809
2675,2810
2676,2677
2676,2810
2676,2811
2677,2678
2677,2811
2677,2812
2678,2679
2678,2812
2678,2813
2679,2813
2680,2681
2680,2814
2680,2815
2681,2682
2681,2815
2681,2816
2682,2683
2682,2816
2682,2817
2683,2684
2683,2817
2683,2818
2684,2685
2684,2818
2684,2819
2685,2686
2685,2819
2685,2820
2686,2687
2686,2820
2686,2821
2687,2688
2687,2821
2687,2822
2688,2689
2688,2822
2688,2823
2689,2690
2689,2823
2689,2824
2690,2691
2690,2824
2690,2825
2691,2692
2691,2825
2691,2826
2692,2693
2692,2826
2692,2827
2693,2694
2693,2827
2693,2828
2694,2695
2694,2828
2694,2829
2695,2696
2695,2829
2695,2830
2696,2697
2696,2830
2696,2831
2697,2698
2697,2831
2697,2832
2698,2699
2698,2832
2698,2833
2699,2700
2699,2833
2699,2834
2700,2701
2700,2834
2700,2835
2701,2702
2701,2835
2701,2836
2702,2703
2702,2836
2702,2837
2703,2704
2703,2837
2703,2838
2704,2705
2704,2838
2704,2839
2705,2706
2705,2839
2705,2840
2706,2707
2706,2840
2706,2841
2707,2708
2707,2841
2707,2842
2708,2709
2708,2842
2708,2843
2709,2710
2709,2843
2709,2844
2710,2711
2710,2844
2710,2845
2711,2712
2711,2845
2711,2846
2712,2713
2712,2846
2712,2847
2713,2714
2713,2847
2713,2848
2714,2715
2714,2848
2714,2849
2715,2716
2715,2849
2715,2850
2716,2717
2716,2850
2716,2851
2717,2718
2717,2851
2717,2852
2718,2719
2718,2852
2718,2853
2719,2720
2719,2853
2719,2854
2720,2721
2720,2854
2720,2855
2721,2722
2721,2855
2721,2856
2722,2723
2722,2856
2722,2857
2723,2724
2723,2857
2723,2858
2724,2725
2724,2858
2724,2859
2725,2726
2725,2859
2725,2860
2726,2727
2726,2860
2726,2861
2727,2728
2727,2861
2727,2862
2728,2729
2728,2862
2728,2863
2729,2730
2729,2863
2729,2864
2730,2731
2730,2864
2730,2865
2731,2732
2731,2865
2731,2866
2732,2733
2732,2866
2732,2867
2733,2734
2733,2867
2733,2868
2734,2735
2734,2868
2734,2869
2735,2736
2735,2869
2735,2870
2736,2737
2736,2870
2736,2871
2737,2738
2737,2871
2737,2872
2738,2739
2738,2872
2738,2873
2739,2740
2739,2873
2739,2874
2740,2741
2740,2874
2740,2875
2741,2742
2741,2875
2741,2876
2742,2743
2742,2876
2742,2877
2743,2744
2743,2877
2743,2878
2744,2745
2744,2878
2744,2879
2745,2746
2745,2879
2745,2880
2746,2747
2746,2880
2746,2881
2747,2748
2747,2881
2747,2882
2748,2749
2748,2882
2748,2883
2749,2750
2749,2883
2749,2884
2750,2751
2750,2884
2750,2885
2751,2752
2751,2885
2751,2886
2752,2753
2752,2886
2752,2887
2753,2754
2753,2887
2753,2888
2754,2755
2754,2888
2754,2889
2755,2756
2755,2889
2755,2890
2756,2757
2756,2890
2756,2891
2757,2758
2757,2891
2757,2892
2758,2759
2758,2892
2758,2893
2759,2760
2759,2893
2759,2894
2760,2761
2760,2894
2760,2895
2761,2762
2761,2895
2761,2896
2762,2763
2762,2896
2762,2897
2763,2764
2763,2897
2763,2898
2764,2765
2764,2898
2764,2899
2765,2766
2765,2899
2765,2900
2766,2767
2766,2900
2766,2901
2767,2768
2767,2901
2767,2902
2768,2769
2768,2902
2768,2903
2769,2770
2769,2903
2769,2904
2770,2771
2770,2904
2770,2905
2771,2772
2771,2905
2771,2906
2772,2773
2772,2906
2772,2907
2773,2774
2773,2907
2773,2908
2774,2775
2774,2908
2774,2909
2775,2776
2775,2909
2775,2910
2776,2777
2776,2910
2776,2911
2777,2778
2777,2911
2777,2912
2778,2779
2778,2912
2778,2913
2779,2780
2779,2913
2779,2914
2780,2781
2780,2914
2780,2915
2781,2782
2781,2915
2781,2916
2782,2783
2782,2916
2782,2917
2783,2784
2783,2917
2783,2918
2784,2785
2784,2918
2784,2919
2785,2786
2785,2919
2785,2920
2786,2787
2786,2920
2786,2921
2787,2788
2787,2921
2787,2922
2788,2789
2788,2922
2788,2923
2789,2790
2789,2923
2789,2924
2790,2791
2790,2924
2790,2925
2791,2792
2791,2925
2791,2926
2792,2793
2792,2926
2792,2927
2793,2794
2793,2927
2793,2928
2794,2795
2794,2928
2794,2929
2795,2796
2795,2929
2795,2930
2796,2797
2796,2930
2796,2931
2797,2798
2797,2931
2797,2932
2798,2799
2798,2932
2798,2933
2799,2800
2799,2933
2799,2934
2800,2801
2800,2934
2800,2935
2801,2802
2801,2935
2801,2936
2802,2803
2802,2936
2802,2937
2803,2804
2803,2937
2803,2938
2804,2805
2804,2938
2804,2939
2805,2806
2805,2939
2805,2940
2806,2807
2806,2940
2806,2941
2807,2808
2807,2941
2807,2942
2808,2809
2808,2942
2808,2943
2809,2810
2809,2943
2809,2944
2810,2811
2810,2944
2810,2945
2811,2812
2811,2945
2811,2946
2812,2813
2812,2946
2812,2947
2813,2947
2814,2815
2814,2948
2814,2949
2815,2816
2815,2949
2815,2950
2816,2817
2816,2950
2816,2951
2817,2818
2817,2951
2817,2952
2818,2819
2818,2952
2818,2953
2819,2820
2819,2953
2819,2954
2820,2821
2820,2954
2820,2955
2821,2822
2821,2955
2821,2956
2822,2823
2822,2956
2822,2957
2823,2824
2823,2957
2823,2958
2824,2825
2824,2958
2824,2959
2825,2826
2825,2959
2825,2960
2826,2827
2826,2960
2826,2961
2827,2828
2827,2961
2827,2962
2828,2829
2828,2962
2828,2963
2829,2830
2829,2963
2829,2964
2830,2831
2830,2964
2830,2965
2831,2832
2831,2965
2831,2966
2832,2833
2832,2966
2832,2967
2833,2834
2833,2967
2833,2968
2834,2835
2834,2968
2834,2969
2835,2836
2835,2969
2835,2970
2836,2837
2836,2970
2836,2971
2837,2838
2837,2971
2837,2972
2838,2839
2838,2972
2838,2973
2839,2840
2839,2973
2839,2974
2840,2841
2840,2974
2840,2975
2841,2842
2841,2975
2841,2976
2842,2843
2842,2976
2842,2977
2843,2844
2843,2977
2843,2978
2844,2845
2844,2978
2844,2979
2845,2846
2845,2979
2845,2980
2846,2847
2846,2980
2846,2981
2847,2848
2847,2981
2847,2982
2848,2849
2848,2982
2848,2983
2849,2850
2849,2983
2849,2984
2850,2851
2850,2984
2850,2985
2851,2852
2851,2985
2851,2986
2852,2853
2852,2986
2852,2987
2853,2854
2853,2987
2853,2988
2854,2855
2854,2988
2854,2989
2855,2856
2855,2989
2855,2990
2856,2857
2856,2990
2856,2991
2857,2858
2857,2991
2857,2992
2858,2859
2858,2992
2858,2993
2859,2860
2859,2993
2859,2994
2860,2861
2860,2994
2860,2995
2861,2862
2861,2995
2861,2996
2862,2863
2862,2996
2862,2997
2863,2864
2863,2997
2863,2998
2864,2865
2864,2998
2864,2999
2865,2866
2865,2999
2865,3000
2866,2867
2866,3000
2866,3001
2867,2868
2867,3001
2867,3002
2868,2869
2868,3002
2868,3003
2869,2870
2869,3003
2869,3004
2870,2871
2870,3004
2870,3005
2871,2872
2871,3005
2871,3006
2872,2873
2872,3006
2872,3007
2873,2874
2873,3007
2873,3008
2874,2875
2874,3008
2874,3009
2875,2876
2875,3009
2875,3010
2876,2877
2876,3010
2876,3011
2877,2878
2877,3011
2877,3012
2878,2879
2878,3012
2878,3013
2879,2880
2879,3013
2879,3014
2880,2881
2880,3014
2880,3015
2881,2882
2881,3015
2881,3016
2882,2883
2882,3016
2882,3017
2883,2884
2883,3017
2883,3018
2884,2885
2884,3018
2884,3019
2885,2886
2885,3019
2885,3020
2886,2887
2886,3020
2886,3021
2887,2888
2887,3021
2887,3022
2888,2889
2888,3022
2888,3023
2889,2890
2889,3023
2889,3024
2890,2891
2890,3024
2890,3025
2891,2892
2891,3025
2891,3026
2892,2893
2892,3026
2892,3027
2893,2894
2893,3027
2893,3028
2894,2895
2894,3028
2894,3029
2895,2896
2895,3029
2895,3030
2896,2897
2896,3030
2896,3031
2897,2898
2897,3031
2897,3032
2898,2899
2898,3032
2898,3033
2899,2900
2899,3033
2899,3034
2900,2901
2900,3034
2900,3035
2901,2902
2901,3035
2901,3036
2902,2903
2902,3036
2902,3037
2903,2904
2903,3037
2903,3038
2904,2905
2904,3038
2904,3039
2905,2906
2905,3039
2905,3040
2906,2907
2906,3040
2906,3041
2907,2908
2907,3041
2907,3042
2908,2909
2908,3042
2908,3043
2909,2910
2909,3043
2909,3044
2910,2911
2910,3044
2910,3045
2911,2912
2911,3045
2911,3046
2912,2913
2912,3046
2912,3047
2913,2914
2913,3047
2913,3048
2914,2915
2914,3048
2914,3049
2915,2916
2915,3049
2915,3050
2916,2917
2916,3050
2916,3051
2917,2918
2917,3051
2917,3052
2918,2919
2918,3052
2918,3053
2919,2920
2919,3053
2919,3054
2920,2921
2920,3054
2920,3055
2921,2922
2921,3055
2921,3056
2922,2923
2922,3056
2922,3057
2923,2924
2923,3057
2923,3058
2924,2925
2924,3058
2924,3059
2925,2926
2925,3059
2925,3060
2926,2927
2926,3060
2926,3061
2927,2928
2927,3061
2927,3062
2928,2929
2928,3062
2928,3063
2929,2930
2929,3063
2929,3064
2930,2931
2930,3064
2930,3065
2931,2932
2931,3065
2931,3066
2932,2933
2932,3066
2932,3067
2933,2934
2933,3067
2933,3068
2934,2935
2934,3068
2934,3069
2935,2936
2935,3069
2935,3070
2936,2937
2936,3070
2936,3071
2937,2938
2937,3071
2937,3072
2938,2939
2938,3072
2938,3073
2939,2940
2939,3073
2939,3074
2940,2941
2940,3074
2940,3075
2941,2942
2941,3075
2941,3076
2942,2943
2942,3076
2942,3077
2943,2944
2943,3077
2943,3078
2944,2945
2944,3078
2944,3079
2945,2946
2945,3079
2945,3080
2946,2947
2946,3080
2946,3081
2947,3081
2948,2949
2948,3082
2948,3083
2949,2950
2949,3083
2949,3084
2950,2951
2950,3084
2950,3085
2951,2952
2951,3085
2951,3086
2952,2953
2952,3086
2952,3087
2953,2954
2953,3087
2953,3088
2954,2955
2954,3088
2954,3089
2955,2956
2955,3089
2955,3090
2956,2957
2956,3090
2956,3091
2957,2958
2957,3091
2957,3092
2958,2959
2958,3092
2958,3093
2959,2960
2959,3093
2959,3094
2960,2961
2960,3094
2960,3095
2961,2962
2961,3095
2961,3096
2962,2963
2962,3096
2962,3097
2963,2964
2963,3097
2963,3098
2964,2965
2964,3098
2964,3099
2965,2966
2965,3099
2965,3100
2966,2967
2966,3100
2966,3101
2967,2968
2967,3101
2967,3102
2968,2969
2968,3102
2968,3103
2969,2970
2969,3103
2969,3104
2970,2971
2970,3104
2970,3105
2971,2972
2971,3105
2971,3106
2972,2973
2972,3106
2972,3107
2973,2974
2973,3107
2973,3108
2974,2975
2974,3108
2974,3109
2975,2976
2975,3109
2975,3110
2976,2977
2976,3110
2976,3111
2977,2978
2977,3111
2977,3112
2978,2979
2978,3112
2978,3113
2979,2980
2979,3113
2979,3114
2980,2981
2980,3114
2980,3115
2981,2982
2981,3115
2981,3116
2982,2983
2982,3116
2982,3117
2983,2984
2983,3117
2983,3118
2984,2985
2984,3118
2984,3119
2985,2986
2985,3119
2985,3120
2986,2987
2986,3120
2986,3121
2987,2988
2987,3121
2987,3122
2988,2989
2988,3122
2988,3123
2989,2990
2989,3123
2989,3124
2990,2991
2990,3124
2990,3125
2991,2992
2991,3125
2991,3126
2992,2993
2992,3126
2992,3127
2993,2994
2993,3127
2993,3128
2994,2995
2994,3128
2994,3129
2995,2996
2995,3129
2995,3130
2996,2997
2996,3130
2996,3131
2997,2998
2997,3131
2997,3132
2998,2999
2998,3132
2998,3133
2999,3000
2999,3133
2999,3134
3000,3001
3000,3134
3000,3135
3001,3002
3001,3135
3001,3136
3002,3003
3002,3136
3002,3137
3003,3004
3003,3137
3003,3138
3004,3005
3004,3138
3004,3139
3005,3006
3005,3139
3005,3140
3006,3007
3006,3140
3006,3141
3007,3008
3007,3141
3007,3142
3008,3009
3008,3142
3008,3143
3009,3010
3009,3143
3009,3144
3010,3011
3010,3144
3010,3145
3011,3012
3011,3145
3011,3146
3012,3013
3012,3146
3012,3147
3013,3014
3013,3147
3013,3148
3014,3015
3014,3148
3014,3149
3015,3016
3015,3149
3015,3150
3016,3017
3016,3150
3016,3151
3017,3018
3017,3151
3017,3152
3018,3019
3018,3152
3018,3153
3019,3020
3019,3153
3019,3154
3020,3021
3020,3154
3020,3155
3021,3022
3021,3155
3021,3156
3022,3023
3022,3156
3022,3157
3023,3024
3023,3157
3023,3158
3024,3025
3024,3158
3024,3159
3025,3026
3025,3159
3025,3160
3026,3027
3026,3160
3026,3161
3027,3028
3027,3161
3027,3162
3028,3029
3028,3162
3028,3163
3029,3030
3029,3163
3029,3164
3030,3031
3030,3164
3030,3165
3031,3032
3031,3165
3031,3166
3032,3033
3032,3166
3032,3167
3033,3034
3033,3167
3033,3168
3034,3035
3034,3168
3034,3169
3035,3036
3035,3169
3035,3170
3036,3037
3036,3170
3036,3171
3037,3038
3037,3171
3037,3172
3038,3039
3038,3172
3038,3173
3039,3040
3039,3173
3039,3174
3040,3041
3040,3174
3040,3175
3041,3042
3041,3175
3041,3176
3042,3043
3042,3176
3042,3177
3043,3044
3043,3177
3043,3178
3044,3045
3044,3178
3044,3179
3045,3046
3045,3179
3045,3180
3046,3047
3046,3180
3046,3181
3047,3048
3047,3181
3047,3182
3048,3049
3048,3182
3048,3183
3049,3050
3049,3183
3049,3184
3050,3051
3050,3184
3050,3185
3051,3052
3051,3185
3051,3186
3052,3053
3052,3186
3052,3187
3053,3054
3053,3187
3053,3188
3054,3055
3054,3188
3054,3189
3055,3056
3055,3189
3055,3190
3056,3057
3056,3190
3056,3191
3057,3058
3057,3191
3057,3192
3058,3059
3058,3192
3058,3193
3059,3060
3059,3193
3059,3194
3060,3061
3060,3194
3060,3195
3061,3062
3061,3195
3061,3196
3062,3063
3062,3196
3062,3197
3063,3064
3063,3197
3063,3198
3064,3065
3064,3198
3064,3199
3065,3066
3065,3199
3065,3200
3066,3067
3066,3200
3066,3201
3067,3068
3067,3201
3067,3202
3068,3069
3068,3202
3068,3203
3069,3070
3069,3203
3069,3204
3070,3071
3070,3204
3070,3205
3071,3072
3071,3205
3071,3206
3072,3073
3072,3206
3072,3207
3073,3074
3073,3207
3073,3208
3074,3075
3074,3208
3074,3209
3075,3076
3075,3209
3075,3210
3076,3077
3076,3210
3076,3211
3077,3078
3077,3211
3077,3212
3078,3079
3078,3212
3078,3213
3079,3080
3079,3213
3079,3214
3080,3081
3080,3214
3080,3215
3081,3215
3082,3083
3082,3216
3082,3217
3083,3084
3083,3217
3083,3218
3084,3085
3084,3218
3084,3219
3085,3086
3085,3219
3085,3220
3086,3087
3086,3220
3086,3221
3087,3088
3087,3221
3087,3222
3088,3089
3088,3222
3088,3223
3089,3090
3089,3223
3089,3224
3090,3091
3090,3224
3090,3225
3091,3092
3091,3225
3091,3226
3092,3093
3092,3226
3092,3227
3093,3094
3093,3227
3093,3228
3094,3095
3094,3228
3094,3229
3095,3096
3095,3229
3095,3230
3096,3097
3096,3230
3096,3231
3097,3098
3097,3231
3097,3232
3098,3099
3098,3232
3098,3233
3099,3100
3099,3233
3099,3234
3100,3101
3100,3234
3100,3235
3101,3102
3101,3235
3101,3236
3102,3103
3102,3236
3102,3237
3103,3104
3103,3237
3103,3238
3104,3105
3104,3238
3104,3239
3105,3106
3105,3239
3105,3240
3106,3107
3106,3240
3106,3241
3107,3108
3107,3241
3107,3242
3108,3109
3108,3242
3108,3243
3109,3110
3109,3243
3109,3244
3110,3111
3110,3244
3110,3245
3111,3112
3111,3245
3111,3246
3112,3113
3112,3246
3112,3247
3113,3114
3113,3247
3113,3248
3114,3115
3114,3248
3114,3249
3115,3116
3115,3249
3115,3250
3116,3117
3116,3250
3116,3251
3117,3118
3117,3251
3117,3252
3118,3119
3118,3252
3118,3253
3119,3120
3119,3253
3119,3254
3120,3121
3120,3254
3120,3255
3121,3122
3121,3255
3121,3256
3122,3123
3122,3256
3122,3257
3123,3124
3123,3257
3123,3258
3124,3125
3124,3258
3124,3259
3125,3126
3125,3259
3125,3260
3126,3127
3126,3260
3126,3261
3127,3128
3127,3261
3127,3262
3128,3129
3128,3262
3128,3263
3129,3130
3129,3263
3129,3264
3130,3131
3130,3264
3130,3265
3131,3132
3131,3265
3131,3266
3132,3133
3132,3266
3132,3267
3133,3134
3133,3267
3133,3268
3134,3135
3134,3268
3134,3269
3135,3136
3135,3269
3135,3270
3136,3137
3136,3270
3136,3271
3137,3138
3137,3271
3137,3272
3138,3139
3138,3272
3138,3273
3139,3140
3139,3273
3139,3274
3140,3141
3140,3274
3140,3275
3141,3142
3141,3275
3141,3276
3142,3143
3142,3276
3142,3277
3143,3144
3143,3277
3143,3278
3144,3145
3144,3278
3144,3279
3145,3146
3145,3279
3145,3280
3146,3147
3146,3280
3146,3281
3147,3148
3147,3281
3147,3282
3148,3149
3148,3282
3148,3283
3149,3150
3149,3283
3149,3284
3150,3151
3150,3284
3150,3285
3151,3152
3151,3285
3151,3286
3152,3153
3152,3286
3152,3287
3153,3154
3153,3287
3153,3288
3154,3155
3154,3288
3154,3289
3155,3156
3155,3289
3155,3290
3156,3157
3156,3290
3156,3291
3157,3158
3157,3291
3157,3292
3158,3159
3158,3292
3158,3293
3159,3160
3159,3293
3159,3294
3160,3161
3160,3294
3160,3295
3161,3162
3161,3295
3161,3296
3162,3163
3162,3296
3162,3297
3163,3164
3163,3297
3163,3298
3164,3165
3164,3298
3164,3299
3165,3166
3165,3299
3165,3300
3166,3167
3166,3300
3166,3301
3167,3168
3167,3301
3167,3302
3168,3169
3168,3302
3168,3303
3169,3170
3169,3303
3169,3304
3170,3171
3170,3304
3170,3305
3171,3172
3171,3305
3171,3306
3172,3173
3172,3306
3172,3307
3173,3174
3173,3307
3173,3308
3174,3175
3174,3308
3174,3309
3175,3176
3175,3309
3175,3310
3176,3177
3176,3310
3176,3311
3177,3178
3177,3311
3177,3312
3178,3179
3178,3312
3178,3313
3179,3180
3179,3313
3179,3314
3180,3181
3180,3314
3180,3315
3181,3182
3181,3315
3181,3316
3182,3183
3182,3316
3182,3317
3183,3184
3183,3317
3183,3318
3184,3185
3184,3318
3184,3319
3185,3186
3185,3319
3185,3320
3186,3187
3186,3320
3186,3321
3187,3188
3187,3321
3187,3322
3188,3189
3188,3322
3188,3323
3189,3190
3189,3323
3189,3324
3190,3191
3190,3324
3190,3325
3191,3192
3191,3325
3191,3326
3192,3193
3192,3326
3192,3327
3193,3194
3193,3327
3193,3328
3194,3195
3194,3328
3194,3329
3195,3196
3195,3329
3195,3330
3196,3197
3196,3330
3196,3331
3197,3198
3197,3331
3197,3332
3198,3199
3198,3332
3198,3333
3199,3200
3199,3333
3199,3334
3200,3201
3200,3334
3200,3335
3201,3202
3201,3335
3201,3336
3202,3203
3202,3336
3202,3337
3203,3204
3203,3337
3203,3338
3204,3205
3204,3338
3204,3339
3205,3206
3205,3339
3205,3340
3206,3207
3206,3340
3206,3341
3207,3208
3207,3341
3207,3342
3208,3209
3208,3342
3208,3343
3209,3210
3209,3343
3209,3344
3210,3211
3210,3344
3210,3345
3211,3212
3211,3345
3211,3346
3212,3213
3212,3346
3212,3347
3213,3214
3213,3347
3213,3348
3214,3215
3214,3348
3214,3349
3215,3349
3216,3217
3216,3350
3216,3351
3217,3218
3217,3351
3217,3352
3218,3219
3218,3352
3218,3353
3219,3220
3219,3353
3219,3354
3220,3221
3220,3354
3220,3355
3221,3222
3221,3355
3221,3356
3222,3223
3222,3356
3222,3357
3223,3224
3223,3357
3223,3358
3224,3225
3224,3358
3224,3359
3225,3226
3225,3359
3225,3360
3226,3227
3226,3360
3226,3361
3227,3228
3227,3361
3227,3362
3228,3229
3228,3362
3228,3363
3229,3230
3229,3363
3229,3364
3230,3231
3230,3364
3230,3365
3231,3232
3231,3365
3231,3366
3232,3233
3232,3366
3232,3367
3233,3234
3233,3367
3233,3368
3234,3235
3234,3368
3234,3369
3235,3236
3235,3369
3235,3370
3236,3237
3236,3370
3236,3371
3237,3238
3237,3371
3237,3372
3238,3239
3238,3372
3238,3373
3239,3240
3239,3373
3239,3374
3240,3241
3240,3374
3240,3375
3241,3242
3241,3375
3241,3376
3242,3243
3242,3376
3242,3377
3243,3244
3243,3377
3243,3378
3244,3245
3244,3378
3244,3379
3245,3246
3245,3379
3245,3380
3246,3247
3246,3380
3246,3381
3247,3248
3247,3381
3247,3382
3248,3249
3248,3382
3248,3383
3249,3250
3249,3383
3249,3384
3250,3251
3250,3384
3250,3385
3251,3252
3251,3385
3251,3386
3252,3253
3252,3386
3252,3387
3253,3254
3253,3387
3253,3388
3254,3255
3254,3388
3254,3389
3255,3256
3255,3389
3255,3390
3256,3257
3256,3390
3256,3391
3257,3258
3257,3391
3257,3392
3258,3259
3258,3392
3258,3393
3259,3260
3259,3393
3259,3394
3260,3261
3260,3394
3260,3395
3261,3262
3261,3395
3261,3396
3262,3263
3262,3396
3262,3397
3263,3264
3263,3397
3263,3398
3264,3265
3264,3398
3264,3399
3265,3266
3265,3399
3265,3400
3266,3267
3266,3400
3266,3401
3267,3268
3267,3401
3267,3402
3268,3269
3268,3402
3268,3403
3269,3270
3269,3403
3269,3404
3270,3271
3270,3404
3270,3405
3271,3272
3271,3405
3271,3406
3272,3273
3272,3406
3272,3407
3273,3274
3273,3407
3273,3408
3274,3275
3274,3408
3274,3409
3275,3276
3275,3409
3275,3410
3276,3277
3276,3410
3276,3411
3277,3278
3277,3411
3277,3412
3278,3279
3278,3412
3278,3413
3279,3280
3279,3413
3279,3414
3280,3281
3280,3414
3280,3415
3281,3282
3281,3415
3281,3416
3282,3283
3282,3416
3282,3417
3283,3284
3283,3417
3283,3418
3284,3285
3284,3418
3284,3419
3285,3286
3285,3419
3285,3420
3286,3287
3286,3420
3286,3421
3287,3288
3287,3421
3287,3422
3288,3289
3288,3422
3288,3423
3289,3290
3289,3423
3289,3424
3290,3291
3290,3424
3290,3425
3291,3292
3291,3425
3291,3426
3292,3293
3292,3426
3292,3427
3293,3294
3293,3427
3293,3428
3294,3295
3294,3428
3294,3429
3295,3296
3295,3429
3295,3430
3296,3297
3296,3430
3296,3431
3297,3298
3297,3431
3297,3432
3298,3299
3298,3432
3298,3433
3299,3300
3299,3433
3299,3434
3300,3301
3300,3434
3300,3435
3301,3302
3301,3435
3301,3436
3302,3303
3302,3436
3302,3437
3303,3304
3303,3437
3303,3438
3304,3305
3304,3438
3304,3439
3305,3306
3305,3439
3305,3440
3306,3307
3306,3440
3306,3441
3307,3308
3307,3441
3307,3442
3308,3309
3308,3442
3308,3443
3309,3310
3309,3443
3309,3444
3310,3311
3310,3444
3310,3445
3311,3312
3311,3445
3311,3446
3312,3313
3312,3446
3312,3447
3313,3314
3313,3447
3313,3448
3314,3315
3314,3448
3314,3449
3315,3316
3315,3449
3315,3450
3316,3317
3316,3450
3316,3451
3317,3318
3317,3451
3317,3452
3318,3319
3318,3452
3318,3453
3319,3320
3319,3453
3319,3454
3320,3321
3320,3454
3320,3455
3321,3322
3321,3455
3321,3456
3322,3323
3322,3456
3322,3457
3323,3324
3323,3457
3323,3458
3324,3325
3324,3458
3324,3459
3325,3326
3325,3459
3325,3460
3326,3327
3326,3460
3326,3461
3327,3328
3327,3461
3327,3462
3328,3329
3328,3462
3328,3463
3329,3330
3329,3463
3329,3464
3330,3331
3330,3464
3330,3465
3331,3332
3331,3465
3331,3466
3332,3333
3332,3466
3332,3467
3333,3334
3333,3467
3333,3468
3334,3335
3334,3468
3334,3469
3335,3336
3335,3469
3335,3470
3336,3337
3336,3470
3336,3471
3337,3338
3337,3471
3337,3472
3338,3339
3338,3472
3338,3473
3339,3340
3339,3473
3339,3474
3340,3341
3340,3474
3340,3475
3341,3342
3341,3475
3341,3476
3342,3343
3342,3476
3342,3477
3343,3344
3343,3477
3343,3478
3344,3345
3344,3478
3344,3479
3345,3346
3345,3479
3345,3480
3346,3347
3346,3480
3346,3481
3347,3348
3347,3481
3347,3482
3348,3349
3348,3482
3348,3483
3349,3483
3350,3351
3350,3484
3350,3485
3351,3352
3351,3485
3351,3486
3352,3353
3352,3486
3352,3487
3353,3354
3353,3487
3353,3488
3354,3355
3354,3488
3354,3489
3355,3356
3355,3489
3355,3490
3356,3357
3356,3490
3356,3491
3357,3358
3357,3491
3357,3492
3358,3359
3358,3492
3358,3493
3359,3360
3359,3493
3359,3494
3360,3361
3360,3494
3360,3495
3361,3362
3361,3495
3361,3496
3362,3363
3362,3496
3362,3497
3363,3364
3363,3497
3363,3498
3364,3365
3364,3498
3364,3499
3365,3366
3365,3499
3365,3500
3366,3367
3366,3500
3366,3501
3367,3368
3367,3501
3367,3502
3368,3369
3368,3502
3368,3503
3369,3370
3369,3503
3369,3504
3370,3371
3370,3504
3370,3505
3371,3372
3371,3505
3371,3506
3372,3373
3372,3506
3372,3507
3373,3374
3373,3507
3373,3508
3374,3375
3374,3508
3374,3509
3375,3376
3375,3509
3375,3510
3376,3377
3376,3510
3376,3511
3377,3378
3377,3511
3377,3512
3378,3379
3378,3512
3378,3513
3379,3380
3379,3513
3379,3514
3380,3381
3380,3514
3380,3515
3381,3382
3381,3515
3381,3516
3382,3383
3382,3516
3382,3517
3383,3384
3383,3517
3383,3518
3384,3385
3384,3518
3384,3519
3385,3386
3385,3519
3385,3520
3386,3387
3386,3520
3386,3521
3387,3388
3387,3521
3387,3522
3388,3389
3388,3522
3388,3523
3389,3390
3389,3523
3389,3524
3390,3391
3390,3524
3390,3525
3391,3392
3391,3525
3391,3526
3392,3393
3392,3526
3392,3527
3393,3394
3393,3527
3393,3528
3394,3395
3394,3528
3394,3529
3395,3396
3395,3529
3395,3530
3396,3397
3396,3530
3396,3531
3397,3398
3397,3531
3397,3532
3398,3399
3398,3532
3398,3533
3399,3400
3399,3533
3399,3534
3400,3401
3400,3534
3400,3535
3401,3402
3401,3535
3401,3536
3402,3403
3402,3536
3402,3537
3403,3404
3403,3537
3403,3538
3404,3405
3404,3538
3404,3539
3405,3406
3405,3539
3405,3540
3406,3407
3406,3540
3406,3541
3407,3408
3407,3541
3407,3542
3408,3409
3408,3542
3408,3543
3409,3410
3409,3543
3409,3544
3410,3411
3410,3544
3410,3545
3411,3412
3411,3545
3411,3546
3412,3413
3412,3546
3412,3547
3413,3414
3413,3547
3413,3548
3414,3415
3414,3548
3414,3549
3415,3416
3415,3549
3415,3550
3416,3417
3416,3550
3416,3551
3417,3418
3417,3551
3417,3552
3418,3419
3418,3552
3418,3553
3419,3420
3419,3553
3419,3554
3420,3421
3420,3554
3420,3555
3421,3422
3421,3555
3421,3556
3422,3423
3422,3556
3422,3557
3423,3424
3423,3557
3423,3558
3424,3425
3424,3558
3424,3559
3425,3426
3425,3559
3425,3560
3426,3427
3426,3560
3426,3561
3427,3428
3427,3561
3427,3562
3428,3429
3428,3562
3428,3563
3429,3430
3429,3563
3429,3564
3430,3431
3430,3564
3430,3565
3431,3432
3431,3565
3431,3566
3432,3433
3432,3566
3432,3567
3433,3434
3433,3567
3433,3568
3434,3435
3434,3568
3434,3569
3435,3436
3435,3569
3435,3570
3436,3437
3436,3570
3436,3571
3437,3438
3437,3571
3437,3572
3438,3439
3438,3572
3438,3573
3439,3440
3439,3573
3439,3574
3440,3441
3440,3574
3440,3575
3441,3442
3441,3575
3441,3576
3442,3443
3442,3576
3442,3577
3443,3444
3443,3577
3443,3578
3444,3445
3444,3578
3444,3579
3445,3446
3445,3579
3445,3580
3446,3447
3446,3580
3446,3581
3447,3448
3447,3581
3447,3582
3448,3449
3448,3582
3448,3583
3449,3450
3449,3583
3449,3584
3450,3451
3450,3584
3450,3585
3451,3452
3451,3585
3451,3586
3452,3453
3452,3586
3452,3587
3453,3454
3453,3587
3453,3588
3454,3455
3454,3588
3454,3589
3455,3456
3455,3589
3455,3590
3456,3457
3456,3590
3456,3591
3457,3458
3457,3591
3457,3592
3458,3459
3458,3592
3458,3593
3459,3460
3459,3593
3459,3594
3460,3461
3460,3594
3460,3595
3461,3462
3461,3595
3461,3596
3462,3463
3462,3596
3462,3597
3463,3464
3463,3597
3463,3598
3464,3465
3464,3598
3464,3599
3465,3466
3465,3599
3465,3600
3466,3467
3466,3600
3466,3601
3467,3468
3467,3601
3467,3602
3468,3469
3468,3602
3468,3603
3469,3470
3469,3603
3469,3604
3470,3471
3470,3604
3470,3605
3471,3472
3471,3605
3471,3606
3472,3473
3472,3606
3472,3607
3473,3474
3473,3607
3473,3608
3474,3475
3474,3608
3474,3609
3475,3476
3475,3609
3475,3610
3476,3477
3476,3610
3476,3611
3477,3478
3477,3611
3477,3612
3478,3479
3478,3612
3478,3613
3479,3480
3479,3613
3479,3614
3480,3481
3480,3614
3480,3615
3481,3482
3481,3615
3481,3616
3482,3483
3482,3616
3482,3617
3483,3617
3484,3485
3484,3618
3484,3619
3485,3486
3485,3619
3485,3620
3486,3487
3486,3620
3486,3621
3487,3488
3487,3621
3487,3622
3488,3489
3488,3622
3488,3623
3489,3490
3489,3623
3489,3624
3490,3491
3490,3624
3490,3625
3491,3492
3491,3625
3491,3626
3492,3493
3492,3626
3492,3627
3493,3494
3493,3627
3493,3628
3494,3495
3494,3628
3494,3629
3495,3496
3495,3629
3495,3630
3496,3497
3496,3630
3496,3631
3497,3498
3497,3631
3497,3632
3498,3499
3498,3632
3498,3633
3499,3500
3499,3633
3499,3634
3500,3501
3500,3634
3500,3635
3501,3502
3501,3635
3501,3636
3502,3503
3502,3636
3502,3637
3503,3504
3503,3637
3503,3638
3504,3505
3504,3638
3504,3639
3505,3506
3505,3639
3505,3640
3506,3507
3506,3640
3506,3641
3507,3508
3507,3641
3507,3642
3508,3509
3508,3642
3508,3643
3509,3510
3509,3643
3509,3644
3510,3511
3510,3644
3510,3645
3511,3512
3511,3645
3511,3646
3512,3513
3512,3646
3512,3647
3513,3514
3513,3647
3513,3648
3514,3515
3514,3648
3514,3649
3515,3516
3515,3649
3515,3650
3516,3517
3516,3650
3516,3651
3517,3518
3517,3651
3517,3652
3518,3519
3518,3652
3518,3653
3519,3520
3519,3653
3519,3654
3520,3521
3520,3654
3520,3655
3521,3522
3521,3655
3521,3656
3522,3523
3522,3656
3522,3657
3523,3524
3523,3657
3523,3658
3524,3525
3524,3658
3524,3659
3525,3526
3525,3659
3525,3660
3526,3527
3526,3660
3526,3661
3527,3528
3527,3661
3527,3662
3528,3529
3528,3662
3528,3663
3529,3530
3529,3663
3529,3664
3530,3531
3530,3664
3530,3665
3531,3532
3531,3665
3531,3666
3532,3533
3532,3666
3532,3667
3533,3534
3533,3667
3533,3668
3534,3535
3534,3668
3534,3669
3535,3536
3535,3669
3535,3670
3536,3537
3536,3670
3536,3671
3537,3538
3537,3671
3537,3672
3538,3539
3538,3672
3538,3673
3539,3540
3539,3673
3539,3674
3540,3541
3540,3674
3540,3675
3541,3542
3541,3675
3541,3676
3542,3543
3542,3676
3542,3677
3543,3544
3543,3677
3543,3678
3544,3545
3544,3678
3544,3679
3545,3546
3545,3679
3545,3680
3546,3547
3546,3680
3546,3681
3547,3548
3547,3681
3547,3682
3548,3549
3548,3682
3548,3683
3549,3550
3549,3683
3549,3684
3550,3551
3550,3684
3550,3685
3551,3552
3551,3685
3551,3686
3552,3553
3552,3686
3552,3687
3553,3554
3553,3687
3553,3688
3554,3555
3554,3688
3554,3689
3555,3556
3555,3689
3555,3690
3556,3557
3556,3690
3556,3691
3557,3558
3557,3691
3557,3692
3558,3559
3558,3692
3558,3693
3559,3560
3559,3693
3559,3694
3560,3561
3560,3694
3560,3695
3561,3562
3561,3695
3561,3696
3562,3563
3562,3696
3562,3697
3563,3564
3563,3697
3563,3698
3564,3565
3564,3698
3564,3699
3565,3566
3565,3699
3565,3700
3566,3567
3566,3700
3566,3701
3567,3568
3567,3701
3567,3702
3568,3569
3568,3702
3568,3703
3569,3570
3569,3703
3569,3704
3570,3571
3570,3704
3570,3705
3571,3572
3571,3705
3571,3706
3572,3573
3572,3706
3572,3707
3573,3574
3573,3707
3573,3708
3574,3575
3574,3708
3574,3709
3575,3576
3575,3709
3575,3710
3576,3577
3576,3710
3576,3711
3577,3578
3577,3711
3577,3712
3578,3579
3578,3712
3578,3713
3579,3580
3579,3713
3579,3714
3580,3581
3580,3714
3580,3715
3581,3582
3581,3715
3581,3716
3582,3583
3582,3716
3582,3717
3583,3584
3583,3717
3583,3718
3584,3585
3584,3718
3584,3719
3585,3586
3585,3719
3585,3720
3586,3587
3586,3720
3586,3721
3587,3588
3587,3721
3587,3722
3588,3589
3588,3722
3588,3723
3589,3590
3589,3723
3589,3724
3590,3591
3590,3724
3590,3725
3591,3592
3591,3725
3591,3726
3592,3593
3592,3726
3592,3727
3593,3594
3593,3727
3593,3728
3594,3595
3594,3728
3594,3729
3595,3596
3595,3729
3595,3730
3596,3597
3596,3730
3596,3731
3597,3598
3597,3731
3597,3732
3598,3599
3598,3732
3598,3733
3599,3600
3599,3733
3599,3734
3600,3601
3600,3734
3600,3735
3601,3602
3601,3735
3601,3736
3602,3603
3602,3736
3602,3737
3603,3604
3603,3737
3603,3738
3604,3605
3604,3738
3604,3739
3605,3606
3605,3739
3605,3740
3606,3607
3606,3740
3606,3741
3607,3608
3607,3741
3607,3742
3608,3609
3608,3742
3608,3743
3609,3610
3609,3743
3609,3744
3610,3611
3610,3744
3610,3745
3611,3612
3611,3745
3611,3746
3612,3613
3612,3746
3612,3747
3613,3614
3613,3747
3613,3748
3614,3615
3614,3748
3614,3749
3615,3616
3615,3749
3615,3750
3616,3617
3616,3750
3616,3751
3617,3751
3618,3619
3618,3752
3618,3753
3619,3620
3619,3753
3619,3754
3620,3621
3620,3754
3620,3755
3621,3622
3621,3755
3621,3756
3622,3623
3622,3756
3622,3757
3623,3624
3623,3757
3623,3758
3624,3625
3624,3758
3624,3759
3625,3626
3625,3759
3625,3760
3626,3627
3626,3760
3626,3761
3627,3628
3627,3761
3627,3762
3628,3629
3628,3762
3628,3763
3629,3630
3629,3763
3629,3764
3630,3631
3630,3764
3630,3765
3631,3632
3631,3765
3631,3766
3632,3633
3632,3766
3632,3767
3633,3634
3633,3767
3633,3768
3634,3635
3634,3768
3634,3769
3635,3636
3635,3769
3635,3770
3636,3637
3636,3770
3636,3771
3637,3638
3637,3771
3637,3772
3638,3639
3638,3772
3638,3773
3639,3640
3639,3773
3639,3774
3640,3641
3640,3774
3640,3775
3641,3642
3641,3775
3641,3776
3642,3643
3642,3776
3642,3777
3643,3644
3643,3777
3643,3778
3644,3645
3644,3778
3644,3779
3645,3646
3645,3779
3645,3780
3646,3647
3646,3780
3646,3781
3647,3648
3647,3781
3647,3782
3648,3649
3648,3782
3648,3783
3649,3650
3649,3783
3649,3784
3650,3651
3650,3784
3650,3785
3651,3652
3651,3785
3651,3786
3652,3653
3652,3786
3652,3787
3653,3654
3653,3787
3653,3788
3654,3655
3654,3788
3654,3789
3655,3656
3655,3789
3655,3790
3656,3657
3656,3790
3656,3791
3657,3658
3657,3791
3657,3792
3658,3659
3658,3792
3658,3793
3659,3660
3659,3793
3659,3794
3660,3661
3660,3794
3660,3795
3661,3662
3661,3795
3661,3796
3662,3663
3662,3796
3662,3797
3663,3664
3663,3797
3663,3798
3664,3665
3664,3798
3664,3799
3665,3666
3665,3799
3665,3800
3666,3667
3666,3800
3666,3801
3667,3668
3667,3801
3667,3802
3668,3669
3668,3802
3668,3803
3669,3670
3669,3803
3669,3804
3670,3671
3670,3804
3670,3805
3671,3672
3671,3805
3671,3806
3672,3673
3672,3806
3672,3807
3673,3674
3673,3807
3673,3808
3674,3675
3674,3808
3674,3809
3675,3676
3675,3809
3675,3810
3676,3677
3676,3810
3676,3811
3677,3678
3677,3811
3677,3812
3678,3679
3678,3812
3678,3813
3679,3680
3679,3813
3679,3814
3680,3681
3680,3814
3680,3815
3681,3682
3681,3815
3681,3816
3682,3683
3682,3816
3682,3817
3683,3684
3683,3817
3683,3818
3684,3685
3684,3818
3684,3819
3685,3686
3685,3819
3685,3820
3686,3687
3686,3820
3686,3821
3687,3688
3687,3821
3687,3822
3688,3689
3688,3822
3688,3823
3689,3690
3689,3823
3689,3824
3690,3691
3690,3824
3690,3825
3691,3692
3691,3825
3691,3826
3692,3693
3692,3826
3692,3827
3693,3694
3693,3827
3693,3828
3694,3695
3694,3828
3694,3829
3695,3696
3695,3829
3695,3830
3696,3697
3696,3830
3696,3831
3697,3698
3697,3831
3697,3832
3698,3699
3698,3832
3698,3833
3699,3700
3699,3833
3699,3834
3700,3701
3700,3834
3700,3835
3701,3702
3701,3835
3701,3836
3702,3703
3702,3836
3702,3837
3703,3704
3703,3837
3703,3838
3704,3705
3704,3838
3704,3839
3705,3706
3705,3839
3705,3840
3706,3707
3706,3840
3706,3841
3707,3708
3707,3841
3707,3842
3708,3709
3708,3842
3708,3843
3709,3710
3709,3843
3709,3844
3710,3711
3710,3844
3710,3845
3711,3712
3711,3845
3711,3846
3712,3713
3712,3846
3712,3847
3713,3714
3713,3847
3713,3848
3714,3715
3714,3848
3714,3849
3715,3716
3715,3849
3715,3850
3716,3717
3716,3850
3716,3851
3717,3718
3717,3851
3717,3852
3718,3719
3718,3852
3718,3853
3719,3720
3719,3853
3719,3854
3720,3721
3720,3854
3720,3855
3721,3722
3721,3855
3721,3856
3722,3723
3722,3856
3722,3857
3723,3724
3723,3857
3723,3858
3724,3725
3724,3858
3724,3859
3725,3726
3725,3859
3725,3860
3726,3727
3726,3860
3726,3861
3727,3728
3727,3861
3727,3862
3728,3729
3728,3862
3728,3863
3729,3730
3729,3863
3729,3864
3730,3731
3730,3864
3730,3865
3731,3732
3731,3865
3731,3866
3732,3733
3732,3866
3732,3867
3733,3734
3733,3867
3733,3868
3734,3735
3734,3868
3734,3869
3735,3736
3735,3869
3735,3870
3736,3737
3736,3870
3736,3871
3737,3738
3737,3871
3737,3872
3738,3739
3738,3872
3738,3873
3739,3740
3739,3873
3739,3874
3740,3741
3740,3874
3740,3875
3741,3742
3741,3875
3741,3876
3742,3743
3742,3876
3742,3877
3743,3744
3743,3877
3743,3878
3744,3745
3744,3878
3744,3879
3745,3746
3745,3879
3745,3880
3746,3747
3746,3880
3746,3881
3747,3748
3747,3881
3747,3882
3748,3749
3748,3882
3748,3883
3749,3750
3749,3883
3749,3884
3750,3751
3750,3884
3750,3885
3751,3885
3752,3753
3752,3886
3752,3887
3753,3754
3753,3887
3753,3888
3754,3755
3754,3888
3754,3889
3755,3756
3755,3889
3755,3890
3756,3757
3756,3890
3756,3891
3757,3758
3757,3891
3757,3892
3758,3759
3758,3892
3758,3893
3759,3760
3759,3893
3759,3894
3760,3761
3760,3894
3760,3895
3761,3762
3761,3895
3761,3896
3762,3763
3762,3896
3762,3897
3763,3764
3763,3897
3763,3898
3764,3765
3764,3898
3764,3899
3765,3766
3765,3899
3765,3900
3766,3767
3766,3900
3766,3901
3767,3768
3767,3901
3767,3902
3768,3769
3768,3902
3768,3903
3769,3770
3769,3903
3769,3904
3770,3771
3770,3904
3770,3905
3771,3772
3771,3905
3771,3906
3772,3773
3772,3906
3772,3907
3773,3774
3773,3907
3773,3908
3774,3775
3774,3908
3774,3909
3775,3776
3775,3909
3775,3910
3776,3777
3776,3910
3776,3911
3777,3778
3777,3911
3777,3912
3778,3779
3778,3912
3778,3913
3779,3780
3779,3913
3779,3914
3780,3781
3780,3914
3780,3915
3781,3782
3781,3915
3781,3916
3782,3783
3782,3916
3782,3917
3783,3784
3783,3917
3783,3918
3784,3785
3784,3918
3784,3919
3785,3786
3785,3919
3785,3920
3786,3787
3786,3920
3786,3921
3787,3788
3787,3921
3787,3922
3788,3789
3788,3922
3788,3923
3789,3790
3789,3923
3789,3924
3790,3791
3790,3924
3790,3925
3791,3792
3791,3925
3791,3926
3792,3793
3792,3926
3792,3927
3793,3794
3793,3927
3793,3928
3794,3795
3794,3928
3794,3929
3795,3796
3795,3929
3795,3930
3796,3797
3796,3930
3796,3931
3797,3798
3797,3931
3797,3932
3798,3799
3798,3932
3798,3933
3799,3800
3799,3933
3799,3934
3800,3801
3800,3934
3800,3935
3801,3802
3801,3935
3801,3936
3802,3803
3802,3936
3802,3937
3803,3804
3803,3937
3803,3938
3804,3805
3804,3938
3804,3939
3805,3806
3805,3939
3805,3940
3806,3807
3806,3940
3806,3941
3807,3808
3807,3941
3807,3942
3808,3809
3808,3942
3808,3943
3809,3810
3809,3943
3809,3944
3810,3811
3810,3944
3810,3945
3811,3812
3811,3945
3811,3946
3812,3813
3812,3946
3812,3947
3813,3814
3813,3947
3813,3948
3814,3815
3814,3948
3814,3949
3815,3816
3815,3949
3815,3950
3816,3817
3816,3950
3816,3951
3817,3818
3817,3951
3817,3952
3818,3819
3818,3952
3818,3953
3819,3820
3819,3953
3819,3954
3820,3821
3820,3954
3820,3955
3821,3822
3821,3955
3821,3956
3822,3823
3822,3956
3822,3957
3823,3824
3823,3957
3823,3958
3824,3825
3824,3958
3824,3959
3825,3826
3825,3959
3825,3960
3826,3827
3826,3960
3826,3961
3827,3828
3827,3961
3827,3962
3828,3829
3828,3962
3828,3963
3829,3830
3829,3963
3829,3964
3830,3831
3830,3964
3830,3965
3831,3832
3831,3965
3831,3966
3832,3833
3832,3966
3832,3967
3833,3834
3833,3967
3833,3968
3834,3835
3834,3968
3834,3969
3835,3836
3835,3969
3835,3970
3836,3837
3836,3970
3836,3971
3837,3838
3837,3971
3837,3972
3838,3839
3838,3972
3838,3973
3839,3840
3839,3973
3839,3974
3840,3841
3840,3974
3840,3975
3841,3842
3841,3975
3841,3976
3842,3843
3842,3976
3842,3977
3843,3844
3843,3977
3843,3978
3844,3845
3844,3978
3844,3979
3845,3846
3845,3979
3845,3980
3846,3847
3846,3980
3846,3981
3847,3848
3847,3981
3847,3982
3848,3849
3848,3982
3848,3983
3849,3850
3849,3983
3849,3984
3850,3851
3850,3984
3850,3985
3851,3852
3851,3985
3851,3986
3852,3853
3852,3986
3852,3987
3853,3854
3853,3987
3853,3988
3854,3855
3854,3988
3854,3989
3855,3856
3855,3989
3855,3990
3856,3857
3856,3990
3856,3991
3857,3858
3857,3991
3857,3992
3858,3859
3858,3992
3858,3993
3859,3860
3859,3993
3859,3994
3860,3861
3860,3994
3860,3995
3861,3862
3861,3995
3861,3996
3862,3863
3862,3996
3862,3997
3863,3864
3863,3997
3863,3998
3864,3865
3864,3998
3864,3999
3865,3866
3865,3999
3865,4000
3866,3867
3866,4000
3866,4001
3867,3868
3867,4001
3867,4002
3868,3869
3868,4002
3868,4003
3869,3870
3869,4003
3869,4004
3870,3871
3870,4004
3870,4005
3871,3872
3871,4005
3871,4006
3872,3873
3872,4006
3872,4007
3873,3874
3873,4007
3873,4008
3874,3875
3874,4008
3874,4009
3875,3876
3875,4009
3875,4010
3876,3877
3876,4010
3876,4011
3877,3878
3877,4011
3877,4012
3878,3879
3878,4012
3878,4013
3879,3880
3879,4013
3879,4014
3880,3881
3880,4014
3880,4015
3881,3882
3881,4015
3881,4016
3882,3883
3882,4016
3882,4017
3883,3884
3883,4017
3883,4018
3884,3885
3884,4018
3884,4019
3885,4019
3886,3887
3886,4020
3886,4021
3887,3888
3887,4021
3887,4022
3888,3889
3888,4022
3888,4023
3889,3890
3889,4023
3889,4024
3890,3891
3890,4024
3890,4025
3891,3892
3891,4025
3891,4026
3892,3893
3892,4026
3892,4027
3893,3894
3893,4027
3893,4028
3894,3895
3894,4028
3894,4029
3895,3896
3895,4029
3895,4030
3896,3897
3896,4030
3896,4031
3897,3898
3897,4031
3897,4032
3898,3899
3898,4032
3898,4033
3899,3900
3899,4033
3899,4034
3900,3901
3900,4034
3900,4035
3901,3902
3901,4035
3901,4036
3902,3903
3902,4036
3902,4037
3903,3904
3903,4037
3903,4038
3904,3905
3904,4038
3904,4039
3905,3906
3905,4039
3905,4040
3906,3907
3906,4040
3906,4041
3907,3908
3907,4041
3907,4042
3908,3909
3908,4042
3908,4043
3909,3910
3909,4043
3909,4044
3910,3911
3910,4044
3910,4045
3911,3912
3911,4045
3911,4046
3912,3913
3912,4046
3912,4047
3913,3914
3913,4047
3913,4048
3914,3915
3914,4048
3914,4049
3915,3916
3915,4049
3915,4050
3916,3917
3916,4050
3916,4051
3917,3918
3917,4051
3917,4052
3918,3919
3918,4052
3918,4053
3919,3920
3919,4053
3919,4054
3920,3921
3920,4054
3920,4055
3921,3922
3921,4055
3921,4056
3922,3923
3922,4056
3922,4057
3923,3924
3923,4057
3923,4058
3924,3925
3924,4058
3924,4059
3925,3926
3925,4059
3925,4060
3926,3927
3926,4060
3926,4061
3927,3928
3927,4061
3927,4062
3928,3929
3928,4062
3928,4063
3929,3930
3929,4063
3929,4064
3930,3931
3930,4064
3930,4065
3931,3932
3931,4065
3931,4066
3932,3933
3932,4066
3932,4067
3933,3934
3933,4067
3933,4068
3934,3935
3934,4068
3934,4069
3935,3936
3935,4069
3935,4070
3936,3937
3936,4070
3936,4071
3937,3938
3937,4071
3937,4072
3938,3939
3938,4072
3938,4073
3939,3940
3939,4073
3939,4074
3940,3941
3940,4074
3940,4075
3941,3942
3941,4075
3941,4076
3942,3943
3942,4076
3942,4077
3943,3944
3943,4077
3943,4078
3944,3945
3944,4078
3944,4079
3945,3946
3945,4079
3945,4080
3946,3947
3946,4080
3946,4081
3947,3948
3947,4081
3947,4082
3948,3949
3948,4082
3948,4083
3949,3950
3949,4083
3949,4084
3950,3951
3950,4084
3950,4085
3951,3952
3951,4085
3951,4086
3952,3953
3952,4086
3952,4087
3953,3954
3953,4087
3953,4088
3954,3955
3954,4088
3954,4089
3955,3956
3955,4089
3955,4090
3956,3957
3956,4090
3956,4091
3957,3958
3957,4091
3957,4092
3958,3959
3958,4092
3958,4093
3959,3960
3959,4093
3959,4094
3960,3961
3960,4094
3960,4095
3961,3962
3961,4095
3961,4096
3962,3963
3962,4096
3962,4097
3963,3964
3963,4097
3963,4098
3964,3965
3964,4098
3964,4099
3965,3966
3965,4099
3965,4100
3966,3967
3966,4100
3966,4101
3967,3968
3967,4101
3967,4102
3968,3969
3968,4102
3968,4103
3969,3970
3969,4103
3969,4104
3970,3971
3970,4104
3970,4105
3971,3972
3971,4105
3971,4106
3972,3973
3972,4106
3972,4107
3973,3974
3973,4107
3973,4108
3974,3975
3974,4108
3974,4109
3975,3976
3975,4109
3975,4110
3976,3977
3976,4110
3976,4111
3977,3978
3977,4111
3977,4112
3978,3979
3978,4112
3978,4113
3979,3980
3979,4113
3979,4114
3980,3981
3980,4114
3980,4115
3981,3982
3981,4115
3981,4116
3982,3983
3982,4116
3982,4117
3983,3984
3983,4117
3983,4118
3984,3985
3984,4118
3984,4119
3985,3986
3985,4119
3985,4120
3986,3987
3986,4120
3986,4121
3987,3988
3987,4121
3987,4122
3988,3989
3988,4122
3988,4123
3989,3990
3989,4123
3989,4124
3990,3991
3990,4124
3990,4125
3991,3992
3991,4125
3991,4126
3992,3993
3992,4126
3992,4127
3993,3994
3993,4127
3993,4128
3994,3995
3994,4128
3994,4129
3995,3996
3995,4129
3995,4130
3996,3997
3996,4130
3996,4131
3997,3998
3997,4131
3997,4132
3998,3999
3998,4132
3998,4133
3999,4000
3999,4133
3999,4134
4000,4001
4000,4134
4000,4135
4001,4002
4001,4135
4001,4136
4002,4003
4002,4136
4002,4137
4003,4004
4003,4137
4003,4138
4004,4005
4004,4138
4004,4139
4005,4006
4005,4139
4005,4140
4006,4007
4006,4140
4006,4141
4007,4008
4007,4141
4007,4142
4008,4009
4008,4142
4008,4143
4009,4010
4009,4143
4009,4144
4010,4011
4010,4144
4010,4145
4011,4012
4011,4145
4011,4146
4012,4013
4012,4146
4012,4147
4013,4014
4013,4147
4013,4148
4014,4015
4014,4148
4014,4149
4015,4016
4015,4149
4015,4150
4016,4017
4016,4150
4016,4151
4017,4018
4017,4151
4017,4152
4018,4019
4018,4152
4018,4153
4019,4153
4020,4021
4020,4154
4020,4155
4021,4022
4021,4155
4021,4156
4022,4023
4022,4156
4022,4157
4023,4024
4023,4157
4023,4158
4024,4025
4024,4158
4024,4159
4025,4026
4025,4159
4025,4160
4026,4027
4026,4160
4026,4161
4027,4028
4027,4161
4027,4162
4028,4029
4028,4162
4028,4163
4029,4030
4029,4163
4029,4164
4030,4031
4030,4164
4030,4165
4031,4032
4031,4165
4031,4166
4032,4033
4032,4166
4032,4167
4033,4034
4033,4167
4033,4168
4034,4035
4034,4168
4034,4169
4035,4036
4035,4169
4035,4170
4036,4037
4036,4170
4036,4171
4037,4038
4037,4171
4037,4172
4038,4039
4038,4172
4038,4173
4039,4040
4039,4173
4039,4174
4040,4041
4040,4174
4040,4175
4041,4042
4041,4175
4041,4176
4042,4043
4042,4176
4042,4177
4043,4044
4043,4177
4043,4178
4044,4045
4044,4178
4044,4179
4045,4046
4045,4179
4045,4180
4046,4047
4046,4180
4046,4181
4047,4048
4047,4181
4047,4182
4048,4049
4048,4182
4048,4183
4049,4050
4049,4183
4049,4184
4050,4051
4050,4184
4050,4185
4051,4052
4051,4185
4051,4186
4052,4053
4052,4186
4052,4187
4053,4054
4053,4187
4053,4188
4054,4055
4054,4188
4054,4189
4055,4056
4055,4189
4055,4190
4056,4057
4056,4190
4056,4191
4057,4058
4057,4191
4057,4192
4058,4059
4058,4192
4058,4193
4059,4060
4059,4193
4059,4194
4060,4061
4060,4194
4060,4195
4061,4062
4061,4195
4061,4196
4062,4063
4062,4196
4062,4197
4063,4064
4063,4197
4063,4198
4064,4065
4064,4198
4064,4199
4065,4066
4065,4199
4065,4200
4066,4067
4066,4200
4066,4201
4067,4068
4067,4201
4067,4202
4068,4069
4068,4202
4068,4203
4069,4070
4069,4203
4069,4204
4070,4071
4070,4204
4070,4205
4071,4072
4071,4205
4071,4206
4072,4073
4072,4206
4072,4207
4073,4074
4073,4207
4073,4208
4074,4075
4074,4208
4074,4209
4075,4076
4075,4209
4075,4210
4076,4077
4076,4210
4076,4211
4077,4078
4077,4211
4077,4212
4078,4079
4078,4212
4078,4213
4079,4080
4079,4213
4079,4214
4080,4081
4080,4214
4080,4215
4081,4082
4081,4215
4081,4216
4082,4083
4082,4216
4082,4217
4083,4084
4083,4217
4083,4218
4084,4085
4084,4218
4084,4219
4085,4086
4085,4219
4085,4220
4086,4087
4086,4220
4086,4221
4087,4088
4087,4221
4087,4222
4088,4089
4088,4222
4088,4223
4089,4090
4089,4223
4089,4224
4090,4091
4090,4224
4090,4225
4091,4092
4091,4225
4091,4226
4092,4093
4092,4226
4092,4227
4093,4094
4093,4227
4093,4228
4094,4095
4094,4228
4094,4229
4095,4096
4095,4229
4095,4230
4096,4097
4096,4230
4096,4231
4097,4098
4097,4231
4097,4232
4098,4099
4098,4232
4098,4233
4099,4100
4099,4233
4099,4234
4100,4101
4100,4234
4100,4235
4101,4102
4101,4235
4101,4236
4102,4103
4102,4236
4102,4237
4103,4104
4103,4237
4103,4238
4104,4105
4104,4238
4104,4239
4105,4106
4105,4239
4105,4240
4106,4107
4106,4240
4106,4241
4107,4108
4107,4241
4107,4242
4108,4109
4108,4242
4108,4243
4109,4110
4109,4243
4109,4244
4110,4111
4110,4244
4110,4245
4111,4112
4111,4245
4111,4246
4112,4113
4112,4246
4112,4247
4113,4114
4113,4247
4113,4248
4114,4115
4114,4248
4114,4249
4115,4116
4115,4249
4115,4250
4116,4117
4116,4250
4116,4251
4117,4118
4117,4251
4117,4252
4118,4119
4118,4252
4118,4253
4119,4120
4119,4253
4119,4254
4120,4121
4120,4254
4120,4255
4121,4122
4121,4255
4121,4256
4122,4123
4122,4256
4122,4257
4123,4124
4123,4257
4123,4258
4124,4125
4124,4258
4124,4259
4125,4126
4125,4259
4125,4260
4126,4127
4126,4260
4126,4261
4127,4128
4127,4261
4127,4262
4128,4129
4128,4262
4128,4263
4129,4130
4129,4263
4129,4264
4130,4131
4130,4264
4130,4265
4131,4132
4131,4265
4131,4266
4132,4133
4132,4266
4132,4267
4133,4134
4133,4267
4133,4268
4134,4135
4134,4268
4134,4269
4135,4136
4135,4269
4135,4270
4136,4137
4136,4270
4136,4271
4137,4138
4137,4271
4137,4272
4138,4139
4138,4272
4138,4273
4139,4140
4139,4273
4139,4274
4140,4141
4140,4274
4140,4275
4141,4142
4141,4275
4141,4276
4142,4143
4142,4276
4142,4277
4143,4144
4143,4277
4143,4278
4144,4145
4144,4278
4144,4279
4145,4146
4145,4279
4145,4280
4146,4147
4146,4280
4146,4281
4147,4148
4147,4281
4147,4282
4148,4149
4148,4282
4148,4283
4149,4150
4149,4283
4149,4284
4150,4151
4150,4284
4150,4285
4151,4152
4151,4285
4151,4286
4152,4153
4152,4286
4152,4287
4153,4287
4154,4155
4154,4288
4154,4289
4155,4156
4155,4289
4155,4290
4156,4157
4156,4290
4156,4291
4157,4158
4157,4291
4157,4292
4158,4159
4158,4292
4158,4293
4159,4160
4159,4293
4159,4294
4160,4161
4160,4294
4160,4295
4161,4162
4161,4295
4161,4296
4162,4163
4162,4296
4162,4297
4163,4164
4163,4297
4163,4298
4164,4165
4164,4298
4164,4299
4165,4166
4165,4299
4165,4300
4166,4167
4166,4300
4166,4301
4167,4168
4167,4301
4167,4302
4168,4169
4168,4302
4168,4303
4169,4170
4169,4303
4169,4304
4170,4171
4170,4304
4170,4305
4171,4172
4171,4305
4171,4306
4172,4173
4172,4306
4172,4307
4173,4174
4173,4307
4173,4308
4174,4175
4174,4308
4174,4309
4175,4176
4175,4309
4175,4310
4176,4177
4176,4310
4176,4311
4177,4178
4177,4311
4177,4312
4178,4179
4178,4312
4178,4313
4179,4180
4179,4313
4179,4314
4180,4181
4180,4314
4180,4315
4181,4182
4181,4315
4181,4316
4182,4183
4182,4316
4182,4317
4183,4184
4183,4317
4183,4318
4184,4185
4184,4318
4184,4319
4185,4186
4185,4319
4185,4320
4186,4187
4186,4320
4186,4321
4187,4188
4187,4321
4187,4322
4188,4189
4188,4322
4188,4323
4189,4190
4189,4323
4189,4324
4190,4191
4190,4324
4190,4325
4191,4192
4191,4325
4191,4326
4192,4193
4192,4326
4192,4327
4193,4194
4193,4327
4193,4328
4194,4195
4194,4328
4194,4329
4195,4196
4195,4329
4195,4330
4196,4197
4196,4330
4196,4331
4197,4198
4197,4331
4197,4332
4198,4199
4198,4332
4198,4333
4199,4200
4199,4333
4199,4334
4200,4201
4200,4334
4200,4335
4201,4202
4201,4335
4201,4336
4202,4203
4202,4336
4202,4337
4203,4204
4203,4337
4203,4338
4204,4205
4204,4338
4204,4339
4205,4206
4205,4339
4205,4340
4206,4207
4206,4340
4206,4341
4207,4208
4207,4341
4207,4342
4208,4209
4208,4342
4208,4343
4209,4210
4209,4343
4209,4344
4210,4211
4210,4344
4210,4345
4211,4212
4211,4345
4211,4346
4212,4213
4212,4346
4212,4347
4213,4214
4213,4347
4213,4348
4214,4215
4214,4348
4214,4349
4215,4216
4215,4349
4215,4350
4216,4217
4216,4350
4216,4351
4217,4218
4217,4351
4217,4352
4218,4219
4218,4352
4218,4353
4219,4220
4219,4353
4219,4354
4220,4221
4220,4354
4220,4355
4221,4222
4221,4355
4221,4356
4222,4223
4222,4356
4222,4357
4223,4224
4223,4357
4223,4358
4224,4225
4224,4358
4224,4359
4225,4226
4225,4359
4225,4360
4226,4227
4226,4360
4226,4361
4227,4228
4227,4361
4227,4362
4228,4229
4228,4362
4228,4363
4229,4230
4229,4363
4229,4364
4230,4231
4230,4364
4230,4365
4231,4232
4231,4365
4231,4366
4232,4233
4232,4366
4232,4367
4233,4234
4233,4367
4233,4368
4234,4235
4234,4368
4234,4369
4235,4236
4235,4369
4235,4370
4236,4237
4236,4370
4236,4371
4237,4238
4237,4371
4237,4372
4238,4239
4238,4372
4238,4373
4239,4240
4239,4373
4239,4374
4240,4241
4240,4374
4240,4375
4241,4242
4241,4375
4241,4376
4242,4243
4242,4376
4242,4377
4243,4244
4243,4377
4243,4378
4244,4245
4244,4378
4244,4379
4245,4246
4245,4379
4245,4380
4246,4247
4246,4380
4246,4381
4247,4248
4247,4381
4247,4382
4248,4249
4248,4382
4248,4383
4249,4250
4249,4383
4249,4384
4250,4251
4250,4384
4250,4385
4251,4252
4251,4385
4251,4386
4252,4253
4252,4386
4252,4387
4253,4254
4253,4387
4253,4388
4254,4255
4254,4388
4254,4389
4255,4256
4255,4389
4255,4390
4256,4257
4256,4390
4256,4391
4257,4258
4257,4391
4257,4392
4258,4259
4258,4392
4258,4393
4259,4260
4259,4393
4259,4394
4260,4261
4260,4394
4260,4395
4261,4262
4261,4395
4261,4396
4262,4263
4262,4396
4262,4397
4263,4264
4263,4397
4263,4398
4264,4265
4264,4398
4264,4399
4265,4266
4265,4399
4265,4400
4266,4267
4266,4400
4266,4401
4267,4268
4267,4401
4267,4402
4268,4269
4268,4402
4268,4403
4269,4270
4269,4403
4269,4404
4270,4271
4270,4404
4270,4405
4271,4272
4271,4405
4271,4406
4272,4273
4272,4406
4272,4407
4273,4274
4273,4407
4273,4408
4274,4275
4274,4408
4274,4409
4275,4276
4275,4409
4275,4410
4276,4277
4276,4410
4276,4411
4277,4278
4277,4411
4277,4412
4278,4279
4278,4412
4278,4413
4279,4280
4279,4413
4279,4414
4280,4281
4280,4414
4280,4415
4281,4282
4281,4415
4281,4416
4282,4283
4282,4416
4282,4417
4283,4284
4283,4417
4283,4418
4284,4285
4284,4418
4284,4419
4285,4286
4285,4419
4285,4420
4286,4287
4286,4420
4286,4421
4287,4421
4288,4289
4288,4422
4288,4423
4289,4290
4289,4423
4289,4424
4290,4291
4290,4424
4290,4425
4291,4292
4291,4425
4291,4426
4292,4293
4292,4426
4292,4427
4293,4294
4293,4427
4293,4428
4294,4295
4294,4428
4294,4429
4295,4296
4295,4429
4295,4430
4296,4297
4296,4430
4296,4431
4297,4298
4297,4431
4297,4432
4298,4299
4298,4432
4298,4433
4299,4300
4299,4433
4299,4434
4300,4301
4300,4434
4300,4435
4301,4302
4301,4435
4301,4436
4302,4303
4302,4436
4302,4437
4303,4304
4303,4437
4303,4438
4304,4305
4304,4438
4304,4439
4305,4306
4305,4439
4305,4440
4306,4307
4306,4440
4306,4441
4307,4308
4307,4441
4307,4442
4308,4309
4308,4442
4308,4443
4309,4310
4309,4443
4309,4444
4310,4311
4310,4444
4310,4445
4311,4312
4311,4445
4311,4446
4312,4313
4312,4446
4312,4447
4313,4314
4313,4447
4313,4448
4314,4315
4314,4448
4314,4449
4315,4316
4315,4449
4315,4450
4316,4317
4316,4450
4316,4451
4317,4318
4317,4451
4317,4452
4318,4319
4318,4452
4318,4453
4319,4320
4319,4453
4319,4454
4320,4321
4320,4454
4320,4455
4321,4322
4321,4455
4321,4456
4322,4323
4322,4456
4322,4457
4323,4324
4323,4457
4323,4458
4324,4325
4324,4458
4324,4459
4325,4326
4325,4459
4325,4460
4326,4327
4326,4460
4326,4461
4327,4328
4327,4461
4327,4462
4328,4329
4328,4462
4328,4463
4329,4330
4329,4463
4329,4464
4330,4331
4330,4464
4330,4465
4331,4332
4331,4465
4331,4466
4332,4333
4332,4466
4332,4467
4333,4334
4333,4467
4333,4468
4334,4335
4334,4468
4334,4469
4335,4336
4335,4469
4335,4470
4336,4337
4336,4470
4336,4471
4337,4338
4337,4471
4337,4472
4338,4339
4338,4472
4338,4473
4339,4340
4339,4473
4339,4474
4340,4341
4340,4474
4340,4475
4341,4342
4341,4475
4341,4476
4342,4343
4342,4476
4342,4477
4343,4344
4343,4477
4343,4478
4344,4345
4344,4478
4344,4479
4345,4346
4345,4479
4345,4480
4346,4347
4346,4480
4346,4481
4347,4348
4347,4481
4347,4482
4348,4349
4348,4482
4348,4483
4349,4350
4349,4483
4349,4484
4350,4351
4350,4484
4350,4485
4351,4352
4351,4485
4351,4486
4352,4353
4352,4486
4352,4487
4353,4354
4353,4487
4353,4488
4354,4355
4354,4488
4354,4489
4355,4356
4355,4489
4355,4490
4356,4357
4356,4490
4356,4491
4357,4358
4357,4491
4357,4492
4358,4359
4358,4492
4358,4493
4359,4360
4359,4493
4359,4494
4360,4361
4360,4494
4360,4495
4361,4362
4361,4495
4361,4496
4362,4363
4362,4496
4362,4497
4363,4364
4363,4497
4363,4498
4364,4365
4364,4498
4364,4499
4365,4366
4365,4499
4365,4500
4366,4367
4366,4500
4366,4501
4367,4368
4367,4501
4367,4502
4368,4369
4368,4502
4368,4503
4369,4370
4369,4503
4369,4504
4370,4371
4370,4504
4370,4505
4371,4372
4371,4505
4371,4506
4372,4373
4372,4506
4372,4507
4373,4374
4373,4507
4373,4508
4374,4375
4374,4508
4374,4509
4375,4376
4375,4509
4375,4510
4376,4377
4376,4510
4376,4511
4377,4378
4377,4511
4377,4512
4378,4379
4378,4512
4378,4513
4379,4380
4379,4513
4379,4514
4380,4381
4380,4514
4380,4515
4381,4382
4381,4515
4381,4516
4382,4383
4382,4516
4382,4517
4383,4384
4383,4517
4383,4518
4384,4385
4384,4518
4384,4519
4385,4386
4385,4519
4385,4520
4386,4387
4386,4520
4386,4521
4387,4388
4387,4521
4387,4522
4388,4389
4388,4522
4388,4523
4389,4390
4389,4523
4389,4524
4390,4391
4390,4524
4390,4525
4391,4392
4391,4525
4391,4526
4392,4393
4392,4526
4392,4527
4393,4394
4393,4527
4393,4528
4394,4395
4394,4528
4394,4529
4395,4396
4395,4529
4395,4530
4396,4397
4396,4530
4396,4531
4397,4398
4397,4531
4397,4532
4398,4399
4398,4532
4398,4533
4399,4400
4399,4533
4399,4534
4400,4401
4400,4534
4400,4535
4401,4402
4401,4535
4401,4536
4402,4403
4402,4536
4402,4537
4403,4404
4403,4537
4403,4538
4404,4405
4404,4538
4404,4539
4405,4406
4405,4539
4405,4540
4406,4407
4406,4540
4406,4541
4407,4408
4407,4541
4407,4542
4408,4409
4408,4542
4408,4543
4409,4410
4409,4543
4409,4544
4410,4411
4410,4544
4410,4545
4411,4412
4411,4545
4411,4546
4412,4413
4412,4546
4412,4547
4413,4414
4413,4547
4413,4548
4414,4415
4414,4548
4414,4549
4415,4416
4415,4549
4415,4550
4416,4417
4416,4550
4416,4551
4417,4418
4417,4551
4417,4552
4418,4419
4418,4552
4418,4553
4419,4420
4419,4553
4419,4554
4420,4421
4420,4554
4420,4555
4421,4555
4422,4423
4422,4556
4422,4557
4423,4424
4423,4557
4423,4558
4424,4425
4424,4558
4424,4559
4425,4426
4425,4559
4425,4560
4426,4427
4426,4560
4426,4561
4427,4428
4427,4561
4427,4562
4428,4429
4428,4562
4428,4563
4429,4430
4429,4563
4429,4564
4430,4431
4430,4564
4430,4565
4431,4432
4431,4565
4431,4566
4432,4433
4432,4566
4432,4567
4433,4434
4433,4567
4433,4568
4434,4435
4434,4568
4434,4569
4435,4436
4435,4569
4435,4570
4436,4437
4436,4570
4436,4571
4437,4438
4437,4571
4437,4572
4438,4439
4438,4572
4438,4573
4439,4440
4439,4573
4439,4574
4440,4441
4440,4574
4440,4575
4441,4442
4441,4575
4441,4576
4442,4443
4442,4576
4442,4577
4443,4444
4443,4577
4443,4578
4444,4445
4444,4578
4444,4579
4445,4446
4445,4579
4445,4580
4446,4447
4446,4580
4446,4581
4447,4448
4447,4581
4447,4582
4448,4449
4448,4582
4448,4583
4449,4450
4449,4583
4449,4584
4450,4451
4450,4584
4450,4585
4451,4452
4451,4585
4451,4586
4452,4453
4452,4586
4452,4587
4453,4454
4453,4587
4453,4588
4454,4455
4454,4588
4454,4589
4455,4456
4455,4589
4455,4590
4456,4457
4456,4590
4456,4591
4457,4458
4457,4591
4457,4592
4458,4459
4458,4592
4458,4593
4459,4460
4459,4593
4459,4594
4460,4461
4460,4594
4460,4595
4461,4462
4461,4595
4461,4596
4462,4463
4462,4596
4462,4597
4463,4464
4463,4597
4463,4598
4464,4465
4464,4598
4464,4599
4465,4466
4465,4599
4465,4600
4466,4467
4466,4600
4466,4601
4467,4468
4467,4601
4467,4602
4468,4469
4468,4602
4468,4603
4469,4470
4469,4603
4469,4604
4470,4471
4470,4604
4470,4605
4471,4472
4471,4605
4471,4606
4472,4473
4472,4606
4472,4607
4473,4474
4473,4607
4473,4608
4474,4475
4474,4608
4474,4609
4475,4476
4475,4609
4475,4610
4476,4477
4476,4610
4476,4611
4477,4478
4477,4611
4477,4612
4478,4479
4478,4612
4478,4613
4479,4480
4479,4613
4479,4614
4480,4481
4480,4614
4480,4615
4481,4482
4481,4615
4481,4616
4482,4483
4482,4616
4482,4617
4483,4484
4483,4617
4483,4618
4484,4485
4484,4618
4484,4619
4485,4486
4485,4619
4485,4620
4486,4487
4486,4620
4486,4621
4487,4488
4487,4621
4487,4622
4488,4489
4488,4622
4488,4623
4489,4490
4489,4623
4489,4624
4490,4491
4490,4624
4490,4625
4491,4492
4491,4625
4491,4626
4492,4493
4492,4626
4492,4627
4493,4494
4493,4627
4493,4628
4494,4495
4494,4628
4494,4629
4495,4496
4495,4629
4495,4630
4496,4497
4496,4630
4496,4631
4497,4498
4497,4631
4497,4632
4498,4499
4498,4632
4498,4633
4499,4500
4499,4633
4499,4634
4500,4501
4500,4634
4500,4635
4501,4502
4501,4635
4501,4636
4502,4503
4502,4636
4502,4637
4503,4504
4503,4637
4503,4638
4504,4505
4504,4638
4504,4639
4505,4506
4505,4639
4505,4640
4506,4507
4506,4640
4506,4641
4507,4508
4507,4641
4507,4642
4508,4509
4508,4642
4508,4643
4509,4510
4509,4643
4509,4644
4510,4511
4510,4644
4510,4645
4511,4512
4511,4645
4511,4646
4512,4513
4512,4646
4512,4647
4513,4514
4513,4647
4513,4648
4514,4515
4514,4648
4514,4649
4515,4516
4515,4649
4515,4650
4516,4517
4516,4650
4516,4651
4517,4518
4517,4651
4517,4652
4518,4519
4518,4652
4518,4653
4519,4520
4519,4653
4519,4654
4520,4521
4520,4654
4520,4655
4521,4522
4521,4655
4521,4656
4522,4523
4522,4656
4522,4657
4523,4524
4523,4657
4523,4658
4524,4525
4524,4658
4524,4659
4525,4526
4525,4659
4525,4660
4526,4527
4526,4660
4526,4661
4527,4528
4527,4661
4527,4662
4528,4529
4528,4662
4528,4663
4529,4530
4529,4663
4529,4664
4530,4531
4530,4664
4530,4665
4531,4532
4531,4665
4531,4666
4532,4533
4532,4666
4532,4667
4533,4534
4533,4667
4533,4668
4534,4535
4534,4668
4534,4669
4535,4536
4535,4669
4535,4670
4536,4537
4536,4670
4536,4671
4537,4538
4537,4671
4537,4672
4538,4539
4538,4672
4538,4673
4539,4540
4539,4673
4539,4674
4540,4541
4540,4674
4540,4675
4541,4542
4541,4675
4541,4676
4542,4543
4542,4676
4542,4677
4543,4544
4543,4677
4543,4678
4544,4545
4544,4678
4544,4679
4545,4546
4545,4679
4545,4680
4546,4547
4546,4680
4546,4681
4547,4548
4547,4681
4547,4682
4548,4549
4548,4682
4548,4683
4549,4550
4549,4683
4549,4684
4550,4551
4550,4684
4550,4685
4551,4552
4551,4685
4551,4686
4552,4553
4552,4686
4552,4687
4553,4554
4553,4687
4553,4688
4554,4555
4554,4688
4554,4689
4555,4689
4556,4557
4556,4690
4556,4691
4557,4558
4557,4691
4557,4692
4558,4559
4558,4692
4558,4693
4559,4560
4559,4693
4559,4694
4560,4561
4560,4694
4560,4695
4561,4562
4561,4695
4561,4696
4562,4563
4562,4696
4562,4697
4563,4564
4563,4697
4563,4698
4564,4565
4564,4698
4564,4699
4565,4566
4565,4699
4565,4700
4566,4567
4566,4700
4566,4701
4567,4568
4567,4701
4567,4702
4568,4569
4568,4702
4568,4703
4569,4570
4569,4703
4569,4704
4570,4571
4570,4704
4570,4705
4571,4572
4571,4705
4571,4706
4572,4573
4572,4706
4572,4707
4573,4574
4573,4707
4573,4708
4574,4575
4574,4708
4574,4709
4575,4576
4575,4709
4575,4710
4576,4577
4576,4710
4576,4711
4577,4578
4577,4711
4577,4712
4578,4579
4578,4712
4578,4713
4579,4580
4579,4713
4579,4714
4580,4581
4580,4714
4580,4715
4581,4582
4581,4715
4581,4716
4582,4583
4582,4716
4582,4717
4583,4584
4583,4717
4583,4718
4584,4585
4584,4718
4584,4719
4585,4586
4585,4719
4585,4720
4586,4587
4586,4720
4586,4721
4587,4588
4587,4721
4587,4722
4588,4589
4588,4722
4588,4723
4589,4590
4589,4723
4589,4724
4590,4591
4590,4724
4590,4725
4591,4592
4591,4725
4591,4726
4592,4593
4592,4726
4592,4727
4593,4594
4593,4727
4593,4728
4594,4595
4594,4728
4594,4729
4595,4596
4595,4729
4595,4730
4596,4597
4596,4730
4596,4731
4597,4598
4597,4731
4597,4732
4598,4599
4598,4732
4598,4733
4599,4600
4599,4733
4599,4734
4600,4601
4600,4734
4600,4735
4601,4602
4601,4735
4601,4736
4602,4603
4602,4736
4602,4737
4603,4604
4603,4737
4603,4738
4604,4605
4604,4738
4604,4739
4605,4606
4605,4739
4605,4740
4606,4607
4606,4740
4606,4741
4607,4608
4607,4741
4607,4742
4608,4609
4608,4742
4608,4743
4609,4610
4609,4743
4609,4744
4610,4611
4610,4744
4610,4745
4611,4612
4611,4745
4611,4746
4612,4613
4612,4746
4612,4747
4613,4614
4613,4747
4613,4748
4614,4615
4614,4748
4614,4749
4615,4616
4615,4749
4615,4750
4616,4617
4616,4750
4616,4751
4617,4618
4617,4751
4617,4752
4618,4619
4618,4752
4618,4753
4619,4620
4619,4753
4619,4754
4620,4621
4620,4754
4620,4755
4621,4622
4621,4755
4621,4756
4622,4623
4622,4756
4622,4757
4623,4624
4623,4757
4623,4758
4624,4625
4624,4758
4624,4759
4625,4626
4625,4759
4625,4760
4626,4627
4626,4760
4626,4761
4627,4628
4627,4761
4627,4762
4628,4629
4628,4762
4628,4763
4629,4630
4629,4763
4629,4764
4630,4631
4630,4764
4630,4765
4631,4632
4631,4765
4631,4766
4632,4633
4632,4766
4632,4767
4633,4634
4633,4767
4633,4768
4634,4635
4634,4768
4634,4769
4635,4636
4635,4769
4635,4770
4636,4637
4636,4770
4636,4771
4637,4638
4637,4771
4637,4772
4638,4639
4638,4772
4638,4773
4639,4640
4639,4773
4639,4774
4640,4641
4640,4774
4640,4775
4641,4642
4641,4775
4641,4776
4642,4643
4642,4776
4642,4777
4643,4644
4643,4777
4643,4778
4644,4645
4644,4778
4644,4779
4645,4646
4645,4779
4645,4780
4646,4647
4646,4780
4646,4781
4647,4648
4647,4781
4647,4782
4648,4649
4648,4782
4648,4783
4649,4650
4649,4783
4649,4784
4650,4651
4650,4784
4650,4785
4651,4652
4651,4785
4651,4786
4652,4653
4652,4786
4652,4787
4653,4654
4653,4787
4653,4788
4654,4655
4654,4788
4654,4789
4655,4656
4655,4789
4655,4790
4656,4657
4656,4790
4656,4791
4657,4658
4657,4791
4657,4792
4658,4659
4658,4792
4658,4793
4659,4660
4659,4793
4659,4794
4660,4661
4660,4794
4660,4795
4661,4662
4661,4795
4661,4796
4662,4663
4662,4796
4662,4797
4663,4664
4663,4797
4663,4798
4664,4665
4664,4798
4664,4799
4665,4666
4665,4799
4665,4800
4666,4667
4666,4800
4666,4801
4667,4668
4667,4801
4667,4802
4668,4669
4668,4802
4668,4803
4669,4670
4669,4803
4669,4804
4670,4671
4670,4804
4670,4805
4671,4672
4671,4805
4671,4806
4672,4673
4672,4806
4672,4807
4673,4674
4673,4807
4673,4808
4674,4675
4674,4808
4674,4809
4675,4676
4675,4809
4675,4810
4676,4677
4676,4810
4676,4811
4677,4678
4677,4811
4677,4812
4678,4679
4678,4812
4678,4813
4679,4680
4679,4813
4679,4814
4680,4681
4680,4814
4680,4815
4681,4682
4681,4815
4681,4816
4682,4683
4682,4816
4682,4817
4683,4684
4683,4817
4683,4818
4684,4685
4684,4818
4684,4819
4685,4686
4685,4819
4685,4820
4686,4687
4686,4820
4686,4821
4687,4688
4687,4821
4687,4822
4688,4689
4688,4822
4688,4823
4689,4823
4690,4691
4690,4824
4690,4825
4691,4692
4691,4825
4691,4826
4692,4693
4692,4826
4692,4827
4693,4694
4693,4827
4693,4828
4694,4695
4694,4828
4694,4829
4695,4696
4695,4829
4695,4830
4696,4697
4696,4830
4696,4831
4697,4698
4697,4831
4697,4832
4698,4699
4698,4832
4698,4833
4699,4700
4699,4833
4699,4834
4700,4701
4700,4834
4700,4835
4701,4702
4701,4835
4701,4836
4702,4703
4702,4836
4702,4837
4703,4704
4703,4837
4703,4838
4704,4705
4704,4838
4704,4839
4705,4706
4705,4839
4705,4840
4706,4707
4706,4840
4706,4841
4707,4708
4707,4841
4707,4842
4708,4709
4708,4842
4708,4843
4709,4710
4709,4843
4709,4844
4710,4711
4710,4844
4710,4845
4711,4712
4711,4845
4711,4846
4712,4713
4712,4846
4712,4847
4713,4714
4713,4847
4713,4848
4714,4715
4714,4848
4714,4849
4715,4716
4715,4849
4715,4850
4716,4717
4716,4850
4716,4851
4717,4718
4717,4851
4717,4852
4718,4719
4718,4852
4718,4853
4719,4720
4719,4853
4719,4854
4720,4721
4720,4854
4720,4855
4721,4722
4721,4855
4721,4856
4722,4723
4722,4856
4722,4857
4723,4724
4723,4857
4723,4858
4724,4725
4724,4858
4724,4859
4725,4726
4725,4859
4725,4860
4726,4727
4726,4860
4726,4861
4727,4728
4727,4861
4727,4862
4728,4729
4728,4862
4728,4863
4729,4730
4729,4863
4729,4864
4730,4731
4730,4864
4730,4865
4731,4732
4731,4865
4731,4866
4732,4733
4732,4866
4732,4867
4733,4734
4733,4867
4733,4868
4734,4735
4734,4868
4734,4869
4735,4736
4735,4869
4735,4870
4736,4737
4736,4870
4736,4871
4737,4738
4737,4871
4737,4872
4738,4739
4738,4872
4738,4873
4739,4740
4739,4873
4739,4874
4740,4741
4740,4874
4740,4875
4741,4742
4741,4875
4741,4876
4742,4743
4742,4876
4742,4877
4743,4744
4743,4877
4743,4878
4744,4745
4744,4878
4744,4879
4745,4746
4745,4879
4745,4880
4746,4747
4746,4880
4746,4881
4747,4748
4747,4881
4747,4882
4748,4749
4748,4882
4748,4883
4749,4750
4749,4883
4749,4884
4750,4751
4750,4884
4750,4885
4751,4752
4751,4885
4751,4886
4752,4753
4752,4886
4752,4887
4753,4754
4753,4887
4753,4888
4754,4755
4754,4888
4754,4889
4755,4756
4755,4889
4755,4890
4756,4757
4756,4890
4756,4891
4757,4758
4757,4891
4757,4892
4758,4759
4758,4892
4758,4893
4759,4760
4759,4893
4759,4894
4760,4761
4760,4894
4760,4895
4761,4762
4761,4895
4761,4896
4762,4763
4762,4896
4762,4897
4763,4764
4763,4897
4763,4898
4764,4765
4764,4898
4764,4899
4765,4766
4765,4899
4765,4900
4766,4767
4766,4900
4766,4901
4767,4768
4767,4901
4767,4902
4768,4769
4768,4902
4768,4903
4769,4770
4769,4903
4769,4904
4770,4771
4770,4904
4770,4905
4771,4772
4771,4905
4771,4906
4772,4773
4772,4906
4772,4907
4773,4774
4773,4907
4773,4908
4774,4775
4774,4908
4774,4909
4775,4776
4775,4909
4775,4910
4776,4777
4776,4910
4776,4911
4777,4778
4777,4911
4777,4912
4778,4779
4778,4912
4778,4913
4779,4780
4779,4913
4779,4914
4780,4781
4780,4914
4780,4915
4781,4782
4781,4915
4781,4916
4782,4783
4782,4916
4782,4917
4783,4784
4783,4917
4783,4918
4784,4785
4784,4918
4784,4919
4785,4786
4785,4919
4785,4920
4786,4787
4786,4920
4786,4921
4787,4788
4787,4921
4787,4922
4788,4789
4788,4922
4788,4923
4789,4790
4789,4923
4789,4924
4790,4791
4790,4924
4790,4925
4791,4792
4791,4925
4791,4926
4792,4793
4792,4926
4792,4927
4793,4794
4793,4927
4793,4928
4794,4795
4794,4928
4794,4929
4795,4796
4795,4929
4795,4930
4796,4797
4796,4930
4796,4931
4797,4798
4797,4931
4797,4932
4798,4799
4798,4932
4798,4933
4799,4800
4799,4933
4799,4934
4800,4801
4800,4934
4800,4935
4801,4802
4801,4935
4801,4936
4802,4803
4802,4936
4802,4937
4803,4804
4803,4937
4803,4938
4804,4805
4804,4938
4804,4939
4805,4806
4805,4939
4805,4940
4806,4807
4806,4940
4806,4941
4807,4808
4807,4941
4807,4942
4808,4809
4808,4942
4808,4943
4809,4810
4809,4943
4809,4944
4810,4811
4810,4944
4810,4945
4811,4812
4811,4945
4811,4946
4812,4813
4812,4946
4812,4947
4813,4814
4813,4947
4813,4948
4814,4815
4814,4948
4814,4949
4815,4816
4815,4949
4815,4950
4816,4817
4816,4950
4816,4951
4817,4818
4817,4951
4817,4952
4818,4819
4818,4952
4818,4953
4819,4820
4819,4953
4819,4954
4820,4821
4820,4954
4820,4955
4821,4822
4821,4955
4821,4956
4822,4823
4822,4956
4822,4957
4823,4957
4824,4825
4824,4958
4824,4959
4825,4826
4825,4959
4825,4960
4826,4827
4826,4960
4826,4961
4827,4828
4827,4961
4827,4962
4828,4829
4828,4962
4828,4963
4829,4830
4829,4963
4829,4964
4830,4831
4830,4964
4830,4965
4831,4832
4831,4965
4831,4966
4832,4833
4832,4966
4832,4967
4833,4834
4833,4967
4833,4968
4834,4835
4834,4968
4834,4969
4835,4836
4835,4969
4835,4970
4836,4837
4836,4970
4836,4971
4837,4838
4837,4971
4837,4972
4838,4839
4838,4972
4838,4973
4839,4840
4839,4973
4839,4974
4840,4841
4840,4974
4840,4975
4841,4842
4841,4975
4841,4976
4842,4843
4842,4976
4842,4977
4843,4844
4843,4977
4843,4978
4844,4845
4844,4978
4844,4979
4845,4846
4845,4979
4845,4980
4846,4847
4846,4980
4846,4981
4847,4848
4847,4981
4847,4982
4848,4849
4848,4982
4848,4983
4849,4850
4849,4983
4849,4984
4850,4851
4850,4984
4850,4985
4851,4852
4851,4985
4851,4986
4852,4853
4852,4986
4852,4987
4853,4854
4853,4987
4853,4988
4854,4855
4854,4988
4854,4989
4855,4856
4855,4989
4855,4990
4856,4857
4856,4990
4856,4991
4857,4858
4857,4991
4857,4992
4858,4859
4858,4992
4858,4993
4859,4860
4859,4993
4859,4994
4860,4861
4860,4994
4860,4995
4861,4862
4861,4995
4861,4996
4862,4863
4862,4996
4862,4997
4863,4864
4863,4997
4863,4998
4864,4865
4864,4998
4864,4999
4865,4866
4865,4999
4865,5000
4866,4867
4866,5000
4866,5001
4867,4868
4867,5001
4867,5002
4868,4869
4868,5002
4868,5003
4869,4870
4869,5003
4869,5004
4870,4871
4870,5004
4870,5005
4871,4872
4871,5005
4871,5006
4872,4873
4872,5006
4872,5007
4873,4874
4873,5007
4873,5008
4874,4875
4874,5008
4874,5009
4875,4876
4875,5009
4875,5010
4876,4877
4876,5010
4876,5011
4877,4878
4877,5011
4877,5012
4878,4879
4878,5012
4878,5013
4879,4880
4879,5013
4879,5014
4880,4881
4880,5014
4880,5015
4881,4882
4881,5015
4881,5016
4882,4883
4882,5016
4882,5017
4883,4884
4883,5017
4883,5018
4884,4885
4884,5018
4884,5019
4885,4886
4885,5019
4885,5020
4886,4887
4886,5020
4886,5021
4887,4888
4887,5021
4887,5022
4888,4889
4888,5022
4888,5023
4889,4890
4889,5023
4889,5024
4890,4891
4890,5024
4890,5025
4891,4892
4891,5025
4891,5026
4892,4893
4892,5026
4892,5027
4893,4894
4893,5027
4893,5028
4894,4895
4894,5028
4894,5029
4895,4896
4895,5029
4895,5030
4896,4897
4896,5030
4896,5031
4897,4898
4897,5031
4897,5032
4898,4899
4898,5032
4898,5033
4899,4900
4899,5033
4899,5034
4900,4901
4900,5034
4900,5035
4901,4902
4901,5035
4901,5036
4902,4903
4902,5036
4902,5037
4903,4904
4903,5037
4903,5038
4904,4905
4904,5038
4904,5039
4905,4906
4905,5039
4905,5040
4906,4907
4906,5040
4906,5041
4907,4908
4907,5041
4907,5042
4908,4909
4908,5042
4908,5043
4909,4910
4909,5043
4909,5044
4910,4911
4910,5044
4910,5045
4911,4912
4911,5045
4911,5046
4912,4913
4912,5046
4912,5047
4913,4914
4913,5047
4913,5048
4914,4915
4914,5048
4914,5049
4915,4916
4915,5049
4915,5050
4916,4917
4916,5050
4916,5051
4917,4918
4917,5051
4917,5052
4918,4919
4918,5052
4918,5053
4919,4920
4919,5053
4919,5054
4920,4921
4920,5054
4920,5055
4921,4922
4921,5055
4921,5056
4922,4923
4922,5056
4922,5057
4923,4924
4923,5057
4923,5058
4924,4925
4924,5058
4924,5059
4925,4926
4925,5059
4925,5060
4926,4927
4926,5060
4926,5061
4927,4928
4927,5061
4927,5062
4928,4929
4928,5062
4928,5063
4929,4930
4929,5063
4929,5064
4930,4931
4930,5064
4930,5065
4931,4932
4931,5065
4931,5066
4932,4933
4932,5066
4932,5067
4933,4934
4933,5067
4933,5068
4934,4935
4934,5068
4934,5069
4935,4936
4935,5069
4935,5070
4936,4937
4936,5070
4936,5071
4937,4938
4937,5071
4937,5072
4938,4939
4938,5072
4938,5073
4939,4940
4939,5073
4939,5074
4940,4941
4940,5074
4940,5075
4941,4942
4941,5075
4941,5076
4942,4943
4942,5076
4942,5077
4943,4944
4943,5077
4943,5078
4944,4945
4944,5078
4944,5079
4945,4946
4945,5079
4945,5080
4946,4947
4946,5080
4946,5081
4947,4948
4947,5081
4947,5082
4948,4949
4948,5082
4948,5083
4949,4950
4949,5083
4949,5084
4950,4951
4950,5084
4950,5085
4951,4952
4951,5085
4951,5086
4952,4953
4952,5086
4952,5087
4953,4954
4953,5087
4953,5088
4954,4955
4954,5088
4954,5089
4955,4956
4955,5089
4955,5090
4956,4957
4956,5090
4956,5091
4957,5091
4958,4959
4958,5092
4958,5093
4959,4960
4959,5093
4959,5094
4960,4961
4960,5094
4960,5095
4961,4962
4961,5095
4961,5096
4962,4963
4962,5096
4962,5097
4963,4964
4963,5097
4963,5098
4964,4965
4964,5098
4964,5099
4965,4966
4965,5099
4965,5100
4966,4967
4966,5100
4966,5101
4967,4968
4967,5101
4967,5102
4968,4969
4968,5102
4968,5103
4969,4970
4969,5103
4969,5104
4970,4971
4970,5104
4970,5105
4971,4972
4971,5105
4971,5106
4972,4973
4972,5106
4972,5107
4973,4974
4973,5107
4973,5108
4974,4975
4974,5108
4974,5109
4975,4976
4975,5109
4975,5110
4976,4977
4976,5110
4976,5111
4977,4978
4977,5111
4977,5112
4978,4979
4978,5112
4978,5113
4979,4980
4979,5113
4979,5114
4980,4981
4980,5114
4980,5115
4981,4982
4981,5115
4981,5116
4982,4983
4982,5116
4982,5117
4983,4984
4983,5117
4983,5118
4984,4985
4984,5118
4984,5119
4985,4986
4985,5119
4985,5120
4986,4987
4986,5120
4986,5121
4987,4988
4987,5121
4987,5122
4988,4989
4988,5122
4988,5123
4989,4990
4989,5123
4989,5124
4990,4991
4990,5124
4990,5125
4991,4992
4991,5125
4991,5126
4992,4993
4992,5126
4992,5127
4993,4994
4993,5127
4993,5128
4994,4995
4994,5128
4994,5129
4995,4996
4995,5129
4995,5130
4996,4997
4996,5130
4996,5131
4997,4998
4997,5131
4997,5132
4998,4999
4998,5132
4998,5133
4999,5000
4999,5133
4999,5134
5000,5001
5000,5134
5000,5135
5001,5002
5001,5135
5001,5136
5002,5003
5002,5136
5002,5137
5003,5004
5003,5137
5003,5138
5004,5005
5004,5138
5004,5139
5005,5006
5005,5139
5005,5140
5006,5007
5006,5140
5006,5141
5007,5008
5007,5141
5007,5142
5008,5009
5008,5142
5008,5143
5009,5010
5009,5143
5009,5144
5010,5011
5010,5144
5010,5145
5011,5012
5011,5145
5011,5146
5012,5013
5012,5146
5012,5147
5013,5014
5013,5147
5013,5148
5014,5015
5014,5148
5014,5149
5015,5016
5015,5149
5015,5150
5016,5017
5016,5150
5016,5151
5017,5018
5017,5151
5017,5152
5018,5019
5018,5152
5018,5153
5019,5020
5019,5153
5019,5154
5020,5021
5020,5154
5020,5155
5021,5022
5021,5155
5021,5156
5022,5023
5022,5156
5022,5157
5023,5024
5023,5157
5023,5158
5024,5025
5024,5158
5024,5159
5025,5026
5025,5159
5025,5160
5026,5027
5026,5160
5026,5161
5027,5028
5027,5161
5027,5162
5028,5029
5028,5162
5028,5163
5029,5030
5029,5163
5029,5164
5030,5031
5030,5164
5030,5165
5031,5032
5031,5165
5031,5166
5032,5033
5032,5166
5032,5167
5033,5034
5033,5167
5033,5168
5034,5035
5034,5168
5034,5169
5035,5036
5035,5169
5035,5170
5036,5037
5036,5170
5036,5171
5037,5038
5037,5171
5037,5172
5038,5039
5038,5172
5038,5173
5039,5040
5039,5173
5039,5174
5040,5041
5040,5174
5040,5175
5041,5042
5041,5175
5041,5176
5042,5043
5042,5176
5042,5177
5043,5044
5043,5177
5043,5178
5044,5045
5044,5178
5044,5179
5045,5046
5045,5179
5045,5180
5046,5047
5046,5180
5046,5181
5047,5048
5047,5181
5047,5182
5048,5049
5048,5182
5048,5183
5049,5050
5049,5183
5049,5184
5050,5051
5050,5184
5050,5185
5051,5052
5051,5185
5051,5186
5052,5053
5052,5186
5052,5187
5053,5054
5053,5187
5053,5188
5054,5055
5054,5188
5054,5189
5055,5056
5055,5189
5055,5190
5056,5057
5056,5190
5056,5191
5057,5058
5057,5191
5057,5192
5058,5059
5058,5192
5058,5193
5059,5060
5059,5193
5059,5194
5060,5061
5060,5194
5060,5195
5061,5062
5061,5195
5061,5196
5062,5063
5062,5196
5062,5197
5063,5064
5063,5197
5063,5198
5064,5065
5064,5198
5064,5199
5065,5066
5065,5199
5065,5200
5066,5067
5066,5200
5066,5201
5067,5068
5067,5201
5067,5202
5068,5069
5068,5202
5068,5203
5069,5070
5069,5203
5069,5204
5070,5071
5070,5204
5070,5205
5071,5072
5071,5205
5071,5206
5072,5073
5072,5206
5072,5207
5073,5074
5073,5207
5073,5208
5074,5075
5074,5208
5074,5209
5075,5076
5075,5209
5075,5210
5076,5077
5076,5210
5076,5211
5077,5078
5077,5211
5077,5212
5078,5079
5078,5212
5078,5213
5079,5080
5079,5213
5079,5214
5080,5081
5080,5214
5080,5215
5081,5082
5081,5215
5081,5216
5082,5083
5082,5216
5082,5217
5083,5084
5083,5217
5083,5218
5084,5085
5084,5218
5084,5219
5085,5086
5085,5219
5085,5220
5086,5087
5086,5220
5086,5221
5087,5088
5087,5221
5087,5222
5088,5089
5088,5222
5088,5223
5089,5090
5089,5223
5089,5224
5090,5091
5090,5224
5090,5225
5091,5225
5092,5093
5092,5226
5092,5227
5093,5094
5093,5227
5093,5228
5094,5095
5094,5228
5094,5229
5095,5096
5095,5229
5095,5230
5096,5097
5096,5230
5096,5231
5097,5098
5097,5231
5097,5232
5098,5099
5098,5232
5098,5233
5099,5100
5099,5233
5099,5234
5100,5101
5100,5234
5100,5235
5101,5102
5101,5235
5101,5236
5102,5103
5102,5236
5102,5237
5103,5104
5103,5237
5103,5238
5104,5105
5104,5238
5104,5239
5105,5106
5105,5239
5105,5240
5106,5107
5106,5240
5106,5241
5107,5108
5107,5241
5107,5242
5108,5109
5108,5242
5108,5243
5109,5110
5109,5243
5109,5244
5110,5111
5110,5244
5110,5245
5111,5112
5111,5245
5111,5246
5112,5113
5112,5246
5112,5247
5113,5114
5113,5247
5113,5248
5114,5115
5114,5248
5114,5249
5115,5116
5115,5249
5115,5250
5116,5117
5116,5250
5116,5251
5117,5118
5117,5251
5117,5252
5118,5119
5118,5252
5118,5253
5119,5120
5119,5253
5119,5254
5120,5121
5120,5254
5120,5255
5121,5122
5121,5255
5121,5256
5122,5123
5122,5256
5122,5257
5123,5124
5123,5257
5123,5258
5124,5125
5124,5258
5124,5259
5125,5126
5125,5259
5125,5260
5126,5127
5126,5260
5126,5261
5127,5128
5127,5261
5127,5262
5128,5129
5128,5262
5128,5263
5129,5130
5129,5263
5129,5264
5130,5131
5130,5264
5130,5265
5131,5132
5131,5265
5131,5266
5132,5133
5132,5266
5132,5267
5133,5134
5133,5267
5133,5268
5134,5135
5134,5268
5134,5269
5135,5136
5135,5269
5135,5270
5136,5137
5136,5270
5136,5271
5137,5138
5137,5271
5137,5272
5138,5139
5138,5272
5138,5273
5139,5140
5139,5273
5139,5274
5140,5141
5140,5274
5140,5275
5141,5142
5141,5275
5141,5276
5142,5143
5142,5276
5142,5277
5143,5144
5143,5277
5143,5278
5144,5145
5144,5278
5144,5279
5145,5146
5145,5279
5145,5280
5146,5147
5146,5280
5146,5281
5147,5148
5147,5281
5147,5282
5148,5149
5148,5282
5148,5283
5149,5150
5149,5283
5149,5284
5150,5151
5150,5284
5150,5285
5151,5152
5151,5285
5151,5286
5152,5153
5152,5286
5152,5287
5153,5154
5153,5287
5153,5288
5154,5155
5154,5288
5154,5289
5155,5156
5155,5289
5155,5290
5156,5157
5156,5290
5156,5291
5157,5158
5157,5291
5157,5292
5158,5159
5158,5292
5158,5293
5159,5160
5159,5293
5159,5294
5160,5161
5160,5294
5160,5295
5161,5162
5161,5295
5161,5296
5162,5163
5162,5296
5162,5297
5163,5164
5163,5297
5163,5298
5164,5165
5164,5298
5164,5299
5165,5166
5165,5299
5165,5300
5166,5167
5166,5300
5166,5301
5167,5168
5167,5301
5167,5302
5168,5169
5168,5302
5168,5303
5169,5170
5169,5303
5169,5304
5170,5171
5170,5304
5170,5305
5171,5172
5171,5305
5171,5306
5172,5173
5172,5306
5172,5307
5173,5174
5173,5307
5173,5308
5174,5175
5174,5308
5174,5309
5175,5176
5175,5309
5175,5310
5176,5177
5176,5310
5176,5311
5177,5178
5177,5311
5177,5312
5178,5179
5178,5312
5178,5313
5179,5180
5179,5313
5179,5314
5180,5181
5180,5314
5180,5315
5181,5182
5181,5315
5181,5316
5182,5183
5182,5316
5182,5317
5183,5184
5183,5317
5183,5318
5184,5185
5184,5318
5184,5319
5185,5186
5185,5319
5185,5320
5186,5187
5186,5320
5186,5321
5187,5188
5187,5321
5187,5322
5188,5189
5188,5322
5188,5323
5189,5190
5189,5323
5189,5324
5190,5191
5190,5324
5190,5325
5191,5192
5191,5325
5191,5326
5192,5193
5192,5326
5192,5327
5193,5194
5193,5327
5193,5328
5194,5195
5194,5328
5194,5329
5195,5196
5195,5329
5195,5330
5196,5197
5196,5330
5196,5331
5197,5198
5197,5331
5197,5332
5198,5199
5198,5332
5198,5333
5199,5200
5199,5333
5199,5334
5200,5201
5200,5334
5200,5335
5201,5202
5201,5335
5201,5336
5202,5203
5202,5336
5202,5337
5203,5204
5203,5337
5203,5338
5204,5205
5204,5338
5204,5339
5205,5206
5205,5339
5205,5340
5206,5207
5206,5340
5206,5341
5207,5208
5207,5341
5207,5342
5208,5209
5208,5342
5208,5343
5209,5210
5209,5343
5209,5344
5210,5211
5210,5344
5210,5345
5211,5212
5211,5345
5211,5346
5212,5213
5212,5346
5212,5347
5213,5214
5213,5347
5213,5348
5214,5215
5214,5348
5214,5349
5215,5216
5215,5349
5215,5350
5216,5217
5216,5350
5216,5351
5217,5218
5217,5351
5217,5352
5218,5219
5218,5352
5218,5353
5219,5220
5219,5353
5219,5354
5220,5221
5220,5354
5220,5355
5221,5222
5221,5355
5221,5356
5222,5223
5222,5356
5222,5357
5223,5224
5223,5357
5223,5358
5224,5225
5224,5358
5224,5359
5225,5359
5226,5227
5226,5360
5226,5361
5227,5228
5227,5361
5227,5362
5228,5229
5228,5362
5228,5363
5229,5230
5229,5363
5229,5364
5230,5231
5230,5364
5230,5365
5231,5232
5231,5365
5231,5366
5232,5233
5232,5366
5232,5367
5233,5234
5233,5367
5233,5368
5234,5235
5234,5368
5234,5369
5235,5236
5235,5369
5235,5370
5236,5237
5236,5370
5236,5371
5237,5238
5237,5371
5237,5372
5238,5239
5238,5372
5238,5373
5239,5240
5239,5373
5239,5374
5240,5241
5240,5374
5240,5375
5241,5242
5241,5375
5241,5376
5242,5243
5242,5376
5242,5377
5243,5244
5243,5377
5243,5378
5244,5245
5244,5378
5244,5379
5245,5246
5245,5379
5245,5380
5246,5247
5246,5380
5246,5381
5247,5248
5247,5381
5247,5382
5248,5249
5248,5382
5248,5383
5249,5250
5249,5383
5249,5384
5250,5251
5250,5384
5250,5385
5251,5252
5251,5385
5251,5386
5252,5253
5252,5386
5252,5387
5253,5254
5253,5387
5253,5388
5254,5255
5254,5388
5254,5389
5255,5256
5255,5389
5255,5390
5256,5257
5256,5390
5256,5391
5257,5258
5257,5391
5257,5392
5258,5259
5258,5392
5258,5393
5259,5260
5259,5393
5259,5394
5260,5261
5260,5394
5260,5395
5261,5262
5261,5395
5261,5396
5262,5263
5262,5396
5262,5397
5263,5264
5263,5397
5263,5398
5264,5265
5264,5398
5264,5399
5265,5266
5265,5399
5265,5400
5266,5267
5266,5400
5266,5401
5267,5268
5267,5401
5267,5402
5268,5269
5268,5402
5268,5403
5269,5270
5269,5403
5269,5404
5270,5271
5270,5404
5270,5405
5271,5272
5271,5405
5271,5406
5272,5273
5272,5406
5272,5407
5273,5274
5273,5407
5273,5408
5274,5275
5274,5408
5274,5409
5275,5276
5275,5409
5275,5410
5276,5277
5276,5410
5276,5411
5277,5278
5277,5411
5277,5412
5278,5279
5278,5412
5278,5413
5279,5280
5279,5413
5279,5414
5280,5281
5280,5414
5280,5415
5281,5282
5281,5415
5281,5416
5282,5283
5282,5416
5282,5417
5283,5284
5283,5417
5283,5418
5284,5285
5284,5418
5284,5419
5285,5286
5285,5419
5285,5420
5286,5287
5286,5420
5286,5421
5287,5288
5287,5421
5287,5422
5288,5289
5288,5422
5288,5423
5289,5290
5289,5423
5289,5424
5290,5291
5290,5424
5290,5425
5291,5292
5291,5425
5291,5426
5292,5293
5292,5426
5292,5427
5293,5294
5293,5427
5293,5428
5294,5295
5294,5428
5294,5429
5295,5296
5295,5429
5295,5430
5296,5297
5296,5430
5296,5431
5297,5298
5297,5431
5297,5432
5298,5299
5298,5432
5298,5433
5299,5300
5299,5433
5299,5434
5300,5301
5300,5434
5300,5435
5301,5302
5301,5435
5301,5436
5302,5303
5302,5436
5302,5437
5303,5304
5303,5437
5303,5438
5304,5305
5304,5438
5304,5439
5305,5306
5305,5439
5305,5440
5306,5307
5306,5440
5306,5441
5307,5308
5307,5441
5307,5442
5308,5309
5308,5442
5308,5443
5309,5310
5309,5443
5309,5444
5310,5311
5310,5444
5310,5445
5311,5312
5311,5445
5311,5446
5312,5313
5312,5446
5312,5447
5313,5314
5313,5447
5313,5448
5314,5315
5314,5448
5314,5449
5315,5316
5315,5449
5315,5450
5316,5317
5316,5450
5316,5451
5317,5318
5317,5451
5317,5452
5318,5319
5318,5452
5318,5453
5319,5320
5319,5453
5319,5454
5320,5321
5320,5454
5320,5455
5321,5322
5321,5455
5321,5456
5322,5323
5322,5456
5322,5457
5323,5324
5323,5457
5323,5458
5324,5325
5324,5458
5324,5459
5325,5326
5325,5459
5325,5460
5326,5327
5326,5460
5326,5461
5327,5328
5327,5461
5327,5462
5328,5329
5328,5462
5328,5463
5329,5330
5329,5463
5329,5464
5330,5331
5330,5464
5330,5465
5331,5332
5331,5465
5331,5466
5332,5333
5332,5466
5332,5467
5333,5334
5333,5467
5333,5468
5334,5335
5334,5468
5334,5469
5335,5336
5335,5469
5335,5470
5336,5337
5336,5470
5336,5471
5337,5338
5337,5471
5337,5472
5338,5339
5338,5472
5338,5473
5339,5340
5339,5473
5339,5474
5340,5341
5340,5474
5340,5475
5341,5342
5341,5475
5341,5476
5342,5343
5342,5476
5342,5477
5343,5344
5343,5477
5343,5478
5344,5345
5344,5478
5344,5479
5345,5346
5345,5479
5345,5480
5346,5347
5346,5480
5346,5481
5347,5348
5347,5481
5347,5482
5348,5349
5348,5482
5348,5483
5349,5350
5349,5483
5349,5484
5350,5351
5350,5484
5350,5485
5351,5352
5351,5485
5351,5486
5352,5353
5352,5486
5352,5487
5353,5354
5353,5487
5353,5488
5354,5355
5354,5488
5354,5489
5355,5356
5355,5489
5355,5490
5356,5357
5356,5490
5356,5491
5357,5358
5357,5491
5357,5492
5358,5359
5358,5492
5358,5493
5359,5493
5360,5361
5360,5494
5360,5495
5361,5362
5361,5495
5361,5496
5362,5363
5362,5496
5362,5497
5363,5364
5363,5497
5363,5498
5364,5365
5364,5498
5364,5499
5365,5366
5365,5499
5365,5500
5366,5367
5366,5500
5366,5501
5367,5368
5367,5501
5367,5502
5368,5369
5368,5502
5368,5503
5369,5370
5369,5503
5369,5504
5370,5371
5370,5504
5370,5505
5371,5372
5371,5505
5371,5506
5372,5373
5372,5506
5372,5507
5373,5374
5373,5507
5373,5508
5374,5375
5374,5508
5374,5509
5375,5376
5375,5509
5375,5510
5376,5377
5376,5510
5376,5511
5377,5378
5377,5511
5377,5512
5378,5379
5378,5512
5378,5513
5379,5380
5379,5513
5379,5514
5380,5381
5380,5514
5380,5515
5381,5382
5381,5515
5381,5516
5382,5383
5382,5516
5382,5517
5383,5384
5383,5517
5383,5518
5384,5385
5384,5518
5384,5519
5385,5386
5385,5519
5385,5520
5386,5387
5386,5520
5386,5521
5387,5388
5387,5521
5387,5522
5388,5389
5388,5522
5388,5523
5389,5390
5389,5523
5389,5524
5390,5391
5390,5524
5390,5525
5391,5392
5391,5525
5391,5526
5392,5393
5392,5526
5392,5527
5393,5394
5393,5527
5393,5528
5394,5395
5394,5528
5394,5529
5395,5396
5395,5529
5395,5530
5396,5397
5396,5530
5396,5531
5397,5398
5397,5531
5397,5532
5398,5399
5398,5532
5398,5533
5399,5400
5399,5533
5399,5534
5400,5401
5400,5534
5400,5535
5401,5402
5401,5535
5401,5536
5402,5403
5402,5536
5402,5537
5403,5404
5403,5537
5403,5538
5404,5405
5404,5538
5404,5539
5405,5406
5405,5539
5405,5540
5406,5407
5406,5540
5406,5541
5407,5408
5407,5541
5407,5542
5408,5409
5408,5542
5408,5543
5409,5410
5409,5543
5409,5544
5410,5411
5410,5544
5410,5545
5411,5412
5411,5545
5411,5546
5412,5413
5412,5546
5412,5547
5413,5414
5413,5547
5413,5548
5414,5415
5414,5548
5414,5549
5415,5416
5415,5549
5415,5550
5416,5417
5416,5550
5416,5551
5417,5418
5417,5551
5417,5552
5418,5419
5418,5552
5418,5553
5419,5420
5419,5553
5419,5554
5420,5421
5420,5554
5420,5555
5421,5422
5421,5555
5421,5556
5422,5423
5422,5556
5422,5557
5423,5424
5423,5557
5423,5558
5424,5425
5424,5558
5424,5559
5425,5426
5425,5559
5425,5560
5426,5427
5426,5560
5426,5561
5427,5428
5427,5561
5427,5562
5428,5429
5428,5562
5428,5563
5429,5430
5429,5563
5429,5564
5430,5431
5430,5564
5430,5565
5431,5432
5431,5565
5431,5566
5432,5433
5432,5566
5432,5567
5433,5434
5433,5567
5433,5568
5434,5435
5434,5568
5434,5569
5435,5436
5435,5569
5435,5570
5436,5437
5436,5570
5436,5571
5437,5438
5437,5571
5437,5572
5438,5439
5438,5572
5438,5573
5439,5440
5439,5573
5439,5574
5440,5441
5440,5574
5440,5575
5441,5442
5441,5575
5441,5576
5442,5443
5442,5576
5442,5577
5443,5444
5443,5577
5443,5578
5444,5445
5444,5578
5444,5579
5445,5446
5445,5579
5445,5580
5446,5447
5446,5580
5446,5581
5447,5448
5447,5581
5447,5582
5448,5449
5448,5582
5448,5583
5449,5450
5449,5583
5449,5584
5450,5451
5450,5584
5450,5585
5451,5452
5451,5585
5451,5586
5452,5453
5452,5586
5452,5587
5453,5454
5453,5587
5453,5588
5454,5455
5454,5588
5454,5589
5455,5456
5455,5589
5455,5590
5456,5457
5456,5590
5456,5591
5457,5458
5457,5591
5457,5592
5458,5459
5458,5592
5458,5593
5459,5460
5459,5593
5459,5594
5460,5461
5460,5594
5460,5595
5461,5462
5461,5595
5461,5596
5462,5463
5462,5596
5462,5597
5463,5464
5463,5597
5463,5598
5464,5465
5464,5598
5464,5599
5465,5466
5465,5599
5465,5600
5466,5467
5466,5600
5466,5601
5467,5468
5467,5601
5467,5602
5468,5469
5468,5602
5468,5603
5469,5470
5469,5603
5469,5604
5470,5471
5470,5604
5470,5605
5471,5472
5471,5605
5471,5606
5472,5473
5472,5606
5472,5607
5473,5474
5473,5607
5473,5608
5474,5475
5474,5608
5474,5609
5475,5476
5475,5609
5475,5610
5476,5477
5476,5610
5476,5611
5477,5478
5477,5611
5477,5612
5478,5479
5478,5612
5478,5613
5479,5480
5479,5613
5479,5614
5480,5481
5480,5614
5480,5615
5481,5482
5481,5615
5481,5616
5482,5483
5482,5616
5482,5617
5483,5484
5483,5617
5483,5618
5484,5485
5484,5618
5484,5619
5485,5486
5485,5619
5485,5620
5486,5487
5486,5620
5486,5621
5487,5488
5487,5621
5487,5622
5488,5489
5488,5622
5488,5623
5489,5490
5489,5623
5489,5624
5490,5491
5490,5624
5490,5625
5491,5492
5491,5625
5491,5626
5492,5493
5492,5626
5492,5627
5493,5627
5494,5495
5494,5628
5494,5629
5495,5496
5495,5629
5495,5630
5496,5497
5496,5630
5496,5631
5497,5498
5497,5631
5497,5632
5498,5499
5498,5632
5498,5633
5499,5500
5499,5633
5499,5634
5500,5501
5500,5634
5500,5635
5501,5502
5501,5635
5501,5636
5502,5503
5502,5636
5502,5637
5503,5504
5503,5637
5503,5638
5504,5505
5504,5638
5504,5639
5505,5506
5505,5639
5505,5640
5506,5507
5506,5640
5506,5641
5507,5508
5507,5641
5507,5642
5508,5509
5508,5642
5508,5643
5509,5510
5509,5643
5509,5644
5510,5511
5510,5644
5510,5645
5511,5512
5511,5645
5511,5646
5512,5513
5512,5646
5512,5647
5513,5514
5513,5647
5513,5648
5514,5515
5514,5648
5514,5649
5515,5516
5515,5649
5515,5650
5516,5517
5516,5650
5516,5651
5517,5518
5517,5651
5517,5652
5518,5519
5518,5652
5518,5653
5519,5520
5519,5653
5519,5654
5520,5521
5520,5654
5520,5655
5521,5522
5521,5655
5521,5656
5522,5523
5522,5656
5522,5657
5523,5524
5523,5657
5523,5658
5524,5525
5524,5658
5524,5659
5525,5526
5525,5659
5525,5660
5526,5527
5526,5660
5526,5661
5527,5528
5527,5661
5527,5662
5528,5529
5528,5662
5528,5663
5529,5530
5529,5663
5529,5664
5530,5531
5530,5664
5530,5665
5531,5532
5531,5665
5531,5666
5532,5533
5532,5666
5532,5667
5533,5534
5533,5667
5533,5668
5534,5535
5534,5668
5534,5669
5535,5536
5535,5669
5535,5670
5536,5537
5536,5670
5536,5671
5537,5538
5537,5671
5537,5672
5538,5539
5538,5672
5538,5673
5539,5540
5539,5673
5539,5674
5540,5541
5540,5674
5540,5675
5541,5542
5541,5675
5541,5676
5542,5543
5542,5676
5542,5677
5543,5544
5543,5677
5543,5678
5544,5545
5544,5678
5544,5679
5545,5546
5545,5679
5545,5680
5546,5547
5546,5680
5546,5681
5547,5548
5547,5681
5547,5682
5548,5549
5548,5682
5548,5683
5549,5550
5549,5683
5549,5684
5550,5551
5550,5684
5550,5685
5551,5552
5551,5685
5551,5686
5552,5553
5552,5686
5552,5687
5553,5554
5553,5687
5553,5688
5554,5555
5554,5688
5554,5689
5555,5556
5555,5689
5555,5690
5556,5557
5556,5690
5556,5691
5557,5558
5557,5691
5557,5692
5558,5559
5558,5692
5558,5693
5559,5560
5559,5693
5559,5694
5560,5561
5560,5694
5560,5695
5561,5562
5561,5695
5561,5696
5562,5563
5562,5696
5562,5697
5563,5564
5563,5697
5563,5698
5564,5565
5564,5698
5564,5699
5565,5566
5565,5699
5565,5700
5566,5567
5566,5700
5566,5701
5567,5568
5567,5701
5567,5702
5568,5569
5568,5702
5568,5703
5569,5570
5569,5703
5569,5704
5570,5571
5570,5704
5570,5705
5571,5572
5571,5705
5571,5706
5572,5573
5572,5706
5572,5707
5573,5574
5573,5707
5573,5708
5574,5575
5574,5708
5574,5709
5575,5576
5575,5709
5575,5710
5576,5577
5576,5710
5576,5711
5577,5578
5577,5711
5577,5712
5578,5579
5578,5712
5578,5713
5579,5580
5579,5713
5579,5714
5580,5581
5580,5714
5580,5715
5581,5582
5581,5715
5581,5716
5582,5583
5582,5716
5582,5717
5583,5584
5583,5717
5583,5718
5584,5585
5584,5718
5584,5719
5585,5586
5585,5719
5585,5720
5586,5587
5586,5720
5586,5721
5587,5588
5587,5721
5587,5722
5588,5589
5588,5722
5588,5723
5589,5590
5589,5723
5589,5724
5590,5591
5590,5724
5590,5725
5591,5592
5591,5725
5591,5726
5592,5593
5592,5726
5592,5727
5593,5594
5593,5727
5593,5728
5594,5595
5594,5728
5594,5729
5595,5596
5595,5729
5595,5730
5596,5597
5596,5730
5596,5731
5597,5598
5597,5731
5597,5732
5598,5599
5598,5732
5598,5733
5599,5600
5599,5733
5599,5734
5600,5601
5600,5734
5600,5735
5601,5602
5601,5735
5601,5736
5602,5603
5602,5736
5602,5737
5603,5604
5603,5737
5603,5738
5604,5605
5604,5738
5604,5739
5605,5606
5605,5739
5605,5740
5606,5607
5606,5740
5606,5741
5607,5608
5607,5741
5607,5742
5608,5609
5608,5742
5608,5743
5609,5610
5609,5743
5609,5744
5610,5611
5610,5744
5610,5745
5611,5612
5611,5745
5611,5746
5612,5613
5612,5746
5612,5747
5613,5614
5613,5747
5613,5748
5614,5615
5614,5748
5614,5749
5615,5616
5615,5749
5615,5750
5616,5617
5616,5750
5616,5751
5617,5618
5617,5751
5617,5752
5618,5619
5618,5752
5618,5753
5619,5620
5619,5753
5619,5754
5620,5621
5620,5754
5620,5755
5621,5622
5621,5755
5621,5756
5622,5623
5622,5756
5622,5757
5623,5624
5623,5757
5623,5758
5624,5625
5624,5758
5624,5759
5625,5626
5625,5759
5625,5760
5626,5627
5626,5760
5626,5761
5627,5761
5628,5629
5628,5762
5628,5763
5629,5630
5629,5763
5629,5764
5630,5631
5630,5764
5630,5765
5631,5632
5631,5765
5631,5766
5632,5633
5632,5766
5632,5767
5633,5634
5633,5767
5633,5768
5634,5635
5634,5768
5634,5769
5635,5636
5635,5769
5635,5770
5636,5637
5636,5770
5636,5771
5637,5638
5637,5771
5637,5772
5638,5639
5638,5772
5638,5773
5639,5640
5639,5773
5639,5774
5640,5641
5640,5774
5640,5775
5641,5642
5641,5775
5641,5776
5642,5643
5642,5776
5642,5777
5643,5644
5643,5777
5643,5778
5644,5645
5644,5778
5644,5779
5645,5646
5645,5779
5645,5780
5646,5647
5646,5780
5646,5781
5647,5648
5647,5781
5647,5782
5648,5649
5648,5782
5648,5783
5649,5650
5649,5783
5649,5784
5650,5651
5650,5784
5650,5785
5651,5652
5651,5785
5651,5786
5652,5653
5652,5786
5652,5787
5653,5654
5653,5787
5653,5788
5654,5655
5654,5788
5654,5789
5655,5656
5655,5789
5655,5790
5656,5657
5656,5790
5656,5791
5657,5658
5657,5791
5657,5792
5658,5659
5658,5792
5658,5793
5659,5660
5659,5793
5659,5794
5660,5661
5660,5794
5660,5795
5661,5662
5661,5795
5661,5796
5662,5663
5662,5796
5662,5797
5663,5664
5663,5797
5663,5798
5664,5665
5664,5798
5664,5799
5665,5666
5665,5799
5665,5800
5666,5667
5666,5800
5666,5801
5667,5668
5667,5801
5667,5802
5668,5669
5668,5802
5668,5803
5669,5670
5669,5803
5669,5804
5670,5671
5670,5804
5670,5805
5671,5672
5671,5805
5671,5806
5672,5673
5672,5806
5672,5807
5673,5674
5673,5807
5673,5808
5674,5675
5674,5808
5674,5809
5675,5676
5675,5809
5675,5810
5676,5677
5676,5810
5676,5811
5677,5678
5677,5811
5677,5812
5678,5679
5678,5812
5678,5813
5679,5680
5679,5813
5679,5814
5680,5681
5680,5814
5680,5815
5681,5682
5681,5815
5681,5816
5682,5683
5682,5816
5682,5817
5683,5684
5683,5817
5683,5818
5684,5685
5684,5818
5684,5819
5685,5686
5685,5819
5685,5820
5686,5687
5686,5820
5686,5821
5687,5688
5687,5821
5687,5822
5688,5689
5688,5822
5688,5823
5689,5690
5689,5823
5689,5824
5690,5691
5690,5824
5690,5825
5691,5692
5691,5825
5691,5826
5692,5693
5692,5826
5692,5827
5693,5694
5693,5827
5693,5828
5694,5695
5694,5828
5694,5829
5695,5696
5695,5829
5695,5830
5696,5697
5696,5830
5696,5831
5697,5698
5697,5831
5697,5832
5698,5699
5698,5832
5698,5833
5699,5700
5699,5833
5699,5834
5700,5701
5700,5834
5700,5835
5701,5702
5701,5835
5701,5836
5702,5703
5702,5836
5702,5837
5703,5704
5703,5837
5703,5838
5704,5705
5704,5838
5704,5839
5705,5706
5705,5839
5705,5840
5706,5707
5706,5840
5706,5841
5707,5708
5707,5841
5707,5842
5708,5709
5708,5842
5708,5843
5709,5710
5709,5843
5709,5844
5710,5711
5710,5844
5710,5845
5711,5712
5711,5845
5711,5846
5712,5713
5712,5846
5712,5847
5713,5714
5713,5847
5713,5848
5714,5715
5714,5848
5714,5849
5715,5716
5715,5849
5715,5850
5716,5717
5716,5850
5716,5851
5717,5718
5717,5851
5717,5852
5718,5719
5718,5852
5718,5853
5719,5720
5719,5853
5719,5854
5720,5721
5720,5854
5720,5855
5721,5722
5721,5855
5721,5856
5722,5723
5722,5856
5722,5857
5723,5724
5723,5857
5723,5858
5724,5725
5724,5858
5724,5859
5725,5726
5725,5859
5725,5860
5726,5727
5726,5860
5726,5861
5727,5728
5727,5861
5727,5862
5728,5729
5728,5862
5728,5863
5729,5730
5729,5863
5729,5864
5730,5731
5730,5864
5730,5865
5731,5732
5731,5865
5731,5866
5732,5733
5732,5866
5732,5867
5733,5734
5733,5867
5733,5868
5734,5735
5734,5868
5734,5869
5735,5736
5735,5869
5735,5870
5736,5737
5736,5870
5736,5871
5737,5738
5737,5871
5737,5872
5738,5739
5738,5872
5738,5873
5739,5740
5739,5873
5739,5874
5740,5741
5740,5874
5740,5875
5741,5742
5741,5875
5741,5876
5742,5743
5742,5876
5742,5877
5743,5744
5743,5877
5743,5878
5744,5745
5744,5878
5744,5879
5745,5746
5745,5879
5745,5880
5746,5747
5746,5880
5746,5881
5747,5748
5747,5881
5747,5882
5748,5749
5748,5882
5748,5883
5749,5750
5749,5883
5749,5884
5750,5751
5750,5884
5750,5885
5751,5752
5751,5885
5751,5886
5752,5753
5752,5886
5752,5887
5753,5754
5753,5887
5753,5888
5754,5755
5754,5888
5754,5889
5755,5756
5755,5889
5755,5890
5756,5757
5756,5890
5756,5891
5757,5758
5757,5891
5757,5892
5758,5759
5758,5892
5758,5893
5759,5760
5759,5893
5759,5894
5760,5761
5760,5894
5760,5895
5761,5895
5762,5763
5762,5896
5762,5897
5763,5764
5763,5897
5763,5898
5764,5765
5764,5898
5764,5899
5765,5766
5765,5899
5765,5900
5766,5767
5766,5900
5766,5901
5767,5768
5767,5901
5767,5902
5768,5769
5768,5902
5768,5903
5769,5770
5769,5903
5769,5904
5770,5771
5770,5904
5770,5905
5771,5772
5771,5905
5771,5906
5772,5773
5772,5906
5772,5907
5773,5774
5773,5907
5773,5908
5774,5775
5774,5908
5774,5909
5775,5776
5775,5909
5775,5910
5776,5777
5776,5910
5776,5911
5777,5778
5777,5911
5777,5912
5778,5779
5778,5912
5778,5913
5779,5780
5779,5913
5779,5914
5780,5781
5780,5914
5780,5915
5781,5782
5781,5915
5781,5916
5782,5783
5782,5916
5782,5917
5783,5784
5783,5917
5783,5918
5784,5785
5784,5918
5784,5919
5785,5786
5785,5919
5785,5920
5786,5787
5786,5920
5786,5921
5787,5788
5787,5921
5787,5922
5788,5789
5788,5922
5788,5923
5789,5790
5789,5923
5789,5924
5790,5791
5790,5924
5790,5925
5791,5792
5791,5925
5791,5926
5792,5793
5792,5926
5792,5927
5793,5794
5793,5927
5793,5928
5794,5795
5794,5928
5794,5929
5795,5796
5795,5929
5795,5930
5796,5797
5796,5930
5796,5931
5797,5798
5797,5931
5797,5932
5798,5799
5798,5932
5798,5933
5799,5800
5799,5933
5799,5934
5800,5801
5800,5934
5800,5935
5801,5802
5801,5935
5801,5936
5802,5803
5802,5936
5802,5937
5803,5804
5803,5937
5803,5938
5804,5805
5804,5938
5804,5939
5805,5806
5805,5939
5805,5940
5806,5807
5806,5940
5806,5941
5807,5808
5807,5941
5807,5942
5808,5809
5808,5942
5808,5943
5809,5810
5809,5943
5809,5944
5810,5811
5810,5944
5810,5945
5811,5812
5811,5945
5811,5946
5812,5813
5812,5946
5812,5947
5813,5814
5813,5947
5813,5948
5814,5815
5814,5948
5814,5949
5815,5816
5815,5949
5815,5950
5816,5817
5816,5950
5816,5951
5817,5818
5817,5951
5817,5952
5818,5819
5818,5952
5818,5953
5819,5820
5819,5953
5819,5954
5820,5821
5820,5954
5820,5955
5821,5822
5821,5955
5821,5956
5822,5823
5822,5956
5822,5957
5823,5824
5823,5957
5823,5958
5824,5825
5824,5958
5824,5959
5825,5826
5825,5959
5825,5960
5826,5827
5826,5960
5826,5961
5827,5828
5827,5961
5827,5962
5828,5829
5828,5962
5828,5963
5829,5830
5829,5963
5829,5964
5830,5831
5830,5964
5830,5965
5831,5832
5831,5965
5831,5966
5832,5833
5832,5966
5832,5967
5833,5834
5833,5967
5833,5968
5834,5835
5834,5968
5834,5969
5835,5836
5835,5969
5835,5970
5836,5837
5836,5970
5836,5971
5837,5838
5837,5971
5837,5972
5838,5839
5838,5972
5838,5973
5839,5840
5839,5973
5839,5974
5840,5841
5840,5974
5840,5975
5841,5842
5841,5975
5841,5976
5842,5843
5842,5976
5842,5977
5843,5844
5843,5977
5843,5978
5844,5845
5844,5978
5844,5979
5845,5846
5845,5979
5845,5980
5846,5847
5846,5980
5846,5981
5847,5848
5847,5981
5847,5982
5848,5849
5848,5982
5848,5983
5849,5850
5849,5983
5849,5984
5850,5851
5850,5984
5850,5985
5851,5852
5851,5985
5851,5986
5852,5853
5852,5986
5852,5987
5853,5854
5853,5987
5853,5988
5854,5855
5854,5988
5854,5989
5855,5856
5855,5989
5855,5990
5856,5857
5856,5990
5856,5991
5857,5858
5857,5991
5857,5992
5858,5859
5858,5992
5858,5993
5859,5860
5859,5993
5859,5994
5860,5861
5860,5994
5860,5995
5861,5862
5861,5995
5861,5996
5862,5863
5862,5996
5862,5997
5863,5864
5863,5997
5863,5998
5864,5865
5864,5998
5864,5999
5865,5866
5865,5999
5865,6000
5866,5867
5866,6000
5866,6001
5867,5868
5867,6001
5867,6002
5868,5869
5868,6002
5868,6003
5869,5870
5869,6003
5869,6004
5870,5871
5870,6004
5870,6005
5871,5872
5871,6005
5871,6006
5872,5873
5872,6006
5872,6007
5873,5874
5873,6007
5873,6008
5874,5875
5874,6008
5874,6009
5875,5876
5875,6009
5875,6010
5876,5877
5876,6010
5876,6011
5877,5878
5877,6011
5877,6012
5878,5879
5878,6012
5878,6013
5879,5880
5879,6013
5879,6014
5880,5881
5880,6014
5880,6015
5881,5882
5881,6015
5881,6016
5882,5883
5882,6016
5882,6017
5883,5884
5883,6017
5883,6018
5884,5885
5884,6018
5884,6019
5885,5886
5885,6019
5885,6020
5886,5887
5886,6020
5886,6021
5887,5888
5887,6021
5887,6022
5888,5889
5888,6022
5888,6023
5889,5890
5889,6023
5889,6024
5890,5891
5890,6024
5890,6025
5891,5892
5891,6025
5891,6026
5892,5893
5892,6026
5892,6027
5893,5894
5893,6027
5893,6028
5894,5895
5894,6028
5894,6029
5895,6029
5896,5897
5896,6030
5896,6031
5897,5898
5897,6031
5897,6032
5898,5899
5898,6032
5898,6033
5899,5900
5899,6033
5899,6034
5900,5901
5900,6034
5900,6035
5901,5902
5901,6035
5901,6036
5902,5903
5902,6036
5902,6037
5903,5904
5903,6037
5903,6038
5904,5905
5904,6038
5904,6039
5905,5906
5905,6039
5905,6040
5906,5907
5906,6040
5906,6041
5907,5908
5907,6041
5907,6042
5908,5909
5908,6042
5908,6043
5909,5910
5909,6043
5909,6044
5910,5911
5910,6044
5910,6045
5911,5912
5911,6045
5911,6046
5912,5913
5912,6046
5912,6047
5913,5914
5913,6047
5913,6048
5914,5915
5914,6048
5914,6049
5915,5916
5915,6049
5915,6050
5916,5917
5916,6050
5916,6051
5917,5918
5917,6051
5917,6052
5918,5919
5918,6052
5918,6053
5919,5920
5919,6053
5919,6054
5920,5921
5920,6054
5920,6055
5921,5922
5921,6055
5921,6056
5922,5923
5922,6056
5922,6057
5923,5924
5923,6057
5923,6058
5924,5925
5924,6058
5924,6059
5925,5926
5925,6059
5925,6060
5926,5927
5926,6060
5926,6061
5927,5928
5927,6061
5927,6062
5928,5929
5928,6062
5928,6063
5929,5930
5929,6063
5929,6064
5930,5931
5930,6064
5930,6065
5931,5932
5931,6065
5931,6066
5932,5933
5932,6066
5932,6067
5933,5934
5933,6067
5933,6068
5934,5935
5934,6068
5934,6069
5935,5936
5935,6069
5935,6070
5936,5937
5936,6070
5936,6071
5937,5938
5937,6071
5937,6072
5938,5939
5938,6072
5938,6073
5939,5940
5939,6073
5939,6074
5940,5941
5940,6074
5940,6075
5941,5942
5941,6075
5941,6076
5942,5943
5942,6076
5942,6077
5943,5944
5943,6077
5943,6078
5944,5945
5944,6078
5944,6079
5945,5946
5945,6079
5945,6080
5946,5947
5946,6080
5946,6081
5947,5948
5947,6081
5947,6082
5948,5949
5948,6082
5948,6083
5949,5950
5949,6083
5949,6084
5950,5951
5950,6084
5950,6085
5951,5952
5951,6085
5951,6086
5952,5953
5952,6086
5952,6087
5953,5954
5953,6087
5953,6088
5954,5955
5954,6088
5954,6089
5955,5956
5955,6089
5955,6090
5956,5957
5956,6090
5956,6091
5957,5958
5957,6091
5957,6092
5958,5959
5958,6092
5958,6093
5959,5960
5959,6093
5959,6094
5960,5961
5960,6094
5960,6095
5961,5962
5961,6095
5961,6096
5962,5963
5962,6096
5962,6097
5963,5964
5963,6097
5963,6098
5964,5965
5964,6098
5964,6099
5965,5966
5965,6099
5965,6100
5966,5967
5966,6100
5966,6101
5967,5968
5967,6101
5967,6102
5968,5969
5968,6102
5968,6103
5969,5970
5969,6103
5969,6104
5970,5971
5970,6104
5970,6105
5971,5972
5971,6105
5971,6106
5972,5973
5972,6106
5972,6107
5973,5974
5973,6107
5973,6108
5974,5975
5974,6108
5974,6109
5975,5976
5975,6109
5975,6110
5976,5977
5976,6110
5976,6111
5977,5978
5977,6111
5977,6112
5978,5979
5978,6112
5978,6113
5979,5980
5979,6113
5979,6114
5980,5981
5980,6114
5980,6115
5981,5982
5981,6115
5981,6116
5982,5983
5982,6116
5982,6117
5983,5984
5983,6117
5983,6118
5984,5985
5984,6118
5984,6119
5985,5986
5985,6119
5985,6120
5986,5987
5986,6120
5986,6121
5987,5988
5987,6121
5987,6122
5988,5989
5988,6122
5988,6123
5989,5990
5989,6123
5989,6124
5990,5991
5990,6124
5990,6125
5991,5992
5991,6125
5991,6126
5992,5993
5992,6126
5992,6127
5993,5994
5993,6127
5993,6128
5994,5995
5994,6128
5994,6129
5995,5996
5995,6129
5995,6130
5996,5997
5996,6130
5996,6131
5997,5998
5997,6131
5997,6132
5998,5999
5998,6132
5998,6133
5999,6000
5999,6133
5999,6134
6000,6001
6000,6134
6000,6135
6001,6002
6001,6135
6001,6136
6002,6003
6002,6136
6002,6137
6003,6004
6003,6137
6003,6138
6004,6005
6004,6138
6004,6139
6005,6006
6005,6139
6005,6140
6006,6007
6006,6140
6006,6141
6007,6008
6007,6141
6007,6142
6008,6009
6008,6142
6008,6143
6009,6010
6009,6143
6009,6144
6010,6011
6010,6144
6010,6145
6011,6012
6011,6145
6011,6146
6012,6013
6012,6146
6012,6147
6013,6014
6013,6147
6013,6148
6014,6015
6014,6148
6014,6149
6015,6016
6015,6149
6015,6150
6016,6017
6016,6150
6016,6151
6017,6018
6017,6151
6017,6152
6018,6019
6018,6152
6018,6153
6019,6020
6019,6153
6019,6154
6020,6021
6020,6154
6020,6155
6021,6022
6021,6155
6021,6156
6022,6023
6022,6156
6022,6157
6023,6024
6023,6157
6023,6158
6024,6025
6024,6158
6024,6159
6025,6026
6025,6159
6025,6160
6026,6027
6026,6160
6026,6161
6027,6028
6027,6161
6027,6162
6028,6029
6028,6162
6028,6163
6029,6163
6030,6031
6030,6164
6030,6165
6031,6032
6031,6165
6031,6166
6032,6033
6032,6166
6032,6167
6033,6034
6033,6167
6033,6168
6034,6035
6034,6168
6034,6169
6035,6036
6035,6169
6035,6170
6036,6037
6036,6170
6036,6171
6037,6038
6037,6171
6037,6172
6038,6039
6038,6172
6038,6173
6039,6040
6039,6173
6039,6174
6040,6041
6040,6174
6040,6175
6041,6042
6041,6175
6041,6176
6042,6043
6042,6176
6042,6177
6043,6044
6043,6177
6043,6178
6044,6045
6044,6178
6044,6179
6045,6046
6045,6179
6045,6180
6046,6047
6046,6180
6046,6181
6047,6048
6047,6181
6047,6182
6048,6049
6048,6182
6048,6183
6049,6050
6049,6183
6049,6184
6050,6051
6050,6184
6050,6185
6051,6052
6051,6185
6051,6186
6052,6053
6052,6186
6052,6187
6053,6054
6053,6187
6053,6188
6054,6055
6054,6188
6054,6189
6055,6056
6055,6189
6055,6190
6056,6057
6056,6190
6056,6191
6057,6058
6057,6191
6057,6192
6058,6059
6058,6192
6058,6193
6059,6060
6059,6193
6059,6194
6060,6061
6060,6194
6060,6195
6061,6062
6061,6195
6061,6196
6062,6063
6062,6196
6062,6197
6063,6064
6063,6197
6063,6198
6064,6065
6064,6198
6064,6199
6065,6066
6065,6199
6065,6200
6066,6067
6066,6200
6066,6201
6067,6068
6067,6201
6067,6202
6068,6069
6068,6202
6068,6203
6069,6070
6069,6203
6069,6204
6070,6071
6070,6204
6070,6205
6071,6072
6071,6205
6071,6206
6072,6073
6072,6206
6072,6207
6073,6074
6073,6207
6073,6208
6074,6075
6074,6208
6074,6209
6075,6076
6075,6209
6075,6210
6076,6077
6076,6210
6076,6211
6077,6078
6077,6211
6077,6212
6078,6079
6078,6212
6078,6213
6079,6080
6079,6213
6079,6214
6080,6081
6080,6214
6080,6215
6081,6082
6081,6215
6081,6216
6082,6083
6082,6216
6082,6217
6083,6084
6083,6217
6083,6218
6084,6085
6084,6218
6084,6219
6085,6086
6085,6219
6085,6220
6086,6087
6086,6220
6086,6221
6087,6088
6087,6221
6087,6222
6088,6089
6088,6222
6088,6223
6089,6090
6089,6223
6089,6224
6090,6091
6090,6224
6090,6225
6091,6092
6091,6225
6091,6226
6092,6093
6092,6226
6092,6227
6093,6094
6093,6227
6093,6228
6094,6095
6094,6228
6094,6229
6095,6096
6095,6229
6095,6230
6096,6097
6096,6230
6096,6231
6097,6098
6097,6231
6097,6232
6098,6099
6098,6232
6098,6233
6099,6100
6099,6233
6099,6234
6100,6101
6100,6234
6100,6235
6101,6102
6101,6235
6101,6236
6102,6103
6102,6236
6102,6237
6103,6104
6103,6237
6103,6238
6104,6105
6104,6238
6104,6239
6105,6106
6105,6239
6105,6240
6106,6107
6106,6240
6106,6241
6107,6108
6107,6241
6107,6242
6108,6109
6108,6242
6108,6243
6109,6110
6109,6243
6109,6244
6110,6111
6110,6244
6110,6245
6111,6112
6111,6245
6111,6246
6112,6113
6112,6246
6112,6247
6113,6114
6113,6247
6113,6248
6114,6115
6114,6248
6114,6249
6115,6116
6115,6249
6115,6250
6116,6117
6116,6250
6116,6251
6117,6118
6117,6251
6117,6252
6118,6119
6118,6252
6118,6253
6119,6120
6119,6253
6119,6254
6120,6121
6120,6254
6120,6255
6121,6122
6121,6255
6121,6256
6122,6123
6122,6256
6122,6257
6123,6124
6123,6257
6123,6258
6124,6125
6124,6258
6124,6259
6125,6126
6125,6259
6125,6260
6126,6127
6126,6260
6126,6261
6127,6128
6127,6261
6127,6262
6128,6129
6128,6262
6128,6263
6129,6130
6129,6263
6129,6264
6130,6131
6130,6264
6130,6265
6131,6132
6131,6265
6131,6266
6132,6133
6132,6266
6132,6267
6133,6134
6133,6267
6133,6268
6134,6135
6134,6268
6134,6269
6135,6136
6135,6269
6135,6270
6136,6137
6136,6270
6136,6271
6137,6138
6137,6271
6137,6272
6138,6139
6138,6272
6138,6273
6139,6140
6139,6273
6139,6274
6140,6141
6140,6274
6140,6275
6141,6142
6141,6275
6141,6276
6142,6143
6142,6276
6142,6277
6143,6144
6143,6277
6143,6278
6144,6145
6144,6278
6144,6279
6145,6146
6145,6279
6145,6280
6146,6147
6146,6280
6146,6281
6147,6148
6147,6281
6147,6282
6148,6149
6148,6282
6148,6283
6149,6150
6149,6283
6149,6284
6150,6151
6150,6284
6150,6285
6151,6152
6151,6285
6151,6286
6152,6153
6152,6286
6152,6287
6153,6154
6153,6287
6153,6288
6154,6155
6154,6288
6154,6289
6155,6156
6155,6289
6155,6290
6156,6157
6156,6290
6156,6291
6157,6158
6157,6291
6157,6292
6158,6159
6158,6292
6158,6293
6159,6160
6159,6293
6159,6294
6160,6161
6160,6294
6160,6295
6161,6162
6161,6295
6161,6296
6162,6163
6162,6296
6162,6297
6163,6297
6164,6165
6164,6298
6164,6299
6165,6166
6165,6299
6165,6300
6166,6167
6166,6300
6166,6301
6167,6168
6167,6301
6167,6302
6168,6169
6168,6302
6168,6303
6169,6170
6169,6303
6169,6304
6170,6171
6170,6304
6170,6305
6171,6172
6171,6305
6171,6306
6172,6173
6172,6306
6172,6307
6173,6174
6173,6307
6173,6308
6174,6175
6174,6308
6174,6309
6175,6176
6175,6309
6175,6310
6176,6177
6176,6310
6176,6311
6177,6178
6177,6311
6177,6312
6178,6179
6178,6312
6178,6313
6179,6180
6179,6313
6179,6314
6180,6181
6180,6314
6180,6315
6181,6182
6181,6315
6181,6316
6182,6183
6182,6316
6182,6317
6183,6184
6183,6317
6183,6318
6184,6185
6184,6318
6184,6319
6185,6186
6185,6319
6185,6320
6186,6187
6186,6320
6186,6321
6187,6188
6187,6321
6187,6322
6188,6189
6188,6322
6188,6323
6189,6190
6189,6323
6189,6324
6190,6191
6190,6324
6190,6325
6191,6192
6191,6325
6191,6326
6192,6193
6192,6326
6192,6327
6193,6194
6193,6327
6193,6328
6194,6195
6194,6328
6194,6329
6195,6196
6195,6329
6195,6330
6196,6197
6196,6330
6196,6331
6197,6198
6197,6331
6197,6332
6198,6199
6198,6332
6198,6333
6199,6200
6199,6333
6199,6334
6200,6201
6200,6334
6200,6335
6201,6202
6201,6335
6201,6336
6202,6203
6202,6336
6202,6337
6203,6204
6203,6337
6203,6338
6204,6205
6204,6338
6204,6339
6205,6206
6205,6339
6205,6340
6206,6207
6206,6340
6206,6341
6207,6208
6207,6341
6207,6342
6208,6209
6208,6342
6208,6343
6209,6210
6209,6343
6209,6344
6210,6211
6210,6344
6210,6345
6211,6212
6211,6345
6211,6346
6212,6213
6212,6346
6212,6347
6213,6214
6213,6347
6213,6348
6214,6215
6214,6348
6214,6349
6215,6216
6215,6349
6215,6350
6216,6217
6216,6350
6216,6351
6217,6218
6217,6351
6217,6352
6218,6219
6218,6352
6218,6353
6219,6220
6219,6353
6219,6354
6220,6221
6220,6354
6220,6355
6221,6222
6221,6355
6221,6356
6222,6223
6222,6356
6222,6357
6223,6224
6223,6357
6223,6358
6224,6225
6224,6358
6224,6359
6225,6226
6225,6359
6225,6360
6226,6227
6226,6360
6226,6361
6227,6228
6227,6361
6227,6362
6228,6229
6228,6362
6228,6363
6229,6230
6229,6363
6229,6364
6230,6231
6230,6364
6230,6365
6231,6232
6231,6365
6231,6366
6232,6233
6232,6366
6232,6367
6233,6234
6233,6367
6233,6368
6234,6235
6234,6368
6234,6369
6235,6236
6235,6369
6235,6370
6236,6237
6236,6370
6236,6371
6237,6238
6237,6371
6237,6372
6238,6239
6238,6372
6238,6373
6239,6240
6239,6373
6239,6374
6240,6241
6240,6374
6240,6375
6241,6242
6241,6375
6241,6376
6242,6243
6242,6376
6242,6377
6243,6244
6243,6377
6243,6378
6244,6245
6244,6378
6244,6379
6245,6246
6245,6379
6245,6380
6246,6247
6246,6380
6246,6381
6247,6248
6247,6381
6247,6382
6248,6249
6248,6382
6248,6383
6249,6250
6249,6383
6249,6384
6250,6251
6250,6384
6250,6385
6251,6252
6251,6385
6251,6386
6252,6253
6252,6386
6252,6387
6253,6254
6253,6387
6253,6388
6254,6255
6254,6388
6254,6389
6255,6256
6255,6389
6255,6390
6256,6257
6256,6390
6256,6391
6257,6258
6257,6391
6257,6392
6258,6259
6258,6392
6258,6393
6259,6260
6259,6393
6259,6394
6260,6261
6260,6394
6260,6395
6261,6262
6261,6395
6261,6396
6262,6263
6262,6396
6262,6397
6263,6264
6263,6397
6263,6398
6264,6265
6264,6398
6264,6399
6265,6266
6265,6399
6265,6400
6266,6267
6266,6400
6266,6401
6267,6268
6267,6401
6267,6402
6268,6269
6268,6402
6268,6403
6269,6270
6269,6403
6269,6404
6270,6271
6270,6404
6270,6405
6271,6272
6271,6405
6271,6406
6272,6273
6272,6406
6272,6407
6273,6274
6273,6407
6273,6408
6274,6275
6274,6408
6274,6409
6275,6276
6275,6409
6275,6410
6276,6277
6276,6410
6276,6411
6277,6278
6277,6411
6277,6412
6278,6279
6278,6412
6278,6413
6279,6280
6279,6413
6279,6414
6280,6281
6280,6414
6280,6415
6281,6282
6281,6415
6281,6416
6282,6283
6282,6416
6282,6417
6283,6284
6283,6417
6283,6418
6284,6285
6284,6418
6284,6419
6285,6286
6285,6419
6285,6420
6286,6287
6286,6420
6286,6421
6287,6288
6287,6421
6287,6422
6288,6289
6288,6422
6288,6423
6289,6290
6289,6423
6289,6424
6290,6291
6290,6424
6290,6425
6291,6292
6291,6425
6291,6426
6292,6293
6292,6426
6292,6427
6293,6294
6293,6427
6293,6428
6294,6295
6294,6428
6294,6429
6295,6296
6295,6429
6295,6430
6296,6297
6296,6430
6296,6431
6297,6431
6298,6299
6298,6432
6298,6433
6299,6300
6299,6433
6299,6434
6300,6301
6300,6434
6300,6435
6301,6302
6301,6435
6301,6436
6302,6303
6302,6436
6302,6437
6303,6304
6303,6437
6303,6438
6304,6305
6304,6438
6304,6439
6305,6306
6305,6439
6305,6440
6306,6307
6306,6440
6306,6441
6307,6308
6307,6441
6307,6442
6308,6309
6308,6442
6308,6443
6309,6310
6309,6443
6309,6444
6310,6311
6310,6444
6310,6445
6311,6312
6311,6445
6311,6446
6312,6313
6312,6446
6312,6447
6313,6314
6313,6447
6313,6448
6314,6315
6314,6448
6314,6449
6315,6316
6315,6449
6315,6450
6316,6317
6316,6450
6316,6451
6317,6318
6317,6451
6317,6452
6318,6319
6318,6452
6318,6453
6319,6320
6319,6453
6319,6454
6320,6321
6320,6454
6320,6455
6321,6322
6321,6455
6321,6456
6322,6323
6322,6456
6322,6457
6323,6324
6323,6457
6323,6458
6324,6325
6324,6458
6324,6459
6325,6326
6325,6459
6325,6460
6326,6327
6326,6460
6326,6461
6327,6328
6327,6461
6327,6462
6328,6329
6328,6462
6328,6463
6329,6330
6329,6463
6329,6464
6330,6331
6330,6464
6330,6465
6331,6332
6331,6465
6331,6466
6332,6333
6332,6466
6332,6467
6333,6334
6333,6467
6333,6468
6334,6335
6334,6468
6334,6469
6335,6336
6335,6469
6335,6470
6336,6337
6336,6470
6336,6471
6337,6338
6337,6471
6337,6472
6338,6339
6338,6472
6338,6473
6339,6340
6339,6473
6339,6474
6340,6341
6340,6474
6340,6475
6341,6342
6341,6475
6341,6476
6342,6343
6342,6476
6342,6477
6343,6344
6343,6477
6343,6478
6344,6345
6344,6478
6344,6479
6345,6346
6345,6479
6345,6480
6346,6347
6346,6480
6346,6481
6347,6348
6347,6481
6347,6482
6348,6349
6348,6482
6348,6483
6349,6350
6349,6483
6349,6484
6350,6351
6350,6484
6350,6485
6351,6352
6351,6485
6351,6486
6352,6353
6352,6486
6352,6487
6353,6354
6353,6487
6353,6488
6354,6355
6354,6488
6354,6489
6355,6356
6355,6489
6355,6490
6356,6357
6356,6490
6356,6491
6357,6358
6357,6491
6357,6492
6358,6359
6358,6492
6358,6493
6359,6360
6359,6493
6359,6494
6360,6361
6360,6494
6360,6495
6361,6362
6361,6495
6361,6496
6362,6363
6362,6496
6362,6497
6363,6364
6363,6497
6363,6498
6364,6365
6364,6498
6364,6499
6365,6366
6365,6499
6365,6500
6366,6367
6366,6500
6366,6501
6367,6368
6367,6501
6367,6502
6368,6369
6368,6502
6368,6503
6369,6370
6369,6503
6369,6504
6370,6371
6370,6504
6370,6505
6371,6372
6371,6505
6371,6506
6372,6373
6372,6506
6372,6507
6373,6374
6373,6507
6373,6508
6374,6375
6374,6508
6374,6509
6375,6376
6375,6509
6375,6510
6376,6377
6376,6510
6376,6511
6377,6378
6377,6511
6377,6512
6378,6379
6378,6512
6378,6513
6379,6380
6379,6513
6379,6514
6380,6381
6380,6514
6380,6515
6381,6382
6381,6515
6381,6516
6382,6383
6382,6516
6382,6517
6383,6384
6383,6517
6383,6518
6384,6385
6384,6518
6384,6519
6385,6386
6385,6519
6385,6520
6386,6387
6386,6520
6386,6521
6387,6388
6387,6521
6387,6522
6388,6389
6388,6522
6388,6523
6389,6390
6389,6523
6389,6524
6390,6391
6390,6524
6390,6525
6391,6392
6391,6525
6391,6526
6392,6393
6392,6526
6392,6527
6393,6394
6393,6527
6393,6528
6394,6395
6394,6528
6394,6529
6395,6396
6395,6529
6395,6530
6396,6397
6396,6530
6396,6531
6397,6398
6397,6531
6397,6532
6398,6399
6398,6532
6398,6533
6399,6400
6399,6533
6399,6534
6400,6401
6400,6534
6400,6535
6401,6402
6401,6535
6401,6536
6402,6403
6402,6536
6402,6537
6403,6404
6403,6537
6403,6538
6404,6405
6404,6538
6404,6539
6405,6406
6405,6539
6405,6540
6406,6407
6406,6540
6406,6541
6407,6408
6407,6541
6407,6542
6408,6409
6408,6542
6408,6543
6409,6410
6409,6543
6409,6544
6410,6411
6410,6544
6410,6545
6411,6412
6411,6545
6411,6546
6412,6413
6412,6546
6412,6547
6413,6414
6413,6547
6413,6548
6414,6415
6414,6548
6414,6549
6415,6416
6415,6549
6415,6550
6416,6417
6416,6550
6416,6551
6417,6418
6417,6551
6417,6552
6418,6419
6418,6552
6418,6553
6419,6420
6419,6553
6419,6554
6420,6421
6420,6554
6420,6555
6421,6422
6421,6555
6421,6556
6422,6423
6422,6556
6422,6557
6423,6424
6423,6557
6423,6558
6424,6425
6424,6558
6424,6559
6425,6426
6425,6559
6425,6560
6426,6427
6426,6560
6426,6561
6427,6428
6427,6561
6427,6562
6428,6429
6428,6562
6428,6563
6429,6430
6429,6563
6429,6564
6430,6431
6430,6564
6430,6565
6431,6565
6432,6433
6432,6566
6432,6567
6433,6434
6433,6567
6433,6568
6434,6435
6434,6568
6434,6569
6435,6436
6435,6569
6435,6570
6436,6437
6436,6570
6436,6571
6437,6438
6437,6571
6437,6572
6438,6439
6438,6572
6438,6573
6439,6440
6439,6573
6439,6574
6440,6441
6440,6574
6440,6575
6441,6442
6441,6575
6441,6576
6442,6443
6442,6576
6442,6577
6443,6444
6443,6577
6443,6578
6444,6445
6444,6578
6444,6579
6445,6446
6445,6579
6445,6580
6446,6447
6446,6580
6446,6581
6447,6448
6447,6581
6447,6582
6448,6449
6448,6582
6448,6583
6449,6450
6449,6583
6449,6584
6450,6451
6450,6584
6450,6585
6451,6452
6451,6585
6451,6586
6452,6453
6452,6586
6452,6587
6453,6454
6453,6587
6453,6588
6454,6455
6454,6588
6454,6589
6455,6456
6455,6589
6455,6590
6456,6457
6456,6590
6456,6591
6457,6458
6457,6591
6457,6592
6458,6459
6458,6592
6458,6593
6459,6460
6459,6593
6459,6594
6460,6461
6460,6594
6460,6595
6461,6462
6461,6595
6461,6596
6462,6463
6462,6596
6462,6597
6463,6464
6463,6597
6463,6598
6464,6465
6464,6598
6464,6599
6465,6466
6465,6599
6465,6600
6466,6467
6466,6600
6466,6601
6467,6468
6467,6601
6467,6602
6468,6469
6468,6602
6468,6603
6469,6470
6469,6603
6469,6604
6470,6471
6470,6604
6470,6605
6471,6472
6471,6605
6471,6606
6472,6473
6472,6606
6472,6607
6473,6474
6473,6607
6473,6608
6474,6475
6474,6608
6474,6609
6475,6476
6475,6609
6475,6610
6476,6477
6476,6610
6476,6611
6477,6478
6477,6611
6477,6612
6478,6479
6478,6612
6478,6613
6479,6480
6479,6613
6479,6614
6480,6481
6480,6614
6480,6615
6481,6482
6481,6615
6481,6616
6482,6483
6482,6616
6482,6617
6483,6484
6483,6617
6483,6618
6484,6485
6484,6618
6484,6619
6485,6486
6485,6619
6485,6620
6486,6487
6486,6620
6486,6621
6487,6488
6487,6621
6487,6622
6488,6489
6488,6622
6488,6623
6489,6490
6489,6623
6489,6624
6490,6491
6490,6624
6490,6625
6491,6492
6491,6625
6491,6626
6492,6493
6492,6626
6492,6627
6493,6494
6493,6627
6493,6628
6494,6495
6494,6628
6494,6629
6495,6496
6495,6629
6495,6630
6496,6497
6496,6630
6496,6631
6497,6498
6497,6631
6497,6632
6498,6499
6498,6632
6498,6633
6499,6500
6499,6633
6499,6634
6500,6501
6500,6634
6500,6635
6501,6502
6501,6635
6501,6636
6502,6503
6502,6636
6502,6637
6503,6504
6503,6637
6503,6638
6504,6505
6504,6638
6504,6639
6505,6506
6505,6639
6505,6640
6506,6507
6506,6640
6506,6641
6507,6508
6507,6641
6507,6642
6508,6509
6508,6642
6508,6643
6509,6510
6509,6643
6509,6644
6510,6511
6510,6644
6510,6645
6511,6512
6511,6645
6511,6646
6512,6513
6512,6646
6512,6647
6513,6514
6513,6647
6513,6648
6514,6515
6514,6648
6514,6649
6515,6516
6515,6649
6515,6650
6516,6517
6516,6650
6516,6651
6517,6518
6517,6651
6517,6652
6518,6519
6518,6652
6518,6653
6519,6520
6519,6653
6519,6654
6520,6521
6520,6654
6520,6655
6521,6522
6521,6655
6521,6656
6522,6523
6522,6656
6522,6657
6523,6524
6523,6657
6523,6658
6524,6525
6524,6658
6524,6659
6525,6526
6525,6659
6525,6660
6526,6527
6526,6660
6526,6661
6527,6528
6527,6661
6527,6662
6528,6529
6528,6662
6528,6663
6529,6530
6529,6663
6529,6664
6530,6531
6530,6664
6530,6665
6531,6532
6531,6665
6531,6666
6532,6533
6532,6666
6532,6667
6533,6534
6533,6667
6533,6668
6534,6535
6534,6668
6534,6669
6535,6536
6535,6669
6535,6670
6536,6537
6536,6670
6536,6671
6537,6538
6537,6671
6537,6672
6538,6539
6538,6672
6538,6673
6539,6540
6539,6673
6539,6674
6540,6541
6540,6674
6540,6675
6541,6542
6541,6675
6541,6676
6542,6543
6542,6676
6542,6677
6543,6544
6543,6677
6543,6678
6544,6545
6544,6678
6544,6679
6545,6546
6545,6679
6545,6680
6546,6547
6546,6680
6546,6681
6547,6548
6547,6681
6547,6682
6548,6549
6548,6682
6548,6683
6549,6550
6549,6683
6549,6684
6550,6551
6550,6684
6550,6685
6551,6552
6551,6685
6551,6686
6552,6553
6552,6686
6552,6687
6553,6554
6553,6687
6553,6688
6554,6555
6554,6688
6554,6689
6555,6556
6555,6689
6555,6690
6556,6557
6556,6690
6556,6691
6557,6558
6557,6691
6557,6692
6558,6559
6558,6692
6558,6693
6559,6560
6559,6693
6559,6694
6560,6561
6560,6694
6560,6695
6561,6562
6561,6695
6561,6696
6562,6563
6562,6696
6562,6697
6563,6564
6563,6697
6563,6698
6564,6565
6564,6698
6564,6699
6565,6699
6566,6567
6566,6700
6566,6701
6567,6568
6567,6701
6567,6702
6568,6569
6568,6702
6568,6703
6569,6570
6569,6703
6569,6704
6570,6571
6570,6704
6570,6705
6571,6572
6571,6705
6571,6706
6572,6573
6572,6706
6572,6707
6573,6574
6573,6707
6573,6708
6574,6575
6574,6708
6574,6709
6575,6576
6575,6709
6575,6710
6576,6577
6576,6710
6576,6711
6577,6578
6577,6711
6577,6712
6578,6579
6578,6712
6578,6713
6579,6580
6579,6713
6579,6714
6580,6581
6580,6714
6580,6715
6581,6582
6581,6715
6581,6716
6582,6583
6582,6716
6582,6717
6583,6584
6583,6717
6583,6718
6584,6585
6584,6718
6584,6719
6585,6586
6585,6719
6585,6720
6586,6587
6586,6720
6586,6721
6587,6588
6587,6721
6587,6722
6588,6589
6588,6722
6588,6723
6589,6590
6589,6723
6589,6724
6590,6591
6590,6724
6590,6725
6591,6592
6591,6725
6591,6726
6592,6593
6592,6726
6592,6727
6593,6594
6593,6727
6593,6728
6594,6595
6594,6728
6594,6729
6595,6596
6595,6729
6595,6730
6596,6597
6596,6730
6596,6731
6597,6598
6597,6731
6597,6732
6598,6599
6598,6732
6598,6733
6599,6600
6599,6733
6599,6734
6600,6601
6600,6734
6600,6735
6601,6602
6601,6735
6601,6736
6602,6603
6602,6736
6602,6737
6603,6604
6603,6737
6603,6738
6604,6605
6604,6738
6604,6739
6605,6606
6605,6739
6605,6740
6606,6607
6606,6740
6606,6741
6607,6608
6607,6741
6607,6742
6608,6609
6608,6742
6608,6743
6609,6610
6609,6743
6609,6744
6610,6611
6610,6744
6610,6745
6611,6612
6611,6745
6611,6746
6612,6613
6612,6746
6612,6747
6613,6614
6613,6747
6613,6748
6614,6615
6614,6748
6614,6749
6615,6616
6615,6749
6615,6750
6616,6617
6616,6750
6616,6751
6617,6618
6617,6751
6617,6752
6618,6619
6618,6752
6618,6753
6619,6620
6619,6753
6619,6754
6620,6621
6620,6754
6620,6755
6621,6622
6621,6755
6621,6756
6622,6623
6622,6756
6622,6757
6623,6624
6623,6757
6623,6758
6624,6625
6624,6758
6624,6759
6625,6626
6625,6759
6625,6760
6626,6627
6626,6760
6626,6761
6627,6628
6627,6761
6627,6762
6628,6629
6628,6762
6628,6763
6629,6630
6629,6763
6629,6764
6630,6631
6630,6764
6630,6765
6631,6632
6631,6765
6631,6766
6632,6633
6632,6766
6632,6767
6633,6634
6633,6767
6633,6768
6634,6635
6634,6768
6634,6769
6635,6636
6635,6769
6635,6770
6636,6637
6636,6770
6636,6771
6637,6638
6637,6771
6637,6772
6638,6639
6638,6772
6638,6773
6639,6640
6639,6773
6639,6774
6640,6641
6640,6774
6640,6775
6641,6642
6641,6775
6641,6776
6642,6643
6642,6776
6642,6777
6643,6644
6643,6777
6643,6778
6644,6645
6644,6778
6644,6779
6645,6646
6645,6779
6645,6780
6646,6647
6646,6780
6646,6781
6647,6648
6647,6781
6647,6782
6648,6649
6648,6782
6648,6783
6649,6650
6649,6783
6649,6784
6650,6651
6650,6784
6650,6785
6651,6652
6651,6785
6651,6786
6652,6653
6652,6786
6652,6787
6653,6654
6653,6787
6653,6788
6654,6655
6654,6788
6654,6789
6655,6656
6655,6789
6655,6790
6656,6657
6656,6790
6656,6791
6657,6658
6657,6791
6657,6792
6658,6659
6658,6792
6658,6793
6659,6660
6659,6793
6659,6794
6660,6661
6660,6794
6660,6795
6661,6662
6661,6795
6661,6796
6662,6663
6662,6796
6662,6797
6663,6664
6663,6797
6663,6798
6664,6665
6664,6798
6664,6799
6665,6666
6665,6799
6665,6800
6666,6667
6666,6800
6666,6801
6667,6668
6667,6801
6667,6802
6668,6669
6668,6802
6668,6803
6669,6670
6669,6803
6669,6804
6670,6671
6670,6804
6670,6805
6671,6672
6671,6805
6671,6806
6672,6673
6672,6806
6672,6807
6673,6674
6673,6807
6673,6808
6674,6675
6674,6808
6674,6809
6675,6676
6675,6809
6675,6810
6676,6677
6676,6810
6676,6811
6677,6678
6677,6811
6677,6812
6678,6679
6678,6812
6678,6813
6679,6680
6679,6813
6679,6814
6680,6681
6680,6814
6680,6815
6681,6682
6681,6815
6681,6816
6682,6683
6682,6816
6682,6817
6683,6684
6683,6817
6683,6818
6684,6685
6684,6818
6684,6819
6685,6686
6685,6819
6685,6820
6686,6687
6686,6820
6686,6821
6687,6688
6687,6821
6687,6822
6688,6689
6688,6822
6688,6823
6689,6690
6689,6823
6689,6824
6690,6691
6690,6824
6690,6825
6691,6692
6691,6825
6691,6826
6692,6693
6692,6826
6692,6827
6693,6694
6693,6827
6693,6828
6694,6695
6694,6828
6694,6829
6695,6696
6695,6829
6695,6830
6696,6697
6696,6830
6696,6831
6697,6698
6697,6831
6697,6832
6698,6699
6698,6832
6698,6833
6699,6833
6700,6701
6700,6834
6700,6835
6701,6702
6701,6835
6701,6836
6702,6703
6702,6836
6702,6837
6703,6704
6703,6837
6703,6838
6704,6705
6704,6838
6704,6839
6705,6706
6705,6839
6705,6840
6706,6707
6706,6840
6706,6841
6707,6708
6707,6841
6707,6842
6708,6709
6708,6842
6708,6843
6709,6710
6709,6843
6709,6844
6710,6711
6710,6844
6710,6845
6711,6712
6711,6845
6711,6846
6712,6713
6712,6846
6712,6847
6713,6714
6713,6847
6713,6848
6714,6715
6714,6848
6714,6849
6715,6716
6715,6849
6715,6850
6716,6717
6716,6850
6716,6851
6717,6718
6717,6851
6717,6852
6718,6719
6718,6852
6718,6853
6719,6720
6719,6853
6719,6854
6720,6721
6720,6854
6720,6855
6721,6722
6721,6855
6721,6856
6722,6723
6722,6856
6722,6857
6723,6724
6723,6857
6723,6858
6724,6725
6724,6858
6724,6859
6725,6726
6725,6859
6725,6860
6726,6727
6726,6860
6726,6861
6727,6728
6727,6861
6727,6862
6728,6729
6728,6862
6728,6863
6729,6730
6729,6863
6729,6864
6730,6731
6730,6864
6730,6865
6731,6732
6731,6865
6731,6866
6732,6733
6732,6866
6732,6867
6733,6734
6733,6867
6733,6868
6734,6735
6734,6868
6734,6869
6735,6736
6735,6869
6735,6870
6736,6737
6736,6870
6736,6871
6737,6738
6737,6871
6737,6872
6738,6739
6738,6872
6738,6873
6739,6740
6739,6873
6739,6874
6740,6741
6740,6874
6740,6875
6741,6742
6741,6875
6741,6876
6742,6743
6742,6876
6742,6877
6743,6744
6743,6877
6743,6878
6744,6745
6744,6878
6744,6879
6745,6746
6745,6879
6745,6880
6746,6747
6746,6880
6746,6881
6747,6748
6747,6881
6747,6882
6748,6749
6748,6882
6748,6883
6749,6750
6749,6883
6749,6884
6750,6751
6750,6884
6750,6885
6751,6752
6751,6885
6751,6886
6752,6753
6752,6886
6752,6887
6753,6754
6753,6887
6753,6888
6754,6755
6754,6888
6754,6889
6755,6756
6755,6889
6755,6890
6756,6757
6756,6890
6756,6891
6757,6758
6757,6891
6757,6892
6758,6759
6758,6892
6758,6893
6759,6760
6759,6893
6759,6894
6760,6761
6760,6894
6760,6895
6761,6762
6761,6895
6761,6896
6762,6763
6762,6896
6762,6897
6763,6764
6763,6897
6763,6898
6764,6765
6764,6898
6764,6899
6765,6766
6765,6899
6765,6900
6766,6767
6766,6900
6766,6901
6767,6768
6767,6901
6767,6902
6768,6769
6768,6902
6768,6903
6769,6770
6769,6903
6769,6904
6770,6771
6770,6904
6770,6905
6771,6772
6771,6905
6771,6906
6772,6773
6772,6906
6772,6907
6773,6774
6773,6907
6773,6908
6774,6775
6774,6908
6774,6909
6775,6776
6775,6909
6775,6910
6776,6777
6776,6910
6776,6911
6777,6778
6777,6911
6777,6912
6778,6779
6778,6912
6778,6913
6779,6780
6779,6913
6779,6914
6780,6781
6780,6914
6780,6915
6781,6782
6781,6915
6781,6916
6782,6783
6782,6916
6782,6917
6783,6784
6783,6917
6783,6918
6784,6785
6784,6918
6784,6919
6785,6786
6785,6919
6785,6920
6786,6787
6786,6920
6786,6921
6787,6788
6787,6921
6787,6922
6788,6789
6788,6922
6788,6923
6789,6790
6789,6923
6789,6924
6790,6791
6790,6924
6790,6925
6791,6792
6791,6925
6791,6926
6792,6793
6792,6926
6792,6927
6793,6794
6793,6927
6793,6928
6794,6795
6794,6928
6794,6929
6795,6796
6795,6929
6795,6930
6796,6797
6796,6930
6796,6931
6797,6798
6797,6931
6797,6932
6798,6799
6798,6932
6798,6933
6799,6800
6799,6933
6799,6934
6800,6801
6800,6934
6800,6935
6801,6802
6801,6935
6801,6936
6802,6803
6802,6936
6802,6937
6803,6804
6803,6937
6803,6938
6804,6805
6804,6938
6804,6939
6805,6806
6805,6939
6805,6940
6806,6807
6806,6940
6806,6941
6807,6808
6807,6941
6807,6942
6808,6809
6808,6942
6808,6943
6809,6810
6809,6943
6809,6944
6810,6811
6810,6944
6810,6945
6811,6812
6811,6945
6811,6946
6812,6813
6812,6946
6812,6947
6813,6814
6813,6947
6813,6948
6814,6815
6814,6948
6814,6949
6815,6816
6815,6949
6815,6950
6816,6817
6816,6950
6816,6951
6817,6818
6817,6951
6817,6952
6818,6819
6818,6952
6818,6953
6819,6820
6819,6953
6819,6954
6820,6821
6820,6954
6820,6955
6821,6822
6821,6955
6821,6956
6822,6823
6822,6956
6822,6957
6823,6824
6823,6957
6823,6958
6824,6825
6824,6958
6824,6959
6825,6826
6825,6959
6825,6960
6826,6827
6826,6960
6826,6961
6827,6828
6827,6961
6827,6962
6828,6829
6828,6962
6828,6963
6829,6830
6829,6963
6829,6964
6830,6831
6830,6964
6830,6965
6831,6832
6831,6965
6831,6966
6832,6833
6832,6966
6832,6967
6833,6967
6834,6835
6834,6968
6834,6969
6835,6836
6835,6969
6835,6970
6836,6837
6836,6970
6836,6971
6837,6838
6837,6971
6837,6972
6838,6839
6838,6972
6838,6973
6839,6840
6839,6973
6839,6974
6840,6841
6840,6974
6840,6975
6841,6842
6841,6975
6841,6976
6842,6843
6842,6976
6842,6977
6843,6844
6843,6977
6843,6978
6844,6845
6844,6978
6844,6979
6845,6846
6845,6979
6845,6980
6846,6847
6846,6980
6846,6981
6847,6848
6847,6981
6847,6982
6848,6849
6848,6982
6848,6983
6849,6850
6849,6983
6849,6984
6850,6851
6850,6984
6850,6985
6851,6852
6851,6985
6851,6986
6852,6853
6852,6986
6852,6987
6853,6854
6853,6987
6853,6988
6854,6855
6854,6988
6854,6989
6855,6856
6855,6989
6855,6990
6856,6857
6856,6990
6856,6991
6857,6858
6857,6991
6857,6992
6858,6859
6858,6992
6858,6993
6859,6860
6859,6993
6859,6994
6860,6861
6860,6994
6860,6995
6861,6862
6861,6995
6861,6996
6862,6863
6862,6996
6862,6997
6863,6864
6863,6997
6863,6998
6864,6865
6864,6998
6864,6999
6865,6866
6865,6999
6865,7000
6866,6867
6866,7000
6866,7001
6867,6868
6867,7001
6867,7002
6868,6869
6868,7002
6868,7003
6869,6870
6869,7003
6869,7004
6870,6871
6870,7004
6870,7005
6871,6872
6871,7005
6871,7006
6872,6873
6872,7006
6872,7007
6873,6874
6873,7007
6873,7008
6874,6875
6874,7008
6874,7009
6875,6876
6875,7009
6875,7010
6876,6877
6876,7010
6876,7011
6877,6878
6877,7011
6877,7012
6878,6879
6878,7012
6878,7013
6879,6880
6879,7013
6879,7014
6880,6881
6880,7014
6880,7015
6881,6882
6881,7015
6881,7016
6882,6883
6882,7016
6882,7017
6883,6884
6883,7017
6883,7018
6884,6885
6884,7018
6884,7019
6885,6886
6885,7019
6885,7020
6886,6887
6886,7020
6886,7021
6887,6888
6887,7021
6887,7022
6888,6889
6888,7022
6888,7023
6889,6890
6889,7023
6889,7024
6890,6891
6890,7024
6890,7025
6891,6892
6891,7025
6891,7026
6892,6893
6892,7026
6892,7027
6893,6894
6893,7027
6893,7028
6894,6895
6894,7028
6894,7029
6895,6896
6895,7029
6895,7030
6896,6897
6896,7030
6896,7031
6897,6898
6897,7031
6897,7032
6898,6899
6898,7032
6898,7033
6899,6900
6899,7033
6899,7034
6900,6901
6900,7034
6900,7035
6901,6902
6901,7035
6901,7036
6902,6903
6902,7036
6902,7037
6903,6904
6903,7037
6903,7038
6904,6905
6904,7038
6904,7039
6905,6906
6905,7039
6905,7040
6906,6907
6906,7040
6906,7041
6907,6908
6907,7041
6907,7042
6908,6909
6908,7042
6908,7043
6909,6910
6909,7043
6909,7044
6910,6911
6910,7044
6910,7045
6911,6912
6911,7045
6911,7046
6912,6913
6912,7046
6912,7047
6913,6914
6913,7047
6913,7048
6914,6915
6914,7048
6914,7049
6915,6916
6915,7049
6915,7050
6916,6917
6916,7050
6916,7051
6917,6918
6917,7051
6917,7052
6918,6919
6918,7052
6918,7053
6919,6920
6919,7053
6919,7054
6920,6921
6920,7054
6920,7055
6921,6922
6921,7055
6921,7056
6922,6923
6922,7056
6922,7057
6923,6924
6923,7057
6923,7058
6924,6925
6924,7058
6924,7059
6925,6926
6925,7059
6925,7060
6926,6927
6926,7060
6926,7061
6927,6928
6927,7061
6927,7062
6928,6929
6928,7062
6928,7063
6929,6930
6929,7063
6929,7064
6930,6931
6930,7064
6930,7065
6931,6932
6931,7065
6931,7066
6932,6933
6932,7066
6932,7067
6933,6934
6933,7067
6933,7068
6934,6935
6934,7068
6934,7069
6935,6936
6935,7069
6935,7070
6936,6937
6936,7070
6936,7071
6937,6938
6937,7071
6937,7072
6938,6939
6938,7072
6938,7073
6939,6940
6939,7073
6939,7074
6940,6941
6940,7074
6940,7075
6941,6942
6941,7075
6941,7076
6942,6943
6942,7076
6942,7077
6943,6944
6943,7077
6943,7078
6944,6945
6944,7078
6944,7079
6945,6946
6945,7079
6945,7080
6946,6947
6946,7080
6946,7081
6947,6948
6947,7081
6947,7082
6948,6949
6948,7082
6948,7083
6949,6950
6949,7083
6949,7084
6950,6951
6950,7084
6950,7085
6951,6952
6951,7085
6951,7086
6952,6953
6952,7086
6952,7087
6953,6954
6953,7087
6953,7088
6954,6955
6954,7088
6954,7089
6955,6956
6955,7089
6955,7090
6956,6957
6956,7090
6956,7091
6957,6958
6957,7091
6957,7092
6958,6959
6958,7092
6958,7093
6959,6960
6959,7093
6959,7094
6960,6961
6960,7094
6960,7095
6961,6962
6961,7095
6961,7096
6962,6963
6962,7096
6962,7097
6963,6964
6963,7097
6963,7098
6964,6965
6964,7098
6964,7099
6965,6966
6965,7099
6965,7100
6966,6967
6966,7100
6966,7101
6967,7101
6968,6969
6968,7102
6968,7103
6969,6970
6969,7103
6969,7104
6970,6971
6970,7104
6970,7105
6971,6972
6971,7105
6971,7106
6972,6973
6972,7106
6972,7107
6973,6974
6973,7107
6973,7108
6974,6975
6974,7108
6974,7109
6975,6976
6975,7109
6975,7110
6976,6977
6976,7110
6976,7111
6977,6978
6977,7111
6977,7112
6978,6979
6978,7112
6978,7113
6979,6980
6979,7113
6979,7114
6980,6981
6980,7114
6980,7115
6981,6982
6981,7115
6981,7116
6982,6983
6982,7116
6982,7117
6983,6984
6983,7117
6983,7118
6984,6985
6984,7118
6984,7119
6985,6986
6985,7119
6985,7120
6986,6987
6986,7120
6986,7121
6987,6988
6987,7121
6987,7122
6988,6989
6988,7122
6988,7123
6989,6990
6989,7123
6989,7124
6990,6991
6990,7124
6990,7125
6991,6992
6991,7125
6991,7126
6992,6993
6992,7126
6992,7127
6993,6994
6993,7127
6993,7128
6994,6995
6994,7128
6994,7129
6995,6996
6995,7129
6995,7130
6996,6997
6996,7130
6996,7131
6997,6998
6997,7131
6997,7132
6998,6999
6998,7132
6998,7133
6999,7000
6999,7133
6999,7134
7000,7001
7000,7134
7000,7135
7001,7002
7001,7135
7001,7136
7002,7003
7002,7136
7002,7137
7003,7004
7003,7137
7003,7138
7004,7005
7004,7138
7004,7139
7005,7006
7005,7139
7005,7140
7006,7007
7006,7140
7006,7141
7007,7008
7007,7141
7007,7142
7008,7009
7008,7142
7008,7143
7009,7010
7009,7143
7009,7144
7010,7011
7010,7144
7010,7145
7011,7012
7011,7145
7011,7146
7012,7013
7012,7146
7012,7147
7013,7014
7013,7147
7013,7148
7014,7015
7014,7148
7014,7149
7015,7016
7015,7149
7015,7150
7016,7017
7016,7150
7016,7151
7017,7018
7017,7151
7017,7152
7018,7019
7018,7152
7018,7153
7019,7020
7019,7153
7019,7154
7020,7021
7020,7154
7020,7155
7021,7022
7021,7155
7021,7156
7022,7023
7022,7156
7022,7157
7023,7024
7023,7157
7023,7158
7024,7025
7024,7158
7024,7159
7025,7026
7025,7159
7025,7160
7026,7027
7026,7160
7026,7161
7027,7028
7027,7161
7027,7162
7028,7029
7028,7162
7028,7163
7029,7030
7029,7163
7029,7164
7030,7031
7030,7164
7030,7165
7031,7032
7031,7165
7031,7166
7032,7033
7032,7166
7032,7167
7033,7034
7033,7167
7033,7168
7034,7035
7034,7168
7034,7169
7035,7036
7035,7169
7035,7170
7036,7037
7036,7170
7036,7171
7037,7038
7037,7171
7037,7172
7038,7039
7038,7172
7038,7173
7039,7040
7039,7173
7039,7174
7040,7041
7040,7174
7040,7175
7041,7042
7041,7175
7041,7176
7042,7043
7042,7176
7042,7177
7043,7044
7043,7177
7043,7178
7044,7045
7044,7178
7044,7179
7045,7046
7045,7179
7045,7180
7046,7047
7046,7180
7046,7181
7047,7048
7047,7181
7047,7182
7048,7049
7048,7182
7048,7183
7049,7050
7049,7183
7049,7184
7050,7051
7050,7184
7050,7185
7051,7052
7051,7185
7051,7186
7052,7053
7052,7186
7052,7187
7053,7054
7053,7187
7053,7188
7054,7055
7054,7188
7054,7189
7055,7056
7055,7189
7055,7190
7056,7057
7056,7190
7056,7191
7057,7058
7057,7191
7057,7192
7058,7059
7058,7192
7058,7193
7059,7060
7059,7193
7059,7194
7060,7061
7060,7194
7060,7195
7061,7062
7061,7195
7061,7196
7062,7063
7062,7196
7062,7197
7063,7064
7063,7197
7063,7198
7064,7065
7064,7198
7064,7199
7065,7066
7065,7199
7065,7200
7066,7067
7066,7200
7066,7201
7067,7068
7067,7201
7067,7202
7068,7069
7068,7202
7068,7203
7069,7070
7069,7203
7069,7204
7070,7071
7070,7204
7070,7205
7071,7072
7071,7205
7071,7206
7072,7073
7072,7206
7072,7207
7073,7074
7073,7207
7073,7208
7074,7075
7074,7208
7074,7209
7075,7076
7075,7209
7075,7210
7076,7077
7076,7210
7076,7211
7077,7078
7077,7211
7077,7212
7078,7079
7078,7212
7078,7213
7079,7080
7079,7213
7079,7214
7080,7081
7080,7214
7080,7215
7081,7082
7081,7215
7081,7216
7082,7083
7082,7216
7082,7217
7083,7084
7083,7217
7083,7218
7084,7085
7084,7218
7084,7219
7085,7086
7085,7219
7085,7220
7086,7087
7086,7220
7086,7221
7087,7088
7087,7221
7087,7222
7088,7089
7088,7222
7088,7223
7089,7090
7089,7223
7089,7224
7090,7091
7090,7224
7090,7225
7091,7092
7091,7225
7091,7226
7092,7093
7092,7226
7092,7227
7093,7094
7093,7227
7093,7228
7094,7095
7094,7228
7094,7229
7095,7096
7095,7229
7095,7230
7096,7097
7096,7230
7096,7231
7097,7098
7097,7231
7097,7232
7098,7099
7098,7232
7098,7233
7099,7100
7099,7233
7099,7234
7100,7101
7100,7234
7100,7235
7101,7235
7102,7103
7102,7236
7102,7237
7103,7104
7103,7237
7103,7238
7104,7105
7104,7238
7104,7239
7105,7106
7105,7239
7105,7240
7106,7107
7106,7240
7106,7241
7107,7108
7107,7241
7107,7242
7108,7109
7108,7242
7108,7243
7109,7110
7109,7243
7109,7244
7110,7111
7110,7244
7110,7245
7111,7112
7111,7245
7111,7246
7112,7113
7112,7246
7112,7247
7113,7114
7113,7247
7113,7248
7114,7115
7114,7248
7114,7249
7115,7116
7115,7249
7115,7250
7116,7117
7116,7250
7116,7251
7117,7118
7117,7251
7117,7252
7118,7119
7118,7252
7118,7253
7119,7120
7119,7253
7119,7254
7120,7121
7120,7254
7120,7255
7121,7122
7121,7255
7121,7256
7122,7123
7122,7256
7122,7257
7123,7124
7123,7257
7123,7258
7124,7125
7124,7258
7124,7259
7125,7126
7125,7259
7125,7260
7126,7127
7126,7260
7126,7261
7127,7128
7127,7261
7127,7262
7128,7129
7128,7262
7128,7263
7129,7130
7129,7263
7129,7264
7130,7131
7130,7264
7130,7265
7131,7132
7131,7265
7131,7266
7132,7133
7132,7266
7132,7267
7133,7134
7133,7267
7133,7268
7134,7135
7134,7268
7134,7269
7135,7136
7135,7269
7135,7270
7136,7137
7136,7270
7136,7271
7137,7138
7137,7271
7137,7272
7138,7139
7138,7272
7138,7273
7139,7140
7139,7273
7139,7274
7140,7141
7140,7274
7140,7275
7141,7142
7141,7275
7141,7276
7142,7143
7142,7276
7142,7277
7143,7144
7143,7277
7143,7278
7144,7145
7144,7278
7144,7279
7145,7146
7145,7279
7145,7280
7146,7147
7146,7280
7146,7281
7147,7148
7147,7281
7147,7282
7148,7149
7148,7282
7148,7283
7149,7150
7149,7283
7149,7284
7150,7151
7150,7284
7150,7285
7151,7152
7151,7285
7151,7286
7152,7153
7152,7286
7152,7287
7153,7154
7153,7287
7153,7288
7154,7155
7154,7288
7154,7289
7155,7156
7155,7289
7155,7290
7156,7157
7156,7290
7156,7291
7157,7158
7157,7291
7157,7292
7158,7159
7158,7292
7158,7293
7159,7160
7159,7293
7159,7294
7160,7161
7160,7294
7160,7295
7161,7162
7161,7295
7161,7296
7162,7163
7162,7296
7162,7297
7163,7164
7163,7297
7163,7298
7164,7165
7164,7298
7164,7299
7165,7166
7165,7299
7165,7300
7166,7167
7166,7300
7166,7301
7167,7168
7167,7301
7167,7302
7168,7169
7168,7302
7168,7303
7169,7170
7169,7303
7169,7304
7170,7171
7170,7304
7170,7305
7171,7172
7171,7305
7171,7306
7172,7173
7172,7306
7172,7307
7173,7174
7173,7307
7173,7308
7174,7175
7174,7308
7174,7309
7175,7176
7175,7309
7175,7310
7176,7177
7176,7310
7176,7311
7177,7178
7177,7311
7177,7312
7178,7179
7178,7312
7178,7313
7179,7180
7179,7313
7179,7314
7180,7181
7180,7314
7180,7315
7181,7182
7181,7315
7181,7316
7182,7183
7182,7316
7182,7317
7183,7184
7183,7317
7183,7318
7184,7185
7184,7318
7184,7319
7185,7186
7185,7319
7185,7320
7186,7187
7186,7320
7186,7321
7187,7188
7187,7321
7187,7322
7188,7189
7188,7322
7188,7323
7189,7190
7189,7323
7189,7324
7190,7191
7190,7324
7190,7325
7191,7192
7191,7325
7191,7326
7192,7193
7192,7326
7192,7327
7193,7194
7193,7327
7193,7328
7194,7195
7194,7328
7194,7329
7195,7196
7195,7329
7195,7330
7196,7197
7196,7330
7196,7331
7197,7198
7197,7331
7197,7332
7198,7199
7198,7332
7198,7333
7199,7200
7199,7333
7199,7334
7200,7201
7200,7334
7200,7335
7201,7202
7201,7335
7201,7336
7202,7203
7202,7336
7202,7337
7203,7204
7203,7337
7203,7338
7204,7205
7204,7338
7204,7339
7205,7206
7205,7339
7205,7340
7206,7207
7206,7340
7206,7341
7207,7208
7207,7341
7207,7342
7208,7209
7208,7342
7208,7343
7209,7210
7209,7343
7209,7344
7210,7211
7210,7344
7210,7345
7211,7212
7211,7345
7211,7346
7212,7213
7212,7346
7212,7347
7213,7214
7213,7347
7213,7348
7214,7215
7214,7348
7214,7349
7215,7216
7215,7349
7215,7350
7216,7217
7216,7350
7216,7351
7217,7218
7217,7351
7217,7352
7218,7219
7218,7352
7218,7353
7219,7220
7219,7353
7219,7354
7220,7221
7220,7354
7220,7355
7221,7222
7221,7355
7221,7356
7222,7223
7222,7356
7222,7357
7223,7224
7223,7357
7223,7358
7224,7225
7224,7358
7224,7359
7225,7226
7225,7359
7225,7360
7226,7227
7226,7360
7226,7361
7227,7228
7227,7361
7227,7362
7228,7229
7228,7362
7228,7363
7229,7230
7229,7363
7229,7364
7230,7231
7230,7364
7230,7365
7231,7232
7231,7365
7231,7366
7232,7233
7232,7366
7232,7367
7233,7234
7233,7367
7233,7368
7234,7235
7234,7368
7234,7369
7235,7369
7236,7237
7236,7370
7236,7371
7237,7238
7237,7371
7237,7372
7238,7239
7238,7372
7238,7373
7239,7240
7239,7373
7239,7374
7240,7241
7240,7374
7240,7375
7241,7242
7241,7375
7241,7376
7242,7243
7242,7376
7242,7377
7243,7244
7243,7377
7243,7378
7244,7245
7244,7378
7244,7379
7245,7246
7245,7379
7245,7380
7246,7247
7246,7380
7246,7381
7247,7248
7247,7381
7247,7382
7248,7249
7248,7382
7248,7383
7249,7250
7249,7383
7249,7384
7250,7251
7250,7384
7250,7385
7251,7252
7251,7385
7251,7386
7252,7253
7252,7386
7252,7387
7253,7254
7253,7387
7253,7388
7254,7255
7254,7388
7254,7389
7255,7256
7255,7389
7255,7390
7256,7257
7256,7390
7256,7391
7257,7258
7257,7391
7257,7392
7258,7259
7258,7392
7258,7393
7259,7260
7259,7393
7259,7394
7260,7261
7260,7394
7260,7395
7261,7262
7261,7395
7261,7396
7262,7263
7262,7396
7262,7397
7263,7264
7263,7397
7263,7398
7264,7265
7264,7398
7264,7399
7265,7266
7265,7399
7265,7400
7266,7267
7266,7400
7266,7401
7267,7268
7267,7401
7267,7402
7268,7269
7268,7402
7268,7403
7269,7270
7269,7403
7269,7404
7270,7271
7270,7404
7270,7405
7271,7272
7271,7405
7271,7406
7272,7273
7272,7406
7272,7407
7273,7274
7273,7407
7273,7408
7274,7275
7274,7408
7274,7409
7275,7276
7275,7409
7275,7410
7276,7277
7276,7410
7276,7411
7277,7278
7277,7411
7277,7412
7278,7279
7278,7412
7278,7413
7279,7280
7279,7413
7279,7414
7280,7281
7280,7414
7280,7415
7281,7282
7281,7415
7281,7416
7282,7283
7282,7416
7282,7417
7283,7284
7283,7417
7283,7418
7284,7285
7284,7418
7284,7419
7285,7286
7285,7419
7285,7420
7286,7287
7286,7420
7286,7421
7287,7288
7287,7421
7287,7422
7288,7289
7288,7422
7288,7423
7289,7290
7289,7423
7289,7424
7290,7291
7290,7424
7290,7425
7291,7292
7291,7425
7291,7426
7292,7293
7292,7426
7292,7427
7293,7294
7293,7427
7293,7428
7294,7295
7294,7428
7294,7429
7295,7296
7295,7429
7295,7430
7296,7297
7296,7430
7296,7431
7297,7298
7297,7431
7297,7432
7298,7299
7298,7432
7298,7433
7299,7300
7299,7433
7299,7434
7300,7301
7300,7434
7300,7435
7301,7302
7301,7435
7301,7436
7302,7303
7302,7436
7302,7437
7303,7304
7303,7437
7303,7438
7304,7305
7304,7438
7304,7439
7305,7306
7305,7439
7305,7440
7306,7307
7306,7440
7306,7441
7307,7308
7307,7441
7307,7442
7308,7309
7308,7442
7308,7443
7309,7310
7309,7443
7309,7444
7310,7311
7310,7444
7310,7445
7311,7312
7311,7445
7311,7446
7312,7313
7312,7446
7312,7447
7313,7314
7313,7447
7313,7448
7314,7315
7314,7448
7314,7449
7315,7316
7315,7449
7315,7450
7316,7317
7316,7450
7316,7451
7317,7318
7317,7451
7317,7452
7318,7319
7318,7452
7318,7453
7319,7320
7319,7453
7319,7454
7320,7321
7320,7454
7320,7455
7321,7322
7321,7455
7321,7456
7322,7323
7322,7456
7322,7457
7323,7324
7323,7457
7323,7458
7324,7325
7324,7458
7324,7459
7325,7326
7325,7459
7325,7460
7326,7327
7326,7460
7326,7461
7327,7328
7327,7461
7327,7462
7328,7329
7328,7462
7328,7463
7329,7330
7329,7463
7329,7464
7330,7331
7330,7464
7330,7465
7331,7332
7331,7465
7331,7466
7332,7333
7332,7466
7332,7467
7333,7334
7333,7467
7333,7468
7334,7335
7334,7468
7334,7469
7335,7336
7335,7469
7335,7470
7336,7337
7336,7470
7336,7471
7337,7338
7337,7471
7337,7472
7338,7339
7338,7472
7338,7473
7339,7340
7339,7473
7339,7474
7340,7341
7340,7474
7340,7475
7341,7342
7341,7475
7341,7476
7342,7343
7342,7476
7342,7477
7343,7344
7343,7477
7343,7478
7344,7345
7344,7478
7344,7479
7345,7346
7345,7479
7345,7480
7346,7347
7346,7480
7346,7481
7347,7348
7347,7481
7347,7482
7348,7349
7348,7482
7348,7483
7349,7350
7349,7483
7349,7484
7350,7351
7350,7484
7350,7485
7351,7352
7351,7485
7351,7486
7352,7353
7352,7486
7352,7487
7353,7354
7353,7487
7353,7488
7354,7355
7354,7488
7354,7489
7355,7356
7355,7489
7355,7490
7356,7357
7356,7490
7356,7491
7357,7358
7357,7491
7357,7492
7358,7359
7358,7492
7358,7493
7359,7360
7359,7493
7359,7494
7360,7361
7360,7494
7360,7495
7361,7362
7361,7495
7361,7496
7362,7363
7362,7496
7362,7497
7363,7364
7363,7497
7363,7498
7364,7365
7364,7498
7364,7499
7365,7366
7365,7499
7365,7500
7366,7367
7366,7500
7366,7501
7367,7368
7367,7501
7367,7502
7368,7369
7368,7502
7368,7503
7369,7503
7370,7371
7370,7504
7370,7505
7371,7372
7371,7505
7371,7506
7372,7373
7372,7506
7372,7507
7373,7374
7373,7507
7373,7508
7374,7375
7374,7508
7374,7509
7375,7376
7375,7509
7375,7510
7376,7377
7376,7510
7376,7511
7377,7378
7377,7511
7377,7512
7378,7379
7378,7512
7378,7513
7379,7380
7379,7513
7379,7514
7380,7381
7380,7514
7380,7515
7381,7382
7381,7515
7381,7516
7382,7383
7382,7516
7382,7517
7383,7384
7383,7517
7383,7518
7384,7385
7384,7518
7384,7519
7385,7386
7385,7519
7385,7520
7386,7387
7386,7520
7386,7521
7387,7388
7387,7521
7387,7522
7388,7389
7388,7522
7388,7523
7389,7390
7389,7523
7389,7524
7390,7391
7390,7524
7390,7525
7391,7392
7391,7525
7391,7526
7392,7393
7392,7526
7392,7527
7393,7394
7393,7527
7393,7528
7394,7395
7394,7528
7394,7529
7395,7396
7395,7529
7395,7530
7396,7397
7396,7530
7396,7531
7397,7398
7397,7531
7397,7532
7398,7399
7398,7532
7398,7533
7399,7400
7399,7533
7399,7534
7400,7401
7400,7534
7400,7535
7401,7402
7401,7535
7401,7536
7402,7403
7402,7536
7402,7537
7403,7404
7403,7537
7403,7538
7404,7405
7404,7538
7404,7539
7405,7406
7405,7539
7405,7540
7406,7407
7406,7540
7406,7541
7407,7408
7407,7541
7407,7542
7408,7409
7408,7542
7408,7543
7409,7410
7409,7543
7409,7544
7410,7411
7410,7544
7410,7545
7411,7412
7411,7545
7411,7546
7412,7413
7412,7546
7412,7547
7413,7414
7413,7547
7413,7548
7414,7415
7414,7548
7414,7549
7415,7416
7415,7549
7415,7550
7416,7417
7416,7550
7416,7551
7417,7418
7417,7551
7417,7552
7418,7419
7418,7552
7418,7553
7419,7420
7419,7553
7419,7554
7420,7421
7420,7554
7420,7555
7421,7422
7421,7555
7421,7556
7422,7423
7422,7556
7422,7557
7423,7424
7423,7557
7423,7558
7424,7425
7424,7558
7424,7559
7425,7426
7425,7559
7425,7560
7426,7427
7426,7560
7426,7561
7427,7428
7427,7561
7427,7562
7428,7429
7428,7562
7428,7563
7429,7430
7429,7563
7429,7564
7430,7431
7430,7564
7430,7565
7431,7432
7431,7565
7431,7566
7432,7433
7432,7566
7432,7567
7433,7434
7433,7567
7433,7568
7434,7435
7434,7568
7434,7569
7435,7436
7435,7569
7435,7570
7436,7437
7436,7570
7436,7571
7437,7438
7437,7571
7437,7572
7438,7439
7438,7572
7438,7573
7439,7440
7439,7573
7439,7574
7440,7441
7440,7574
7440,7575
7441,7442
7441,7575
7441,7576
7442,7443
7442,7576
7442,7577
7443,7444
7443,7577
7443,7578
7444,7445
7444,7578
7444,7579
7445,7446
7445,7579
7445,7580
7446,7447
7446,7580
7446,7581
7447,7448
7447,7581
7447,7582
7448,7449
7448,7582
7448,7583
7449,7450
7449,7583
7449,7584
7450,7451
7450,7584
7450,7585
7451,7452
7451,7585
7451,7586
7452,7453
7452,7586
7452,7587
7453,7454
7453,7587
7453,7588
7454,7455
7454,7588
7454,7589
7455,7456
7455,7589
7455,7590
7456,7457
7456,7590
7456,7591
7457,7458
7457,7591
7457,7592
7458,7459
7458,7592
7458,7593
7459,7460
7459,7593
7459,7594
7460,7461
7460,7594
7460,7595
7461,7462
7461,7595
7461,7596
7462,7463
7462,7596
7462,7597
7463,7464
7463,7597
7463,7598
7464,7465
7464,7598
7464,7599
7465,7466
7465,7599
7465,7600
7466,7467
7466,7600
7466,7601
7467,7468
7467,7601
7467,7602
7468,7469
7468,7602
7468,7603
7469,7470
7469,7603
7469,7604
7470,7471
7470,7604
7470,7605
7471,7472
7471,7605
7471,7606
7472,7473
7472,7606
7472,7607
7473,7474
7473,7607
7473,7608
7474,7475
7474,7608
7474,7609
7475,7476
7475,7609
7475,7610
7476,7477
7476,7610
7476,7611
7477,7478
7477,7611
7477,7612
7478,7479
7478,7612
7478,7613
7479,7480
7479,7613
7479,7614
7480,7481
7480,7614
7480,7615
7481,7482
7481,7615
7481,7616
7482,7483
7482,7616
7482,7617
7483,7484
7483,7617
7483,7618
7484,7485
7484,7618
7484,7619
7485,7486
7485,7619
7485,7620
7486,7487
7486,7620
7486,7621
7487,7488
7487,7621
7487,7622
7488,7489
7488,7622
7488,7623
7489,7490
7489,7623
7489,7624
7490,7491
7490,7624
7490,7625
7491,7492
7491,7625
7491,7626
7492,7493
7492,7626
7492,7627
7493,7494
7493,7627
7493,7628
7494,7495
7494,7628
7494,7629
7495,7496
7495,7629
7495,7630
7496,7497
7496,7630
7496,7631
7497,7498
7497,7631
7497,7632
7498,7499
7498,7632
7498,7633
7499,7500
7499,7633
7499,7634
7500,7501
7500,7634
7500,7635
7501,7502
7501,7635
7501,7636
7502,7503
7502,7636
7502,7637
7503,7637
7504,7505
7504,7638
7504,7639
7505,7506
7505,7639
7505,7640
7506,7507
7506,7640
7506,7641
7507,7508
7507,7641
7507,7642
7508,7509
7508,7642
7508,7643
7509,7510
7509,7643
7509,7644
7510,7511
7510,7644
7510,7645
7511,7512
7511,7645
7511,7646
7512,7513
7512,7646
7512,7647
7513,7514
7513,7647
7513,7648
7514,7515
7514,7648
7514,7649
7515,7516
7515,7649
7515,7650
7516,7517
7516,7650
7516,7651
7517,7518
7517,7651
7517,7652
7518,7519
7518,7652
7518,7653
7519,7520
7519,7653
7519,7654
7520,7521
7520,7654
7520,7655
7521,7522
7521,7655
7521,7656
7522,7523
7522,7656
7522,7657
7523,7524
7523,7657
7523,7658
7524,7525
7524,7658
7524,7659
7525,7526
7525,7659
7525,7660
7526,7527
7526,7660
7526,7661
7527,7528
7527,7661
7527,7662
7528,7529
7528,7662
7528,7663
7529,7530
7529,7663
7529,7664
7530,7531
7530,7664
7530,7665
7531,7532
7531,7665
7531,7666
7532,7533
7532,7666
7532,7667
7533,7534
7533,7667
7533,7668
7534,7535
7534,7668
7534,7669
7535,7536
7535,7669
7535,7670
7536,7537
7536,7670
7536,7671
7537,7538
7537,7671
7537,7672
7538,7539
7538,7672
7538,7673
7539,7540
7539,7673
7539,7674
7540,7541
7540,7674
7540,7675
7541,7542
7541,7675
7541,7676
7542,7543
7542,7676
7542,7677
7543,7544
7543,7677
7543,7678
7544,7545
7544,7678
7544,7679
7545,7546
7545,7679
7545,7680
7546,7547
7546,7680
7546,7681
7547,7548
7547,7681
7547,7682
7548,7549
7548,7682
7548,7683
7549,7550
7549,7683
7549,7684
7550,7551
7550,7684
7550,7685
7551,7552
7551,7685
7551,7686
7552,7553
7552,7686
7552,7687
7553,7554
7553,7687
7553,7688
7554,7555
7554,7688
7554,7689
7555,7556
7555,7689
7555,7690
7556,7557
7556,7690
7556,7691
7557,7558
7557,7691
7557,7692
7558,7559
7558,7692
7558,7693
7559,7560
7559,7693
7559,7694
7560,7561
7560,7694
7560,7695
7561,7562
7561,7695
7561,7696
7562,7563
7562,7696
7562,7697
7563,7564
7563,7697
7563,7698
7564,7565
7564,7698
7564,7699
7565,7566
7565,7699
7565,7700
7566,7567
7566,7700
7566,7701
7567,7568
7567,7701
7567,7702
7568,7569
7568,7702
7568,7703
7569,7570
7569,7703
7569,7704
7570,7571
7570,7704
7570,7705
7571,7572
7571,7705
7571,7706
7572,7573
7572,7706
7572,7707
7573,7574
7573,7707
7573,7708
7574,7575
7574,7708
7574,7709
7575,7576
7575,7709
7575,7710
7576,7577
7576,7710
7576,7711
7577,7578
7577,7711
7577,7712
7578,7579
7578,7712
7578,7713
7579,7580
7579,7713
7579,7714
7580,7581
7580,7714
7580,7715
7581,7582
7581,7715
7581,7716
7582,7583
7582,7716
7582,7717
7583,7584
7583,7717
7583,7718
7584,7585
7584,7718
7584,7719
7585,7586
7585,7719
7585,7720
7586,7587
7586,7720
7586,7721
7587,7588
7587,7721
7587,7722
7588,7589
7588,7722
7588,7723
7589,7590
7589,7723
7589,7724
7590,7591
7590,7724
7590,7725
7591,7592
7591,7725
7591,7726
7592,7593
7592,7726
7592,7727
7593,7594
7593,7727
7593,7728
7594,7595
7594,7728
7594,7729
7595,7596
7595,7729
7595,7730
7596,7597
7596,7730
7596,7731
7597,7598
7597,7731
7597,7732
7598,7599
7598,7732
7598,7733
7599,7600
7599,7733
7599,7734
7600,7601
7600,7734
7600,7735
7601,7602
7601,7735
7601,7736
7602,7603
7602,7736
7602,7737
7603,7604
7603,7737
7603,7738
7604,7605
7604,7738
7604,7739
7605,7606
7605,7739
7605,7740
7606,7607
7606,7740
7606,7741
7607,7608
7607,7741
7607,7742
7608,7609
7608,7742
7608,7743
7609,7610
7609,7743
7609,7744
7610,7611
7610,7744
7610,7745
7611,7612
7611,7745
7611,7746
7612,7613
7612,7746
7612,7747
7613,7614
7613,7747
7613,7748
7614,7615
7614,7748
7614,7749
7615,7616
7615,7749
7615,7750
7616,7617
7616,7750
7616,7751
7617,7618
7617,7751
7617,7752
7618,7619
7618,7752
7618,7753
7619,7620
7619,7753
7619,7754
7620,7621
7620,7754
7620,7755
7621,7622
7621,7755
7621,7756
7622,7623
7622,7756
7622,7757
7623,7624
7623,7757
7623,7758
7624,7625
7624,7758
7624,7759
7625,7626
7625,7759
7625,7760
7626,7627
7626,7760
7626,7761
7627,7628
7627,7761
7627,7762
7628,7629
7628,7762
7628,7763
7629,7630
7629,7763
7629,7764
7630,7631
7630,7764
7630,7765
7631,7632
7631,7765
7631,7766
7632,7633
7632,7766
7632,7767
7633,7634
7633,7767
7633,7768
7634,7635
7634,7768
7634,7769
7635,7636
7635,7769
7635,7770
7636,7637
7636,7770
7636,7771
7637,7771
7638,7639
7638,7772
7638,7773
7639,7640
7639,7773
7639,7774
7640,7641
7640,7774
7640,7775
7641,7642
7641,7775
7641,7776
7642,7643
7642,7776
7642,7777
7643,7644
7643,7777
7643,7778
7644,7645
7644,7778
7644,7779
7645,7646
7645,7779
7645,7780
7646,7647
7646,7780
7646,7781
7647,7648
7647,7781
7647,7782
7648,7649
7648,7782
7648,7783
7649,7650
7649,7783
7649,7784
7650,7651
7650,7784
7650,7785
7651,7652
7651,7785
7651,7786
7652,7653
7652,7786
7652,7787
7653,7654
7653,7787
7653,7788
7654,7655
7654,7788
7654,7789
7655,7656
7655,7789
7655,7790
7656,7657
7656,7790
7656,7791
7657,7658
7657,7791
7657,7792
7658,7659
7658,7792
7658,7793
7659,7660
7659,7793
7659,7794
7660,7661
7660,7794
7660,7795
7661,7662
7661,7795
7661,7796
7662,7663
7662,7796
7662,7797
7663,7664
7663,7797
7663,7798
7664,7665
7664,7798
7664,7799
7665,7666
7665,7799
7665,7800
7666,7667
7666,7800
7666,7801
7667,7668
7667,7801
7667,7802
7668,7669
7668,7802
7668,7803
7669,7670
7669,7803
7669,7804
7670,7671
7670,7804
7670,7805
7671,7672
7671,7805
7671,7806
7672,7673
7672,7806
7672,7807
7673,7674
7673,7807
7673,7808
7674,7675
7674,7808
7674,7809
7675,7676
7675,7809
7675,7810
7676,7677
7676,7810
7676,7811
7677,7678
7677,7811
7677,7812
7678,7679
7678,7812
7678,7813
7679,7680
7679,7813
7679,7814
7680,7681
7680,7814
7680,7815
7681,7682
7681,7815
7681,7816
7682,7683
7682,7816
7682,7817
7683,7684
7683,7817
7683,7818
7684,7685
7684,7818
7684,7819
7685,7686
7685,7819
7685,7820
7686,7687
7686,7820
7686,7821
7687,7688
7687,7821
7687,7822
7688,7689
7688,7822
7688,7823
7689,7690
7689,7823
7689,7824
7690,7691
7690,7824
7690,7825
7691,7692
7691,7825
7691,7826
7692,7693
7692,7826
7692,7827
7693,7694
7693,7827
7693,7828
7694,7695
7694,7828
7694,7829
7695,7696
7695,7829
7695,7830
7696,7697
7696,7830
7696,7831
7697,7698
7697,7831
7697,7832
7698,7699
7698,7832
7698,7833
7699,7700
7699,7833
7699,7834
7700,7701
7700,7834
7700,7835
7701,7702
7701,7835
7701,7836
7702,7703
7702,7836
7702,7837
7703,7704
7703,7837
7703,7838
7704,7705
7704,7838
7704,7839
7705,7706
7705,7839
7705,7840
7706,7707
7706,7840
7706,7841
7707,7708
7707,7841
7707,7842
7708,7709
7708,7842
7708,7843
7709,7710
7709,7843
7709,7844
7710,7711
7710,7844
7710,7845
7711,7712
7711,7845
7711,7846
7712,7713
7712,7846
7712,7847
7713,7714
7713,7847
7713,7848
7714,7715
7714,7848
7714,7849
7715,7716
7715,7849
7715,7850
7716,7717
7716,7850
7716,7851
7717,7718
7717,7851
7717,7852
7718,7719
7718,7852
7718,7853
7719,7720
7719,7853
7719,7854
7720,7721
7720,7854
7720,7855
7721,7722
7721,7855
7721,7856
7722,7723
7722,7856
7722,7857
7723,7724
7723,7857
7723,7858
7724,7725
7724,7858
7724,7859
7725,7726
7725,7859
7725,7860
7726,7727
7726,7860
7726,7861
7727,7728
7727,7861
7727,7862
7728,7729
7728,7862
7728,7863
7729,7730
7729,7863
7729,7864
7730,7731
7730,7864
7730,7865
7731,7732
7731,7865
7731,7866
7732,7733
7732,7866
7732,7867
7733,7734
7733,7867
7733,7868
7734,7735
7734,7868
7734,7869
7735,7736
7735,7869
7735,7870
7736,7737
7736,7870
7736,7871
7737,7738
7737,7871
7737,7872
7738,7739
7738,7872
7738,7873
7739,7740
7739,7873
7739,7874
7740,7741
7740,7874
7740,7875
7741,7742
7741,7875
7741,7876
7742,7743
7742,7876
7742,7877
7743,7744
7743,7877
7743,7878
7744,7745
7744,7878
7744,7879
7745,7746
7745,7879
7745,7880
7746,7747
7746,7880
7746,7881
7747,7748
7747,7881
7747,7882
7748,7749
7748,7882
7748,7883
7749,7750
7749,7883
7749,7884
7750,7751
7750,7884
7750,7885
7751,7752
7751,7885
7751,7886
7752,7753
7752,7886
7752,7887
7753,7754
7753,7887
7753,7888
7754,7755
7754,7888
7754,7889
7755,7756
7755,7889
7755,7890
7756,7757
7756,7890
7756,7891
7757,7758
7757,7891
7757,7892
7758,7759
7758,7892
7758,7893
7759,7760
7759,7893
7759,7894
7760,7761
7760,7894
7760,7895
7761,7762
7761,7895
7761,7896
7762,7763
7762,7896
7762,7897
7763,7764
7763,7897
7763,7898
7764,7765
7764,7898
7764,7899
7765,7766
7765,7899
7765,7900
7766,7767
7766,7900
7766,7901
7767,7768
7767,7901
7767,7902
7768,7769
7768,7902
7768,7903
7769,7770
7769,7903
7769,7904
7770,7771
7770,7904
7770,7905
7771,7905
7772,7773
7772,7906
7772,7907
7773,7774
7773,7907
7773,7908
7774,7775
7774,7908
7774,7909
7775,7776
7775,7909
7775,7910
7776,7777
7776,7910
7776,7911
7777,7778
7777,7911
7777,7912
7778,7779
7778,7912
7778,7913
7779,7780
7779,7913
7779,7914
7780,7781
7780,7914
7780,7915
7781,7782
7781,7915
7781,7916
7782,7783
7782,7916
7782,7917
7783,7784
7783,7917
7783,7918
7784,7785
7784,7918
7784,7919
7785,7786
7785,7919
7785,7920
7786,7787
7786,7920
7786,7921
7787,7788
7787,7921
7787,7922
7788,7789
7788,7922
7788,7923
7789,7790
7789,7923
7789,7924
7790,7791
7790,7924
7790,7925
7791,7792
7791,7925
7791,7926
7792,7793
7792,7926
7792,7927
7793,7794
7793,7927
7793,7928
7794,7795
7794,7928
7794,7929
7795,7796
7795,7929
7795,7930
7796,7797
7796,7930
7796,7931
7797,7798
7797,7931
7797,7932
7798,7799
7798,7932
7798,7933
7799,7800
7799,7933
7799,7934
7800,7801
7800,7934
7800,7935
7801,7802
7801,7935
7801,7936
7802,7803
7802,7936
7802,7937
7803,7804
7803,7937
7803,7938
7804,7805
7804,7938
7804,7939
7805,7806
7805,7939
7805,7940
7806,7807
7806,7940
7806,7941
7807,7808
7807,7941
7807,7942
7808,7809
7808,7942
7808,7943
7809,7810
7809,7943
7809,7944
7810,7811
7810,7944
7810,7945
7811,7812
7811,7945
7811,7946
7812,7813
7812,7946
7812,7947
7813,7814
7813,7947
7813,7948
7814,7815
7814,7948
7814,7949
7815,7816
7815,7949
7815,7950
7816,7817
7816,7950
7816,7951
7817,7818
7817,7951
7817,7952
7818,7819
7818,7952
7818,7953
7819,7820
7819,7953
7819,7954
7820,7821
7820,7954
7820,7955
7821,7822
7821,7955
7821,7956
7822,7823
7822,7956
7822,7957
7823,7824
7823,7957
7823,7958
7824,7825
7824,7958
7824,7959
7825,7826
7825,7959
7825,7960
7826,7827
7826,7960
7826,7961
7827,7828
7827,7961
7827,7962
7828,7829
7828,7962
7828,7963
7829,7830
7829,7963
7829,7964
7830,7831
7830,7964
7830,7965
7831,7832
7831,7965
7831,7966
7832,7833
7832,7966
7832,7967
7833,7834
7833,7967
7833,7968
7834,7835
7834,7968
7834,7969
7835,7836
7835,7969
7835,7970
7836,7837
7836,7970
7836,7971
7837,7838
7837,7971
7837,7972
7838,7839
7838,7972
7838,7973
7839,7840
7839,7973
7839,7974
7840,7841
7840,7974
7840,7975
7841,7842
7841,7975
7841,7976
7842,7843
7842,7976
7842,7977
7843,7844
7843,7977
7843,7978
7844,7845
7844,7978
7844,7979
7845,7846
7845,7979
7845,7980
7846,7847
7846,7980
7846,7981
7847,7848
7847,7981
7847,7982
7848,7849
7848,7982
7848,7983
7849,7850
7849,7983
7849,7984
7850,7851
7850,7984
7850,7985
7851,7852
7851,7985
7851,7986
7852,7853
7852,7986
7852,7987
7853,7854
7853,7987
7853,7988
7854,7855
7854,7988
7854,7989
7855,7856
7855,7989
7855,7990
7856,7857
7856,7990
7856,7991
7857,7858
7857,7991
7857,7992
7858,7859
7858,7992
7858,7993
7859,7860
7859,7993
7859,7994
7860,7861
7860,7994
7860,7995
7861,7862
7861,7995
7861,7996
7862,7863
7862,7996
7862,7997
7863,7864
7863,7997
7863,7998
7864,7865
7864,7998
7864,7999
7865,7866
7865,7999
7865,8000
7866,7867
7866,8000
7866,8001
7867,7868
7867,8001
7867,8002
7868,7869
7868,8002
7868,8003
7869,7870
7869,8003
7869,8004
7870,7871
7870,8004
7870,8005
7871,7872
7871,8005
7871,8006
7872,7873
7872,8006
7872,8007
7873,7874
7873,8007
7873,8008
7874,7875
7874,8008
7874,8009
7875,7876
7875,8009
7875,8010
7876,7877
7876,8010
7876,8011
7877,7878
7877,8011
7877,8012
7878,7879
7878,8012
7878,8013
7879,7880
7879,8013
7879,8014
7880,7881
7880,8014
7880,8015
7881,7882
7881,8015
7881,8016
7882,7883
7882,8016
7882,8017
7883,7884
7883,8017
7883,8018
7884,7885
7884,8018
7884,8019
7885,7886
7885,8019
7885,8020
7886,7887
7886,8020
7886,8021
7887,7888
7887,8021
7887,8022
7888,7889
7888,8022
7888,8023
7889,7890
7889,8023
7889,8024
7890,7891
7890,8024
7890,8025
7891,7892
7891,8025
7891,8026
7892,7893
7892,8026
7892,8027
7893,7894
7893,8027
7893,8028
7894,7895
7894,8028
7894,8029
7895,7896
7895,8029
7895,8030
7896,7897
7896,8030
7896,8031
7897,7898
7897,8031
7897,8032
7898,7899
7898,8032
7898,8033
7899,7900
7899,8033
7899,8034
7900,7901
7900,8034
7900,8035
7901,7902
7901,8035
7901,8036
7902,7903
7902,8036
7902,8037
7903,7904
7903,8037
7903,8038
7904,7905
7904,8038
7904,8039
7905,8039
7906,7907
7906,8040
7906,8041
7907,7908
7907,8041
7907,8042
7908,7909
7908,8042
7908,8043
7909,7910
7909,8043
7909,8044
7910,7911
7910,8044
7910,8045
7911,7912
7911,8045
7911,8046
7912,7913
7912,8046
7912,8047
7913,7914
7913,8047
7913,8048
7914,7915
7914,8048
7914,8049
7915,7916
7915,8049
7915,8050
7916,7917
7916,8050
7916,8051
7917,7918
7917,8051
7917,8052
7918,7919
7918,8052
7918,8053
7919,7920
7919,8053
7919,8054
7920,7921
7920,8054
7920,8055
7921,7922
7921,8055
7921,8056
7922,7923
7922,8056
7922,8057
7923,7924
7923,8057
7923,8058
7924,7925
7924,8058
7924,8059
7925,7926
7925,8059
7925,8060
7926,7927
7926,8060
7926,8061
7927,7928
7927,8061
7927,8062
7928,7929
7928,8062
7928,8063
7929,7930
7929,8063
7929,8064
7930,7931
7930,8064
7930,8065
7931,7932
7931,8065
7931,8066
7932,7933
7932,8066
7932,8067
7933,7934
7933,8067
7933,8068
7934,7935
7934,8068
7934,8069
7935,7936
7935,8069
7935,8070
7936,7937
7936,8070
7936,8071
7937,7938
7937,8071
7937,8072
7938,7939
7938,8072
7938,8073
7939,7940
7939,8073
7939,8074
7940,7941
7940,8074
7940,8075
7941,7942
7941,8075
7941,8076
7942,7943
7942,8076
7942,8077
7943,7944
7943,8077
7943,8078
7944,7945
7944,8078
7944,8079
7945,7946
7945,8079
7945,8080
7946,7947
7946,8080
7946,8081
7947,7948
7947,8081
7947,8082
7948,7949
7948,8082
7948,8083
7949,7950
7949,8083
7949,8084
7950,7951
7950,8084
7950,8085
7951,7952
7951,8085
7951,8086
7952,7953
7952,8086
7952,8087
7953,7954
7953,8087
7953,8088
7954,7955
7954,8088
7954,8089
7955,7956
7955,8089
7955,8090
7956,7957
7956,8090
7956,8091
7957,7958
7957,8091
7957,8092
7958,7959
7958,8092
7958,8093
7959,7960
7959,8093
7959,8094
7960,7961
7960,8094
7960,8095
7961,7962
7961,8095
7961,8096
7962,7963
7962,8096
7962,8097
7963,7964
7963,8097
7963,8098
7964,7965
7964,8098
7964,8099
7965,7966
7965,8099
7965,8100
7966,7967
7966,8100
7966,8101
7967,7968
7967,8101
7967,8102
7968,7969
7968,8102
7968,8103
7969,7970
7969,8103
7969,8104
7970,7971
7970,8104
7970,8105
7971,7972
7971,8105
7971,8106
7972,7973
7972,8106
7972,8107
7973,7974
7973,8107
7973,8108
7974,7975
7974,8108
7974,8109
7975,7976
7975,8109
7975,8110
7976,7977
7976,8110
7976,8111
7977,7978
7977,8111
7977,8112
7978,7979
7978,8112
7978,8113
7979,7980
7979,8113
7979,8114
7980,7981
7980,8114
7980,8115
7981,7982
7981,8115
7981,8116
7982,7983
7982,8116
7982,8117
7983,7984
7983,8117
7983,8118
7984,7985
7984,8118
7984,8119
7985,7986
7985,8119
7985,8120
7986,7987
7986,8120
7986,8121
7987,7988
7987,8121
7987,8122
7988,7989
7988,8122
7988,8123
7989,7990
7989,8123
7989,8124
7990,7991
7990,8124
7990,8125
7991,7992
7991,8125
7991,8126
7992,7993
7992,8126
7992,8127
7993,7994
7993,8127
7993,8128
7994,7995
7994,8128
7994,8129
7995,7996
7995,8129
7995,8130
7996,7997
7996,8130
7996,8131
7997,7998
7997,8131
7997,8132
7998,7999
7998,8132
7998,8133
7999,8000
7999,8133
7999,8134
8000,8001
8000,8134
8000,8135
8001,8002
8001,8135
8001,8136
8002,8003
8002,8136
8002,8137
8003,8004
8003,8137
8003,8138
8004,8005
8004,8138
8004,8139
8005,8006
8005,8139
8005,8140
8006,8007
8006,8140
8006,8141
8007,8008
8007,8141
8007,8142
8008,8009
8008,8142
8008,8143
8009,8010
8009,8143
8009,8144
8010,8011
8010,8144
8010,8145
8011,8012
8011,8145
8011,8146
8012,8013
8012,8146
8012,8147
8013,8014
8013,8147
8013,8148
8014,8015
8014,8148
8014,8149
8015,8016
8015,8149
8015,8150
8016,8017
8016,8150
8016,8151
8017,8018
8017,8151
8017,8152
8018,8019
8018,8152
8018,8153
8019,8020
8019,8153
8019,8154
8020,8021
8020,8154
8020,8155
8021,8022
8021,8155
8021,8156
8022,8023
8022,8156
8022,8157
8023,8024
8023,8157
8023,8158
8024,8025
8024,8158
8024,8159
8025,8026
8025,8159
8025,8160
8026,8027
8026,8160
8026,8161
8027,8028
8027,8161
8027,8162
8028,8029
8028,8162
8028,8163
8029,8030
8029,8163
8029,8164
8030,8031
8030,8164
8030,8165
8031,8032
8031,8165
8031,8166
8032,8033
8032,8166
8032,8167
8033,8034
8033,8167
8033,8168
8034,8035
8034,8168
8034,8169
8035,8036
8035,8169
8035,8170
8036,8037
8036,8170
8036,8171
8037,8038
8037,8171
8037,8172
8038,8039
8038,8172
8038,8173
8039,8173
8040,8041
8040,8174
8040,8175
8041,8042
8041,8175
8041,8176
8042,8043
8042,8176
8042,8177
8043,8044
8043,8177
8043,8178
8044,8045
8044,8178
8044,8179
8045,8046
8045,8179
8045,8180
8046,8047
8046,8180
8046,8181
8047,8048
8047,8181
8047,8182
8048,8049
8048,8182
8048,8183
8049,8050
8049,8183
8049,8184
8050,8051
8050,8184
8050,8185
8051,8052
8051,8185
8051,8186
8052,8053
8052,8186
8052,8187
8053,8054
8053,8187
8053,8188
8054,8055
8054,8188
8054,8189
8055,8056
8055,8189
8055,8190
8056,8057
8056,8190
8056,8191
8057,8058
8057,8191
8057,8192
8058,8059
8058,8192
8058,8193
8059,8060
8059,8193
8059,8194
8060,8061
8060,8194
8060,8195
8061,8062
8061,8195
8061,8196
8062,8063
8062,8196
8062,8197
8063,8064
8063,8197
8063,8198
8064,8065
8064,8198
8064,8199
8065,8066
8065,8199
8065,8200
8066,8067
8066,8200
8066,8201
8067,8068
8067,8201
8067,8202
8068,8069
8068,8202
8068,8203
8069,8070
8069,8203
8069,8204
8070,8071
8070,8204
8070,8205
8071,8072
8071,8205
8071,8206
8072,8073
8072,8206
8072,8207
8073,8074
8073,8207
8073,8208
8074,8075
8074,8208
8074,8209
8075,8076
8075,8209
8075,8210
8076,8077
8076,8210
8076,8211
8077,8078
8077,8211
8077,8212
8078,8079
8078,8212
8078,8213
8079,8080
8079,8213
8079,8214
8080,8081
8080,8214
8080,8215
8081,8082
8081,8215
8081,8216
8082,8083
8082,8216
8082,8217
8083,8084
8083,8217
8083,8218
8084,8085
8084,8218
8084,8219
8085,8086
8085,8219
8085,8220
8086,8087
8086,8220
8086,8221
8087,8088
8087,8221
8087,8222
8088,8089
8088,8222
8088,8223
8089,8090
8089,8223
8089,8224
8090,8091
8090,8224
8090,8225
8091,8092
8091,8225
8091,8226
8092,8093
8092,8226
8092,8227
8093,8094
8093,8227
8093,8228
8094,8095
8094,8228
8094,8229
8095,8096
8095,8229
8095,8230
8096,8097
8096,8230
8096,8231
8097,8098
8097,8231
8097,8232
8098,8099
8098,8232
8098,8233
8099,8100
8099,8233
8099,8234
8100,8101
8100,8234
8100,8235
8101,8102
8101,8235
8101,8236
8102,8103
8102,8236
8102,8237
8103,8104
8103,8237
8103,8238
8104,8105
8104,8238
8104,8239
8105,8106
8105,8239
8105,8240
8106,8107
8106,8240
8106,8241
8107,8108
8107,8241
8107,8242
8108,8109
8108,8242
8108,8243
8109,8110
8109,8243
8109,8244
8110,8111
8110,8244
8110,8245
8111,8112
8111,8245
8111,8246
8112,8113
8112,8246
8112,8247
8113,8114
8113,8247
8113,8248
8114,8115
8114,8248
8114,8249
8115,8116
8115,8249
8115,8250
8116,8117
8116,8250
8116,8251
8117,8118
8117,8251
8117,8252
8118,8119
8118,8252
8118,8253
8119,8120
8119,8253
8119,8254
8120,8121
8120,8254
8120,8255
8121,8122
8121,8255
8121,8256
8122,8123
8122,8256
8122,8257
8123,8124
8123,8257
8123,8258
8124,8125
8124,8258
8124,8259
8125,8126
8125,8259
8125,8260
8126,8127
8126,8260
8126,8261
8127,8128
8127,8261
8127,8262
8128,8129
8128,8262
8128,8263
8129,8130
8129,8263
8129,8264
8130,8131
8130,8264
8130,8265
8131,8132
8131,8265
8131,8266
8132,8133
8132,8266
8132,8267
8133,8134
8133,8267
8133,8268
8134,8135
8134,8268
8134,8269
8135,8136
8135,8269
8135,8270
8136,8137
8136,8270
8136,8271
8137,8138
8137,8271
8137,8272
8138,8139
8138,8272
8138,8273
8139,8140
8139,8273
8139,8274
8140,8141
8140,8274
8140,8275
8141,8142
8141,8275
8141,8276
8142,8143
8142,8276
8142,8277
8143,8144
8143,8277
8143,8278
8144,8145
8144,8278
8144,8279
8145,8146
8145,8279
8145,8280
8146,8147
8146,8280
8146,8281
8147,8148
8147,8281
8147,8282
8148,8149
8148,8282
8148,8283
8149,8150
8149,8283
8149,8284
8150,8151
8150,8284
8150,8285
8151,8152
8151,8285
8151,8286
8152,8153
8152,8286
8152,8287
8153,8154
8153,8287
8153,8288
8154,8155
8154,8288
8154,8289
8155,8156
8155,8289
8155,8290
8156,8157
8156,8290
8156,8291
8157,8158
8157,8291
8157,8292
8158,8159
8158,8292
8158,8293
8159,8160
8159,8293
8159,8294
8160,8161
8160,8294
8160,8295
8161,8162
8161,8295
8161,8296
8162,8163
8162,8296
8162,8297
8163,8164
8163,8297
8163,8298
8164,8165
8164,8298
8164,8299
8165,8166
8165,8299
8165,8300
8166,8167
8166,8300
8166,8301
8167,8168
8167,8301
8167,8302
8168,8169
8168,8302
8168,8303
8169,8170
8169,8303
8169,8304
8170,8171
8170,8304
8170,8305
8171,8172
8171,8305
8171,8306
8172,8173
8172,8306
8172,8307
8173,8307
8174,8175
8174,8308
8174,8309
8175,8176
8175,8309
8175,8310
8176,8177
8176,8310
8176,8311
8177,8178
8177,8311
8177,8312
8178,8179
8178,8312
8178,8313
8179,8180
8179,8313
8179,8314
8180,8181
8180,8314
8180,8315
8181,8182
8181,8315
8181,8316
8182,8183
8182,8316
8182,8317
8183,8184
8183,8317
8183,8318
8184,8185
8184,8318
8184,8319
8185,8186
8185,8319
8185,8320
8186,8187
8186,8320
8186,8321
8187,8188
8187,8321
8187,8322
8188,8189
8188,8322
8188,8323
8189,8190
8189,8323
8189,8324
8190,8191
8190,8324
8190,8325
8191,8192
8191,8325
8191,8326
8192,8193
8192,8326
8192,8327
8193,8194
8193,8327
8193,8328
8194,8195
8194,8328
8194,8329
8195,8196
8195,8329
8195,8330
8196,8197
8196,8330
8196,8331
8197,8198
8197,8331
8197,8332
8198,8199
8198,8332
8198,8333
8199,8200
8199,8333
8199,8334
8200,8201
8200,8334
8200,8335
8201,8202
8201,8335
8201,8336
8202,8203
8202,8336
8202,8337
8203,8204
8203,8337
8203,8338
8204,8205
8204,8338
8204,8339
8205,8206
8205,8339
8205,8340
8206,8207
8206,8340
8206,8341
8207,8208
8207,8341
8207,8342
8208,8209
8208,8342
8208,8343
8209,8210
8209,8343
8209,8344
8210,8211
8210,8344
8210,8345
8211,8212
8211,8345
8211,8346
8212,8213
8212,8346
8212,8347
8213,8214
8213,8347
8213,8348
8214,8215
8214,8348
8214,8349
8215,8216
8215,8349
8215,8350
8216,8217
8216,8350
8216,8351
8217,8218
8217,8351
8217,8352
8218,8219
8218,8352
8218,8353
8219,8220
8219,8353
8219,8354
8220,8221
8220,8354
8220,8355
8221,8222
8221,8355
8221,8356
8222,8223
8222,8356
8222,8357
8223,8224
8223,8357
8223,8358
8224,8225
8224,8358
8224,8359
8225,8226
8225,8359
8225,8360
8226,8227
8226,8360
8226,8361
8227,8228
8227,8361
8227,8362
8228,8229
8228,8362
8228,8363
8229,8230
8229,8363
8229,8364
8230,8231
8230,8364
8230,8365
8231,8232
8231,8365
8231,8366
8232,8233
8232,8366
8232,8367
8233,8234
8233,8367
8233,8368
8234,8235
8234,8368
8234,8369
8235,8236
8235,8369
8235,8370
8236,8237
8236,8370
8236,8371
8237,8238
8237,8371
8237,8372
8238,8239
8238,8372
8238,8373
8239,8240
8239,8373
8239,8374
8240,8241
8240,8374
8240,8375
8241,8242
8241,8375
8241,8376
8242,8243
8242,8376
8242,8377
8243,8244
8243,8377
8243,8378
8244,8245
8244,8378
8244,8379
8245,8246
8245,8379
8245,8380
8246,8247
8246,8380
8246,8381
8247,8248
8247,8381
8247,8382
8248,8249
8248,8382
8248,8383
8249,8250
8249,8383
8249,8384
8250,8251
8250,8384
8250,8385
8251,8252
8251,8385
8251,8386
8252,8253
8252,8386
8252,8387
8253,8254
8253,8387
8253,8388
8254,8255
8254,8388
8254,8389
8255,8256
8255,8389
8255,8390
8256,8257
8256,8390
8256,8391
8257,8258
8257,8391
8257,8392
8258,8259
8258,8392
8258,8393
8259,8260
8259,8393
8259,8394
8260,8261
8260,8394
8260,8395
8261,8262
8261,8395
8261,8396
8262,8263
8262,8396
8262,8397
8263,8264
8263,8397
8263,8398
8264,8265
8264,8398
8264,8399
8265,8266
8265,8399
8265,8400
8266,8267
8266,8400
8266,8401
8267,8268
8267,8401
8267,8402
8268,8269
8268,8402
8268,8403
8269,8270
8269,8403
8269,8404
8270,8271
8270,8404
8270,8405
8271,8272
8271,8405
8271,8406
8272,8273
8272,8406
8272,8407
8273,8274
8273,8407
8273,8408
8274,8275
8274,8408
8274,8409
8275,8276
8275,8409
8275,8410
8276,8277
8276,8410
8276,8411
8277,8278
8277,8411
8277,8412
8278,8279
8278,8412
8278,8413
8279,8280
8279,8413
8279,8414
8280,8281
8280,8414
8280,8415
8281,8282
8281,8415
8281,8416
8282,8283
8282,8416
8282,8417
8283,8284
8283,8417
8283,8418
8284,8285
8284,8418
8284,8419
8285,8286
8285,8419
8285,8420
8286,8287
8286,8420
8286,8421
8287,8288
8287,8421
8287,8422
8288,8289
8288,8422
8288,8423
8289,8290
8289,8423
8289,8424
8290,8291
8290,8424
8290,8425
8291,8292
8291,8425
8291,8426
8292,8293
8292,8426
8292,8427
8293,8294
8293,8427
8293,8428
8294,8295
8294,8428
8294,8429
8295,8296
8295,8429
8295,8430
8296,8297
8296,8430
8296,8431
8297,8298
8297,8431
8297,8432
8298,8299
8298,8432
8298,8433
8299,8300
8299,8433
8299,8434
8300,8301
8300,8434
8300,8435
8301,8302
8301,8435
8301,8436
8302,8303
8302,8436
8302,8437
8303,8304
8303,8437
8303,8438
8304,8305
8304,8438
8304,8439
8305,8306
8305,8439
8305,8440
8306,8307
8306,8440
8306,8441
8307,8441
8308,8309
8308,8442
8308,8443
8309,8310
8309,8443
8309,8444
8310,8311
8310,8444
8310,8445
8311,8312
8311,8445
8311,8446
8312,8313
8312,8446
8312,8447
8313,8314
8313,8447
8313,8448
8314,8315
8314,8448
8314,8449
8315,8316
8315,8449
8315,8450
8316,8317
8316,8450
8316,8451
8317,8318
8317,8451
8317,8452
8318,8319
8318,8452
8318,8453
8319,8320
8319,8453
8319,8454
8320,8321
8320,8454
8320,8455
8321,8322
8321,8455
8321,8456
8322,8323
8322,8456
8322,8457
8323,8324
8323,8457
8323,8458
8324,8325
8324,8458
8324,8459
8325,8326
8325,8459
8325,8460
8326,8327
8326,8460
8326,8461
8327,8328
8327,8461
8327,8462
8328,8329
8328,8462
8328,8463
8329,8330
8329,8463
8329,8464
8330,8331
8330,8464
8330,8465
8331,8332
8331,8465
8331,8466
8332,8333
8332,8466
8332,8467
8333,8334
8333,8467
8333,8468
8334,8335
8334,8468
8334,8469
8335,8336
8335,8469
8335,8470
8336,8337
8336,8470
8336,8471
8337,8338
8337,8471
8337,8472
8338,8339
8338,8472
8338,8473
8339,8340
8339,8473
8339,8474
8340,8341
8340,8474
8340,8475
8341,8342
8341,8475
8341,8476
8342,8343
8342,8476
8342,8477
8343,8344
8343,8477
8343,8478
8344,8345
8344,8478
8344,8479
8345,8346
8345,8479
8345,8480
8346,8347
8346,8480
8346,8481
8347,8348
8347,8481
8347,8482
8348,8349
8348,8482
8348,8483
8349,8350
8349,8483
8349,8484
8350,8351
8350,8484
8350,8485
8351,8352
8351,8485
8351,8486
8352,8353
8352,8486
8352,8487
8353,8354
8353,8487
8353,8488
8354,8355
8354,8488
8354,8489
8355,8356
8355,8489
8355,8490
8356,8357
8356,8490
8356,8491
8357,8358
8357,8491
8357,8492
8358,8359
8358,8492
8358,8493
8359,8360
8359,8493
8359,8494
8360,8361
8360,8494
8360,8495
8361,8362
8361,8495
8361,8496
8362,8363
8362,8496
8362,8497
8363,8364
8363,8497
8363,8498
8364,8365
8364,8498
8364,8499
8365,8366
8365,8499
8365,8500
8366,8367
8366,8500
8366,8501
8367,8368
8367,8501
8367,8502
8368,8369
8368,8502
8368,8503
8369,8370
8369,8503
8369,8504
8370,8371
8370,8504
8370,8505
8371,8372
8371,8505
8371,8506
8372,8373
8372,8506
8372,8507
8373,8374
8373,8507
8373,8508
8374,8375
8374,8508
8374,8509
8375,8376
8375,8509
8375,8510
8376,8377
8376,8510
8376,8511
8377,8378
8377,8511
8377,8512
8378,8379
8378,8512
8378,8513
8379,8380
8379,8513
8379,8514
8380,8381
8380,8514
8380,8515
8381,8382
8381,8515
8381,8516
8382,8383
8382,8516
8382,8517
8383,8384
8383,8517
8383,8518
8384,8385
8384,8518
8384,8519
8385,8386
8385,8519
8385,8520
8386,8387
8386,8520
8386,8521
8387,8388
8387,8521
8387,8522
8388,8389
8388,8522
8388,8523
8389,8390
8389,8523
8389,8524
8390,8391
8390,8524
8390,8525
8391,8392
8391,8525
8391,8526
8392,8393
8392,8526
8392,8527
8393,8394
8393,8527
8393,8528
8394,8395
8394,8528
8394,8529
8395,8396
8395,8529
8395,8530
8396,8397
8396,8530
8396,8531
8397,8398
8397,8531
8397,8532
8398,8399
8398,8532
8398,8533
8399,8400
8399,8533
8399,8534
8400,8401
8400,8534
8400,8535
8401,8402
8401,8535
8401,8536
8402,8403
8402,8536
8402,8537
8403,8404
8403,8537
8403,8538
8404,8405
8404,8538
8404,8539
8405,8406
8405,8539
8405,8540
8406,8407
8406,8540
8406,8541
8407,8408
8407,8541
8407,8542
8408,8409
8408,8542
8408,8543
8409,8410
8409,8543
8409,8544
8410,8411
8410,8544
8410,8545
8411,8412
8411,8545
8411,8546
8412,8413
8412,8546
8412,8547
8413,8414
8413,8547
8413,8548
8414,8415
8414,8548
8414,8549
8415,8416
8415,8549
8415,8550
8416,8417
8416,8550
8416,8551
8417,8418
8417,8551
8417,8552
8418,8419
8418,8552
8418,8553
8419,8420
8419,8553
8419,8554
8420,8421
8420,8554
8420,8555
8421,8422
8421,8555
8421,8556
8422,8423
8422,8556
8422,8557
8423,8424
8423,8557
8423,8558
8424,8425
8424,8558
8424,8559
8425,8426
8425,8559
8425,8560
8426,8427
8426,8560
8426,8561
8427,8428
8427,8561
8427,8562
8428,8429
8428,8562
8428,8563
8429,8430
8429,8563
8429,8564
8430,8431
8430,8564
8430,8565
8431,8432
8431,8565
8431,8566
8432,8433
8432,8566
8432,8567
8433,8434
8433,8567
8433,8568
8434,8435
8434,8568
8434,8569
8435,8436
8435,8569
8435,8570
8436,8437
8436,8570
8436,8571
8437,8438
8437,8571
8437,8572
8438,8439
8438,8572
8438,8573
8439,8440
8439,8573
8439,8574
8440,8441
8440,8574
8440,8575
8441,8575
8442,8443
8442,8576
8442,8577
8443,8444
8443,8577
8443,8578
8444,8445
8444,8578
8444,8579
8445,8446
8445,8579
8445,8580
8446,8447
8446,8580
8446,8581
8447,8448
8447,8581
8447,8582
8448,8449
8448,8582
8448,8583
8449,8450
8449,8583
8449,8584
8450,8451
8450,8584
8450,8585
8451,8452
8451,8585
8451,8586
8452,8453
8452,8586
8452,8587
8453,8454
8453,8587
8453,8588
8454,8455
8454,8588
8454,8589
8455,8456
8455,8589
8455,8590
8456,8457
8456,8590
8456,8591
8457,8458
8457,8591
8457,8592
8458,8459
8458,8592
8458,8593
8459,8460
8459,8593
8459,8594
8460,8461
8460,8594
8460,8595
8461,8462
8461,8595
8461,8596
8462,8463
8462,8596
8462,8597
8463,8464
8463,8597
8463,8598
8464,8465
8464,8598
8464,8599
8465,8466
8465,8599
8465,8600
8466,8467
8466,8600
8466,8601
8467,8468
8467,8601
8467,8602
8468,8469
8468,8602
8468,8603
8469,8470
8469,8603
8469,8604
8470,8471
8470,8604
8470,8605
8471,8472
8471,8605
8471,8606
8472,8473
8472,8606
8472,8607
8473,8474
8473,8607
8473,8608
8474,8475
8474,8608
8474,8609
8475,8476
8475,8609
8475,8610
8476,8477
8476,8610
8476,8611
8477,8478
8477,8611
8477,8612
8478,8479
8478,8612
8478,8613
8479,8480
8479,8613
8479,8614
8480,8481
8480,8614
8480,8615
8481,8482
8481,8615
8481,8616
8482,8483
8482,8616
8482,8617
8483,8484
8483,8617
8483,8618
8484,8485
8484,8618
8484,8619
8485,8486
8485,8619
8485,8620
8486,8487
8486,8620
8486,8621
8487,8488
8487,8621
8487,8622
8488,8489
8488,8622
8488,8623
8489,8490
8489,8623
8489,8624
8490,8491
8490,8624
8490,8625
8491,8492
8491,8625
8491,8626
8492,8493
8492,8626
8492,8627
8493,8494
8493,8627
8493,8628
8494,8495
8494,8628
8494,8629
8495,8496
8495,8629
8495,8630
8496,8497
8496,8630
8496,8631
8497,8498
8497,8631
8497,8632
8498,8499
8498,8632
8498,8633
8499,8500
8499,8633
8499,8634
8500,8501
8500,8634
8500,8635
8501,8502
8501,8635
8501,8636
8502,8503
8502,8636
8502,8637
8503,8504
8503,8637
8503,8638
8504,8505
8504,8638
8504,8639
8505,8506
8505,8639
8505,8640
8506,8507
8506,8640
8506,8641
8507,8508
8507,8641
8507,8642
8508,8509
8508,8642
8508,8643
8509,8510
8509,8643
8509,8644
8510,8511
8510,8644
8510,8645
8511,8512
8511,8645
8511,8646
8512,8513
8512,8646
8512,8647
8513,8514
8513,8647
8513,8648
8514,8515
8514,8648
8514,8649
8515,8516
8515,8649
8515,8650
8516,8517
8516,8650
8516,8651
8517,8518
8517,8651
8517,8652
8518,8519
8518,8652
8518,8653
8519,8520
8519,8653
8519,8654
8520,8521
8520,8654
8520,8655
8521,8522
8521,8655
8521,8656
8522,8523
8522,8656
8522,8657
8523,8524
8523,8657
8523,8658
8524,8525
8524,8658
8524,8659
8525,8526
8525,8659
8525,8660
8526,8527
8526,8660
8526,8661
8527,8528
8527,8661
8527,8662
8528,8529
8528,8662
8528,8663
8529,8530
8529,8663
8529,8664
8530,8531
8530,8664
8530,8665
8531,8532
8531,8665
8531,8666
8532,8533
8532,8666
8532,8667
8533,8534
8533,8667
8533,8668
8534,8535
8534,8668
8534,8669
8535,8536
8535,8669
8535,8670
8536,8537
8536,8670
8536,8671
8537,8538
8537,8671
8537,8672
8538,8539
8538,8672
8538,8673
8539,8540
8539,8673
8539,8674
8540,8541
8540,8674
8540,8675
8541,8542
8541,8675
8541,8676
8542,8543
8542,8676
8542,8677
8543,8544
8543,8677
8543,8678
8544,8545
8544,8678
8544,8679
8545,8546
8545,8679
8545,8680
8546,8547
8546,8680
8546,8681
8547,8548
8547,8681
8547,8682
8548,8549
8548,8682
8548,8683
8549,8550
8549,8683
8549,8684
8550,8551
8550,8684
8550,8685
8551,8552
8551,8685
8551,8686
8552,8553
8552,8686
8552,8687
8553,8554
8553,8687
8553,8688
8554,8555
8554,8688
8554,8689
8555,8556
8555,8689
8555,8690
8556,8557
8556,8690
8556,8691
8557,8558
8557,8691
8557,8692
8558,8559
8558,8692
8558,8693
8559,8560
8559,8693
8559,8694
8560,8561
8560,8694
8560,8695
8561,8562
8561,8695
8561,8696
8562,8563
8562,8696
8562,8697
8563,8564
8563,8697
8563,8698
8564,8565
8564,8698
8564,8699
8565,8566
8565,8699
8565,8700
8566,8567
8566,8700
8566,8701
8567,8568
8567,8701
8567,8702
8568,8569
8568,8702
8568,8703
8569,8570
8569,8703
8569,8704
8570,8571
8570,8704
8570,8705
8571,8572
8571,8705
8571,8706
8572,8573
8572,8706
8572,8707
8573,8574
8573,8707
8573,8708
8574,8575
8574,8708
8574,8709
8575,8709
8576,8577
8576,8710
8576,8711
8577,8578
8577,8711
8577,8712
8578,8579
8578,8712
8578,8713
8579,8580
8579,8713
8579,8714
8580,8581
8580,8714
8580,8715
8581,8582
8581,8715
8581,8716
8582,8583
8582,8716
8582,8717
8583,8584
8583,8717
8583,8718
8584,8585
8584,8718
8584,8719
8585,8586
8585,8719
8585,8720
8586,8587
8586,8720
8586,8721
8587,8588
8587,8721
8587,8722
8588,8589
8588,8722
8588,8723
8589,8590
8589,8723
8589,8724
8590,8591
8590,8724
8590,8725
8591,8592
8591,8725
8591,8726
8592,8593
8592,8726
8592,8727
8593,8594
8593,8727
8593,8728
8594,8595
8594,8728
8594,8729
8595,8596
8595,8729
8595,8730
8596,8597
8596,8730
8596,8731
8597,8598
8597,8731
8597,8732
8598,8599
8598,8732
8598,8733
8599,8600
8599,8733
8599,8734
8600,8601
8600,8734
8600,8735
8601,8602
8601,8735
8601,8736
8602,8603
8602,8736
8602,8737
8603,8604
8603,8737
8603,8738
8604,8605
8604,8738
8604,8739
8605,8606
8605,8739
8605,8740
8606,8607
8606,8740
8606,8741
8607,8608
8607,8741
8607,8742
8608,8609
8608,8742
8608,8743
8609,8610
8609,8743
8609,8744
8610,8611
8610,8744
8610,8745
8611,8612
8611,8745
8611,8746
8612,8613
8612,8746
8612,8747
8613,8614
8613,8747
8613,8748
8614,8615
8614,8748
8614,8749
8615,8616
8615,8749
8615,8750
8616,8617
8616,8750
8616,8751
8617,8618
8617,8751
8617,8752
8618,8619
8618,8752
8618,8753
8619,8620
8619,8753
8619,8754
8620,8621
8620,8754
8620,8755
8621,8622
8621,8755
8621,8756
8622,8623
8622,8756
8622,8757
8623,8624
8623,8757
8623,8758
8624,8625
8624,8758
8624,8759
8625,8626
8625,8759
8625,8760
8626,8627
8626,8760
8626,8761
8627,8628
8627,8761
8627,8762
8628,8629
8628,8762
8628,8763
8629,8630
8629,8763
8629,8764
8630,8631
8630,8764
8630,8765
8631,8632
8631,8765
8631,8766
8632,8633
8632,8766
8632,8767
8633,8634
8633,8767
8633,8768
8634,8635
8634,8768
8634,8769
8635,8636
8635,8769
8635,8770
8636,8637
8636,8770
8636,8771
8637,8638
8637,8771
8637,8772
8638,8639
8638,8772
8638,8773
8639,8640
8639,8773
8639,8774
8640,8641
8640,8774
8640,8775
8641,8642
8641,8775
8641,8776
8642,8643
8642,8776
8642,8777
8643,8644
8643,8777
8643,8778
8644,8645
8644,8778
8644,8779
8645,8646
8645,8779
8645,8780
8646,8647
8646,8780
8646,8781
8647,8648
8647,8781
8647,8782
8648,8649
8648,8782
8648,8783
8649,8650
8649,8783
8649,8784
8650,8651
8650,8784
8650,8785
8651,8652
8651,8785
8651,8786
8652,8653
8652,8786
8652,8787
8653,8654
8653,8787
8653,8788
8654,8655
8654,8788
8654,8789
8655,8656
8655,8789
8655,8790
8656,8657
8656,8790
8656,8791
8657,8658
8657,8791
8657,8792
8658,8659
8658,8792
8658,8793
8659,8660
8659,8793
8659,8794
8660,8661
8660,8794
8660,8795
8661,8662
8661,8795
8661,8796
8662,8663
8662,8796
8662,8797
8663,8664
8663,8797
8663,8798
8664,8665
8664,8798
8664,8799
8665,8666
8665,8799
8665,8800
8666,8667
8666,8800
8666,8801
8667,8668
8667,8801
8667,8802
8668,8669
8668,8802
8668,8803
8669,8670
8669,8803
8669,8804
8670,8671
8670,8804
8670,8805
8671,8672
8671,8805
8671,8806
8672,8673
8672,8806
8672,8807
8673,8674
8673,8807
8673,8808
8674,8675
8674,8808
8674,8809
8675,8676
8675,8809
8675,8810
8676,8677
8676,8810
8676,8811
8677,8678
8677,8811
8677,8812
8678,8679
8678,8812
8678,8813
8679,8680
8679,8813
8679,8814
8680,8681
8680,8814
8680,8815
8681,8682
8681,8815
8681,8816
8682,8683
8682,8816
8682,8817
8683,8684
8683,8817
8683,8818
8684,8685
8684,8818
8684,8819
8685,8686
8685,8819
8685,8820
8686,8687
8686,8820
8686,8821
8687,8688
8687,8821
8687,8822
8688,8689
8688,8822
8688,8823
8689,8690
8689,8823
8689,8824
8690,8691
8690,8824
8690,8825
8691,8692
8691,8825
8691,8826
8692,8693
8692,8826
8692,8827
8693,8694
8693,8827
8693,8828
8694,8695
8694,8828
8694,8829
8695,8696
8695,8829
8695,8830
8696,8697
8696,8830
8696,8831
8697,8698
8697,8831
8697,8832
8698,8699
8698,8832
8698,8833
8699,8700
8699,8833
8699,8834
8700,8701
8700,8834
8700,8835
8701,8702
8701,8835
8701,8836
8702,8703
8702,8836
8702,8837
8703,8704
8703,8837
8703,8838
8704,8705
8704,8838
8704,8839
8705,8706
8705,8839
8705,8840
8706,8707
8706,8840
8706,8841
8707,8708
8707,8841
8707,8842
8708,8709
8708,8842
8708,8843
8709,8843
8710,8711
8710,8844
8710,8845
8711,8712
8711,8845
8711,8846
8712,8713
8712,8846
8712,8847
8713,8714
8713,8847
8713,8848
8714,8715
8714,8848
8714,8849
8715,8716
8715,8849
8715,8850
8716,8717
8716,8850
8716,8851
8717,8718
8717,8851
8717,8852
8718,8719
8718,8852
8718,8853
8719,8720
8719,8853
8719,8854
8720,8721
8720,8854
8720,8855
8721,8722
8721,8855
8721,8856
8722,8723
8722,8856
8722,8857
8723,8724
8723,8857
8723,8858
8724,8725
8724,8858
8724,8859
8725,8726
8725,8859
8725,8860
8726,8727
8726,8860
8726,8861
8727,8728
8727,8861
8727,8862
8728,8729
8728,8862
8728,8863
8729,8730
8729,8863
8729,8864
8730,8731
8730,8864
8730,8865
8731,8732
8731,8865
8731,8866
8732,8733
8732,8866
8732,8867
8733,8734
8733,8867
8733,8868
8734,8735
8734,8868
8734,8869
8735,8736
8735,8869
8735,8870
8736,8737
8736,8870
8736,8871
8737,8738
8737,8871
8737,8872
8738,8739
8738,8872
8738,8873
8739,8740
8739,8873
8739,8874
8740,8741
8740,8874
8740,8875
8741,8742
8741,8875
8741,8876
8742,8743
8742,8876
8742,8877
8743,8744
8743,8877
8743,8878
8744,8745
8744,8878
8744,8879
8745,8746
8745,8879
8745,8880
8746,8747
8746,8880
8746,8881
8747,8748
8747,8881
8747,8882
8748,8749
8748,8882
8748,8883
8749,8750
8749,8883
8749,8884
8750,8751
8750,8884
8750,8885
8751,8752
8751,8885
8751,8886
8752,8753
8752,8886
8752,8887
8753,8754
8753,8887
8753,8888
8754,8755
8754,8888
8754,8889
8755,8756
8755,8889
8755,8890
8756,8757
8756,8890
8756,8891
8757,8758
8757,8891
8757,8892
8758,8759
8758,8892
8758,8893
8759,8760
8759,8893
8759,8894
8760,8761
8760,8894
8760,8895
8761,8762
8761,8895
8761,8896
8762,8763
8762,8896
8762,8897
8763,8764
8763,8897
8763,8898
8764,8765
8764,8898
8764,8899
8765,8766
8765,8899
8765,8900
8766,8767
8766,8900
8766,8901
8767,8768
8767,8901
8767,8902
8768,8769
8768,8902
8768,8903
8769,8770
8769,8903
8769,8904
8770,8771
8770,8904
8770,8905
8771,8772
8771,8905
8771,8906
8772,8773
8772,8906
8772,8907
8773,8774
8773,8907
8773,8908
8774,8775
8774,8908
8774,8909
8775,8776
8775,8909
8775,8910
8776,8777
8776,8910
8776,8911
8777,8778
8777,8911
8777,8912
8778,8779
8778,8912
8778,8913
8779,8780
8779,8913
8779,8914
8780,8781
8780,8914
8780,8915
8781,8782
8781,8915
8781,8916
8782,8783
8782,8916
8782,8917
8783,8784
8783,8917
8783,8918
8784,8785
8784,8918
8784,8919
8785,8786
8785,8919
8785,8920
8786,8787
8786,8920
8786,8921
8787,8788
8787,8921
8787,8922
8788,8789
8788,8922
8788,8923
8789,8790
8789,8923
8789,8924
8790,8791
8790,8924
8790,8925
8791,8792
8791,8925
8791,8926
8792,8793
8792,8926
8792,8927
8793,8794
8793,8927
8793,8928
8794,8795
8794,8928
8794,8929
8795,8796
8795,8929
8795,8930
8796,8797
8796,8930
8796,8931
8797,8798
8797,8931
8797,8932
8798,8799
8798,8932
8798,8933
8799,8800
8799,8933
8799,8934
8800,8801
8800,8934
8800,8935
8801,8802
8801,8935
8801,8936
8802,8803
8802,8936
8802,8937
8803,8804
8803,8937
8803,8938
8804,8805
8804,8938
8804,8939
8805,8806
8805,8939
8805,8940
8806,8807
8806,8940
8806,8941
8807,8808
8807,8941
8807,8942
8808,8809
8808,8942
8808,8943
8809,8810
8809,8943
8809,8944
8810,8811
8810,8944
8810,8945
8811,8812
8811,8945
8811,8946
8812,8813
8812,8946
8812,8947
8813,8814
8813,8947
8813,8948
8814,8815
8814,8948
8814,8949
8815,8816
8815,8949
8815,8950
8816,8817
8816,8950
8816,8951
8817,8818
8817,8951
8817,8952
8818,8819
8818,8952
8818,8953
8819,8820
8819,8953
8819,8954
8820,8821
8820,8954
8820,8955
8821,8822
8821,8955
8821,8956
8822,8823
8822,8956
8822,8957
8823,8824
8823,8957
8823,8958
8824,8825
8824,8958
8824,8959
8825,8826
8825,8959
8825,8960
8826,8827
8826,8960
8826,8961
8827,8828
8827,8961
8827,8962
8828,8829
8828,8962
8828,8963
8829,8830
8829,8963
8829,8964
8830,8831
8830,8964
8830,8965
8831,8832
8831,8965
8831,8966
8832,8833
8832,8966
8832,8967
8833,8834
8833,8967
8833,8968
8834,8835
8834,8968
8834,8969
8835,8836
8835,8969
8835,8970
8836,8837
8836,8970
8836,8971
8837,8838
8837,8971
8837,8972
8838,8839
8838,8972
8838,8973
8839,8840
8839,8973
8839,8974
8840,8841
8840,8974
8840,8975
8841,8842
8841,8975
8841,8976
8842,8843
8842,8976
8842,8977
8843,8977
8844,8845
8845,8846
8846,8847
8847,8848
8848,8849
8849,8850
8850,8851
8851,8852
8852,8853
8853,8854
8854,8855
8855,8856
8856,8857
8857,8858
8858,8859
8859,8860
8860,8861
8861,8862
8862,8863
8863,8864
8864,8865
8865,8866
8866,8867
8867,8868
8868,8869
8869,8870
8870,8871
8871,8872
8872,8873
8873,8874
8874,8875
8875,8876
8876,8877
8877,8878
8878,8879
8879,8880
8880,8881
8881,8882
8882,8883
8883,8884
8884,8885
8885,8886
8886,8887
8887,8888
8888,8889
8889,8890
8890,8891
8891,8892
8892,8893
8893,8894
8894,8895
8895,8896
8896,8897
8897,8898
8898,8899
8899,8900
8900,8901
8901,8902
8902,8903
8903,8904
8904,8905
8905,8906
8906,8907
8907,8908
8908,8909
8909,8910
8910,8911
8911,8912
8912,8913
8913,8914
8914,8915
8915,8916
8916,8917
8917,8918
8918,8919
8919,8920
8920,8921
8921,8922
8922,8923
8923,8924
8924,8925
8925,8926
8926,8927
8927,8928
8928,8929
8929,8930
8930,8931
8931,8932
8932,8933
8933,8934
8934,8935
8935,8936
8936,8937
8937,8938
8938,8939
8939,8940
8940,8941
8941,8942
8942,8943
8943,8944
8944,8945
8945,8946
8946,8947
8947,8948
8948,8949
8949,8950
8950,8951
8951,8952
8952,8953
8953,8954
8954,8955
8955,8956
8956,8957
8957,8958
8958,8959
8959,8960
8960,8961
8961,8962
8962,8963
8963,8964
8964,8965
8965,8966
8966,8967
8967,8968
8968,8969
8969,8970
8970,8971
8971,8972
8972,8973
8973,8974
8974,8975
8975,8976
8976,8977
