X,Y,UX,UY,BOUNDARY,FORCE
0.000000000000000000e+00,0.000000000000000000e+00,0.000000000000000000e+00,0.000000000000000000e+00,1.000000000000000000e+00,0.000000000000000000e+00
3.030303030303030387e-02,0.000000000000000000e+00,-7.096717458105551712e-02,-6.341391251940299567e-02,0.000000000000000000e+00,0.000000000000000000e+00
6.060606060606060774e-02,0.000000000000000000e+00,-1.258590779762598089e-01,-1.043385645133015210e-01,0.000000000000000000e+00,0.000000000000000000e+00
9.090909090909091161e-02,0.000000000000000000e+00,-1.747678342402826934e-01,-1.404164622285521413e-01,0.000000000000000000e+00,0.000000000000000000e+00
1.212121212121212155e-01,0.000000000000000000e+00,-2.205756065428656765e-01,-1.750605672268850943e-01,0.000000000000000000e+00,0.000000000000000000e+00
1.515151515151515194e-01,0.000000000000000000e+00,-2.644511444772624786e-01,-2.096953605913367269e-01,0.000000000000000000e+00,0.000000000000000000e+00
1.818181818181818232e-01,0.000000000000000000e+00,-3.069305877197036070e-01,-2.451054716474120598e-01,0.000000000000000000e+00,0.000000000000000000e+00
2.121212121212121271e-01,0.000000000000000000e+00,-3.482748083689090057e-01,-2.817688935325250443e-01,0.000000000000000000e+00,0.000000000000000000e+00
2.424242424242424310e-01,0.000000000000000000e+00,-3.886137601558393162e-01,-3.199889907489755769e-01,0.000000000000000000e+00,0.000000000000000000e+00
2.727272727272727071e-01,0.000000000000000000e+00,-4.280111114791623761e-01,-3.599605108360486860e-01,0.000000000000000000e+00,0.000000000000000000e+00
3.030303030303030387e-01,0.000000000000000000e+00,-4.664953460133741681e-01,-4.018067862309326332e-01,0.000000000000000000e+00,0.000000000000000000e+00
3.333333333333333148e-01,0.000000000000000000e+00,-5.040756476456820234e-01,-4.456022428390585821e-01,0.000000000000000000e+00,0.000000000000000000e+00
3.636363636363636465e-01,0.000000000000000000e+00,-5.407504466336996440e-01,-4.913867152926238435e-01,0.000000000000000000e+00,0.000000000000000000e+00
3.939393939393939226e-01,0.000000000000000000e+00,-5.765122242869095137e-01,-5.391749177864828546e-01,0.000000000000000000e+00,0.000000000000000000e+00
4.242424242424242542e-01,0.000000000000000000e+00,-6.113503077839232969e-01,-5.889629192799136215e-01,0.000000000000000000e+00,0.000000000000000000e+00
4.545454545454545303e-01,0.000000000000000000e+00,-6.452525320435127387e-01,-6.407326939033454183e-01,0.000000000000000000e+00,0.000000000000000000e+00
4.848484848484848619e-01,0.000000000000000000e+00,-6.782062358623481835e-01,-6.944553910468346247e-01,0.000000000000000000e+00,0.000000000000000000e+00
5.151515151515151381e-01,0.000000000000000000e+00,-7.101988541457441295e-01,-7.500937264370458601e-01,0.000000000000000000e+00,0.000000000000000000e+00
5.454545454545454142e-01,0.000000000000000000e+00,-7.412182602957614330e-01,-8.076037522588318529e-01,0.000000000000000000e+00,0.000000000000000000e+00
5.757575757575758013e-01,0.000000000000000000e+00,-7.712529536052136203e-01,-8.669361775250840063e-01,0.000000000000000000e+00,0.000000000000000000e+00
6.060606060606060774e-01,0.000000000000000000e+00,-8.002921524448203261e-01,-9.280373558037654513e-01,0.000000000000000000e+00,0.000000000000000000e+00
6.363636363636363535e-01,0.000000000000000000e+00,-8.283258335663437055e-01,-9.908500228466954329e-01,0.000000000000000000e+00,0.000000000000000000e+00
6.666666666666666297e-01,0.000000000000000000e+00,-8.553447450476484581e-01,-1.055313844043578309e+00,0.000000000000000000e+00,0.000000000000000000e+00
6.969696969696970168e-01,0.000000000000000000e+00,-8.813404121101945377e-01,-1.121365816495546230e+00,0.000000000000000000e+00,0.000000000000000000e+00
7.272727272727272929e-01,0.000000000000000000e+00,-9.063051494811492637e-01,-1.188940560195535179e+00,0.000000000000000000e+00,0.000000000000000000e+00
7.575757575757575690e-01,0.000000000000000000e+00,-9.302320901217833171e-01,-1.257970525680664586e+00,0.000000000000000000e+00,0.000000000000000000e+00
7.878787878787878451e-01,0.000000000000000000e+00,-9.531152373710738424e-01,-1.328386140554298489e+00,0.000000000000000000e+00,0.000000000000000000e+00
8.181818181818182323e-01,0.000000000000000000e+00,-9.749495454533795291e-01,-1.400115913794691247e+00,0.000000000000000000e+00,0.000000000000000000e+00
8.484848484848485084e-01,0.000000000000000000e+00,-9.957310315993210814e-01,-1.473086514322933249e+00,0.000000000000000000e+00,0.000000000000000000e+00
8.787878787878787845e-01,0.000000000000000000e+00,-1.015456921539812818e+00,-1.547222838576935100e+00,0.000000000000000000e+00,0.000000000000000000e+00
9.090909090909090606e-01,0.000000000000000000e+00,-1.034125828720449336e+00,-1.622448080591654795e+00,0.000000000000000000e+00,0.000000000000000000e+00
9.393939393939394478e-01,0.000000000000000000e+00,-1.051737966154268733e+00,-1.698683817128063822e+00,0.000000000000000000e+00,0.000000000000000000e+00
9.696969696969697239e-01,0.000000000000000000e+00,-1.068295388326597983e+00,-1.775850119563617158e+00,0.000000000000000000e+00,0.000000000000000000e+00
1.000000000000000000e+00,0.000000000000000000e+00,-1.083802258958525000e+00,-1.853865703414025567e+00,0.000000000000000000e+00,0.000000000000000000e+00
1.030303030303030276e+00,0.000000000000000000e+00,-1.098265138728094836e+00,-1.932648125374203607e+00,0.000000000000000000e+00,0.000000000000000000e+00
1.060606060606060552e+00,0.000000000000000000e+00,-1.111693285272805642e+00,-2.012114036534861761e+00,0.000000000000000000e+00,0.000000000000000000e+00
1.090909090909090828e+00,0.000000000000000000e+00,-1.124098956015151307e+00,-2.092179498857807740e+00,0.000000000000000000e+00,0.000000000000000000e+00
1.121212121212121104e+00,0.000000000000000000e+00,-1.135497702654276297e+00,-2.172760370008056441e+00,0.000000000000000000e+00,0.000000000000000000e+00
1.151515151515151603e+00,0.000000000000000000e+00,-1.145908644665202258e+00,-2.253772759203591214e+00,0.000000000000000000e+00,0.000000000000000000e+00
1.181818181818181879e+00,0.000000000000000000e+00,-1.155354707975461803e+00,-2.335133553848923071e+00,0.000000000000000000e+00,0.000000000000000000e+00
1.212121212121212155e+00,0.000000000000000000e+00,-1.163862814291275471e+00,-2.416761013402765279e+00,0.000000000000000000e+00,0.000000000000000000e+00
1.242424242424242431e+00,0.000000000000000000e+00,-1.171464006466071739e+00,-2.498575423276556240e+00,0.000000000000000000e+00,0.000000000000000000e+00
1.272727272727272707e+00,0.000000000000000000e+00,-1.178193495975509153e+00,-2.580499797702263898e+00,0.000000000000000000e+00,0.000000000000000000e+00
1.303030303030302983e+00,0.000000000000000000e+00,-1.184090620090489709e+00,-2.662460616628078203e+00,0.000000000000000000e+00,0.000000000000000000e+00
1.333333333333333259e+00,0.000000000000000000e+00,-1.189198698785620678e+00,-2.744388578029690606e+00,0.000000000000000000e+00,0.000000000000000000e+00
1.363636363636363535e+00,0.000000000000000000e+00,-1.193564784788871291e+00,-2.826219343832273356e+00,0.000000000000000000e+00,0.000000000000000000e+00
1.393939393939394034e+00,0.000000000000000000e+00,-1.197239304398503013e+00,-2.907894255220069724e+00,0.000000000000000000e+00,0.000000000000000000e+00
1.424242424242424310e+00,0.000000000000000000e+00,-1.200275591609282877e+00,-2.989360991770170894e+00,0.000000000000000000e+00,0.000000000000000000e+00
1.454545454545454586e+00,0.000000000000000000e+00,-1.202729323451167787e+00,-3.070574148870769182e+00,0.000000000000000000e+00,0.000000000000000000e+00
1.484848484848484862e+00,0.000000000000000000e+00,-1.204657869905478407e+00,-3.151495709509250620e+00,0.000000000000000000e+00,0.000000000000000000e+00
1.515151515151515138e+00,0.000000000000000000e+00,-1.206119576896367507e+00,-3.232095389894409809e+00,0.000000000000000000e+00,0.000000000000000000e+00
1.545454545454545414e+00,0.000000000000000000e+00,-1.207173005164806634e+00,-3.312350843537417600e+00,0.000000000000000000e+00,0.000000000000000000e+00
1.575757575757575690e+00,0.000000000000000000e+00,-1.207876150795533343e+00,-3.392247715219632198e+00,0.000000000000000000e+00,0.000000000000000000e+00
1.606060606060605966e+00,0.000000000000000000e+00,-1.208285674273465116e+00,-3.471779544397618711e+00,0.000000000000000000e+00,0.000000000000000000e+00
1.636363636363636465e+00,0.000000000000000000e+00,-1.208456163745125433e+00,-3.550947526499462992e+00,0.000000000000000000e+00,0.000000000000000000e+00
1.666666666666666741e+00,0.000000000000000000e+00,-1.208439454320500595e+00,-3.629760149481785714e+00,0.000000000000000000e+00,0.000000000000000000e+00
1.696969696969697017e+00,0.000000000000000000e+00,-1.208284018575980223e+00,-3.708232730986177561e+00,0.000000000000000000e+00,0.000000000000000000e+00
1.727272727272727293e+00,0.000000000000000000e+00,-1.208034433767408711e+00,-3.786386887385130517e+00,0.000000000000000000e+00,0.000000000000000000e+00
1.757575757575757569e+00,0.000000000000000000e+00,-1.207730918322892366e+00,-3.864249968703657778e+00,0.000000000000000000e+00,0.000000000000000000e+00
1.787878787878787845e+00,0.000000000000000000e+00,-1.207408913127835159e+00,-3.941854491001121286e+00,0.000000000000000000e+00,0.000000000000000000e+00
1.818181818181818121e+00,0.000000000000000000e+00,-1.207098660162364112e+00,-4.019237586577000698e+00,0.000000000000000000e+00,0.000000000000000000e+00
1.848484848484848397e+00,0.000000000000000000e+00,-1.206824699074054763e+00,-4.096440463580405478e+00,0.000000000000000000e+00,0.000000000000000000e+00
1.878787878787878896e+00,0.000000000000000000e+00,-1.206605156643062449e+00,-4.173507798682859260e+00,0.000000000000000000e+00,0.000000000000000000e+00
1.909090909090909172e+00,0.000000000000000000e+00,-1.206450639294385008e+00,-4.250486824135493613e+00,0.000000000000000000e+00,0.000000000000000000e+00
1.939393939393939448e+00,0.000000000000000000e+00,-1.206362449897937283e+00,-4.327425463307284836e+00,0.000000000000000000e+00,0.000000000000000000e+00
1.969696969696969724e+00,0.000000000000000000e+00,-1.206329739383486421e+00,-4.404367785907155053e+00,0.000000000000000000e+00,0.000000000000000000e+00
2.000000000000000000e+00,0.000000000000000000e+00,-1.206325518755537285e+00,-4.481342675994919311e+00,0.000000000000000000e+00,0.000000000000000000e+00
0.000000000000000000e+00,3.030303030303030387e-02,0.000000000000000000e+00,0.000000000000000000e+00,1.000000000000000000e+00,0.000000000000000000e+00
3.030303030303030387e-02,3.030303030303030387e-02,-4.537315819211964335e-02,-4.111828081299605947e-02,0.000000000000000000e+00,0.000000000000000000e+00
6.060606060606060774e-02,3.030303030303030387e-02,-9.617308778970923289e-02,-8.328809977291444511e-02,0.000000000000000000e+00,0.000000000000000000e+00
9.090909090909091161e-02,3.030303030303030387e-02,-1.436814512427389001e-01,-1.206901757373998185e-01,0.000000000000000000e+00,0.000000000000000000e+00
1.212121212121212155e-01,3.030303030303030387e-02,-1.884664256673520000e-01,-1.562559635943502889e-01,0.000000000000000000e+00,0.000000000000000000e+00
1.515151515151515194e-01,3.030303030303030387e-02,-2.311885922842110419e-01,-1.915716704295595818e-01,0.000000000000000000e+00,0.000000000000000000e+00
1.818181818181818232e-01,3.030303030303030387e-02,-2.722912521968759991e-01,-2.275283940406031269e-01,0.000000000000000000e+00,0.000000000000000000e+00
2.121212121212121271e-01,3.030303030303030387e-02,-3.120557674785437996e-01,-2.646631827980328588e-01,0.000000000000000000e+00,0.000000000000000000e+00
2.424242424242424310e-01,3.030303030303030387e-02,-3.506581357278359401e-01,-3.033124814933355617e-01,0.000000000000000000e+00,0.000000000000000000e+00
2.727272727272727071e-01,3.030303030303030387e-02,-3.882073619525499009e-01,-3.436900948504522657e-01,0.000000000000000000e+00,0.000000000000000000e+00
3.030303030303030387e-01,3.030303030303030387e-02,-4.247699076087866898e-01,-3.859306151785990013e-01,0.000000000000000000e+00,0.000000000000000000e+00
3.333333333333333148e-01,3.030303030303030387e-02,-4.603850940024205585e-01,-4.301152357718565633e-01,0.000000000000000000e+00,0.000000000000000000e+00
3.636363636363636465e-01,3.030303030303030387e-02,-4.950748460682326546e-01,-4.762878832173613186e-01,0.000000000000000000e+00,0.000000000000000000e+00
3.939393939393939226e-01,3.030303030303030387e-02,-5.288499155313235445e-01,-5.244657260533552856e-01,0.000000000000000000e+00,0.000000000000000000e+00
4.242424242424242542e-01,3.030303030303030387e-02,-5.617138995911310495e-01,-5.746462647750135710e-01,0.000000000000000000e+00,0.000000000000000000e+00
4.545454545454545303e-01,3.030303030303030387e-02,-5.936658625584786408e-01,-6.268122584383278850e-01,0.000000000000000000e+00,0.000000000000000000e+00
4.848484848484848619e-01,3.030303030303030387e-02,-6.247020598242853939e-01,-6.809352310801323194e-01,0.000000000000000000e+00,0.000000000000000000e+00
5.151515151515151381e-01,3.030303030303030387e-02,-6.548170774544201933e-01,-7.369780140369287524e-01,0.000000000000000000e+00,0.000000000000000000e+00
5.454545454545454142e-01,3.030303030303030387e-02,-6.840045874920877012e-01,-7.948966137137053467e-01,0.000000000000000000e+00,0.000000000000000000e+00
5.757575757575758013e-01,3.030303030303030387e-02,-7.122578492744263690e-01,-8.546415947644722122e-01,0.000000000000000000e+00,0.000000000000000000e+00
6.060606060606060774e-01,3.030303030303030387e-02,-7.395700433493385129e-01,-9.161591073475932046e-01,0.000000000000000000e+00,0.000000000000000000e+00
6.363636363636363535e-01,3.030303030303030387e-02,-7.659344966657671838e-01,-9.793916483435803899e-01,0.000000000000000000e+00,0.000000000000000000e+00
6.666666666666666297e-01,3.030303030303030387e-02,-7.913448395325175522e-01,-1.044278621261305551e+00,0.000000000000000000e+00,0.000000000000000000e+00
6.969696969696970168e-01,3.030303030303030387e-02,-8.157951227570825470e-01,-1.110756742852099466e+00,0.000000000000000000e+00,0.000000000000000000e+00
7.272727272727272929e-01,3.030303030303030387e-02,-8.392799151703784766e-01,-1.178760333142023331e+00,0.000000000000000000e+00,0.000000000000000000e+00
7.575757575757575690e-01,3.030303030303030387e-02,-8.617943960398370962e-01,-1.248221517824170457e+00,0.000000000000000000e+00,0.000000000000000000e+00
7.878787878787878451e-01,3.030303030303030387e-02,-8.833344527979554162e-01,-1.319070366567737240e+00,0.000000000000000000e+00,0.000000000000000000e+00
8.181818181818182323e-01,3.030303030303030387e-02,-9.038967914969706641e-01,-1.391234987054793093e+00,0.000000000000000000e+00,0.000000000000000000e+00
8.484848484848485084e-01,3.030303030303030387e-02,-9.234790650625389619e-01,-1.464641591951617805e+00,0.000000000000000000e+00,0.000000000000000000e+00
8.787878787878787845e-01,3.030303030303030387e-02,-9.420800225005508954e-01,-1.539214554209776820e+00,0.000000000000000000e+00,0.000000000000000000e+00
9.090909090909090606e-01,3.030303030303030387e-02,-9.596996805322672852e-01,-1.614876464812215140e+00,0.000000000000000000e+00,0.000000000000000000e+00
9.393939393939394478e-01,3.030303030303030387e-02,-9.763395175711686580e-01,-1.691548206124261045e+00,0.000000000000000000e+00,0.000000000000000000e+00
9.696969696969697239e-01,3.030303030303030387e-02,-9.920026884307988624e-01,-1.769149053203596500e+00,0.000000000000000000e+00,0.000000000000000000e+00
1.000000000000000000e+00,3.030303030303030387e-02,-1.006694256622289618e+00,-1.847596814612822769e+00,0.000000000000000000e+00,0.000000000000000000e+00
1.030303030303030276e+00,3.030303030303030387e-02,-1.020421439550421638e+00,-1.926808023325055297e+00,0.000000000000000000e+00,0.000000000000000000e+00
1.060606060606060552e+00,3.030303030303030387e-02,-1.033193860363987415e+00,-2.006698187094320129e+00,0.000000000000000000e+00,0.000000000000000000e+00
1.090909090909090828e+00,3.030303030303030387e-02,-1.045023798702698681e+00,-2.087182106074190635e+00,0.000000000000000000e+00,0.000000000000000000e+00
1.121212121212121104e+00,3.030303030303030387e-02,-1.055926431176148261e+00,-2.168174263429632820e+00,0.000000000000000000e+00,0.000000000000000000e+00
1.151515151515151603e+00,3.030303030303030387e-02,-1.065920051198515628e+00,-2.249589292148835629e+00,0.000000000000000000e+00,0.000000000000000000e+00
1.181818181818181879e+00,3.030303030303030387e-02,-1.075026256889460408e+00,-2.331342518212102366e+00,0.000000000000000000e+00,0.000000000000000000e+00
1.212121212121212155e+00,3.030303030303030387e-02,-1.083270095249326603e+00,-2.413350576747300469e+00,0.000000000000000000e+00,0.000000000000000000e+00
1.242424242424242431e+00,3.030303030303030387e-02,-1.090680150837078921e+00,-2.495532093881022817e+00,0.000000000000000000e+00,0.000000000000000000e+00
1.272727272727272707e+00,3.030303030303030387e-02,-1.097288567822704231e+00,-2.577808422821626699e+00,0.000000000000000000e+00,0.000000000000000000e+00
1.303030303030302983e+00,3.030303030303030387e-02,-1.103130995628774480e+00,-2.660104418481316291e+00,0.000000000000000000e+00,0.000000000000000000e+00
1.333333333333333259e+00,3.030303030303030387e-02,-1.108246450458452159e+00,-2.742349230909119751e+00,0.000000000000000000e+00,0.000000000000000000e+00
1.363636363636363535e+00,3.030303030303030387e-02,-1.112677087819883726e+00,-2.824477094260392729e+00,0.000000000000000000e+00,0.000000000000000000e+00
1.393939393939394034e+00,3.030303030303030387e-02,-1.116467884628966400e+00,-2.906428085298295105e+00,0.000000000000000000e+00,0.000000000000000000e+00
1.424242424242424310e+00,3.030303030303030387e-02,-1.119666233463544991e+00,-2.988148823847259106e+00,0.000000000000000000e+00,0.000000000000000000e+00
1.454545454545454586e+00,3.030303030303030387e-02,-1.122321455837790083e+00,-3.069593087520619434e+00,0.000000000000000000e+00,0.000000000000000000e+00
1.484848484848484862e+00,3.030303030303030387e-02,-1.124484245679648220e+00,-3.150722314696777548e+00,0.000000000000000000e+00,0.000000000000000000e+00
1.515151515151515138e+00,3.030303030303030387e-02,-1.126206058179670677e+00,-3.231505973301934453e+00,0.000000000000000000e+00,0.000000000000000000e+00
1.545454545454545414e+00,3.030303030303030387e-02,-1.127538462448303802e+00,-3.311921778518462478e+00,0.000000000000000000e+00,0.000000000000000000e+00
1.575757575757575690e+00,3.030303030303030387e-02,-1.128532478576922182e+00,-3.391955749936588660e+00,0.000000000000000000e+00,0.000000000000000000e+00
1.606060606060605966e+00,3.030303030303030387e-02,-1.129237920383874272e+00,-3.471602107559296435e+00,0.000000000000000000e+00,0.000000000000000000e+00
1.636363636363636465e+00,3.030303030303030387e-02,-1.129702764063539977e+00,-3.550863015869662132e+00,0.000000000000000000e+00,0.000000000000000000e+00
1.666666666666666741e+00,3.030303030303030387e-02,-1.129972560021944128e+00,-3.629748195018384749e+00,0.000000000000000000e+00,0.000000000000000000e+00
1.696969696969697017e+00,3.030303030303030387e-02,-1.130089900467611042e+00,-3.708274427014788710e+00,0.000000000000000000e+00,0.000000000000000000e+00
1.727272727272727293e+00,3.030303030303030387e-02,-1.130093949152957578e+00,-3.786464991428772908e+00,0.000000000000000000e+00,0.000000000000000000e+00
1.757575757575757569e+00,3.030303030303030387e-02,-1.130020032570264732e+00,-3.864349068242191709e+00,0.000000000000000000e+00,0.000000000000000000e+00
1.787878787878787845e+00,3.030303030303030387e-02,-1.129899284659479974e+00,-3.941961143346119023e+00,0.000000000000000000e+00,0.000000000000000000e+00
1.818181818181818121e+00,3.030303030303030387e-02,-1.129758330712967052e+00,-4.019340441425924837e+00,0.000000000000000000e+00,0.000000000000000000e+00
1.848484848484848397e+00,3.030303030303030387e-02,-1.129618991908926118e+00,-4.096530384329109431e+00,0.000000000000000000e+00,0.000000000000000000e+00
1.878787878787878896e+00,3.030303030303030387e-02,-1.129497990253526707e+00,-4.173578014201075881e+00,0.000000000000000000e+00,0.000000000000000000e+00
1.909090909090909172e+00,3.030303030303030387e-02,-1.129406629181575639e+00,-4.250533193428063683e+00,0.000000000000000000e+00,0.000000000000000000e+00
1.939393939393939448e+00,3.030303030303030387e-02,-1.129350384325342516e+00,-4.327447115707210301e+00,0.000000000000000000e+00,0.000000000000000000e+00
1.969696969696969724e+00,3.030303030303030387e-02,-1.129328113666407063e+00,-4.404369035621695794e+00,0.000000000000000000e+00,0.000000000000000000e+00
2.000000000000000000e+00,3.030303030303030387e-02,-1.129329525528025124e+00,-4.481338455366968176e+00,0.000000000000000000e+00,0.000000000000000000e+00
0.000000000000000000e+00,6.060606060606060774e-02,0.000000000000000000e+00,0.000000000000000000e+00,1.000000000000000000e+00,0.000000000000000000e+00
3.030303030303030387e-02,6.060606060606060774e-02,-3.671966189371057843e-02,-3.112014334786120801e-02,0.000000000000000000e+00,0.000000000000000000e+00
6.060606060606060774e-02,6.060606060606060774e-02,-7.783939348713632411e-02,-6.683821800644924871e-02,0.000000000000000000e+00,0.000000000000000000e+00
9.090909090909091161e-02,6.060606060606060774e-02,-1.203722928071456755e-01,-1.031296755025005035e-01,0.000000000000000000e+00,0.000000000000000000e+00
1.212121212121212155e-01,6.060606060606060774e-02,-1.619624890112714988e-01,-1.387749947402220074e-01,0.000000000000000000e+00,0.000000000000000000e+00
1.515151515151515194e-01,6.060606060606060774e-02,-2.022013409439546716e-01,-1.744606852029791377e-01,0.000000000000000000e+00,0.000000000000000000e+00
1.818181818181818232e-01,6.060606060606060774e-02,-2.411089849349392078e-01,-2.108508734327732004e-01,0.000000000000000000e+00,0.000000000000000000e+00
2.121212121212121271e-01,6.060606060606060774e-02,-2.787890718321327510e-01,-2.484201999933148275e-01,0.000000000000000000e+00,0.000000000000000000e+00
2.424242424242424310e-01,6.060606060606060774e-02,-3.153438992952959374e-01,-2.874902673117898377e-01,0.000000000000000000e+00,0.000000000000000000e+00
2.727272727272727071e-01,6.060606060606060774e-02,-3.508550311207326855e-01,-3.282743664625020763e-01,0.000000000000000000e+00,0.000000000000000000e+00
3.030303030303030387e-01,6.060606060606060774e-02,-3.853822510253452904e-01,-3.709103641565062448e-01,0.000000000000000000e+00,0.000000000000000000e+00
3.333333333333333148e-01,6.060606060606060774e-02,-4.189672700001901839e-01,-4.154831202948718882e-01,0.000000000000000000e+00,0.000000000000000000e+00
3.636363636363636465e-01,6.060606060606060774e-02,-4.516380193702704271e-01,-4.620396361603223423e-01,0.000000000000000000e+00,0.000000000000000000e+00
3.939393939393939226e-01,6.060606060606060774e-02,-4.834123413921488921e-01,-5.105993961979919948e-01,0.000000000000000000e+00,0.000000000000000000e+00
4.242424242424242542e-01,6.060606060606060774e-02,-5.143008636758041874e-01,-5.611615460135811473e-01,0.000000000000000000e+00,0.000000000000000000e+00
4.545454545454545303e-01,6.060606060606060774e-02,-5.443091420453227691e-01,-6.137099636855845031e-01,0.000000000000000000e+00,0.000000000000000000e+00
4.848484848484848619e-01,6.060606060606060774e-02,-5.734392234262126742e-01,-6.682169020743200516e-01,0.000000000000000000e+00,0.000000000000000000e+00
5.151515151515151381e-01,6.060606060606060774e-02,-6.016907726668893064e-01,-7.246456408006910488e-01,0.000000000000000000e+00,0.000000000000000000e+00
5.454545454545454142e-01,6.060606060606060774e-02,-6.290618803229711675e-01,-7.829524366467569552e-01,0.000000000000000000e+00,0.000000000000000000e+00
5.757575757575758013e-01,6.060606060606060774e-02,-6.555496409795691370e-01,-8.430879664498094339e-01,0.000000000000000000e+00,0.000000000000000000e+00
6.060606060606060774e-01,6.060606060606060774e-02,-6.811505689070533887e-01,-9.049983960004657213e-01,0.000000000000000000e+00,0.000000000000000000e+00
6.363636363636363535e-01,6.060606060606060774e-02,-7.058609003525577741e-01,-9.686261690932100876e-01,0.000000000000000000e+00,0.000000000000000000e+00
6.666666666666666297e-01,6.060606060606060774e-02,-7.296768187793257754e-01,-1.033910584847085534e+00,0.000000000000000000e+00,0.000000000000000000e+00
6.969696969696970168e-01,6.060606060606060774e-02,-7.525946298494451403e-01,-1.100788213905605106e+00,0.000000000000000000e+00,0.000000000000000000e+00
7.272727272727272929e-01,6.060606060606060774e-02,-7.746109059899520810e-01,-1.169193192171875451e+00,0.000000000000000000e+00,0.000000000000000000e+00
7.575757575757575690e-01,6.060606060606060774e-02,-7.957226152698700927e-01,-1.239057422482557458e+00,0.000000000000000000e+00,0.000000000000000000e+00
7.878787878787878451e-01,6.060606060606060774e-02,-8.159272455083619313e-01,-1.310310708891277542e+00,0.000000000000000000e+00,0.000000000000000000e+00
8.181818181818182323e-01,6.060606060606060774e-02,-8.352229316354757849e-01,-1.382880844247068364e+00,0.000000000000000000e+00,0.000000000000000000e+00
8.484848484848485084e-01,6.060606060606060774e-02,-8.536085920464331345e-01,-1.456693668994949675e+00,0.000000000000000000e+00,0.000000000000000000e+00
8.787878787878787845e-01,6.060606060606060774e-02,-8.710840778147361796e-01,-1.531673117225142322e+00,0.000000000000000000e+00,0.000000000000000000e+00
9.090909090909090606e-01,6.060606060606060774e-02,-8.876503370024435569e-01,-1.607741264678296034e+00,0.000000000000000000e+00,0.000000000000000000e+00
9.393939393939394478e-01,6.060606060606060774e-02,-9.033095948151230736e-01,-1.684818392455819769e+00,0.000000000000000000e+00,0.000000000000000000e+00
9.696969696969697239e-01,6.060606060606060774e-02,-9.180655489168270122e-01,-1.762823079399833626e+00,0.000000000000000000e+00,0.000000000000000000e+00
1.000000000000000000e+00,6.060606060606060774e-02,-9.319235777995815706e-01,-1.841672335330606369e+00,0.000000000000000000e+00,0.000000000000000000e+00
1.030303030303030276e+00,6.060606060606060774e-02,-9.448909586725838805e-01,-1.921281786410605319e+00,0.000000000000000000e+00,0.000000000000000000e+00
1.060606060606060552e+00,6.060606060606060774e-02,-9.569770899048050117e-01,-2.001565922708734124e+00,0.000000000000000000e+00,0.000000000000000000e+00
1.090909090909090828e+00,6.060606060606060774e-02,-9.681937116523036124e-01,-2.082438416449883256e+00,0.000000000000000000e+00,0.000000000000000000e+00
1.121212121212121104e+00,6.060606060606060774e-02,-9.785551169828655693e-01,-2.163812517361486609e+00,0.000000000000000000e+00,0.000000000000000000e+00
1.151515151515151603e+00,6.060606060606060774e-02,-9.880783446511202106e-01,-2.245601528910649236e+00,0.000000000000000000e+00,0.000000000000000000e+00
1.181818181818181879e+00,6.060606060606060774e-02,-9.967833437689781473e-01,-2.327719366042795279e+00,0.000000000000000000e+00,0.000000000000000000e+00
1.212121212121212155e+00,6.060606060606060774e-02,-1.004693100061574418e+00,-2.410081191314665361e+00,0.000000000000000000e+00,0.000000000000000000e+00
1.242424242424242431e+00,6.060606060606060774e-02,-1.011833713302536131e+00,-2.492604122145593681e+00,0.000000000000000000e+00,0.000000000000000000e+00
1.272727272727272707e+00,6.060606060606060774e-02,-1.018234415981404073e+00,-2.575207997436663732e+00,0.000000000000000000e+00,0.000000000000000000e+00
1.303030303030302983e+00,6.060606060606060774e-02,-1.023927524348127616e+00,-2.657816187235009231e+00,0.000000000000000000e+00,0.000000000000000000e+00
1.333333333333333259e+00,6.060606060606060774e-02,-1.028948314750949944e+00,-2.740356424717982353e+00,0.000000000000000000e+00,0.000000000000000000e+00
1.363636363636363535e+00,6.060606060606060774e-02,-1.033334820636649942e+00,-2.822761635858420881e+00,0.000000000000000000e+00,0.000000000000000000e+00
1.393939393939394034e+00,6.060606060606060774e-02,-1.037127548662510446e+00,-2.904970739065607432e+00,0.000000000000000000e+00,0.000000000000000000e+00
1.424242424242424310e+00,6.060606060606060774e-02,-1.040369115959345114e+00,-2.986929385250608693e+00,0.000000000000000000e+00,0.000000000000000000e+00
1.454545454545454586e+00,6.060606060606060774e-02,-1.043103814496738835e+00,-3.068590608500811889e+00,0.000000000000000000e+00,0.000000000000000000e+00
1.484848484848484862e+00,6.060606060606060774e-02,-1.045377112479047632e+00,-3.149915359177032137e+00,0.000000000000000000e+00,0.000000000000000000e+00
1.515151515151515138e+00,6.060606060606060774e-02,-1.047235106428684892e+00,-3.230872894981468679e+00,0.000000000000000000e+00,0.000000000000000000e+00
1.545454545454545414e+00,6.060606060606060774e-02,-1.048723940737456006e+00,-3.311441011453323480e+00,0.000000000000000000e+00,0.000000000000000000e+00
1.575757575757575690e+00,6.060606060606060774e-02,-1.049889213633917739e+00,-3.391606101285446151e+00,0.000000000000000000e+00,0.000000000000000000e+00
1.606060606060605966e+00,6.060606060606060774e-02,-1.050775389409992266e+00,-3.471363041452423470e+00,0.000000000000000000e+00,0.000000000000000000e+00
1.636363636363636465e+00,6.060606060606060774e-02,-1.051425236162456978e+00,-3.550714917741899956e+00,0.000000000000000000e+00,0.000000000000000000e+00
1.666666666666666741e+00,6.060606060606060774e-02,-1.051879306236454203e+00,-3.629672606877230479e+00,0.000000000000000000e+00,0.000000000000000000e+00
1.696969696969697017e+00,6.060606060606060774e-02,-1.052175473318655241e+00,-3.708254245732447885e+00,0.000000000000000000e+00,0.000000000000000000e+00
1.727272727272727293e+00,6.060606060606060774e-02,-1.052348536350423247e+00,-3.786484623815785877e+00,0.000000000000000000e+00,0.000000000000000000e+00
1.757575757575757569e+00,6.060606060606060774e-02,-1.052429896992825631e+00,-3.864394537915150085e+00,0.000000000000000000e+00,0.000000000000000000e+00
1.787878787878787845e+00,6.060606060606060774e-02,-1.052447315211419987e+00,-3.942020145102695494e+00,0.000000000000000000e+00,0.000000000000000000e+00
1.818181818181818121e+00,6.060606060606060774e-02,-1.052424747247509895e+00,-4.019402340059840206e+00,0.000000000000000000e+00,0.000000000000000000e+00
1.848484848484848397e+00,6.060606060606060774e-02,-1.052382270967835431e+00,-4.096586161273023663e+00,0.000000000000000000e+00,0.000000000000000000e+00
1.878787878787878896e+00,6.060606060606060774e-02,-1.052336100106545658e+00,-4.173620192249787308e+00,0.000000000000000000e+00,0.000000000000000000e+00
1.909090909090909172e+00,6.060606060606060774e-02,-1.052298663689600122e+00,-4.250555862079561820e+00,0.000000000000000000e+00,0.000000000000000000e+00
1.939393939393939448e+00,6.060606060606060774e-02,-1.052278629909914054e+00,-4.327446469483679614e+00,0.000000000000000000e+00,0.000000000000000000e+00
1.969696969696969724e+00,6.060606060606060774e-02,-1.052280452748177941e+00,-4.404345729612645144e+00,0.000000000000000000e+00,0.000000000000000000e+00
2.000000000000000000e+00,6.060606060606060774e-02,-1.052302180915708929e+00,-4.481306069146675064e+00,0.000000000000000000e+00,0.000000000000000000e+00
0.000000000000000000e+00,9.090909090909091161e-02,0.000000000000000000e+00,0.000000000000000000e+00,1.000000000000000000e+00,0.000000000000000000e+00
3.030303030303030387e-02,9.090909090909091161e-02,-3.160367120539708807e-02,-2.517721706904527471e-02,0.000000000000000000e+00,0.000000000000000000e+00
6.060606060606060774e-02,9.090909090909091161e-02,-6.634396272695741725e-02,-5.574322954548922154e-02,0.000000000000000000e+00,0.000000000000000000e+00
9.090909090909091161e-02,9.090909090909091161e-02,-1.031046525257453828e-01,-8.905895087452166126e-02,0.000000000000000000e+00,0.000000000000000000e+00
1.212121212121212155e-01,9.090909090909091161e-02,-1.404158517701777353e-01,-1.236212427817970361e-01,0.000000000000000000e+00,0.000000000000000000e+00
1.515151515151515194e-01,9.090909090909091161e-02,-1.773009776353503264e-01,-1.590453262918331279e-01,0.000000000000000000e+00,0.000000000000000000e+00
1.818181818181818232e-01,9.090909090909091161e-02,-2.133805844136644758e-01,-1.955234027055139379e-01,0.000000000000000000e+00,0.000000000000000000e+00
2.121212121212121271e-01,9.090909090909091161e-02,-2.485322369023420797e-01,-2.333333311173904356e-01,0.000000000000000000e+00,0.000000000000000000e+00
2.424242424242424310e-01,9.090909090909091161e-02,-2.827337811430104542e-01,-2.727116984747420814e-01,0.000000000000000000e+00,0.000000000000000000e+00
2.727272727272727071e-01,9.090909090909091161e-02,-3.159990213241917201e-01,-3.138340821637125022e-01,0.000000000000000000e+00,0.000000000000000000e+00
3.030303030303030387e-01,9.090909090909091161e-02,-3.483515733437977935e-01,-3.568214906142085918e-01,0.000000000000000000e+00,0.000000000000000000e+00
3.333333333333333148e-01,9.090909090909091161e-02,-3.798146543713517564e-01,-4.017513488685515721e-01,0.000000000000000000e+00,0.000000000000000000e+00
3.636363636363636465e-01,9.090909090909091161e-02,-4.104076000366927435e-01,-4.486675173835231734e-01,0.000000000000000000e+00,0.000000000000000000e+00
3.939393939393939226e-01,9.090909090909091161e-02,-4.401451702318562864e-01,-4.975882796847038714e-01,0.000000000000000000e+00,0.000000000000000000e+00
4.242424242424242542e-01,9.090909090909091161e-02,-4.690379307765781269e-01,-5.485124291825382858e-01,0.000000000000000000e+00,0.000000000000000000e+00
4.545454545454545303e-01,9.090909090909091161e-02,-4.970929712320254490e-01,-6.014238363073134419e-01,0.000000000000000000e+00,0.000000000000000000e+00
4.848484848484848619e-01,9.090909090909091161e-02,-5.243146519888349788e-01,-6.562948624956352894e-01,0.000000000000000000e+00,0.000000000000000000e+00
5.151515151515151381e-01,9.090909090909091161e-02,-5.507052664483629290e-01,-7.130889134991151845e-01,0.000000000000000000e+00,0.000000000000000000e+00
5.454545454545454142e-01,9.090909090909091161e-02,-5.762655881810946346e-01,-7.717623511572693218e-01,0.000000000000000000e+00,0.000000000000000000e+00
5.757575757575758013e-01,9.090909090909091161e-02,-6.009953076367992031e-01,-8.322659243677986707e-01,0.000000000000000000e+00,0.000000000000000000e+00
6.060606060606060774e-01,9.090909090909091161e-02,-6.248933754405169294e-01,-8.945458368460177390e-01,0.000000000000000000e+00,0.000000000000000000e+00
6.363636363636363535e-01,9.090909090909091161e-02,-6.479582720602774515e-01,-9.585445383401705044e-01,0.000000000000000000e+00,0.000000000000000000e+00
6.666666666666666297e-01,9.090909090909091161e-02,-6.701882224365404150e-01,-1.024201304033008686e+00,0.000000000000000000e+00,0.000000000000000000e+00
6.969696969696970168e-01,9.090909090909091161e-02,-6.915813716225256425e-01,-1.091452651325668377e+00,0.000000000000000000e+00,0.000000000000000000e+00
7.272727272727272929e-01,9.090909090909091161e-02,-7.121359347249150984e-01,-1.160232632182553791e+00,0.000000000000000000e+00,0.000000000000000000e+00
7.575757575757575690e-01,9.090909090909091161e-02,-7.318503318957820802e-01,-1.230473031394225814e+00,0.000000000000000000e+00,0.000000000000000000e+00
7.878787878787878451e-01,9.090909090909091161e-02,-7.507233169361946512e-01,-1.302103495573702752e+00,0.000000000000000000e+00,0.000000000000000000e+00
8.181818181818182323e-01,9.090909090909091161e-02,-7.687541062203984144e-01,-1.375051613802257267e+00,0.000000000000000000e+00,0.000000000000000000e+00
8.484848484848485084e-01,9.090909090909091161e-02,-7.859425130734261078e-01,-1.449242968129509368e+00,0.000000000000000000e+00,0.000000000000000000e+00
8.787878787878787845e-01,9.090909090909091161e-02,-8.022890913550568825e-01,-1.524601170273597095e+00,0.000000000000000000e+00,0.000000000000000000e+00
9.090909090909090606e-01,9.090909090909091161e-02,-8.177952907414538508e-01,-1.601047899599479019e+00,0.000000000000000000e+00,0.000000000000000000e+00
9.393939393939394478e-01,9.090909090909091161e-02,-8.324636249843599956e-01,-1.678502956561298554e+00,0.000000000000000000e+00,0.000000000000000000e+00
9.696969696969697239e-01,9.090909090909091161e-02,-8.462978532121167019e-01,-1.756884345090340194e+00,0.000000000000000000e+00,0.000000000000000000e+00
1.000000000000000000e+00,9.090909090909091161e-02,-8.593031730794344902e-01,-1.836108396722083036e+00,0.000000000000000000e+00,0.000000000000000000e+00
1.030303030303030276e+00,9.090909090909091161e-02,-8.714864232554557777e-01,-1.916089948425793166e+00,0.000000000000000000e+00,0.000000000000000000e+00
1.060606060606060552e+00,9.090909090909091161e-02,-8.828562913653182909e-01,-1.996742584981773483e+00,0.000000000000000000e+00,0.000000000000000000e+00
1.090909090909090828e+00,9.090909090909091161e-02,-8.934235220955958345e-01,-2.077978955215524337e+00,0.000000000000000000e+00,0.000000000000000000e+00
1.121212121212121104e+00,9.090909090909091161e-02,-9.032011187891554327e-01,-2.159711169338319081e+00,0.000000000000000000e+00,0.000000000000000000e+00
1.151515151515151603e+00,9.090909090909091161e-02,-9.122045305643098345e-01,-2.241851281986123379e+00,0.000000000000000000e+00,0.000000000000000000e+00
1.181818181818181879e+00,9.090909090909091161e-02,-9.204518158916393800e-01,-2.324311862260953543e+00,0.000000000000000000e+00,0.000000000000000000e+00
1.212121212121212155e+00,9.090909090909091161e-02,-9.279637727606427910e-01,-2.407006648180163300e+00,0.000000000000000000e+00,0.000000000000000000e+00
1.242424242424242431e+00,9.090909090909091161e-02,-9.347640251868576389e-01,-2.489851278509538357e+00,0.000000000000000000e+00,0.000000000000000000e+00
1.272727272727272707e+00,9.090909090909091161e-02,-9.408790559661639463e-01,-2.572764090142171334e+00,0.000000000000000000e+00,0.000000000000000000e+00
1.303030303030302983e+00,9.090909090909091161e-02,-9.463381763805092106e-01,-2.655666964203208469e+00,0.000000000000000000e+00,0.000000000000000000e+00
1.333333333333333259e+00,9.090909090909091161e-02,-9.511734250743656416e-01,-2.738486199196023207e+00,0.000000000000000000e+00,0.000000000000000000e+00
1.363636363636363535e+00,9.090909090909091161e-02,-9.554193905872527814e-01,-2.821153385104496980e+00,0.000000000000000000e+00,0.000000000000000000e+00
1.393939393939394034e+00,9.090909090909091161e-02,-9.591129550209109844e-01,-2.903606248822999003e+00,0.000000000000000000e+00,0.000000000000000000e+00
1.424242424242424310e+00,9.090909090909091161e-02,-9.622929599464878914e-01,-2.985789439020104297e+00,0.000000000000000000e+00,0.000000000000000000e+00
1.454545454545454586e+00,9.090909090909091161e-02,-9.649997997442592013e-01,-3.067655217967631742e+00,0.000000000000000000e+00,0.000000000000000000e+00
1.484848484848484862e+00,9.090909090909091161e-02,-9.672749518600530783e-01,-3.149164029350387306e+00,0.000000000000000000e+00,0.000000000000000000e+00
1.515151515151515138e+00,9.090909090909091161e-02,-9.691604576259895687e-01,-3.230284914880955149e+00,0.000000000000000000e+00,0.000000000000000000e+00
1.545454545454545414e+00,9.090909090909091161e-02,-9.706983709353473877e-01,-3.310995758789323062e+00,0.000000000000000000e+00,0.000000000000000000e+00
1.575757575757575690e+00,9.090909090909091161e-02,-9.719301947802733155e-01,-3.391283347793592640e+00,0.000000000000000000e+00,0.000000000000000000e+00
1.606060606060605966e+00,9.090909090909091161e-02,-9.728963270746164849e-01,-3.471143244612167056e+00,0.000000000000000000e+00,0.000000000000000000e+00
1.636363636363636465e+00,9.090909090909091161e-02,-9.736355370134360809e-01,-3.550579484712674372e+00,0.000000000000000000e+00,0.000000000000000000e+00
1.666666666666666741e+00,9.090909090909091161e-02,-9.741844914620477747e-01,-3.629604117566953558e+00,0.000000000000000000e+00,0.000000000000000000e+00
1.696969696969697017e+00,9.090909090909091161e-02,-9.745773479262918038e-01,-3.708236623603729409e+00,0.000000000000000000e+00,0.000000000000000000e+00
1.727272727272727293e+00,9.090909090909091161e-02,-9.748454273088978939e-01,-3.786503244764188647e+00,0.000000000000000000e+00,0.000000000000000000e+00
1.757575757575757569e+00,9.090909090909091161e-02,-9.750169768201654152e-01,-3.864436268875617753e+00,0.000000000000000000e+00,0.000000000000000000e+00
1.787878787878787845e+00,9.090909090909091161e-02,-9.751170317381012698e-01,-3.942073305240053838e+00,0.000000000000000000e+00,0.000000000000000000e+00
1.818181818181818121e+00,9.090909090909091161e-02,-9.751673839629411145e-01,-4.019456580644799715e+00,0.000000000000000000e+00,0.000000000000000000e+00
1.848484848484848397e+00,9.090909090909091161e-02,-9.751866632329240225e-01,-4.096632272120068308e+00,0.000000000000000000e+00,0.000000000000000000e+00
1.878787878787878896e+00,9.090909090909091161e-02,-9.751905271076246606e-01,-4.173649879050411293e+00,0.000000000000000000e+00,0.000000000000000000e+00
1.909090909090909172e+00,9.090909090909091161e-02,-9.751919243087978639e-01,-4.250561637612777055e+00,0.000000000000000000e+00,0.000000000000000000e+00
1.939393939393939448e+00,9.090909090909091161e-02,-9.752013165458299770e-01,-4.327422046140839917e+00,0.000000000000000000e+00,0.000000000000000000e+00
1.969696969696969724e+00,9.090909090909091161e-02,-9.752265820617300740e-01,-4.404287869773500397e+00,0.000000000000000000e+00,0.000000000000000000e+00
2.000000000000000000e+00,9.090909090909091161e-02,-9.752721039322816976e-01,-4.481220101985677218e+00,0.000000000000000000e+00,0.000000000000000000e+00
0.000000000000000000e+00,1.212121212121212155e-01,0.000000000000000000e+00,0.000000000000000000e+00,1.000000000000000000e+00,0.000000000000000000e+00
3.030303030303030387e-02,1.212121212121212155e-01,-2.779022468991240030e-02,-2.118278783706534565e-02,0.000000000000000000e+00,0.000000000000000000e+00
6.060606060606060774e-02,1.212121212121212155e-01,-5.787967884272643415e-02,-4.786715436880518981e-02,0.000000000000000000e+00,0.000000000000000000e+00
9.090909090909091161e-02,1.212121212121212155e-01,-8.980708443533619301e-02,-7.825290520298604224e-02,0.000000000000000000e+00,0.000000000000000000e+00
1.212121212121212155e-01,1.212121212121212155e-01,-1.227521356603545610e-01,-1.110734490766832061e-01,0.000000000000000000e+00,0.000000000000000000e+00
1.515151515151515194e-01,1.212121212121212155e-01,-1.559301420937402038e-01,-1.456672284740766210e-01,0.000000000000000000e+00,0.000000000000000000e+00
1.818181818181818232e-01,1.212121212121212155e-01,-1.888159495551584854e-01,-1.818387430700867113e-01,0.000000000000000000e+00,0.000000000000000000e+00
2.121212121212121271e-01,1.212121212121212155e-01,-2.211302866008199586e-01,-2.196280427788436240e-01,0.000000000000000000e+00,0.000000000000000000e+00
2.424242424242424310e-01,1.212121212121212155e-01,-2.527370885889661523e-01,-2.591422036766716785e-01,0.000000000000000000e+00,0.000000000000000000e+00
2.727272727272727071e-01,1.212121212121212155e-01,-2.835749916182108699e-01,-3.004871982147364617e-01,0.000000000000000000e+00,0.000000000000000000e+00
3.030303030303030387e-01,1.212121212121212155e-01,-3.136198944933748511e-01,-3.437462649069371601e-01,0.000000000000000000e+00,0.000000000000000000e+00
3.333333333333333148e-01,1.212121212121212155e-01,-3.428654696247837586e-01,-3.889760321176343183e-01,0.000000000000000000e+00,0.000000000000000000e+00
3.636363636363636465e-01,1.212121212121212155e-01,-3.713132319377853152e-01,-4.362087328250088825e-01,0.000000000000000000e+00,0.000000000000000000e+00
3.939393939393939226e-01,1.212121212121212155e-01,-3.989675949975218794e-01,-4.854560528054286395e-01,0.000000000000000000e+00,0.000000000000000000e+00
4.242424242424242542e-01,1.212121212121212155e-01,-4.258335066364003496e-01,-5.367129903202225716e-01,0.000000000000000000e+00,0.000000000000000000e+00
4.545454545454545303e-01,1.212121212121212155e-01,-4.519154044167916773e-01,-5.899612070054809365e-01,0.000000000000000000e+00,0.000000000000000000e+00
4.848484848484848619e-01,1.212121212121212155e-01,-4.772168332228087229e-01,-6.451717676987657191e-01,0.000000000000000000e+00,0.000000000000000000e+00
5.151515151515151381e-01,1.212121212121212155e-01,-5.017403830652060748e-01,-7.023073143979664534e-01,0.000000000000000000e+00,0.000000000000000000e+00
5.454545454545454142e-01,1.212121212121212155e-01,-5.254877712941513623e-01,-7.613237611457460696e-01,0.000000000000000000e+00,0.000000000000000000e+00
5.757575757575758013e-01,1.212121212121212155e-01,-5.484599808930085141e-01,-8.221715987159164962e-01,0.000000000000000000e+00,0.000000000000000000e+00
6.060606060606060774e-01,1.212121212121212155e-01,-5.706574124791087277e-01,-8.847968871330378349e-01,0.000000000000000000e+00,0.000000000000000000e+00
6.363636363636363535e-01,1.212121212121212155e-01,-5.920800315737779762e-01,-9.491420006106058294e-01,0.000000000000000000e+00,0.000000000000000000e+00
6.666666666666666297e-01,1.212121212121212155e-01,-6.127275049511071714e-01,-1.015146177139204520e+00,0.000000000000000000e+00,0.000000000000000000e+00
6.969696969696970168e-01,1.212121212121212155e-01,-6.325993259309801164e-01,-1.082745914739797977e+00,0.000000000000000000e+00,0.000000000000000000e+00
7.272727272727272929e-01,1.212121212121212155e-01,-6.516949312827401419e-01,-1.151875248368312343e+00,0.000000000000000000e+00,0.000000000000000000e+00
7.575757575757575690e-01,1.212121212121212155e-01,-6.700138135176706422e-01,-1.222465935339342336e+00,0.000000000000000000e+00,0.000000000000000000e+00
7.878787878787878451e-01,1.212121212121212155e-01,-6.875556325992396856e-01,-1.294447572586320261e+00,0.000000000000000000e+00,0.000000000000000000e+00
8.181818181818182323e-01,1.212121212121212155e-01,-7.043203309177252791e-01,-1.367747665773334065e+00,0.000000000000000000e+00,0.000000000000000000e+00
8.484848484848485084e-01,1.212121212121212155e-01,-7.203082549702235493e-01,-1.442291667945192035e+00,0.000000000000000000e+00,0.000000000000000000e+00
8.787878787878787845e-01,1.212121212121212155e-01,-7.355202866491707958e-01,-1.518003003813977569e+00,0.000000000000000000e+00,0.000000000000000000e+00
9.090909090909090606e-01,1.212121212121212155e-01,-7.499579863994154660e-01,-1.594803094729582815e+00,0.000000000000000000e+00,0.000000000000000000e+00
9.393939393939394478e-01,1.212121212121212155e-01,-7.636237497499032134e-01,-1.672611398685287298e+00,0.000000000000000000e+00,0.000000000000000000e+00
9.696969696969697239e-01,1.212121212121212155e-01,-7.765209778418322717e-01,-1.751345479195406174e+00,0.000000000000000000e+00,0.000000000000000000e+00
1.000000000000000000e+00,1.212121212121212155e-01,-7.886542615401735956e-01,-1.830921116383809055e+00,0.000000000000000000e+00,0.000000000000000000e+00
1.030303030303030276e+00,1.212121212121212155e-01,-8.000295775173590362e-01,-1.911252472977471806e+00,0.000000000000000000e+00,0.000000000000000000e+00
1.060606060606060552e+00,1.212121212121212155e-01,-8.106544933402084485e-01,-1.992252326951758912e+00,0.000000000000000000e+00,0.000000000000000000e+00
1.090909090909090828e+00,1.212121212121212155e-01,-8.205383770991794279e-01,-2.073832381178995377e+00,0.000000000000000000e+00,0.000000000000000000e+00
1.121212121212121104e+00,1.212121212121212155e-01,-8.296926055448015092e-01,-2.155903658463766526e+00,0.000000000000000000e+00,0.000000000000000000e+00
1.151515151515151603e+00,1.212121212121212155e-01,-8.381307631208283482e-01,-2.238376987712429322e+00,0.000000000000000000e+00,0.000000000000000000e+00
1.181818181818181879e+00,1.212121212121212155e-01,-8.458688228173042445e-01,-2.321163583627864124e+00,0.000000000000000000e+00,0.000000000000000000e+00
1.212121212121212155e+00,1.212121212121212155e-01,-8.529252985448271263e-01,-2.404175718245300075e+00,0.000000000000000000e+00,0.000000000000000000e+00
1.242424242424242431e+00,1.212121212121212155e-01,-8.593213579075140718e-01,-2.487327477899049732e+00,0.000000000000000000e+00,0.000000000000000000e+00
1.272727272727272707e+00,1.212121212121212155e-01,-8.650808839873747047e-01,-2.570535593975511457e+00,0.000000000000000000e+00,0.000000000000000000e+00
1.303030303030302983e+00,1.212121212121212155e-01,-8.702304752006257971e-01,-2.653720330287714813e+00,0.000000000000000000e+00,0.000000000000000000e+00
1.333333333333333259e+00,1.212121212121212155e-01,-8.747993735757724210e-01,-2.736806404405019322e+00,0.000000000000000000e+00,0.000000000000000000e+00
1.363636363636363535e+00,1.212121212121212155e-01,-8.788193140184318297e-01,-2.819723915167970052e+00,0.000000000000000000e+00,0.000000000000000000e+00
1.393939393939394034e+00,1.212121212121212155e-01,-8.823242902881646144e-01,-2.902409244355818707e+00,0.000000000000000000e+00,0.000000000000000000e+00
1.424242424242424310e+00,1.212121212121212155e-01,-8.853502374518520401e-01,-2.984805897537154529e+00,0.000000000000000000e+00,0.000000000000000000e+00
1.454545454545454586e+00,1.212121212121212155e-01,-8.879346353273845915e-01,-3.066865248015857581e+00,0.000000000000000000e+00,0.000000000000000000e+00
1.484848484848484862e+00,1.212121212121212155e-01,-8.901160426066824227e-01,-3.148547148942340890e+00,0.000000000000000000e+00,0.000000000000000000e+00
1.515151515151515138e+00,1.212121212121212155e-01,-8.919335765488104473e-01,-3.229820382453473915e+00,0.000000000000000000e+00,0.000000000000000000e+00
1.545454545454545414e+00,1.212121212121212155e-01,-8.934263578551351337e-01,-3.310662921333717534e+00,0.000000000000000000e+00,0.000000000000000000e+00
1.575757575757575690e+00,1.212121212121212155e-01,-8.946329440392483123e-01,-3.391061988024365537e+00,0.000000000000000000e+00,0.000000000000000000e+00
1.606060606060605966e+00,1.212121212121212155e-01,-8.955907767103363781e-01,-3.471013907522329411e+00,0.000000000000000000e+00,0.000000000000000000e+00
1.636363636363636465e+00,1.212121212121212155e-01,-8.963356682041720980e-01,-3.550523763989830606e+00,0.000000000000000000e+00,0.000000000000000000e+00
1.666666666666666741e+00,1.212121212121212155e-01,-8.969013508055438955e-01,-3.629604884133858178e+00,0.000000000000000000e+00,0.000000000000000000e+00
1.696969696969697017e+00,1.212121212121212155e-01,-8.973191078930634612e-01,-3.708278181513593008e+00,0.000000000000000000e+00,0.000000000000000000e+00
1.727272727272727293e+00,1.212121212121212155e-01,-8.976175016866512202e-01,-3.786571403033772043e+00,0.000000000000000000e+00,0.000000000000000000e+00
1.757575757575757569e+00,1.212121212121212155e-01,-8.978222079870017414e-01,-3.864518320972402332e+00,0.000000000000000000e+00,0.000000000000000000e+00
1.787878787878787845e+00,1.212121212121212155e-01,-8.979559650519797209e-01,-3.942157911114505087e+00,0.000000000000000000e+00,0.000000000000000000e+00
1.818181818181818121e+00,1.212121212121212155e-01,-8.980386412813742281e-01,-4.019533551453269737e+00,0.000000000000000000e+00,0.000000000000000000e+00
1.848484848484848397e+00,1.212121212121212155e-01,-8.980874228803606973e-01,-4.096692270272138892e+00,0.000000000000000000e+00,0.000000000000000000e+00
1.878787878787878896e+00,1.212121212121212155e-01,-8.981171143872572760e-01,-4.173684076141308097e+00,0.000000000000000000e+00,0.000000000000000000e+00
1.909090909090909172e+00,1.212121212121212155e-01,-8.981405267340536458e-01,-4.250561437213128180e+00,0.000000000000000000e+00,0.000000000000000000e+00
1.939393939393939448e+00,1.212121212121212155e-01,-8.981688979924298266e-01,-4.327379097463349922e+00,0.000000000000000000e+00,0.000000000000000000e+00
1.969696969696969724e+00,1.212121212121212155e-01,-8.982122763449625902e-01,-4.404194758942687749e+00,0.000000000000000000e+00,0.000000000000000000e+00
2.000000000000000000e+00,1.212121212121212155e-01,-8.982799314509367639e-01,-4.481072057882403037e+00,0.000000000000000000e+00,0.000000000000000000e+00
0.000000000000000000e+00,1.515151515151515194e-01,0.000000000000000000e+00,0.000000000000000000e+00,1.000000000000000000e+00,0.000000000000000000e+00
3.030303030303030387e-02,1.515151515151515194e-01,-2.462534562329607435e-02,-1.830910478555516571e-02,0.000000000000000000e+00,0.000000000000000000e+00
6.060606060606060774e-02,1.515151515151515194e-01,-5.098889403053986913e-02,-4.203120409405566860e-02,0.000000000000000000e+00,0.000000000000000000e+00
9.090909090909091161e-02,1.515151515151515194e-01,-7.889367982452645534e-02,-6.989353758387709115e-02,0.000000000000000000e+00,0.000000000000000000e+00
1.212121212121212155e-01,1.515151515151515194e-01,-1.078734822773152607e-01,-1.008873133980023318e-01,0.000000000000000000e+00,0.000000000000000000e+00
1.515151515151515194e-01,1.515151515151515194e-01,-1.373864058371457308e-01,-1.343425160641187333e-01,0.000000000000000000e+00,0.000000000000000000e+00
1.818181818181818232e-01,1.515151515151515194e-01,-1.669676654296214369e-01,-1.699008124662679531e-01,0.000000000000000000e+00,0.000000000000000000e+00
2.121212121212121271e-01,1.515151515151515194e-01,-1.962907324134774978e-01,-2.074237105704398176e-01,0.000000000000000000e+00,0.000000000000000000e+00
2.424242424242424310e-01,1.515151515151515194e-01,-2.251522837289829104e-01,-2.468896814410865836e-01,0.000000000000000000e+00,0.000000000000000000e+00
2.727272727272727071e-01,1.515151515151515194e-01,-2.534327389236016859e-01,-2.883222893683501931e-01,0.000000000000000000e+00,0.000000000000000000e+00
3.030303030303030387e-01,1.515151515151515194e-01,-2.810641909401424554e-01,-3.317537240337861681e-01,0.000000000000000000e+00,0.000000000000000000e+00
3.333333333333333148e-01,1.515151515151515194e-01,-3.080093372656586004e-01,-3.772091704475408203e-01,0.000000000000000000e+00,0.000000000000000000e+00
3.636363636363636465e-01,1.515151515151515194e-01,-3.342485844511569049e-01,-4.247013961801484605e-01,0.000000000000000000e+00,0.000000000000000000e+00
3.939393939393939226e-01,1.515151515151515194e-01,-3.597723812865655790e-01,-4.742299253874843745e-01,0.000000000000000000e+00,0.000000000000000000e+00
4.242424242424242542e-01,1.515151515151515194e-01,-3.845767275416466235e-01,-5.257820799827405134e-01,0.000000000000000000e+00,0.000000000000000000e+00
4.545454545454545303e-01,1.515151515151515194e-01,-4.086605710219756160e-01,-5.793346314184640855e-01,0.000000000000000000e+00,0.000000000000000000e+00
4.848484848484848619e-01,1.515151515151515194e-01,-4.320243168951447554e-01,-6.348555089431804355e-01,0.000000000000000000e+00,0.000000000000000000e+00
5.151515151515151381e-01,1.515151515151515194e-01,-4.546689889680062824e-01,-6.923053402848636795e-01,0.000000000000000000e+00,0.000000000000000000e+00
5.454545454545454142e-01,1.515151515151515194e-01,-4.765957718086925587e-01,-7.516387524258228980e-01,0.000000000000000000e+00,0.000000000000000000e+00
5.757575757575758013e-01,1.515151515151515194e-01,-4.978057746369438652e-01,-8.128054271494280503e-01,0.000000000000000000e+00,0.000000000000000000e+00
6.060606060606060774e-01,1.515151515151515194e-01,-5.182999239632296584e-01,-8.757509332524471279e-01,0.000000000000000000e+00,0.000000000000000000e+00
6.363636363636363535e-01,1.515151515151515194e-01,-5.380789308964717410e-01,-9.404173662106959375e-01,0.000000000000000000e+00,0.000000000000000000e+00
6.666666666666666297e-01,1.515151515151515194e-01,-5.571433020350349263e-01,-1.006743826917077422e+00,0.000000000000000000e+00,0.000000000000000000e+00
6.969696969696970168e-01,1.515151515151515194e-01,-5.754933764755507664e-01,-1.074666768739300338e+00,0.000000000000000000e+00,0.000000000000000000e+00
7.272727272727272929e-01,1.515151515151515194e-01,-5.931293795720440354e-01,-1.144120238829703817e+00,0.000000000000000000e+00,0.000000000000000000e+00
7.575757575757575690e-01,1.515151515151515194e-01,-6.100514889118215933e-01,-1.215036036371044847e+00,0.000000000000000000e+00,0.000000000000000000e+00
7.878787878787878451e-01,1.515151515151515194e-01,-6.262599108661286440e-01,-1.287343807670267681e+00,0.000000000000000000e+00,0.000000000000000000e+00
8.181818181818182323e-01,1.515151515151515194e-01,-6.417549677917048223e-01,-1.360971095843339196e+00,0.000000000000000000e+00,0.000000000000000000e+00
8.484848484848485084e-01,1.515151515151515194e-01,-6.565371969450495282e-01,-1.435843361260181306e+00,0.000000000000000000e+00,0.000000000000000000e+00
8.787878787878787845e-01,1.515151515151515194e-01,-6.706074626689271234e-01,-1.511883987867881585e+00,0.000000000000000000e+00,0.000000000000000000e+00
9.090909090909090606e-01,1.515151515151515194e-01,-6.839670835465351262e-01,-1.589014289878642128e+00,0.000000000000000000e+00,0.000000000000000000e+00
9.393939393939394478e-01,1.515151515151515194e-01,-6.966179760480218919e-01,-1.667153532972619034e+00,0.000000000000000000e+00,0.000000000000000000e+00
9.696969696969697239e-01,1.515151515151515194e-01,-7.085628157314807218e-01,-1.746218983986757456e+00,0.000000000000000000e+00,0.000000000000000000e+00
1.000000000000000000e+00,1.515151515151515194e-01,-7.198052163014256877e-01,-1.826126002888180944e+00,0.000000000000000000e+00,0.000000000000000000e+00
1.030303030303030276e+00,1.515151515151515194e-01,-7.303499257639721742e-01,-1.906788190504009828e+00,0.000000000000000000e+00,0.000000000000000000e+00
1.060606060606060552e+00,1.515151515151515194e-01,-7.402030375515532556e-01,-1.988117604832718488e+00,0.000000000000000000e+00,0.000000000000000000e+00
1.090909090909090828e+00,1.515151515151515194e-01,-7.493722128444519903e-01,-2.070025057631345700e+00,0.000000000000000000e+00,0.000000000000000000e+00
1.121212121212121104e+00,1.515151515151515194e-01,-7.578669084464958461e-01,-2.152420501206656844e+00,0.000000000000000000e+00,0.000000000000000000e+00
1.151515151515151603e+00,1.515151515151515194e-01,-7.656986025705025956e-01,-2.235213512811371928e+00,0.000000000000000000e+00,0.000000000000000000e+00
1.181818181818181879e+00,1.515151515151515194e-01,-7.728810088893051100e-01,-2.318313880674166327e+00,0.000000000000000000e+00,0.000000000000000000e+00
1.212121212121212155e+00,1.515151515151515194e-01,-7.794302673837842921e-01,-2.401632291446998746e+00,0.000000000000000000e+00,0.000000000000000000e+00
1.242424242424242431e+00,1.515151515151515194e-01,-7.853650990765295159e-01,-2.485081113780245321e+00,0.000000000000000000e+00,0.000000000000000000e+00
1.272727272727272707e+00,1.515151515151515194e-01,-7.907069109050376410e-01,-2.568575266965559489e+00,0.000000000000000000e+00,0.000000000000000000e+00
1.303030303030302983e+00,1.515151515151515194e-01,-7.954798369903625099e-01,-2.652033157343280489e+00,0.000000000000000000e+00,0.000000000000000000e+00
1.333333333333333259e+00,1.515151515151515194e-01,-7.997107036035657757e-01,-2.735377658780417054e+00,0.000000000000000000e+00,0.000000000000000000e+00
1.363636363636363535e+00,1.515151515151515194e-01,-8.034289073824969485e-01,-2.818537107408735309e+00,0.000000000000000000e+00,0.000000000000000000e+00
1.393939393939394034e+00,1.515151515151515194e-01,-8.066661998861132110e-01,-2.901446275479992565e+00,0.000000000000000000e+00,0.000000000000000000e+00
1.424242424242424310e+00,1.515151515151515194e-01,-8.094563763631332787e-01,-2.984047285224352031e+00,0.000000000000000000e+00,0.000000000000000000e+00
1.454545454545454586e+00,1.515151515151515194e-01,-8.118348724862592958e-01,-3.066290421600923466e+00,0.000000000000000000e+00,0.000000000000000000e+00
1.484848484848484862e+00,1.515151515151515194e-01,-8.138382794264249487e-01,-3.148134803405091553e+00,0.000000000000000000e+00,0.000000000000000000e+00
1.515151515151515138e+00,1.515151515151515194e-01,-8.155037944991010423e-01,-3.229548875858081924e+00,0.000000000000000000e+00,0.000000000000000000e+00
1.545454545454545414e+00,1.515151515151515194e-01,-8.168686310041000098e-01,-3.310510694916034780e+00,0.000000000000000000e+00,0.000000000000000000e+00
1.575757575757575690e+00,1.515151515151515194e-01,-8.179694160367499967e-01,-3.391007983993660435e+00,0.000000000000000000e+00,0.000000000000000000e+00
1.606060606060605966e+00,1.515151515151515194e-01,-8.188416080549473230e-01,-3.471037957450895384e+00,0.000000000000000000e+00,0.000000000000000000e+00
1.636363636363636465e+00,1.515151515151515194e-01,-8.195189659448729458e-01,-3.550606921168200092e+00,0.000000000000000000e+00,0.000000000000000000e+00
1.666666666666666741e+00,1.515151515151515194e-01,-8.200330979266022835e-01,-3.629729676604161348e+00,0.000000000000000000e+00,0.000000000000000000e+00
1.696969696969697017e+00,1.515151515151515194e-01,-8.204131125432818639e-01,-3.708428767910886936e+00,0.000000000000000000e+00,0.000000000000000000e+00
1.727272727272727293e+00,1.515151515151515194e-01,-8.206853866364415273e-01,-3.786733619564360165e+00,0.000000000000000000e+00,0.000000000000000000e+00
1.757575757575757569e+00,1.515151515151515194e-01,-8.208734582602376095e-01,-3.864679613666706981e+00,0.000000000000000000e+00,0.000000000000000000e+00
1.787878787878787845e+00,1.515151515151515194e-01,-8.209980471002994440e-01,-3.942307152555533101e+00,0.000000000000000000e+00,0.000000000000000000e+00
1.818181818181818121e+00,1.515151515151515194e-01,-8.210772014389100537e-01,-4.019660746468715296e+00,0.000000000000000000e+00,0.000000000000000000e+00
1.848484848484848397e+00,1.515151515151515194e-01,-8.211265684697415246e-01,-4.096788163047426323e+00,0.000000000000000000e+00,0.000000000000000000e+00
1.878787878787878896e+00,1.515151515151515194e-01,-8.211597830623843519e-01,-4.173739685077291206e+00,0.000000000000000000e+00,0.000000000000000000e+00
1.909090909090909172e+00,1.515151515151515194e-01,-8.211889704486131647e-01,-4.250567563742171373e+00,0.000000000000000000e+00,0.000000000000000000e+00
1.939393939393939448e+00,1.515151515151515194e-01,-8.212253718183011308e-01,-4.327325863499073222e+00,0.000000000000000000e+00,0.000000000000000000e+00
1.969696969696969724e+00,1.515151515151515194e-01,-8.212801689691943130e-01,-4.404071139489194486e+00,0.000000000000000000e+00,0.000000000000000000e+00
2.000000000000000000e+00,1.515151515151515194e-01,-8.213658254137451431e-01,-4.480864866999798579e+00,0.000000000000000000e+00,0.000000000000000000e+00
0.000000000000000000e+00,1.818181818181818232e-01,0.000000000000000000e+00,0.000000000000000000e+00,1.000000000000000000e+00,0.000000000000000000e+00
3.030303030303030387e-02,1.818181818181818232e-01,-2.184337708095550681e-02,-1.615326709977451050e-02,0.000000000000000000e+00,0.000000000000000000e+00
6.060606060606060774e-02,1.818181818181818232e-01,-4.503144191241666844e-02,-3.757575324531097632e-02,0.000000000000000000e+00,0.000000000000000000e+00
9.090909090909091161e-02,1.818181818181818232e-01,-6.948454771410325637e-02,-6.333822312024123269e-02,0.000000000000000000e+00,0.000000000000000000e+00
1.212121212121212155e-01,1.818181818181818232e-01,-9.493046727074755387e-02,-9.264195163377032805e-02,0.000000000000000000e+00,0.000000000000000000e+00
1.515151515151515194e-01,1.818181818181818232e-01,-1.210053311607578175e-01,-1.248826725585649167e-01,0.000000000000000000e+00,0.000000000000000000e+00
1.818181818181818232e-01,1.818181818181818232e-01,-1.473475657056310117e-01,-1.596580755364192528e-01,0.000000000000000000e+00,0.000000000000000000e+00
2.121212121212121271e-01,1.818181818181818232e-01,-1.736569569096953203e-01,-1.967345836173499674e-01,0.000000000000000000e+00,0.000000000000000000e+00
2.424242424242424310e-01,1.818181818181818232e-01,-1.997127453589471746e-01,-2.359945770171154589e-01,0.000000000000000000e+00,0.000000000000000000e+00
2.727272727272727071e-01,1.818181818181818232e-01,-2.253643717083939624e-01,-2.773862309180853414e-01,0.000000000000000000e+00,0.000000000000000000e+00
3.030303030303030387e-01,1.818181818181818232e-01,-2.505134290598838298e-01,-3.208881527094206709e-01,0.000000000000000000e+00,0.000000000000000000e+00
3.333333333333333148e-01,1.818181818181818232e-01,-2.750973021087689263e-01,-3.664889337464302121e-01,0.000000000000000000e+00,0.000000000000000000e+00
3.636363636363636465e-01,1.818181818181818232e-01,-2.990770047319263325e-01,-4.141767201062429571e-01,0.000000000000000000e+00,0.000000000000000000e+00
3.939393939393939226e-01,1.818181818181818232e-01,-3.224288243163823120e-01,-4.639345310546776346e-01,0.000000000000000000e+00,0.000000000000000000e+00
4.242424242424242542e-01,1.818181818181818232e-01,-3.451387838470706404e-01,-5.157386126553182848e-01,0.000000000000000000e+00,0.000000000000000000e+00
4.545454545454545303e-01,1.818181818181818232e-01,-3.671990348106558000e-01,-5.695582864597428241e-01,0.000000000000000000e+00,0.000000000000000000e+00
4.848484848484848619e-01,1.818181818181818232e-01,-3.886055283534659011e-01,-6.253564647872454918e-01,0.000000000000000000e+00,0.000000000000000000e+00
5.151515151515151381e-01,1.818181818181818232e-01,-4.093565194265809115e-01,-6.830904037095709702e-01,0.000000000000000000e+00,0.000000000000000000e+00
5.454545454545454142e-01,1.818181818181818232e-01,-4.294516102915149069e-01,-7.427124814135195319e-01,0.000000000000000000e+00,0.000000000000000000e+00
5.757575757575758013e-01,1.818181818181818232e-01,-4.488911428605730225e-01,-8.041709044041382981e-01,0.000000000000000000e+00,0.000000000000000000e+00
6.060606060606060774e-01,1.818181818181818232e-01,-4.676758171545778442e-01,-8.674103035754719970e-01,0.000000000000000000e+00,0.000000000000000000e+00
6.363636363636363535e-01,1.818181818181818232e-01,-4.858064570933280368e-01,-9.323722121825629428e-01,0.000000000000000000e+00,0.000000000000000000e+00
6.666666666666666297e-01,1.818181818181818232e-01,-5.032838731538387123e-01,-9.989954321340344112e-01,0.000000000000000000e+00,0.000000000000000000e+00
6.969696969696970168e-01,1.818181818181818232e-01,-5.201087897110149294e-01,-1.067216301305107029e+00,0.000000000000000000e+00,0.000000000000000000e+00
7.272727272727272929e-01,1.818181818181818232e-01,-5.362818167466701924e-01,-1.136968876784430815e+00,0.000000000000000000e+00,0.000000000000000000e+00
7.575757575757575690e-01,1.818181818181818232e-01,-5.518034533996273305e-01,-1.208185049274429268e+00,0.000000000000000000e+00,0.000000000000000000e+00
7.878787878787878451e-01,1.818181818181818232e-01,-5.666741160020727364e-01,-1.280794603407735099e+00,0.000000000000000000e+00,0.000000000000000000e+00
8.181818181818182323e-01,1.818181818181818232e-01,-5.808941867259762581e-01,-1.354725238113764441e+00,0.000000000000000000e+00,0.000000000000000000e+00
8.484848484848485084e-01,1.818181818181818232e-01,-5.944640813160396720e-01,-1.429902560658565802e+00,0.000000000000000000e+00,0.000000000000000000e+00
8.787878787878787845e-01,1.818181818181818232e-01,-6.073843359528808827e-01,-1.506250067706856877e+00,0.000000000000000000e+00,0.000000000000000000e+00
9.090909090909090606e-01,1.818181818181818232e-01,-6.196557142649119498e-01,-1.583689126736899322e+00,0.000000000000000000e+00,0.000000000000000000e+00
9.393939393939394478e-01,1.818181818181818232e-01,-6.312793359867099330e-01,-1.662138971331856396e+00,0.000000000000000000e+00,0.000000000000000000e+00
9.696969696969697239e-01,1.818181818181818232e-01,-6.422568287817043142e-01,-1.741516724185744991e+00,0.000000000000000000e+00,0.000000000000000000e+00
1.000000000000000000e+00,1.818181818181818232e-01,-6.525905043089109681e-01,-1.821737461972530170e+00,0.000000000000000000e+00,0.000000000000000000e+00
1.030303030303030276e+00,1.818181818181818232e-01,-6.622835587043972572e-01,-1.902714336379067506e+00,0.000000000000000000e+00,0.000000000000000000e+00
1.060606060606060552e+00,1.818181818181818232e-01,-6.713402962604595459e-01,-1.984358765420464410e+00,0.000000000000000000e+00,0.000000000000000000e+00
1.090909090909090828e+00,1.818181818181818232e-01,-6.797663732336944875e-01,-2.066580708451730697e+00,0.000000000000000000e+00,0.000000000000000000e+00
1.121212121212121104e+00,1.818181818181818232e-01,-6.875690564499675750e-01,-2.149289036874870717e+00,0.000000000000000000e+00,0.000000000000000000e+00
1.151515151515151603e+00,1.818181818181818232e-01,-6.947574888031218254e-01,-2.232392010246126990e+00,0.000000000000000000e+00,0.000000000000000000e+00
1.181818181818181879e+00,1.818181818181818232e-01,-7.013429510271985690e-01,-2.315797864181083909e+00,0.000000000000000000e+00,0.000000000000000000e+00
1.212121212121212155e+00,1.818181818181818232e-01,-7.073391064816011431e-01,-2.399415512061949141e+00,0.000000000000000000e+00,0.000000000000000000e+00
1.242424242424242431e+00,1.818181818181818232e-01,-7.127622134019621081e-01,-2.483155357077568404e+00,0.000000000000000000e+00,0.000000000000000000e+00
1.272727272727272707e+00,1.818181818181818232e-01,-7.176312874536039388e-01,-2.566930204678118166e+00,0.000000000000000000e+00,0.000000000000000000e+00
1.303030303030302983e+00,1.818181818181818232e-01,-7.219681968133280225e-01,-2.650656258323175418e+00,0.000000000000000000e+00,0.000000000000000000e+00
1.333333333333333259e+00,1.818181818181818232e-01,-7.257976727188047983e-01,-2.734254173790154230e+00,0.000000000000000000e+00,0.000000000000000000e+00
1.363636363636363535e+00,1.818181818181818232e-01,-7.291472207305886855e-01,-2.817650139764644290e+00,0.000000000000000000e+00,0.000000000000000000e+00
1.393939393939394034e+00,1.818181818181818232e-01,-7.320469220211753836e-01,-2.900776945554194963e+00,0.000000000000000000e+00,0.000000000000000000e+00
1.424242424242424310e+00,1.818181818181818232e-01,-7.345291198657468712e-01,-2.983574991259922982e+00,0.000000000000000000e+00,0.000000000000000000e+00
1.454545454545454586e+00,1.818181818181818232e-01,-7.366279939943249921e-01,-3.065993192391307076e+00,0.000000000000000000e+00,0.000000000000000000e+00
1.484848484848484862e+00,1.818181818181818232e-01,-7.383790341699384419e-01,-3.147989730530542651e+00,0.000000000000000000e+00,0.000000000000000000e+00
1.515151515151515138e+00,1.818181818181818232e-01,-7.398184336071335077e-01,-3.229532604995804856e+00,0.000000000000000000e+00,0.000000000000000000e+00
1.545454545454545414e+00,1.818181818181818232e-01,-7.409824316448975212e-01,-3.310599948175203977e+00,0.000000000000000000e+00,0.000000000000000000e+00
1.575757575757575690e+00,1.818181818181818232e-01,-7.419066423679560041e-01,-3.391180079204234143e+00,0.000000000000000000e+00,0.000000000000000000e+00
1.606060606060605966e+00,1.818181818181818232e-01,-7.426254101583488199e-01,-3.471271287247997606e+00,0.000000000000000000e+00,0.000000000000000000e+00
1.636363636363636465e+00,1.818181818181818232e-01,-7.431712328611995710e-01,-3.550881355958159347e+00,0.000000000000000000e+00,0.000000000000000000e+00
1.666666666666666741e+00,1.818181818181818232e-01,-7.435742877594514466e-01,-3.630026861346764111e+00,0.000000000000000000e+00,0.000000000000000000e+00
1.696969696969697017e+00,1.818181818181818232e-01,-7.438620859367243154e-01,-3.708732291814266002e+00,0.000000000000000000e+00,0.000000000000000000e+00
1.727272727272727293e+00,1.818181818181818232e-01,-7.440592692062936164e-01,-3.787029048012025889e+00,0.000000000000000000e+00,0.000000000000000000e+00
1.757575757575757569e+00,1.818181818181818232e-01,-7.441875532036014151e-01,-3.864954380799249467e+00,0.000000000000000000e+00,0.000000000000000000e+00
1.787878787878787845e+00,1.818181818181818232e-01,-7.442658124639753847e-01,-3.942550319582715179e+00,0.000000000000000000e+00,0.000000000000000000e+00
1.818181818181818121e+00,1.818181818181818232e-01,-7.443102993667948253e-01,-4.019862634700951176e+00,0.000000000000000000e+00,0.000000000000000000e+00
1.848484848484848397e+00,1.818181818181818232e-01,-7.443349891489786652e-01,-4.096939871950747936e+00,0.000000000000000000e+00,0.000000000000000000e+00
1.878787878787878896e+00,1.818181818181818232e-01,-7.443520487903523275e-01,-4.173832502975813874e+00,0.000000000000000000e+00,0.000000000000000000e+00
1.909090909090909172e+00,1.818181818181818232e-01,-7.443724426876977551e-01,-4.250592264015682353e+00,0.000000000000000000e+00,0.000000000000000000e+00
1.939393939393939448e+00,1.818181818181818232e-01,-7.444067256598274618e-01,-4.327271824206219364e+00,0.000000000000000000e+00,0.000000000000000000e+00
1.969696969696969724e+00,1.818181818181818232e-01,-7.444661666328484806e-01,-4.403925048489762517e+00,0.000000000000000000e+00,0.000000000000000000e+00
2.000000000000000000e+00,1.818181818181818232e-01,-7.445645633912892913e-01,-4.480608271435802870e+00,0.000000000000000000e+00,0.000000000000000000e+00
0.000000000000000000e+00,2.121212121212121271e-01,0.000000000000000000e+00,0.000000000000000000e+00,1.000000000000000000e+00,0.000000000000000000e+00
3.030303030303030387e-02,2.121212121212121271e-01,-1.931277643113376435e-02,-1.449211508258144501e-02,0.000000000000000000e+00,0.000000000000000000e+00
6.060606060606060774e-02,2.121212121212121271e-01,-3.968231469628066832e-02,-3.410421889846765309e-02,0.000000000000000000e+00,0.000000000000000000e+00
9.090909090909091161e-02,2.121212121212121271e-01,-6.108395088491098968e-02,-5.813752729814097159e-02,0.000000000000000000e+00,0.000000000000000000e+00
1.212121212121212155e-01,2.121212121212121271e-01,-8.335561132667648754e-02,-8.595441268769508925e-02,0.000000000000000000e+00,0.000000000000000000e+00
1.515151515151515194e-01,2.121212121212121271e-01,-1.062528602929800614e-01,-1.170296095296641525e-01,0.000000000000000000e+00,0.000000000000000000e+00
1.818181818181818232e-01,2.121212121212121271e-01,-1.295064235305970202e-01,-1.509679733683361724e-01,0.000000000000000000e+00,0.000000000000000000e+00
2.121212121212121271e-01,2.121212121212121271e-01,-1.528665783668591016e-01,-1.874961701886618537e-01,0.000000000000000000e+00,0.000000000000000000e+00
2.424242424242424310e-01,2.121212121212121271e-01,-1.761272564725101519e-01,-2.264379237563871328e-01,0.000000000000000000e+00,0.000000000000000000e+00
2.727272727272727071e-01,2.121212121212121271e-01,-1.991316540301673044e-01,-2.676839694208134612e-01,0.000000000000000000e+00,0.000000000000000000e+00
3.030303030303030387e-01,2.121212121212121271e-01,-2.217666944461562095e-01,-3.111655188031374752e-01,0.000000000000000000e+00,0.000000000000000000e+00
3.333333333333333148e-01,2.121212121212121271e-01,-2.439536499929227942e-01,-3.568351069483166049e-01,0.000000000000000000e+00,0.000000000000000000e+00
3.636363636363636465e-01,2.121212121212121271e-01,-2.656390739060776052e-01,-4.046545294440778151e-01,0.000000000000000000e+00,0.000000000000000000e+00
3.939393939393939226e-01,2.121212121212121271e-01,-2.867874592291042024e-01,-4.545879331589668393e-01,0.000000000000000000e+00,0.000000000000000000e+00
4.242424242424242542e-01,2.121212121212121271e-01,-3.073757494651119249e-01,-5.065981876627341229e-01,0.000000000000000000e+00,0.000000000000000000e+00
4.545454545454545303e-01,2.121212121212121271e-01,-3.273893948525174458e-01,-5.606451909995687766e-01,0.000000000000000000e+00,0.000000000000000000e+00
4.848484848484848619e-01,2.121212121212121271e-01,-3.468195786976769890e-01,-6.166852507339960487e-01,0.000000000000000000e+00,0.000000000000000000e+00
5.151515151515151381e-01,2.121212121212121271e-01,-3.656612893377726436e-01,-6.746710246599711969e-01,0.000000000000000000e+00,0.000000000000000000e+00
5.454545454545454142e-01,2.121212121212121271e-01,-3.839119891052155675e-01,-7.345517238040905061e-01,0.000000000000000000e+00,0.000000000000000000e+00
5.757575757575758013e-01,2.121212121212121271e-01,-4.015706998926423243e-01,-7.962734121954705424e-01,0.000000000000000000e+00,0.000000000000000000e+00
6.060606060606060774e-01,2.121212121212121271e-01,-4.186373779987273003e-01,-8.597793152231872904e-01,0.000000000000000000e+00,0.000000000000000000e+00
6.363636363636363535e-01,2.121212121212121271e-01,-4.351124897120209334e-01,-9.250100928344370255e-01,0.000000000000000000e+00,0.000000000000000000e+00
6.666666666666666297e-01,2.121212121212121271e-01,-4.509967265875013398e-01,-9.919040588586671703e-01,0.000000000000000000e+00,0.000000000000000000e+00
6.969696969696970168e-01,2.121212121212121271e-01,-4.662908186255574350e-01,-1.060397341542099969e+00,0.000000000000000000e+00,0.000000000000000000e+00
7.272727272727272929e-01,2.121212121212121271e-01,-4.809954170186302447e-01,-1.130423987789569873e+00,0.000000000000000000e+00,0.000000000000000000e+00
7.575757575757575690e-01,2.121212121212121271e-01,-4.951110275827331764e-01,-1.201916017484337296e+00,0.000000000000000000e+00,0.000000000000000000e+00
7.878787878787878451e-01,2.121212121212121271e-01,-5.086379826990907738e-01,-1.274803436254176914e+00,0.000000000000000000e+00,0.000000000000000000e+00
8.181818181818182323e-01,2.121212121212121271e-01,-5.215764444115468246e-01,-1.349014216137183420e+00,0.000000000000000000e+00,0.000000000000000000e+00
8.484848484848485084e-01,2.121212121212121271e-01,-5.339264348238853541e-01,-1.424474254322739331e+00,0.000000000000000000e+00,0.000000000000000000e+00
8.787878787878787845e-01,2.121212121212121271e-01,-5.456878924770086625e-01,-1.501107320802610667e+00,0.000000000000000000e+00,0.000000000000000000e+00
9.090909090909090606e-01,2.121212121212121271e-01,-5.568607551716986404e-01,-1.578835006509391237e+00,0.000000000000000000e+00,0.000000000000000000e+00
9.393939393939394478e-01,2.121212121212121271e-01,-5.674450708472855709e-01,-1.657576684386992349e+00,0.000000000000000000e+00,0.000000000000000000e+00
9.696969696969697239e-01,2.121212121212121271e-01,-5.774411386663083068e-01,-1.737249496797439896e+00,0.000000000000000000e+00,0.000000000000000000e+00
1.000000000000000000e+00,2.121212121212121271e-01,-5.868496823800851692e-01,-1.817768383626777506e+00,0.000000000000000000e+00,0.000000000000000000e+00
1.030303030303030276e+00,2.121212121212121271e-01,-5.956720573267967334e-01,-1.899046166265819346e+00,0.000000000000000000e+00,0.000000000000000000e+00
1.060606060606060552e+00,2.121212121212121271e-01,-6.039104910092875089e-01,-1.980993703121314953e+00,0.000000000000000000e+00,0.000000000000000000e+00
1.090909090909090828e+00,2.121212121212121271e-01,-6.115683551054558187e-01,-2.063520132239872851e+00,0.000000000000000000e+00,0.000000000000000000e+00
1.121212121212121104e+00,2.121212121212121271e-01,-6.186504640181764714e-01,-2.146533215763849256e+00,0.000000000000000000e+00,0.000000000000000000e+00
1.151515151515151603e+00,2.121212121212121271e-01,-6.251633917804605423e-01,-2.229939799052220728e+00,0.000000000000000000e+00,0.000000000000000000e+00
1.181818181818181879e+00,2.121212121212121271e-01,-6.311157954846754459e-01,-2.313646394186275934e+00,0.000000000000000000e+00,0.000000000000000000e+00
1.212121212121212155e+00,2.121212121212121271e-01,-6.365187296819125873e-01,-2.397559893094401762e+00,0.000000000000000000e+00,0.000000000000000000e+00
1.242424242424242431e+00,2.121212121212121271e-01,-6.413859327655477838e-01,-2.481588409615308688e+00,0.000000000000000000e+00,0.000000000000000000e+00
1.272727272727272707e+00,2.121212121212121271e-01,-6.457340636484648622e-01,-2.565642242535377093e+00,0.000000000000000000e+00,0.000000000000000000e+00
1.303030303030302983e+00,2.121212121212121271e-01,-6.495828655442876798e-01,-2.649634943185533942e+00,0.000000000000000000e+00,0.000000000000000000e+00
1.333333333333333259e+00,2.121212121212121271e-01,-6.529552338469372108e-01,-2.733484461930675735e+00,0.000000000000000000e+00,0.000000000000000000e+00
1.363636363636363535e+00,2.121212121212121271e-01,-6.558771673942490610e-01,-2.817114338367349369e+00,0.000000000000000000e+00,0.000000000000000000e+00
1.393939393939394034e+00,2.121212121212121271e-01,-6.583775871088988207e-01,-2.900454890977624878e+00,0.000000000000000000e+00,0.000000000000000000e+00
1.424242424242424310e+00,2.121212121212121271e-01,-6.604880132557103822e-01,-2.983444354251771458e+00,0.000000000000000000e+00,0.000000000000000000e+00
1.454545454545454586e+00,2.121212121212121271e-01,-6.622421021986411027e-01,-3.066029905916689557e+00,0.000000000000000000e+00,0.000000000000000000e+00
1.484848484848484862e+00,2.121212121212121271e-01,-6.636750551045318414e-01,-3.148168525012417174e+00,0.000000000000000000e+00,0.000000000000000000e+00
1.515151515151515138e+00,2.121212121212121271e-01,-6.648229236474754167e-01,-3.229827624257320284e+00,0.000000000000000000e+00,0.000000000000000000e+00
1.545454545454545414e+00,2.121212121212121271e-01,-6.657218500028014851e-01,-3.310985408597006963e+00,0.000000000000000000e+00,0.000000000000000000e+00
1.575757575757575690e+00,2.121212121212121271e-01,-6.664072888580160337e-01,-3.391630925812084474e+00,0.000000000000000000e+00,0.000000000000000000e+00
1.606060606060605966e+00,2.121212121212121271e-01,-6.669132654338385535e-01,-3.471763795988826562e+00,0.000000000000000000e+00,0.000000000000000000e+00
1.636363636363636465e+00,2.121212121212121271e-01,-6.672717227889374270e-01,-3.551393633819904139e+00,0.000000000000000000e+00,0.000000000000000000e+00
1.666666666666666741e+00,2.121212121212121271e-01,-6.675120029304897340e-01,-3.630539205659399915e+00,0.000000000000000000e+00,0.000000000000000000e+00
1.696969696969697017e+00,2.121212121212121271e-01,-6.676604913320394186e-01,-3.709227384722450616e+00,0.000000000000000000e+00,0.000000000000000000e+00
1.727272727272727293e+00,2.121212121212121271e-01,-6.677404372433585200e-01,-3.787491977899507312e+00,0.000000000000000000e+00,0.000000000000000000e+00
1.757575757575757569e+00,2.121212121212121271e-01,-6.677719467612046600e-01,-3.865372495731005831e+00,0.000000000000000000e+00,0.000000000000000000e+00
1.787878787878787845e+00,2.121212121212121271e-01,-6.677721350132805878e-01,-3.942912926201618262e+00,0.000000000000000000e+00,0.000000000000000000e+00
1.818181818181818121e+00,2.121212121212121271e-01,-6.677554195711566942e-01,-4.020160558277865448e+00,0.000000000000000000e+00,0.000000000000000000e+00
1.848484848484848397e+00,2.121212121212121271e-01,-6.677339401187887269e-01,-4.097164888439205122e+00,0.000000000000000000e+00,0.000000000000000000e+00
1.878787878787878896e+00,2.121212121212121271e-01,-6.677181007502011045e-01,-4.173976638954993490e+00,0.000000000000000000e+00,0.000000000000000000e+00
1.909090909090909172e+00,2.121212121212121271e-01,-6.677172549611125607e-01,-4.250646926097433997e+00,0.000000000000000000e+00,0.000000000000000000e+00
1.939393939393939448e+00,2.121212121212121271e-01,-6.677405990385159029e-01,-4.327226642476124319e+00,0.000000000000000000e+00,0.000000000000000000e+00
1.969696969696969724e+00,2.121212121212121271e-01,-6.677984259589693217e-01,-4.403766148293808413e+00,0.000000000000000000e+00,0.000000000000000000e+00
2.000000000000000000e+00,2.121212121212121271e-01,-6.679040457155539512e-01,-4.480315337417282606e+00,0.000000000000000000e+00,0.000000000000000000e+00
0.000000000000000000e+00,2.424242424242424310e-01,0.000000000000000000e+00,0.000000000000000000e+00,1.000000000000000000e+00,0.000000000000000000e+00
3.030303030303030387e-02,2.424242424242424310e-01,-1.695907651770534735e-02,-1.319044733181015325e-02,0.000000000000000000e+00,0.000000000000000000e+00
6.060606060606060774e-02,2.424242424242424310e-01,-3.475666850004918706e-02,-3.136324944053796998e-02,0.000000000000000000e+00,0.000000000000000000e+00
9.090909090909091161e-02,2.424242424242424310e-01,-5.339428589900577921e-02,-5.397828116818433053e-02,0.000000000000000000e+00,0.000000000000000000e+00
1.212121212121212155e-01,2.424242424242424310e-01,-7.277449522392077930e-02,-8.051951464958723159e-02,0.000000000000000000e+00,0.000000000000000000e+00
1.515151515151515194e-01,2.424242424242424310e-01,-9.273195960086283440e-02,-1.105349148737723303e-01,0.000000000000000000e+00,0.000000000000000000e+00
1.818181818181818232e-01,2.424242424242424310e-01,-1.130691727203989722e-01,-1.436558666950643603e-01,0.000000000000000000e+00,0.000000000000000000e+00
2.121212121212121271e-01,2.424242424242424310e-01,-1.335877450931229893e-01,-1.795995330864972039e-01,0.000000000000000000e+00,0.000000000000000000e+00
2.424242424242424310e-01,2.424242424242424310e-01,-1.541098404543909117e-01,-2.181588965452587736e-01,0.000000000000000000e+00,0.000000000000000000e+00
2.727272727272727071e-01,2.424242424242424310e-01,-1.744885617394079658e-01,-2.591863092814540859e-01,0.000000000000000000e+00,0.000000000000000000e+00
3.030303030303030387e-01,2.424242424242424310e-01,-1.946095441707142437e-01,-3.025759665870196291e-01,0.000000000000000000e+00,0.000000000000000000e+00
3.333333333333333148e-01,2.424242424242424310e-01,-2.143874569102352245e-01,-3.482488973044040592e-01,0.000000000000000000e+00,0.000000000000000000e+00
3.636363636363636465e-01,2.424242424242424310e-01,-2.337606028132795111e-01,-3.961418340395826965e-01,0.000000000000000000e+00,0.000000000000000000e+00
3.939393939393939226e-01,2.424242424242424310e-01,-2.526854951495299262e-01,-4.461997418844415586e-01,0.000000000000000000e+00,0.000000000000000000e+00
4.242424242424242542e-01,2.424242424242424310e-01,-2.711322004765454041e-01,-4.983711490592449000e-01,0.000000000000000000e+00,0.000000000000000000e+00
4.545454545454545303e-01,2.424242424242424310e-01,-2.890806342027114062e-01,-5.526053967543258505e-01,0.000000000000000000e+00,0.000000000000000000e+00
4.848484848484848619e-01,2.424242424242424310e-01,-3.065177351041699638e-01,-6.088511158279668045e-01,0.000000000000000000e+00,0.000000000000000000e+00
5.151515151515151381e-01,2.424242424242424310e-01,-3.234353624764619850e-01,-6.670554484713714372e-01,0.000000000000000000e+00,0.000000000000000000e+00
5.454545454545454142e-01,2.424242424242424310e-01,-3.398287544916106517e-01,-7.271637004732706133e-01,0.000000000000000000e+00,0.000000000000000000e+00
5.757575757575758013e-01,2.424242424242424310e-01,-3.556954089986156253e-01,-7.891192273103703192e-01,0.000000000000000000e+00,0.000000000000000000e+00
6.060606060606060774e-01,2.424242424242424310e-01,-3.710342766712733664e-01,-8.528634347859598286e-01,0.000000000000000000e+00,0.000000000000000000e+00
6.363636363636363535e-01,2.424242424242424310e-01,-3.858451827435012138e-01,-9.183358241779258080e-01,0.000000000000000000e+00,0.000000000000000000e+00
6.666666666666666297e-01,2.424242424242424310e-01,-4.001284151775340581e-01,-9.854740424136443355e-01,0.000000000000000000e+00,0.000000000000000000e+00
6.969696969696970168e-01,2.424242424242424310e-01,-4.138844339482947721e-01,-1.054213916444010524e+00,0.000000000000000000e+00,0.000000000000000000e+00
7.272727272727272929e-01,2.424242424242424310e-01,-4.271136689474870352e-01,-1.124489462258517980e+00,0.000000000000000000e+00,0.000000000000000000e+00
7.575757575757575690e-01,2.424242424242424310e-01,-4.398163836976698993e-01,-1.196232865780737731e+00,0.000000000000000000e+00,0.000000000000000000e+00
7.878787878787878451e-01,2.424242424242424310e-01,-4.519925894006469602e-01,-1.269374437054030746e+00,0.000000000000000000e+00,0.000000000000000000e+00
8.181818181818182323e-01,2.424242424242424310e-01,-4.636419994391082211e-01,-1.343842541827797277e+00,0.000000000000000000e+00,0.000000000000000000e+00
8.484848484848485084e-01,2.424242424242424310e-01,-4.747640187527072952e-01,-1.419563516603111752e+00,0.000000000000000000e+00,0.000000000000000000e+00
8.787878787878787845e-01,2.424242424242424310e-01,-4.853577658227465896e-01,-1.496461574831251085e+00,0.000000000000000000e+00,0.000000000000000000e+00
9.090909090909090606e-01,2.424242424242424310e-01,-4.954221275075454400e-01,-1.574458713532776777e+00,0.000000000000000000e+00,0.000000000000000000e+00
9.393939393939394478e-01,2.424242424242424310e-01,-5.049558487613144964e-01,-1.653474631243880610e+00,0.000000000000000000e+00,0.000000000000000000e+00
9.696969696969697239e-01,2.424242424242424310e-01,-5.139576603553660528e-01,-1.733426669927301100e+00,0.000000000000000000e+00,0.000000000000000000e+00
1.000000000000000000e+00,2.424242424242424310e-01,-5.224264480591392923e-01,-1.814229795251204314e+00,0.000000000000000000e+00,0.000000000000000000e+00
1.030303030303030276e+00,2.424242424242424310e-01,-5.303614662550163450e-01,-1.895796631309174085e+00,0.000000000000000000e+00,0.000000000000000000e+00
1.060606060606060552e+00,2.424242424242424310e-01,-5.377625975746322950e-01,-1.978037567227329374e+00,0.000000000000000000e+00,0.000000000000000000e+00
1.090909090909090828e+00,2.424242424242424310e-01,-5.446306577994664000e-01,-2.060860953920276462e+00,0.000000000000000000e+00,0.000000000000000000e+00
1.121212121212121104e+00,2.424242424242424310e-01,-5.509677419665893749e-01,-2.144173409212815962e+00,0.000000000000000000e+00,0.000000000000000000e+00
1.151515151515151603e+00,2.424242424242424310e-01,-5.567776034529415830e-01,-2.227880248317409606e+00,0.000000000000000000e+00,0.000000000000000000e+00
1.181818181818181879e+00,2.424242424242424310e-01,-5.620660529860063148e-01,-2.311886053940830354e+00,0.000000000000000000e+00,0.000000000000000000e+00
1.212121212121212155e+00,2.424242424242424310e-01,-5.668413593856400645e-01,-2.396095395834311859e+00,0.000000000000000000e+00,0.000000000000000000e+00
1.242424242424242431e+00,2.424242424242424310e-01,-5.711146288553368144e-01,-2.480413703243311563e+00,0.000000000000000000e+00,0.000000000000000000e+00
1.272727272727272707e+00,2.424242424242424310e-01,-5.749001354029202870e-01,-2.564748285439140574e+00,0.000000000000000000e+00,0.000000000000000000e+00
1.303030303030302983e+00,2.424242424242424310e-01,-5.782155721531919701e-01,-2.649009485485965598e+00,0.000000000000000000e+00,0.000000000000000000e+00
1.333333333333333259e+00,2.424242424242424310e-01,-5.810821926171554352e-01,-2.733111940984538357e+00,0.000000000000000000e+00,0.000000000000000000e+00
1.363636363636363535e+00,2.424242424242424310e-01,-5.835248130567158853e-01,-2.816975913344326177e+00,0.000000000000000000e+00,0.000000000000000000e+00
1.393939393939394034e+00,2.424242424242424310e-01,-5.855716524489951169e-01,-2.900528635024826052e+00,0.000000000000000000e+00,0.000000000000000000e+00
1.424242424242424310e+00,2.424242424242424310e-01,-5.872539954940787510e-01,-2.983705613266294687e+00,0.000000000000000000e+00,0.000000000000000000e+00
1.454545454545454586e+00,2.424242424242424310e-01,-5.886056765586674677e-01,-3.066451820454934030e+00,0.000000000000000000e+00,0.000000000000000000e+00
1.484848484848484862e+00,2.424242424242424310e-01,-5.896623978695455515e-01,-3.148722696996272497e+00,0.000000000000000000e+00,0.000000000000000000e+00
1.515151515151515138e+00,2.424242424242424310e-01,-5.904609125573300199e-01,-3.230484894036599997e+00,0.000000000000000000e+00,0.000000000000000000e+00
1.545454545454545414e+00,2.424242424242424310e-01,-5.910381202813417278e-01,-3.311716692626365699e+00,0.000000000000000000e+00,0.000000000000000000e+00
1.575757575757575690e+00,2.424242424242424310e-01,-5.914301384175292275e-01,-3.392408052144958663e+00,0.000000000000000000e+00,0.000000000000000000e+00
1.606060606060605966e+00,2.424242424242424310e-01,-5.916714212618036095e-01,-3.472560268062387490e+00,0.000000000000000000e+00,0.000000000000000000e+00
1.636363636363636465e+00,2.424242424242424310e-01,-5.917939983763487177e-01,-3.552185257136531327e+00,0.000000000000000000e+00,0.000000000000000000e+00
1.666666666666666741e+00,2.424242424242424310e-01,-5.918268893852438595e-01,-3.631304527525302195e+00,0.000000000000000000e+00,0.000000000000000000e+00
1.696969696969697017e+00,2.424242424242424310e-01,-5.917957296155061941e-01,-3.709947919982497844e+00,0.000000000000000000e+00,0.000000000000000000e+00
1.727272727272727293e+00,2.424242424242424310e-01,-5.917226154261349125e-01,-3.788152217226130603e+00,0.000000000000000000e+00,0.000000000000000000e+00
1.757575757575757569e+00,2.424242424242424310e-01,-5.916261561490872012e-01,-3.865959711863488746e+00,0.000000000000000000e+00,0.000000000000000000e+00
1.787878787878787845e+00,2.424242424242424310e-01,-5.915217054073033109e-01,-3.943416804169760592e+00,0.000000000000000000e+00,0.000000000000000000e+00
1.818181818181818121e+00,2.424242424242424310e-01,-5.914217399111072471e-01,-4.020572676626848363e+00,0.000000000000000000e+00,0.000000000000000000e+00
1.848484848484848397e+00,2.424242424242424310e-01,-5.913363589738221959e-01,-4.097478068950390906e+00,0.000000000000000000e+00,0.000000000000000000e+00
1.878787878787878896e+00,2.424242424242424310e-01,-5.912738932925928337e-01,-4.174184160011869871e+00,0.000000000000000000e+00,0.000000000000000000e+00
1.909090909090909172e+00,2.424242424242424310e-01,-5.912416389945811535e-01,-4.250741553174955278e+00,0.000000000000000000e+00,0.000000000000000000e+00
1.939393939393939448e+00,2.424242424242424310e-01,-5.912467773812605243e-01,-4.327199354416854327e+00,0.000000000000000000e+00,0.000000000000000000e+00
1.969696969696969724e+00,2.424242424242424310e-01,-5.912976093669313205e-01,-4.403604308114600130e+00,0.000000000000000000e+00,0.000000000000000000e+00
2.000000000000000000e+00,2.424242424242424310e-01,-5.914053284845663949e-01,-4.479999856497293820e+00,0.000000000000000000e+00,0.000000000000000000e+00
0.000000000000000000e+00,2.727272727272727071e-01,0.000000000000000000e+00,0.000000000000000000e+00,1.000000000000000000e+00,0.000000000000000000e+00
3.030303030303030387e-02,2.727272727272727071e-01,-1.473569818694772833e-02,-1.216079280379221347e-02,0.000000000000000000e+00,0.000000000000000000e+00
6.060606060606060774e-02,2.727272727272727071e-01,-3.013946923747647805e-02,-2.918316209616692372e-02,0.000000000000000000e+00,0.000000000000000000e+00
9.090909090909091161e-02,2.727272727272727071e-01,-4.622477930613710234e-02,-5.063866681752894616e-02,0.000000000000000000e+00,0.000000000000000000e+00
1.212121212121212155e-01,2.727272727272727071e-01,-6.293307703567720124e-02,-7.610279286384599717e-02,0.000000000000000000e+00,0.000000000000000000e+00
1.515151515151515194e-01,2.727272727272727071e-01,-8.015176562861738019e-02,-1.051857725188969084e-01,0.000000000000000000e+00,0.000000000000000000e+00
1.818181818181818232e-01,2.727272727272727071e-01,-9.773677561698365657e-02,-1.375506591028122783e-01,0.000000000000000000e+00,0.000000000000000000e+00
2.121212121212121271e-01,2.727272727272727071e-01,-1.155342090248202835e-01,-1.729200486372730605e-01,0.000000000000000000e+00,0.000000000000000000e+00
2.424242424242424310e-01,2.727272727272727071e-01,-1.333973017675304518e-01,-2.110738403926578077e-01,0.000000000000000000e+00,0.000000000000000000e+00
2.727272727272727071e-01,2.727272727272727071e-01,-1.511970474111074547e-01,-2.518411887863121756e-01,0.000000000000000000e+00,0.000000000000000000e+00
3.030303030303030387e-01,2.727272727272727071e-01,-1.688267994557487439e-01,-2.950898854405323846e-01,0.000000000000000000e+00,0.000000000000000000e+00
3.333333333333333148e-01,2.727272727272727071e-01,-1.862024324555311972e-01,-3.407157789232934664e-01,0.000000000000000000e+00,0.000000000000000000e+00
3.636363636363636465e-01,2.727272727272727071e-01,-2.032599608157405757e-01,-3.886337853260151132e-01,0.000000000000000000e+00,0.000000000000000000e+00
3.939393939393939226e-01,2.727272727272727071e-01,-2.199521435397605029e-01,-4.387710256422724941e-01,0.000000000000000000e+00,0.000000000000000000e+00
4.242424242424242542e-01,2.727272727272727071e-01,-2.362450122989998291e-01,-4.910619623371205722e-01,0.000000000000000000e+00,0.000000000000000000e+00
4.545454545454545303e-01,2.727272727272727071e-01,-2.521147732501139993e-01,-5.454451291947277625e-01,0.000000000000000000e+00,0.000000000000000000e+00
4.848484848484848619e-01,2.727272727272727071e-01,-2.675452339901588927e-01,-6.018610160615374127e-01,0.000000000000000000e+00,0.000000000000000000e+00
5.151515151515151381e-01,2.727272727272727071e-01,-2.825257550594609257e-01,-6.602507412637984574e-01,0.000000000000000000e+00,0.000000000000000000e+00
5.454545454545454142e-01,2.727272727272727071e-01,-2.970496617087424185e-01,-7.205552379928225060e-01,0.000000000000000000e+00,0.000000000000000000e+00
5.757575757575758013e-01,2.727272727272727071e-01,-3.111130337188413586e-01,-7.827147635303552953e-01,0.000000000000000000e+00,0.000000000000000000e+00
6.060606060606060774e-01,2.727272727272727071e-01,-3.247137940668894940e-01,-8.466686032049957067e-01,0.000000000000000000e+00,0.000000000000000000e+00
6.363636363636363535e-01,2.727272727272727071e-01,-3.378510282419074362e-01,-9.123548856518366446e-01,0.000000000000000000e+00,0.000000000000000000e+00
6.666666666666666297e-01,2.727272727272727071e-01,-3.505244788768225317e-01,-9.797104563202456706e-01,0.000000000000000000e+00,0.000000000000000000e+00
6.969696969696970168e-01,2.727272727272727071e-01,-3.627341724687664914e-01,-1.048670776308881392e+00,0.000000000000000000e+00,0.000000000000000000e+00
7.272727272727272929e-01,2.727272727272727071e-01,-3.744801454116533646e-01,-1.119169826778659393e+00,0.000000000000000000e+00,0.000000000000000000e+00
7.575757575757575690e-01,2.727272727272727071e-01,-3.857622452462081131e-01,-1.191140007802820033e+00,0.000000000000000000e+00,0.000000000000000000e+00
7.878787878787878451e-01,2.727272727272727071e-01,-3.965799901303370678e-01,-1.264512026233957753e+00,0.000000000000000000e+00,0.000000000000000000e+00
8.181818181818182323e-01,2.727272727272727071e-01,-4.069324753175981857e-01,-1.339214771142408500e+00,0.000000000000000000e+00,0.000000000000000000e+00
8.484848484848485084e-01,2.727272727272727071e-01,-4.168183201567626783e-01,-1.415175178375833509e+00,0.000000000000000000e+00,0.000000000000000000e+00
8.787878787878787845e-01,2.727272727272727071e-01,-4.262356529847061704e-01,-1.492318088315994773e+00,0.000000000000000000e+00,0.000000000000000000e+00
9.090909090909090606e-01,2.727272727272727071e-01,-4.351821343967927080e-01,-1.570566103294950500e+00,0.000000000000000000e+00,0.000000000000000000e+00
9.393939393939394478e-01,2.727272727272727071e-01,-4.436550217841881416e-01,-1.649839453575473236e+00,0.000000000000000000e+00,0.000000000000000000e+00
9.696969696969697239e-01,2.727272727272727071e-01,-4.516512796930338691e-01,-1.730055883385525295e+00,0.000000000000000000e+00,0.000000000000000000e+00
1.000000000000000000e+00,2.727272727272727071e-01,-4.591677413899765137e-01,-1.811130571210348483e+00,0.000000000000000000e+00,0.000000000000000000e+00
1.030303030303030276e+00,2.727272727272727071e-01,-4.662013268713962599e-01,-1.892976101274436829e+00,0.000000000000000000e+00,0.000000000000000000e+00
1.060606060606060552e+00,2.727272727272727071e-01,-4.727493212723534177e-01,-1.975502505676666409e+00,0.000000000000000000e+00,0.000000000000000000e+00
1.090909090909090828e+00,2.727272727272727071e-01,-4.788097150789286105e-01,-2.058617398666443332e+00,0.000000000000000000e+00,0.000000000000000000e+00
1.121212121212121104e+00,2.727272727272727071e-01,-4.843816036535724123e-01,-2.142226225677824836e+00,0.000000000000000000e+00,0.000000000000000000e+00
1.151515151515151603e+00,2.727272727272727071e-01,-4.894656383909597452e-01,-2.226232649529158891e+00,0.000000000000000000e+00,0.000000000000000000e+00
1.181818181818181879e+00,2.727272727272727071e-01,-4.940645155345228523e-01,-2.310539094193132303e+00,0.000000000000000000e+00,0.000000000000000000e+00
1.212121212121212155e+00,2.727272727272727071e-01,-4.981834816955637568e-01,-2.395047462333107280e+00,0.000000000000000000e+00,0.000000000000000000e+00
1.242424242424242431e+00,2.727272727272727071e-01,-5.018308280255708853e-01,-2.479660036075618912e+00,0.000000000000000000e+00,0.000000000000000000e+00
1.272727272727272707e+00,2.727272727272727071e-01,-5.050183385855738782e-01,-2.564280561100918288e+00,0.000000000000000000e+00,0.000000000000000000e+00
1.303030303030302983e+00,2.727272727272727071e-01,-5.077616536679413484e-01,-2.648815502161898205e+00,0.000000000000000000e+00,0.000000000000000000e+00
1.333333333333333259e+00,2.727272727272727071e-01,-5.100805066646596497e-01,-2.733175443940791371e+00,0.000000000000000000e+00,0.000000000000000000e+00
1.363636363636363535e+00,2.727272727272727071e-01,-5.119987945272430618e-01,-2.817276595393650052e+00,0.000000000000000000e+00,0.000000000000000000e+00
1.393939393939394034e+00,2.727272727272727071e-01,-5.135444477681233577e-01,-2.901042339436975759e+00,0.000000000000000000e+00,0.000000000000000000e+00
1.424242424242424310e+00,2.727272727272727071e-01,-5.147490768649470860e-01,-2.984404754397142145e+00,0.000000000000000000e+00,0.000000000000000000e+00
1.454545454545454586e+00,2.727272727272727071e-01,-5.156473879478145061e-01,-3.067306020857848647e+00,0.000000000000000000e+00,0.000000000000000000e+00
1.484848484848484862e+00,2.727272727272727071e-01,-5.162763812337923808e-01,-3.149699619562560837e+00,0.000000000000000000e+00,0.000000000000000000e+00
1.515151515151515138e+00,2.727272727272727071e-01,-5.166743694865904013e-01,-3.231551225222553114e+00,0.000000000000000000e+00,0.000000000000000000e+00
1.545454545454545414e+00,2.727272727272727071e-01,-5.168798778875304256e-01,-3.312839211099936065e+00,0.000000000000000000e+00,0.000000000000000000e+00
1.575757575757575690e+00,2.727272727272727071e-01,-5.169305094681785340e-01,-3.393554697352241689e+00,0.000000000000000000e+00,0.000000000000000000e+00
1.606060606060605966e+00,2.727272727272727071e-01,-5.168618750640624482e-01,-3.473701112590605433e+00,0.000000000000000000e+00,0.000000000000000000e+00
1.636363636363636465e+00,2.727272727272727071e-01,-5.167066845117441742e-01,-3.553293293587870050e+00,0.000000000000000000e+00,0.000000000000000000e+00
1.666666666666666741e+00,2.727272727272727071e-01,-5.164940739322928520e-01,-3.632356205391011450e+00,0.000000000000000000e+00,0.000000000000000000e+00
1.696969696969697017e+00,2.727272727272727071e-01,-5.162492088410133295e-01,-3.710923403005268906e+00,0.000000000000000000e+00,0.000000000000000000e+00
1.727272727272727293e+00,2.727272727272727071e-01,-5.159931652581460915e-01,-3.789035366476102951e+00,0.000000000000000000e+00,0.000000000000000000e+00
1.757575757575757569e+00,2.727272727272727071e-01,-5.157430603814335823e-01,-3.866737825972990983e+00,0.000000000000000000e+00,0.000000000000000000e+00
1.787878787878787845e+00,2.727272727272727071e-01,-5.155123859637719130e-01,-3.944080161699095921e+00,0.000000000000000000e+00,0.000000000000000000e+00
1.818181818181818121e+00,2.727272727272727071e-01,-5.153114925694411985e-01,-4.021113925502920239e+00,0.000000000000000000e+00,0.000000000000000000e+00
1.848484848484848397e+00,2.727272727272727071e-01,-5.151481803172182072e-01,-4.097891494825968373e+00,0.000000000000000000e+00,0.000000000000000000e+00
1.878787878787878896e+00,2.727272727272727071e-01,-5.150283701102600364e-01,-4.174464839017598017e+00,0.000000000000000000e+00,0.000000000000000000e+00
1.909090909090909172e+00,2.727272727272727071e-01,-5.149568581868104733e-01,-4.250884352341759431e+00,0.000000000000000000e+00,0.000000000000000000e+00
1.939393939393939448e+00,2.727272727272727071e-01,-5.149381967693675843e-01,-4.327197679918874940e+00,0.000000000000000000e+00,0.000000000000000000e+00
1.969696969696969724e+00,2.727272727272727071e-01,-5.149777945094690113e-01,-4.403448413839945452e+00,0.000000000000000000e+00,0.000000000000000000e+00
2.000000000000000000e+00,2.727272727272727071e-01,-5.150833842811799457e-01,-4.479674428985418011e+00,0.000000000000000000e+00,0.000000000000000000e+00
0.000000000000000000e+00,3.030303030303030387e-01,0.000000000000000000e+00,0.000000000000000000e+00,1.000000000000000000e+00,0.000000000000000000e+00
3.030303030303030387e-02,3.030303030303030387e-01,-1.261109379692661354e-02,-1.134377630310425510e-02,0.000000000000000000e+00,0.000000000000000000e+00
6.060606060606060774e-02,3.030303030303030387e-01,-2.575359551082301648e-02,-2.744617695288085329e-02,0.000000000000000000e+00,0.000000000000000000e+00
9.090909090909091161e-02,3.030303030303030387e-01,-3.944553200507095597e-02,-4.795874481109130283e-02,0.000000000000000000e+00,0.000000000000000000e+00
1.212121212121212155e-01,3.030303030303030387e-01,-5.365210144113324170e-02,-7.252582497978811438e-02,0.000000000000000000e+00,0.000000000000000000e+00
1.515151515151515194e-01,3.030303030303030387e-01,-6.829630781774785608e-02,-1.008084635774450233e-01,0.000000000000000000e+00,0.000000000000000000e+00
1.818181818181818232e-01,3.030303030303030387e-01,-8.327343448943858029e-02,-1.325002818942009053e-01,0.000000000000000000e+00,0.000000000000000000e+00
2.121212121212121271e-01,3.030303030303030387e-01,-9.846594359381456718e-02,-1.673357063108253662e-01,0.000000000000000000e+00,0.000000000000000000e+00
2.424242424242424310e-01,3.030303030303030387e-01,-1.137562555808988851e-01,-2.050917122756986677e-01,0.000000000000000000e+00,0.000000000000000000e+00
2.727272727272727071e-01,3.030303030303030387e-01,-1.290359600326211331e-01,-2.455848102501195784e-01,0.000000000000000000e+00,0.000000000000000000e+00
3.030303030303030387e-01,3.030303030303030387e-01,-1.442111316251923903e-01,-2.886652117640498560e-01,0.000000000000000000e+00,0.000000000000000000e+00
3.333333333333333148e-01,3.030303030303030387e-01,-1.592042966327944509e-01,-3.342099377162337515e-01,0.000000000000000000e+00,0.000000000000000000e+00
3.636363636363636465e-01,3.030303030303030387e-01,-1.739540383094314024e-01,-3.821161634388102746e-01,0.000000000000000000e+00,0.000000000000000000e+00
3.939393939393939226e-01,3.030303030303030387e-01,-1.884132563316415487e-01,-4.322955262758716444e-01,0.000000000000000000e+00,0.000000000000000000e+00
4.242424242424242542e-01,3.030303030303030387e-01,-2.025468703480885480e-01,-4.846696380793870107e-01,0.000000000000000000e+00,0.000000000000000000e+00
4.545454545454545303e-01,3.030303030303030387e-01,-2.163294688364778284e-01,-5.391667402983927326e-01,0.000000000000000000e+00,0.000000000000000000e+00
4.848484848484848619e-01,3.030303030303030387e-01,-2.297431660870764281e-01,-5.957193033625022283e-01,0.000000000000000000e+00,0.000000000000000000e+00
5.151515151515151381e-01,3.030303030303030387e-01,-2.427757728607267684e-01,-6.542623452809318563e-01,0.000000000000000000e+00,0.000000000000000000e+00
5.454545454545454142e-01,3.030303030303030387e-01,-2.554192971624104080e-01,-7.147322696525432173e-01,0.000000000000000000e+00,0.000000000000000000e+00
5.757575757575758013e-01,3.030303030303030387e-01,-2.676687478990993352e-01,-7.770660648634339918e-01,0.000000000000000000e+00,0.000000000000000000e+00
6.060606060606060774e-01,3.030303030303030387e-01,-2.795211971177048449e-01,-8.412007469233571122e-01,0.000000000000000000e+00,0.000000000000000000e+00
6.363636363636363535e-01,3.030303030303030387e-01,-2.909750535614595846e-01,-9.070729619314724657e-01,0.000000000000000000e+00,0.000000000000000000e+00
6.666666666666666297e-01,3.030303030303030387e-01,-3.020295040603002690e-01,-9.746186896003778966e-01,0.000000000000000000e+00,0.000000000000000000e+00
6.969696969696970168e-01,3.030303030303030387e-01,-3.126840857492962922e-01,-1.043773007689291266e+00,0.000000000000000000e+00,0.000000000000000000e+00
7.272727272727272929e-01,3.030303030303030387e-01,-3.229383592425769667e-01,-1.114469890210112890e+00,0.000000000000000000e+00,0.000000000000000000e+00
7.575757575757575690e-01,3.030303030303030387e-01,-3.327916597382558628e-01,-1.186642021388927271e+00,0.000000000000000000e+00,0.000000000000000000e+00
7.878787878787878451e-01,3.030303030303030387e-01,-3.422429092331620848e-01,-1.260220613824509117e+00,0.000000000000000000e+00,0.000000000000000000e+00
8.181818181818182323e-01,3.030303030303030387e-01,-3.512904785076761405e-01,-1.335135224027837353e+00,0.000000000000000000e+00,0.000000000000000000e+00
8.484848484848485084e-01,3.030303030303030387e-01,-3.599320923397709704e-01,-1.411313562251978571e+00,0.000000000000000000e+00,0.000000000000000000e+00
8.787878787878787845e-01,3.030303030303030387e-01,-3.681647755871758632e-01,-1.488681296742285776e+00,0.000000000000000000e+00,0.000000000000000000e+00
9.090909090909090606e-01,3.030303030303030387e-01,-3.759848413739899642e-01,-1.567161855621211242e+00,0.000000000000000000e+00,0.000000000000000000e+00
9.393939393939394478e-01,3.030303030303030387e-01,-3.833879256134044566e-01,-1.646676232823078623e+00,0.000000000000000000e+00,0.000000000000000000e+00
9.696969696969697239e-01,3.030303030303030387e-01,-3.903690744001626078e-01,-1.727142807958575998e+00,0.000000000000000000e+00,0.000000000000000000e+00
1.000000000000000000e+00,3.030303030303030387e-01,-3.969228922489811406e-01,-1.808477193754528534e+00,0.000000000000000000e+00,0.000000000000000000e+00
1.030303030303030276e+00,3.030303030303030387e-01,-4.030437595077176471e-01,-1.890592128698627361e+00,0.000000000000000000e+00,0.000000000000000000e+00
1.060606060606060552e+00,3.030303030303030387e-01,-4.087261262676212259e-01,-1.973397436504081837e+00,0.000000000000000000e+00,0.000000000000000000e+00
1.090909090909090828e+00,3.030303030303030387e-01,-4.139648874642001264e-01,-2.056800077636017132e+00,0.000000000000000000e+00,0.000000000000000000e+00
1.121212121212121104e+00,3.030303030303030387e-01,-4.187558394142844032e-01,-2.140704320915329362e+00,0.000000000000000000e+00,0.000000000000000000e+00
1.151515151515151603e+00,3.030303030303030387e-01,-4.230962117092051944e-01,-2.225012064533157030e+00,0.000000000000000000e+00,0.000000000000000000e+00
1.181818181818181879e+00,3.030303030303030387e-01,-4.269852603333243457e-01,-2.309623335008917699e+00,0.000000000000000000e+00,0.000000000000000000e+00
1.212121212121212155e+00,3.030303030303030387e-01,-4.304248985253176230e-01,-2.394436989059176124e+00,0.000000000000000000e+00,0.000000000000000000e+00
1.242424242424242431e+00,3.030303030303030387e-01,-4.334203319755236539e-01,-2.479351636466226250e+00,0.000000000000000000e+00,0.000000000000000000e+00
1.272727272727272707e+00,3.030303030303030387e-01,-4.359806554857487138e-01,-2.564266791490250608e+00,0.000000000000000000e+00,0.000000000000000000e+00
1.303030303030302983e+00,3.030303030303030387e-01,-4.381193604900012195e-01,-2.649084246085122274e+00,0.000000000000000000e+00,0.000000000000000000e+00
1.333333333333333259e+00,3.030303030303030387e-01,-4.398546982878785427e-01,-2.733709640443830580e+00,0.000000000000000000e+00,0.000000000000000000e+00
1.363636363636363535e+00,3.030303030303030387e-01,-4.412098439475345968e-01,-2.818054185931373468e+00,0.000000000000000000e+00,0.000000000000000000e+00
1.393939393939394034e+00,3.030303030303030387e-01,-4.422128119255030465e-01,-2.902036473462585420e+00,0.000000000000000000e+00,0.000000000000000000e+00
1.424242424242424310e+00,3.030303030303030387e-01,-4.428960875225584348e-01,-2.985584278592683827e+00,0.000000000000000000e+00,0.000000000000000000e+00
1.454545454545454586e+00,3.030303030303030387e-01,-4.432959587721141403e-01,-3.068636255344375563e+00,0.000000000000000000e+00,0.000000000000000000e+00
1.484848484848484862e+00,3.030303030303030387e-01,-4.434515608104925288e-01,-3.151143397060189866e+00,0.000000000000000000e+00,0.000000000000000000e+00
1.515151515151515138e+00,3.030303030303030387e-01,-4.434036777162093101e-01,-3.233070137679748157e+00,0.000000000000000000e+00,0.000000000000000000e+00
1.545454545454545414e+00,3.030303030303030387e-01,-4.431933808187435431e-01,-3.314394977482382654e+00,0.000000000000000000e+00,0.000000000000000000e+00
1.575757575757575690e+00,3.030303030303030387e-01,-4.428606172776738403e-01,-3.395110535283869080e+00,0.000000000000000000e+00,0.000000000000000000e+00
1.606060606060605966e+00,3.030303030303030387e-01,-4.424428866120866943e-01,-3.475222979138782975e+00,0.000000000000000000e+00,0.000000000000000000e+00
1.636363636363636465e+00,3.030303030303030387e-01,-4.419741390451583651e-01,-3.554750871833467940e+00,0.000000000000000000e+00,0.000000000000000000e+00
1.666666666666666741e+00,3.030303030303030387e-01,-4.414839944639405434e-01,-3.633723553071047885e+00,0.000000000000000000e+00,0.000000000000000000e+00
1.696969696969697017e+00,3.030303030303030387e-01,-4.409973268320014350e-01,-3.712179233116373656e+00,0.000000000000000000e+00,0.000000000000000000e+00
1.727272727272727293e+00,3.030303030303030387e-01,-4.405342040380837987e-01,-3.790162980194207165e+00,0.000000000000000000e+00,0.000000000000000000e+00
1.757575757575757569e+00,3.030303030303030387e-01,-4.401101312232548191e-01,-3.867724753928322379e+00,0.000000000000000000e+00,0.000000000000000000e+00
1.787878787878787845e+00,3.030303030303030387e-01,-4.397365226535656646e-01,-3.944917586221975192e+00,0.000000000000000000e+00,0.000000000000000000e+00
1.818181818181818121e+00,3.030303030303030387e-01,-4.394213228910202051e-01,-4.021795954833979003e+00,0.000000000000000000e+00,0.000000000000000000e+00
1.848484848484848397e+00,3.030303030303030387e-01,-4.391697088475888244e-01,-4.098414343481792343e+00,0.000000000000000000e+00,0.000000000000000000e+00
1.878787878787878896e+00,3.030303030303030387e-01,-4.389848262760154829e-01,-4.174825939197594593e+00,0.000000000000000000e+00,0.000000000000000000e+00
1.909090909090909172e+00,3.030303030303030387e-01,-4.388685442843138773e-01,-4.251081380719310410e+00,0.000000000000000000e+00,0.000000000000000000e+00
1.939393939393939448e+00,3.030303030303030387e-01,-4.388222472998445367e-01,-4.327227433194313022e+00,0.000000000000000000e+00,0.000000000000000000e+00
1.969696969696969724e+00,3.030303030303030387e-01,-4.388477220033303872e-01,-4.403305410225149430e+00,0.000000000000000000e+00,0.000000000000000000e+00
2.000000000000000000e+00,3.030303030303030387e-01,-4.389482271934821989e-01,-4.479349073577730600e+00,0.000000000000000000e+00,0.000000000000000000e+00
0.000000000000000000e+00,3.333333333333333148e-01,0.000000000000000000e+00,0.000000000000000000e+00,1.000000000000000000e+00,0.000000000000000000e+00
3.030303030303030387e-02,3.333333333333333148e-01,-1.056243066050465383e-02,-1.069772239329616799e-02,0.000000000000000000e+00,0.000000000000000000e+00
6.060606060606060774e-02,3.333333333333333148e-01,-2.154394203262064572e-02,-2.606844437336601136e-02,0.000000000000000000e+00,0.000000000000000000e+00
9.090909090909091161e-02,3.333333333333333148e-01,-3.296310691819442223e-02,-4.582158729042937195e-02,0.000000000000000000e+00,0.000000000000000000e+00
1.212121212121212155e-01,3.333333333333333148e-01,-4.479969952010839918e-02,-6.965317431384594749e-02,0.000000000000000000e+00,0.000000000000000000e+00
1.515151515151515194e-01,3.333333333333333148e-01,-5.700109923630881925e-02,-9.726461641676133196e-02,0.000000000000000000e+00,0.000000000000000000e+00
1.818181818181818232e-01,3.333333333333333148e-01,-6.949167136289509383e-02,-1.283763995811539327e-01,0.000000000000000000e+00,0.000000000000000000e+00
2.121212121212121271e-01,3.333333333333333148e-01,-8.218299319647179302e-02,-1.627365590526179129e-01,0.000000000000000000e+00,0.000000000000000000e+00
2.424242424242424310e-01,3.333333333333333148e-01,-9.498321805734503964e-02,-2.001244300368140994e-01,0.000000000000000000e+00,0.000000000000000000e+00
2.727272727272727071e-01,3.333333333333333148e-01,-1.078044611984464857e-01,-2.403506079702980580e-01,0.000000000000000000e+00,0.000000000000000000e+00
3.030303030303030387e-01,3.333333333333333148e-01,-1.205677376334262363e-01,-2.832542810736358163e-01,0.000000000000000000e+00,0.000000000000000000e+00
3.333333333333333148e-01,3.333333333333333148e-01,-1.332055431815046265e-01,-3.286991015329915333e-01,0.000000000000000000e+00,0.000000000000000000e+00
3.636363636363636465e-01,3.333333333333333148e-01,-1.456625389673195936e-01,-3.765685742156899551e-01,0.000000000000000000e+00,0.000000000000000000e+00
3.939393939393939226e-01,3.333333333333333148e-01,-1.578949425220772251e-01,-4.267616454339340781e-01,0.000000000000000000e+00,0.000000000000000000e+00
4.242424242424242542e-01,3.333333333333333148e-01,-1.698691901986740804e-01,-4.791888672139384964e-01,0.000000000000000000e+00,0.000000000000000000e+00
4.545454545454545303e-01,3.333333333333333148e-01,-1.815603015990660540e-01,-5.337692683616415135e-01,0.000000000000000000e+00,0.000000000000000000e+00
4.848484848484848619e-01,3.333333333333333148e-01,-1.929502251494721043e-01,-5.904279097891870220e-01,0.000000000000000000e+00,0.000000000000000000e+00
5.151515151515151381e-01,3.333333333333333148e-01,-2.040263187770962328e-01,-6.490940272733902727e-01,0.000000000000000000e+00,0.000000000000000000e+00
5.454545454545454142e-01,3.333333333333333148e-01,-2.147800330809752078e-01,-7.096996433582570818e-01,0.000000000000000000e+00,0.000000000000000000e+00
5.757575757575758013e-01,3.333333333333333148e-01,-2.252058117650605762e-01,-7.721785365366284903e-01,0.000000000000000000e+00,0.000000000000000000e+00
6.060606060606060774e-01,3.333333333333333148e-01,-2.353001958255255821e-01,-8.364654734252647827e-01,0.000000000000000000e+00,0.000000000000000000e+00
6.363636363636363535e-01,3.333333333333333148e-01,-2.450611052462385309e-01,-9.024956292920761625e-01,0.000000000000000000e+00,0.000000000000000000e+00
6.666666666666666297e-01,3.333333333333333148e-01,-2.544872683209999931e-01,-9.702041399532863597e-01,0.000000000000000000e+00,0.000000000000000000e+00
6.969696969696970168e-01,3.333333333333333148e-01,-2.635777700062952311e-01,-1.039525742447490630e+00,0.000000000000000000e+00,0.000000000000000000e+00
7.272727272727272929e-01,3.333333333333333148e-01,-2.723316943991855865e-01,-1.110394473034862939e+00,0.000000000000000000e+00,0.000000000000000000e+00
7.575757575757575690e-01,3.333333333333333148e-01,-2.807478411168451427e-01,-1.182743399495371994e+00,0.000000000000000000e+00,0.000000000000000000e+00
7.878787878787878451e-01,3.333333333333333148e-01,-2.888245002882678936e-01,-1.256504371069230741e+00,0.000000000000000000e+00,0.000000000000000000e+00
8.181818181818182323e-01,3.333333333333333148e-01,-2.965592757061351059e-01,-1.331607774323388504e+00,0.000000000000000000e+00,0.000000000000000000e+00
8.484848484848485084e-01,3.333333333333333148e-01,-3.039489502859834547e-01,-1.407982287284721856e+00,0.000000000000000000e+00,0.000000000000000000e+00
8.787878787878787845e-01,3.333333333333333148e-01,-3.109893922890491491e-01,-1.485554627810882877e+00,0.000000000000000000e+00,0.000000000000000000e+00
9.090909090909090606e-01,3.333333333333333148e-01,-3.176755047470526949e-01,-1.564249295749794211e+00,0.000000000000000000e+00,0.000000000000000000e+00
9.393939393939394478e-01,3.333333333333333148e-01,-3.240012241068865873e-01,-1.643988312267719909e+00,0.000000000000000000e+00,0.000000000000000000e+00
9.696969696969697239e-01,3.333333333333333148e-01,-3.299595771430214319e-01,-1.724690964017898231e+00,0.000000000000000000e+00,0.000000000000000000e+00
1.000000000000000000e+00,3.333333333333333148e-01,-3.355428074240057179e-01,-1.806273564686052602e+00,0.000000000000000000e+00,0.000000000000000000e+00
1.030303030303030276e+00,3.333333333333333148e-01,-3.407425837277847092e-01,-1.888649251858437017e+00,0.000000000000000000e+00,0.000000000000000000e+00
1.060606060606060552e+00,3.333333333333333148e-01,-3.455503023615578151e-01,-1.971727842913617579e+00,0.000000000000000000e+00,0.000000000000000000e+00
1.090909090909090828e+00,3.333333333333333148e-01,-3.499574929080701002e-01,-2.055415779340703075e+00,0.000000000000000000e+00,0.000000000000000000e+00
1.121212121212121104e+00,3.333333333333333148e-01,-3.539563320919363321e-01,-2.139616193921164644e+00,0.000000000000000000e+00,0.000000000000000000e+00
1.151515151515151603e+00,3.333333333333333148e-01,-3.575402629892789896e-01,-2.224229138771968373e+00,0.000000000000000000e+00,0.000000000000000000e+00
1.181818181818181879e+00,3.333333333333333148e-01,-3.607047067120403017e-01,-2.309152013390015856e+00,0.000000000000000000e+00,0.000000000000000000e+00
1.212121212121212155e+00,3.333333333333333148e-01,-3.634478413809987818e-01,-2.394280229574507590e+00,0.000000000000000000e+00,0.000000000000000000e+00
1.242424242424242431e+00,3.333333333333333148e-01,-3.657714095048831271e-01,-2.479508143527537456e+00,0.000000000000000000e+00,0.000000000000000000e+00
1.272727272727272707e+00,3.333333333333333148e-01,-3.676815011233574015e-01,-2.564730273855448495e+00,0.000000000000000000e+00,0.000000000000000000e+00
1.303030303030302983e+00,3.333333333333333148e-01,-3.691892479882875611e-01,-2.649842807278373069e+00,0.000000000000000000e+00,0.000000000000000000e+00
1.333333333333333259e+00,3.333333333333333148e-01,-3.703113556971376341e-01,-2.734745371740058939e+00,0.000000000000000000e+00,0.000000000000000000e+00
1.363636363636363535e+00,3.333333333333333148e-01,-3.710703982316367333e-01,-2.819343030005975859e+00,0.000000000000000000e+00,0.000000000000000000e+00
1.393939393939394034e+00,3.333333333333333148e-01,-3.714948048743357822e-01,-2.903548417120181302e+00,0.000000000000000000e+00,0.000000000000000000e+00
1.424242424242424310e+00,3.333333333333333148e-01,-3.716184846856298574e-01,-2.987283914395787221e+00,0.000000000000000000e+00,0.000000000000000000e+00
1.454545454545454586e+00,3.333333333333333148e-01,-3.714800596364984941e-01,-3.070483723946180188e+00,0.000000000000000000e+00,0.000000000000000000e+00
1.484848484848484862e+00,3.333333333333333148e-01,-3.711217140141135906e-01,-3.153095685130238746e+00,0.000000000000000000e+00,0.000000000000000000e+00
1.515151515151515138e+00,3.333333333333333148e-01,-3.705877134416586949e-01,-3.235082662208614401e+00,0.000000000000000000e+00,0.000000000000000000e+00
1.545454545454545414e+00,3.333333333333333148e-01,-3.699226947441336955e-01,-3.316423343703931437e+00,0.000000000000000000e+00,0.000000000000000000e+00
1.575757575757575690e+00,3.333333333333333148e-01,-3.691698825529024508e-01,-3.397112305386916109e+00,0.000000000000000000e+00,0.000000000000000000e+00
1.606060606060605966e+00,3.333333333333333148e-01,-3.683694280863140103e-01,-3.477159259668712643e+00,0.000000000000000000e+00,0.000000000000000000e+00
1.636363636363636465e+00,3.333333333333333148e-01,-3.675570585601358742e-01,-3.556587547129639759e+00,0.000000000000000000e+00,0.000000000000000000e+00
1.666666666666666741e+00,3.333333333333333148e-01,-3.667631684175999274e-01,-3.635432056324559458e+00,0.000000000000000000e+00,0.000000000000000000e+00
1.696969696969697017e+00,3.333333333333333148e-01,-3.660124001355022916e-01,-3.713736828739858886e+00,0.000000000000000000e+00,0.000000000000000000e+00
1.727272727272727293e+00,3.333333333333333148e-01,-3.653236828215704057e-01,-3.791552603590156334e+00,0.000000000000000000e+00,0.000000000000000000e+00
1.757575757575757569e+00,3.333333333333333148e-01,-3.647106407948012552e-01,-3.868934501772987034e+00,0.000000000000000000e+00,0.000000000000000000e+00
1.787878787878787845e+00,3.333333333333333148e-01,-3.641822576254667987e-01,-3.945939968959243593e+00,0.000000000000000000e+00,0.000000000000000000e+00
1.818181818181818121e+00,3.333333333333333148e-01,-3.637436799599814141e-01,-4.022627017718011011e+00,0.000000000000000000e+00,0.000000000000000000e+00
1.848484848484848397e+00,3.333333333333333148e-01,-3.633970623077907303e-01,-4.099052740146222895e+00,0.000000000000000000e+00,0.000000000000000000e+00
1.878787878787878896e+00,3.333333333333333148e-01,-3.631423814489390667e-01,-4.175272008472189711e+00,0.000000000000000000e+00,0.000000000000000000e+00
1.909090909090909172e+00,3.333333333333333148e-01,-3.629781817122384457e-01,-4.251336237640359172e+00,0.000000000000000000e+00,0.000000000000000000e+00
1.939393939393939448e+00,3.333333333333333148e-01,-3.629022461115974374e-01,-4.327292042833217778e+00,0.000000000000000000e+00,0.000000000000000000e+00
1.969696969696969724e+00,3.333333333333333148e-01,-3.629122189197324100e-01,-4.403179575614873720e+00,0.000000000000000000e+00,0.000000000000000000e+00
2.000000000000000000e+00,3.333333333333333148e-01,-3.630062248764348021e-01,-4.479030254956992252e+00,0.000000000000000000e+00,0.000000000000000000e+00
0.000000000000000000e+00,3.636363636363636465e-01,0.000000000000000000e+00,0.000000000000000000e+00,1.000000000000000000e+00,0.000000000000000000e+00
3.030303030303030387e-02,3.636363636363636465e-01,-8.572213503877065474e-03,-1.019278352610948103e-02,0.000000000000000000e+00,0.000000000000000000e+00
6.060606060606060774e-02,3.636363636363636465e-01,-1.746886622365614178e-02,-2.498937663964019562e-02,0.000000000000000000e+00,0.000000000000000000e+00
9.090909090909091161e-02,3.636363636363636465e-01,-2.670682313320623183e-02,-4.414110625333820398e-02,0.000000000000000000e+00,0.000000000000000000e+00
1.212121212121212155e-01,3.636363636363636465e-01,-3.627473790471366644e-02,-6.738240757063862496e-02,0.000000000000000000e+00,0.000000000000000000e+00
1.515151515151515194e-01,3.636363636363636465e-01,-4.613695540780593518e-02,-9.444593065432810297e-02,0.000000000000000000e+00,0.000000000000000000e+00
1.818181818181818232e-01,3.636363636363636465e-01,-5.623960943052355721e-02,-1.250743757620328966e-01,0.000000000000000000e+00,0.000000000000000000e+00
2.121212121212121271e-01,3.636363636363636465e-01,-6.651758098055492174e-02,-1.590287102509495010e-01,0.000000000000000000e+00,0.000000000000000000e+00
2.424242424242424310e-01,3.636363636363636465e-01,-7.690118822373261109e-02,-1.960928871587351574e-01,0.000000000000000000e+00,0.000000000000000000e+00
2.727272727272727071e-01,3.636363636363636465e-01,-8.732180272135883770e-02,-2.360755427363042391e-01,0.000000000000000000e+00,0.000000000000000000e+00
3.030303030303030387e-01,3.636363636363636465e-01,-9.771596060275895834e-02,-2.788093703720505023e-01,0.000000000000000000e+00,0.000000000000000000e+00
3.333333333333333148e-01,3.636363636363636465e-01,-1.080278874548944029e-01,-3.241489441564435747e-01,0.000000000000000000e+00,0.000000000000000000e+00
3.636363636363636465e-01,3.636363636363636465e-01,-1.182106202628151470e-01,-3.719677114865644896e-01,0.000000000000000000e+00,0.000000000000000000e+00
3.939393939393939226e-01,3.636363636363636465e-01,-1.282260566967726445e-01,-4.221547294815611862e-01,0.000000000000000000e+00,0.000000000000000000e+00
4.242424242424242542e-01,3.636363636363636465e-01,-1.380442967006327293e-01,-4.746115369518259519e-01,0.000000000000000000e+00,0.000000000000000000e+00
4.545454545454545303e-01,3.636363636363636465e-01,-1.476425972573748302e-01,-5.292493803753152148e-01,0.000000000000000000e+00,0.000000000000000000e+00
4.848484848484848619e-01,3.636363636363636465e-01,-1.570041806107146387e-01,-5.859868785375479394e-01,0.000000000000000000e+00,0.000000000000000000e+00
5.151515151515151381e-01,3.636363636363636465e-01,-1.661170525925122488e-01,-6.447481243230277492e-01,0.000000000000000000e+00,0.000000000000000000e+00
5.454545454545454142e-01,3.636363636363636465e-01,-1.749729190017870750e-01,-7.054611766293699127e-01,0.000000000000000000e+00,0.000000000000000000e+00
5.757575757575758013e-01,3.636363636363636465e-01,-1.835662392257558506e-01,-7.680568778281111619e-01,0.000000000000000000e+00,0.000000000000000000e+00
6.060606060606060774e-01,3.636363636363636465e-01,-1.918934254394066286e-01,-8.324679308196161198e-01,0.000000000000000000e+00,0.000000000000000000e+00
6.363636363636363535e-01,3.636363636363636465e-01,-1.999521783368778949e-01,-8.986281761241724508e-01,0.000000000000000000e+00,0.000000000000000000e+00
6.666666666666666297e-01,3.636363636363636465e-01,-2.077409420789834427e-01,-9.664720185706627831e-01,0.000000000000000000e+00,0.000000000000000000e+00
6.969696969696970168e-01,3.636363636363636465e-01,-2.152584585814507068e-01,-1.035933962365240601e+00,0.000000000000000000e+00,0.000000000000000000e+00
7.272727272727272929e-01,3.636363636363636465e-01,-2.225034020567676629e-01,-1.106948221511529828e+00,0.000000000000000000e+00,0.000000000000000000e+00
7.575757575757575690e-01,3.636363636363636465e-01,-2.294740773509415799e-01,-1.179448379395356294e+00,0.000000000000000000e+00,0.000000000000000000e+00
7.878787878787878451e-01,3.636363636363636465e-01,-2.361681691877917100e-01,-1.253367076932578206e+00,0.000000000000000000e+00,0.000000000000000000e+00
8.181818181818182323e-01,3.636363636363636465e-01,-2.425825334527521027e-01,-1.328635713282879660e+00,0.000000000000000000e+00,0.000000000000000000e+00
8.484848484848485084e-01,3.636363636363636465e-01,-2.487130258644771053e-01,-1.405184147101308900e+00,0.000000000000000000e+00,0.000000000000000000e+00
8.787878787878787845e-01,3.636363636363636465e-01,-2.545543676731664151e-01,-1.482940389999444664e+00,0.000000000000000000e+00,0.000000000000000000e+00
9.090909090909090606e-01,3.636363636363636465e-01,-2.601000523094094685e-01,-1.561830287682881790e+00,0.000000000000000000e+00,0.000000000000000000e+00
9.393939393939394478e-01,3.636363636363636465e-01,-2.653423010822344441e-01,-1.641777188464261350e+00,0.000000000000000000e+00,0.000000000000000000e+00
9.696969696969697239e-01,3.636363636363636465e-01,-2.702720799068311641e-01,-1.722701603819246197e+00,0.000000000000000000e+00,0.000000000000000000e+00
1.000000000000000000e+00,3.636363636363636465e-01,-2.748791923263841919e-01,-1.804520871570381324e+00,0.000000000000000000e+00,0.000000000000000000e+00
1.030303030303030276e+00,3.636363636363636465e-01,-2.791524663267628270e-01,-1.887148839224856545e+00,0.000000000000000000e+00,0.000000000000000000e+00
1.060606060606060552e+00,3.636363636363636465e-01,-2.830800530307476803e-01,-1.970495592824639042e+00,0.000000000000000000e+00,0.000000000000000000e+00
1.090909090909090828e+00,3.636363636363636465e-01,-2.866498536017059173e-01,-2.054467264986127084e+00,0.000000000000000000e+00,0.000000000000000000e+00
1.121212121212121104e+00,3.636363636363636465e-01,-2.898500858788733980e-01,-2.138965963887033528e+00,0.000000000000000000e+00,0.000000000000000000e+00
1.151515151515151603e+00,3.636363636363636465e-01,-2.926699938380709631e-01,-2.223889871751526304e+00,0.000000000000000000e+00,0.000000000000000000e+00
1.181818181818181879e+00,3.636363636363636465e-01,-2.951006906705237465e-01,-2.309133565570451019e+00,0.000000000000000000e+00,0.000000000000000000e+00
1.212121212121212155e+00,3.636363636363636465e-01,-2.971361103495397948e-01,-2.394588612899490432e+00,0.000000000000000000e+00,0.000000000000000000e+00
1.242424242424242431e+00,3.636363636363636465e-01,-2.987740239146082222e-01,-2.480144490154207126e+00,0.000000000000000000e+00,0.000000000000000000e+00
1.272727272727272707e+00,3.636363636363636465e-01,-3.000170569764959438e-01,-2.565689858646994281e+00,0.000000000000000000e+00,0.000000000000000000e+00
1.303030303030302983e+00,3.636363636363636465e-01,-3.008736264633923851e-01,-2.651114213903532413e+00,0.000000000000000000e+00,0.000000000000000000e+00
1.333333333333333259e+00,3.636363636363636465e-01,-3.013587002712101448e-01,-2.736309896392735919e+00,0.000000000000000000e+00,0.000000000000000000e+00
1.363636363636363535e+00,3.636363636363636465e-01,-3.014942764532959063e-01,-2.821174417312007687e+00,0.000000000000000000e+00,0.000000000000000000e+00
1.393939393939394034e+00,3.636363636363636465e-01,-3.013094820945195207e-01,-2.905613012994831656e+00,0.000000000000000000e+00,0.000000000000000000e+00
1.424242424242424310e+00,3.636363636363636465e-01,-3.008402089042055971e-01,-2.989541298398297187e+00,0.000000000000000000e+00,0.000000000000000000e+00
1.454545454545454586e+00,3.636363636363636465e-01,-3.001282348626708174e-01,-3.072887847767971081e+00,0.000000000000000000e+00,0.000000000000000000e+00
1.484848484848484862e+00,3.636363636363636465e-01,-2.992198296160777371e-01,-3.155596494269007568e+00,0.000000000000000000e+00,0.000000000000000000e+00
1.515151515151515138e+00,3.636363636363636465e-01,-2.981639049965160160e-01,-3.237628115820660568e+00,0.000000000000000000e+00,0.000000000000000000e+00
1.545454545454545414e+00,3.636363636363636465e-01,-2.970098388107125786e-01,-3.318961686943830980e+00,0.000000000000000000e+00,0.000000000000000000e+00
1.575757575757575690e+00,3.636363636363636465e-01,-2.958051886180204648e-01,-3.399594364603559349e+00,0.000000000000000000e+00,0.000000000000000000e+00
1.606060606060605966e+00,3.636363636363636465e-01,-2.945935792044736545e-01,-3.479540480742945530e+00,0.000000000000000000e+00,0.000000000000000000e+00
1.636363636363636465e+00,3.636363636363636465e-01,-2.934130334119413042e-01,-3.558829532228695580e+00,0.000000000000000000e+00,0.000000000000000000e+00
1.666666666666666741e+00,3.636363636363636465e-01,-2.922949203933835061e-01,-3.637503460113711728e+00,0.000000000000000000e+00,0.000000000000000000e+00
1.696969696969697017e+00,3.636363636363636465e-01,-2.912635655965056247e-01,-3.715613600944743578e+00,0.000000000000000000e+00,0.000000000000000000e+00
1.727272727272727293e+00,3.636363636363636465e-01,-2.903364525568205012e-01,-3.793217666988200953e+00,0.000000000000000000e+00,0.000000000000000000e+00
1.757575757575757569e+00,3.636363636363636465e-01,-2.895248743781690948e-01,-3.870377013833101731e+00,0.000000000000000000e+00,0.000000000000000000e+00
1.787878787878787845e+00,3.636363636363636465e-01,-2.888348654147767647e-01,-3.947154332560368406e+00,0.000000000000000000e+00,0.000000000000000000e+00
1.818181818181818121e+00,3.636363636363636465e-01,-2.882682506721304661e-01,-4.023611792761826678e+00,0.000000000000000000e+00,0.000000000000000000e+00
1.848484848484848397e+00,3.636363636363636465e-01,-2.878236779399320766e-01,-4.099809576091499430e+00,0.000000000000000000e+00,0.000000000000000000e+00
1.878787878787878896e+00,3.636363636363636465e-01,-2.874975339852633982e-01,-4.175804677878169002e+00,0.000000000000000000e+00,0.000000000000000000e+00
1.909090909090909172e+00,3.636363636363636465e-01,-2.872846834942088812e-01,-4.251649809403428293e+00,0.000000000000000000e+00,0.000000000000000000e+00
1.939393939393939448e+00,3.636363636363636465e-01,-2.871790032611488686e-01,-4.327392195885630066e+00,0.000000000000000000e+00,0.000000000000000000e+00
1.969696969696969724e+00,3.636363636363636465e-01,-2.871737110565882878e-01,-4.403072025734616979e+00,0.000000000000000000e+00,0.000000000000000000e+00
2.000000000000000000e+00,3.636363636363636465e-01,-2.872615044162094566e-01,-4.478720260333562742e+00,0.000000000000000000e+00,0.000000000000000000e+00
0.000000000000000000e+00,3.939393939393939226e-01,0.000000000000000000e+00,0.000000000000000000e+00,1.000000000000000000e+00,0.000000000000000000e+00
3.030303030303030387e-02,3.939393939393939226e-01,-6.626347101271566099e-03,-9.807449873525575859e-03,0.000000000000000000e+00,0.000000000000000000e+00
6.060606060606060774e-02,3.939393939393939226e-01,-1.349527470685345232e-02,-2.416507144649969810e-02,0.000000000000000000e+00,0.000000000000000000e+00
9.090909090909091161e-02,3.939393939393939226e-01,-2.062064595496771943e-02,-4.285409076164855419e-02,0.000000000000000000e+00,0.000000000000000000e+00
1.212121212121212155e-01,3.939393939393939226e-01,-2.799640781249278926e-02,-6.563683808343399873e-02,0.000000000000000000e+00,0.000000000000000000e+00
1.515151515151515194e-01,3.939393939393939226e-01,-3.559897341607291821e-02,-9.226929400626300570e-02,0.000000000000000000e+00,0.000000000000000000e+00
1.818181818181818232e-01,3.939393939393939226e-01,-4.339113451245572850e-02,-1.225115064088269090e-01,0.000000000000000000e+00,0.000000000000000000e+00
2.121212121212121271e-01,3.939393939393939226e-01,-5.132668015682431695e-02,-1.561354202665098945e-01,0.000000000000000000e+00,0.000000000000000000e+00
2.424242424242424310e-01,3.939393939393939226e-01,-5.935499906021177163e-02,-1.929300331022844317e-01,0.000000000000000000e+00,0.000000000000000000e+00
2.727272727272727071e-01,3.939393939393939226e-01,-6.742511953914773204e-02,-2.327040899077347791e-01,0.000000000000000000e+00,0.000000000000000000e+00
3.030303030303030387e-01,3.939393939393939226e-01,-7.548885368229373005e-02,-2.752867381889276266e-01,0.000000000000000000e+00,0.000000000000000000e+00
3.333333333333333148e-01,3.939393939393939226e-01,-8.350292231739663007e-02,-3.205266682346918916e-01,0.000000000000000000e+00,0.000000000000000000e+00
3.636363636363636465e-01,3.939393939393939226e-01,-9.143011091124841894e-02,-3.682902730922868462e-01,0.000000000000000000e+00,0.000000000000000000e+00
3.939393939393939226e-01,3.939393939393939226e-01,-9.923962165362537613e-02,-4.184592988046085815e-01,0.000000000000000000e+00,0.000000000000000000e+00
4.242424242424242542e-01,3.939393939393939226e-01,-1.069068384268943295e-01,-4.709283488766679571e-01,0.000000000000000000e+00,0.000000000000000000e+00
4.545454545454545303e-01,3.939393939393939226e-01,-1.144127197703206644e-01,-5.256024888823851438e-01,0.000000000000000000e+00,0.000000000000000000e+00
4.848484848484848619e-01,3.939393939393939226e-01,-1.217429999948063113e-01,-5.823950914546481838e-01,0.000000000000000000e+00,0.000000000000000000e+00
5.151515151515151381e-01,3.939393939393939226e-01,-1.288873304026020017e-01,-6.412259812074802001e-01,0.000000000000000000e+00,0.000000000000000000e+00
5.454545454545454142e-01,3.939393939393939226e-01,-1.358384457035308190e-01,-7.020198856198713866e-01,0.000000000000000000e+00,0.000000000000000000e+00
5.757575757575758013e-01,3.939393939393939226e-01,-1.425914026938984724e-01,-7.647051672912494880e-01,0.000000000000000000e+00,0.000000000000000000e+00
6.060606060606060774e-01,3.939393939393939226e-01,-1.491429110528193769e-01,-8.292127986853171651e-01,0.000000000000000000e+00,0.000000000000000000e+00
6.363636363636363535e-01,3.939393939393939226e-01,-1.554907586268849118e-01,-8.954755363726829565e-01,0.000000000000000000e+00,0.000000000000000000e+00
6.666666666666666297e-01,3.939393939393939226e-01,-1.616333236127246720e-01,-9.634272532569594372e-01,0.000000000000000000e+00,0.000000000000000000e+00
6.969696969696970168e-01,3.939393939393939226e-01,-1.675691613764028753e-01,-1.033002391316638402e+00,0.000000000000000000e+00,0.000000000000000000e+00
7.272727272727272929e-01,3.939393939393939226e-01,-1.732966524589642510e-01,-1.104135502262738155e+00,0.000000000000000000e+00,0.000000000000000000e+00
7.575757575757575690e-01,3.939393939393939226e-01,-1.788136993119665286e-01,-1.176760848299157391e+00,0.000000000000000000e+00,0.000000000000000000e+00
7.878787878787878451e-01,3.939393939393939226e-01,-1.841174616389001928e-01,-1.250812039512026796e+00,0.000000000000000000e+00,0.000000000000000000e+00
8.181818181818182323e-01,3.939393939393939226e-01,-1.892041233828881119e-01,-1.326221688258989451e+00,0.000000000000000000e+00,0.000000000000000000e+00
8.484848484848485084e-01,3.939393939393939226e-01,-1.940686881264847841e-01,-1.402921064423519271e+00,0.000000000000000000e+00,0.000000000000000000e+00
8.787878787878787845e-01,3.939393939393939226e-01,-1.987048038237851089e-01,-1.480839738806249528e+00,0.000000000000000000e+00,0.000000000000000000e+00
9.090909090909090606e-01,3.939393939393939226e-01,-2.031046222950841085e-01,-1.559905205587361898e+00,0.000000000000000000e+00,0.000000000000000000e+00
9.393939393939394478e-01,3.939393939393939226e-01,-2.072587036914200487e-01,-1.640042479103130724e+00,0.000000000000000000e+00,0.000000000000000000e+00
9.696969696969697239e-01,3.939393939393939226e-01,-2.111559810056216069e-01,-1.721173665542631515e+00,0.000000000000000000e+00,0.000000000000000000e+00
1.000000000000000000e+00,3.939393939393939226e-01,-2.147838043380877471e-01,-1.803217516955098132e+00,0.000000000000000000e+00,0.000000000000000000e+00
1.030303030303030276e+00,3.939393939393939226e-01,-2.181280884761389594e-01,-1.886088983412821607e+00,0.000000000000000000e+00,0.000000000000000000e+00
1.060606060606060552e+00,3.939393939393939226e-01,-2.211735896269531043e-01,-1.969698789320096344e+00,0.000000000000000000e+00,0.000000000000000000e+00
1.090909090909090828e+00,3.939393939393939226e-01,-2.239043368419150748e-01,-2.053953071367844441e+00,0.000000000000000000e+00,0.000000000000000000e+00
1.121212121212121104e+00,3.939393939393939226e-01,-2.263042396414752522e-01,-2.138753127719705827e+00,0.000000000000000000e+00,0.000000000000000000e+00
1.151515151515151603e+00,3.939393939393939226e-01,-2.283578845094538234e-01,-2.223995339373538105e+00,0.000000000000000000e+00,0.000000000000000000e+00
1.181818181818181879e+00,3.939393939393939226e-01,-2.300515185176324473e-01,-2.309571333475586297e+00,0.000000000000000000e+00,0.000000000000000000e+00
1.212121212121212155e+00,3.939393939393939226e-01,-2.313741982497040939e-01,-2.395368462522470931e+00,0.000000000000000000e+00,0.000000000000000000e+00
1.242424242424242431e+00,3.939393939393939226e-01,-2.323190572297811063e-01,-2.481270670606393836e+00,0.000000000000000000e+00,0.000000000000000000e+00
1.272727272727272707e+00,3.939393939393939226e-01,-2.328846171485749739e-01,-2.567159806082042195e+00,0.000000000000000000e+00,0.000000000000000000e+00
1.303030303030302983e+00,3.939393939393939226e-01,-2.330760403792593305e-01,-2.652917417728528182e+00,0.000000000000000000e+00,0.000000000000000000e+00
1.333333333333333259e+00,3.939393939393939226e-01,-2.329061976194387595e-01,-2.738427037932928965e+00,0.000000000000000000e+00,0.000000000000000000e+00
1.363636363636363535e+00,3.939393939393939226e-01,-2.323964096734489060e-01,-2.823576911957408342e+00,0.000000000000000000e+00,0.000000000000000000e+00
1.393939393939394034e+00,3.939393939393939226e-01,-2.315767213060163643e-01,-2.908263078502496768e+00,0.000000000000000000e+00,0.000000000000000000e+00
1.424242424242424310e+00,3.939393939393939226e-01,-2.304855823682273597e-01,-2.992392646472598283e+00,0.000000000000000000e+00,0.000000000000000000e+00
1.454545454545454586e+00,3.939393939393939226e-01,-2.291688507543205577e-01,-3.075887050701475278e+00,0.000000000000000000e+00,0.000000000000000000e+00
1.484848484848484862e+00,3.939393939393939226e-01,-2.276780952822428095e-01,-3.158685012225012745e+00,0.000000000000000000e+00,0.000000000000000000e+00
1.515151515151515138e+00,3.939393939393939226e-01,-2.260682655581350009e-01,-3.240744882652640158e+00,0.000000000000000000e+00,0.000000000000000000e+00
1.545454545454545414e+00,3.939393939393939226e-01,-2.243948867464188035e-01,-3.322046070482601809e+00,0.000000000000000000e+00,0.000000000000000000e+00
1.575757575757575690e+00,3.939393939393939226e-01,-2.227110859759190431e-01,-3.402589170638465887e+00,0.000000000000000000e+00,0.000000000000000000e+00
1.606060606060605966e+00,3.939393939393939226e-01,-2.210648726889710702e-01,-3.482394583585276315e+00,0.000000000000000000e+00,0.000000000000000000e+00
1.636363636363636465e+00,3.939393939393939226e-01,-2.194970646156331195e-01,-3.561499781181526991e+00,0.000000000000000000e+00,0.000000000000000000e+00
1.666666666666666741e+00,3.939393939393939226e-01,-2.180400879534470926e-01,-3.639955688193083461e+00,0.000000000000000000e+00,0.000000000000000000e+00
1.696969696969697017e+00,3.939393939393939226e-01,-2.167176776631608570e-01,-3.717822754845891531e+00,0.000000000000000000e+00,0.000000000000000000e+00
1.727272727272727293e+00,3.939393939393939226e-01,-2.155453422187860457e-01,-3.795167218268954201e+00,0.000000000000000000e+00,0.000000000000000000e+00
1.757575757575757569e+00,3.939393939393939226e-01,-2.145313690531520934e-01,-3.872057880368429128e+00,0.000000000000000000e+00,0.000000000000000000e+00
1.787878787878787845e+00,3.939393939393939226e-01,-2.136781262051665742e-01,-3.948563547757609093e+00,0.000000000000000000e+00,0.000000000000000000e+00
1.818181818181818121e+00,3.939393939393939226e-01,-2.129834396081051462e-01,-4.024751130199106797e+00,0.000000000000000000e+00,0.000000000000000000e+00
1.848484848484848397e+00,3.939393939393939226e-01,-2.124418707488009150e-01,-4.100684289877771782e+00,0.000000000000000000e+00,0.000000000000000000e+00
1.878787878787878896e+00,3.939393939393939226e-01,-2.120457691537646627e-01,-4.176422468444515701e+00,0.000000000000000000e+00,0.000000000000000000e+00
1.909090909090909172e+00,3.939393939393939226e-01,-2.117860187186219600e-01,-4.252020078705212036e+00,0.000000000000000000e+00,0.000000000000000000e+00
1.939393939393939448e+00,3.939393939393939226e-01,-2.116524321659543351e-01,-4.327525619353986386e+00,0.000000000000000000e+00,0.000000000000000000e+00
1.969696969696969724e+00,3.939393939393939226e-01,-2.116337727357379128e-01,-4.402980444029628515e+00,0.000000000000000000e+00,0.000000000000000000e+00
2.000000000000000000e+00,3.939393939393939226e-01,-2.117173964173280909e-01,-4.478416886347701187e+00,0.000000000000000000e+00,0.000000000000000000e+00
0.000000000000000000e+00,4.242424242424242542e-01,0.000000000000000000e+00,0.000000000000000000e+00,1.000000000000000000e+00,0.000000000000000000e+00
3.030303030303030387e-02,4.242424242424242542e-01,-4.712952724537635904e-03,-9.526395904361065203e-03,0.000000000000000000e+00,0.000000000000000000e+00
6.060606060606060774e-02,4.242424242424242542e-01,-9.595626259591868296e-03,-2.356414809715294892e-02,0.000000000000000000e+00,0.000000000000000000e+00
9.090909090909091161e-02,4.242424242424242542e-01,-1.465813526554104670e-02,-4.191494229813481909e-02,0.000000000000000000e+00,0.000000000000000000e+00
1.212121212121212155e-01,4.242424242424242542e-01,-1.989747270030012283e-02,-6.436037302106972779e-02,0.000000000000000000e+00,0.000000000000000000e+00
1.515151515151515194e-01,4.242424242424242542e-01,-2.529893194747466836e-02,-9.067281646643707282e-02,0.000000000000000000e+00,0.000000000000000000e+00
1.818181818181818232e-01,4.242424242424242542e-01,-3.083849425651204526e-02,-1.206248762315061257e-01,0.000000000000000000e+00,0.000000000000000000e+00
2.121212121212121271e-01,4.242424242424242542e-01,-3.648570197064163884e-02,-1.539968783302705924e-01,0.000000000000000000e+00,0.000000000000000000e+00
2.424242424242424310e-01,4.242424242424242542e-01,-4.220659306225769958e-02,-1.905822085619876538e-01,0.000000000000000000e+00,0.000000000000000000e+00
2.727272727272727071e-01,4.242424242424242542e-01,-4.796636406001220099e-02,-2.301905584954598849e-01,0.000000000000000000e+00,0.000000000000000000e+00
3.030303030303030387e-01,4.242424242424242542e-01,-5.373153907562971260e-02,-2.726493451265231127e-01,0.000000000000000000e+00,0.000000000000000000e+00
3.333333333333333148e-01,4.242424242424242542e-01,-5.947153649931775227e-02,-3.178036840983207156e-01,0.000000000000000000e+00,0.000000000000000000e+00
3.636363636363636465e-01,4.242424242424242542e-01,-6.515962646167194894e-02,-3.655153333545128613e-01,0.000000000000000000e+00,0.000000000000000000e+00
3.939393939393939226e-01,4.242424242424242542e-01,-7.077334849612583467e-02,-4.156609996018978959e-01,0.000000000000000000e+00,0.000000000000000000e+00
4.242424242424242542e-01,4.242424242424242542e-01,-7.629450334530853139e-02,-4.681303355616169837e-01,0.000000000000000000e+00,0.000000000000000000e+00
4.545454545454545303e-01,4.242424242424242542e-01,-8.170884664410045517e-02,-5.228238736153767441e-01,0.000000000000000000e+00,0.000000000000000000e+00
4.848484848484848619e-01,4.242424242424242542e-01,-8.700560259608400293e-02,-5.796510592497792214e-01,0.000000000000000000e+00,0.000000000000000000e+00
5.151515151515151381e-01,4.242424242424242542e-01,-9.217689272979220916e-02,-6.385284775055641848e-01,0.000000000000000000e+00,0.000000000000000000e+00
5.454545454545454142e-01,4.242424242424242542e-01,-9.721714751890968287e-02,-6.993783126361499125e-01,0.000000000000000000e+00,0.000000000000000000e+00
5.757575757575758013e-01,4.242424242424242542e-01,-1.021225433382570991e-01,-7.621270453801418654e-01,0.000000000000000000e+00,0.000000000000000000e+00
6.060606060606060774e-01,4.242424242424242542e-01,-1.068904870005153440e-01,-8.267043707286512166e-01,0.000000000000000000e+00,0.000000000000000000e+00
6.363636363636363535e-01,4.242424242424242542e-01,-1.115191556972997683e-01,-8.930423079436226041e-01,0.000000000000000000e+00,0.000000000000000000e+00
6.666666666666666297e-01,4.242424242424242542e-01,-1.160070909462168481e-01,-9.610744702677956885e-01,0.000000000000000000e+00,0.000000000000000000e+00
6.969696969696970168e-01,4.242424242424242542e-01,-1.203528400171286206e-01,-1.030735461471940173e+00,0.000000000000000000e+00,0.000000000000000000e+00
7.272727272727272929e-01,4.242424242424242542e-01,-1.245546361584129458e-01,-1.101960368183446448e+00,0.000000000000000000e+00,0.000000000000000000e+00
7.575757575757575690e-01,4.242424242424242542e-01,-1.286101088573124718e-01,-1.174684319625019402e+00,0.000000000000000000e+00,0.000000000000000000e+00
7.878787878787878451e-01,4.242424242424242542e-01,-1.325160167024880542e-01,-1.248842089290831181e+00,0.000000000000000000e+00,0.000000000000000000e+00
8.181818181818182323e-01,4.242424242424242542e-01,-1.362679977709198575e-01,-1.324367715904411380e+00,0.000000000000000000e+00,0.000000000000000000e+00
8.484848484848485084e-01,4.242424242424242542e-01,-1.398603356273652731e-01,-1.401194123707058425e+00,0.000000000000000000e+00,0.000000000000000000e+00
8.787878787878787845e-01,4.242424242424242542e-01,-1.432857429265145255e-01,-1.479252724882219816e+00,0.000000000000000000e+00,0.000000000000000000e+00
9.090909090909090606e-01,4.242424242424242542e-01,-1.465351692368337400e-01,-1.558472990049853513e+00,0.000000000000000000e+00,0.000000000000000000e+00
9.393939393939394478e-01,4.242424242424242542e-01,-1.495976450479563347e-01,-1.638781976712983202e+00,0.000000000000000000e+00,0.000000000000000000e+00
9.696969696969697239e-01,4.242424242424242542e-01,-1.524601798809092079e-01,-1.720103810850190262e+00,0.000000000000000000e+00,0.000000000000000000e+00
1.000000000000000000e+00,4.242424242424242542e-01,-1.551077387097102578e-01,-1.802359124105804122e+00,0.000000000000000000e+00,0.000000000000000000e+00
1.030303030303030276e+00,4.242424242424242542e-01,-1.575233269538725278e-01,-1.885464458758622452e+00,0.000000000000000000e+00,0.000000000000000000e+00
1.060606060606060552e+00,4.242424242424242542e-01,-1.596882191654329375e-01,-1.969331665164226086e+00,0.000000000000000000e+00,0.000000000000000000e+00
1.090909090909090828e+00,4.242424242424242542e-01,-1.615823688449079254e-01,-2.053867331571050059e+00,0.000000000000000000e+00,0.000000000000000000e+00
1.121212121212121104e+00,4.242424242424242542e-01,-1.631850348570081932e-01,-2.138972303389549356e+00,0.000000000000000000e+00,0.000000000000000000e+00
1.151515151515151603e+00,4.242424242424242542e-01,-1.644756518169394055e-01,-2.224541366638510098e+00,0.000000000000000000e+00,0.000000000000000000e+00
1.181818181818181879e+00,4.242424242424242542e-01,-1.654349559574745110e-01,-2.310463186049775519e+00,0.000000000000000000e+00,0.000000000000000000e+00
1.212121212121212155e+00,4.242424242424242542e-01,-1.660463534846026989e-01,-2.396620599112450734e+00,0.000000000000000000e+00,0.000000000000000000e+00
1.242424242424242431e+00,4.242424242424242542e-01,-1.662974856743927310e-01,-2.482891369716327734e+00,0.000000000000000000e+00,0.000000000000000000e+00
1.272727272727272707e+00,4.242424242424242542e-01,-1.661819060231067291e-01,-2.569149495630810520e+00,0.000000000000000000e+00,0.000000000000000000e+00
1.303030303030302983e+00,4.242424242424242542e-01,-1.657007435417983954e-01,-2.655267140059180520e+00,0.000000000000000000e+00,0.000000000000000000e+00
1.333333333333333259e+00,4.242424242424242542e-01,-1.648641883760221249e-01,-2.741117217249709359e+00,0.000000000000000000e+00,0.000000000000000000e+00
1.363636363636363535e+00,4.242424242424242542e-01,-1.636926081671658262e-01,-2.826576605353579019e+00,0.000000000000000000e+00,0.000000000000000000e+00
1.393939393939394034e+00,4.242424242424242542e-01,-1.622170934091652084e-01,-2.911529887754646495e+00,0.000000000000000000e+00,0.000000000000000000e+00
1.424242424242424310e+00,4.242424242424242542e-01,-1.604792448554586137e-01,-2.995873440146162192e+00,0.000000000000000000e+00,0.000000000000000000e+00
1.454545454545454586e+00,4.242424242424242542e-01,-1.585300623040738488e-01,-3.079519590082965053e+00,0.000000000000000000e+00,0.000000000000000000e+00
1.484848484848484862e+00,4.242424242424242542e-01,-1.564278765142832761e-01,-3.162400487023695916e+00,0.000000000000000000e+00,0.000000000000000000e+00
1.515151515151515138e+00,4.242424242424242542e-01,-1.542353907328876672e-01,-3.244471237881806136e+00,0.000000000000000000e+00,0.000000000000000000e+00
1.545454545454545414e+00,4.242424242424242542e-01,-1.520160155917312517e-01,-3.325711902590591240e+00,0.000000000000000000e+00,0.000000000000000000e+00
1.575757575757575690e+00,4.242424242424242542e-01,-1.498299415926028777e-01,-3.406127702796566847e+00,0.000000000000000000e+00,0.000000000000000000e+00
1.606060606060605966e+00,4.242424242424242542e-01,-1.477305955057607312e-01,-3.485747081686270565e+00,0.000000000000000000e+00,0.000000000000000000e+00
1.636363636363636465e+00,4.242424242424242542e-01,-1.457620568620183188e-01,-3.564617904411154559e+00,0.000000000000000000e+00,0.000000000000000000e+00
1.666666666666666741e+00,4.242424242424242542e-01,-1.439577269733576526e-01,-3.642802568526830154e+00,0.000000000000000000e+00,0.000000000000000000e+00
1.696969696969697017e+00,4.242424242424242542e-01,-1.423402263014482694e-01,-3.720372893043900397e+00,0.000000000000000000e+00,0.000000000000000000e+00
1.727272727272727293e+00,4.242424242424242542e-01,-1.409222729030712717e-01,-3.797405471819331080e+00,0.000000000000000000e+00,0.000000000000000000e+00
1.757575757575757569e+00,4.242424242424242542e-01,-1.397081968460595902e-01,-3.873977889340867176e+00,0.000000000000000000e+00,0.000000000000000000e+00
1.787878787878787845e+00,4.242424242424242542e-01,-1.386957459293839401e-01,-3.950165930091719790e+00,0.000000000000000000e+00,0.000000000000000000e+00
1.818181818181818121e+00,4.242424242424242542e-01,-1.378778931918274164e-01,-4.026041719221653103e+00,0.000000000000000000e+00,0.000000000000000000e+00
1.848484848484848397e+00,4.242424242424242542e-01,-1.372444299584578420e-01,-4.101672615276358513e+00,0.000000000000000000e+00,0.000000000000000000e+00
1.878787878787878896e+00,4.242424242424242542e-01,-1.367831968655763564e-01,-4.177120616033530354e+00,0.000000000000000000e+00,0.000000000000000000e+00
1.909090909090909172e+00,4.242424242424242542e-01,-1.364808590521646436e-01,-4.252442012231800739e+00,0.000000000000000000e+00,0.000000000000000000e+00
1.939393939393939448e+00,4.242424242424242542e-01,-1.363231683036663644e-01,-4.327687011186903909e+00,0.000000000000000000e+00,0.000000000000000000e+00
1.969696969696969724e+00,4.242424242424242542e-01,-1.362946765507761226e-01,-4.402899039966785111e+00,0.000000000000000000e+00,0.000000000000000000e+00
2.000000000000000000e+00,4.242424242424242542e-01,-1.363778759460702872e-01,-4.478113421036432840e+00,0.000000000000000000e+00,0.000000000000000000e+00
0.000000000000000000e+00,4.545454545454545303e-01,0.000000000000000000e+00,0.000000000000000000e+00,1.000000000000000000e+00,0.000000000000000000e+00
3.030303030303030387e-02,4.545454545454545303e-01,-2.821598526035831028e-03,-9.339124635878900613e-03,0.000000000000000000e+00,0.000000000000000000e+00
6.060606060606060774e-02,4.545454545454545303e-01,-5.745989845168763925e-03,-2.316508038580313705e-02,0.000000000000000000e+00,0.000000000000000000e+00
9.090909090909091161e-02,4.545454545454545303e-01,-8.779123528702210272e-03,-4.129219502219062116e-02,0.000000000000000000e+00,0.000000000000000000e+00
1.212121212121212155e-01,4.545454545454545303e-01,-1.191969066286941749e-02,-6.351393209655453731e-02,0.000000000000000000e+00,0.000000000000000000e+00
1.515151515151515194e-01,4.545454545454545303e-01,-1.515989656888669553e-02,-8.961282860619956825e-02,0.000000000000000000e+00,0.000000000000000000e+00
1.818181818181818232e-01,4.545454545454545303e-01,-1.848670107572083360e-02,-1.193694074035061281e-01,0.000000000000000000e+00,0.000000000000000000e+00
2.121212121212121271e-01,4.545454545454545303e-01,-2.188330193214155575e-02,-1.525694773453853126e-01,0.000000000000000000e+00,0.000000000000000000e+00
2.424242424242424310e-01,4.545454545454545303e-01,-2.533067378384351240e-02,-1.890095433609127185e-01,0.000000000000000000e+00,0.000000000000000000e+00
2.727272727272727071e-01,4.545454545454545303e-01,-2.880901068214387212e-02,-2.285003227856229335e-01,0.000000000000000000e+00,0.000000000000000000e+00
3.030303030303030387e-01,4.545454545454545303e-01,-3.229895785404358899e-02,-2.708685633576342067e-01,0.000000000000000000e+00,0.000000000000000000e+00
3.333333333333333148e-01,4.545454545454545303e-01,-3.578256091082901436e-02,-3.159574745289017161e-01,0.000000000000000000e+00,0.000000000000000000e+00
3.636363636363636465e-01,4.545454545454545303e-01,-3.924390506961666913e-02,-3.636261275671234250e-01,0.000000000000000000e+00,0.000000000000000000e+00
3.939393939393939226e-01,4.545454545454545303e-01,-4.266945708153725703e-02,-4.137481691680153228e-01,0.000000000000000000e+00,0.000000000000000000e+00
4.242424242424242542e-01,4.545454545454545303e-01,-4.604815231605784154e-02,-4.662101473171015309e-01,0.000000000000000000e+00,0.000000000000000000e+00
4.545454545454545303e-01,4.545454545454545303e-01,-4.937128566620389153e-02,-5.209096845824280342e-01,0.000000000000000000e+00,0.000000000000000000e+00
4.848484848484848619e-01,4.545454545454545303e-01,-5.263226814294240385e-02,-5.777536670211925740e-01,0.000000000000000000e+00,0.000000000000000000e+00
5.151515151515151381e-01,4.545454545454545303e-01,-5.582630451845601444e-02,-6.366565561495450831e-01,0.000000000000000000e+00,0.000000000000000000e+00
5.454545454545454142e-01,4.545454545454545303e-01,-5.895003551331005898e-02,-6.975388821728536470e-01,0.000000000000000000e+00,0.000000000000000000e+00
5.757575757575758013e-01,4.545454545454545303e-01,-6.200117469655532648e-02,-7.603259403707901543e-01,0.000000000000000000e+00,0.000000000000000000e+00
6.060606060606060774e-01,4.545454545454545303e-01,-6.497815812130286472e-02,-8.249466881153834086e-01,0.000000000000000000e+00,0.000000000000000000e+00
6.363636363636363535e-01,4.545454545454545303e-01,-6.787981506006461607e-02,-8.913328251407670599e-01,0.000000000000000000e+00,0.000000000000000000e+00
6.666666666666666297e-01,4.545454545454545303e-01,-7.070506134552995148e-02,-9.594180317574836359e-01,0.000000000000000000e+00,0.000000000000000000e+00
6.969696969696970168e-01,4.545454545454545303e-01,-7.345261250860568580e-02,-1.029137336367489608e+00,0.000000000000000000e+00,0.000000000000000000e+00
7.272727272727272929e-01,4.545454545454545303e-01,-7.612071166407610723e-02,-1.100426583056886898e+00,0.000000000000000000e+00,0.000000000000000000e+00
7.575757575757575690e-01,4.545454545454545303e-01,-7.870686645255246805e-02,-1.173221970926759727e+00,0.000000000000000000e+00,0.000000000000000000e+00
7.878787878787878451e-01,4.545454545454545303e-01,-8.120758993998443420e-02,-1.247459638337930166e+00,0.000000000000000000e+00,0.000000000000000000e+00
8.181818181818182323e-01,4.545454545454545303e-01,-8.361814198073813653e-02,-1.323075266934323313e+00,0.000000000000000000e+00,0.000000000000000000e+00
8.484848484848485084e-01,4.545454545454545303e-01,-8.593227008491342855e-02,-1.400003682006485617e+00,0.000000000000000000e+00,0.000000000000000000e+00
8.787878787878787845e-01,4.545454545454545303e-01,-8.814195232871377406e-02,-1.478178427538624939e+00,0.000000000000000000e+00,0.000000000000000000e+00
9.090909090909090606e-01,4.545454545454545303e-01,-9.023714941799262923e-02,-1.557531296442975943e+00,0.000000000000000000e+00,0.000000000000000000e+00
9.393939393939394478e-01,4.545454545454545303e-01,-9.220557878793449180e-02,-1.637991799525807979e+00,0.000000000000000000e+00,0.000000000000000000e+00
9.696969696969697239e-01,4.545454545454545303e-01,-9.403253065851824299e-02,-1.719486561347776554e+00,0.000000000000000000e+00,0.000000000000000000e+00
1.000000000000000000e+00,4.545454545454545303e-01,-9.570075414176273942e-02,-1.801938638195452302e+00,0.000000000000000000e+00,0.000000000000000000e+00
1.030303030303030276e+00,4.545454545454545303e-01,-9.719045034279033546e-02,-1.885266763793768563e+00,0.000000000000000000e+00,0.000000000000000000e+00
1.060606060606060552e+00,4.545454545454545303e-01,-9.847941791584428894e-02,-1.969384542966615248e+00,0.000000000000000000e+00,0.000000000000000000e+00
1.090909090909090828e+00,4.545454545454545303e-01,-9.954340305046946447e-02,-2.054199632595405056e+00,0.000000000000000000e+00,0.000000000000000000e+00
1.121212121212121104e+00,4.545454545454545303e-01,-1.003567079694950293e-01,-2.139612972561422577e+00,0.000000000000000000e+00,0.000000000000000000e+00
1.151515151515151603e+00,4.545454545454545303e-01,-1.008931067668328574e-01,-2.225518155372255613e+00,0.000000000000000000e+00,0.000000000000000000e+00
1.181818181818181879e+00,4.545454545454545303e-01,-1.011271017729984678e-01,-2.311801048968774808e+00,0.000000000000000000e+00,0.000000000000000000e+00
1.212121212121212155e+00,4.545454545454545303e-01,-1.010355252811730581e-01,-2.398339808539227125e+00,0.000000000000000000e+00,0.000000000000000000e+00
1.242424242424242431e+00,4.545454545454545303e-01,-1.005994496999143284e-01,-2.485005424822522624e+00,0.000000000000000000e+00,0.000000000000000000e+00
1.272727272727272707e+00,4.545454545454545303e-01,-9.980631580090015831e-02,-2.571662952907337374e+00,0.000000000000000000e+00,0.000000000000000000e+00
1.303030303030302983e+00,4.545454545454545303e-01,-9.865212844084113308e-02,-2.658173542098324127e+00,0.000000000000000000e+00,0.000000000000000000e+00
1.333333333333333259e+00,4.545454545454545303e-01,-9.714350959355561033e-02,-2.744397340634278315e+00,0.000000000000000000e+00,0.000000000000000000e+00
1.363636363636363535e+00,4.545454545454545303e-01,-9.529934967017819614e-02,-2.830197277503883946e+00,0.000000000000000000e+00,0.000000000000000000e+00
1.393939393939394034e+00,4.545454545454545303e-01,-9.315177122571191570e-02,-2.915443628155728550e+00,0.000000000000000000e+00,0.000000000000000000e+00
1.424242424242424310e+00,4.545454545454545303e-01,-9.074612585320403213e-02,-3.000019154748524208e+00,0.000000000000000000e+00,0.000000000000000000e+00
1.454545454545454586e+00,4.545454545454545303e-01,-8.813979628087166562e-02,-3.083824480649003164e+00,0.000000000000000000e+00,0.000000000000000000e+00
1.484848484848484862e+00,4.545454545454545303e-01,-8.539968050868103344e-02,-3.166783223007710202e+00,0.000000000000000000e+00,0.000000000000000000e+00
1.515151515151515138e+00,4.545454545454545303e-01,-8.259841059217246095e-02,-3.248846260215236370e+00,0.000000000000000000e+00,0.000000000000000000e+00
1.545454545454545414e+00,4.545454545454545303e-01,-7.980949253582445002e-02,-3.329994618953243002e+00,0.000000000000000000e+00,0.000000000000000000e+00
1.575757575757575690e+00,4.545454545454545303e-01,-7.710203055532501015e-02,-3.410239820603696348e+00,0.000000000000000000e+00,0.000000000000000000e+00
1.606060606060605966e+00,4.545454545454545303e-01,-7.453605493285307693e-02,-3.489621074612057505e+00,0.000000000000000000e+00,0.000000000000000000e+00
1.636363636363636465e+00,4.545454545454545303e-01,-7.215930851144695957e-02,-3.568199881265126550e+00,0.000000000000000000e+00,0.000000000000000000e+00
1.666666666666666741e+00,4.545454545454545303e-01,-7.000584593239150832e-02,-3.646053328215506095e+00,0.000000000000000000e+00,0.000000000000000000e+00
1.696969696969697017e+00,4.545454545454545303e-01,-6.809630797204140051e-02,-3.723267389870259070e+00,0.000000000000000000e+00,0.000000000000000000e+00
1.727272727272727293e+00,4.545454545454545303e-01,-6.643943738922293563e-02,-3.799931151989692779e+00,0.000000000000000000e+00,0.000000000000000000e+00
1.757575757575757569e+00,4.545454545454545303e-01,-6.503431375336646281e-02,-3.876132410561545338e+00,0.000000000000000000e+00,0.000000000000000000e+00
1.787878787878787845e+00,4.545454545454545303e-01,-6.387283284953980400e-02,-3.951954714205877295e+00,0.000000000000000000e+00,0.000000000000000000e+00
1.818181818181818121e+00,4.545454545454545303e-01,-6.294206449327478803e-02,-4.027475681315856981e+00,0.000000000000000000e+00,0.000000000000000000e+00
1.848484848484848397e+00,4.545454545454545303e-01,-6.222623725994422261e-02,-4.102766305896224708e+00,0.000000000000000000e+00,0.000000000000000000e+00
1.878787878787878896e+00,4.545454545454545303e-01,-6.170819215957443898e-02,-4.177890927410523148e+00,0.000000000000000000e+00,0.000000000000000000e+00
1.909090909090909172e+00,4.545454545454545303e-01,-6.137021088477893904e-02,-4.252907540570101119e+00,0.000000000000000000e+00,0.000000000000000000e+00
1.939393939393939448e+00,4.545454545454545303e-01,-6.119415983628538613e-02,-4.327868132606614182e+00,0.000000000000000000e+00,0.000000000000000000e+00
1.969696969696969724e+00,4.545454545454545303e-01,-6.116090557637917507e-02,-4.402818741576540518e+00,0.000000000000000000e+00,0.000000000000000000e+00
2.000000000000000000e+00,4.545454545454545303e-01,-6.124895957925299145e-02,-4.477798923158578859e+00,0.000000000000000000e+00,0.000000000000000000e+00
0.000000000000000000e+00,4.848484848484848619e-01,0.000000000000000000e+00,0.000000000000000000e+00,1.000000000000000000e+00,0.000000000000000000e+00
3.030303030303030387e-02,4.848484848484848619e-01,-9.427632397076231080e-04,-9.239119826073336969e-03,0.000000000000000000e+00,0.000000000000000000e+00
6.060606060606060774e-02,4.848484848484848619e-01,-1.924697781811585909e-03,-2.295451189406897199e-02,0.000000000000000000e+00,0.000000000000000000e+00
9.090909090909091161e-02,4.848484848484848619e-01,-2.947388757171890729e-03,-4.096626887214991491e-02,0.000000000000000000e+00,0.000000000000000000e+00
1.212121212121212155e-01,4.848484848484848619e-01,-4.010534110843917872e-03,-6.307305027708687284e-02,0.000000000000000000e+00,0.000000000000000000e+00
1.515151515151515194e-01,4.848484848484848619e-01,-5.112217275095193650e-03,-8.906175148579852097e-02,0.000000000000000000e+00,0.000000000000000000e+00
1.818181818181818232e-01,4.848484848484848619e-01,-6.249179221415197480e-03,-1.187163162687030343e-01,0.000000000000000000e+00,0.000000000000000000e+00
2.121212121212121271e-01,4.848484848484848619e-01,-7.417087423429889401e-03,-1.518250203383138264e-01,0.000000000000000000e+00,0.000000000000000000e+00
2.424242424242424310e-01,4.848484848484848619e-01,-8.610826136043577689e-03,-1.881859113001083383e-01,0.000000000000000000e+00,0.000000000000000000e+00
2.727272727272727071e-01,4.848484848484848619e-01,-9.824818754154394235e-03,-2.276103955060412021e-01,0.000000000000000000e+00,0.000000000000000000e+00
3.030303030303030387e-01,4.848484848484848619e-01,-1.105336750295300534e-02,-2.699251686608333811e-01,0.000000000000000000e+00,0.000000000000000000e+00
3.333333333333333148e-01,4.848484848484848619e-01,-1.229097812220471785e-02,-3.149727967170765086e-01,0.000000000000000000e+00,0.000000000000000000e+00
3.636363636363636465e-01,4.848484848484848619e-01,-1.353263423306956710e-02,-3.626112882303307305e-01,0.000000000000000000e+00,0.000000000000000000e+00
3.939393939393939226e-01,4.848484848484848619e-01,-1.477399513674941545e-02,-4.127129836160142728e-01,0.000000000000000000e+00,0.000000000000000000e+00
4.242424242424242542e-01,4.848484848484848619e-01,-1.601150548598044218e-02,-4.651630418124735322e-01,0.000000000000000000e+00,0.000000000000000000e+00
4.545454545454545303e-01,4.848484848484848619e-01,-1.724241948611199976e-02,-5.198577468053432460e-01,0.000000000000000000e+00,0.000000000000000000e+00
4.848484848484848619e-01,4.848484848484848619e-01,-1.846475225632805695e-02,-5.767027966398388106e-01,0.000000000000000000e+00,0.000000000000000000e+00
5.151515151515151381e-01,4.848484848484848619e-01,-1.967717558316239845e-02,-6.356116831940369361e-01,0.000000000000000000e+00,0.000000000000000000e+00
5.454545454545454142e-01,4.848484848484848619e-01,-2.087887529881555376e-02,-6.965042259897906707e-01,0.000000000000000000e+00,0.000000000000000000e+00
5.757575757575758013e-01,4.848484848484848619e-01,-2.206938455196793408e-02,-7.593052889346247891e-01,0.000000000000000000e+00,0.000000000000000000e+00
6.060606060606060774e-01,4.848484848484848619e-01,-2.324840297057063909e-02,-8.239436845513754548e-01,0.000000000000000000e+00,0.000000000000000000e+00
6.363636363636363535e-01,4.848484848484848619e-01,-2.441560738428388486e-02,-8.903512543586512562e-01,0.000000000000000000e+00,0.000000000000000000e+00
6.666666666666666297e-01,4.848484848484848619e-01,-2.557045609663445573e-02,-9.584621046250214604e-01,0.000000000000000000e+00,0.000000000000000000e+00
6.969696969696970168e-01,4.848484848484848619e-01,-2.671198597055159801e-02,-1.028211971803741909e+00,0.000000000000000000e+00,0.000000000000000000e+00
7.272727272727272929e-01,4.848484848484848619e-01,-2.783859985637641976e-02,-1.099537689932198026e+00,0.000000000000000000e+00,0.000000000000000000e+00
7.575757575757575690e-01,4.848484848484848619e-01,-2.894784108104886053e-02,-1.172376731902453617e+00,0.000000000000000000e+00,0.000000000000000000e+00
7.878787878787878451e-01,4.848484848484848619e-01,-3.003615175879520080e-02,-1.246666796901643615e+00,0.000000000000000000e+00,0.000000000000000000e+00
8.181818181818182323e-01,4.848484848484848619e-01,-3.109861256259760509e-02,-1.322345416938325524e+00,0.000000000000000000e+00,0.000000000000000000e+00
8.484848484848485084e-01,4.848484848484848619e-01,-3.212866338638236535e-02,-1.399349555952460911e+00,0.000000000000000000e+00,0.000000000000000000e+00
8.787878787878787845e-01,4.848484848484848619e-01,-3.311780720413599194e-02,-1.477615175548998128e+00,0.000000000000000000e+00,0.000000000000000000e+00
9.090909090909090606e-01,4.848484848484848619e-01,-3.405530365988353181e-02,-1.557076742150453219e+00,0.000000000000000000e+00,0.000000000000000000e+00
9.393939393939394478e-01,4.848484848484848619e-01,-3.492786482789094621e-02,-1.637666651862125455e+00,0.000000000000000000e+00,0.000000000000000000e+00
9.696969696969697239e-01,4.848484848484848619e-01,-3.571937348256454953e-02,-1.719314552422612330e+00,0.000000000000000000e+00,0.000000000000000000e+00
1.000000000000000000e+00,4.848484848484848619e-01,-3.641065429131688791e-02,-1.801946547432926149e+00,0.000000000000000000e+00,0.000000000000000000e+00
1.030303030303030276e+00,4.848484848484848619e-01,-3.697934042347739841e-02,-1.885484278055386875e+00,0.000000000000000000e+00,0.000000000000000000e+00
1.060606060606060552e+00,4.848484848484848619e-01,-3.739989134592294762e-02,-1.969843893087646958e+00,0.000000000000000000e+00,0.000000000000000000e+00
1.090909090909090828e+00,4.848484848484848619e-01,-3.764383026210106620e-02,-2.054934941033061513e+00,0.000000000000000000e+00,0.000000000000000000e+00
1.121212121212121104e+00,4.848484848484848619e-01,-3.768027869895739651e-02,-2.140659247975936985e+00,0.000000000000000000e+00,0.000000000000000000e+00
1.151515151515151603e+00,4.848484848484848619e-01,-3.747686683412802117e-02,-2.226909881686396808e+00,0.000000000000000000e+00,0.000000000000000000e+00
1.181818181818181879e+00,4.848484848484848619e-01,-3.700108614922834049e-02,-2.313570342242404987e+00,0.000000000000000000e+00,0.000000000000000000e+00
1.212121212121212155e+00,4.848484848484848619e-01,-3.622212101966452297e-02,-2.400514156973414526e+00,0.000000000000000000e+00,0.000000000000000000e+00
1.242424242424242431e+00,4.848484848484848619e-01,-3.511314486633872189e-02,-2.487605085045809350e+00,0.000000000000000000e+00,0.000000000000000000e+00
1.272727272727272707e+00,4.848484848484848619e-01,-3.365399496930328999e-02,-2.574698145828198559e+00,0.000000000000000000e+00,0.000000000000000000e+00
1.303030303030302983e+00,4.848484848484848619e-01,-3.183405316789857109e-02,-2.661641667027291991e+00,0.000000000000000000e+00,0.000000000000000000e+00
1.333333333333333259e+00,4.848484848484848619e-01,-2.965506763187672826e-02,-2.748280497102449704e+00,0.000000000000000000e+00,0.000000000000000000e+00
1.363636363636363535e+00,4.848484848484848619e-01,-2.713356808900418277e-02,-2.834460438183056485e+00,0.000000000000000000e+00,0.000000000000000000e+00
1.393939393939394034e+00,4.848484848484848619e-01,-2.430247045244005380e-02,-2.920033830395560859e+00,0.000000000000000000e+00,0.000000000000000000e+00
1.424242424242424310e+00,4.848484848484848619e-01,-2.121145486513597092e-02,-3.004866059007951229e+00,0.000000000000000000e+00,0.000000000000000000e+00
1.454545454545454586e+00,4.848484848484848619e-01,-1.792575162567635813e-02,-3.088842568055309989e+00,0.000000000000000000e+00,0.000000000000000000e+00
1.484848484848484862e+00,4.848484848484848619e-01,-1.452309855510088010e-02,-3.171875758715537508e+00,0.000000000000000000e+00,0.000000000000000000e+00
1.515151515151515138e+00,4.848484848484848619e-01,-1.108888351525985812e-02,-3.253910890867560912e+00,0.000000000000000000e+00,0.000000000000000000e+00
1.545454545454545414e+00,4.848484848484848619e-01,-7.709589076737087369e-03,-3.334930415596659259e+00,0.000000000000000000e+00,0.000000000000000000e+00
1.575757575757575690e+00,4.848484848484848619e-01,-4.465570895333999084e-03,-3.414954550528059407e+00,0.000000000000000000e+00,0.000000000000000000e+00
1.606060606060605966e+00,4.848484848484848619e-01,-1.424827439655690364e-03,-3.494037080187637034e+00,0.000000000000000000e+00,0.000000000000000000e+00
1.636363636363636465e+00,4.848484848484848619e-01,1.360966981308373664e-03,-3.572257519495295242e+00,0.000000000000000000e+00,0.000000000000000000e+00
1.666666666666666741e+00,4.848484848484848619e-01,3.857785873904873673e-03,-3.649711809472656387e+00,0.000000000000000000e+00,0.000000000000000000e+00
1.696969696969697017e+00,4.848484848484848619e-01,6.048303299091249696e-03,-3.726503499972593225e+00,0.000000000000000000e+00,0.000000000000000000e+00
1.727272727272727293e+00,4.848484848484848619e-01,7.929414137946457289e-03,-3.802736610650636173e+00,0.000000000000000000e+00,0.000000000000000000e+00
1.757575757575757569e+00,4.848484848484848619e-01,9.508997524925705269e-03,-3.878510607237646290e+00,0.000000000000000000e+00,0.000000000000000000e+00
1.787878787878787845e+00,4.848484848484848619e-01,1.080255818307204914e-02,-3.953917412730457048e+00,0.000000000000000000e+00,0.000000000000000000e+00
1.818181818181818121e+00,4.848484848484848619e-01,1.183018767388887421e-02,-4.029040104176000447e+00,0.000000000000000000e+00,0.000000000000000000e+00
1.848484848484848397e+00,4.848484848484848619e-01,1.261411540944948860e-02,-4.103952854406993644e+00,0.000000000000000000e+00,0.000000000000000000e+00
1.878787878787878896e+00,4.848484848484848619e-01,1.317699615152013136e-02,-4.178721685400041963e+00,0.000000000000000000e+00,0.000000000000000000e+00
1.909090909090909172e+00,4.848484848484848619e-01,1.354100925011325965e-02,-4.253405645974960514e+00,0.000000000000000000e+00,0.000000000000000000e+00
1.939393939393939448e+00,4.848484848484848619e-01,1.372781572514208091e-02,-4.328058073990524335e+00,0.000000000000000000e+00,0.000000000000000000e+00
1.969696969696969724e+00,4.848484848484848619e-01,1.375941913154527310e-02,-4.402727632546231895e+00,0.000000000000000000e+00,0.000000000000000000e+00
2.000000000000000000e+00,4.848484848484848619e-01,1.365999091917860508e-02,-4.477458813789262138e+00,0.000000000000000000e+00,0.000000000000000000e+00
0.000000000000000000e+00,5.151515151515151381e-01,0.000000000000000000e+00,0.000000000000000000e+00,1.000000000000000000e+00,0.000000000000000000e+00
3.030303030303030387e-02,5.151515151515151381e-01,9.325702728043811602e-04,-9.223347750444118101e-03,0.000000000000000000e+00,0.000000000000000000e+00
6.060606060606060774e-02,5.151515151515151381e-01,1.888669893603823471e-03,-2.292626356248260444e-02,0.000000000000000000e+00,0.000000000000000000e+00
9.090909090909091161e-02,5.151515151515151381e-01,2.871110517696624353e-03,-4.092812669902094053e-02,0.000000000000000000e+00,0.000000000000000000e+00
1.212121212121212155e-01,5.151515151515151381e-01,3.879337132689115401e-03,-6.302640510566220877e-02,0.000000000000000000e+00,0.000000000000000000e+00
1.515151515151515194e-01,5.151515151515151381e-01,4.909630645482796450e-03,-8.900672786738497710e-02,0.000000000000000000e+00,0.000000000000000000e+00
1.818181818181818232e-01,5.151515151515151381e-01,5.955786622316006258e-03,-1.186520422628596499e-01,0.000000000000000000e+00,0.000000000000000000e+00
2.121212121212121271e-01,5.151515151515151381e-01,7.010035250239444148e-03,-1.517500660224677389e-01,0.000000000000000000e+00,0.000000000000000000e+00
2.424242424242424310e-01,5.151515151515151381e-01,8.063960932397978496e-03,-1.880987239588196580e-01,0.000000000000000000e+00,0.000000000000000000e+00
2.727272727272727071e-01,5.151515151515151381e-01,9.109254985153346709e-03,-2.275096238196068210e-01,0.000000000000000000e+00,0.000000000000000000e+00
3.030303030303030387e-01,5.151515151515151381e-01,1.013822877606482785e-02,-2.698098404763050739e-01,0.000000000000000000e+00,0.000000000000000000e+00
3.333333333333333148e-01,5.151515151515151381e-01,1.114408988923554569e-02,-3.148423674548403994e-01,0.000000000000000000e+00,0.000000000000000000e+00
3.636363636363636465e-01,5.151515151515151381e-01,1.212102804529557876e-02,-3.624656028848550759e-01,0.000000000000000000e+00,0.000000000000000000e+00
3.939393939393939226e-01,5.151515151515151381e-01,1.306417336732396128e-02,-4.125521995290786226e-01,0.000000000000000000e+00,0.000000000000000000e+00
4.242424242424242542e-01,5.151515151515151381e-01,1.396948626065511179e-02,-4.649875507406313058e-01,0.000000000000000000e+00,0.000000000000000000e+00
4.545454545454545303e-01,5.151515151515151381e-01,1.483362522416229248e-02,-5.196681213968533664e-01,0.000000000000000000e+00,0.000000000000000000e+00
4.848484848484848619e-01,5.151515151515151381e-01,1.565382360929803637e-02,-5.764997737717150184e-01,0.000000000000000000e+00,0.000000000000000000e+00
5.151515151515151381e-01,5.151515151515151381e-01,1.642779298874727512e-02,-6.353961873548608086e-01,0.000000000000000000e+00,0.000000000000000000e+00
5.454545454545454142e-01,5.151515151515151381e-01,1.715366114338822204e-02,-6.962774305453692802e-01,0.000000000000000000e+00,0.000000000000000000e+00
5.757575757575758013e-01,5.151515151515151381e-01,1.782994679849377734e-02,-7.590687109949277867e-01,0.000000000000000000e+00,0.000000000000000000e+00
6.060606060606060774e-01,5.151515151515151381e-01,1.845557037744245329e-02,-8.236993091662195843e-01,0.000000000000000000e+00,0.000000000000000000e+00
6.363636363636363535e-01,5.151515151515151381e-01,1.902989921079013824e-02,-8.901016848728533493e-01,0.000000000000000000e+00,0.000000000000000000e+00
6.666666666666666297e-01,5.151515151515151381e-01,1.955282597035569794e-02,-9.582107374565815849e-01,0.000000000000000000e+00,0.000000000000000000e+00
6.969696969696970168e-01,5.151515151515151381e-01,2.002487995246424526e-02,-1.027963195187737711e+00,0.000000000000000000e+00,0.000000000000000000e+00
7.272727272727272929e-01,5.151515151515151381e-01,2.044737179094982191e-02,-1.099297107022107145e+00,0.000000000000000000e+00,0.000000000000000000e+00
7.575757575757575690e-01,5.151515151515151381e-01,2.082257297094710149e-02,-1.172151408876232148e+00,0.000000000000000000e+00,0.000000000000000000e+00
7.878787878787878451e-01,5.151515151515151381e-01,2.115393194718096295e-02,-1.246465536250826567e+00,0.000000000000000000e+00,0.000000000000000000e+00
8.181818181818182323e-01,5.151515151515151381e-01,2.144632856299983834e-02,-1.322179054766361883e+00,0.000000000000000000e+00,0.000000000000000000e+00
8.484848484848485084e-01,5.151515151515151381e-01,2.170636759152290776e-02,-1.399231279650222870e+00,0.000000000000000000e+00,0.000000000000000000e+00
8.787878787878787845e-01,5.151515151515151381e-01,2.194271026430253194e-02,-1.477560854345173702e+00,0.000000000000000000e+00,0.000000000000000000e+00
9.090909090909090606e-01,5.151515151515151381e-01,2.216643918668720001e-02,-1.557105257370938078e+00,0.000000000000000000e+00,0.000000000000000000e+00
9.393939393939394478e-01,5.151515151515151381e-01,2.239144650974139727e-02,-1.637800205861947855e+00,0.000000000000000000e+00,0.000000000000000000e+00
9.696969696969697239e-01,5.151515151515151381e-01,2.263482698999974563e-02,-1.719578924733000669e+00,0.000000000000000000e+00,0.000000000000000000e+00
1.000000000000000000e+00,5.151515151515151381e-01,2.291724598474519439e-02,-1.802371253610663970e+00,0.000000000000000000e+00,0.000000000000000000e+00
1.030303030303030276e+00,5.151515151515151381e-01,2.326323710055331132e-02,-1.886102571505437364e+00,0.000000000000000000e+00,0.000000000000000000e+00
1.060606060606060552e+00,5.151515151515151381e-01,2.370136536469144919e-02,-1.970692534184530276e+00,0.000000000000000000e+00,0.000000000000000000e+00
1.090909090909090828e+00,5.151515151515151381e-01,2.426417086081234659e-02,-2.056053644000634950e+00,0.000000000000000000e+00,0.000000000000000000e+00
1.121212121212121104e+00,5.151515151515151381e-01,2.498778808724172809e-02,-2.142089708636622181e+00,0.000000000000000000e+00,0.000000000000000000e+00
1.151515151515151603e+00,5.151515151515151381e-01,2.591112357324985502e-02,-2.228694294227475670e+00,0.000000000000000000e+00,0.000000000000000000e+00
1.181818181818181879e+00,5.151515151515151381e-01,2.707447650784714985e-02,-2.315749336959791016e+00,0.000000000000000000e+00,0.000000000000000000e+00
1.212121212121212155e+00,5.151515151515151381e-01,2.851751332886304224e-02,-2.403124138803016230e+00,0.000000000000000000e+00,0.000000000000000000e+00
1.242424242424242431e+00,5.151515151515151381e-01,3.027656502471627598e-02,-2.490675026651003154e+00,0.000000000000000000e+00,0.000000000000000000e+00
1.272727272727272707e+00,5.151515151515151381e-01,3.238130838702145409e-02,-2.578245986172663429e+00,0.000000000000000000e+00,0.000000000000000000e+00
1.303030303030302983e+00,5.151515151515151381e-01,3.485101530985663942e-02,-2.665670578026198889e+00,0.000000000000000000e+00,0.000000000000000000e+00
1.333333333333333259e+00,5.151515151515151381e-01,3.769069450120943188e-02,-2.752775393114029079e+00,0.000000000000000000e+00,0.000000000000000000e+00
1.363636363636363535e+00,5.151515151515151381e-01,4.088758688124695395e-02,-2.839385198011740830e+00,0.000000000000000000e+00,0.000000000000000000e+00
1.393939393939394034e+00,5.151515151515151381e-01,4.440858342247258617e-02,-2.925329759386843698e+00,0.000000000000000000e+00,0.000000000000000000e+00
1.424242424242424310e+00,5.151515151515151381e-01,4.819918384165342018e-02,-3.010452119181957542e+00,0.000000000000000000e+00,0.000000000000000000e+00
1.454545454545454586e+00,5.151515151515151381e-01,5.218457777511463502e-02,-3.094617825810735301e+00,0.000000000000000000e+00,0.000000000000000000e+00
1.484848484848484862e+00,5.151515151515151381e-01,5.627327944638280816e-02,-3.177724320647685285e+00,0.000000000000000000e+00,0.000000000000000000e+00
1.515151515151515138e+00,5.151515151515151381e-01,6.036338380936522724e-02,-3.259709214850454284e+00,0.000000000000000000e+00,0.000000000000000000e+00
1.545454545454545414e+00,5.151515151515151381e-01,6.435158851180923512e-02,-3.340557059149534602e+00,0.000000000000000000e+00,0.000000000000000000e+00
1.575757575757575690e+00,5.151515151515151381e-01,6.814328981936601526e-02,-3.420300273873477792e+00,0.000000000000000000e+00,0.000000000000000000e+00
1.606060606060605966e+00,5.151515151515151381e-01,7.166097443563029801e-02,-3.499012621863846206e+00,0.000000000000000000e+00,0.000000000000000000e+00
1.636363636363636465e+00,5.151515151515151381e-01,7.484902982360139290e-02,-3.576797587728760330e+00,0.000000000000000000e+00,0.000000000000000000e+00
1.666666666666666741e+00,5.151515151515151381e-01,7.767468526162907283e-02,-3.653775343451735935e+00,0.000000000000000000e+00,0.000000000000000000e+00
1.696969696969697017e+00,5.151515151515151381e-01,8.012591441274395654e-02,-3.730071160881086367e+00,0.000000000000000000e+00,0.000000000000000000e+00
1.727272727272727293e+00,5.151515151515151381e-01,8.220752418647833681e-02,-3.805806704146233788e+00,0.000000000000000000e+00,0.000000000000000000e+00
1.757575757575757569e+00,5.151515151515151381e-01,8.393655358162037394e-02,-3.881094482126473455e+00,0.000000000000000000e+00,0.000000000000000000e+00
1.787878787878787845e+00,5.151515151515151381e-01,8.533780060892072472e-02,-3.956035081786114738e+00,0.000000000000000000e+00,0.000000000000000000e+00
1.818181818181818121e+00,5.151515151515151381e-01,8.643997659462754335e-02,-4.030716545229244829e+00,0.000000000000000000e+00,0.000000000000000000e+00
1.848484848484848397e+00,5.151515151515151381e-01,8.727274116467251264e-02,-4.105215235612821090e+00,0.000000000000000000e+00,0.000000000000000000e+00
1.878787878787878896e+00,5.151515151515151381e-01,8.786471756032225577e-02,-4.179597627842137619e+00,0.000000000000000000e+00,0.000000000000000000e+00
1.909090909090909172e+00,5.151515151515151381e-01,8.824251514993106116e-02,-4.253922576014736556e+00,0.000000000000000000e+00,0.000000000000000000e+00
1.939393939393939448e+00,5.151515151515151381e-01,8.843077273145984185e-02,-4.328243706680921399e+00,0.000000000000000000e+00,0.000000000000000000e+00
1.969696969696969724e+00,5.151515151515151381e-01,8.845326080161067250e-02,-4.402611645821339792e+00,0.000000000000000000e+00,0.000000000000000000e+00
2.000000000000000000e+00,5.151515151515151381e-01,8.833512404777263405e-02,-4.477075802515745551e+00,0.000000000000000000e+00,0.000000000000000000e+00
0.000000000000000000e+00,5.454545454545454142e-01,0.000000000000000000e+00,0.000000000000000000e+00,1.000000000000000000e+00,0.000000000000000000e+00
3.030303030303030387e-02,5.454545454545454142e-01,2.813257139993863287e-03,-9.292025360932765210e-03,0.000000000000000000e+00,0.000000000000000000e+00
6.060606060606060774e-02,5.454545454545454142e-01,5.714136818686828267e-03,-2.308087810672861465e-02,0.000000000000000000e+00,0.000000000000000000e+00
9.090909090909091161e-02,5.454545454545454142e-01,8.709717191806791436e-03,-4.117865170817958803e-02,0.000000000000000000e+00,0.000000000000000000e+00
1.212121212121212155e-01,5.454545454545454142e-01,1.179821253383382500e-02,-6.337511065027590096e-02,0.000000000000000000e+00,0.000000000000000000e+00
1.515151515151515194e-01,5.454545454545454142e-01,1.496975156693555742e-02,-8.944892705022704227e-02,0.000000000000000000e+00,0.000000000000000000e+00
1.818181818181818232e-01,5.454545454545454142e-01,1.820814801724113599e-02,-1.191776531927010579e-01,0.000000000000000000e+00,0.000000000000000000e+00
2.121212121212121271e-01,5.454545454545454142e-01,2.149312403323544104e-02,-1.523455032037467349e-01,0.000000000000000000e+00,0.000000000000000000e+00
2.424242424242424310e-01,5.454545454545454142e-01,2.480249641880113640e-02,-1.887487100894210401e-01,0.000000000000000000e+00,0.000000000000000000e+00
2.727272727272727071e-01,5.454545454545454142e-01,2.811400533762447793e-02,-2.281986731476911834e-01,0.000000000000000000e+00,0.000000000000000000e+00
3.030303030303030387e-01,5.454545454545454142e-01,3.140664473505096893e-02,-2.705233187069030487e-01,0.000000000000000000e+00,0.000000000000000000e+00
3.333333333333333148e-01,5.454545454545454142e-01,3.466148952833510155e-02,-3.155671424298329142e-01,0.000000000000000000e+00,0.000000000000000000e+00
3.636363636363636465e-01,5.454545454545454142e-01,3.786209457739596329e-02,-3.631903599597728349e-01,0.000000000000000000e+00,0.000000000000000000e+00
3.939393939393939226e-01,5.454545454545454142e-01,4.099457338096822862e-02,-4.132675161549351217e-01,0.000000000000000000e+00,0.000000000000000000e+00
4.242424242424242542e-01,5.454545454545454142e-01,4.404746569827377306e-02,-4.656858205152521468e-01,0.000000000000000000e+00,0.000000000000000000e+00
4.545454545454545303e-01,5.454545454545454142e-01,4.701148734505195687e-02,-5.203434013056597029e-01,0.000000000000000000e+00,0.000000000000000000e+00
4.848484848484848619e-01,5.454545454545454142e-01,4.987923302988960667e-02,-5.771476083262214729e-01,0.000000000000000000e+00,0.000000000000000000e+00
5.151515151515151381e-01,5.454545454545454142e-01,5.264488100397923115e-02,-6.360134449970513693e-01,0.000000000000000000e+00,0.000000000000000000e+00
5.454545454545454142e-01,5.454545454545454142e-01,5.530392988605253857e-02,-6.968621732838069516e-01,0.000000000000000000e+00,0.000000000000000000e+00
5.757575757575758013e-01,5.454545454545454142e-01,5.785298439010937849e-02,-7.596201081802802513e-01,0.000000000000000000e+00,0.000000000000000000e+00
6.060606060606060774e-01,5.454545454545454142e-01,6.028959758832525689e-02,-8.242176000265318825e-01,0.000000000000000000e+00,0.000000000000000000e+00
6.363636363636363535e-01,5.454545454545454142e-01,6.261217193970586292e-02,-8.905881909812374264e-01,0.000000000000000000e+00,0.000000000000000000e+00
6.666666666666666297e-01,5.454545454545454142e-01,6.481991861759381357e-02,-9.586679247660911951e-01,0.000000000000000000e+00,0.000000000000000000e+00
6.969696969696970168e-01,5.454545454545454142e-01,6.691287378398749763e-02,-1.028394784867207257e+00,0.000000000000000000e+00,0.000000000000000000e+00
7.272727272727272929e-01,5.454545454545454142e-01,6.889197067634614258e-02,-1.099708234473804280e+00,0.000000000000000000e+00,0.000000000000000000e+00
7.575757575757575690e-01,5.454545454545454142e-01,7.075916716084131031e-02,-1.172548830568704181e+00,0.000000000000000000e+00,0.000000000000000000e+00
7.878787878787878451e-01,5.454545454545454142e-01,7.251762936111924573e-02,-1.246857883999210159e+00,0.000000000000000000e+00,0.000000000000000000e+00
8.181818181818182323e-01,5.454545454545454142e-01,7.417197275347064966e-02,-1.322577136496548844e+00,0.000000000000000000e+00,0.000000000000000000e+00
8.484848484848485084e-01,5.454545454545454142e-01,7.572856238305174237e-02,-1.399648424109027678e+00,0.000000000000000000e+00,0.000000000000000000e+00
8.787878787878787845e-01,5.454545454545454142e-01,7.719587318331405656e-02,-1.478013294189070459e+00,0.000000000000000000e+00,0.000000000000000000e+00
9.090909090909090606e-01,5.454545454545454142e-01,7.858490921343280755e-02,-1.557612539975773425e+00,0.000000000000000000e+00,0.000000000000000000e+00
9.393939393939394478e-01,5.454545454545454142e-01,7.990967620673285199e-02,-1.638385613308488864e+00,0.000000000000000000e+00,0.000000000000000000e+00
9.696969696969697239e-01,5.454545454545454142e-01,8.118769415077634055e-02,-1.720269872927863153e+00,0.000000000000000000e+00,0.000000000000000000e+00
1.000000000000000000e+00,5.454545454545454142e-01,8.244052449240514557e-02,-1.803199624686094404e+00,0.000000000000000000e+00,0.000000000000000000e+00
1.030303030303030276e+00,5.454545454545454142e-01,8.369426873194339700e-02,-1.887104913237771742e+00,0.000000000000000000e+00,0.000000000000000000e+00
1.060606060606060552e+00,5.454545454545454142e-01,8.497997076596540411e-02,-1.971910035945763751e+00,0.000000000000000000e+00,0.000000000000000000e+00
1.090909090909090828e+00,5.454545454545454142e-01,8.633382464529811007e-02,-2.057531773317115675e+00,0.000000000000000000e+00,0.000000000000000000e+00
1.121212121212121104e+00,5.454545454545454142e-01,8.779705509227700433e-02,-2.143877371056535530e+00,0.000000000000000000e+00,0.000000000000000000e+00
1.151515151515151603e+00,5.454545454545454142e-01,8.941530660472897518e-02,-2.230842370256164386e+00,0.000000000000000000e+00,0.000000000000000000e+00
1.181818181818181879e+00,5.454545454545454142e-01,9.123735939662665217e-02,-2.318308464063417951e+00,0.000000000000000000e+00,0.000000000000000000e+00
1.212121212121212155e+00,5.454545454545454142e-01,9.331300193814856536e-02,-2.406141654797672391e+00,0.000000000000000000e+00,0.000000000000000000e+00
1.242424242424242431e+00,5.454545454545454142e-01,9.568994640851444244e-02,-2.494191080591594112e+00,0.000000000000000000e+00,0.000000000000000000e+00
1.272727272727272707e+00,5.454545454545454142e-01,9.840978610634522339e-02,-2.582288954197923481e+00,0.000000000000000000e+00,0.000000000000000000e+00
1.303030303030302983e+00,5.454545454545454142e-01,1.015031629356374088e-01,-2.670252084772070322e+00,0.000000000000000000e+00,0.000000000000000000e+00
1.333333333333333259e+00,5.454545454545454142e-01,1.049845236844990370e-01,-2.757885414875728358e+00,0.000000000000000000e+00,0.000000000000000000e+00
1.363636363636363535e+00,5.454545454545454142e-01,1.088470663574503255e-01,-2.844987885329248734e+00,0.000000000000000000e+00,0.000000000000000000e+00
1.393939393939394034e+00,5.454545454545454142e-01,1.130586722121261628e-01,-2.931360734143335200e+00,0.000000000000000000e+00,0.000000000000000000e+00
1.424242424242424310e+00,5.454545454545454142e-01,1.175597406052307087e-01,-3.016818043565918206e+00,0.000000000000000000e+00,0.000000000000000000e+00
1.454545454545454586e+00,5.454545454545454142e-01,1.222638469616162821e-01,-3.101198975297386973e+00,0.000000000000000000e+00,0.000000000000000000e+00
1.484848484848484862e+00,5.454545454545454142e-01,1.270619853528515142e-01,-3.184380686047348696e+00,0.000000000000000000e+00,0.000000000000000000e+00
1.515151515151515138e+00,5.454545454545454142e-01,1.318306103168475907e-01,-3.266290065934182252e+00,0.000000000000000000e+00,0.000000000000000000e+00
1.545454545454545414e+00,5.454545454545454142e-01,1.364443616555366112e-01,-3.346914796479295795e+00,0.000000000000000000e+00,0.000000000000000000e+00
1.575757575757575690e+00,5.454545454545454142e-01,1.407905116143434721e-01,-3.426304758571716569e+00,0.000000000000000000e+00,0.000000000000000000e+00
1.606060606060605966e+00,5.454545454545454142e-01,1.447803515054899015e-01,-3.504561468898145904e+00,0.000000000000000000e+00,0.000000000000000000e+00
1.636363636363636465e+00,5.454545454545454142e-01,1.483548150351562955e-01,-3.581820514748707218e+00,0.000000000000000000e+00,0.000000000000000000e+00
1.666666666666666741e+00,5.454545454545454142e-01,1.514844459947645439e-01,-3.658233201949994129e+00,0.000000000000000000e+00,0.000000000000000000e+00
1.696969696969697017e+00,5.454545454545454142e-01,1.541653966192468028e-01,-3.733951449106702292e+00,0.000000000000000000e+00,0.000000000000000000e+00
1.727272727272727293e+00,5.454545454545454142e-01,1.564134318236353183e-01,-3.809117428060053268e+00,0.000000000000000000e+00,0.000000000000000000e+00
1.757575757575757569e+00,5.454545454545454142e-01,1.582575152269944663e-01,-3.883857786464026240e+00,0.000000000000000000e+00,0.000000000000000000e+00
1.787878787878787845e+00,5.454545454545454142e-01,1.597339760460863012e-01,-3.958281538571424729e+00,0.000000000000000000e+00,0.000000000000000000e+00
1.818181818181818121e+00,5.454545454545454142e-01,1.608817623324536317e-01,-4.032480555340318240e+00,0.000000000000000000e+00,0.000000000000000000e+00
1.848484848484848397e+00,5.454545454545454142e-01,1.617389553218828713e-01,-4.106531719216122589e+00,0.000000000000000000e+00,0.000000000000000000e+00
1.878787878787878896e+00,5.454545454545454142e-01,1.623405430725640697e-01,-4.180500035126137881e+00,0.000000000000000000e+00,0.000000000000000000e+00
1.909090909090909172e+00,5.454545454545454142e-01,1.627173913205451072e-01,-4.254442204688307250e+00,0.000000000000000000e+00,0.000000000000000000e+00
1.939393939393939448e+00,5.454545454545454142e-01,1.628963665805557570e-01,-4.328410331950823142e+00,0.000000000000000000e+00,0.000000000000000000e+00
1.969696969696969724e+00,5.454545454545454142e-01,1.629016295462113462e-01,-4.402455523282986505e+00,0.000000000000000000e+00,0.000000000000000000e+00
2.000000000000000000e+00,5.454545454545454142e-01,1.627572018941194354e-01,-4.476631171545142784e+00,0.000000000000000000e+00,0.000000000000000000e+00
0.000000000000000000e+00,5.757575757575758013e-01,0.000000000000000000e+00,0.000000000000000000e+00,1.000000000000000000e+00,0.000000000000000000e+00
3.030303030303030387e-02,5.757575757575758013e-01,4.708316621081736972e-03,-9.448620414824606545e-03,0.000000000000000000e+00,0.000000000000000000e+00
6.060606060606060774e-02,5.757575757575758013e-01,9.572140182004631667e-03,-2.342563674960801076e-02,0.000000000000000000e+00,0.000000000000000000e+00
9.090909090909091161e-02,5.757575757575758013e-01,1.460248065792862926e-02,-4.172866451228502555e-02,0.000000000000000000e+00,0.000000000000000000e+00
1.212121212121212155e-01,5.757575757575758013e-01,1.979535034929568241e-02,-6.413270033601785325e-02,0.000000000000000000e+00,0.000000000000000000e+00
1.515151515151515194e-01,5.757575757575758013e-01,2.513338221680581214e-02,-9.040346846697683292e-02,0.000000000000000000e+00,0.000000000000000000e+00
1.818181818181818232e-01,5.757575757575758013e-01,3.058901919576315076e-02,-1.203087095221272024e-01,0.000000000000000000e+00,0.000000000000000000e+00
2.121212121212121271e-01,5.757575757575758013e-01,3.612830095197969160e-02,-1.536263783969794017e-01,0.000000000000000000e+00,0.000000000000000000e+00
2.424242424242424310e-01,5.757575757575758013e-01,4.171445788264762505e-02,-1.901497393746146292e-01,0.000000000000000000e+00,0.000000000000000000e+00
2.727272727272727071e-01,5.757575757575758013e-01,4.731084586899886313e-02,-2.296898765586385394e-01,0.000000000000000000e+00,0.000000000000000000e+00
3.030303030303030387e-01,5.757575757575758013e-01,5.288304783312725021e-02,-2.720762964035786657e-01,0.000000000000000000e+00,0.000000000000000000e+00
3.333333333333333148e-01,5.757575757575758013e-01,5.840016805588777588e-02,-3.171562560436683165e-01,0.000000000000000000e+00,0.000000000000000000e+00
3.636363636363636465e-01,5.757575757575758013e-01,6.383545265920323453e-02,-3.647933286561511612e-01,0.000000000000000000e+00,0.000000000000000000e+00
3.939393939393939226e-01,5.757575757575758013e-01,6.916640804204267357e-02,-4.148655825037857459e-01,0.000000000000000000e+00,0.000000000000000000e+00
4.242424242424242542e-01,5.757575757575758013e-01,7.437458463431170785e-02,-4.672636328695612962e-01,0.000000000000000000e+00,0.000000000000000000e+00
4.545454545454545303e-01,5.757575757575758013e-01,7.944516722431493871e-02,-5.218887342324631806e-01,0.000000000000000000e+00,0.000000000000000000e+00
4.848484848484848619e-01,5.757575757575758013e-01,8.436647966039659274e-02,-5.786510126321043890e-01,0.000000000000000000e+00,0.000000000000000000e+00
5.151515151515151381e-01,5.757575757575758013e-01,8.912947935885313921e-02,-6.374678908350719375e-01,0.000000000000000000e+00,0.000000000000000000e+00
5.454545454545454142e-01,5.757575757575758013e-01,9.372728988735143374e-02,-6.982627268482112237e-01,0.000000000000000000e+00,0.000000000000000000e+00
5.757575757575758013e-01,5.757575757575758013e-01,9.815479926445537517e-02,-7.609636653968985254e-01,0.000000000000000000e+00,0.000000000000000000e+00
6.060606060606060774e-01,5.757575757575758013e-01,1.024083372610878201e-01,-8.255026889660651568e-01,0.000000000000000000e+00,0.000000000000000000e+00
6.363636363636363535e-01,5.757575757575758013e-01,1.064854359017825408e-01,-8.918148474441769391e-01,0.000000000000000000e+00,0.000000000000000000e+00
6.666666666666666297e-01,5.757575757575758013e-01,1.103846723185128859e-01,-9.598376414817085811e-01,0.000000000000000000e+00,0.000000000000000000e+00
6.969696969696970168e-01,5.757575757575758013e-01,1.141055909566945636e-01,-1.029510532992459648e+00,0.000000000000000000e+00,0.000000000000000000e+00
7.272727272727272929e-01,5.757575757575758013e-01,1.176487019173425713e-01,-1.100774555734745919e+00,0.000000000000000000e+00,0.000000000000000000e+00
7.575757575757575690e-01,5.757575757575758013e-01,1.210155532044930454e-01,-1.173571998799882055e+00,0.000000000000000000e+00,0.000000000000000000e+00
7.878787878787878451e-01,5.757575757575758013e-01,1.242088762771370175e-01,-1.247846135476811336e+00,0.000000000000000000e+00,0.000000000000000000e+00
8.181818181818182323e-01,5.757575757575758013e-01,1.272328061407198840e-01,-1.323540968857706890e+00,0.000000000000000000e+00,0.000000000000000000e+00
8.484848484848485084e-01,5.757575757575758013e-01,1.300931788526014932e-01,-1.400600963310048241e+00,0.000000000000000000e+00,0.000000000000000000e+00
8.787878787878787845e-01,5.757575757575758013e-01,1.327979103040607400e-01,-1.478970727281799791e+00,0.000000000000000000e+00,0.000000000000000000e+00
9.090909090909090606e-01,5.757575757575758013e-01,1.353574598687582731e-01,-1.558594607688397637e+00,0.000000000000000000e+00,0.000000000000000000e+00
9.393939393939394478e-01,5.757575757575758013e-01,1.377853800929428607e-01,-1.639416149459945071e+00,0.000000000000000000e+00,0.000000000000000000e+00
9.696969696969697239e-01,5.757575757575758013e-01,1.400989477698303676e-01,-1.721377366251070518e+00,0.000000000000000000e+00,0.000000000000000000e+00
1.000000000000000000e+00,5.757575757575758013e-01,1.423198607181274944e-01,-1.804417761140842513e+00,0.000000000000000000e+00,0.000000000000000000e+00
1.030303030303030276e+00,5.757575757575758013e-01,1.444749661076266678e-01,-1.888473031900548715e+00,0.000000000000000000e+00,0.000000000000000000e+00
1.060606060606060552e+00,5.757575757575758013e-01,1.465969577482071629e-01,-1.973473398371626164e+00,0.000000000000000000e+00,0.000000000000000000e+00
1.090909090909090828e+00,5.757575757575758013e-01,1.487249394493042054e-01,-2.059341506145724754e+00,0.000000000000000000e+00,0.000000000000000000e+00
1.121212121212121104e+00,5.757575757575758013e-01,1.509046996414843411e-01,-2.145989899534923584e+00,0.000000000000000000e+00,0.000000000000000000e+00
1.151515151515151603e+00,5.757575757575758013e-01,1.531884840652836810e-01,-2.233318126649781465e+00,0.000000000000000000e+00,0.000000000000000000e+00
1.181818181818181879e+00,5.757575757575758013e-01,1.556340015386351860e-01,-2.321209645973968172e+00,0.000000000000000000e+00,0.000000000000000000e+00
1.212121212121212155e+00,5.757575757575758013e-01,1.583023752238401360e-01,-2.409528844334816622e+00,0.000000000000000000e+00,0.000000000000000000e+00
1.242424242424242431e+00,5.757575757575758013e-01,1.612547879404000184e-01,-2.498118634379598912e+00,0.000000000000000000e+00,0.000000000000000000e+00
1.272727272727272707e+00,5.757575757575758013e-01,1.645476926863992939e-01,-2.586799244795365382e+00,0.000000000000000000e+00,0.000000000000000000e+00
1.303030303030302983e+00,5.757575757575758013e-01,1.682266819565323146e-01,-2.675368908341522634e+00,0.000000000000000000e+00,0.000000000000000000e+00
1.333333333333333259e+00,5.757575757575758013e-01,1.723194195285711050e-01,-2.763607151815457907e+00,0.000000000000000000e+00,0.000000000000000000e+00
1.363636363636363535e+00,5.757575757575758013e-01,1.768283954223850984e-01,-2.851281269969228482e+00,0.000000000000000000e+00,0.000000000000000000e+00
1.393939393939394034e+00,5.757575757575758013e-01,1.817246061755192765e-01,-2.938156309807319122e+00,0.000000000000000000e+00,0.000000000000000000e+00
1.424242424242424310e+00,5.757575757575758013e-01,1.869435162829486130e-01,-3.024008503037510120e+00,0.000000000000000000e+00,0.000000000000000000e+00
1.454545454545454586e+00,5.757575757575758013e-01,1.923847507578881344e-01,-3.108641566570011339e+00,0.000000000000000000e+00,0.000000000000000000e+00
1.484848484848484862e+00,5.757575757575758013e-01,1.979168369417124151e-01,-3.191904649602678390e+00,0.000000000000000000e+00,0.000000000000000000e+00
1.515151515151515138e+00,5.757575757575758013e-01,2.033874353310971272e-01,-3.273709092526144726e+00,0.000000000000000000e+00,0.000000000000000000e+00
1.545454545454545414e+00,5.757575757575758013e-01,2.086418380184506538e-01,-3.354047370041748799e+00,0.000000000000000000e+00,0.000000000000000000e+00
1.575757575757575690e+00,5.757575757575758013e-01,2.135441680303973300e-01,-3.432994924599817921e+00,0.000000000000000000e+00,0.000000000000000000e+00
1.606060606060605966e+00,5.757575757575758013e-01,2.179928655811162186e-01,-3.510692367065182395e+00,0.000000000000000000e+00,0.000000000000000000e+00
1.636363636363636465e+00,5.757575757575758013e-01,2.219267854268664741e-01,-3.587318506372150217e+00,0.000000000000000000e+00,0.000000000000000000e+00
1.666666666666666741e+00,5.757575757575758013e-01,2.253231022151544471e-01,-3.663064530535752095e+00,0.000000000000000000e+00,0.000000000000000000e+00
1.696969696969697017e+00,5.757575757575758013e-01,2.281902415273960594e-01,-3.738114657665603691e+00,0.000000000000000000e+00,0.000000000000000000e+00
1.727272727272727293e+00,5.757575757575758013e-01,2.305589176289258857e-01,-3.812634333876651738e+00,0.000000000000000000e+00,0.000000000000000000e+00
1.757575757575757569e+00,5.757575757575758013e-01,2.324733884899168324e-01,-3.886764854084048260e+00,0.000000000000000000e+00,0.000000000000000000e+00
1.787878787878787845e+00,5.757575757575758013e-01,2.339840474544406523e-01,-3.960622611825804995e+00,0.000000000000000000e+00,0.000000000000000000e+00
1.818181818181818121e+00,5.757575757575758013e-01,2.351417577916137813e-01,-4.034301304232265295e+00,0.000000000000000000e+00,0.000000000000000000e+00
1.848484848484848397e+00,5.757575757575758013e-01,2.359939267523626094e-01,-4.107875821327948707e+00,0.000000000000000000e+00,0.000000000000000000e+00
1.878787878787878896e+00,5.757575757575758013e-01,2.365821395348972345e-01,-4.181406974895856443e+00,0.000000000000000000e+00,0.000000000000000000e+00
1.909090909090909172e+00,5.757575757575758013e-01,2.369411503095795180e-01,-4.254946566929841190e+00,0.000000000000000000e+00,0.000000000000000000e+00
1.939393939393939448e+00,5.757575757575758013e-01,2.370990950617952453e-01,-4.328542534691207422e+00,0.000000000000000000e+00,0.000000000000000000e+00
1.969696969696969724e+00,5.757575757575758013e-01,2.370789085220369741e-01,-4.402244042708559846e+00,0.000000000000000000e+00,0.000000000000000000e+00
2.000000000000000000e+00,5.757575757575758013e-01,2.369010690174299105e-01,-4.476106433234259718e+00,0.000000000000000000e+00,0.000000000000000000e+00
0.000000000000000000e+00,6.060606060606060774e-01,0.000000000000000000e+00,0.000000000000000000e+00,1.000000000000000000e+00,0.000000000000000000e+00
3.030303030303030387e-02,6.060606060606060774e-01,6.627286842316057643e-03,-9.700088125109081888e-03,0.000000000000000000e+00,0.000000000000000000e+00
6.060606060606060774e-02,6.060606060606060774e-01,1.348441109601750294e-02,-2.397505742967305162e-02,0.000000000000000000e+00,0.000000000000000000e+00
9.090909090909091161e-02,6.060606060606060774e-01,2.058567053614627357e-02,-4.259958300592166236e-02,0.000000000000000000e+00,0.000000000000000000e+00
1.212121212121212155e-01,6.060606060606060774e-01,2.792312250424129963e-02,-6.532578760134569174e-02,0.000000000000000000e+00,0.000000000000000000e+00
1.515151515151515194e-01,6.060606060606060774e-01,3.546955909103266524e-02,-9.189994041545573866e-02,0.000000000000000000e+00,0.000000000000000000e+00
1.818181818181818232e-01,6.060606060606060774e-01,4.318368706377624655e-02,-1.220755610311357459e-01,0.000000000000000000e+00,0.000000000000000000e+00
2.121212121212121271e-01,6.060606060606060774e-01,5.101589704993302749e-02,-1.556219577212303307e-01,0.000000000000000000e+00,0.000000000000000000e+00
2.424242424242424310e-01,6.060606060606060774e-01,5.891347348945587259e-02,-1.923286856668902645e-01,0.000000000000000000e+00,0.000000000000000000e+00
2.727272727272727071e-01,6.060606060606060774e-01,6.682466551564610058e-02,-2.320069590292357375e-01,0.000000000000000000e+00,0.000000000000000000e+00
3.030303030303030387e-01,6.060606060606060774e-01,7.470147590799912363e-02,-2.744890671784160352e-01,0.000000000000000000e+00,0.000000000000000000e+00
3.333333333333333148e-01,6.060606060606060774e-01,8.250128601903032599e-02,-3.196266436383841114e-01,0.000000000000000000e+00,0.000000000000000000e+00
3.636363636363636465e-01,6.060606060606060774e-01,9.018755271724779310e-02,-3.672883921477330116e-01,0.000000000000000000e+00,0.000000000000000000e+00
3.939393939393939226e-01,6.060606060606060774e-01,9.772983896052499231e-02,-4.173576626764815556e-01,0.000000000000000000e+00,0.000000000000000000e+00
4.242424242424242542e-01,6.060606060606060774e-01,1.051034148948058189e-01,-4.697301117821136573e-01,0.000000000000000000e+00,0.000000000000000000e+00
4.545454545454545303e-01,6.060606060606060774e-01,1.122886203706276870e-01,-5.243115729927781965e-01,0.000000000000000000e+00,0.000000000000000000e+00
4.848484848484848619e-01,6.060606060606060774e-01,1.192701298267079268e-01,-5.810161930025835586e-01,0.000000000000000000e+00,0.000000000000000000e+00
5.151515151515151381e-01,6.060606060606060774e-01,1.260362155974525944e-01,-6.397648469897653234e-01,0.000000000000000000e+00,0.000000000000000000e+00
5.454545454545454142e-01,6.060606060606060774e-01,1.325780695364072170e-01,-7.004838221018647726e-01,0.000000000000000000e+00,0.000000000000000000e+00
5.757575757575758013e-01,6.060606060606060774e-01,1.388892160254227570e-01,-7.631037454184694813e-01,0.000000000000000000e+00,0.000000000000000000e+00
6.060606060606060774e-01,6.060606060606060774e-01,1.449650310192590608e-01,-8.275587269793988066e-01,0.000000000000000000e+00,0.000000000000000000e+00
6.363636363636363535e-01,6.060606060606060774e-01,1.508023701953338236e-01,-8.937856868062967752e-01,0.000000000000000000e+00,0.000000000000000000e+00
6.666666666666666297e-01,6.060606060606060774e-01,1.563993028879917535e-01,-9.617238353585025878e-01,0.000000000000000000e+00,0.000000000000000000e+00
6.969696969696970168e-01,6.060606060606060774e-01,1.617549458172008736e-01,-1.031314278331487477e+00,0.000000000000000000e+00,0.000000000000000000e+00
7.272727272727272929e-01,6.060606060606060774e-01,1.668693904898623515e-01,-1.102499718317284216e+00,0.000000000000000000e+00,0.000000000000000000e+00
7.575757575757575690e-01,6.060606060606060774e-01,1.717437196674768130e-01,-1.175224227026156809e+00,0.000000000000000000e+00,0.000000000000000000e+00
7.878787878787878451e-01,6.060606060606060774e-01,1.763801108131707318e-01,-1.249433062067697664e+00,0.000000000000000000e+00,0.000000000000000000e+00
8.181818181818182323e-01,6.060606060606060774e-01,1.807820274847583564e-01,-1.325072501312811291e+00,0.000000000000000000e+00,0.000000000000000000e+00
8.484848484848485084e-01,6.060606060606060774e-01,1.849545028456152096e-01,-1.402089665222264747e+00,0.000000000000000000e+00,0.000000000000000000e+00
8.787878787878787845e-01,6.060606060606060774e-01,1.889045224216496788e-01,-1.480432292843742337e+00,0.000000000000000000e+00,0.000000000000000000e+00
9.090909090909090606e-01,6.060606060606060774e-01,1.926415153968265570e-01,-1.560048430073174730e+00,0.000000000000000000e+00,0.000000000000000000e+00
9.393939393939394478e-01,6.060606060606060774e-01,1.961779642604183915e-01,-1.640885978969585990e+00,0.000000000000000000e+00,0.000000000000000000e+00
9.696969696969697239e-01,6.060606060606060774e-01,1.995301401250000606e-01,-1.722892044414460200e+00,0.000000000000000000e+00,0.000000000000000000e+00
1.000000000000000000e+00,6.060606060606060774e-01,2.027189633718839978e-01,-1.806011999881321106e+00,0.000000000000000000e+00,0.000000000000000000e+00
1.030303030303030276e+00,6.060606060606060774e-01,2.057709732507046474e-01,-1.890188179487280129e+00,0.000000000000000000e+00,0.000000000000000000e+00
1.060606060606060552e+00,6.060606060606060774e-01,2.087193612974948542e-01,-1.975358093067272947e+00,0.000000000000000000e+00,0.000000000000000000e+00
1.090909090909090828e+00,6.060606060606060774e-01,2.116049767898547096e-01,-2.061452062501371252e+00,0.000000000000000000e+00,0.000000000000000000e+00
1.121212121212121104e+00,6.060606060606060774e-01,2.144771435280564964e-01,-2.148390203292091627e+00,0.000000000000000000e+00,0.000000000000000000e+00
1.151515151515151603e+00,6.060606060606060774e-01,2.173940359677655754e-01,-2.236078742075597425e+00,0.000000000000000000e+00,0.000000000000000000e+00
1.181818181818181879e+00,6.060606060606060774e-01,2.204222595873845392e-01,-2.324405785576844519e+00,0.000000000000000000e+00,0.000000000000000000e+00
1.212121212121212155e+00,6.060606060606060774e-01,2.236351933589795504e-01,-2.413236848539342727e+00,0.000000000000000000e+00,0.000000000000000000e+00
1.242424242424242431e+00,6.060606060606060774e-01,2.271096293476739802e-01,-2.502410696124883760e+00,0.000000000000000000e+00,0.000000000000000000e+00
1.272727272727272707e+00,6.060606060606060774e-01,2.309203444246481218e-01,-2.591736319872530725e+00,0.000000000000000000e+00,0.000000000000000000e+00
1.303030303030302983e+00,6.060606060606060774e-01,2.351325076941581660e-01,-2.680992079403383244e+00,0.000000000000000000e+00,0.000000000000000000e+00
1.333333333333333259e+00,6.060606060606060774e-01,2.397922697463195640e-01,-2.769928130524029974e+00,0.000000000000000000e+00,0.000000000000000000e+00
1.363636363636363535e+00,6.060606060606060774e-01,2.449164455135894036e-01,-2.858273166107436758e+00,0.000000000000000000e+00,0.000000000000000000e+00
1.393939393939394034e+00,6.060606060606060774e-01,2.504827925883518214e-01,-2.945746192672388464e+00,0.000000000000000000e+00,0.000000000000000000e+00
1.424242424242424310e+00,6.060606060606060774e-01,2.564228806740423972e-01,-3.032073555030153855e+00,0.000000000000000000e+00,0.000000000000000000e+00
1.454545454545454586e+00,6.060606060606060774e-01,2.626198287354533645e-01,-3.117010713954776246e+00,0.000000000000000000e+00,0.000000000000000000e+00
1.484848484848484862e+00,6.060606060606060774e-01,2.689131595148511744e-01,-3.200367389316324029e+00,0.000000000000000000e+00,0.000000000000000000e+00
1.515151515151515138e+00,6.060606060606060774e-01,2.751114712675935547e-01,-3.282031470920075744e+00,0.000000000000000000e+00,0.000000000000000000e+00
1.545454545454545414e+00,6.060606060606060774e-01,2.810203532487829392e-01,-3.362003106171159050e+00,0.000000000000000000e+00,0.000000000000000000e+00
1.575757575757575690e+00,6.060606060606060774e-01,2.864743087335224203e-01,-3.440396141361532933e+00,0.000000000000000000e+00,0.000000000000000000e+00
1.606060606060605966e+00,6.060606060606060774e-01,2.913576786110591565e-01,-3.517407007899469473e+00,0.000000000000000000e+00,0.000000000000000000e+00
1.636363636363636465e+00,6.060606060606060774e-01,2.956101777388364105e-01,-3.593272876657047643e+00,0.000000000000000000e+00,0.000000000000000000e+00
1.666666666666666741e+00,6.060606060606060774e-01,2.992208063484184111e-01,-3.668235656339557060e+00,0.000000000000000000e+00,0.000000000000000000e+00
1.696969696969697017e+00,6.060606060606060774e-01,3.022159744155125671e-01,-3.742517987904463439e+00,0.000000000000000000e+00,0.000000000000000000e+00
1.727272727272727293e+00,6.060606060606060774e-01,3.046464417981252226e-01,-3.816310797536350385e+00,0.000000000000000000e+00,0.000000000000000000e+00
1.757575757575757569e+00,6.060606060606060774e-01,3.065757089197393426e-01,-3.889769476503669221e+00,0.000000000000000000e+00,0.000000000000000000e+00
1.787878787878787845e+00,6.060606060606060774e-01,3.080709238930083860e-01,-3.963015556865416400e+00,0.000000000000000000e+00,0.000000000000000000e+00
1.818181818181818121e+00,6.060606060606060774e-01,3.091964248151632400e-01,-4.036141431505109622e+00,0.000000000000000000e+00,0.000000000000000000e+00
1.848484848484848397e+00,6.060606060606060774e-01,3.100095889429947960e-01,-4.109216494360748761e+00,0.000000000000000000e+00,0.000000000000000000e+00
1.878787878787878896e+00,6.060606060606060774e-01,3.105585335107200473e-01,-4.182293770017901480e+00,0.000000000000000000e+00,0.000000000000000000e+00
1.909090909090909172e+00,6.060606060606060774e-01,3.108812650129225141e-01,-4.255416596782799488e+00,0.000000000000000000e+00,0.000000000000000000e+00
1.939393939393939448e+00,6.060606060606060774e-01,3.110060171323254519e-01,-4.328625241780891031e+00,0.000000000000000000e+00,0.000000000000000000e+00
1.969696969696969724e+00,6.060606060606060774e-01,3.109527054831876525e-01,-4.401963496553296551e+00,0.000000000000000000e+00,0.000000000000000000e+00
2.000000000000000000e+00,6.060606060606060774e-01,3.107356378643253425e-01,-4.475485356480492172e+00,0.000000000000000000e+00,0.000000000000000000e+00
0.000000000000000000e+00,6.363636363636363535e-01,0.000000000000000000e+00,0.000000000000000000e+00,1.000000000000000000e+00,0.000000000000000000e+00
3.030303030303030387e-02,6.363636363636363535e-01,8.580660825887338056e-03,-1.005739002060187549e-02,0.000000000000000000e+00,0.000000000000000000e+00
6.060606060606060774e-02,6.363636363636363535e-01,1.747505552050166236e-02,-2.475195937663000195e-02,0.000000000000000000e+00,0.000000000000000000e+00
9.090909090909091161e-02,6.363636363636363535e-01,2.669960683249696445e-02,-4.382480931347158826e-02,0.000000000000000000e+00,0.000000000000000000e+00
1.212121212121212155e-01,6.363636363636363535e-01,3.623954493068470145e-02,-6.699545230813591656e-02,0.000000000000000000e+00,0.000000000000000000e+00
1.515151515151515194e-01,6.363636363636363535e-01,4.605417465179158232e-02,-9.398351350010268612e-02,0.000000000000000000e+00,0.000000000000000000e+00
1.818181818181818232e-01,6.363636363636363535e-01,5.608495532778030868e-02,-1.245240362625233133e-01,0.000000000000000000e+00,0.000000000000000000e+00
2.121212121212121271e-01,6.363636363636363535e-01,6.626384160234348453e-02,-1.583759633464379146e-01,0.000000000000000000e+00,0.000000000000000000e+00
2.424242424242424310e-01,6.363636363636363535e-01,7.652034845905709981e-02,-1.953252683098461451e-01,0.000000000000000000e+00,0.000000000000000000e+00
2.727272727272727071e-01,6.363636363636363535e-01,8.678673909164533185e-02,-2.351845858370698039e-01,0.000000000000000000e+00,0.000000000000000000e+00
3.030303030303030387e-01,6.363636363636363535e-01,9.700133741789011832e-02,-2.777908923766658211e-01,0.000000000000000000e+00,0.000000000000000000e+00
3.333333333333333148e-01,6.363636363636363535e-01,1.071102661348811991e-01,-3.230023264927075477e-01,0.000000000000000000e+00,0.000000000000000000e+00
3.636363636363636465e-01,6.363636363636363535e-01,1.170680073112330133e-01,-3.706948263484660666e-01,0.000000000000000000e+00,0.000000000000000000e+00
3.939393939393939226e-01,6.363636363636363535e-01,1.268371670607518209e-01,-4.207589593352681345e-01,0.000000000000000000e+00,0.000000000000000000e+00
4.242424242424242542e-01,6.363636363636363535e-01,1.363877611571552295e-01,-4.730971206399919304e-01,0.000000000000000000e+00,0.000000000000000000e+00
4.545454545454545303e-01,6.363636363636363535e-01,1.456962608219039279e-01,-5.276211586285988187e-01,0.000000000000000000e+00,0.000000000000000000e+00
4.848484848484848619e-01,6.363636363636363535e-01,1.547445656828929927e-01,-5.842504197793358944e-01,0.000000000000000000e+00,0.000000000000000000e+00
5.151515151515151381e-01,6.363636363636363535e-01,1.635190115531052757e-01,-6.429101743893123055e-01,0.000000000000000000e+00,0.000000000000000000e+00
5.454545454545454142e-01,6.363636363636363535e-01,1.720094758052959083e-01,-7.035303723618283600e-01,0.000000000000000000e+00,0.000000000000000000e+00
5.757575757575758013e-01,6.363636363636363535e-01,1.802086114651267612e-01,-7.660446770155100449e-01,0.000000000000000000e+00,0.000000000000000000e+00
6.060606060606060774e-01,6.363636363636363535e-01,1.881112203538259364e-01,-8.303897285650096993e-01,0.000000000000000000e+00,0.000000000000000000e+00
6.363636363636363535e-01,6.363636363636363535e-01,1.957137631478480799e-01,-8.965045945715293119e-01,0.000000000000000000e+00,0.000000000000000000e+00
6.666666666666666297e-01,6.363636363636363535e-01,2.030139978140869939e-01,-9.643303705485520849e-01,0.000000000000000000e+00,0.000000000000000000e+00
6.969696969696970168e-01,6.363636363636363535e-01,2.100107356811048709e-01,-1.033809899154499501e+00,0.000000000000000000e+00,0.000000000000000000e+00
7.272727272727272929e-01,6.363636363636363535e-01,2.167037050281424571e-01,-1.104887580562447180e+00,0.000000000000000000e+00,0.000000000000000000e+00
7.575757575757575690e-01,6.363636363636363535e-01,2.230935145275525222e-01,-1.177509249414286252e+00,0.000000000000000000e+00,0.000000000000000000e+00
7.878787878787878451e-01,6.363636363636363535e-01,2.291817125021094470e-01,-1.251622095040386018e+00,0.000000000000000000e+00,0.000000000000000000e+00
8.181818181818182323e-01,6.363636363636363535e-01,2.349709423325521962e-01,-1.327174601115714836e+00,0.000000000000000000e+00,0.000000000000000000e+00
8.484848484848485084e-01,6.363636363636363535e-01,2.404651991907137132e-01,-1.404116478293907511e+00,0.000000000000000000e+00,0.000000000000000000e+00
8.787878787878787845e-01,6.363636363636363535e-01,2.456701983337868656e-01,-1.482398558142439260e+00,0.000000000000000000e+00,0.000000000000000000e+00
9.090909090909090606e-01,6.363636363636363535e-01,2.505938701336641872e-01,-1.561972608275381758e+00,0.000000000000000000e+00,0.000000000000000000e+00
9.393939393939394478e-01,6.363636363636363535e-01,2.552470012091599960e-01,-1.642791016203535959e+00,0.000000000000000000e+00,0.000000000000000000e+00
9.696969696969697239e-01,6.363636363636363535e-01,2.596440433011676929e-01,-1.724806272351331327e+00,0.000000000000000000e+00,0.000000000000000000e+00
1.000000000000000000e+00,6.363636363636363535e-01,2.638041097436960580e-01,-1.807970160491687794e+00,0.000000000000000000e+00,0.000000000000000000e+00
1.030303030303030276e+00,6.363636363636363535e-01,2.677521698708960618e-01,-1.892232537064425513e+00,0.000000000000000000e+00,0.000000000000000000e+00
1.060606060606060552e+00,6.363636363636363535e-01,2.715204285807523710e-01,-1.977539552250171306e+00,0.000000000000000000e+00,0.000000000000000000e+00
1.090909090909090828e+00,6.363636363636363535e-01,2.751498329144889676e-01,-2.063831142410125441e+00,0.000000000000000000e+00,0.000000000000000000e+00
1.121212121212121104e+00,6.363636363636363535e-01,2.786915688954261783e-01,-2.151037620056470701e+00,0.000000000000000000e+00,0.000000000000000000e+00
1.151515151515151603e+00,6.363636363636363535e-01,2.822082896035302824e-01,-2.239075228587314115e+00,0.000000000000000000e+00,0.000000000000000000e+00
1.181818181818181879e+00,6.363636363636363535e-01,2.857746480219460206e-01,-2.327840649110287874e+00,0.000000000000000000e+00,0.000000000000000000e+00
1.212121212121212155e+00,6.363636363636363535e-01,2.894765182218637101e-01,-2.417204680629907454e+00,0.000000000000000000e+00,0.000000000000000000e+00
1.242424242424242431e+00,6.363636363636363535e-01,2.934081399035097237e-01,-2.507005675203872297e+00,0.000000000000000000e+00,0.000000000000000000e+00
1.272727272727272707e+00,6.363636363636363535e-01,2.976664211724055487e-01,-2.597043758176795336e+00,0.000000000000000000e+00,0.000000000000000000e+00
1.303030303030302983e+00,6.363636363636363535e-01,3.023418997733775537e-01,-2.687077299322474744e+00,0.000000000000000000e+00,0.000000000000000000e+00
1.333333333333333259e+00,6.363636363636363535e-01,3.075064578982472652e-01,-2.776823384123127347e+00,0.000000000000000000e+00,0.000000000000000000e+00
1.363636363636363535e+00,6.363636363636363535e-01,3.131987664490747392e-01,-2.865964040809468649e+00,0.000000000000000000e+00,0.000000000000000000e+00
1.393939393939394034e+00,6.363636363636363535e-01,3.194094464143203971e-01,-2.954159646281189655e+00,0.000000000000000000e+00,0.000000000000000000e+00
1.424242424242424310e+00,6.363636363636363535e-01,3.260688648950797464e-01,-3.041070270673204679e+00,0.000000000000000000e+00,0.000000000000000000e+00
1.454545454545454586e+00,6.363636363636363535e-01,3.330411304528538285e-01,-3.126384764266223026e+00,0.000000000000000000e+00,0.000000000000000000e+00
1.484848484848484862e+00,6.363636363636363535e-01,3.401280889900318849e-01,-3.209856194837879428e+00,0.000000000000000000e+00,0.000000000000000000e+00
1.515151515151515138e+00,6.363636363636363535e-01,3.470840654031097094e-01,-3.291335516359752855e+00,0.000000000000000000e+00,0.000000000000000000e+00
1.545454545454545414e+00,6.363636363636363535e-01,3.536599446668924895e-01,-3.370835956129418332e+00,0.000000000000000000e+00,0.000000000000000000e+00
1.575757575757575690e+00,6.363636363636363535e-01,3.596524595300050753e-01,-3.448530700344475175e+00,0.000000000000000000e+00,0.000000000000000000e+00
1.606060606060605966e+00,6.363636363636363535e-01,3.649318272322323864e-01,-3.524696854624626674e+00,0.000000000000000000e+00,0.000000000000000000e+00
1.636363636363636465e+00,6.363636363636363535e-01,3.694442323033182984e-01,-3.599650329683287353e+00,0.000000000000000000e+00,0.000000000000000000e+00
1.666666666666666741e+00,6.363636363636363535e-01,3.731984420465671026e-01,-3.673696672266248076e+00,0.000000000000000000e+00,0.000000000000000000e+00
1.696969696969697017e+00,6.363636363636363535e-01,3.762466321423612592e-01,-3.747102904045188421e+00,0.000000000000000000e+00,0.000000000000000000e+00
1.727272727272727293e+00,6.363636363636363535e-01,3.786658937489319476e-01,-3.820086287196456265e+00,0.000000000000000000e+00,0.000000000000000000e+00
1.757575757575757569e+00,6.363636363636363535e-01,3.805433378589477833e-01,-3.892814014237427678e+00,0.000000000000000000e+00,0.000000000000000000e+00
1.787878787878787845e+00,6.363636363636363535e-01,3.819654405667378128e-01,-3.965408836631394873e+00,0.000000000000000000e+00,0.000000000000000000e+00
1.818181818181818121e+00,6.363636363636363535e-01,3.830111581363269679e-01,-4.037957301496110318e+00,0.000000000000000000e+00,0.000000000000000000e+00
1.848484848484848397e+00,6.363636363636363535e-01,3.837479618627726019e-01,-4.110518692132504981e+00,0.000000000000000000e+00,0.000000000000000000e+00
1.878787878787878896e+00,6.363636363636363535e-01,3.842299507736984809e-01,-4.183133775844720681e+00,0.000000000000000000e+00,0.000000000000000000e+00
1.909090909090909172e+00,6.363636363636363535e-01,3.844973813502632343e-01,-4.255833102566631609e+00,0.000000000000000000e+00,0.000000000000000000e+00
1.939393939393939448e+00,6.363636363636363535e-01,3.845771999351544901e-01,-4.328644971869167968e+00,0.000000000000000000e+00,0.000000000000000000e+00
1.969696969696969724e+00,6.363636363636363535e-01,3.844844331343449384e-01,-4.401603379438776109e+00,0.000000000000000000e+00,0.000000000000000000e+00
2.000000000000000000e+00,6.363636363636363535e-01,3.842245760627652773e-01,-4.474756320447697888e+00,0.000000000000000000e+00,0.000000000000000000e+00
0.000000000000000000e+00,6.666666666666666297e-01,0.000000000000000000e+00,0.000000000000000000e+00,1.000000000000000000e+00,0.000000000000000000e+00
3.030303030303030387e-02,6.666666666666666297e-01,1.058048015788282288e-02,-1.053639716324935964e-02,0.000000000000000000e+00,0.000000000000000000e+00
6.060606060606060774e-02,6.666666666666666297e-01,2.157201902930000470e-02,-2.578927573495959705e-02,0.000000000000000000e+00,0.000000000000000000e+00
9.090909090909091161e-02,6.666666666666666297e-01,3.299108471687658972e-02,-4.545201941645507504e-02,0.000000000000000000e+00,0.000000000000000000e+00
1.212121212121212155e-01,6.666666666666666297e-01,4.481152001666992984e-02,-6.919945432228834237e-02,0.000000000000000000e+00,0.000000000000000000e+00
1.515151515151515194e-01,6.666666666666666297e-01,5.697374262614026547e-02,-9.671665578682184239e-02,0.000000000000000000e+00,0.000000000000000000e+00
1.818181818181818232e-01,6.666666666666666297e-01,6.939709318997883125e-02,-1.277164547759264690e-01,0.000000000000000000e+00,0.000000000000000000e+00
2.121212121212121271e-01,6.666666666666666297e-01,8.199149140813545567e-02,-1.619468710676644219e-01,0.000000000000000000e+00,0.000000000000000000e+00
2.424242424242424310e-01,6.666666666666666297e-01,9.466655014889036046e-02,-1.991917474699789747e-01,0.000000000000000000e+00,0.000000000000000000e+00
2.727272727272727071e-01,6.666666666666666297e-01,1.073377306634353545e-01,-2.392676239280891737e-01,0.000000000000000000e+00,0.000000000000000000e+00
3.030303030303030387e-01,6.666666666666666297e-01,1.199298731860987399e-01,-2.820190022416775300e-01,0.000000000000000000e+00,0.000000000000000000e+00
3.333333333333333148e-01,6.666666666666666297e-01,1.323787130972884640e-01,-3.273133024680474623e-01,0.000000000000000000e+00,0.000000000000000000e+00
3.636363636363636465e-01,6.666666666666666297e-01,1.446310089982997815e-01,-3.750361930311870706e-01,0.000000000000000000e+00,0.000000000000000000e+00
3.939393939393939226e-01,6.666666666666666297e-01,1.566438117240848693e-01,-4.250875843509118734e-01,0.000000000000000000e+00,0.000000000000000000e+00
4.242424242424242542e-01,6.666666666666666297e-01,1.683832743677841082e-01,-4.773783526193441928e-01,0.000000000000000000e+00,0.000000000000000000e+00
4.545454545454545303e-01,6.666666666666666297e-01,1.798232819576442154e-01,-5.318277475588496506e-01,0.000000000000000000e+00,0.000000000000000000e+00
4.848484848484848619e-01,6.666666666666666297e-01,1.909440803838151623e-01,-5.883613910286885629e-01,0.000000000000000000e+00,0.000000000000000000e+00
5.151515151515151381e-01,6.666666666666666297e-01,2.017310101397928046e-01,-6.469097623993470547e-01,0.000000000000000000e+00,0.000000000000000000e+00
5.454545454545454142e-01,6.666666666666666297e-01,2.121733986919139003e-01,-7.074070733234364416e-01,0.000000000000000000e+00,0.000000000000000000e+00
5.757575757575758013e-01,6.666666666666666297e-01,2.222636313480456649e-01,-7.697904483522778341e-01,0.000000000000000000e+00,0.000000000000000000e+00
6.060606060606060774e-01,6.666666666666666297e-01,2.319963998538204786e-01,-8.339993431601040452e-01,0.000000000000000000e+00,0.000000000000000000e+00
6.363636363636363535e-01,6.666666666666666297e-01,2.413681167451503795e-01,-8.999751462452998396e-01,0.000000000000000000e+00,0.000000000000000000e+00
6.666666666666666297e-01,6.666666666666666297e-01,2.503764787137493508e-01,-9.676609218007377056e-01,0.000000000000000000e+00,0.000000000000000000e+00
6.969696969696970168e-01,6.666666666666666297e-01,2.590201616843075261e-01,-1.037001260722903107e+00,0.000000000000000000e+00,0.000000000000000000e+00
7.272727272727272929e-01,6.666666666666666297e-01,2.672986324222340615e-01,-1.107942213553382516e+00,0.000000000000000000e+00,0.000000000000000000e+00
7.575757575757575690e-01,6.666666666666666297e-01,2.752120652905455378e-01,-1.180431283694362898e+00,0.000000000000000000e+00,0.000000000000000000e+00
7.878787878787878451e-01,6.666666666666666297e-01,2.827613576601651912e-01,-1.254417461630240593e+00,0.000000000000000000e+00,0.000000000000000000e+00
8.181818181818182323e-01,6.666666666666666297e-01,2.899482431491898216e-01,-1.329851281092784276e+00,0.000000000000000000e+00,0.000000000000000000e+00
8.484848484848485084e-01,6.666666666666666297e-01,2.967755082184540538e-01,-1.406684875893450481e+00,0.000000000000000000e+00,0.000000000000000000e+00
8.787878787878787845e-01,6.666666666666666297e-01,3.032473246786118737e-01,-1.484872011017109417e+00,0.000000000000000000e+00,0.000000000000000000e+00
9.090909090909090606e-01,6.666666666666666297e-01,3.093697183517030713e-01,-1.564368052708199786e+00,0.000000000000000000e+00,0.000000000000000000e+00
9.393939393939394478e-01,6.666666666666666297e-01,3.151512022843799832e-01,-1.645129828489536816e+00,0.000000000000000000e+00,0.000000000000000000e+00
9.696969696969697239e-01,6.666666666666666297e-01,3.206036108859410261e-01,-1.727115307753006368e+00,0.000000000000000000e+00,0.000000000000000000e+00
1.000000000000000000e+00,6.666666666666666297e-01,3.257431775965425880e-01,-1.810283004898783910e+00,0.000000000000000000e+00,0.000000000000000000e+00
1.030303030303030276e+00,6.666666666666666297e-01,3.305918999048463314e-01,-1.894590968299933342e+00,0.000000000000000000e+00,0.000000000000000000e+00
1.060606060606060552e+00,6.666666666666666297e-01,3.351792255001460052e-01,-1.979995169281345557e+00,0.000000000000000000e+00,0.000000000000000000e+00
1.090909090909090828e+00,6.666666666666666297e-01,3.395440611253565111e-01,-2.066447049291320948e+00,0.000000000000000000e+00,0.000000000000000000e+00
1.121212121212121104e+00,6.666666666666666297e-01,3.437370337768652639e-01,-2.153889932492957904e+00,0.000000000000000000e+00,0.000000000000000000e+00
1.151515151515151603e+00,6.666666666666666297e-01,3.478227978317322000e-01,-2.242253993015498992e+00,0.000000000000000000e+00,0.000000000000000000e+00
1.181818181818181879e+00,6.666666666666666297e-01,3.518819557415628907e-01,-2.331449533053956635e+00,0.000000000000000000e+00,0.000000000000000000e+00
1.212121212121212155e+00,6.666666666666666297e-01,3.560118370886355410e-01,-2.421358555968100124e+00,0.000000000000000000e+00,0.000000000000000000e+00
1.242424242424242431e+00,6.666666666666666297e-01,3.603250138787923440e-01,-2.511825081336894971e+00,0.000000000000000000e+00,0.000000000000000000e+00
1.272727272727272707e+00,6.666666666666666297e-01,3.649441759251962347e-01,-2.602645354901248265e+00,0.000000000000000000e+00,0.000000000000000000e+00
1.303030303030302983e+00,6.666666666666666297e-01,3.699920984489810660e-01,-2.693559931755493242e+00,0.000000000000000000e+00,0.000000000000000000e+00
1.333333333333333259e+00,6.666666666666666297e-01,3.755761312053575995e-01,-2.784250302885338257e+00,0.000000000000000000e+00,0.000000000000000000e+00
1.363636363636363535e+00,6.666666666666666297e-01,3.817679636487453232e-01,-2.874343015208500329e+00,0.000000000000000000e+00,0.000000000000000000e+00
1.393939393939394034e+00,6.666666666666666297e-01,3.885811490103335819e-01,-2.963423940549006819e+00,0.000000000000000000e+00,0.000000000000000000e+00
1.424242424242424310e+00,6.666666666666666297e-01,3.959506035820877234e-01,-3.051064492893725610e+00,0.000000000000000000e+00,0.000000000000000000e+00
1.454545454545454586e+00,6.666666666666666297e-01,4.037196525225192900e-01,-3.136860299840912969e+00,0.000000000000000000e+00,0.000000000000000000e+00
1.484848484848484862e+00,6.666666666666666297e-01,4.116410018833256967e-01,-3.220481312368317361e+00,0.000000000000000000e+00,0.000000000000000000e+00
1.515151515151515138e+00,6.666666666666666297e-01,4.193913369236680899e-01,-3.301717515467089026e+00,0.000000000000000000e+00,0.000000000000000000e+00
1.545454545454545414e+00,6.666666666666666297e-01,4.266447163947866827e-01,-3.380606185208636649e+00,0.000000000000000000e+00,0.000000000000000000e+00
1.575757575757575690e+00,6.666666666666666297e-01,4.331503390702977074e-01,-3.457414848831066756e+00,0.000000000000000000e+00,0.000000000000000000e+00
1.606060606060605966e+00,6.666666666666666297e-01,4.387671260564440789e-01,-3.532538265031102132e+00,0.000000000000000000e+00,0.000000000000000000e+00
1.636363636363636465e+00,6.666666666666666297e-01,4.434577682333373239e-01,-3.606397877142790254e+00,0.000000000000000000e+00,0.000000000000000000e+00
1.666666666666666741e+00,6.666666666666666297e-01,4.472626304658517404e-01,-3.679377251599154963e+00,0.000000000000000000e+00,0.000000000000000000e+00
1.696969696969697017e+00,6.666666666666666297e-01,4.502699283221666127e-01,-3.751792307641678814e+00,0.000000000000000000e+00,0.000000000000000000e+00
1.727272727272727293e+00,6.666666666666666297e-01,4.525904538740457284e-01,-3.823884901571450889e+00,0.000000000000000000e+00,0.000000000000000000e+00
1.757575757575757569e+00,6.666666666666666297e-01,4.543393280735489315e-01,-3.895829052642134194e+00,0.000000000000000000e+00,0.000000000000000000e+00
1.787878787878787845e+00,6.666666666666666297e-01,4.556243319539898251e-01,-3.967742560056530809e+00,0.000000000000000000e+00,0.000000000000000000e+00
1.818181818181818121e+00,6.666666666666666297e-01,4.565393180112952698e-01,-4.039699904272878506e+00,0.000000000000000000e+00,0.000000000000000000e+00
1.848484848484848397e+00,6.666666666666666297e-01,4.571610975077989303e-01,-4.111744487166493656e+00,0.000000000000000000e+00,0.000000000000000000e+00
1.878787878787878896e+00,6.666666666666666297e-01,4.575484736150192133e-01,-4.183899571794697181e+00,0.000000000000000000e+00,0.000000000000000000e+00
1.909090909090909172e+00,6.666666666666666297e-01,4.577424666009852761e-01,-4.256178011588007237e+00,0.000000000000000000e+00,0.000000000000000000e+00
1.939393939393939448e+00,6.666666666666666297e-01,4.577671492411353182e-01,-4.328591242487551227e+00,0.000000000000000000e+00,0.000000000000000000e+00
1.969696969696969724e+00,6.666666666666666297e-01,4.576308600727991838e-01,-4.401158199875273347e+00,0.000000000000000000e+00,0.000000000000000000e+00
2.000000000000000000e+00,6.666666666666666297e-01,4.573279100471915881e-01,-4.473914894758673988e+00,0.000000000000000000e+00,0.000000000000000000e+00
0.000000000000000000e+00,6.969696969696970168e-01,0.000000000000000000e+00,0.000000000000000000e+00,1.000000000000000000e+00,0.000000000000000000e+00
3.030303030303030387e-02,6.969696969696970168e-01,1.264121264272384700e-02,-1.115937224096212772e-02,0.000000000000000000e+00,0.000000000000000000e+00
6.060606060606060774e-02,6.969696969696970168e-01,2.580922752709703671e-02,-2.713293859019754589e-02,0.000000000000000000e+00,0.000000000000000000e+00
9.090909090909091161e-02,6.969696969696970168e-01,3.951681131704234962e-02,-4.754664413245618393e-02,0.000000000000000000e+00,0.000000000000000000e+00
1.212121212121212155e-01,6.969696969696970168e-01,5.371924613717402042e-02,-7.201541918047142665e-02,0.000000000000000000e+00,0.000000000000000000e+00
1.515151515151515194e-01,6.969696969696970168e-01,6.833028075528466139e-02,-1.001814340285465260e-01,0.000000000000000000e+00,0.000000000000000000e+00
1.818181818181818232e-01,6.969696969696970168e-01,8.324069712443207814e-02,-1.317328271411520313e-01,0.000000000000000000e+00,0.000000000000000000e+00
2.121212121212121271e-01,6.969696969696970168e-01,9.833409008194782253e-02,-1.664080734961003449e-01,0.000000000000000000e+00,0.000000000000000000e+00
2.424242424242424310e-01,6.969696969696970168e-01,1.134980301477566400e-01,-2.039922692482830091e-01,0.000000000000000000e+00,0.000000000000000000e+00
2.727272727272727071e-01,6.969696969696970168e-01,1.286307781537761874e-01,-2.443099378813260447e-01,0.000000000000000000e+00,0.000000000000000000e+00
3.030303030303030387e-01,6.969696969696970168e-01,1.436445046930740765e-01,-2.872170956215993609e-01,0.000000000000000000e+00,0.000000000000000000e+00
3.333333333333333148e-01,6.969696969696970168e-01,1.584660917798186852e-01,-3.325939533528639580e-01,0.000000000000000000e+00,0.000000000000000000e+00
3.636363636363636465e-01,6.969696969696970168e-01,1.730364385025809637e-01,-3.803387999532737984e-01,0.000000000000000000e+00,0.000000000000000000e+00
3.939393939393939226e-01,6.969696969696970168e-01,1.873089597791995076e-01,-4.303631619287557886e-01,0.000000000000000000e+00,0.000000000000000000e+00
4.242424242424242542e-01,6.969696969696970168e-01,2.012477481797584900e-01,-4.825881223478492577e-01,0.000000000000000000e+00,0.000000000000000000e+00
4.545454545454545303e-01,6.969696969696970168e-01,2.148256942568093075e-01,-5.369416046539731147e-01,0.000000000000000000e+00,0.000000000000000000e+00
4.848484848484848619e-01,6.969696969696970168e-01,2.280227344437776860e-01,-5.933564184453234969e-01,0.000000000000000000e+00,0.000000000000000000e+00
5.151515151515151381e-01,6.969696969696970168e-01,2.408243102236190258e-01,-6.517688867075709380e-01,0.000000000000000000e+00,0.000000000000000000e+00
5.454545454545454142e-01,6.969696969696970168e-01,2.532200681676495257e-01,-7.121179066978907679e-01,0.000000000000000000e+00,0.000000000000000000e+00
5.757575757575758013e-01,6.969696969696970168e-01,2.652027985636228324e-01,-7.743443295376827296e-01,0.000000000000000000e+00,0.000000000000000000e+00
6.060606060606060774e-01,6.969696969696970168e-01,2.767675934724665998e-01,-8.383905722154759710e-01,0.000000000000000000e+00,0.000000000000000000e+00
6.363636363636363535e-01,6.969696969696970168e-01,2.879111978573945518e-01,-9.042003988168210160e-01,0.000000000000000000e+00,0.000000000000000000e+00
6.666666666666666297e-01,6.969696969696970168e-01,2.986315262185834651e-01,-9.717188255218899284e-01,0.000000000000000000e+00,0.000000000000000000e+00
6.969696969696970168e-01,6.969696969696970168e-01,3.089273194932692368e-01,-1.040892116955262958e+00,0.000000000000000000e+00,0.000000000000000000e+00
7.272727272727272929e-01,6.969696969696970168e-01,3.187979213133846357e-01,-1.111667850662763302e+00,0.000000000000000000e+00,0.000000000000000000e+00
7.575757575757575690e-01,6.969696969696970168e-01,3.282431581708540325e-01,-1.183995032543936565e+00,0.000000000000000000e+00,0.000000000000000000e+00
7.878787878787878451e-01,6.969696969696970168e-01,3.372633142020853847e-01,-1.257824249488189716e+00,0.000000000000000000e+00,0.000000000000000000e+00
8.181818181818182323e-01,6.969696969696970168e-01,3.458591980680457145e-01,-1.333107846482379788e+00,0.000000000000000000e+00,0.000000000000000000e+00
8.484848484848485084e-01,6.969696969696970168e-01,3.540323069043005977e-01,-1.409800114002277116e+00,0.000000000000000000e+00,0.000000000000000000e+00
8.787878787878787845e-01,6.969696969696970168e-01,3.617851008377414579e-01,-1.487857467124449329e+00,0.000000000000000000e+00,0.000000000000000000e+00
9.090909090909090606e-01,6.969696969696970168e-01,3.691214114991688833e-01,-1.567238589588069830e+00,0.000000000000000000e+00,0.000000000000000000e+00
9.393939393939394478e-01,6.969696969696970168e-01,3.760470196825722033e-01,-1.647904502481640332e+00,0.000000000000000000e+00,0.000000000000000000e+00
9.696969696969697239e-01,6.969696969696970168e-01,3.825704509897434602e-01,-1.729818496023180163e+00,0.000000000000000000e+00,0.000000000000000000e+00
1.000000000000000000e+00,6.969696969696970168e-01,3.887040535284350118e-01,-1.812945830773821987e+00,0.000000000000000000e+00,0.000000000000000000e+00
1.030303030303030276e+00,6.969696969696970168e-01,3.944654366831983894e-01,-1.897253067306351682e+00,0.000000000000000000e+00,0.000000000000000000e+00
1.060606060606060552e+00,6.969696969696970168e-01,3.998793599201557747e-01,-1.982706816058462884e+00,0.000000000000000000e+00,0.000000000000000000e+00
1.090909090909090828e+00,6.969696969696970168e-01,4.049801551714160563e-01,-2.069271608357016401e+00,0.000000000000000000e+00,0.000000000000000000e+00
1.121212121212121104e+00,6.969696969696970168e-01,4.098147252013806252e-01,-2.156906478050421683e+00,0.000000000000000000e+00,0.000000000000000000e+00
1.151515151515151603e+00,6.969696969696970168e-01,4.144460471811355351e-01,-2.245559730181533542e+00,0.000000000000000000e+00,0.000000000000000000e+00
1.181818181818181879e+00,6.969696969696970168e-01,4.189568690229107384e-01,-2.335161313919154047e+00,0.000000000000000000e+00,0.000000000000000000e+00
1.212121212121212155e+00,6.969696969696970168e-01,4.234528485593992420e-01,-2.425612327391477141e+00,0.000000000000000000e+00,0.000000000000000000e+00
1.242424242424242431e+00,6.969696969696970168e-01,4.280637252046403662e-01,-2.516771642689579203e+00,0.000000000000000000e+00,0.000000000000000000e+00
1.272727272727272707e+00,6.969696969696970168e-01,4.329403653140346808e-01,-2.608440614057045526e+00,0.000000000000000000e+00,0.000000000000000000e+00
1.303030303030302983e+00,6.969696969696970168e-01,4.382451044999917111e-01,-2.700348277365364424e+00,0.000000000000000000e+00,0.000000000000000000e+00
1.333333333333333259e+00,6.969696969696970168e-01,4.441333256492302484e-01,-2.792140967338229807e+00,0.000000000000000000e+00,0.000000000000000000e+00
1.363636363636363535e+00,6.969696969696970168e-01,4.507260443496731162e-01,-2.883381249365241761e+00,0.000000000000000000e+00,0.000000000000000000e+00
1.393939393939394034e+00,6.969696969696970168e-01,4.580762035541615651e-01,-2.973561014040892569e+00,0.000000000000000000e+00,0.000000000000000000e+00
1.424242424242424310e+00,6.969696969696970168e-01,4.661346361603364574e-01,-3.062132481863542921e+00,0.000000000000000000e+00,0.000000000000000000e+00
1.454545454545454586e+00,6.969696969696970168e-01,4.747243995897714730e-01,-3.148559060203318882e+00,0.000000000000000000e+00,0.000000000000000000e+00
1.484848484848484862e+00,6.969696969696970168e-01,4.835341594376986185e-01,-3.232386180551674926e+00,0.000000000000000000e+00,0.000000000000000000e+00
1.515151515151515138e+00,6.969696969696970168e-01,4.921255579396785484e-01,-3.313298157326262761e+00,0.000000000000000000e+00,0.000000000000000000e+00
1.545454545454545414e+00,6.969696969696970168e-01,5.000627518029038265e-01,-3.391380029493448411e+00,0.000000000000000000e+00,0.000000000000000000e+00
1.575757575757575690e+00,6.969696969696970168e-01,5.070369919514484680e-01,-3.467053355060476960e+00,0.000000000000000000e+00,0.000000000000000000e+00
1.606060606060605966e+00,6.969696969696970168e-01,5.129046748671778344e-01,-3.540885130595607055e+00,0.000000000000000000e+00,0.000000000000000000e+00
1.636363636363636465e+00,6.969696969696970168e-01,5.176621289319500718e-01,-3.613436075310719087e+00,0.000000000000000000e+00,0.000000000000000000e+00
1.666666666666666741e+00,6.969696969696970168e-01,5.213983859179937008e-01,-3.685181788684670501e+00,0.000000000000000000e+00,0.000000000000000000e+00
1.696969696969697017e+00,6.969696969696970168e-01,5.242506582612769250e-01,-3.756487886226719919e+00,0.000000000000000000e+00,0.000000000000000000e+00
1.727272727272727293e+00,6.969696969696970168e-01,5.263713963303723320e-01,-3.827614640447933869e+00,0.000000000000000000e+00,0.000000000000000000e+00
1.757575757575757569e+00,6.969696969696970168e-01,5.279074009014695923e-01,-3.898734062818434154e+00,0.000000000000000000e+00,0.000000000000000000e+00
1.787878787878787845e+00,6.969696969696970168e-01,5.289883807278504824e-01,-3.969949975400401065e+00,0.000000000000000000e+00,0.000000000000000000e+00
1.818181818181818121e+00,6.969696969696970168e-01,5.297218724265293499e-01,-4.041316710600829865e+00,0.000000000000000000e+00,0.000000000000000000e+00
1.848484848484848397e+00,6.969696969696970168e-01,5.301919443204414772e-01,-4.112854951404779413e+00,0.000000000000000000e+00,0.000000000000000000e+00
1.878787878787878896e+00,6.969696969696970168e-01,5.304598198172973955e-01,-4.184564683219862857e+00,0.000000000000000000e+00,0.000000000000000000e+00
1.909090909090909172e+00,6.969696969696970168e-01,5.305651930695758356e-01,-4.256435908046437788e+00,0.000000000000000000e+00,0.000000000000000000e+00
1.939393939393939448e+00,6.969696969696970168e-01,5.305275110090652557e-01,-4.328458069880596781e+00,0.000000000000000000e+00,0.000000000000000000e+00
1.969696969696969724e+00,6.969696969696970168e-01,5.303468979450680632e-01,-4.400629274577107175e+00,0.000000000000000000e+00,0.000000000000000000e+00
2.000000000000000000e+00,6.969696969696970168e-01,5.300047722264775718e-01,-4.472966457989084432e+00,0.000000000000000000e+00,0.000000000000000000e+00
0.000000000000000000e+00,7.272727272727272929e-01,0.000000000000000000e+00,0.000000000000000000e+00,1.000000000000000000e+00,0.000000000000000000e+00
3.030303030303030387e-02,7.272727272727272929e-01,1.478114144811662478e-02,-1.195739217132859092e-02,0.000000000000000000e+00,0.000000000000000000e+00
6.060606060606060774e-02,7.272727272727272929e-01,3.022990472169777981e-02,-2.884638677591079212e-02,0.000000000000000000e+00,0.000000000000000000e+00
9.090909090909091161e-02,7.272727272727272929e-01,4.634852277843648505e-02,-5.019697243368916734e-02,0.000000000000000000e+00,0.000000000000000000e+00
1.212121212121212155e-01,7.272727272727272929e-01,6.306246513945400201e-02,-7.554515639444574215e-02,0.000000000000000000e+00,0.000000000000000000e+00
1.515151515151515194e-01,7.272727272727272929e-01,8.024785467348985457e-02,-1.044823048401007232e-01,0.000000000000000000e+00,0.000000000000000000e+00
1.818181818181818232e-01,7.272727272727272929e-01,9.775882084114381754e-02,-1.366719821033162419e-01,0.000000000000000000e+00,0.000000000000000000e+00
2.121212121212121271e-01,7.272727272727272929e-01,1.154480218586531465e-01,-1.718475846080017855e-01,0.000000000000000000e+00,0.000000000000000000e+00
2.424242424242424310e-01,7.272727272727272929e-01,1.331793910165937067e-01,-2.098015486825087761e-01,0.000000000000000000e+00,0.000000000000000000e+00
2.727272727272727071e-01,7.272727272727272929e-01,1.508345574388287591e-01,-2.503724648942503017e-01,0.000000000000000000e+00,0.000000000000000000e+00
3.030303030303030387e-01,7.272727272727272929e-01,1.683149043395607558e-01,-2.934331557885392350e-01,0.000000000000000000e+00,0.000000000000000000e+00
3.333333333333333148e-01,7.272727272727272929e-01,1.855409744061150557e-01,-3.388808581375786777e-01,0.000000000000000000e+00,0.000000000000000000e+00
3.636363636363636465e-01,7.272727272727272929e-01,2.024504759683539989e-01,-3.866296773689556487e-01,0.000000000000000000e+00,0.000000000000000000e+00
3.939393939393939226e-01,7.272727272727272929e-01,2.189957161053462109e-01,-4.366050584271582991e-01,0.000000000000000000e+00,0.000000000000000000e+00
4.242424242424242542e-01,7.272727272727272929e-01,2.351409576875255480e-01,-4.887398827543534829e-01,0.000000000000000000e+00,0.000000000000000000e+00
4.545454545454545303e-01,7.272727272727272929e-01,2.508599694157392368e-01,-5.429718029606271923e-01,0.000000000000000000e+00,0.000000000000000000e+00
4.848484848484848619e-01,7.272727272727272929e-01,2.661338916959846701e-01,-5.992414831809397269e-01,0.000000000000000000e+00,0.000000000000000000e+00
5.151515151515151381e-01,7.272727272727272929e-01,2.809494537848939988e-01,-6.574914833355149923e-01,0.000000000000000000e+00,0.000000000000000000e+00
5.454545454545454142e-01,7.272727272727272929e-01,2.952975295827351965e-01,-7.176655912759350997e-01,0.000000000000000000e+00,0.000000000000000000e+00
5.757575757575758013e-01,7.272727272727272929e-01,3.091719962364279928e-01,-7.797084614664161473e-01,0.000000000000000000e+00,0.000000000000000000e+00
6.060606060606060774e-01,7.272727272727272929e-01,3.225688513571494109e-01,-8.435654613350788145e-01,0.000000000000000000e+00,0.000000000000000000e+00
6.363636363636363535e-01,7.272727272727272929e-01,3.354855446576974209e-01,-9.091826580123221202e-01,0.000000000000000000e+00,0.000000000000000000e+00
6.666666666666666297e-01,7.272727272727272929e-01,3.479204841554102701e-01,-9.765069008852191867e-01,0.000000000000000000e+00,0.000000000000000000e+00
6.969696969696970168e-01,7.272727272727272929e-01,3.598726834182447987e-01,-1.045485971272347436e+00,0.000000000000000000e+00,0.000000000000000000e+00
7.272727272727272929e-01,7.272727272727272929e-01,3.713415233907603752e-01,-1.116068781288653611e+00,0.000000000000000000e+00,0.000000000000000000e+00
7.575757575757575690e-01,7.272727272727272929e-01,3.823266095512060647e-01,-1.188205610946378332e+00,0.000000000000000000e+00,0.000000000000000000e+00
7.878787878787878451e-01,7.272727272727272929e-01,3.928277123917764402e-01,-1.261848376637006997e+00,0.000000000000000000e+00,0.000000000000000000e+00
8.181818181818182323e-01,7.272727272727272929e-01,4.028447866505037722e-01,-1.336950925878278795e+00,0.000000000000000000e+00,0.000000000000000000e+00
8.484848484848485084e-01,7.272727272727272929e-01,4.123780727480380603e-01,-1.413469352714235905e+00,0.000000000000000000e+00,0.000000000000000000e+00
8.787878787878787845e-01,7.272727272727272929e-01,4.214282930850813957e-01,-1.491362325115611620e+00,0.000000000000000000e+00,0.000000000000000000e+00
9.090909090909090606e-01,7.272727272727272929e-01,4.299969670210880834e-01,-1.570591409289648910e+00,0.000000000000000000e+00,0.000000000000000000e+00
9.393939393939394478e-01,7.272727272727272929e-01,4.380868824608997181e-01,-1.651121364371785027e+00,0.000000000000000000e+00,0.000000000000000000e+00
9.696969696969697239e-01,7.272727272727272929e-01,4.457027801502364550e-01,-1.732920361851750357e+00,0.000000000000000000e+00,0.000000000000000000e+00
1.000000000000000000e+00,7.272727272727272929e-01,4.528523301141122448e-01,-1.815960053017930731e+00,0.000000000000000000e+00,0.000000000000000000e+00
1.030303030303030276e+00,7.272727272727272929e-01,4.595475086996935188e-01,-1.900215358193626303e+00,0.000000000000000000e+00,0.000000000000000000e+00
1.060606060606060552e+00,7.272727272727272929e-01,4.658065181322528781e-01,-1.985663774235014944e+00,0.000000000000000000e+00,0.000000000000000000e+00
1.090909090909090828e+00,7.272727272727272929e-01,4.716564224974319486e-01,-2.072283879436590315e+00,0.000000000000000000e+00,0.000000000000000000e+00
1.121212121212121104e+00,7.272727272727272929e-01,4.771366884560894195e-01,-2.160052544845756817e+00,0.000000000000000000e+00,0.000000000000000000e+00
1.151515151515151603e+00,7.272727272727272929e-01,4.823037784735907940e-01,-2.248940133408667830e+00,0.000000000000000000e+00,0.000000000000000000e+00
1.181818181818181879e+00,7.272727272727272929e-01,4.872367726467627391e-01,-2.338902710705816457e+00,0.000000000000000000e+00,0.000000000000000000e+00
1.212121212121212155e+00,7.272727272727272929e-01,4.920435566191725396e-01,-2.429870114298177786e+00,0.000000000000000000e+00,0.000000000000000000e+00
1.242424242424242431e+00,7.272727272727272929e-01,4.968662198889274850e-01,-2.521728908213816123e+00,0.000000000000000000e+00,0.000000000000000000e+00
1.272727272727272707e+00,7.272727272727272929e-01,5.018828566790772827e-01,-2.614300254038355753e+00,0.000000000000000000e+00,0.000000000000000000e+00
1.303030303030302983e+00,7.272727272727272929e-01,5.073013376661600349e-01,-2.707314938538902371e+00,0.000000000000000000e+00,0.000000000000000000e+00
1.333333333333333259e+00,7.272727272727272929e-01,5.133400470631430679e-01,-2.800390873247011303e+00,0.000000000000000000e+00,0.000000000000000000e+00
1.363636363636363535e+00,7.272727272727272929e-01,5.201925270905354282e-01,-2.893021051150409750e+00,0.000000000000000000e+00,0.000000000000000000e+00
1.393939393939394034e+00,7.272727272727272929e-01,5.279777755164688502e-01,-2.984580801165485298e+00,0.000000000000000000e+00,0.000000000000000000e+00
1.424242424242424310e+00,7.272727272727272929e-01,5.366841949689243885e-01,-3.074361809112498900e+00,0.000000000000000000e+00,0.000000000000000000e+00
1.454545454545454586e+00,7.272727272727272929e-01,5.461208159592280120e-01,-3.161637619263744092e+00,0.000000000000000000e+00,0.000000000000000000e+00
1.484848484848484862e+00,7.272727272727272929e-01,5.558937312794753893e-01,-3.245763293633055380e+00,0.000000000000000000e+00,0.000000000000000000e+00
1.515151515151515138e+00,7.272727272727272929e-01,5.653868901497827171e-01,-3.326230882247963372e+00,0.000000000000000000e+00,0.000000000000000000e+00
1.545454545454545414e+00,7.272727272727272929e-01,5.740047694405230327e-01,-3.403226896706094351e+00,0.000000000000000000e+00,0.000000000000000000e+00
1.575757575757575690e+00,7.272727272727272929e-01,5.813728221147843600e-01,-3.477429935229983560e+00,0.000000000000000000e+00,0.000000000000000000e+00
1.606060606060605966e+00,7.272727272727272929e-01,5.873652545642329414e-01,-3.549658030394378994e+00,0.000000000000000000e+00,0.000000000000000000e+00
1.636363636363636465e+00,7.272727272727272929e-01,5.920400438993613790e-01,-3.620650399700775957e+00,0.000000000000000000e+00,0.000000000000000000e+00
1.666666666666666741e+00,7.272727272727272929e-01,5.955584573465643183e-01,-3.690984272065899852e+00,0.000000000000000000e+00,0.000000000000000000e+00
1.696969696969697017e+00,7.272727272727272929e-01,5.981218918987974975e-01,-3.761068326471777912e+00,0.000000000000000000e+00,0.000000000000000000e+00
1.727272727272727293e+00,7.272727272727272929e-01,5.999317934723056300e-01,-3.831168146184466661e+00,0.000000000000000000e+00,0.000000000000000000e+00
1.757575757575757569e+00,7.272727272727272929e-01,6.011682672537611571e-01,-3.901439718217615926e+00,0.000000000000000000e+00,0.000000000000000000e+00
1.787878787878787845e+00,7.272727272727272929e-01,6.019811155017966708e-01,-3.971960525034057721e+00,0.000000000000000000e+00,0.000000000000000000e+00
1.818181818181818121e+00,7.272727272727272929e-01,6.024880653607119774e-01,-4.042754837109419519e+00,0.000000000000000000e+00,0.000000000000000000e+00
1.848484848484848397e+00,7.272727272727272929e-01,6.027765326018545977e-01,-4.113813022291099131e+00,0.000000000000000000e+00,0.000000000000000000e+00
1.878787878787878896e+00,7.272727272727272929e-01,6.029066071247056735e-01,-4.185105939459110580e+00,0.000000000000000000e+00,0.000000000000000000e+00
1.909090909090909172e+00,7.272727272727272929e-01,6.029138808759667567e-01,-4.256595863698094284e+00,0.000000000000000000e+00,0.000000000000000000e+00
1.939393939393939448e+00,7.272727272727272929e-01,6.028113338962345358e-01,-4.328245454693418814e+00,0.000000000000000000e+00,0.000000000000000000e+00
1.969696969696969724e+00,7.272727272727272929e-01,6.025898805981495521e-01,-4.400026290540942853e+00,0.000000000000000000e+00,0.000000000000000000e+00
2.000000000000000000e+00,7.272727272727272929e-01,6.022174972812017746e-01,-4.471928547035922463e+00,0.000000000000000000e+00,0.000000000000000000e+00
0.000000000000000000e+00,7.575757575757575690e-01,0.000000000000000000e+00,0.000000000000000000e+00,1.000000000000000000e+00,0.000000000000000000e+00
3.030303030303030387e-02,7.575757575757575690e-01,1.702470119436294907e-02,-1.297439417610408985e-02,0.000000000000000000e+00,0.000000000000000000e+00
6.060606060606060774e-02,7.575757575757575690e-01,3.489196741749951008e-02,-3.101761471430331679e-02,0.000000000000000000e+00,0.000000000000000000e+00
9.090909090909091161e-02,7.575757575757575690e-01,5.358089323508922336e-02,-5.352147391053684033e-02,0.000000000000000000e+00,0.000000000000000000e+00
1.212121212121212155e-01,7.575757575757575690e-01,7.296956486341688031e-02,-7.992021300396109917e-02,0.000000000000000000e+00,0.000000000000000000e+00
1.515151515151515194e-01,7.575757575757575690e-01,9.288151275200036416e-02,-1.097491091986723538e-01,0.000000000000000000e+00,0.000000000000000000e+00
1.818181818181818232e-01,7.575757575757575690e-01,1.131247609894263928e-01,-1.426521347666827866e-01,0.000000000000000000e+00,0.000000000000000000e+00
2.121212121212121271e-01,7.575757575757575690e-01,1.335169459649717394e-01,-1.783667638456097326e-01,0.000000000000000000e+00,0.000000000000000000e+00
2.424242424242424310e-01,7.575757575757575690e-01,1.538982670707538247e-01,-2.167024364272773229e-01,0.000000000000000000e+00,0.000000000000000000e+00
2.727272727272727071e-01,7.575757575757575690e-01,1.741360693801638770e-01,-2.575202288049772692e-01,0.000000000000000000e+00,0.000000000000000000e+00
3.030303030303030387e-01,7.575757575757575690e-01,1.941244809245659952e-01,-3.007163635853852268e-01,0.000000000000000000e+00,0.000000000000000000e+00
3.333333333333333148e-01,7.575757575757575690e-01,2.137815531572232475e-01,-3.462098991955259719e-01,0.000000000000000000e+00,0.000000000000000000e+00
3.636363636363636465e-01,7.575757575757575690e-01,2.330454468105727650e-01,-3.939340388968942119e-01,0.000000000000000000e+00,0.000000000000000000e+00
3.939393939393939226e-01,7.575757575757575690e-01,2.518705370838675850e-01,-4.438302620345952465e-01,0.000000000000000000e+00,0.000000000000000000e+00
4.242424242424242542e-01,7.575757575757575690e-01,2.702238743261631826e-01,-4.958445230474929910e-01,0.000000000000000000e+00,0.000000000000000000e+00
4.545454545454545303e-01,7.575757575757575690e-01,2.880821732585980288e-01,-5.499249014592576534e-01,0.000000000000000000e+00,0.000000000000000000e+00
4.848484848484848619e-01,7.575757575757575690e-01,3.054293584364452530e-01,-6.060202362722514335e-01,0.000000000000000000e+00,0.000000000000000000e+00
5.151515151515151381e-01,7.575757575757575690e-01,3.222546217754344577e-01,-6.640794090527259996e-01,0.000000000000000000e+00,0.000000000000000000e+00
5.454545454545454142e-01,7.575757575757575690e-01,3.385509189428308474e-01,-7.240510430292391719e-01,0.000000000000000000e+00,0.000000000000000000e+00
5.757575757575758013e-01,7.575757575757575690e-01,3.543138256334894542e-01,-7.858834620220122025e-01,0.000000000000000000e+00,0.000000000000000000e+00
6.060606060606060774e-01,7.575757575757575690e-01,3.695406803942526408e-01,-8.495248076270719428e-01,0.000000000000000000e+00,0.000000000000000000e+00
6.363636363636363535e-01,7.575757575757575690e-01,3.842299510124816408e-01,-9.149232509388965928e-01,0.000000000000000000e+00,0.000000000000000000e+00
6.666666666666666297e-01,7.575757575757575690e-01,3.983807729981038159e-01,-9.820272607315435609e-01,0.000000000000000000e+00,0.000000000000000000e+00
6.969696969696970168e-01,7.575757575757575690e-01,4.119926196881845137e-01,-1.050785907017876664e+00,0.000000000000000000e+00,0.000000000000000000e+00
7.272727272727272929e-01,7.575757575757575690e-01,4.250650733755412247e-01,-1.121149189943506652e+00,0.000000000000000000e+00,0.000000000000000000e+00
7.575757575757575690e-01,7.575757575757575690e-01,4.375976755778185900e-01,-1.193068390944554302e+00,0.000000000000000000e+00,0.000000000000000000e+00
7.878787878787878451e-01,7.575757575757575690e-01,4.495898424097927726e-01,-1.266496447279988891e+00,0.000000000000000000e+00,0.000000000000000000e+00
8.181818181818182323e-01,7.575757575757575690e-01,4.610408384833554196e-01,-1.341388353208384787e+00,0.000000000000000000e+00,0.000000000000000000e+00
8.484848484848485084e-01,7.575757575757575690e-01,4.719498104796487348e-01,-1.417701591546234763e+00,0.000000000000000000e+00,0.000000000000000000e+00
8.787878787878787845e-01,7.575757575757575690e-01,4.823158903438601874e-01,-1.495396598012474820e+00,0.000000000000000000e+00,0.000000000000000000e+00
9.090909090909090606e-01,7.575757575757575690e-01,4.921383890303557829e-01,-1.574437256993557188e+00,0.000000000000000000e+00,0.000000000000000000e+00
9.393939393939394478e-01,7.575757575757575690e-01,5.014171163285893185e-01,-1.654791419765808458e+00,0.000000000000000000e+00,0.000000000000000000e+00
9.696969696969697239e-01,7.575757575757575690e-01,5.101528824906407245e-01,-1.736431422227369348e+00,0.000000000000000000e+00,0.000000000000000000e+00
1.000000000000000000e+00,7.575757575757575690e-01,5.183482657530587012e-01,-1.819334554367761703e+00,0.000000000000000000e+00,0.000000000000000000e+00
1.030303030303030276e+00,7.575757575757575690e-01,5.260087696170913096e-01,-1.903483390511311990e+00,0.000000000000000000e+00,0.000000000000000000e+00
1.060606060606060552e+00,7.575757575757575690e-01,5.331445483165385690e-01,-1.988865815401794634e+00,0.000000000000000000e+00,0.000000000000000000e+00
1.090909090909090828e+00,7.575757575757575690e-01,5.397729501869025226e-01,-2.075474456703179982e+00,0.000000000000000000e+00,0.000000000000000000e+00
1.121212121212121104e+00,7.575757575757575690e-01,5.459222125213548660e-01,-2.163305029961827053e+00,0.000000000000000000e+00,0.000000000000000000e+00
1.151515151515151603e+00,7.575757575757575690e-01,5.516367164312163673e-01,-2.252352778822186874e+00,0.000000000000000000e+00,0.000000000000000000e+00
1.181818181818181879e+00,7.575757575757575690e-01,5.569842116759066153e-01,-2.342605716655550729e+00,0.000000000000000000e+00,0.000000000000000000e+00
1.212121212121212155e+00,7.575757575757575690e-01,5.620651900096925724e-01,-2.434032766450483276e+00,0.000000000000000000e+00,0.000000000000000000e+00
1.242424242424242431e+00,7.575757575757575690e-01,5.670237837898427502e-01,-2.526564372543247838e+00,0.000000000000000000e+00,0.000000000000000000e+00
1.272727272727272707e+00,7.575757575757575690e-01,5.720576321371436679e-01,-2.620063420980660585e+00,0.000000000000000000e+00,0.000000000000000000e+00
1.303030303030302983e+00,7.575757575757575690e-01,5.774206628750657710e-01,-2.714286722049967793e+00,0.000000000000000000e+00,0.000000000000000000e+00
1.333333333333333259e+00,7.575757575757575690e-01,5.834089731820468749e-01,-2.808842748747756524e+00,0.000000000000000000e+00,0.000000000000000000e+00
1.363636363636363535e+00,7.575757575757575690e-01,5.903198743754214384e-01,-2.903158003445052593e+00,0.000000000000000000e+00,0.000000000000000000e+00
1.393939393939394034e+00,7.575757575757575690e-01,5.983810405902709739e-01,-2.996468300734878021e+00,0.000000000000000000e+00,0.000000000000000000e+00
1.424242424242424310e+00,7.575757575757575690e-01,6.076589720122692606e-01,-3.087849956705923216e+00,0.000000000000000000e+00,0.000000000000000000e+00
1.454545454545454586e+00,7.575757575757575690e-01,6.179681448841887192e-01,-3.176300965626587036e+00,0.000000000000000000e+00,0.000000000000000000e+00
1.484848484848484862e+00,7.575757575757575690e-01,6.288114984647920069e-01,-3.260879762352672628e+00,0.000000000000000000e+00,0.000000000000000000e+00
1.515151515151515138e+00,7.575757575757575690e-01,6.392852290463262310e-01,-3.340712035161627291e+00,0.000000000000000000e+00,0.000000000000000000e+00
1.545454545454545414e+00,7.575757575757575690e-01,6.485596870208111264e-01,-3.416211260305803243e+00,0.000000000000000000e+00,0.000000000000000000e+00
1.575757575757575690e+00,7.575757575757575690e-01,6.561976634039381473e-01,-3.488490961966741022e+00,0.000000000000000000e+00,0.000000000000000000e+00
1.606060606060605966e+00,7.575757575757575690e-01,6.621327790283728643e-01,-3.558728816445453802e+00,0.000000000000000000e+00,0.000000000000000000e+00
1.636363636363636465e+00,7.575757575757575690e-01,6.665283196498178464e-01,-3.627881021216158075e+00,0.000000000000000000e+00,0.000000000000000000e+00
1.666666666666666741e+00,7.575757575757575690e-01,6.696482322245509433e-01,-3.696623905130243859e+00,0.000000000000000000e+00,0.000000000000000000e+00
1.696969696969697017e+00,7.575757575757575690e-01,6.717736750609495378e-01,-3.765389622398564562e+00,0.000000000000000000e+00,0.000000000000000000e+00
1.727272727272727293e+00,7.575757575757575690e-01,6.731594225797936648e-01,-3.834426032526698780e+00,0.000000000000000000e+00,0.000000000000000000e+00
1.757575757575757569e+00,7.575757575757575690e-01,6.740164004091657723e-01,-3.903852726823069386e+00,0.000000000000000000e+00,0.000000000000000000e+00
1.787878787878787845e+00,7.575757575757575690e-01,6.745087562510254653e-01,-3.973705045925776780e+00,0.000000000000000000e+00,0.000000000000000000e+00
1.818181818181818121e+00,7.575757575757575690e-01,6.747577614179905980e-01,-4.043965873057356220e+00,0.000000000000000000e+00,0.000000000000000000e+00
1.848484848484848397e+00,7.575757575757575690e-01,6.748480154141236476e-01,-4.114587532532817171e+00,0.000000000000000000e+00,0.000000000000000000e+00
1.878787878787878896e+00,7.575757575757575690e-01,6.748335103739085961e-01,-4.185506521336563424e+00,0.000000000000000000e+00,0.000000000000000000e+00
1.909090909090909172e+00,7.575757575757575690e-01,6.747423025429306609e-01,-4.256653510815603170e+00,0.000000000000000000e+00,0.000000000000000000e+00
1.939393939393939448e+00,7.575757575757575690e-01,6.745791245736845188e-01,-4.327960691440196683e+00,0.000000000000000000e+00,0.000000000000000000e+00
1.969696969696969724e+00,7.575757575757575690e-01,6.743255174916598094e-01,-4.399368334667395075e+00,0.000000000000000000e+00,0.000000000000000000e+00
2.000000000000000000e+00,7.575757575757575690e-01,6.739371897820858326e-01,-4.470832479350888455e+00,0.000000000000000000e+00,0.000000000000000000e+00
0.000000000000000000e+00,7.878787878787878451e-01,0.000000000000000000e+00,0.000000000000000000e+00,1.000000000000000000e+00,0.000000000000000000e+00
3.030303030303030387e-02,7.878787878787878451e-01,1.940663970201881791e-02,-1.427417344790873031e-02,0.000000000000000000e+00,0.000000000000000000e+00
6.060606060606060774e-02,7.878787878787878451e-01,3.987718361626677033e-02,-3.377027707102614462e-02,0.000000000000000000e+00,0.000000000000000000e+00
9.090909090909091161e-02,7.878787878787878451e-01,6.134413378205333389e-02,-5.767908000048387746e-02,0.000000000000000000e+00,0.000000000000000000e+00
1.212121212121212155e-01,7.878787878787878451e-01,8.361109448396063237e-02,-8.530852989776835371e-02,0.000000000000000000e+00,0.000000000000000000e+00
1.515151515151515194e-01,7.878787878787878451e-01,1.064295675822809206e-01,-1.161395884057925404e-01,0.000000000000000000e+00,0.000000000000000000e+00
1.818181818181818232e-01,7.878787878787878451e-01,1.295518505397345033e-01,-1.498100246029216709e-01,0.000000000000000000e+00,0.000000000000000000e+00
2.121212121212121271e-01,7.878787878787878451e-01,1.527587003382833986e-01,-1.860772477654081825e-01,0.000000000000000000e+00,0.000000000000000000e+00
2.424242424242424310e-01,7.878787878787878451e-01,1.758695253983549589e-01,-2.247817391510911200e-01,0.000000000000000000e+00,0.000000000000000000e+00
2.727272727272727071e-01,7.878787878787878451e-01,1.987426335380755582e-01,-2.658178762105415927e-01,0.000000000000000000e+00,0.000000000000000000e+00
3.030303030303030387e-01,7.878787878787878451e-01,2.212707569030136490e-01,-3.091128824562297539e-01,0.000000000000000000e+00,0.000000000000000000e+00
3.333333333333333148e-01,7.878787878787878451e-01,2.433749561629830749e-01,-3.546125836221192817e-01,0.000000000000000000e+00,0.000000000000000000e+00
3.636363636363636465e-01,7.878787878787878451e-01,2.649985323554209238e-01,-4.022722494440458263e-01,0.000000000000000000e+00,0.000000000000000000e+00
3.939393939393939226e-01,7.878787878787878451e-01,2.861016745404680317e-01,-4.520509944097051980e-01,0.000000000000000000e+00,0.000000000000000000e+00
4.242424242424242542e-01,7.878787878787878451e-01,3.066570724961026895e-01,-5.039085580387694385e-01,0.000000000000000000e+00,0.000000000000000000e+00
4.545454545454545303e-01,7.878787878787878451e-01,3.266464748422980291e-01,-5.578036177222632785e-01,0.000000000000000000e+00,0.000000000000000000e+00
4.848484848484848619e-01,7.878787878787878451e-01,3.460580676771569664e-01,-6.136930540095926201e-01,0.000000000000000000e+00,0.000000000000000000e+00
5.151515151515151381e-01,7.878787878787878451e-01,3.648845195014123188e-01,-6.715317850487844131e-01,0.000000000000000000e+00,0.000000000000000000e+00
5.454545454545454142e-01,7.878787878787878451e-01,3.831215451563323993e-01,-7.312729249072890125e-01,0.000000000000000000e+00,0.000000000000000000e+00
5.757575757575758013e-01,7.878787878787878451e-01,4.007668628397311195e-01,-7.928681140118279957e-01,0.000000000000000000e+00,0.000000000000000000e+00
6.060606060606060774e-01,7.878787878787878451e-01,4.178194428691721085e-01,-8.562679316582344491e-01,0.000000000000000000e+00,0.000000000000000000e+00
6.363636363636363535e-01,7.878787878787878451e-01,4.342789696824444490e-01,-9.214223403848184057e-01,0.000000000000000000e+00,0.000000000000000000e+00
6.666666666666666297e-01,7.878787878787878451e-01,4.501454577892151643e-01,-9.882811372237271241e-01,0.000000000000000000e+00,0.000000000000000000e+00
6.969696969696970168e-01,7.878787878787878451e-01,4.654189777947445594e-01,-1.056794402521529452e+00,0.000000000000000000e+00,0.000000000000000000e+00
7.272727272727272929e-01,7.878787878787878451e-01,4.800994606890383043e-01,-1.126912946609623933e+00,0.000000000000000000e+00,0.000000000000000000e+00
7.575757575757575690e-01,7.878787878787878451e-01,4.941865580683469927e-01,-1.198588760406098741e+00,0.000000000000000000e+00,0.000000000000000000e+00
7.878787878787878451e-01,7.878787878787878451e-01,5.076795436234279313e-01,-1.271775479532492925e+00,0.000000000000000000e+00,0.000000000000000000e+00
8.181818181818182323e-01,7.878787878787878451e-01,5.205772478866173003e-01,-1.346428873649026192e+00,0.000000000000000000e+00,0.000000000000000000e+00
8.484848484848485084e-01,7.878787878787878451e-01,5.328780247051386754e-01,-1.422507373939726705e+00,0.000000000000000000e+00,0.000000000000000000e+00
8.787878787878787845e-01,7.878787878787878451e-01,5.445797551454827357e-01,-1.499972652129348827e+00,0.000000000000000000e+00,0.000000000000000000e+00
9.090909090909090606e-01,7.878787878787878451e-01,5.556799037327107005e-01,-1.578790263782235526e+00,0.000000000000000000e+00,0.000000000000000000e+00
9.393939393939394478e-01,7.878787878787878451e-01,5.661756547507460491e-01,-1.658930366014778501e+00,0.000000000000000000e+00,0.000000000000000000e+00
9.696969696969697239e-01,7.878787878787878451e-01,5.760641751996754545e-01,-1.740368513248488735e+00,0.000000000000000000e+00,0.000000000000000000e+00
1.000000000000000000e+00,7.878787878787878451e-01,5.853430795398451014e-01,-1.823086520583216519e+00,0.000000000000000000e+00,0.000000000000000000e+00
1.030303030303030276e+00,7.878787878787878451e-01,5.940112149316081336e-01,-1.907073355955346106e+00,0.000000000000000000e+00,0.000000000000000000e+00
1.060606060606060552e+00,7.878787878787878451e-01,6.020699521039273305e-01,-1.992325966934830772e+00,0.000000000000000000e+00,0.000000000000000000e+00
1.090909090909090828e+00,7.878787878787878451e-01,6.095252668616412128e-01,-2.078849843148171228e+00,0.000000000000000000e+00,0.000000000000000000e+00
1.121212121212121104e+00,7.878787878787878451e-01,6.163910429562431403e-01,-2.166658920794669374e+00,0.000000000000000000e+00,0.000000000000000000e+00
1.151515151515151603e+00,7.878787878787878451e-01,6.226942269786397421e-01,-2.255774083312392264e+00,0.000000000000000000e+00,0.000000000000000000e+00
1.181818181818181879e+00,7.878787878787878451e-01,6.284827049240973018e-01,-2.346218894657668308e+00,0.000000000000000000e+00,0.000000000000000000e+00
1.212121212121212155e+00,7.878787878787878451e-01,6.338369535022944090e-01,-2.438010179941092481e+00,0.000000000000000000e+00,0.000000000000000000e+00
1.242424242424242431e+00,7.878787878787878451e-01,6.388863297065854319e-01,-2.531139567162770554e+00,0.000000000000000000e+00,0.000000000000000000e+00
1.272727272727272707e+00,7.878787878787878451e-01,6.438294462314653188e-01,-2.625540501823740325e+00,0.000000000000000000e+00,0.000000000000000000e+00
1.303030303030302983e+00,7.878787878787878451e-01,6.489536264399166088e-01,-2.721035441882916128e+00,0.000000000000000000e+00,0.000000000000000000e+00
1.333333333333333259e+00,7.878787878787878451e-01,6.546389892001186483e-01,-2.817264545490068439e+00,0.000000000000000000e+00,0.000000000000000000e+00
1.363636363636363535e+00,7.878787878787878451e-01,6.613234513594850039e-01,-2.913611834598920591e+00,0.000000000000000000e+00,0.000000000000000000e+00
1.393939393939394034e+00,7.878787878787878451e-01,6.694094912881988213e-01,-3.009158780914316988e+00,0.000000000000000000e+00,0.000000000000000000e+00
1.424242424242424310e+00,7.878787878787878451e-01,6.791169375743776326e-01,-3.102696980689929607e+00,0.000000000000000000e+00,0.000000000000000000e+00
1.454545454545454586e+00,7.878787878787878451e-01,6.903149347300800986e-01,-3.192821368461352893e+00,0.000000000000000000e+00,0.000000000000000000e+00
1.484848484848484862e+00,7.878787878787878451e-01,7.023877247947908353e-01,-3.278120241139081070e+00,0.000000000000000000e+00,0.000000000000000000e+00
1.515151515151515138e+00,7.878787878787878451e-01,7.139410261692779036e-01,-3.356991214509611243e+00,0.000000000000000000e+00,0.000000000000000000e+00
1.545454545454545414e+00,7.878787878787878451e-01,7.238029483168101352e-01,-3.430373758741127599e+00,0.000000000000000000e+00,0.000000000000000000e+00
1.575757575757575690e+00,7.878787878787878451e-01,7.315075047693271326e-01,-3.500118776232789219e+00,0.000000000000000000e+00,0.000000000000000000e+00
1.606060606060605966e+00,7.878787878787878451e-01,7.371262240211287065e-01,-3.567899957511101672e+00,0.000000000000000000e+00,0.000000000000000000e+00
1.636363636363636465e+00,7.878787878787878451e-01,7.409915557419816112e-01,-3.634912329382009588e+00,0.000000000000000000e+00,0.000000000000000000e+00
1.666666666666666741e+00,7.878787878787878451e-01,7.435051829664044432e-01,-3.701903587574360444e+00,0.000000000000000000e+00,0.000000000000000000e+00
1.696969696969697017e+00,7.878787878787878451e-01,7.450395316220246311e-01,-3.769289518717476639e+00,0.000000000000000000e+00,0.000000000000000000e+00
1.727272727272727293e+00,7.878787878787878451e-01,7.458999062425034632e-01,-3.837264377813152993e+00,0.000000000000000000e+00,0.000000000000000000e+00
1.757575757575757569e+00,7.878787878787878451e-01,7.463185505049502177e-01,-3.905884210207732465e+00,0.000000000000000000e+00,0.000000000000000000e+00
1.787878787878787845e+00,7.878787878787878451e-01,7.464626315257560929e-01,-3.975123679034487711e+00,0.000000000000000000e+00,0.000000000000000000e+00
1.818181818181818121e+00,7.878787878787878451e-01,7.464464497295631995e-01,-4.044912599610496429e+00,0.000000000000000000e+00,0.000000000000000000e+00
1.848484848484848397e+00,7.878787878787878451e-01,7.463432479873173264e-01,-4.115158434554844646e+00,0.000000000000000000e+00,0.000000000000000000e+00
1.878787878787878896e+00,7.878787878787878451e-01,7.461947166396019071e-01,-4.185759623571774668e+00,0.000000000000000000e+00,0.000000000000000000e+00
1.909090909090909172e+00,7.878787878787878451e-01,7.460175459136471066e-01,-4.256613216014136114e+00,0.000000000000000000e+00,0.000000000000000000e+00
1.939393939393939448e+00,7.878787878787878451e-01,7.458067650699451434e-01,-4.327619272374524151e+00,0.000000000000000000e+00,0.000000000000000000e+00
1.969696969696969724e+00,7.878787878787878451e-01,7.455355227846673927e-01,-4.398684004311721907e+00,0.000000000000000000e+00,0.000000000000000000e+00
2.000000000000000000e+00,7.878787878787878451e-01,7.451507014741188817e-01,-4.469723618578002267e+00,0.000000000000000000e+00,0.000000000000000000e+00
0.000000000000000000e+00,8.181818181818182323e-01,0.000000000000000000e+00,0.000000000000000000e+00,1.000000000000000000e+00,0.000000000000000000e+00
3.030303030303030387e-02,8.181818181818182323e-01,2.197987446890917185e-02,-1.595300241735169225e-02,0.000000000000000000e+00,0.000000000000000000e+00
6.060606060606060774e-02,8.181818181818182323e-01,4.530736316905550898e-02,-3.728129557029361690e-02,0.000000000000000000e+00,0.000000000000000000e+00
9.090909090909091161e-02,8.181818181818182323e-01,6.982459228792785300e-02,-6.288312360235849552e-02,0.000000000000000000e+00,0.000000000000000000e+00
1.212121212121212155e-01,8.181818181818182323e-01,9.522007124929690591e-02,-9.192143363468499584e-02,0.000000000000000000e+00,0.000000000000000000e+00
1.515151515151515194e-01,8.181818181818182323e-01,1.211503853233354827e-01,-1.238399737646392468e-01,0.000000000000000000e+00,0.000000000000000000e+00
1.818181818181818232e-01,8.181818181818182323e-01,1.473053824471704798e-01,-1.582971255826476353e-01,0.000000000000000000e+00,0.000000000000000000e+00
2.121212121212121271e-01,8.181818181818182323e-01,1.734324182997414310e-01,-1.950948791567846119e-01,0.000000000000000000e+00,0.000000000000000000e+00
2.424242424242424310e-01,8.181818181818182323e-01,1.993384060357846210e-01,-2.341234780616885947e-01,0.000000000000000000e+00,0.000000000000000000e+00
2.727272727272727071e-01,8.181818181818182323e-01,2.248821480832236819e-01,-2.753232867880037182e-01,0.000000000000000000e+00,0.000000000000000000e+00
3.030303030303030387e-01,8.181818181818182323e-01,2.499637978481550893e-01,-3.186603512923389947e-01,0.000000000000000000e+00,0.000000000000000000e+00
3.333333333333333148e-01,8.181818181818182323e-01,2.745147011264910120e-01,-3.641116054723904649e-01,0.000000000000000000e+00,0.000000000000000000e+00
3.636363636363636465e-01,8.181818181818182323e-01,2.984888668027441128e-01,-4.116564347156779768e-01,0.000000000000000000e+00,0.000000000000000000e+00
3.939393939393939226e-01,8.181818181818182323e-01,3.218563189922339918e-01,-4.612722374620647492e-01,0.000000000000000000e+00,0.000000000000000000e+00
4.242424242424242542e-01,8.181818181818182323e-01,3.445981498631385809e-01,-5.129324010169482584e-01,0.000000000000000000e+00,0.000000000000000000e+00
4.545454545454545303e-01,8.181818181818182323e-01,3.667029507028645718e-01,-5.666056737355208428e-01,0.000000000000000000e+00,0.000000000000000000e+00
4.848484848484848619e-01,8.181818181818182323e-01,3.881642927077371685e-01,-6.222563015408719700e-01,0.000000000000000000e+00,0.000000000000000000e+00
5.151515151515151381e-01,8.181818181818182323e-01,4.089789760994971823e-01,-6.798445489079327775e-01,0.000000000000000000e+00,0.000000000000000000e+00
5.454545454545454142e-01,8.181818181818182323e-01,4.291458263412539220e-01,-7.393273843312667681e-01,0.000000000000000000e+00,0.000000000000000000e+00
5.757575757575758013e-01,8.181818181818182323e-01,4.486648720625543429e-01,-8.006592092106903369e-01,0.000000000000000000e+00,0.000000000000000000e+00
6.060606060606060774e-01,8.181818181818182323e-01,4.675367849180788182e-01,-8.637925689275135488e-01,0.000000000000000000e+00,0.000000000000000000e+00
6.363636363636363535e-01,8.181818181818182323e-01,4.857624963935434081e-01,-9.286788202666683700e-01,0.000000000000000000e+00,0.000000000000000000e+00
6.666666666666666297e-01,8.181818181818182323e-01,5.033429320157278841e-01,-9.952687497455205978e-01,0.000000000000000000e+00,0.000000000000000000e+00
6.969696969696970168e-01,8.181818181818182323e-01,5.202788215501300551e-01,-1.063513148861906066e+00,0.000000000000000000e+00,0.000000000000000000e+00
7.272727272727272929e-01,8.181818181818182323e-01,5.365705565040346237e-01,-1.133363358546132682e+00,0.000000000000000000e+00,0.000000000000000000e+00
7.575757575757575690e-01,8.181818181818182323e-01,5.522180752002081583e-01,-1.204771798539383543e+00,0.000000000000000000e+00,0.000000000000000000e+00
7.878787878787878451e-01,8.181818181818182323e-01,5.672207621230673791e-01,-1.277692499475579391e+00,0.000000000000000000e+00,0.000000000000000000e+00
8.181818181818182323e-01,8.181818181818182323e-01,5.815773531888921433e-01,-1.352081657012659255e+00,0.000000000000000000e+00,0.000000000000000000e+00
8.484848484848485084e-01,8.181818181818182323e-01,5.952858429414967789e-01,-1.427898228989362028e+00,0.000000000000000000e+00,0.000000000000000000e+00
8.787878787878787845e-01,8.181818181818182323e-01,6.083433943159511914e-01,-1.505104598575932817e+00,0.000000000000000000e+00,0.000000000000000000e+00
9.090909090909090606e-01,8.181818181818182323e-01,6.207462576208504501e-01,-1.583667328811788622e+00,0.000000000000000000e+00,0.000000000000000000e+00
9.393939393939394478e-01,8.181818181818182323e-01,6.324897142763290514e-01,-1.663558036527414963e+00,0.000000000000000000e+00,0.000000000000000000e+00
9.696969696969697239e-01,8.181818181818182323e-01,6.435680749446547333e-01,-1.744754415590078711e+00,0.000000000000000000e+00,0.000000000000000000e+00
1.000000000000000000e+00,8.181818181818182323e-01,6.539747847760774002e-01,-1.827241438676886265e+00,0.000000000000000000e+00,0.000000000000000000e+00
1.030303030303030276e+00,8.181818181818182323e-01,6.637027267790110985e-01,-1.911012758958696933e+00,0.000000000000000000e+00,0.000000000000000000e+00
1.060606060606060552e+00,8.181818181818182323e-01,6.727448780755720392e-01,-1.996072308921468474e+00,0.000000000000000000e+00,0.000000000000000000e+00
1.090909090909090828e+00,8.181818181818182323e-01,6.810955798175862830e-01,-2.082436034032317806e+00,0.000000000000000000e+00,0.000000000000000000e+00
1.121212121212121104e+00,8.181818181818182323e-01,6.887528566009988307e-01,-2.170133565535112385e+00,0.000000000000000000e+00,0.000000000000000000e+00
1.151515151515151603e+00,8.181818181818182323e-01,6.957225057015063996e-01,-2.259209352430702200e+00,0.000000000000000000e+00,0.000000000000000000e+00
1.181818181818181879e+00,8.181818181818182323e-01,7.020251235551610014e-01,-2.349722187643544125e+00,0.000000000000000000e+00,0.000000000000000000e+00
1.212121212121212155e+00,8.181818181818182323e-01,7.077078905376318341e-01,-2.441740897493026363e+00,0.000000000000000000e+00,0.000000000000000000e+00
1.242424242424242431e+00,8.181818181818182323e-01,7.128637294198248986e-01,-2.535331745413465843e+00,0.000000000000000000e+00,0.000000000000000000e+00
1.272727272727272707e+00,8.181818181818182323e-01,7.176608556392787275e-01,-2.630529254880368484e+00,0.000000000000000000e+00,0.000000000000000000e+00
1.303030303030302983e+00,8.181818181818182323e-01,7.223836541866502925e-01,-2.727276963280780286e+00,0.000000000000000000e+00,0.000000000000000000e+00
1.333333333333333259e+00,8.181818181818182323e-01,7.274750426964671224e-01,-2.825323390388472689e+00,0.000000000000000000e+00,0.000000000000000000e+00
1.363636363636363535e+00,8.181818181818182323e-01,7.335407356410310609e-01,-2.924079910888244260e+00,0.000000000000000000e+00,0.000000000000000000e+00
1.393939393939394034e+00,8.181818181818182323e-01,7.412528267482679789e-01,-3.022490206384243372e+00,0.000000000000000000e+00,0.000000000000000000e+00
1.424242424242424310e+00,8.181818181818182323e-01,7.511230489021187839e-01,-3.118983602744899830e+00,0.000000000000000000e+00,0.000000000000000000e+00
1.454545454545454586e+00,8.181818181818182323e-01,7.631913561889940301e-01,-3.211563505758929793e+00,0.000000000000000000e+00,0.000000000000000000e+00
1.484848484848484862e+00,8.181818181818182323e-01,7.767357663908345256e-01,-3.298062125021541835e+00,0.000000000000000000e+00,0.000000000000000000e+00
1.515151515151515138e+00,8.181818181818182323e-01,7.894812461044016239e-01,-3.375375906320638109e+00,0.000000000000000000e+00,0.000000000000000000e+00
1.545454545454545414e+00,8.181818181818182323e-01,7.997682890442908699e-01,-3.445691426404843050e+00,0.000000000000000000e+00,0.000000000000000000e+00
1.575757575757575690e+00,8.181818181818182323e-01,8.072098337713758953e-01,-3.512090164408306681e+00,0.000000000000000000e+00,0.000000000000000000e+00
1.606060606060605966e+00,8.181818181818182323e-01,8.121529109296251603e-01,-3.576879675803223524e+00,0.000000000000000000e+00,0.000000000000000000e+00
1.636363636363636465e+00,8.181818181818182323e-01,8.151836077313163731e-01,-3.641465829320467140e+00,0.000000000000000000e+00,0.000000000000000000e+00
1.666666666666666741e+00,8.181818181818182323e-01,8.168726898767779687e-01,-3.706595200540345303e+00,0.000000000000000000e+00,0.000000000000000000e+00
1.696969696969697017e+00,8.181818181818182323e-01,8.176824677045577694e-01,-3.772599222347367220e+00,0.000000000000000000e+00,0.000000000000000000e+00
1.727272727272727293e+00,8.181818181818182323e-01,8.179525393386101184e-01,-3.839568403887021475e+00,0.000000000000000000e+00,0.000000000000000000e+00
1.757575757575757569e+00,8.181818181818182323e-01,8.179164413433084313e-01,-3.907462661858286168e+00,0.000000000000000000e+00,0.000000000000000000e+00
1.787878787878787845e+00,8.181818181818182323e-01,8.177260762212755774e-01,-3.976176808104300076e+00,0.000000000000000000e+00,0.000000000000000000e+00
1.818181818181818121e+00,8.181818181818182323e-01,8.174743193366329486e-01,-4.045577498605299027e+00,0.000000000000000000e+00,0.000000000000000000e+00
1.848484848484848397e+00,8.181818181818182323e-01,8.172127188888701488e-01,-4.115522929292666277e+00,0.000000000000000000e+00,0.000000000000000000e+00
1.878787878787878896e+00,8.181818181818182323e-01,8.169639861418183102e-01,-4.185872410608081573e+00,0.000000000000000000e+00,0.000000000000000000e+00
1.909090909090909172e+00,8.181818181818182323e-01,8.167298819067745352e-01,-4.256490063167409410e+00,0.000000000000000000e+00,0.000000000000000000e+00
1.939393939393939448e+00,8.181818181818182323e-01,8.164950325657414076e-01,-4.327245082332710879e+00,0.000000000000000000e+00,0.000000000000000000e+00
1.969696969696969724e+00,8.181818181818182323e-01,8.162265748831751822e-01,-4.398010148097328376e+00,0.000000000000000000e+00,0.000000000000000000e+00
2.000000000000000000e+00,8.181818181818182323e-01,8.158686222347332206e-01,-4.468659489827253140e+00,0.000000000000000000e+00,0.000000000000000000e+00
0.000000000000000000e+00,8.484848484848485084e-01,0.000000000000000000e+00,0.000000000000000000e+00,1.000000000000000000e+00,0.000000000000000000e+00
3.030303030303030387e-02,8.484848484848485084e-01,2.483125870277505531e-02,-1.816341948221820990e-02,0.000000000000000000e+00,0.000000000000000000e+00
6.060606060606060774e-02,8.484848484848485084e-01,5.137419189168921513e-02,-4.180872308676167326e-02,0.000000000000000000e+00,0.000000000000000000e+00
9.090909090909091161e-02,8.484848484848485084e-01,7.929924937612316260e-02,-6.941895409731087263e-02,0.000000000000000000e+00,0.000000000000000000e+00
1.212121212121212155e-01,8.484848484848485084e-01,1.081226382852333856e-01,-1.000186974518775529e-01,0.000000000000000000e+00,0.000000000000000000e+00
1.515151515151515194e-01,8.484848484848485084e-01,1.373848264026849841e-01,-1.330607879787446546e-01,0.000000000000000000e+00,0.000000000000000000e+00
1.818181818181818232e-01,8.484848484848485084e-01,1.667160726959693029e-01,-1.682704693848889876e-01,0.000000000000000000e+00,0.000000000000000000e+00
2.121212121212121271e-01,8.484848484848485084e-01,1.958443556901047211e-01,-2.055289424516976438e-01,0.000000000000000000e+00,0.000000000000000000e+00
2.424242424242424310e-01,8.484848484848485084e-01,2.245808429666426020e-01,-2.447986517617974367e-01,0.000000000000000000e+00,0.000000000000000000e+00
2.727272727272727071e-01,8.484848484848485084e-01,2.528000076058714019e-01,-2.860789100755427583e-01,0.000000000000000000e+00,0.000000000000000000e+00
3.030303030303030387e-01,8.484848484848485084e-01,2.804214236737158084e-01,-3.293811205039909318e-01,0.000000000000000000e+00,0.000000000000000000e+00
3.333333333333333148e-01,8.484848484848485084e-01,3.073953933441515018e-01,-3.747158941672623644e-01,0.000000000000000000e+00,0.000000000000000000e+00
3.636363636363636465e-01,8.484848484848485084e-01,3.336924622175093669e-01,-4.220870629138772090e-01,0.000000000000000000e+00,0.000000000000000000e+00
3.939393939393939226e-01,8.484848484848485084e-01,3.592961439200516582e-01,-4.714895132499194452e-01,0.000000000000000000e+00,0.000000000000000000e+00
4.242424242424242542e-01,8.484848484848485084e-01,3.841980450926972268e-01,-5.229090237128770635e-01,0.000000000000000000e+00,0.000000000000000000e+00
4.545454545454545303e-01,8.484848484848485084e-01,4.083946835578050605e-01,-5.763230667083478753e-01,0.000000000000000000e+00,0.000000000000000000e+00
4.848484848484848619e-01,8.484848484848485084e-01,4.318854546253634297e-01,-6.317020023365292891e-01,0.000000000000000000e+00,0.000000000000000000e+00
5.151515151515151381e-01,8.484848484848485084e-01,4.546713536367360531e-01,-6.890103635784903258e-01,0.000000000000000000e+00,0.000000000000000000e+00
5.454545454545454142e-01,8.484848484848485084e-01,4.767541850279538584e-01,-7.482080866052686074e-01,0.000000000000000000e+00,0.000000000000000000e+00
5.757575757575758013e-01,8.484848484848485084e-01,4.981360777073564616e-01,-8.092516252640076235e-01,0.000000000000000000e+00,0.000000000000000000e+00
6.060606060606060774e-01,8.484848484848485084e-01,5.188191887873734309e-01,-8.720949343193568071e-01,0.000000000000000000e+00,0.000000000000000000e+00
6.363636363636363535e-01,8.484848484848485084e-01,5.388055194777994217e-01,-9.366903291802379794e-01,0.000000000000000000e+00,0.000000000000000000e+00
6.666666666666666297e-01,8.484848484848485084e-01,5.580967942383652236e-01,-1.002989240755860267e+00,0.000000000000000000e+00,0.000000000000000000e+00
6.969696969696970168e-01,8.484848484848485084e-01,5.766943717353095744e-01,-1.070942888583411357e+00,0.000000000000000000e+00,0.000000000000000000e+00
7.272727272727272929e-01,8.484848484848485084e-01,5.945991670817728503e-01,-1.140502896767496388e+00,0.000000000000000000e+00,0.000000000000000000e+00
7.575757575757575690e-01,8.484848484848485084e-01,6.118115715631478047e-01,-1.211621877453162854e+00,0.000000000000000000e+00,0.000000000000000000e+00
7.878787878787878451e-01,8.484848484848485084e-01,6.283313601088869049e-01,-1.284254006612165933e+00,0.000000000000000000e+00,0.000000000000000000e+00
8.181818181818182323e-01,8.484848484848485084e-01,6.441575792294406133e-01,-1.358355617528690829e+00,0.000000000000000000e+00,0.000000000000000000e+00
8.484848484848485084e-01,8.484848484848485084e-01,6.592884097578243230e-01,-1.433885838998451012e+00,0.000000000000000000e+00,0.000000000000000000e+00
8.787878787878787845e-01,8.484848484848485084e-01,6.737210001725624231e-01,-1.510807308304174645e+00,0.000000000000000000e+00,0.000000000000000000e+00
9.090909090909090606e-01,8.484848484848485084e-01,6.874512682514226647e-01,-1.589086993897242506e+00,0.000000000000000000e+00,0.000000000000000000e+00
9.393939393939394478e-01,8.484848484848485084e-01,7.004736723295647005e-01,-1.668697169805468894e+00,0.000000000000000000e+00,0.000000000000000000e+00
9.696969696969697239e-01,8.484848484848485084e-01,7.127809601812488127e-01,-1.749616593443142021e+00,0.000000000000000000e+00,0.000000000000000000e+00
1.000000000000000000e+00,8.484848484848485084e-01,7.243639164447206458e-01,-1.831831950750960170e+00,0.000000000000000000e+00,0.000000000000000000e+00
1.030303030303030276e+00,8.484848484848485084e-01,7.352111538575327732e-01,-1.915339646506850180e+00,0.000000000000000000e+00,0.000000000000000000e+00
1.060606060606060552e+00,8.484848484848485084e-01,7.453090390131402732e-01,-2.000148029766992686e+00,0.000000000000000000e+00,0.000000000000000000e+00
1.090909090909090828e+00,8.484848484848485084e-01,7.546419275542642913e-01,-2.086280145114565610e+00,0.000000000000000000e+00,0.000000000000000000e+00
1.121212121212121104e+00,8.484848484848485084e-01,7.631930390216168369e-01,-2.173777065660356556e+00,0.000000000000000000e+00,0.000000000000000000e+00
1.151515151515151603e+00,8.484848484848485084e-01,7.709465868249896214e-01,-2.262701736208204473e+00,0.000000000000000000e+00,0.000000000000000000e+00
1.181818181818181879e+00,8.484848484848485084e-01,7.778922993000721986e-01,-2.353142901472483395e+00,0.000000000000000000e+00,0.000000000000000000e+00
1.212121212121212155e+00,8.484848484848485084e-01,7.840344044442412175e-01,-2.445217810706165285e+00,0.000000000000000000e+00,0.000000000000000000e+00
1.242424242424242431e+00,8.484848484848485084e-01,7.894087832303029462e-01,-2.539070296876784205e+00,0.000000000000000000e+00,0.000000000000000000e+00
1.272727272727272707e+00,8.484848484848485084e-01,7.941146210043701359e-01,-2.634856073467048088e+00,0.000000000000000000e+00,0.000000000000000000e+00
1.303030303030302983e+00,8.484848484848485084e-01,7.983701524881244849e-01,-2.732696974345519170e+00,0.000000000000000000e+00,0.000000000000000000e+00
1.333333333333333259e+00,8.484848484848485084e-01,8.026016686920953713e-01,-2.832567861450618896e+00,0.000000000000000000e+00,0.000000000000000000e+00
1.363636363636363535e+00,8.484848484848485084e-01,8.075491638591884014e-01,-2.934067568866564724e+00,0.000000000000000000e+00,0.000000000000000000e+00
1.393939393939394034e+00,8.484848484848485084e-01,8.142578729073979282e-01,-3.036111462976416320e+00,0.000000000000000000e+00,0.000000000000000000e+00
1.424242424242424310e+00,8.484848484848485084e-01,8.237800517167429559e-01,-3.136713645646239002e+00,0.000000000000000000e+00,0.000000000000000000e+00
1.454545454545454586e+00,8.484848484848485084e-01,8.365963668284770449e-01,-3.233013703637201086e+00,0.000000000000000000e+00,0.000000000000000000e+00
1.484848484848484862e+00,8.484848484848485084e-01,8.519880095239606987e-01,-3.321612767163565572e+00,0.000000000000000000e+00,0.000000000000000000e+00
1.515151515151515138e+00,8.484848484848485084e-01,8.660185218563630771e-01,-3.396213157740276767e+00,0.000000000000000000e+00,0.000000000000000000e+00
1.545454545454545414e+00,8.484848484848485084e-01,8.763819443893733352e-01,-3.461999891583086519e+00,0.000000000000000000e+00,0.000000000000000000e+00
1.575757575757575690e+00,8.484848484848485084e-01,8.830391757001957442e-01,-3.524016910432093752e+00,0.000000000000000000e+00,0.000000000000000000e+00
1.606060606060605966e+00,8.484848484848485084e-01,8.868328852722028310e-01,-3.585258602463885502e+00,0.000000000000000000e+00,0.000000000000000000e+00
1.636363636363636465e+00,8.484848484848485084e-01,8.886943212972132633e-01,-3.647204390813428176e+00,0.000000000000000000e+00,0.000000000000000000e+00
1.666666666666666741e+00,8.484848484848485084e-01,8.893707848765554091e-01,-3.710458388610779590e+00,0.000000000000000000e+00,0.000000000000000000e+00
1.696969696969697017e+00,8.484848484848485084e-01,8.893852385454813492e-01,-3.775166715772288129e+00,0.000000000000000000e+00,0.000000000000000000e+00
1.727272727272727293e+00,8.484848484848485084e-01,8.890738202195694884e-01,-3.841254497112310151e+00,0.000000000000000000e+00,0.000000000000000000e+00
1.757575757575757569e+00,8.484848484848485084e-01,8.886378743799608904e-01,-3.908552075905290746e+00,0.000000000000000000e+00,0.000000000000000000e+00
1.787878787878787845e+00,8.484848484848485084e-01,8.881888568455327260e-01,-3.976858682378404897e+00,0.000000000000000000e+00,0.000000000000000000e+00
1.818181818181818121e+00,8.484848484848485084e-01,8.877812680797351197e-01,-4.045972267267831768e+00,0.000000000000000000e+00,0.000000000000000000e+00
1.848484848484848397e+00,8.484848484848485084e-01,8.874346699391623128e-01,-4.115701629362298775e+00,0.000000000000000000e+00,0.000000000000000000e+00
1.878787878787878896e+00,8.484848484848485084e-01,8.871473513291399104e-01,-4.185869528615679513e+00,0.000000000000000000e+00,0.000000000000000000e+00
1.909090909090909172e+00,8.484848484848485084e-01,8.869041122081838813e-01,-4.256311125258229744e+00,0.000000000000000000e+00,0.000000000000000000e+00
1.939393939393939448e+00,8.484848484848485084e-01,8.866798914861536707e-01,-4.326869513456425231e+00,0.000000000000000000e+00,0.000000000000000000e+00
1.969696969696969724e+00,8.484848484848485084e-01,8.864396788438465569e-01,-4.397388786199529775e+00,0.000000000000000000e+00,0.000000000000000000e+00
2.000000000000000000e+00,8.484848484848485084e-01,8.861333464513994063e-01,-4.467704849687312851e+00,0.000000000000000000e+00,0.000000000000000000e+00
0.000000000000000000e+00,8.787878787878787845e-01,0.000000000000000000e+00,0.000000000000000000e+00,1.000000000000000000e+00,0.000000000000000000e+00
3.030303030303030387e-02,8.787878787878787845e-01,2.811546733076183274e-02,-2.116106924727067032e-02,0.000000000000000000e+00,0.000000000000000000e+00
6.060606060606060774e-02,8.787878787878787845e-01,5.839677514419093496e-02,-4.773490386343376413e-02,0.000000000000000000e+00,0.000000000000000000e+00
9.090909090909091161e-02,8.787878787878787845e-01,9.019483919323291465e-02,-7.766267607373117388e-02,0.000000000000000000e+00,0.000000000000000000e+00
1.212121212121212155e-01,8.787878787878787845e-01,1.227841057601055941e-01,-1.099060906220386963e-01,0.000000000000000000e+00,0.000000000000000000e+00
1.515151515151515194e-01,8.787878787878787845e-01,1.555846238559682737e-01,-1.440225059611696390e-01,0.000000000000000000e+00,0.000000000000000000e+00
1.818181818181818232e-01,8.787878787878787845e-01,1.881925993605559899e-01,-1.798742849618794326e-01,0.000000000000000000e+00,0.000000000000000000e+00
2.121212121212121271e-01,8.787878787878787845e-01,2.203489874830706630e-01,-2.174646003355649726e-01,0.000000000000000000e+00,0.000000000000000000e+00
2.424242424242424310e-01,8.787878787878787845e-01,2.518976814617489568e-01,-2.568507176658020308e-01,0.000000000000000000e+00,0.000000000000000000e+00
2.727272727272727071e-01,8.787878787878787845e-01,2.827500839343071726e-01,-2.981008834412842701e-01,0.000000000000000000e+00,0.000000000000000000e+00
3.030303030303030387e-01,8.787878787878787845e-01,3.128594193210907926e-01,-3.412747217270561961e-01,0.000000000000000000e+00,0.000000000000000000e+00
3.333333333333333148e-01,8.787878787878787845e-01,3.422036029084296604e-01,-3.864157954109210258e-01,0.000000000000000000e+00,0.000000000000000000e+00
3.636363636363636465e-01,8.787878787878787845e-01,3.707744365929651065e-01,-4.335501363197915570e-01,0.000000000000000000e+00,0.000000000000000000e+00
3.939393939393939226e-01,8.787878787878787845e-01,3.985710869515468047e-01,-4.826874662427738105e-01,0.000000000000000000e+00,0.000000000000000000e+00
4.242424242424242542e-01,8.787878787878787845e-01,4.255963028866715514e-01,-5.338234381153069696e-01,0.000000000000000000e+00,0.000000000000000000e+00
4.545454545454545303e-01,8.787878787878787845e-01,4.518543138542522875e-01,-5.869420886731298026e-01,0.000000000000000000e+00,0.000000000000000000e+00
4.848484848484848619e-01,8.787878787878787845e-01,4.773497225800703014e-01,-6.420181432644793684e-01,0.000000000000000000e+00,0.000000000000000000e+00
5.151515151515151381e-01,8.787878787878787845e-01,5.020869653902007013e-01,-6.990190397559546964e-01,0.000000000000000000e+00,0.000000000000000000e+00
5.454545454545454142e-01,8.787878787878787845e-01,5.260700828089981407e-01,-7.579066469443800358e-01,0.000000000000000000e+00,0.000000000000000000e+00
5.757575757575758013e-01,8.787878787878787845e-01,5.493026494268141713e-01,-8.186387008820668054e-01,0.000000000000000000e+00,0.000000000000000000e+00
6.060606060606060774e-01,8.787878787878787845e-01,5.717877766472951873e-01,-8.811700005395463053e-01,0.000000000000000000e+00,0.000000000000000000e+00
6.363636363636363535e-01,8.787878787878787845e-01,5.935281400770222593e-01,-9.454534081635475040e-01,0.000000000000000000e+00,0.000000000000000000e+00
6.666666666666666297e-01,8.787878787878787845e-01,6.145260051896921372e-01,-1.011440697625809237e+00,0.000000000000000000e+00,0.000000000000000000e+00
6.969696969696970168e-01,8.787878787878787845e-01,6.347832369567031341e-01,-1.079083290001401130e+00,0.000000000000000000e+00,0.000000000000000000e+00
7.272727272727272929e-01,8.787878787878787845e-01,6.543012853760071801e-01,-1.148332911481946716e+00,0.000000000000000000e+00,0.000000000000000000e+00
7.575757575757575690e-01,8.787878787878787845e-01,6.730811416467312736e-01,-1.219142205418705105e+00,0.000000000000000000e+00,0.000000000000000000e+00
7.878787878787878451e-01,8.787878787878787845e-01,6.911232605308739174e-01,-1.291465328242026978e+00,0.000000000000000000e+00,0.000000000000000000e+00
8.181818181818182323e-01,8.787878787878787845e-01,7.084274440157312114e-01,-1.365258558494160113e+00,0.000000000000000000e+00,0.000000000000000000e+00
8.484848484848485084e-01,8.787878787878787845e-01,7.249926801904000850e-01,-1.440480949522992882e+00,0.000000000000000000e+00,0.000000000000000000e+00
8.787878787878787845e-01,8.787878787878787845e-01,7.408169295413992161e-01,-1.517095059910450461e+00,0.000000000000000000e+00,0.000000000000000000e+00
9.090909090909090606e-01,8.787878787878787845e-01,7.558968488683460718e-01,-1.595067802053687700e+00,0.000000000000000000e+00,0.000000000000000000e+00
9.393939393939394478e-01,8.787878787878787845e-01,7.702274410234315472e-01,-1.674371459391772454e+00,0.000000000000000000e+00,0.000000000000000000e+00
9.696969696969697239e-01,8.787878787878787845e-01,7.838016172991082442e-01,-1.754984937915268661e+00,0.000000000000000000e+00,0.000000000000000000e+00
1.000000000000000000e+00,8.787878787878787845e-01,7.966096598487125702e-01,-1.836895339706095198e+00,0.000000000000000000e+00,0.000000000000000000e+00
1.030303030303030276e+00,8.787878787878787845e-01,8.086385768549048114e-01,-1.920099977847405048e+00,0.000000000000000000e+00,0.000000000000000000e+00
1.060606060606060552e+00,8.787878787878787845e-01,8.198713592227599989e-01,-2.004608996048376390e+00,0.000000000000000000e+00,0.000000000000000000e+00
1.090909090909090828e+00,8.787878787878787845e-01,8.302861867951872865e-01,-2.090448814995665927e+00,0.000000000000000000e+00,0.000000000000000000e+00
1.121212121212121104e+00,8.787878787878787845e-01,8.398557202587868531e-01,-2.177666698701567149e+00,0.000000000000000000e+00,0.000000000000000000e+00
1.151515151515151603e+00,8.787878787878787845e-01,8.485468055445705149e-01,-2.266336801000516488e+00,0.000000000000000000e+00,0.000000000000000000e+00
1.181818181818181879e+00,8.787878787878787845e-01,8.563213219314006475e-01,-2.356568053770202731e+00,0.000000000000000000e+00,0.000000000000000000e+00
1.212121212121212155e+00,8.787878787878787845e-01,8.631397553422459623e-01,-2.448514009935023328e+00,0.000000000000000000e+00,0.000000000000000000e+00
1.242424242424242431e+00,8.787878787878787845e-01,8.689708583601717384e-01,-2.542383732511858341e+00,0.000000000000000000e+00,0.000000000000000000e+00
1.272727272727272707e+00,8.787878787878787845e-01,8.738144642470027090e-01,-2.638449573073868404e+00,0.000000000000000000e+00,0.000000000000000000e+00
1.303030303030302983e+00,8.787878787878787845e-01,8.777520904631025411e-01,-2.737038211518134645e+00,0.000000000000000000e+00,0.000000000000000000e+00
1.333333333333333259e+00,8.787878787878787845e-01,8.810542958140499259e-01,-2.838465015100587685e+00,0.000000000000000000e+00,0.000000000000000000e+00
1.363636363636363535e+00,8.787878787878787845e-01,8.843922307815693662e-01,-2.942805804516929413e+00,0.000000000000000000e+00,0.000000000000000000e+00
1.393939393939394034e+00,8.787878787878787845e-01,8.891561044440905448e-01,-3.049305621541109623e+00,0.000000000000000000e+00,0.000000000000000000e+00
1.424242424242424310e+00,8.787878787878787845e-01,8.973324216834934752e-01,-3.155666469230313353e+00,0.000000000000000000e+00,0.000000000000000000e+00
1.454545454545454586e+00,8.787878787878787845e-01,9.104788663083034361e-01,-3.257797616280497355e+00,0.000000000000000000e+00,0.000000000000000000e+00
1.484848484848484862e+00,8.787878787878787845e-01,9.282961069493272932e-01,-3.350269433136705111e+00,0.000000000000000000e+00,0.000000000000000000e+00
1.515151515151515138e+00,8.787878787878787845e-01,9.435773151554858185e-01,-3.419802897866826008e+00,0.000000000000000000e+00,0.000000000000000000e+00
1.545454545454545414e+00,8.787878787878787845e-01,9.533117480618911177e-01,-3.478852385031453220e+00,0.000000000000000000e+00,0.000000000000000000e+00
1.575757575757575690e+00,8.787878787878787845e-01,9.584001069408913942e-01,-3.535273773361676142e+00,0.000000000000000000e+00,0.000000000000000000e+00
1.606060606060605966e+00,8.787878787878787845e-01,9.604821958116122049e-01,-3.592504595128743983e+00,0.000000000000000000e+00,0.000000000000000000e+00
1.636363636363636465e+00,8.787878787878787845e-01,9.608840612888075450e-01,-3.651763305867283815e+00,0.000000000000000000e+00,0.000000000000000000e+00
1.666666666666666741e+00,8.787878787878787845e-01,9.604733431735714699e-01,-3.713282967125022704e+00,0.000000000000000000e+00,0.000000000000000000e+00
1.696969696969697017e+00,8.787878787878787845e-01,9.597557721426062116e-01,-3.776896610597678894e+00,0.000000000000000000e+00,0.000000000000000000e+00
1.727272727272727293e+00,8.787878787878787845e-01,9.589979652396781740e-01,-3.842301855202630456e+00,0.000000000000000000e+00,0.000000000000000000e+00
1.757575757575757569e+00,8.787878787878787845e-01,9.583228889444850296e-01,-3.909174448468212937e+00,0.000000000000000000e+00,0.000000000000000000e+00
1.787878787878787845e+00,8.787878787878787845e-01,9.577732252430366522e-01,-3.977211998596414055e+00,0.000000000000000000e+00,0.000000000000000000e+00
1.818181818181818121e+00,8.787878787878787845e-01,9.573499090656224508e-01,-4.046146394029507043e+00,0.000000000000000000e+00,0.000000000000000000e+00
1.848484848484848397e+00,8.787878787878787845e-01,9.570339672478370696e-01,-4.115742989280404274e+00,0.000000000000000000e+00,0.000000000000000000e+00
1.878787878787878896e+00,8.787878787878787845e-01,9.567979236334781534e-01,-4.185794816818931174e+00,0.000000000000000000e+00,0.000000000000000000e+00
1.909090909090909172e+00,8.787878787878787845e-01,9.566111048346529477e-01,-4.256115183786516099e+00,0.000000000000000000e+00,0.000000000000000000e+00
1.939393939393939448e+00,8.787878787878787845e-01,9.564418422679499265e-01,-4.326529089278530193e+00,0.000000000000000000e+00,0.000000000000000000e+00
1.969696969696969724e+00,8.787878787878787845e-01,9.562581137980565860e-01,-4.396861889101072229e+00,0.000000000000000000e+00,0.000000000000000000e+00
2.000000000000000000e+00,8.787878787878787845e-01,9.560254703992450143e-01,-4.466922875104812007e+00,0.000000000000000000e+00,0.000000000000000000e+00
0.000000000000000000e+00,9.090909090909090606e-01,0.000000000000000000e+00,0.000000000000000000e+00,1.000000000000000000e+00,0.000000000000000000e+00
3.030303030303030387e-02,9.090909090909090606e-01,3.213426150995885022e-02,-2.540064105305674114e-02,0.000000000000000000e+00,0.000000000000000000e+00
6.060606060606060774e-02,9.090909090909090606e-01,6.693895470456921737e-02,-5.562884769660386697e-02,0.000000000000000000e+00,0.000000000000000000e+00
9.090909090909091161e-02,9.090909090909090606e-01,1.031915307625981826e-01,-8.809068340129888597e-02,0.000000000000000000e+00,0.000000000000000000e+00
1.212121212121212155e-01,9.090909090909090606e-01,1.398763036184835495e-01,-1.219128052015883701e-01,0.000000000000000000e+00,0.000000000000000000e+00
1.515151515151515194e-01,9.090909090909090606e-01,1.763434446355300889e-01,-1.569216379349548940e-01,0.000000000000000000e+00,0.000000000000000000e+00
1.818181818181818232e-01,9.090909090909090606e-01,2.122261402667783292e-01,-1.932071915288534336e-01,0.000000000000000000e+00,0.000000000000000000e+00
2.121212121212121271e-01,9.090909090909090606e-01,2.473380830483238868e-01,-2.309365760314769367e-01,0.000000000000000000e+00,0.000000000000000000e+00
2.424242424242424310e-01,9.090909090909090606e-01,2.815970033375891912e-01,-2.702768784699239868e-01,0.000000000000000000e+00,0.000000000000000000e+00
2.727272727272727071e-01,9.090909090909090606e-01,3.149759035845308697e-01,-3.113670067127198848e-01,0.000000000000000000e+00,0.000000000000000000e+00
3.030303030303030387e-01,9.090909090909090606e-01,3.474745588821599451e-01,-3.543109443540156667e-01,0.000000000000000000e+00,0.000000000000000000e+00
3.333333333333333148e-01,9.090909090909090606e-01,3.791039513999370780e-01,-3.991796802730661620e-01,0.000000000000000000e+00,0.000000000000000000e+00
3.636363636363636465e-01,9.090909090909090606e-01,4.098783390793364068e-01,-4.460160525752767668e-01,0.000000000000000000e+00,0.000000000000000000e+00
3.939393939393939226e-01,9.090909090909090606e-01,4.398115758168283929e-01,-4.948400395120647888e-01,0.000000000000000000e+00,0.000000000000000000e+00
4.242424242424242542e-01,9.090909090909090606e-01,4.689156734295779061e-01,-5.456535520790062321e-01,0.000000000000000000e+00,0.000000000000000000e+00
4.545454545454545303e-01,9.090909090909090606e-01,4.972004713544654897e-01,-5.984444575172750413e-01,0.000000000000000000e+00,0.000000000000000000e+00
4.848484848484848619e-01,9.090909090909090606e-01,5.246738020668496594e-01,-6.531898400323490339e-01,0.000000000000000000e+00,0.000000000000000000e+00
5.151515151515151381e-01,9.090909090909090606e-01,5.513418370905969201e-01,-7.098586022223890568e-01,0.000000000000000000e+00,0.000000000000000000e+00
5.454545454545454142e-01,9.090909090909090606e-01,5.772094608773120639e-01,-7.684135310231116067e-01,0.000000000000000000e+00,0.000000000000000000e+00
5.757575757575758013e-01,9.090909090909090606e-01,6.022806053378927382e-01,-8.288129427862196419e-01,0.000000000000000000e+00,0.000000000000000000e+00
6.060606060606060774e-01,9.090909090909090606e-01,6.265585207968555892e-01,-8.910120042055106326e-01,0.000000000000000000e+00,0.000000000000000000e+00
6.363636363636363535e-01,9.090909090909090606e-01,6.500459793075039627e-01,-9.549638076449814550e-01,0.000000000000000000e+00,0.000000000000000000e+00
6.666666666666666297e-01,9.090909090909090606e-01,6.727454145462296031e-01,-1.020620263961370178e+00,0.000000000000000000e+00,0.000000000000000000e+00
6.969696969696970168e-01,9.090909090909090606e-01,6.946590047955117919e-01,-1.087932863806646111e+00,0.000000000000000000e+00,0.000000000000000000e+00
7.272727272727272929e-01,9.090909090909090606e-01,7.157887049130255974e-01,-1.156853349459503910e+00,0.000000000000000000e+00,0.000000000000000000e+00
7.575757575757575690e-01,9.090909090909090606e-01,7.361362312125783181e-01,-1.227334333078005102e+00,0.000000000000000000e+00,0.000000000000000000e+00
7.878787878787878451e-01,9.090909090909090606e-01,7.557030005591436339e-01,-1.299329893553616833e+00,0.000000000000000000e+00,0.000000000000000000e+00
8.181818181818182323e-01,9.090909090909090606e-01,7.744900219574848421e-01,-1.372796182708458712e+00,0.000000000000000000e+00,0.000000000000000000e+00
8.484848484848485084e-01,9.090909090909090606e-01,7.924977354859321643e-01,-1.447692072457528178e+00,0.000000000000000000e+00,0.000000000000000000e+00
8.787878787878787845e-01,9.090909090909090606e-01,8.097257894255263100e-01,-1.523979878070001792e+00,0.000000000000000000e+00,0.000000000000000000e+00
9.090909090909090606e-01,9.090909090909090606e-01,8.261727415700037547e-01,-1.601626199476389178e+00,0.000000000000000000e+00,0.000000000000000000e+00
9.393939393939394478e-01,9.090909090909090606e-01,8.418356645784019765e-01,-1.680602933850878333e+00,0.000000000000000000e+00,0.000000000000000000e+00
9.696969696969697239e-01,9.090909090909090606e-01,8.567096273693104447e-01,-1.760888530371057081e+00,0.000000000000000000e+00,0.000000000000000000e+00
1.000000000000000000e+00,9.090909090909090606e-01,8.707870144630408538e-01,-1.842469585204933757e+00,0.000000000000000000e+00,0.000000000000000000e+00
1.030303030303030276e+00,9.090909090909090606e-01,8.840566325858589813e-01,-1.925342916309948471e+00,0.000000000000000000e+00,0.000000000000000000e+00
1.060606060606060552e+00,9.090909090909090606e-01,8.965025393496284245e-01,-2.009518321325021173e+00,0.000000000000000000e+00,0.000000000000000000e+00
1.090909090909090828e+00,9.090909090909090606e-01,9.081025154935923327e-01,-2.095022319838082403e+00,0.000000000000000000e+00,0.000000000000000000e+00
1.121212121212121104e+00,9.090909090909090606e-01,9.188260996244649315e-01,-2.181903332005535656e+00,0.000000000000000000e+00,0.000000000000000000e+00
1.151515151515151603e+00,9.090909090909090606e-01,9.286321385241529391e-01,-2.270238974749295036e+00,0.000000000000000000e+00,0.000000000000000000e+00
1.181818181818181879e+00,9.090909090909090606e-01,9.374659428832625707e-01,-2.360146494258811511e+00,0.000000000000000000e+00,0.000000000000000000e+00
1.212121212121212155e+00,9.090909090909090606e-01,9.452565420329659407e-01,-2.451797809241895720e+00,0.000000000000000000e+00,0.000000000000000000e+00
1.242424242424242431e+00,9.090909090909090606e-01,9.519156101322630015e-01,-2.545441108421589771e+00,0.000000000000000000e+00,0.000000000000000000e+00
1.272727272727272707e+00,9.090909090909090606e-01,9.573424189444121879e-01,-2.641430861924095375e+00,0.000000000000000000e+00,0.000000000000000000e+00
1.303030303030302983e+00,9.090909090909090606e-01,9.614463252350901046e-01,-2.740265182482388706e+00,0.000000000000000000e+00,0.000000000000000000e+00
1.333333333333333259e+00,9.090909090909090606e-01,9.642170225808308626e-01,-2.842614907514226186e+00,0.000000000000000000e+00,0.000000000000000000e+00
1.363636363636363535e+00,9.090909090909090606e-01,9.659231256067589699e-01,-2.949267903095476040e+00,0.000000000000000000e+00,0.000000000000000000e+00
1.393939393939394034e+00,9.090909090909090606e-01,9.676505977540230674e-01,-3.060669528787513638e+00,0.000000000000000000e+00,0.000000000000000000e+00
1.424242424242424310e+00,9.090909090909090606e-01,9.725358712199236866e-01,-3.175006304996248030e+00,0.000000000000000000e+00,0.000000000000000000e+00
1.454545454545454586e+00,9.090909090909090606e-01,9.847280510126770192e-01,-3.286616007361935932e+00,0.000000000000000000e+00,0.000000000000000000e+00
1.484848484848484862e+00,9.090909090909090606e-01,1.005784237612245224e+00,-3.386628312183959988e+00,0.000000000000000000e+00,0.000000000000000000e+00
1.515151515151515138e+00,9.090909090909090606e-01,1.021855362779512610e+00,-3.446132159356655844e+00,0.000000000000000000e+00,0.000000000000000000e+00
1.545454545454545414e+00,9.090909090909090606e-01,1.029622577576948528e+00,-3.495293004988486274e+00,0.000000000000000000e+00,0.000000000000000000e+00
1.575757575757575690e+00,9.090909090909090606e-01,1.032084201239294119e+00,-3.544947453394188042e+00,0.000000000000000000e+00,0.000000000000000000e+00
1.606060606060605966e+00,9.090909090909090606e-01,1.031949797179512185e+00,-3.598014880103021618e+00,0.000000000000000000e+00,0.000000000000000000e+00
1.636363636363636465e+00,9.090909090909090606e-01,1.030825613001541186e+00,-3.654834468267210479e+00,0.000000000000000000e+00,0.000000000000000000e+00
1.666666666666666741e+00,9.090909090909090606e-01,1.029517518418466393e+00,-3.714967422454053203e+00,0.000000000000000000e+00,0.000000000000000000e+00
1.696969696969697017e+00,9.090909090909090606e-01,1.028369969935413630e+00,-3.777809507860582894e+00,0.000000000000000000e+00,0.000000000000000000e+00
1.727272727272727293e+00,9.090909090909090606e-01,1.027489875463258207e+00,-3.842791707069435958e+00,0.000000000000000000e+00,0.000000000000000000e+00
1.757575757575757569e+00,9.090909090909090606e-01,1.026874049247745502e+00,-3.909432694934523056e+00,0.000000000000000000e+00,0.000000000000000000e+00
1.787878787878787845e+00,9.090909090909090606e-01,1.026475928421459294e+00,-3.977339302443593461e+00,0.000000000000000000e+00,0.000000000000000000e+00
1.818181818181818121e+00,9.090909090909090606e-01,1.026237900016651716e+00,-4.046191195113629568e+00,0.000000000000000000e+00,0.000000000000000000e+00
1.848484848484848397e+00,9.090909090909090606e-01,1.026105333567569611e+00,-4.115723107999933461e+00,0.000000000000000000e+00,0.000000000000000000e+00
1.878787878787878896e+00,9.090909090909090606e-01,1.026031344104510801e+00,-4.185709072560467980e+00,0.000000000000000000e+00,0.000000000000000000e+00
1.909090909090909172e+00,9.090909090909090606e-01,1.025977190960450036e+00,-4.255949619259758343e+00,0.000000000000000000e+00,0.000000000000000000e+00
1.939393939393939448e+00,9.090909090909090606e-01,1.025911394337032156e+00,-4.326261186676140902e+00,0.000000000000000000e+00,0.000000000000000000e+00
1.969696969696969724e+00,9.090909090909090606e-01,1.025810883587647826e+00,-4.396464045705759993e+00,0.000000000000000000e+00,0.000000000000000000e+00
2.000000000000000000e+00,9.090909090909090606e-01,1.025665655330182391e+00,-4.466362010697391582e+00,0.000000000000000000e+00,0.000000000000000000e+00
0.000000000000000000e+00,9.393939393939394478e-01,0.000000000000000000e+00,0.000000000000000000e+00,1.000000000000000000e+00,0.000000000000000000e+00
3.030303030303030387e-02,9.393939393939394478e-01,3.754519313388605256e-02,-3.173797671986502977e-02,0.000000000000000000e+00,0.000000000000000000e+00
6.060606060606060774e-02,9.393939393939394478e-01,7.806688343255387130e-02,-6.631753023043451822e-02,0.000000000000000000e+00,0.000000000000000000e+00
9.090909090909091161e-02,9.393939393939394478e-01,1.194082457201693787e-01,-1.012476652594027221e-01,0.000000000000000000e+00,0.000000000000000000e+00
1.212121212121212155e-01,9.393939393939394478e-01,1.603678641290442464e-01,-1.363218933098572228e-01,0.000000000000000000e+00,0.000000000000000000e+00
1.515151515151515194e-01,9.393939393939394478e-01,2.004155134839534780e-01,-1.718621397642394188e-01,0.000000000000000000e+00,0.000000000000000000e+00
1.818181818181818232e-01,9.393939393939394478e-01,2.393687984778415934e-01,-2.082694273387564743e-01,0.000000000000000000e+00,0.000000000000000000e+00
2.121212121212121271e-01,9.393939393939394478e-01,2.772032077399075312e-01,-2.458942231128966871e-01,0.000000000000000000e+00,0.000000000000000000e+00
2.424242424242424310e-01,9.393939393939394478e-01,3.139551875982225515e-01,-2.850078167450849631e-01,0.000000000000000000e+00,0.000000000000000000e+00
2.727272727272727071e-01,9.393939393939394478e-01,3.496770990969648718e-01,-3.258067936689991173e-01,0.000000000000000000e+00,0.000000000000000000e+00
3.030303030303030387e-01,9.393939393939394478e-01,3.844185624565721326e-01,-3.684263836746735077e-01,0.000000000000000000e+00,0.000000000000000000e+00
3.333333333333333148e-01,9.393939393939394478e-01,4.182202804280629738e-01,-4.129541756652892470e-01,0.000000000000000000e+00,0.000000000000000000e+00
3.636363636363636465e-01,9.393939393939394478e-01,4.511132777677698269e-01,-4.594416566141506508e-01,0.000000000000000000e+00,0.000000000000000000e+00
3.939393939393939226e-01,9.393939393939394478e-01,4.831201780115477740e-01,-5.079132184819077356e-01,0.000000000000000000e+00,0.000000000000000000e+00
4.242424242424242542e-01,9.393939393939394478e-01,5.142570057110561477e-01,-5.583729751493143878e-01,0.000000000000000000e+00,0.000000000000000000e+00
4.545454545454545303e-01,9.393939393939394478e-01,5.445349017538858583e-01,-6.108098701580190193e-01,0.000000000000000000e+00,0.000000000000000000e+00
4.848484848484848619e-01,9.393939393939394478e-01,5.739615498008838745e-01,-6.652015079170028322e-01,0.000000000000000000e+00,0.000000000000000000e+00
5.151515151515151381e-01,9.393939393939394478e-01,6.025422857050328762e-01,-7.215170488529384363e-01,0.000000000000000000e+00,0.000000000000000000e+00
5.454545454545454142e-01,9.393939393939394478e-01,6.302809262261979129e-01,-7.797194220226375538e-01,0.000000000000000000e+00,0.000000000000000000e+00
5.757575757575758013e-01,9.393939393939394478e-01,6.571803700669924808e-01,-8.397670398847294493e-01,0.000000000000000000e+00,0.000000000000000000e+00
6.060606060606060774e-01,9.393939393939394478e-01,6.832430219523368820e-01,-9.016151493284871865e-01,0.000000000000000000e+00,0.000000000000000000e+00
6.363636363636363535e-01,9.393939393939394478e-01,7.084710819202812981e-01,-9.652169171556016503e-01,0.000000000000000000e+00,0.000000000000000000e+00
6.666666666666666297e-01,9.393939393939394478e-01,7.328667324613420408e-01,-1.030524323200973313e+00,0.000000000000000000e+00,0.000000000000000000e+00
6.969696969696970168e-01,9.393939393939394478e-01,7.564322475389974043e-01,-1.097488917068539571e+00,0.000000000000000000e+00,0.000000000000000000e+00
7.272727272727272929e-01,9.393939393939394478e-01,7.791700402989204521e-01,-1.166062482806504264e+00,0.000000000000000000e+00,0.000000000000000000e+00
7.575757575757575690e-01,9.393939393939394478e-01,8.010826603072179752e-01,-1.236197648241502689e+00,0.000000000000000000e+00,0.000000000000000000e+00
7.878787878787878451e-01,9.393939393939394478e-01,8.221727461223954370e-01,-1.307848471190039552e+00,0.000000000000000000e+00,0.000000000000000000e+00
8.181818181818182323e-01,9.393939393939394478e-01,8.424429345112285361e-01,-1.380971032865550896e+00,0.000000000000000000e+00,0.000000000000000000e+00
8.484848484848485084e-01,9.393939393939394478e-01,8.618957232413967384e-01,-1.455524069365801809e+00,0.000000000000000000e+00,0.000000000000000000e+00
8.787878787878787845e-01,9.393939393939394478e-01,8.805332796443988697e-01,-1.531469675377195250e+00,0.000000000000000000e+00,0.000000000000000000e+00
9.090909090909090606e-01,9.393939393939394478e-01,8.983571814488147123e-01,-1.608774120800036567e+00,0.000000000000000000e+00,0.000000000000000000e+00
9.393939393939394478e-01,9.393939393939394478e-01,9.153680689368129952e-01,-1.687408832072074594e+00,0.000000000000000000e+00,0.000000000000000000e+00
9.696969696969697239e-01,9.393939393939394478e-01,9.315651771248131263e-01,-1.767351607589632279e+00,0.000000000000000000e+00,0.000000000000000000e+00
1.000000000000000000e+00,9.393939393939394478e-01,9.469457016900685309e-01,-1.848588164222966013e+00,0.000000000000000000e+00,0.000000000000000000e+00
1.030303030303030276e+00,9.393939393939394478e-01,9.615039301394114890e-01,-1.931114155256536513e+00,0.000000000000000000e+00,0.000000000000000000e+00
1.060606060606060552e+00,9.393939393939394478e-01,9.752300362699275471e-01,-2.014937868960646306e+00,0.000000000000000000e+00,0.000000000000000000e+00
1.090909090909090828e+00,9.393939393939394478e-01,9.881083854215160223e-01,-2.100083928358898344e+00,0.000000000000000000e+00,0.000000000000000000e+00
1.121212121212121104e+00,9.393939393939394478e-01,1.000115122203881324e+00,-2.186598496307538664e+00,0.000000000000000000e+00,0.000000000000000000e+00
1.151515151515151603e+00,9.393939393939394478e-01,1.011214701691835360e+00,-2.274556798513419409e+00,0.000000000000000000e+00,0.000000000000000000e+00
1.181818181818181879e+00,9.393939393939394478e-01,1.021354873892620363e+00,-2.364074305014985722e+00,0.000000000000000000e+00,0.000000000000000000e+00
1.212121212121212155e+00,9.393939393939394478e-01,1.030459458198080380e+00,-2.455323826717897617e+00,0.000000000000000000e+00,0.000000000000000000e+00
1.242424242424242431e+00,9.393939393939394478e-01,1.038418158789371493e+00,-2.548562383717707380e+00,0.000000000000000000e+00,0.000000000000000000e+00
1.272727272727272707e+00,9.393939393939394478e-01,1.045073084260273122e+00,-2.644174472121354924e+00,0.000000000000000000e+00,0.000000000000000000e+00
1.303030303030302983e+00,9.393939393939394478e-01,1.050203941041949030e+00,-2.742742921173788595e+00,0.000000000000000000e+00,0.000000000000000000e+00
1.333333333333333259e+00,9.393939393939394478e-01,1.053522831527960779e+00,-2.845164683873674605e+00,0.000000000000000000e+00,0.000000000000000000e+00
1.363636363636363535e+00,9.393939393939394478e-01,1.054722734046890098e+00,-2.952828359654345647e+00,0.000000000000000000e+00,0.000000000000000000e+00
1.393939393939394034e+00,9.393939393939394478e-01,1.053756344569276138e+00,-3.067792583613168755e+00,0.000000000000000000e+00,0.000000000000000000e+00
1.424242424242424310e+00,9.393939393939394478e-01,1.052151753185690541e+00,-3.192158397650480595e+00,0.000000000000000000e+00,0.000000000000000000e+00
1.454545454545454586e+00,9.393939393939394478e-01,1.059327636964748631e+00,-3.319781455155297767e+00,0.000000000000000000e+00,0.000000000000000000e+00
1.484848484848484862e+00,9.393939393939394478e-01,1.084231929154824803e+00,-3.435414744719056390e+00,0.000000000000000000e+00,0.000000000000000000e+00
1.515151515151515138e+00,9.393939393939394478e-01,1.099454492010043971e+00,-3.474187580619224835e+00,0.000000000000000000e+00,0.000000000000000000e+00
1.545454545454545414e+00,9.393939393939394478e-01,1.102990635977347589e+00,-3.509583960058155760e+00,0.000000000000000000e+00,0.000000000000000000e+00
1.575757575757575690e+00,9.393939393939394478e-01,1.101795298283144930e+00,-3.551917177926676050e+00,0.000000000000000000e+00,0.000000000000000000e+00
1.606060606060605966e+00,9.393939393939394478e-01,1.099446936682457077e+00,-3.601304269134434133e+00,0.000000000000000000e+00,0.000000000000000000e+00
1.636363636363636465e+00,9.393939393939394478e-01,1.097322465959247983e+00,-3.656339498533962562e+00,0.000000000000000000e+00,0.000000000000000000e+00
1.666666666666666741e+00,9.393939393939394478e-01,1.095805943876581035e+00,-3.715640867156848159e+00,0.000000000000000000e+00,0.000000000000000000e+00
1.696969696969697017e+00,9.393939393939394478e-01,1.094892247083651959e+00,-3.778114588884909697e+00,0.000000000000000000e+00,0.000000000000000000e+00
1.727272727272727293e+00,9.393939393939394478e-01,1.094452335637423390e+00,-3.842943680874743695e+00,0.000000000000000000e+00,0.000000000000000000e+00
1.757575757575757569e+00,9.393939393939394478e-01,1.094339769343924518e+00,-3.909524105214996048e+00,0.000000000000000000e+00,0.000000000000000000e+00
1.787878787878787845e+00,9.393939393939394478e-01,1.094427752832793255e+00,-3.977403541048732283e+00,0.000000000000000000e+00,0.000000000000000000e+00
1.818181818181818121e+00,9.393939393939394478e-01,1.094617827003883104e+00,-4.046233932104365216e+00,0.000000000000000000e+00,0.000000000000000000e+00
1.848484848484848397e+00,9.393939393939394478e-01,1.094838209493726122e+00,-4.115737190058719186e+00,0.000000000000000000e+00,0.000000000000000000e+00
1.878787878787878896e+00,9.393939393939394478e-01,1.095039183351264045e+00,-4.185681060229849315e+00,0.000000000000000000e+00,0.000000000000000000e+00
1.909090909090909172e+00,9.393939393939394478e-01,1.095188291164876482e+00,-4.255862546620903686e+00,0.000000000000000000e+00,0.000000000000000000e+00
1.939393939393939448e+00,9.393939393939394478e-01,1.095266422746497215e+00,-4.326097343826284636e+00,0.000000000000000000e+00,0.000000000000000000e+00
1.969696969696969724e+00,9.393939393939394478e-01,1.095266846651516524e+00,-4.396213722451136618e+00,0.000000000000000000e+00,0.000000000000000000e+00
2.000000000000000000e+00,9.393939393939394478e-01,1.095207541837087906e+00,-4.466038973832485048e+00,0.000000000000000000e+00,0.000000000000000000e+00
0.000000000000000000e+00,9.696969696969697239e-01,0.000000000000000000e+00,0.000000000000000000e+00,1.000000000000000000e+00,0.000000000000000000e+00
3.030303030303030387e-02,9.696969696969697239e-01,4.602502509525815272e-02,-4.184932969196149960e-02,0.000000000000000000e+00,0.000000000000000000e+00
6.060606060606060774e-02,9.696969696969697239e-01,9.397629365736936968e-02,-8.088085986706761155e-02,0.000000000000000000e+00,0.000000000000000000e+00
9.090909090909091161e-02,9.696969696969697239e-01,1.407301359434935395e-01,-1.175799147955317175e-01,0.000000000000000000e+00,0.000000000000000000e+00
1.212121212121212155e-01,9.696969696969697239e-01,1.856069920384414984e-01,-1.532011008738416169e-01,0.000000000000000000e+00,0.000000000000000000e+00
1.515151515151515194e-01,9.696969696969697239e-01,2.286689450395072709e-01,-1.887337816460241680e-01,0.000000000000000000e+00,0.000000000000000000e+00
1.818181818181818232e-01,9.696969696969697239e-01,2.701425467386412427e-01,-2.248905254543708265e-01,0.000000000000000000e+00,0.000000000000000000e+00
2.121212121212121271e-01,9.696969696969697239e-01,3.102451876537576370e-01,-2.621656072385801783e-01,0.000000000000000000e+00,0.000000000000000000e+00
2.424242424242424310e-01,9.696969696969697239e-01,3.491442030419286691e-01,-3.008944714465624504e-01,0.000000000000000000e+00,0.000000000000000000e+00
2.727272727272727071e-01,9.696969696969697239e-01,3.869573675986891503e-01,-3.413006307163908293e-01,0.000000000000000000e+00,0.000000000000000000e+00
3.030303030303030387e-01,9.696969696969697239e-01,4.237636504270192450e-01,-3.835293756428008738e-01,0.000000000000000000e+00,0.000000000000000000e+00
3.333333333333333148e-01,9.696969696969697239e-01,4.596142693374004051e-01,-4.276710956991399692e-01,0.000000000000000000e+00,0.000000000000000000e+00
3.636363636363636465e-01,9.696969696969697239e-01,4.945414813865472992e-01,-4.737772307124101800e-01,0.000000000000000000e+00,0.000000000000000000e+00
3.939393939393939226e-01,9.696969696969697239e-01,5.285649528714151391e-01,-5.218712240091915033e-01,0.000000000000000000e+00,0.000000000000000000e+00
4.242424242424242542e-01,9.696969696969697239e-01,5.616961872651919929e-01,-5.719561407537918640e-01,0.000000000000000000e+00,0.000000000000000000e+00
4.545454545454545303e-01,9.696969696969697239e-01,5.939415429899768117e-01,-6.240200624414574682e-01,0.000000000000000000e+00,0.000000000000000000e+00
4.848484848484848619e-01,9.696969696969697239e-01,6.253042701188018526e-01,-6.780399849110123611e-01,0.000000000000000000e+00,0.000000000000000000e+00
5.151515151515151381e-01,9.696969696969697239e-01,6.557858767360947860e-01,-7.339846946701688024e-01,0.000000000000000000e+00,0.000000000000000000e+00
5.454545454545454142e-01,9.696969696969697239e-01,6.853870398865773428e-01,-7.918169359549189767e-01,0.000000000000000000e+00,0.000000000000000000e+00
5.757575757575758013e-01,9.696969696969697239e-01,7.141082069585528158e-01,-8.514950773921921012e-01,0.000000000000000000e+00,0.000000000000000000e+00
6.060606060606060774e-01,9.696969696969697239e-01,7.419499858740845610e-01,-9.129744209916741404e-01,0.000000000000000000e+00,0.000000000000000000e+00
6.363636363636363535e-01,9.696969696969697239e-01,7.689133904349241266e-01,-9.762082536386159637e-01,0.000000000000000000e+00,0.000000000000000000e+00
6.666666666666666297e-01,9.696969696969697239e-01,7.949999856160002709e-01,-1.041148713622563227e+00,0.000000000000000000e+00,0.000000000000000000e+00
6.969696969696970168e-01,9.696969696969697239e-01,8.202119629586405170e-01,-1.107747526655247228e+00,0.000000000000000000e+00,0.000000000000000000e+00
7.272727272727272929e-01,9.696969696969697239e-01,8.445521660959894872e-01,-1.175956654022196846e+00,0.000000000000000000e+00,0.000000000000000000e+00
7.575757575757575690e-01,9.696969696969697239e-01,8.680240792518481019e-01,-1.245728887996479406e+00,0.000000000000000000e+00,0.000000000000000000e+00
7.878787878787878451e-01,9.696969696969697239e-01,8.906317862252561834e-01,-1.317018425267773907e+00,0.000000000000000000e+00,0.000000000000000000e+00
8.181818181818182323e-01,9.696969696969697239e-01,9.123799031627319867e-01,-1.389781447308283457e+00,0.000000000000000000e+00,0.000000000000000000e+00
8.484848484848485084e-01,9.696969696969697239e-01,9.332734847619920115e-01,-1.463976737121809757e+00,0.000000000000000000e+00,0.000000000000000000e+00
8.787878787878787845e-01,9.696969696969697239e-01,9.533178999458482572e-01,-1.539566364878064864e+00,0.000000000000000000e+00,0.000000000000000000e+00
9.090909090909090606e-01,9.696969696969697239e-01,9.725186689583102950e-01,-1.616516481092004298e+00,0.000000000000000000e+00,0.000000000000000000e+00
9.393939393939394478e-01,9.696969696969697239e-01,9.908812485770238654e-01,-1.694798266366168704e+00,0.000000000000000000e+00,0.000000000000000000e+00
9.696969696969697239e-01,9.696969696969697239e-01,1.008410744685955152e+00,-1.774389103171623017e+00,0.000000000000000000e+00,0.000000000000000000e+00
1.000000000000000000e+00,9.696969696969697239e-01,1.025111520164306178e+00,-1.855274060908403522e+00,0.000000000000000000e+00,0.000000000000000000e+00
1.030303030303030276e+00,9.696969696969697239e-01,1.040986648131053016e+00,-1.937447826015733066e+00,0.000000000000000000e+00,0.000000000000000000e+00
1.060606060606060552e+00,9.696969696969697239e-01,1.056037131146781549e+00,-2.020917273649044610e+00,0.000000000000000000e+00,0.000000000000000000e+00
1.090909090909090828e+00,9.696969696969697239e-01,1.070260757234698046e+00,-2.105704983182505430e+00,0.000000000000000000e+00,0.000000000000000000e+00
1.121212121212121104e+00,9.696969696969697239e-01,1.083650377497571426e+00,-2.191854177120339475e+00,0.000000000000000000e+00,0.000000000000000000e+00
1.151515151515151603e+00,9.696969696969697239e-01,1.096191237970053800e+00,-2.279435869292098626e+00,0.000000000000000000e+00,0.000000000000000000e+00
1.181818181818181879e+00,9.696969696969697239e-01,1.107856724659878944e+00,-2.368559554415898827e+00,0.000000000000000000e+00,0.000000000000000000e+00
1.212121212121212155e+00,9.696969696969697239e-01,1.118601381490013980e+00,-2.459389778826174933e+00,0.000000000000000000e+00,0.000000000000000000e+00
1.242424242424242431e+00,9.696969696969697239e-01,1.128349142133438843e+00,-2.552172860407937893e+00,0.000000000000000000e+00,0.000000000000000000e+00
1.272727272727272707e+00,9.696969696969697239e-01,1.136973024138941302e+00,-2.647281868403945193e+00,0.000000000000000000e+00,0.000000000000000000e+00
1.303030303030302983e+00,9.696969696969697239e-01,1.144259453819829186e+00,-2.745296009875652921e+00,0.000000000000000000e+00,0.000000000000000000e+00
1.333333333333333259e+00,9.696969696969697239e-01,1.149845024762105261e+00,-2.847148456030360819e+00,0.000000000000000000e+00,0.000000000000000000e+00
1.363636363636363535e+00,9.696969696969697239e-01,1.153105452837663192e+00,-2.954420035264763378e+00,0.000000000000000000e+00,0.000000000000000000e+00
1.393939393939394034e+00,9.696969696969697239e-01,1.152973115753899602e+00,-3.069974449714359288e+00,0.000000000000000000e+00,0.000000000000000000e+00
1.424242424242424310e+00,9.696969696969697239e-01,1.147748329629487696e+00,-3.199479519643660730e+00,0.000000000000000000e+00,0.000000000000000000e+00
1.454545454545454586e+00,9.696969696969697239e-01,1.136493155181086845e+00,-3.354443425357727104e+00,0.000000000000000000e+00,0.000000000000000000e+00
1.484848484848484862e+00,9.696969696969697239e-01,1.161012191777405889e+00,-3.505755649144621788e+00,0.000000000000000000e+00,0.000000000000000000e+00
1.515151515151515138e+00,9.696969696969697239e-01,1.171250807404560446e+00,-3.500464715029454776e+00,0.000000000000000000e+00,0.000000000000000000e+00
1.545454545454545414e+00,9.696969696969697239e-01,1.167955145328382294e+00,-3.519227881785938816e+00,0.000000000000000000e+00,0.000000000000000000e+00
1.575757575757575690e+00,9.696969696969697239e-01,1.163528655850712301e+00,-3.555354577955651685e+00,0.000000000000000000e+00,0.000000000000000000e+00
1.606060606060605966e+00,9.696969696969697239e-01,1.160589845668135167e+00,-3.602452241181407278e+00,0.000000000000000000e+00,0.000000000000000000e+00
1.636363636363636465e+00,9.696969696969697239e-01,1.159201875482808397e+00,-3.656711316125138111e+00,0.000000000000000000e+00,0.000000000000000000e+00
1.666666666666666741e+00,9.696969696969697239e-01,1.158925555832450494e+00,-3.715805344958885925e+00,0.000000000000000000e+00,0.000000000000000000e+00
1.696969696969697017e+00,9.696969696969697239e-01,1.159333061701143253e+00,-3.778263512260374046e+00,0.000000000000000000e+00,0.000000000000000000e+00
1.727272727272727293e+00,9.696969696969697239e-01,1.160106353357400311e+00,-3.843122396874840696e+00,0.000000000000000000e+00,0.000000000000000000e+00
1.757575757575757569e+00,9.696969696969697239e-01,1.161029548063723826e+00,-3.909725740898407409e+00,0.000000000000000000e+00,0.000000000000000000e+00
1.787878787878787845e+00,9.696969696969697239e-01,1.161962111953600774e+00,-3.977606526546502597e+00,0.000000000000000000e+00,0.000000000000000000e+00
1.818181818181818121e+00,9.696969696969697239e-01,1.162815337286432937e+00,-4.046415970955271391e+00,0.000000000000000000e+00,0.000000000000000000e+00
1.848484848484848397e+00,9.696969696969697239e-01,1.163535955927841314e+00,-4.115879660452792521e+00,0.000000000000000000e+00,0.000000000000000000e+00
1.878787878787878896e+00,9.696969696969697239e-01,1.164095957958684702e+00,-4.185769737791790845e+00,0.000000000000000000e+00,0.000000000000000000e+00
1.909090909090909172e+00,9.696969696969697239e-01,1.164486927126803240e+00,-4.255887241937791110e+00,0.000000000000000000e+00,0.000000000000000000e+00
1.939393939393939448e+00,9.696969696969697239e-01,1.164717396678278449e+00,-4.326052394607831530e+00,0.000000000000000000e+00,0.000000000000000000e+00
1.969696969696969724e+00,9.696969696969697239e-01,1.164812059681761713e+00,-4.396104718367055852e+00,0.000000000000000000e+00,0.000000000000000000e+00
2.000000000000000000e+00,9.696969696969697239e-01,1.164814612095648405e+00,-4.465920609711815814e+00,0.000000000000000000e+00,0.000000000000000000e+00
0.000000000000000000e+00,1.000000000000000000e+00,0.000000000000000000e+00,0.000000000000000000e+00,1.000000000000000000e+00,0.000000000000000000e+00
3.030303030303030387e-02,1.000000000000000000e+00,6.318596349772616361e-02,-5.886088932606930307e-02,0.000000000000000000e+00,0.000000000000000000e+00
6.060606060606060774e-02,1.000000000000000000e+00,1.197237391386127420e-01,-1.001194333891441135e-01,0.000000000000000000e+00,0.000000000000000000e+00
9.090909090909091161e-02,1.000000000000000000e+00,1.702727058432214613e-01,-1.368841462854500368e-01,0.000000000000000000e+00,0.000000000000000000e+00
1.212121212121212155e-01,1.000000000000000000e+00,2.171963363301475658e-01,-1.720573948700935274e-01,0.000000000000000000e+00,0.000000000000000000e+00
1.515151515151515194e-01,1.000000000000000000e+00,2.618060894105878056e-01,-2.070415620573971272e-01,0.000000000000000000e+00,0.000000000000000000e+00
1.818181818181818232e-01,1.000000000000000000e+00,3.047858257753430222e-01,-2.426654581549546885e-01,0.000000000000000000e+00,0.000000000000000000e+00
2.121212121212121271e-01,1.000000000000000000e+00,3.464935572038186362e-01,-2.794480181308067190e-01,0.000000000000000000e+00,0.000000000000000000e+00
2.424242424242424310e-01,1.000000000000000000e+00,3.871182418242777867e-01,-3.177215565622406590e-01,0.000000000000000000e+00,0.000000000000000000e+00
2.727272727272727071e-01,1.000000000000000000e+00,4.267594120604212837e-01,-3.577000815992394944e-01,0.000000000000000000e+00,0.000000000000000000e+00
3.030303030303030387e-01,1.000000000000000000e+00,4.654682290952775747e-01,-3.995197961081354276e-01,0.000000000000000000e+00,0.000000000000000000e+00
3.333333333333333148e-01,1.000000000000000000e+00,5.032692084330596671e-01,-4.432640948317302931e-01,0.000000000000000000e+00,0.000000000000000000e+00
3.636363636363636465e-01,1.000000000000000000e+00,5.401720729853319858e-01,-4.889795227168778902e-01,0.000000000000000000e+00,0.000000000000000000e+00
3.939393939393939226e-01,1.000000000000000000e+00,5.761784265249524362e-01,-5.366862987532745599e-01,0.000000000000000000e+00,0.000000000000000000e+00
4.242424242424242542e-01,1.000000000000000000e+00,6.112856222429328135e-01,-5.863854792487313006e-01,0.000000000000000000e+00,0.000000000000000000e+00
4.545454545454545303e-01,1.000000000000000000e+00,6.454890593211953798e-01,-6.380639833249078796e-01,0.000000000000000000e+00,0.000000000000000000e+00
4.848484848484848619e-01,1.000000000000000000e+00,6.787835674736095726e-01,-6.916982191229160692e-01,0.000000000000000000e+00,0.000000000000000000e+00
5.151515151515151381e-01,1.000000000000000000e+00,7.111642450508620650e-01,-7.472567683687223461e-01,0.000000000000000000e+00,0.000000000000000000e+00
5.454545454545454142e-01,1.000000000000000000e+00,7.426269607763803515e-01,-8.047024209501463243e-01,0.000000000000000000e+00,0.000000000000000000e+00
5.757575757575758013e-01,1.000000000000000000e+00,7.731686443173055867e-01,-8.639937510360892192e-01,0.000000000000000000e+00,0.000000000000000000e+00
6.060606060606060774e-01,1.000000000000000000e+00,8.027874429134378431e-01,-9.250863645961008297e-01,0.000000000000000000e+00,0.000000000000000000e+00
6.363636363636363535e-01,1.000000000000000000e+00,8.314827931175290399e-01,-9.879339093882651968e-01,0.000000000000000000e+00,0.000000000000000000e+00
6.666666666666666297e-01,1.000000000000000000e+00,8.592554395218918728e-01,-1.052488913623417455e+00,0.000000000000000000e+00,0.000000000000000000e+00
6.969696969696970168e-01,1.000000000000000000e+00,8.861074214854460784e-01,-1.118703503370892527e+00,0.000000000000000000e+00,0.000000000000000000e+00
7.272727272727272929e-01,1.000000000000000000e+00,9.120420417862480367e-01,-1.186530038283639232e+00,0.000000000000000000e+00,0.000000000000000000e+00
7.575757575757575690e-01,1.000000000000000000e+00,9.370638263786460476e-01,-1.255921698595315661e+00,0.000000000000000000e+00,0.000000000000000000e+00
7.878787878787878451e-01,1.000000000000000000e+00,9.611784812049075644e-01,-1.326833052562198967e+00,0.000000000000000000e+00,0.000000000000000000e+00
8.181818181818182323e-01,1.000000000000000000e+00,9.843928498062597399e-01,-1.399220632080774296e+00,0.000000000000000000e+00,0.000000000000000000e+00
8.484848484848485084e-01,1.000000000000000000e+00,1.006714873998611814e+00,-1.473043544975919161e+00,0.000000000000000000e+00,0.000000000000000000e+00
8.787878787878787845e-01,1.000000000000000000e+00,1.028153558942242363e+00,-1.548264155628585659e+00,0.000000000000000000e+00,0.000000000000000000e+00
9.090909090909090606e-01,1.000000000000000000e+00,1.048718943439022055e+00,-1.624848871773715731e+00,0.000000000000000000e+00,0.000000000000000000e+00
9.393939393939394478e-01,1.000000000000000000e+00,1.068422076189152081e+00,-1.702769085531260718e+00,0.000000000000000000e+00,0.000000000000000000e+00
9.696969696969697239e-01,1.000000000000000000e+00,1.087274999031194289e+00,-1.782002332884733864e+00,0.000000000000000000e+00,0.000000000000000000e+00
1.000000000000000000e+00,1.000000000000000000e+00,1.105290738900813086e+00,-1.862533760995270571e+00,0.000000000000000000e+00,0.000000000000000000e+00
1.030303030303030276e+00,1.000000000000000000e+00,1.122483311374906867e+00,-1.944358032176475959e+00,0.000000000000000000e+00,0.000000000000000000e+00
1.060606060606060552e+00,1.000000000000000000e+00,1.138867740018348451e+00,-2.027481856074949018e+00,0.000000000000000000e+00,0.000000000000000000e+00
1.090909090909090828e+00,1.000000000000000000e+00,1.154460096406193736e+00,-2.111927443477103150e+00,0.000000000000000000e+00,0.000000000000000000e+00
1.121212121212121104e+00,1.000000000000000000e+00,1.169277562575014695e+00,-2.197737344856258712e+00,0.000000000000000000e+00,0.000000000000000000e+00
1.151515151515151603e+00,1.000000000000000000e+00,1.183338501538854004e+00,-2.284981427452733804e+00,0.000000000000000000e+00,0.000000000000000000e+00
1.181818181818181879e+00,1.000000000000000000e+00,1.196662466275256520e+00,-2.373767257851682189e+00,0.000000000000000000e+00,0.000000000000000000e+00
1.212121212121212155e+00,1.000000000000000000e+00,1.209269911343165971e+00,-2.464256092711087476e+00,0.000000000000000000e+00,0.000000000000000000e+00
1.242424242424242431e+00,1.000000000000000000e+00,1.221180898173686247e+00,-2.556688447511669793e+00,0.000000000000000000e+00,0.000000000000000000e+00
1.272727272727272707e+00,1.000000000000000000e+00,1.232410770416249246e+00,-2.651426688896484141e+00,0.000000000000000000e+00,0.000000000000000000e+00
1.303030303030302983e+00,1.000000000000000000e+00,1.242957138130951211e+00,-2.749029289385820807e+00,0.000000000000000000e+00,0.000000000000000000e+00
1.333333333333333259e+00,1.000000000000000000e+00,1.252762314183672121e+00,-2.850387375879738450e+00,0.000000000000000000e+00,0.000000000000000000e+00
1.363636363636363535e+00,1.000000000000000000e+00,1.261605781806260707e+00,-2.956993948582440801e+00,0.000000000000000000e+00,0.000000000000000000e+00
1.393939393939394034e+00,1.000000000000000000e+00,1.268789452918340999e+00,-3.071534805274466873e+00,0.000000000000000000e+00,0.000000000000000000e+00
1.424242424242424310e+00,1.000000000000000000e+00,1.272150909268811692e+00,-3.199470480183036702e+00,0.000000000000000000e+00,0.000000000000000000e+00
1.454545454545454586e+00,1.000000000000000000e+00,1.264358546118403481e+00,-3.355454845254363327e+00,0.000000000000000000e+00,0.000000000000000000e+00
1.484848484848484862e+00,1.000000000000000000e+00,1.210165754544227257e+00,-3.620153909934005210e+00,0.000000000000000000e+00,1.000000000000000000e+00
1.515151515151515138e+00,1.000000000000000000e+00,1.218867697262178140e+00,-3.517097502997430958e+00,0.000000000000000000e+00,0.000000000000000000e+00
1.545454545454545414e+00,1.000000000000000000e+00,1.212795093073080421e+00,-3.522684921770403488e+00,0.000000000000000000e+00,0.000000000000000000e+00
1.575757575757575690e+00,1.000000000000000000e+00,1.211767964288191557e+00,-3.556178864613314339e+00,0.000000000000000000e+00,0.000000000000000000e+00
1.606060606060605966e+00,1.000000000000000000e+00,1.213520362094244076e+00,-3.602853312260063223e+00,0.000000000000000000e+00,0.000000000000000000e+00
1.636363636363636465e+00,1.000000000000000000e+00,1.216360647153889252e+00,-3.657174253130444086e+00,0.000000000000000000e+00,0.000000000000000000e+00
1.666666666666666741e+00,1.000000000000000000e+00,1.219470924437230375e+00,-3.716380547635921516e+00,0.000000000000000000e+00,0.000000000000000000e+00
1.696969696969697017e+00,1.000000000000000000e+00,1.222479568297802688e+00,-3.778901371499015838e+00,0.000000000000000000e+00,0.000000000000000000e+00
1.727272727272727293e+00,1.000000000000000000e+00,1.225221251559714286e+00,-3.843764564328569389e+00,0.000000000000000000e+00,0.000000000000000000e+00
1.757575757575757569e+00,1.000000000000000000e+00,1.227624474760998563e+00,-3.910326548653559886e+00,0.000000000000000000e+00,0.000000000000000000e+00
1.787878787878787845e+00,1.000000000000000000e+00,1.229660912751543878e+00,-3.978134766714268800e+00,0.000000000000000000e+00,0.000000000000000000e+00
1.818181818181818121e+00,1.000000000000000000e+00,1.231323197767894451e+00,-4.046852266690659228e+00,0.000000000000000000e+00,0.000000000000000000e+00
1.848484848484848397e+00,1.000000000000000000e+00,1.232615980595118454e+00,-4.116213884258190348e+00,0.000000000000000000e+00,0.000000000000000000e+00
1.878787878787878896e+00,1.000000000000000000e+00,1.233553766299276599e+00,-4.185999626130967322e+00,0.000000000000000000e+00,0.000000000000000000e+00
1.909090909090909172e+00,1.000000000000000000e+00,1.234163038915951471e+00,-4.256018458080010447e+00,0.000000000000000000e+00,0.000000000000000000e+00
1.939393939393939448e+00,1.000000000000000000e+00,1.234488024243081794e+00,-4.326100174730280301e+00,0.000000000000000000e+00,0.000000000000000000e+00
1.969696969696969724e+00,1.000000000000000000e+00,1.234599728302586241e+00,-4.396097607596882284e+00,0.000000000000000000e+00,0.000000000000000000e+00
2.000000000000000000e+00,1.000000000000000000e+00,1.234604196965377154e+00,-4.465913608628865106e+00,0.000000000000000000e+00,0.000000000000000000e+00
