X,Y,UX,UY,BOUNDARY,FORCE,MODULUS
0.000000000000000000e+00,0.000000000000000000e+00,0.000000000000000000e+00,0.000000000000000000e+00,1.000000000000000000e+00,0.000000000000000000e+00,2.000000000000000000e+04
3.030303030303030387e-02,0.000000000000000000e+00,-1.194189219673416104e-02,-1.201030105150173444e-02,0.000000000000000000e+00,0.000000000000000000e+00,2.000000000000000000e+04
6.060606060606060774e-02,0.000000000000000000e+00,-2.054037899725474209e-02,-2.082101399416716458e-02,0.000000000000000000e+00,0.000000000000000000e+00,2.000000000000000000e+04
9.090909090909091161e-02,0.000000000000000000e+00,-2.754100214666414456e-02,-2.902148587672350941e-02,0.000000000000000000e+00,0.000000000000000000e+00,2.000000000000000000e+04
1.212121212121212155e-01,0.000000000000000000e+00,-3.350167639040960849e-02,-3.696473998362993785e-02,0.000000000000000000e+00,0.000000000000000000e+00,2.000000000000000000e+04
1.515151515151515194e-01,0.000000000000000000e+00,-3.868917755922277046e-02,-4.475115901694633885e-02,0.000000000000000000e+00,0.000000000000000000e+00,2.000000000000000000e+04
1.818181818181818232e-01,0.000000000000000000e+00,-4.325477791106825676e-02,-5.241955377411147005e-02,0.000000000000000000e+00,0.000000000000000000e+00,2.000000000000000000e+04
2.121212121212121271e-01,0.000000000000000000e+00,-4.729445392596089148e-02,-5.998516224352000437e-02,0.000000000000000000e+00,0.000000000000000000e+00,2.000000000000000000e+04
2.424242424242424310e-01,0.000000000000000000e+00,-5.087468377782443374e-02,-6.745194622721437105e-02,0.000000000000000000e+00,0.000000000000000000e+00,2.000000000000000000e+04
2.727272727272727071e-01,0.000000000000000000e+00,-5.404488805600343726e-02,-7.481789856285338269e-02,0.000000000000000000e+00,0.000000000000000000e+00,2.000000000000000000e+04
3.030303030303030387e-01,0.000000000000000000e+00,-5.684396310602431862e-02,-8.207773081077474053e-02,0.000000000000000000e+00,0.000000000000000000e+00,2.000000000000000000e+04
3.333333333333333148e-01,0.000000000000000000e+00,-5.930397032305520510e-02,-8.922436417115085783e-02,0.000000000000000000e+00,0.000000000000000000e+00,2.000000000000000000e+04
3.636363636363636465e-01,0.000000000000000000e+00,-6.145236048570770077e-02,-9.624980943798741584e-02,0.000000000000000000e+00,0.000000000000000000e+00,2.000000000000000000e+04
3.939393939393939226e-01,0.000000000000000000e+00,-6.331339663405072260e-02,-1.031457164421693412e-01,0.000000000000000000e+00,0.000000000000000000e+00,2.000000000000000000e+04
4.242424242424242542e-01,0.000000000000000000e+00,-6.490911312704823743e-02,-1.099037400841177126e-01,0.000000000000000000e+00,0.000000000000000000e+00,2.000000000000000000e+04
4.545454545454545303e-01,0.000000000000000000e+00,-6.625999165092352761e-02,-1.165158047002099878e-01,0.000000000000000000e+00,0.000000000000000000e+00,2.000000000000000000e+04
4.848484848484848619e-01,0.000000000000000000e+00,-6.738545558181992245e-02,-1.229743141823198133e-01,0.000000000000000000e+00,0.000000000000000000e+00,2.000000000000000000e+04
5.151515151515151381e-01,0.000000000000000000e+00,-6.830424196064817377e-02,-1.292723365012756476e-01,0.000000000000000000e+00,0.000000000000000000e+00,2.000000000000000000e+04
5.454545454545454142e-01,0.000000000000000000e+00,-6.903468681997833312e-02,-1.354037808032776680e-01,0.000000000000000000e+00,0.000000000000000000e+00,2.000000000000000000e+04
5.757575757575758013e-01,0.000000000000000000e+00,-6.959494574105343223e-02,-1.413635793762149651e-01,0.000000000000000000e+00,0.000000000000000000e+00,2.000000000000000000e+04
6.060606060606060774e-01,0.000000000000000000e+00,-7.000316278001167403e-02,-1.471478835711543809e-01,0.000000000000000000e+00,0.000000000000000000e+00,2.000000000000000000e+04
6.363636363636363535e-01,0.000000000000000000e+00,-7.027759485580721555e-02,-1.527542811435929626e-01,0.000000000000000000e+00,0.000000000000000000e+00,2.000000000000000000e+04
6.666666666666666297e-01,0.000000000000000000e+00,-7.043669390767759442e-02,-1.581820418355262547e-01,0.000000000000000000e+00,0.000000000000000000e+00,2.000000000000000000e+04
6.969696969696970168e-01,0.000000000000000000e+00,-7.049914461592191040e-02,-1.634323979555133144e-01,0.000000000000000000e+00,0.000000000000000000e+00,2.000000000000000000e+04
7.272727272727272929e-01,0.000000000000000000e+00,-7.048385035382098707e-02,-1.685088668743677520e-01,0.000000000000000000e+00,0.000000000000000000e+00,2.000000000000000000e+04
7.575757575757575690e-01,0.000000000000000000e+00,-7.040985327290132101e-02,-1.734176222229165121e-01,0.000000000000000000e+00,0.000000000000000000e+00,2.000000000000000000e+04
7.878787878787878451e-01,0.000000000000000000e+00,-7.029616457268611507e-02,-1.781679191135557005e-01,0.000000000000000000e+00,0.000000000000000000e+00,2.000000000000000000e+04
8.181818181818182323e-01,0.000000000000000000e+00,-7.016146584221459592e-02,-1.827725735247379135e-01,0.000000000000000000e+00,0.000000000000000000e+00,2.000000000000000000e+04
8.484848484848485084e-01,0.000000000000000000e+00,-7.002361835201979801e-02,-1.872484813543531801e-01,0.000000000000000000e+00,0.000000000000000000e+00,2.000000000000000000e+04
8.787878787878787845e-01,0.000000000000000000e+00,-6.989887872590221096e-02,-1.916171241999989061e-01,0.000000000000000000e+00,0.000000000000000000e+00,2.000000000000000000e+04
9.090909090909090606e-01,0.000000000000000000e+00,-6.980065758103914941e-02,-1.959049085162934412e-01,0.000000000000000000e+00,0.000000000000000000e+00,2.000000000000000000e+04
9.393939393939394478e-01,0.000000000000000000e+00,-6.973755601518265290e-02,-2.001429117127719315e-01,0.000000000000000000e+00,0.000000000000000000e+00,2.000000000000000000e+04
9.696969696969697239e-01,0.000000000000000000e+00,-6.971022688954313373e-02,-2.043648012443134154e-01,0.000000000000000000e+00,0.000000000000000000e+00,2.000000000000000000e+04
1.000000000000000000e+00,0.000000000000000000e+00,-6.970625339420624678e-02,-2.085992068099629948e-01,0.000000000000000000e+00,0.000000000000000000e+00,2.000000000000000000e+04
0.000000000000000000e+00,3.030303030303030387e-02,0.000000000000000000e+00,0.000000000000000000e+00,1.000000000000000000e+00,0.000000000000000000e+00,2.000000000000000000e+04
3.030303030303030387e-02,3.030303030303030387e-02,-6.838081470226268707e-03,-8.472631540716916987e-03,0.000000000000000000e+00,0.000000000000000000e+00,2.000000000000000000e+04
6.060606060606060774e-02,3.030303030303030387e-02,-1.429765074612602237e-02,-1.771875502162080854e-02,0.000000000000000000e+00,0.000000000000000000e+00,2.000000000000000000e+04
9.090909090909091161e-02,3.030303030303030387e-02,-2.086922947275086926e-02,-2.634594468654709309e-02,0.000000000000000000e+00,0.000000000000000000e+00,2.000000000000000000e+04
1.212121212121212155e-01,3.030303030303030387e-02,-2.664752772335736083e-02,-3.462505500472853187e-02,0.000000000000000000e+00,0.000000000000000000e+00,2.000000000000000000e+04
1.515151515151515194e-01,3.030303030303030387e-02,-3.175997561499528665e-02,-4.268536602050283096e-02,0.000000000000000000e+00,0.000000000000000000e+00,2.000000000000000000e+04
1.818181818181818232e-01,3.030303030303030387e-02,-3.630514515494791261e-02,-5.058585796061212947e-02,0.000000000000000000e+00,0.000000000000000000e+00,2.000000000000000000e+04
2.121212121212121271e-01,3.030303030303030387e-02,-4.035711814269848929e-02,-5.835386541602151367e-02,0.000000000000000000e+00,0.000000000000000000e+00,2.000000000000000000e+04
2.424242424242424310e-01,3.030303030303030387e-02,-4.397256538578973861e-02,-6.600078567332534618e-02,0.000000000000000000e+00,0.000000000000000000e+00,2.000000000000000000e+04
2.727272727272727071e-01,3.030303030303030387e-02,-4.719609139605455278e-02,-7.352937399801712237e-02,0.000000000000000000e+00,0.000000000000000000e+00,2.000000000000000000e+04
3.030303030303030387e-01,3.030303030303030387e-02,-5.006391566578420604e-02,-8.093751065989478188e-02,0.000000000000000000e+00,0.000000000000000000e+00,2.000000000000000000e+04
3.333333333333333148e-01,3.030303030303030387e-02,-5.260636950006601642e-02,-8.822029069532998091e-02,0.000000000000000000e+00,0.000000000000000000e+00,2.000000000000000000e+04
3.636363636363636465e-01,3.030303030303030387e-02,-5.484960220462286457e-02,-9.537124904580253359e-02,0.000000000000000000e+00,0.000000000000000000e+00,2.000000000000000000e+04
3.939393939393939226e-01,3.030303030303030387e-02,-5.681676696954812006e-02,-1.023831173864781646e-01,0.000000000000000000e+00,0.000000000000000000e+00,2.000000000000000000e+04
4.242424242424242542e-01,3.030303030303030387e-02,-5.852886257857008168e-02,-1.092483200190601939e-01,0.000000000000000000e+00,0.000000000000000000e+00,2.000000000000000000e+04
4.545454545454545303e-01,3.030303030303030387e-02,-6.000534388482516024e-02,-1.159593229274898801e-01,0.000000000000000000e+00,0.000000000000000000e+00,2.000000000000000000e+04
4.848484848484848619e-01,3.030303030303030387e-02,-6.126457336006779081e-02,-1.225089014133679266e-01,0.000000000000000000e+00,0.000000000000000000e+00,2.000000000000000000e+04
5.151515151515151381e-01,3.030303030303030387e-02,-6.232416017138817793e-02,-1.288903653621946976e-01,0.000000000000000000e+00,0.000000000000000000e+00,2.000000000000000000e+04
5.454545454545454142e-01,3.030303030303030387e-02,-6.320121668403165527e-02,-1.350977665745188294e-01,0.000000000000000000e+00,0.000000000000000000e+00,2.000000000000000000e+04
5.757575757575758013e-01,3.030303030303030387e-02,-6.391255146901408946e-02,-1.411261044197948678e-01,0.000000000000000000e+00,0.000000000000000000e+00,2.000000000000000000e+04
6.060606060606060774e-01,3.030303030303030387e-02,-6.447481056112770725e-02,-1.469715415601786923e-01,0.000000000000000000e+00,0.000000000000000000e+00,2.000000000000000000e+04
6.363636363636363535e-01,3.030303030303030387e-02,-6.490457344780324600e-02,-1.526316391492010538e-01,0.000000000000000000e+00,0.000000000000000000e+00,2.000000000000000000e+04
6.666666666666666297e-01,3.030303030303030387e-02,-6.521840615957358311e-02,-1.581056198952839886e-01,0.000000000000000000e+00,0.000000000000000000e+00,2.000000000000000000e+04
6.969696969696970168e-01,3.030303030303030387e-02,-6.543287027320601745e-02,-1.633946671700626241e-01,0.000000000000000000e+00,0.000000000000000000e+00,2.000000000000000000e+04
7.272727272727272929e-01,3.030303030303030387e-02,-6.556448322313412902e-02,-1.685022685060365011e-01,0.000000000000000000e+00,0.000000000000000000e+00,2.000000000000000000e+04
7.575757575757575690e-01,3.030303030303030387e-02,-6.562962180747655694e-02,-1.734346117985197389e-01,0.000000000000000000e+00,0.000000000000000000e+00,2.000000000000000000e+04
7.878787878787878451e-01,3.030303030303030387e-02,-6.564435714741702343e-02,-1.782010412328373095e-01,0.000000000000000000e+00,0.000000000000000000e+00,2.000000000000000000e+04
8.181818181818182323e-01,3.030303030303030387e-02,-6.562420593315160255e-02,-1.828145751058650736e-01,0.000000000000000000e+00,0.000000000000000000e+00,2.000000000000000000e+04
8.484848484848485084e-01,3.030303030303030387e-02,-6.558378038082730843e-02,-1.872924742300243472e-01,0.000000000000000000e+00,0.000000000000000000e+00,2.000000000000000000e+04
8.787878787878787845e-01,3.030303030303030387e-02,-6.553631896620590314e-02,-1.916568161728115782e-01,0.000000000000000000e+00,0.000000000000000000e+00,2.000000000000000000e+04
9.090909090909090606e-01,3.030303030303030387e-02,-6.549308017179635011e-02,-1.959349515583307388e-01,0.000000000000000000e+00,0.000000000000000000e+00,2.000000000000000000e+04
9.393939393939394478e-01,3.030303030303030387e-02,-6.546256416259364774e-02,-2.001595342664850286e-01,0.000000000000000000e+00,0.000000000000000000e+00,2.000000000000000000e+04
9.696969696969697239e-01,3.030303030303030387e-02,-6.544939576742984932e-02,-2.043673787725860391e-01,0.000000000000000000e+00,0.000000000000000000e+00,2.000000000000000000e+04
1.000000000000000000e+00,3.030303030303030387e-02,-6.545198035187235752e-02,-2.085952333146261495e-01,0.000000000000000000e+00,0.000000000000000000e+00,2.000000000000000000e+04
0.000000000000000000e+00,6.060606060606060774e-02,0.000000000000000000e+00,0.000000000000000000e+00,1.000000000000000000e+00,0.000000000000000000e+00,2.000000000000000000e+04
3.030303030303030387e-02,6.060606060606060774e-02,-5.115069617916654342e-03,-7.211681191946474508e-03,0.000000000000000000e+00,0.000000000000000000e+00,2.000000000000000000e+04
6.060606060606060774e-02,6.060606060606060774e-02,-1.068484241453447788e-02,-1.555066922839081454e-02,0.000000000000000000e+00,0.000000000000000000e+00,2.000000000000000000e+04
9.090909090909091161e-02,6.060606060606060774e-02,-1.627480081647636120e-02,-2.412488595741866387e-02,0.000000000000000000e+00,0.000000000000000000e+00,2.000000000000000000e+04
1.212121212121212155e-01,6.060606060606060774e-02,-2.148805607632892772e-02,-3.253658861197056273e-02,0.000000000000000000e+00,0.000000000000000000e+00,2.000000000000000000e+04
1.515151515151515194e-01,6.060606060606060774e-02,-2.625450736182988534e-02,-4.076968280556281243e-02,0.000000000000000000e+00,0.000000000000000000e+00,2.000000000000000000e+04
1.818181818181818232e-01,6.060606060606060774e-02,-3.058227805127996038e-02,-4.884567519508344752e-02,0.000000000000000000e+00,0.000000000000000000e+00,2.000000000000000000e+04
2.121212121212121271e-01,6.060606060606060774e-02,-3.449883290436545763e-02,-5.678112329175254158e-02,0.000000000000000000e+00,0.000000000000000000e+00,2.000000000000000000e+04
2.424242424242424310e-01,6.060606060606060774e-02,-3.803489976404049455e-02,-6.458467621215824295e-02,0.000000000000000000e+00,0.000000000000000000e+00,2.000000000000000000e+04
2.727272727272727071e-01,6.060606060606060774e-02,-4.121973086954585502e-02,-7.225894549892615537e-02,0.000000000000000000e+00,0.000000000000000000e+00,2.000000000000000000e+04
3.030303030303030387e-01,6.060606060606060774e-02,-4.407992575335408642e-02,-7.980246213849755132e-02,0.000000000000000000e+00,0.000000000000000000e+00,2.000000000000000000e+04
3.333333333333333148e-01,6.060606060606060774e-02,-4.663943510652936164e-02,-8.721112895698236722e-02,0.000000000000000000e+00,0.000000000000000000e+00,2.000000000000000000e+04
3.636363636363636465e-01,6.060606060606060774e-02,-4.891992567688019378e-02,-9.447922665206391624e-02,0.000000000000000000e+00,0.000000000000000000e+00,2.000000000000000000e+04
3.939393939393939226e-01,6.060606060606060774e-02,-5.094121351208889814e-02,-1.016001067373982769e-01,0.000000000000000000e+00,0.000000000000000000e+00,2.000000000000000000e+04
4.242424242424242542e-01,6.060606060606060774e-02,-5.272166553249198195e-02,-1.085666807043813159e-01,0.000000000000000000e+00,0.000000000000000000e+00,2.000000000000000000e+04
4.545454545454545303e-01,6.060606060606060774e-02,-5.427854140098410662e-02,-1.153717818680045498e-01,0.000000000000000000e+00,0.000000000000000000e+00,2.000000000000000000e+04
4.848484848484848619e-01,6.060606060606060774e-02,-5.562827363483104776e-02,-1.220084509625744690e-01,0.000000000000000000e+00,0.000000000000000000e+00,2.000000000000000000e+04
5.151515151515151381e-01,6.060606060606060774e-02,-5.678669204060252801e-02,-1.284701793694029703e-01,0.000000000000000000e+00,0.000000000000000000e+00,2.000000000000000000e+04
5.454545454545454142e-01,6.060606060606060774e-02,-5.776919990034582592e-02,-1.347511328613721637e-01,0.000000000000000000e+00,0.000000000000000000e+00,2.000000000000000000e+04
5.757575757575758013e-01,6.060606060606060774e-02,-5.859090828193967704e-02,-1.408463719519684187e-01,0.000000000000000000e+00,0.000000000000000000e+00,2.000000000000000000e+04
6.060606060606060774e-01,6.060606060606060774e-02,-5.926673310599763628e-02,-1.467520808920741993e-01,0.000000000000000000e+00,0.000000000000000000e+00,2.000000000000000000e+04
6.363636363636363535e-01,6.060606060606060774e-02,-5.981145782056768168e-02,-1.524658150998756956e-01,0.000000000000000000e+00,0.000000000000000000e+00,2.000000000000000000e+04
6.666666666666666297e-01,6.060606060606060774e-02,-6.023976294962300054e-02,-1.579867756944947355e-01,0.000000000000000000e+00,0.000000000000000000e+00,2.000000000000000000e+04
6.969696969696970168e-01,6.060606060606060774e-02,-6.056622250993067003e-02,-1.633161193593870575e-01,0.000000000000000000e+00,0.000000000000000000e+00,2.000000000000000000e+04
7.272727272727272929e-01,6.060606060606060774e-02,-6.080526647614407920e-02,-1.684573115353890371e-01,0.000000000000000000e+00,0.000000000000000000e+00,2.000000000000000000e+04
7.575757575757575690e-01,6.060606060606060774e-02,-6.097110836973553688e-02,-1.734165303274353143e-01,0.000000000000000000e+00,0.000000000000000000e+00,2.000000000000000000e+04
7.878787878787878451e-01,6.060606060606060774e-02,-6.107763806167187948e-02,-1.782031264799969206e-01,0.000000000000000000e+00,0.000000000000000000e+00,2.000000000000000000e+04
8.181818181818182323e-01,6.060606060606060774e-02,-6.113828249822444300e-02,-1.828301394895037180e-01,0.000000000000000000e+00,0.000000000000000000e+00,2.000000000000000000e+04
8.484848484848485084e-01,6.060606060606060774e-02,-6.116584138175661794e-02,-1.873148581190737794e-01,0.000000000000000000e+00,0.000000000000000000e+00,2.000000000000000000e+04
8.787878787878787845e-01,6.060606060606060774e-02,-6.117230893690293186e-02,-1.916793900040515419e-01,0.000000000000000000e+00,0.000000000000000000e+00,2.000000000000000000e+04
9.090909090909090606e-01,6.060606060606060774e-02,-6.116868797321533407e-02,-1.959511631715213920e-01,0.000000000000000000e+00,0.000000000000000000e+00,2.000000000000000000e+04
9.393939393939394478e-01,6.060606060606060774e-02,-6.116475975622193140e-02,-2.001632228433423422e-01,0.000000000000000000e+00,0.000000000000000000e+00,2.000000000000000000e+04
9.696969696969697239e-01,6.060606060606060774e-02,-6.116861150124310725e-02,-2.043541645614848079e-01,0.000000000000000000e+00,0.000000000000000000e+00,2.000000000000000000e+04
1.000000000000000000e+00,6.060606060606060774e-02,-6.118524419670482578e-02,-2.085679183013264548e-01,0.000000000000000000e+00,0.000000000000000000e+00,2.000000000000000000e+04
0.000000000000000000e+00,9.090909090909091161e-02,0.000000000000000000e+00,0.000000000000000000e+00,1.000000000000000000e+00,0.000000000000000000e+00,2.000000000000000000e+04
3.030303030303030387e-02,9.090909090909091161e-02,-4.174528735461787224e-03,-6.652019899951741068e-03,0.000000000000000000e+00,0.000000000000000000e+00,2.000000000000000000e+04
6.060606060606060774e-02,9.090909090909091161e-02,-8.601858549818939062e-03,-1.435281260891944216e-02,0.000000000000000000e+00,0.000000000000000000e+00,2.000000000000000000e+04
9.090909090909091161e-02,9.090909090909091161e-02,-1.317678879045182036e-02,-2.255378551399865941e-02,0.000000000000000000e+00,0.000000000000000000e+00,2.000000000000000000e+04
1.212121212121212155e-01,9.090909090909091161e-02,-1.768179243458449859e-02,-3.087609659809909674e-02,0.000000000000000000e+00,0.000000000000000000e+00,2.000000000000000000e+04
1.515151515151515194e-01,9.090909090909091161e-02,-2.195784521872481271e-02,-3.914508317927821446e-02,0.000000000000000000e+00,0.000000000000000000e+00,2.000000000000000000e+04
1.818181818181818232e-01,9.090909090909091161e-02,-2.594225990933394371e-02,-4.730955317187505310e-02,0.000000000000000000e+00,0.000000000000000000e+00,2.000000000000000000e+04
2.121212121212121271e-01,9.090909090909091161e-02,-2.961727896870636201e-02,-5.535462599157609659e-02,0.000000000000000000e+00,0.000000000000000000e+00,2.000000000000000000e+04
2.424242424242424310e-01,9.090909090909091161e-02,-3.298479459659805352e-02,-6.327471961013231283e-02,0.000000000000000000e+00,0.000000000000000000e+00,2.000000000000000000e+04
2.727272727272727071e-01,9.090909090909091161e-02,-3.605520498683461444e-02,-7.106576798202798861e-02,0.000000000000000000e+00,0.000000000000000000e+00,2.000000000000000000e+04
3.030303030303030387e-01,9.090909090909091161e-02,-3.884239414301965398e-02,-7.872311736523730785e-02,0.000000000000000000e+00,0.000000000000000000e+00,2.000000000000000000e+04
3.333333333333333148e-01,9.090909090909091161e-02,-4.136144224420189308e-02,-8.624115705012409816e-02,0.000000000000000000e+00,0.000000000000000000e+00,2.000000000000000000e+04
3.636363636363636465e-01,9.090909090909091161e-02,-4.362760106621176026e-02,-9.361346732909722745e-02,0.000000000000000000e+00,0.000000000000000000e+00,2.000000000000000000e+04
3.939393939393939226e-01,9.090909090909091161e-02,-4.565586852526275913e-02,-1.008330941945612402e-01,0.000000000000000000e+00,0.000000000000000000e+00,2.000000000000000000e+04
4.242424242424242542e-01,9.090909090909091161e-02,-4.746084767258338527e-02,-1.078928299218348957e-01,0.000000000000000000e+00,0.000000000000000000e+00,2.000000000000000000e+04
4.545454545454545303e-01,9.090909090909091161e-02,-4.905673748241115573e-02,-1.147854696274721725e-01,0.000000000000000000e+00,0.000000000000000000e+00,2.000000000000000000e+04
4.848484848484848619e-01,9.090909090909091161e-02,-5.045738011619545910e-02,-1.215040437916407590e-01,0.000000000000000000e+00,0.000000000000000000e+00,2.000000000000000000e+04
5.151515151515151381e-01,9.090909090909091161e-02,-5.167632712994801869e-02,-1.280420353431077907e-01,0.000000000000000000e+00,0.000000000000000000e+00,2.000000000000000000e+04
5.454545454545454142e-01,9.090909090909091161e-02,-5.272690582093756545e-02,-1.343935913298491269e-01,0.000000000000000000e+00,0.000000000000000000e+00,2.000000000000000000e+04
5.757575757575758013e-01,9.090909090909091161e-02,-5.362227626798422853e-02,-1.405537385161966524e-01,0.000000000000000000e+00,0.000000000000000000e+00,2.000000000000000000e+04
6.060606060606060774e-01,9.090909090909091161e-02,-5.437547432606968517e-02,-1.465186112335875313e-01,0.000000000000000000e+00,0.000000000000000000e+00,2.000000000000000000e+04
6.363636363636363535e-01,9.090909090909091161e-02,-5.499943826760893273e-02,-1.522856990080714013e-01,0.000000000000000000e+00,0.000000000000000000e+00,2.000000000000000000e+04
6.666666666666666297e-01,9.090909090909091161e-02,-5.550701817825697687e-02,-1.578541209639309217e-01,0.000000000000000000e+00,0.000000000000000000e+00,2.000000000000000000e+04
6.969696969696970168e-01,9.090909090909091161e-02,-5.591096834842997076e-02,-1.632249336219129265e-01,0.000000000000000000e+00,0.000000000000000000e+00,2.000000000000000000e+04
7.272727272727272929e-01,9.090909090909091161e-02,-5.622392425411666672e-02,-1.684014781898454660e-01,0.000000000000000000e+00,0.000000000000000000e+00,2.000000000000000000e+04
7.575757575757575690e-01,9.090909090909091161e-02,-5.645836768829656793e-02,-1.733897723252349754e-01,0.000000000000000000e+00,0.000000000000000000e+00,2.000000000000000000e+04
7.878787878787878451e-01,9.090909090909091161e-02,-5.662658646969628840e-02,-1.781989489378259517e-01,0.000000000000000000e+00,0.000000000000000000e+00,2.000000000000000000e+04
8.181818181818182323e-01,9.090909090909091161e-02,-5.674063887882255242e-02,-1.828417399491477358e-01,0.000000000000000000e+00,0.000000000000000000e+00,2.000000000000000000e+04
8.484848484848485084e-01,9.090909090909091161e-02,-5.681233660267108465e-02,-1.873349951382755341e-01,0.000000000000000000e+00,0.000000000000000000e+00,2.000000000000000000e+04
8.787878787878787845e-01,9.090909090909091161e-02,-5.685326035320846516e-02,-1.917002158613346496e-01,0.000000000000000000e+00,0.000000000000000000e+00,2.000000000000000000e+04
9.090909090909090606e-01,9.090909090909091161e-02,-5.687481172083877490e-02,-1.959640777828622060e-01,0.000000000000000000e+00,0.000000000000000000e+00,2.000000000000000000e+04
9.393939393939394478e-01,9.090909090909091161e-02,-5.688826807482261910e-02,-2.001589472250250856e-01,0.000000000000000000e+00,0.000000000000000000e+00,2.000000000000000000e+04
9.696969696969697239e-01,9.090909090909091161e-02,-5.690472613706613197e-02,-2.043235779058821533e-01,0.000000000000000000e+00,0.000000000000000000e+00,2.000000000000000000e+04
1.000000000000000000e+00,9.090909090909091161e-02,-5.693473191958770691e-02,-2.085049286508410815e-01,0.000000000000000000e+00,0.000000000000000000e+00,2.000000000000000000e+04
0.000000000000000000e+00,1.212121212121212155e-01,0.000000000000000000e+00,0.000000000000000000e+00,1.000000000000000000e+00,0.000000000000000000e+00,2.000000000000000000e+04
3.030303030303030387e-02,1.212121212121212155e-01,-3.551028673670652159e-03,-6.394988129919843001e-03,0.000000000000000000e+00,0.000000000000000000e+00,2.000000000000000000e+04
6.060606060606060774e-02,1.212121212121212155e-01,-7.232518461773959628e-03,-1.369396645344426490e-02,0.000000000000000000e+00,0.000000000000000000e+00,2.000000000000000000e+04
9.090909090909091161e-02,1.212121212121212155e-01,-1.104051822858894728e-02,-2.154893847109165192e-02,0.000000000000000000e+00,0.000000000000000000e+00,2.000000000000000000e+04
1.212121212121212155e-01,1.212121212121212155e-01,-1.487796996937726379e-02,-2.967089467801196923e-02,0.000000000000000000e+00,0.000000000000000000e+00,2.000000000000000000e+04
1.515151515151515194e-01,1.212121212121212155e-01,-1.863012170897832692e-02,-3.786838229639138270e-02,0.000000000000000000e+00,0.000000000000000000e+00,2.000000000000000000e+04
1.818181818181818232e-01,1.212121212121212155e-01,-2.221443169030007728e-02,-4.603839565660178962e-02,0.000000000000000000e+00,0.000000000000000000e+00,2.000000000000000000e+04
2.121212121212121271e-01,1.212121212121212155e-01,-2.558642386461157728e-02,-5.413154670235970772e-02,0.000000000000000000e+00,0.000000000000000000e+00,2.000000000000000000e+04
2.424242424242424310e-01,1.212121212121212155e-01,-2.872588821644396495e-02,-6.212246614077857054e-02,0.000000000000000000e+00,0.000000000000000000e+00,2.000000000000000000e+04
2.727272727272727071e-01,1.212121212121212155e-01,-3.162651726431026794e-02,-6.999590945012743037e-02,0.000000000000000000e+00,0.000000000000000000e+00,2.000000000000000000e+04
3.030303030303030387e-01,1.212121212121212155e-01,-3.428979316872002303e-02,-7.774082867540380026e-02,0.000000000000000000e+00,0.000000000000000000e+00,2.000000000000000000e+04
3.333333333333333148e-01,1.212121212121212155e-01,-3.672153772258839044e-02,-8.534788606183262016e-02,0.000000000000000000e+00,0.000000000000000000e+00,2.000000000000000000e+04
3.636363636363636465e-01,1.212121212121212155e-01,-3.892997874933530611e-02,-9.280844278351529919e-02,0.000000000000000000e+00,0.000000000000000000e+00,2.000000000000000000e+04
3.939393939393939226e-01,1.212121212121212155e-01,-4.092466731085697002e-02,-1.001141910463389795e-01,0.000000000000000000e+00,0.000000000000000000e+00,2.000000000000000000e+04
4.242424242424242542e-01,1.212121212121212155e-01,-4.271587343996625236e-02,-1.072570722483917327e-01,0.000000000000000000e+00,0.000000000000000000e+00,2.000000000000000000e+04
4.545454545454545303e-01,1.212121212121212155e-01,-4.431425223469619146e-02,-1.142293254368851596e-01,0.000000000000000000e+00,0.000000000000000000e+00,2.000000000000000000e+04
4.848484848484848619e-01,1.212121212121212155e-01,-4.573066282047294484e-02,-1.210235982152750439e-01,0.000000000000000000e+00,0.000000000000000000e+00,2.000000000000000000e+04
5.151515151515151381e-01,1.212121212121212155e-01,-4.697607305965898622e-02,-1.276330914549018702e-01,0.000000000000000000e+00,0.000000000000000000e+00,2.000000000000000000e+04
5.454545454545454142e-01,1.212121212121212155e-01,-4.806151120779795366e-02,-1.340517269284486890e-01,0.000000000000000000e+00,0.000000000000000000e+00,2.000000000000000000e+04
5.757575757575758013e-01,1.212121212121212155e-01,-4.899804189957043116e-02,-1.402743351300492491e-01,0.000000000000000000e+00,0.000000000000000000e+00,2.000000000000000000e+04
6.060606060606060774e-01,1.212121212121212155e-01,-4.979675332842051216e-02,-1.462968643243469091e-01,0.000000000000000000e+00,0.000000000000000000e+00,2.000000000000000000e+04
6.363636363636363535e-01,1.212121212121212155e-01,-5.046874829236891458e-02,-1.521166136220519771e-01,0.000000000000000000e+00,0.000000000000000000e+00,2.000000000000000000e+04
6.666666666666666297e-01,1.212121212121212155e-01,-5.102513565474948304e-02,-1.577324936355493368e-01,0.000000000000000000e+00,0.000000000000000000e+00,2.000000000000000000e+04
6.969696969696970168e-01,1.212121212121212155e-01,-5.147702175552212184e-02,-1.631453184073341500e-01,0.000000000000000000e+00,0.000000000000000000e+00,2.000000000000000000e+04
7.272727272727272929e-01,1.212121212121212155e-01,-5.183550405927617177e-02,-1.683581318678643857e-01,0.000000000000000000e+00,0.000000000000000000e+00,2.000000000000000000e+04
7.575757575757575690e-01,1.212121212121212155e-01,-5.211167223404209597e-02,-1.733765709097927765e-01,0.000000000000000000e+00,0.000000000000000000e+00,2.000000000000000000e+04
7.878787878787878451e-01,1.212121212121212155e-01,-5.231662505016914516e-02,-1.782092650250773902e-01,0.000000000000000000e+00,0.000000000000000000e+00,2.000000000000000000e+04
8.181818181818182323e-01,1.212121212121212155e-01,-5.246151468846576432e-02,-1.828682692807767352e-01,0.000000000000000000e+00,0.000000000000000000e+00,2.000000000000000000e+04
8.484848484848485084e-01,1.212121212121212155e-01,-5.255763225593784033e-02,-1.873695240436312470e-01,0.000000000000000000e+00,0.000000000000000000e+00,2.000000000000000000e+04
8.787878787878787845e-01,1.212121212121212155e-01,-5.261654745778266556e-02,-1.917333349865219527e-01,0.000000000000000000e+00,0.000000000000000000e+00,2.000000000000000000e+04
9.090909090909090606e-01,1.212121212121212155e-01,-5.265030852111503984e-02,-1.959848821914929595e-01,0.000000000000000000e+00,0.000000000000000000e+00,2.000000000000000000e+04
9.393939393939394478e-01,1.212121212121212155e-01,-5.267169509486137324e-02,-2.001548304756858576e-01,0.000000000000000000e+00,0.000000000000000000e+00,2.000000000000000000e+04
9.696969696969697239e-01,1.212121212121212155e-01,-5.269451476203394075e-02,-2.042803116419235065e-01,0.000000000000000000e+00,0.000000000000000000e+00,2.000000000000000000e+04
1.000000000000000000e+00,1.212121212121212155e-01,-5.273404107944881097e-02,-2.084071006160734263e-01,0.000000000000000000e+00,0.000000000000000000e+00,2.000000000000000000e+04
0.000000000000000000e+00,1.515151515151515194e-01,0.000000000000000000e+00,0.000000000000000000e+00,1.000000000000000000e+00,0.000000000000000000e+00,2.000000000000000000e+04
3.030303030303030387e-02,1.515151515151515194e-01,-3.096973241039097362e-03,-6.290774779436343438e-03,0.000000000000000000e+00,0.000000000000000000e+00,2.000000000000000000e+04
6.060606060606060774e-02,1.515151515151515194e-01,-6.250879361314363829e-03,-1.334593804925355946e-02,0.000000000000000000e+00,0.000000000000000000e+00,2.000000000000000000e+04
9.090909090909091161e-02,1.515151515151515194e-01,-9.489634495488294755e-03,-2.093833572188322223e-02,0.000000000000000000e+00,0.000000000000000000e+00,2.000000000000000000e+04
1.212121212121212155e-01,1.515151515151515194e-01,-1.277654533632012306e-02,-2.885551782610026525e-02,0.000000000000000000e+00,0.000000000000000000e+00,2.000000000000000000e+04
1.515151515151515194e-01,1.515151515151515194e-01,-1.604431365920716210e-02,-3.693028205926408153e-02,0.000000000000000000e+00,0.000000000000000000e+00,2.000000000000000000e+04
1.818181818181818232e-01,1.515151515151515194e-01,-1.922642228347669693e-02,-4.504821893747599365e-02,0.000000000000000000e+00,0.000000000000000000e+00,2.000000000000000000e+04
2.121212121212121271e-01,1.515151515151515194e-01,-2.227326278942457979e-02,-5.313846142548071111e-02,0.000000000000000000e+00,0.000000000000000000e+00,2.000000000000000000e+04
2.424242424242424310e-01,1.515151515151515194e-01,-2.515355607764436716e-02,-6.115822531765797293e-02,0.000000000000000000e+00,0.000000000000000000e+00,2.000000000000000000e+04
2.727272727272727071e-01,1.515151515151515194e-01,-2.784978189537317544e-02,-6.908032226516555574e-02,0.000000000000000000e+00,0.000000000000000000e+00,2.000000000000000000e+04
3.030303030303030387e-01,1.515151515151515194e-01,-3.035369863798306408e-02,-7.688587347179735854e-02,0.000000000000000000e+00,0.000000000000000000e+00,2.000000000000000000e+04
3.333333333333333148e-01,1.515151515151515194e-01,-3.266311215326897499e-02,-8.456044364282491732e-02,0.000000000000000000e+00,0.000000000000000000e+00,2.000000000000000000e+04
3.636363636363636465e-01,1.515151515151515194e-01,-3.477973726513210878e-02,-9.209204937707056449e-02,0.000000000000000000e+00,0.000000000000000000e+00,2.000000000000000000e+04
3.939393939393939226e-01,1.515151515151515194e-01,-3.670782319941978677e-02,-9.947015343367691942e-02,0.000000000000000000e+00,0.000000000000000000e+00,2.000000000000000000e+04
4.242424242424242542e-01,1.515151515151515194e-01,-3.845327837510677249e-02,-1.066851783667499137e-01,0.000000000000000000e+00,0.000000000000000000e+00,2.000000000000000000e+04
4.545454545454545303e-01,1.515151515151515194e-01,-4.002311398185184887e-02,-1.137282992825202760e-01,0.000000000000000000e+00,0.000000000000000000e+00,2.000000000000000000e+04
4.848484848484848619e-01,1.515151515151515194e-01,-4.142508940938725848e-02,-1.205913919672266937e-01,0.000000000000000000e+00,0.000000000000000000e+00,2.000000000000000000e+04
5.151515151515151381e-01,1.515151515151515194e-01,-4.266748520830276892e-02,-1.272670724553766897e-01,0.000000000000000000e+00,0.000000000000000000e+00,2.000000000000000000e+04
5.454545454545454142e-01,1.515151515151515194e-01,-4.375895665556626957e-02,-1.337487951205492132e-01,0.000000000000000000e+00,0.000000000000000000e+00,2.000000000000000000e+04
5.757575757575758013e-01,1.515151515151515194e-01,-4.470843844594393074e-02,-1.400309926644441871e-01,0.000000000000000000e+00,0.000000000000000000e+00,2.000000000000000000e+04
6.060606060606060774e-01,1.515151515151515194e-01,-4.552508225839183714e-02,-1.461092500478418099e-01,0.000000000000000000e+00,0.000000000000000000e+00,2.000000000000000000e+04
6.363636363636363535e-01,1.515151515151515194e-01,-4.621821639719052299e-02,-1.519805090282684013e-01,0.000000000000000000e+00,0.000000000000000000e+00,2.000000000000000000e+04
6.666666666666666297e-01,1.515151515151515194e-01,-4.679732194626798347e-02,-1.576433023388854049e-01,0.000000000000000000e+00,0.000000000000000000e+00,2.000000000000000000e+04
6.969696969696970168e-01,1.515151515151515194e-01,-4.727202389986896736e-02,-1.630980175335138005e-01,0.000000000000000000e+00,0.000000000000000000e+00,2.000000000000000000e+04
7.272727272727272929e-01,1.515151515151515194e-01,-4.765209916790359712e-02,-1.683471905220896292e-01,0.000000000000000000e+00,0.000000000000000000e+00,2.000000000000000000e+04
7.575757575757575690e-01,1.515151515151515194e-01,-4.794750654610627910e-02,-1.733958279898127341e-01,0.000000000000000000e+00,0.000000000000000000e+00,2.000000000000000000e+04
7.878787878787878451e-01,1.515151515151515194e-01,-4.816844677566836652e-02,-1.782517563896923174e-01,0.000000000000000000e+00,0.000000000000000000e+00,2.000000000000000000e+04
8.181818181818182323e-01,1.515151515151515194e-01,-4.832546349028776778e-02,-1.829259935246022317e-01,0.000000000000000000e+00,0.000000000000000000e+00,2.000000000000000000e+04
8.484848484848485084e-01,1.515151515151515194e-01,-4.842959766871544891e-02,-1.874331384476448925e-01,0.000000000000000000e+00,0.000000000000000000e+00,2.000000000000000000e+04
8.787878787878787845e-01,1.515151515151515194e-01,-4.849260868666581403e-02,-1.917917806329564878e-01,0.000000000000000000e+00,0.000000000000000000e+00,2.000000000000000000e+04
9.090909090909090606e-01,1.515151515151515194e-01,-4.852727502953482763e-02,-1.960249499064836698e-01,0.000000000000000000e+00,0.000000000000000000e+00,2.000000000000000000e+04
9.393939393939394478e-01,1.515151515151515194e-01,-4.854779378639442061e-02,-2.001606857115591775e-01,0.000000000000000000e+00,0.000000000000000000e+00,2.000000000000000000e+04
9.696969696969697239e-01,1.515151515151515194e-01,-4.857033536957294784e-02,-2.042329380369778957e-01,0.000000000000000000e+00,0.000000000000000000e+00,2.000000000000000000e+04
1.000000000000000000e+00,1.515151515151515194e-01,-4.861395439049266687e-02,-2.082832723190118918e-01,0.000000000000000000e+00,0.000000000000000000e+00,2.000000000000000000e+04
0.000000000000000000e+00,1.818181818181818232e-01,0.000000000000000000e+00,0.000000000000000000e+00,1.000000000000000000e+00,0.000000000000000000e+00,2.000000000000000000e+04
3.030303030303030387e-02,1.818181818181818232e-01,-2.748013660428534882e-03,-6.271309445047736596e-03,0.000000000000000000e+00,0.000000000000000000e+00,2.000000000000000000e+04
6.060606060606060774e-02,1.818181818181818232e-01,-5.507169975964955680e-03,-1.318719732187038744e-02,0.000000000000000000e+00,0.000000000000000000e+00,2.000000000000000000e+04
9.090909090909091161e-02,1.818181818181818232e-01,-8.313715760655863984e-03,-2.059548903720284652e-02,0.000000000000000000e+00,0.000000000000000000e+00,2.000000000000000000e+04
1.212121212121212155e-01,1.818181818181818232e-01,-1.116032670818030079e-02,-2.834043750918091228e-02,0.000000000000000000e+00,0.000000000000000000e+00,2.000000000000000000e+04
1.515151515151515194e-01,1.818181818181818232e-01,-1.401173992988784950e-02,-3.628541009135957673e-02,0.000000000000000000e+00,0.000000000000000000e+00,2.000000000000000000e+04
1.818181818181818232e-01,1.818181818181818232e-01,-1.682265470100914942e-02,-4.432333005455464658e-02,0.000000000000000000e+00,0.000000000000000000e+00,2.000000000000000000e+04
2.121212121212121271e-01,1.818181818181818232e-01,-1.955104613480255701e-02,-5.237700629637385280e-02,0.000000000000000000e+00,0.000000000000000000e+00,2.000000000000000000e+04
2.424242424242424310e-01,1.818181818181818232e-01,-2.216430955428598873e-02,-6.039325541949098347e-02,0.000000000000000000e+00,0.000000000000000000e+00,2.000000000000000000e+04
2.727272727272727071e-01,1.818181818181818232e-01,-2.463988140149293501e-02,-6.833542833826196372e-02,0.000000000000000000e+00,0.000000000000000000e+00,2.000000000000000000e+04
3.030303030303030387e-01,1.818181818181818232e-01,-2.696349684437798419e-02,-7.617732341702257437e-02,0.000000000000000000e+00,0.000000000000000000e+00,2.000000000000000000e+04
3.333333333333333148e-01,1.818181818181818232e-01,-2.912711993321867934e-02,-8.389915645349638185e-02,0.000000000000000000e+00,0.000000000000000000e+00,2.000000000000000000e+04
3.636363636363636465e-01,1.818181818181818232e-01,-3.112721298998803732e-02,-9.148511025331181046e-02,0.000000000000000000e+00,0.000000000000000000e+00,2.000000000000000000e+04
3.939393939393939226e-01,1.818181818181818232e-01,-3.296344418974997414e-02,-9.892190122731921165e-02,0.000000000000000000e+00,0.000000000000000000e+00,2.000000000000000000e+04
4.242424242424242542e-01,1.818181818181818232e-01,-3.463776615384555474e-02,-1.061979644092776592e-01,0.000000000000000000e+00,0.000000000000000000e+00,2.000000000000000000e+04
4.545454545454545303e-01,1.818181818181818232e-01,-3.615377214018016677e-02,-1.133030101121865335e-01,0.000000000000000000e+00,0.000000000000000000e+00,2.000000000000000000e+04
4.848484848484848619e-01,1.818181818181818232e-01,-3.751624978526459792e-02,-1.202278064424648907e-01,0.000000000000000000e+00,0.000000000000000000e+00,2.000000000000000000e+04
5.151515151515151381e-01,1.818181818181818232e-01,-3.873087247446408560e-02,-1.269641029548637390e-01,0.000000000000000000e+00,0.000000000000000000e+00,2.000000000000000000e+04
5.454545454545454142e-01,1.818181818181818232e-01,-3.980398602314599160e-02,-1.335046464621248152e-01,0.000000000000000000e+00,0.000000000000000000e+00,2.000000000000000000e+04
5.757575757575758013e-01,1.818181818181818232e-01,-4.074246179289108677e-02,-1.398432607178253240e-01,0.000000000000000000e+00,0.000000000000000000e+00,2.000000000000000000e+04
6.060606060606060774e-01,1.818181818181818232e-01,-4.155359718197043639e-02,-1.459749736566729461e-01,0.000000000000000000e+00,0.000000000000000000e+00,2.000000000000000000e+04
6.363636363636363535e-01,1.818181818181818232e-01,-4.224505158060640891e-02,-1.518961827393316422e-01,0.000000000000000000e+00,0.000000000000000000e+00,2.000000000000000000e+04
6.666666666666666297e-01,1.818181818181818232e-01,-4.282481123711058546e-02,-1.576048527555712064e-01,0.000000000000000000e+00,0.000000000000000000e+00,2.000000000000000000e+04
6.969696969696970168e-01,1.818181818181818232e-01,-4.330118069942679587e-02,-1.631007423209547835e-01,0.000000000000000000e+00,0.000000000000000000e+00,2.000000000000000000e+04
7.272727272727272929e-01,1.818181818181818232e-01,-4.368280202794329325e-02,-1.683856558821040794e-01,0.000000000000000000e+00,0.000000000000000000e+00,2.000000000000000000e+04
7.575757575757575690e-01,1.818181818181818232e-01,-4.397870608233787892e-02,-1.734637177121811091e-01,0.000000000000000000e+00,0.000000000000000000e+00,2.000000000000000000e+04
7.878787878787878451e-01,1.818181818181818232e-01,-4.419840296416272657e-02,-1.783416635231256930e-01,0.000000000000000000e+00,0.000000000000000000e+00,2.000000000000000000e+04
8.181818181818182323e-01,1.818181818181818232e-01,-4.435202112463142859e-02,-1.830291446448840675e-01,0.000000000000000000e+00,0.000000000000000000e+00,2.000000000000000000e+04
8.484848484848485084e-01,1.818181818181818232e-01,-4.445050674215293707e-02,-1.875390407240356272e-01,0.000000000000000000e+00,0.000000000000000000e+00,2.000000000000000000e+04
8.787878787878787845e-01,1.818181818181818232e-01,-4.450589729667721317e-02,-1.918877826699677547e-01,0.000000000000000000e+00,0.000000000000000000e+00,2.000000000000000000e+04
9.090909090909090606e-01,1.818181818181818232e-01,-4.453168825925385432e-02,-1.960957038863991586e-01,0.000000000000000000e+00,0.000000000000000000e+00,2.000000000000000000e+04
9.393939393939394478e-01,1.818181818181818232e-01,-4.454332696954898391e-02,-2.001874734867056249e-01,0.000000000000000000e+00,0.000000000000000000e+00,2.000000000000000000e+04
9.696969696969697239e-01,1.818181818181818232e-01,-4.455891204337468492e-02,-2.041927267842514881e-01,0.000000000000000000e+00,0.000000000000000000e+00,2.000000000000000000e+04
1.000000000000000000e+00,1.818181818181818232e-01,-4.460028899678258885e-02,-2.081470682284188023e-01,0.000000000000000000e+00,0.000000000000000000e+00,2.000000000000000000e+04
0.000000000000000000e+00,2.121212121212121271e-01,0.000000000000000000e+00,0.000000000000000000e+00,1.000000000000000000e+00,0.000000000000000000e+00,2.000000000000000000e+04
3.030303030303030387e-02,2.121212121212121271e-01,-2.470478702259967102e-03,-6.301982529337411820e-03,0.000000000000000000e+00,0.000000000000000000e+00,2.000000000000000000e+04
6.060606060606060774e-02,2.121212121212121271e-01,-4.922544280687823730e-03,-1.314899660829299717e-02,0.000000000000000000e+00,0.000000000000000000e+00,2.000000000000000000e+04
9.090909090909091161e-02,2.121212121212121271e-01,-7.392404760653545348e-03,-2.043660625092963076e-02,0.000000000000000000e+00,0.000000000000000000e+00,2.000000000000000000e+04
1.212121212121212155e-01,2.121212121212121271e-01,-9.886800736804425907e-03,-2.804979203640693350e-02,0.000000000000000000e+00,0.000000000000000000e+00,2.000000000000000000e+04
1.515151515151515194e-01,2.121212121212121271e-01,-1.239007700005185023e-02,-3.587939775770071504e-02,0.000000000000000000e+00,0.000000000000000000e+00,2.000000000000000000e+04
1.818181818181818232e-01,2.121212121212121271e-01,-1.487418199165170714e-02,-4.383177639393582431e-02,0.000000000000000000e+00,0.000000000000000000e+00,2.000000000000000000e+04
2.121212121212121271e-01,2.121212121212121271e-01,-1.730782363324697565e-02,-5.183229899680193847e-02,0.000000000000000000e+00,0.000000000000000000e+00,2.000000000000000000e+04
2.424242424242424310e-01,2.121212121212121271e-01,-1.966258389714865482e-02,-5.982427748371936527e-02,0.000000000000000000e+00,0.000000000000000000e+00,2.000000000000000000e+04
2.727272727272727071e-01,2.121212121212121271e-01,-2.191566908186186671e-02,-6.776548488094781553e-02,0.000000000000000000e+00,0.000000000000000000e+00,2.000000000000000000e+04
3.030303030303030387e-01,2.121212121212121271e-01,-2.405029945242654829e-02,-7.562423138114708621e-02,0.000000000000000000e+00,0.000000000000000000e+00,2.000000000000000000e+04
3.333333333333333148e-01,2.121212121212121271e-01,-2.605499102190341615e-02,-8.337609561549338966e-02,0.000000000000000000e+00,0.000000000000000000e+00,2.000000000000000000e+04
3.636363636363636465e-01,2.121212121212121271e-01,-2.792254411073337092e-02,-9.100157999267434461e-02,0.000000000000000000e+00,0.000000000000000000e+00,2.000000000000000000e+04
3.939393939393939226e-01,2.121212121212121271e-01,-2.964909280949594092e-02,-9.848455178402121257e-02,0.000000000000000000e+00,0.000000000000000000e+00,2.000000000000000000e+04
4.242424242424242542e-01,2.121212121212121271e-01,-3.123332400518954305e-02,-1.058112518049118961e-01,0.000000000000000000e+00,0.000000000000000000e+00,2.000000000000000000e+04
4.545454545454545303e-01,2.121212121212121271e-01,-3.267587339765710280e-02,-1.129696879385819058e-01,0.000000000000000000e+00,0.000000000000000000e+00,2.000000000000000000e+04
4.848484848484848619e-01,2.121212121212121271e-01,-3.397887257041513204e-02,-1.199492843579034601e-01,0.000000000000000000e+00,0.000000000000000000e+00,2.000000000000000000e+04
5.151515151515151381e-01,2.121212121212121271e-01,-3.514561526380828582e-02,-1.267407011737897160e-01,0.000000000000000000e+00,0.000000000000000000e+00,2.000000000000000000e+04
5.454545454545454142e-01,2.121212121212121271e-01,-3.618031471188751236e-02,-1.333357698317049200e-01,0.000000000000000000e+00,0.000000000000000000e+00,2.000000000000000000e+04
5.757575757575758013e-01,2.121212121212121271e-01,-3.708793010305032334e-02,-1.397275095694105740e-01,0.000000000000000000e+00,0.000000000000000000e+00,2.000000000000000000e+04
6.060606060606060774e-01,2.121212121212121271e-01,-3.787404633127318399e-02,-1.459102028917469984e-01,0.000000000000000000e+00,0.000000000000000000e+00,2.000000000000000000e+04
6.363636363636363535e-01,2.121212121212121271e-01,-3.854479648474897630e-02,-1.518795158116178767e-01,0.000000000000000000e+00,0.000000000000000000e+00,2.000000000000000000e+04
6.666666666666666297e-01,2.121212121212121271e-01,-3.910682092312693647e-02,-1.576326532270130309e-01,0.000000000000000000e+00,0.000000000000000000e+00,2.000000000000000000e+04
6.969696969696970168e-01,2.121212121212121271e-01,-3.956726048538420498e-02,-1.631685423143613700e-01,0.000000000000000000e+00,0.000000000000000000e+00,2.000000000000000000e+04
7.272727272727272929e-01,2.121212121212121271e-01,-3.993378453186975652e-02,-1.684880378902750275e-01,0.000000000000000000e+00,0.000000000000000000e+00,2.000000000000000000e+04
7.575757575757575690e-01,2.121212121212121271e-01,-4.021465729580226550e-02,-1.735941438002105985e-01,0.000000000000000000e+00,0.000000000000000000e+00,2.000000000000000000e+04
7.878787878787878451e-01,2.121212121212121271e-01,-4.041884849288997911e-02,-1.784922439902103808e-01,0.000000000000000000e+00,0.000000000000000000e+00,2.000000000000000000e+04
8.181818181818182323e-01,2.121212121212121271e-01,-4.055619641822173077e-02,-1.831903366485146400e-01,0.000000000000000000e+00,0.000000000000000000e+00,2.000000000000000000e+04
8.484848484848485084e-01,2.121212121212121271e-01,-4.063763415060287626e-02,-1.876992657336725157e-01,0.000000000000000000e+00,0.000000000000000000e+00,2.000000000000000000e+04
8.787878787878787845e-01,2.121212121212121271e-01,-4.067549291951991219e-02,-1.920329480318778981e-01,0.000000000000000000e+00,0.000000000000000000e+00,2.000000000000000000e+04
9.090909090909090606e-01,2.121212121212121271e-01,-4.068390361940653344e-02,-1.962086027348772799e-01,0.000000000000000000e+00,0.000000000000000000e+00,2.000000000000000000e+04
9.393939393939394478e-01,2.121212121212121271e-01,-4.067933337091939744e-02,-2.002470049943207431e-01,0.000000000000000000e+00,0.000000000000000000e+00,2.000000000000000000e+04
9.696969696969697239e-01,2.121212121212121271e-01,-4.068132908260549407e-02,-2.041727961041774342e-01,0.000000000000000000e+00,0.000000000000000000e+00,2.000000000000000000e+04
1.000000000000000000e+00,2.121212121212121271e-01,-4.071360642464286889e-02,-2.080148470210441414e-01,0.000000000000000000e+00,0.000000000000000000e+00,2.000000000000000000e+04
0.000000000000000000e+00,2.424242424242424310e-01,0.000000000000000000e+00,0.000000000000000000e+00,1.000000000000000000e+00,0.000000000000000000e+00,2.000000000000000000e+04
3.030303030303030387e-02,2.424242424242424310e-01,-2.244577177881200859e-03,-6.363754791698686755e-03,0.000000000000000000e+00,0.000000000000000000e+00,2.000000000000000000e+04
6.060606060606060774e-02,2.424242424242424310e-01,-4.451074776182609681e-03,-1.319034578606265856e-02,0.000000000000000000e+00,0.000000000000000000e+00,2.000000000000000000e+04
9.090909090909091161e-02,2.424242424242424310e-01,-6.652809846540330002e-03,-2.040647854964280569e-02,0.000000000000000000e+00,0.000000000000000000e+00,2.000000000000000000e+04
1.212121212121212155e-01,2.424242424242424310e-01,-8.862915975181981029e-03,-2.792627414978621214e-02,0.000000000000000000e+00,0.000000000000000000e+00,2.000000000000000000e+04
1.515151515151515194e-01,2.424242424242424310e-01,-1.107731401992075385e-02,-3.566306478590768048e-02,0.000000000000000000e+00,0.000000000000000000e+00,2.000000000000000000e+04
1.818181818181818232e-01,2.424242424242424310e-01,-1.328023542480332581e-02,-4.353736988387695017e-02,0.000000000000000000e+00,0.000000000000000000e+00,2.000000000000000000e+04
2.121212121212121271e-01,2.424242424242424310e-01,-1.545015965104748132e-02,-5.148111027970864867e-02,0.000000000000000000e+00,0.000000000000000000e+00,2.000000000000000000e+04
2.424242424242424310e-01,2.424242424242424310e-01,-1.756465296896620593e-02,-5.943866344763634041e-02,0.000000000000000000e+00,0.000000000000000000e+00,2.000000000000000000e+04
2.727272727272727071e-01,2.424242424242424310e-01,-1.960343926188425415e-02,-6.736579591962824076e-02,0.000000000000000000e+00,0.000000000000000000e+00,2.000000000000000000e+04
3.030303030303030387e-01,2.424242424242424310e-01,-2.154981242378142814e-02,-7.522759542126324084e-02,0.000000000000000000e+00,0.000000000000000000e+00,2.000000000000000000e+04
3.333333333333333148e-01,2.424242424242424310e-01,-2.339091786548434804e-02,-8.299626858657174755e-02,0.000000000000000000e+00,0.000000000000000000e+00,2.000000000000000000e+04
3.636363636363636465e-01,2.424242424242424310e-01,-2.511745169398282157e-02,-9.064926490777469592e-02,0.000000000000000000e+00,0.000000000000000000e+00,2.000000000000000000e+04
3.939393939393939226e-01,2.424242424242424310e-01,-2.672314793728622698e-02,-9.816785724394144763e-02,0.000000000000000000e+00,0.000000000000000000e+00,2.000000000000000000e+04
4.242424242424242542e-01,2.424242424242424310e-01,-2.820424532133318160e-02,-1.055361402496504258e-01,0.000000000000000000e+00,0.000000000000000000e+00,2.000000000000000000e+04
4.545454545454545303e-01,2.424242424242424310e-01,-2.955901365448733442e-02,-1.127403578215814273e-01,0.000000000000000000e+00,0.000000000000000000e+00,2.000000000000000000e+04
4.848484848484848619e-01,2.424242424242424310e-01,-3.078736343409982715e-02,-1.197684732258459672e-01,0.000000000000000000e+00,0.000000000000000000e+00,2.000000000000000000e+04
5.151515151515151381e-01,2.424242424242424310e-01,-3.189053761555676186e-02,-1.266099136320833207e-01,0.000000000000000000e+00,0.000000000000000000e+00,2.000000000000000000e+04
5.454545454545454142e-01,2.424242424242424310e-01,-3.287087571558991450e-02,-1.332554394234667372e-01,0.000000000000000000e+00,0.000000000000000000e+00,2.000000000000000000e+04
5.757575757575758013e-01,2.424242424242424310e-01,-3.373163892141448073e-02,-1.396971035179155052e-01,0.000000000000000000e+00,0.000000000000000000e+00,2.000000000000000000e+04
6.060606060606060774e-01,2.424242424242424310e-01,-3.447688638913994075e-02,-1.459282766079146865e-01,0.000000000000000000e+00,0.000000000000000000e+00,2.000000000000000000e+04
6.363636363636363535e-01,2.424242424242424310e-01,-3.511139547838250385e-02,-1.519437214267373715e-01,0.000000000000000000e+00,0.000000000000000000e+00,2.000000000000000000e+04
6.666666666666666297e-01,2.424242424242424310e-01,-3.564062144556788547e-02,-1.577397037356015330e-01,0.000000000000000000e+00,0.000000000000000000e+00,2.000000000000000000e+04
6.969696969696970168e-01,2.424242424242424310e-01,-3.607069478437836124e-02,-1.633141304077926903e-01,0.000000000000000000e+00,0.000000000000000000e+00,2.000000000000000000e+04
7.272727272727272929e-01,2.424242424242424310e-01,-3.640845686000153403e-02,-1.686667062954730623e-01,0.000000000000000000e+00,0.000000000000000000e+00,2.000000000000000000e+04
7.575757575757575690e-01,2.424242424242424310e-01,-3.666153672707184868e-02,-1.737991019224285338e-01,0.000000000000000000e+00,0.000000000000000000e+00,2.000000000000000000e+04
7.878787878787878451e-01,2.424242424242424310e-01,-3.683847409484296981e-02,-1.787151238454911251e-01,0.000000000000000000e+00,0.000000000000000000e+00,2.000000000000000000e+04
8.181818181818182323e-01,2.424242424242424310e-01,-3.694889544331957792e-02,-1.834208792270762833e-01,0.000000000000000000e+00,0.000000000000000000e+00,2.000000000000000000e+04
8.484848484848485084e-01,2.424242424242424310e-01,-3.700375265954798654e-02,-1.879249263307439521e-01,0.000000000000000000e+00,0.000000000000000000e+00,2.000000000000000000e+04
8.787878787878787845e-01,2.424242424242424310e-01,-3.701563709835126864e-02,-1.922384038402464579e-01,0.000000000000000000e+00,0.000000000000000000e+00,2.000000000000000000e+04
9.090909090909090606e-01,2.424242424242424310e-01,-3.699918840992667129e-02,-1.963751339394667339e-01,0.000000000000000000e+00,0.000000000000000000e+00,2.000000000000000000e+04
9.393939393939394478e-01,2.424242424242424310e-01,-3.697162978186258747e-02,-2.003516938234947697e-01,0.000000000000000000e+00,0.000000000000000000e+00,2.000000000000000000e+04
9.696969696969697239e-01,2.424242424242424310e-01,-3.695348287163521817e-02,-2.041874355780710915e-01,0.000000000000000000e+00,0.000000000000000000e+00,2.000000000000000000e+04
1.000000000000000000e+00,2.424242424242424310e-01,-3.696954529909476234e-02,-2.079043707178043487e-01,0.000000000000000000e+00,0.000000000000000000e+00,2.000000000000000000e+04
0.000000000000000000e+00,2.727272727272727071e-01,0.000000000000000000e+00,0.000000000000000000e+00,1.000000000000000000e+00,0.000000000000000000e+00,2.000000000000000000e+04
3.030303030303030387e-02,2.727272727272727071e-01,-2.057697784617631108e-03,-6.445499690161152553e-03,0.000000000000000000e+00,0.000000000000000000e+00,2.000000000000000000e+04
6.060606060606060774e-02,2.727272727272727071e-01,-4.063904564082235910e-03,-1.328572354009511028e-02,0.000000000000000000e+00,0.000000000000000000e+00,2.000000000000000000e+04
9.090909090909091161e-02,2.727272727272727071e-01,-6.048294185657670727e-03,-2.046817503258532497e-02,0.000000000000000000e+00,0.000000000000000000e+00,2.000000000000000000e+04
1.212121212121212155e-01,2.727272727272727071e-01,-8.026487738814548287e-03,-2.792794514600576913e-02,0.000000000000000000e+00,0.000000000000000000e+00,2.000000000000000000e+04
1.515151515151515194e-01,2.727272727272727071e-01,-1.000105073032738108e-02,-3.559614338218518997e-02,0.000000000000000000e+00,0.000000000000000000e+00,2.000000000000000000e+04
1.818181818181818232e-01,2.727272727272727071e-01,-1.196448639364289419e-02,-4.340619840449398692e-02,0.000000000000000000e+00,0.000000000000000000e+00,2.000000000000000000e+04
2.121212121212121271e-01,2.727272727272727071e-01,-1.390298788242196396e-02,-5.129784641022872710e-02,0.000000000000000000e+00,0.000000000000000000e+00,2.000000000000000000e+04
2.424242424242424310e-01,2.727272727272727071e-01,-1.579995882469770532e-02,-5.921899455764288028e-02,0.000000000000000000e+00,0.000000000000000000e+00,2.000000000000000000e+04
2.727272727272727071e-01,2.727272727272727071e-01,-1.763870221129652457e-02,-6.712594259149522180e-02,0.000000000000000000e+00,0.000000000000000000e+00,2.000000000000000000e+04
3.030303030303030387e-01,2.727272727272727071e-01,-1.940410086835200193e-02,-7.498257956971332572e-02,0.000000000000000000e+00,0.000000000000000000e+00,2.000000000000000000e+04
3.333333333333333148e-01,2.727272727272727071e-01,-2.108342828444872627e-02,-8.275912897155750236e-02,0.000000000000000000e+00,0.000000000000000000e+00,2.000000000000000000e+04
3.636363636363636465e-01,2.727272727272727071e-01,-2.266656495706506277e-02,-9.043085001846395965e-02,0.000000000000000000e+00,0.000000000000000000e+00,2.000000000000000000e+04
3.939393939393939226e-01,2.727272727272727071e-01,-2.414588310108001928e-02,-9.797691110528865266e-02,0.000000000000000000e+00,0.000000000000000000e+00,2.000000000000000000e+04
4.242424242424242542e-01,2.727272727272727071e-01,-2.551598488095697601e-02,-1.053795063432930584e-01,0.000000000000000000e+00,0.000000000000000000e+00,2.000000000000000000e+04
4.545454545454545303e-01,2.727272727272727071e-01,-2.677340195584856919e-02,-1.126232076781215480e-01,0.000000000000000000e+00,0.000000000000000000e+00,2.000000000000000000e+04
4.848484848484848619e-01,2.727272727272727071e-01,-2.791631060299401557e-02,-1.196945151584170031e-01,0.000000000000000000e+00,0.000000000000000000e+00,2.000000000000000000e+04
5.151515151515151381e-01,2.727272727272727071e-01,-2.894428559505813486e-02,-1.265815632103794441e-01,0.000000000000000000e+00,0.000000000000000000e+00,2.000000000000000000e+04
5.454545454545454142e-01,2.727272727272727071e-01,-2.985809996290393273e-02,-1.332739459371960755e-01,0.000000000000000000e+00,0.000000000000000000e+00,2.000000000000000000e+04
5.757575757575758013e-01,2.727272727272727071e-01,-3.065957049281319013e-02,-1.397626320070713690e-01,0.000000000000000000e+00,0.000000000000000000e+00,2.000000000000000000e+04
6.060606060606060774e-01,2.727272727272727071e-01,-3.135144623561360311e-02,-1.460399466045774475e-01,0.000000000000000000e+00,0.000000000000000000e+00,2.000000000000000000e+04
6.363636363636363535e-01,2.727272727272727071e-01,-3.193733711690847216e-02,-1.520996032846039792e-01,0.000000000000000000e+00,0.000000000000000000e+00,2.000000000000000000e+04
6.666666666666666297e-01,2.727272727272727071e-01,-3.242168067660224084e-02,-1.579367723203625173e-01,0.000000000000000000e+00,0.000000000000000000e+00,2.000000000000000000e+04
6.969696969696970168e-01,2.727272727272727071e-01,-3.280974638266093146e-02,-1.635481744916597313e-01,0.000000000000000000e+00,0.000000000000000000e+00,2.000000000000000000e+04
7.272727272727272929e-01,2.727272727272727071e-01,-3.310767853611952527e-02,-1.689321904919910966e-01,0.000000000000000000e+00,0.000000000000000000e+00,2.000000000000000000e+04
7.575757575757575690e-01,2.727272727272727071e-01,-3.332258036693642317e-02,-1.740889765127389133e-01,0.000000000000000000e+00,0.000000000000000000e+00,2.000000000000000000e+04
7.878787878787878451e-01,2.727272727272727071e-01,-3.346264348402504252e-02,-1.790205763499434222e-01,0.000000000000000000e+00,0.000000000000000000e+00,2.000000000000000000e+04
8.181818181818182323e-01,2.727272727272727071e-01,-3.353732847731982769e-02,-1.837310198227073421e-01,0.000000000000000000e+00,0.000000000000000000e+00,2.000000000000000000e+04
8.484848484848485084e-01,2.727272727272727071e-01,-3.355760444494322592e-02,-1.882263965662671346e-01,0.000000000000000000e+00,0.000000000000000000e+00,2.000000000000000000e+04
8.787878787878787845e-01,2.727272727272727071e-01,-3.353625808756657140e-02,-1.925148932128902257e-01,0.000000000000000000e+00,0.000000000000000000e+00,2.000000000000000000e+04
9.090909090909090606e-01,2.727272727272727071e-01,-3.348828767751094865e-02,-1.966067794087443255e-01,0.000000000000000000e+00,0.000000000000000000e+00,2.000000000000000000e+04
9.393939393939394478e-01,2.727272727272727071e-01,-3.343140466878580241e-02,-2.005143201458907676e-01,0.000000000000000000e+00,0.000000000000000000e+00,2.000000000000000000e+04
9.696969696969697239e-01,2.727272727272727071e-01,-3.338667566067493597e-02,-2.042515686851556767e-01,0.000000000000000000e+00,0.000000000000000000e+00,2.000000000000000000e+04
1.000000000000000000e+00,2.727272727272727071e-01,-3.337934382898786329e-02,-2.078339358346379395e-01,0.000000000000000000e+00,0.000000000000000000e+00,2.000000000000000000e+04
0.000000000000000000e+00,3.030303030303030387e-01,0.000000000000000000e+00,0.000000000000000000e+00,1.000000000000000000e+00,0.000000000000000000e+00,2.000000000000000000e+04
3.030303030303030387e-02,3.030303030303030387e-01,-1.901310896101061215e-03,-6.540389760375008368e-03,0.000000000000000000e+00,0.000000000000000000e+00,2.000000000000000000e+04
6.060606060606060774e-02,3.030303030303030387e-01,-3.741811260107095853e-03,-1.341864952247737164e-02,0.000000000000000000e+00,0.000000000000000000e+00,2.000000000000000000e+04
9.090909090909091161e-02,3.030303030303030387e-01,-5.547574547094881112e-03,-2.059649467498711126e-02,0.000000000000000000e+00,0.000000000000000000e+00,2.000000000000000000e+04
1.212121212121212155e-01,3.030303030303030387e-01,-7.334713805803911961e-03,-2.802425823321354204e-02,0.000000000000000000e+00,0.000000000000000000e+00,2.000000000000000000e+04
1.515151515151515194e-01,3.030303030303030387e-01,-9.109449019827301625e-03,-3.564692408603385709e-02,0.000000000000000000e+00,0.000000000000000000e+00,2.000000000000000000e+04
1.818181818181818232e-01,3.030303030303030387e-01,-1.086966840626604411e-02,-4.340899876396258489e-02,0.000000000000000000e+00,0.000000000000000000e+00,2.000000000000000000e+04
2.121212121212121271e-01,3.030303030303030387e-01,-1.260726010108707308e-02,-5.125796769903298578e-02,0.000000000000000000e+00,0.000000000000000000e+00,2.000000000000000000e+04
2.424242424242424310e-01,3.030303030303030387e-01,-1.431057522428858496e-02,-5.914633857692095514e-02,0.000000000000000000e+00,0.000000000000000000e+00,2.000000000000000000e+04
2.727272727272727071e-01,3.030303030303030387e-01,-1.596656493141962799e-02,-6.703248035209470601e-02,0.000000000000000000e+00,0.000000000000000000e+00,2.000000000000000000e+04
3.030303030303030387e-01,3.030303030303030387e-01,-1.756236029085097433e-02,-7.488058719460506663e-02,0.000000000000000000e+00,0.000000000000000000e+00,2.000000000000000000e+04
3.333333333333333148e-01,3.030303030303030387e-01,-1.908626653885184266e-02,-8.266012181220798449e-02,0.000000000000000000e+00,0.000000000000000000e+00,2.000000000000000000e+04
3.636363636363636465e-01,3.030303030303030387e-01,-2.052827304516332066e-02,-9.034503843597294082e-02,0.000000000000000000e+00,0.000000000000000000e+00,2.000000000000000000e+04
3.939393939393939226e-01,3.030303030303030387e-01,-2.188022705403041765e-02,-9.791299081716514641e-02,0.000000000000000000e+00,0.000000000000000000e+00,2.000000000000000000e+04
4.242424242424242542e-01,3.030303030303030387e-01,-2.313580723077048734e-02,-1.053446360927727948e-01,0.000000000000000000e+00,0.000000000000000000e+00,2.000000000000000000e+04
4.545454545454545303e-01,3.030303030303030387e-01,-2.429039679602882848e-02,-1.126230761371131012e-01,0.000000000000000000e+00,0.000000000000000000e+00,2.000000000000000000e+04
4.848484848484848619e-01,3.030303030303030387e-01,-2.534091969819938020e-02,-1.197334382211451137e-01,0.000000000000000000e+00,0.000000000000000000e+00,2.000000000000000000e+04
5.151515151515151381e-01,3.030303030303030387e-01,-2.628567620095707824e-02,-1.266625788902554783e-01,0.000000000000000000e+00,0.000000000000000000e+00,2.000000000000000000e+04
5.454545454545454142e-01,3.030303030303030387e-01,-2.712419693388859465e-02,-1.333988896180403894e-01,0.000000000000000000e+00,0.000000000000000000e+00,2.000000000000000000e+04
5.757575757575758013e-01,3.030303030303030387e-01,-2.785712445361671410e-02,-1.399321833197682829e-01,0.000000000000000000e+00,0.000000000000000000e+00,2.000000000000000000e+04
6.060606060606060774e-01,3.030303030303030387e-01,-2.848612614431298914e-02,-1.462536434342287806e-01,0.000000000000000000e+00,0.000000000000000000e+00,2.000000000000000000e+04
6.363636363636363535e-01,3.030303030303030387e-01,-2.901383995214824874e-02,-1.523558201691834202e-01,0.000000000000000000e+00,0.000000000000000000e+00,2.000000000000000000e+04
6.666666666666666297e-01,3.030303030303030387e-01,-2.944385376040835681e-02,-1.582326608868502849e-01,0.000000000000000000e+00,0.000000000000000000e+00,2.000000000000000000e+04
6.969696969696970168e-01,3.030303030303030387e-01,-2.978071941669291345e-02,-1.638795632392139601e-01,0.000000000000000000e+00,0.000000000000000000e+00,2.000000000000000000e+04
7.272727272727272929e-01,3.030303030303030387e-01,-3.003000308135157434e-02,-1.692934405391200436e-01,0.000000000000000000e+00,0.000000000000000000e+00,2.000000000000000000e+04
7.575757575757575690e-01,3.030303030303030387e-01,-3.019837443628920967e-02,-1.744727890553223471e-01,0.000000000000000000e+00,0.000000000000000000e+00,2.000000000000000000e+04
7.878787878787878451e-01,3.030303030303030387e-01,-3.029373827010121978e-02,-1.794177465535831129e-01,0.000000000000000000e+00,0.000000000000000000e+00,2.000000000000000000e+04
8.181818181818182323e-01,3.030303030303030387e-01,-3.032541304790684761e-02,-1.841301305413125255e-01,0.000000000000000000e+00,0.000000000000000000e+00,2.000000000000000000e+04
8.484848484848485084e-01,3.030303030303030387e-01,-3.030436240974787934e-02,-1.886134432363039959e-01,0.000000000000000000e+00,0.000000000000000000e+00,2.000000000000000000e+04
8.787878787878787845e-01,3.030303030303030387e-01,-3.024348736188719328e-02,-1.928728278095075410e-01,0.000000000000000000e+00,0.000000000000000000e+00,2.000000000000000000e+04
9.090909090909090606e-01,3.030303030303030387e-01,-3.015798948150060638e-02,-1.969149555876579527e-01,0.000000000000000000e+00,0.000000000000000000e+00,2.000000000000000000e+04
9.393939393939394478e-01,3.030303030303030387e-01,-3.006581857439152503e-02,-2.007478134753209742e-01,0.000000000000000000e+00,0.000000000000000000e+00,2.000000000000000000e+04
9.696969696969697239e-01,3.030303030303030387e-01,-2.998822008555081589e-02,-2.043803387448014097e-01,0.000000000000000000e+00,0.000000000000000000e+00,2.000000000000000000e+04
1.000000000000000000e+00,3.030303030303030387e-01,-2.995039199640195382e-02,-2.078218057069395608e-01,0.000000000000000000e+00,0.000000000000000000e+00,2.000000000000000000e+04
0.000000000000000000e+00,3.333333333333333148e-01,0.000000000000000000e+00,0.000000000000000000e+00,1.000000000000000000e+00,0.000000000000000000e+00,2.000000000000000000e+04
3.030303030303030387e-02,3.333333333333333148e-01,-1.769376264061847280e-03,-6.644060259747259535e-03,0.000000000000000000e+00,0.000000000000000000e+00,2.000000000000000000e+04
6.060606060606060774e-02,3.333333333333333148e-01,-3.471382313559056177e-03,-1.357813763631995560e-02,0.000000000000000000e+00,0.000000000000000000e+00,2.000000000000000000e+04
9.090909090909091161e-02,3.333333333333333148e-01,-5.128809735590599515e-03,-2.077387920637070035e-02,0.000000000000000000e+00,0.000000000000000000e+00,2.000000000000000000e+04
1.212121212121212155e-01,3.333333333333333148e-01,-6.757258915164887809e-03,-2.819283252211130658e-02,0.000000000000000000e+00,0.000000000000000000e+00,2.000000000000000000e+04
1.515151515151515194e-01,3.333333333333333148e-01,-8.364795223229018126e-03,-3.579078102134813921e-02,0.000000000000000000e+00,0.000000000000000000e+00,2.000000000000000000e+04
1.818181818181818232e-01,3.333333333333333148e-01,-9.952701878966803417e-03,-4.352147406875155056e-02,0.000000000000000000e+00,0.000000000000000000e+00,2.000000000000000000e+04
2.121212121212121271e-01,3.333333333333333148e-01,-1.151690459805424643e-02,-5.133949971666950524e-02,0.000000000000000000e+00,0.000000000000000000e+00,2.000000000000000000e+04
2.424242424242424310e-01,3.333333333333333148e-01,-1.304965792022944569e-02,-5.920222624311483745e-02,0.000000000000000000e+00,0.000000000000000000e+00,2.000000000000000000e+04
2.727272727272727071e-01,3.333333333333333148e-01,-1.454116451724185057e-02,-6.707088341573211321e-02,0.000000000000000000e+00,0.000000000000000000e+00,2.000000000000000000e+04
3.030303030303030387e-01,3.333333333333333148e-01,-1.598091865376570150e-02,-7.491095119792097468e-02,0.000000000000000000e+00,0.000000000000000000e+00,2.000000000000000000e+04
3.333333333333333148e-01,3.333333333333333148e-01,-1.735868811972906753e-02,-8.269206631090438020e-02,0.000000000000000000e+00,0.000000000000000000e+00,2.000000000000000000e+04
3.636363636363636465e-01,3.333333333333333148e-01,-1.866514554667835640e-02,-9.038765033446162500e-02,0.000000000000000000e+00,0.000000000000000000e+00,2.000000000000000000e+04
3.939393939393939226e-01,3.333333333333333148e-01,-1.989221536916527602e-02,-9.797442260090627464e-02,0.000000000000000000e+00,0.000000000000000000e+00,2.000000000000000000e+04
4.242424242424242542e-01,3.333333333333333148e-01,-2.103321956429985914e-02,-1.054319078223545508e-01,0.000000000000000000e+00,0.000000000000000000e+00,2.000000000000000000e+04
4.545454545454545303e-01,3.333333333333333148e-01,-2.208289737342332068e-02,-1.127419995542678216e-01,0.000000000000000000e+00,0.000000000000000000e+00,2.000000000000000000e+04
4.848484848484848619e-01,3.333333333333333148e-01,-2.303735627061731170e-02,-1.198886049956624511e-01,0.000000000000000000e+00,0.000000000000000000e+00,2.000000000000000000e+04
5.151515151515151381e-01,3.333333333333333148e-01,-2.389399325727760079e-02,-1.268573749976222020e-01,0.000000000000000000e+00,0.000000000000000000e+00,2.000000000000000000e+04
5.454545454545454142e-01,3.333333333333333148e-01,-2.465141123560195616e-02,-1.336355121034352444e-01,0.000000000000000000e+00,0.000000000000000000e+00,2.000000000000000000e+04
5.757575757575758013e-01,3.333333333333333148e-01,-2.530934535834868104e-02,-1.402116449365814754e-01,0.000000000000000000e+00,0.000000000000000000e+00,2.000000000000000000e+04
6.060606060606060774e-01,3.333333333333333148e-01,-2.586860807751426364e-02,-1.465757561853357482e-01,0.000000000000000000e+00,0.000000000000000000e+00,2.000000000000000000e+04
6.363636363636363535e-01,3.333333333333333148e-01,-2.633105806098278920e-02,-1.527191518557453886e-01,0.000000000000000000e+00,0.000000000000000000e+00,2.000000000000000000e+04
6.666666666666666297e-01,3.333333333333333148e-01,-2.669959631098186778e-02,-1.586344602984187946e-01,0.000000000000000000e+00,0.000000000000000000e+00,2.000000000000000000e+04
6.969696969696970168e-01,3.333333333333333148e-01,-2.697819204471665899e-02,-1.643156502209918157e-01,0.000000000000000000e+00,0.000000000000000000e+00,2.000000000000000000e+04
7.272727272727272929e-01,3.333333333333333148e-01,-2.717194074528997069e-02,-1.697580572411906408e-01,0.000000000000000000e+00,0.000000000000000000e+00,2.000000000000000000e+04
7.575757575757575690e-01,3.333333333333333148e-01,-2.728715698215371591e-02,-1.749584084300720987e-01,0.000000000000000000e+00,0.000000000000000000e+00,2.000000000000000000e+04
7.878787878787878451e-01,3.333333333333333148e-01,-2.733150497613284075e-02,-1.799148337108208706e-01,0.000000000000000000e+00,0.000000000000000000e+00,2.000000000000000000e+04
8.181818181818182323e-01,3.333333333333333148e-01,-2.731417037556552879e-02,-1.846268518583475959e-01,0.000000000000000000e+00,0.000000000000000000e+00,2.000000000000000000e+04
8.484848484848485084e-01,3.333333333333333148e-01,-2.724607731148288511e-02,-1.890953169974171899e-01,0.000000000000000000e+00,0.000000000000000000e+00,2.000000000000000000e+04
8.787878787878787845e-01,3.333333333333333148e-01,-2.714015551182101527e-02,-1.933223084168095574e-01,0.000000000000000000e+00,0.000000000000000000e+00,2.000000000000000000e+04
9.090909090909090606e-01,3.333333333333333148e-01,-2.701166292804398072e-02,-1.973109410989615786e-01,0.000000000000000000e+00,0.000000000000000000e+00,2.000000000000000000e+04
9.393939393939394478e-01,3.333333333333333148e-01,-2.687856927296367396e-02,-2.010650645651083090e-01,0.000000000000000000e+00,0.000000000000000000e+00,2.000000000000000000e+04
9.696969696969697239e-01,3.333333333333333148e-01,-2.676200304805283550e-02,-2.045888004785476333e-01,0.000000000000000000e+00,0.000000000000000000e+00,2.000000000000000000e+04
1.000000000000000000e+00,3.333333333333333148e-01,-2.668675439802564026e-02,-2.078858427612322590e-01,0.000000000000000000e+00,0.000000000000000000e+00,2.000000000000000000e+04
0.000000000000000000e+00,3.636363636363636465e-01,0.000000000000000000e+00,0.000000000000000000e+00,1.000000000000000000e+00,0.000000000000000000e+00,2.000000000000000000e+04
3.030303030303030387e-02,3.636363636363636465e-01,-1.657456490308292524e-03,-6.753618150952797432e-03,0.000000000000000000e+00,0.000000000000000000e+00,2.000000000000000000e+04
6.060606060606060774e-02,3.636363636363636465e-01,-3.242898781251164157e-03,-1.375664974230569881e-02,0.000000000000000000e+00,0.000000000000000000e+00,2.000000000000000000e+04
9.090909090909091161e-02,3.636363636363636465e-01,-4.776221985008255282e-03,-2.098783752339785855e-02,0.000000000000000000e+00,0.000000000000000000e+00,2.000000000000000000e+04
1.212121212121212155e-01,3.636363636363636465e-01,-6.272031033184909642e-03,-2.841709185174023239e-02,0.000000000000000000e+00,0.000000000000000000e+00,2.000000000000000000e+04
1.515151515151515194e-01,3.636363636363636465e-01,-7.739143159539604161e-03,-3.600862502676412114e-02,0.000000000000000000e+00,0.000000000000000000e+00,2.000000000000000000e+04
1.818181818181818232e-01,3.636363636363636465e-01,-9.180889286418610420e-03,-4.372379706793769194e-02,0.000000000000000000e+00,0.000000000000000000e+00,2.000000000000000000e+04
2.121212121212121271e-01,3.636363636363636465e-01,-1.059596511148332663e-02,-5.152345222120108259e-02,0.000000000000000000e+00,0.000000000000000000e+00,2.000000000000000000e+04
2.424242424242424310e-01,3.636363636363636465e-01,-1.197956934326409838e-02,-5.936964753298360625e-02,0.000000000000000000e+00,0.000000000000000000e+00,2.000000000000000000e+04
2.727272727272727071e-01,3.636363636363636465e-01,-1.332459907807569642e-02,-6.722677690582430643e-02,0.000000000000000000e+00,0.000000000000000000e+00,2.000000000000000000e+04
3.030303030303030387e-01,3.636363636363636465e-01,-1.462273464298754523e-02,-7.506216819992836409e-02,0.000000000000000000e+00,0.000000000000000000e+00,2.000000000000000000e+04
3.333333333333333148e-01,3.636363636363636465e-01,-1.586531907088649038e-02,-8.284627334975695756e-02,0.000000000000000000e+00,0.000000000000000000e+00,2.000000000000000000e+04
3.636363636363636465e-01,3.636363636363636465e-01,-1.704400303897692787e-02,-9.055258309094903202e-02,0.000000000000000000e+00,0.000000000000000000e+00,2.000000000000000000e+04
3.939393939393939226e-01,3.636363636363636465e-01,-1.815117294411984841e-02,-9.815738525746919851e-02,0.000000000000000000e+00,0.000000000000000000e+00,2.000000000000000000e+04
4.242424242424242542e-01,3.636363636363636465e-01,-1.918020451773059729e-02,-1.056394589423958474e-01,0.000000000000000000e+00,0.000000000000000000e+00,2.000000000000000000e+04
4.545454545454545303e-01,3.636363636363636465e-01,-2.012559080680084364e-02,-1.129797665133785434e-01,0.000000000000000000e+00,0.000000000000000000e+00,2.000000000000000000e+04
4.848484848484848619e-01,3.636363636363636465e-01,-2.098298857506790752e-02,-1.201611789358164178e-01,0.000000000000000000e+00,0.000000000000000000e+00,2.000000000000000000e+04
5.151515151515151381e-01,3.636363636363636465e-01,-2.174921785447002376e-02,-1.271682503442817802e-01,0.000000000000000000e+00,0.000000000000000000e+00,2.000000000000000000e+04
5.454545454545454142e-01,3.636363636363636465e-01,-2.242223979578915338e-02,-1.339870453078884638e-01,0.000000000000000000e+00,0.000000000000000000e+00,2.000000000000000000e+04
5.757575757575758013e-01,3.636363636363636465e-01,-2.300113007791326769e-02,-1.406050151518448144e-01,0.000000000000000000e+00,0.000000000000000000e+00,2.000000000000000000e+04
6.060606060606060774e-01,3.636363636363636465e-01,-2.348605938591277059e-02,-1.470109161473419079e-01,0.000000000000000000e+00,0.000000000000000000e+00,2.000000000000000000e+04
6.363636363636363535e-01,3.636363636363636465e-01,-2.387828861307040099e-02,-1.531947608432517316e-01,0.000000000000000000e+00,0.000000000000000000e+00,2.000000000000000000e+04
6.666666666666666297e-01,3.636363636363636465e-01,-2.418018402698074790e-02,-1.591477932495821146e-01,0.000000000000000000e+00,0.000000000000000000e+00,2.000000000000000000e+04
6.969696969696970168e-01,3.636363636363636465e-01,-2.439525622419149928e-02,-1.648624783603481747e-01,0.000000000000000000e+00,0.000000000000000000e+00,2.000000000000000000e+04
7.272727272727272929e-01,3.636363636363636465e-01,-2.452822592799408161e-02,-1.703324962620288985e-01,0.000000000000000000e+00,0.000000000000000000e+00,2.000000000000000000e+04
7.575757575757575690e-01,3.636363636363636465e-01,-2.458511930144741814e-02,-1.755527306139918475e-01,0.000000000000000000e+00,0.000000000000000000e+00,2.000000000000000000e+04
7.878787878787878451e-01,3.636363636363636465e-01,-2.457339527433050411e-02,-1.805192404833950992e-01,0.000000000000000000e+00,0.000000000000000000e+00,2.000000000000000000e+04
8.181818181818182323e-01,3.636363636363636465e-01,-2.450210729723194952e-02,-1.852292032394309840e-01,0.000000000000000000e+00,0.000000000000000000e+00,2.000000000000000000e+04
8.484848484848485084e-01,3.636363636363636465e-01,-2.438210183895278202e-02,-1.896808142413400067e-01,0.000000000000000000e+00,0.000000000000000000e+00,2.000000000000000000e+04
8.787878787878787845e-01,3.636363636363636465e-01,-2.422625568908940222e-02,-1.938731259756881764e-01,0.000000000000000000e+00,0.000000000000000000e+00,2.000000000000000000e+04
9.090909090909090606e-01,3.636363636363636465e-01,-2.404975338249127140e-02,-1.978058043853062609e-01,0.000000000000000000e+00,0.000000000000000000e+00,2.000000000000000000e+04
9.393939393939394478e-01,3.636363636363636465e-01,-2.387040403349065601e-02,-2.014787723407775177e-01,0.000000000000000000e+00,0.000000000000000000e+00,2.000000000000000000e+04
9.696969696969697239e-01,3.636363636363636465e-01,-2.370899187824765039e-02,-2.048916986216947622e-01,0.000000000000000000e+00,0.000000000000000000e+00,2.000000000000000000e+04
1.000000000000000000e+00,3.636363636363636465e-01,-2.358964392257179368e-02,-2.080432763565920884e-01,0.000000000000000000e+00,0.000000000000000000e+00,2.000000000000000000e+04
0.000000000000000000e+00,3.939393939393939226e-01,0.000000000000000000e+00,0.000000000000000000e+00,1.000000000000000000e+00,0.000000000000000000e+00,2.000000000000000000e+04
3.030303030303030387e-02,3.939393939393939226e-01,-1.562191206388703320e-03,-6.867079691101429448e-03,0.000000000000000000e+00,0.000000000000000000e+00,2.000000000000000000e+04
6.060606060606060774e-02,3.939393939393939226e-01,-3.049092301724368789e-03,-1.394886955760480350e-02,0.000000000000000000e+00,0.000000000000000000e+00,2.000000000000000000e+04
9.090909090909091161e-02,3.939393939393939226e-01,-4.478072726166992465e-03,-2.122929492581206168e-02,0.000000000000000000e+00,0.000000000000000000e+00,2.000000000000000000e+04
1.212121212121212155e-01,3.939393939393939226e-01,-5.862535315734205589e-03,-2.868459188534539309e-02,0.000000000000000000e+00,0.000000000000000000e+00,2.000000000000000000e+04
1.515151515151515194e-01,3.939393939393939226e-01,-7.211390525007901550e-03,-3.628558969724558075e-02,0.000000000000000000e+00,0.000000000000000000e+00,2.000000000000000000e+04
1.818181818181818232e-01,3.939393939393939226e-01,-8.529111878493134818e-03,-4.399988231783785037e-02,0.000000000000000000e+00,0.000000000000000000e+00,2.000000000000000000e+04
2.121212121212121271e-01,3.939393939393939226e-01,-9.816227440745549718e-03,-5.179370717471296764e-02,0.000000000000000000e+00,0.000000000000000000e+00,2.000000000000000000e+04
2.424242424242424310e-01,3.939393939393939226e-01,-1.107007958258896321e-02,-5.963343198967859665e-02,0.000000000000000000e+00,0.000000000000000000e+00,2.000000000000000000e+04
2.727272727272727071e-01,3.939393939393939226e-01,-1.228569429183503856e-02,-6.748662211566364144e-02,0.000000000000000000e+00,0.000000000000000000e+00,2.000000000000000000e+04
3.030303030303030387e-01,3.939393939393939226e-01,-1.345663236664500911e-02,-7.532271636292318939e-02,0.000000000000000000e+00,0.000000000000000000e+00,2.000000000000000000e+04
3.333333333333333148e-01,3.939393939393939226e-01,-1.457573703081150099e-02,-8.311337579692425204e-02,0.000000000000000000e+00,0.000000000000000000e+00,2.000000000000000000e+04
3.636363636363636465e-01,3.939393939393939226e-01,-1.563573522059438434e-02,-9.083258718172092239e-02,0.000000000000000000e+00,0.000000000000000000e+00,2.000000000000000000e+04
3.939393939393939226e-01,3.939393939393939226e-01,-1.662968490833721669e-02,-9.845660325540422919e-02,0.000000000000000000e+00,0.000000000000000000e+00,2.000000000000000000e+04
4.242424242424242542e-01,3.939393939393939226e-01,-1.755128422872502536e-02,-1.059637908571351983e-01,0.000000000000000000e+00,0.000000000000000000e+00,2.000000000000000000e+04
4.545454545454545303e-01,3.939393939393939226e-01,-1.839506980531981431e-02,-1.133344409553020266e-01,0.000000000000000000e+00,0.000000000000000000e+00,2.000000000000000000e+04
4.848484848484848619e-01,3.939393939393939226e-01,-1.915653426060040868e-02,-1.205505769448062536e-01,0.000000000000000000e+00,0.000000000000000000e+00,2.000000000000000000e+04
5.151515151515151381e-01,3.939393939393939226e-01,-1.983219008736692573e-02,-1.275957824361848292e-01,0.000000000000000000e+00,0.000000000000000000e+00,2.000000000000000000e+04
5.454545454545454142e-01,3.939393939393939226e-01,-2.041960200514963616e-02,-1.344550584313548292e-01,0.000000000000000000e+00,0.000000000000000000e+00,2.000000000000000000e+04
5.757575757575758013e-01,3.939393939393939226e-01,-2.091740464676291114e-02,-1.411147121439248753e-01,0.000000000000000000e+00,0.000000000000000000e+00,2.000000000000000000e+04
6.060606060606060774e-01,3.939393939393939226e-01,-2.132531789906549902e-02,-1.475622749767327990e-01,0.000000000000000000e+00,0.000000000000000000e+00,2.000000000000000000e+04
6.363636363636363535e-01,3.939393939393939226e-01,-2.164416874838165361e-02,-1.537864443884536803e-01,0.000000000000000000e+00,0.000000000000000000e+00,2.000000000000000000e+04
6.666666666666666297e-01,3.939393939393939226e-01,-2.187592598871887506e-02,-1.597770427797973736e-01,0.000000000000000000e+00,0.000000000000000000e+00,2.000000000000000000e+04
6.969696969696970168e-01,3.939393939393939226e-01,-2.202375243712426447e-02,-1.655249855370739265e-01,0.000000000000000000e+00,0.000000000000000000e+00,2.000000000000000000e+04
7.272727272727272929e-01,3.939393939393939226e-01,-2.209207814008491699e-02,-1.710222496053382946e-01,0.000000000000000000e+00,0.000000000000000000e+00,2.000000000000000000e+04
7.575757575757575690e-01,3.939393939393939226e-01,-2.208669724716426710e-02,-1.762618331772878022e-01,0.000000000000000000e+00,0.000000000000000000e+00,2.000000000000000000e+04
7.878787878787878451e-01,3.939393939393939226e-01,-2.201489060725234786e-02,-1.812376961040679246e-01,0.000000000000000000e+00,0.000000000000000000e+00,2.000000000000000000e+04
8.181818181818182323e-01,3.939393939393939226e-01,-2.188557556726793141e-02,-1.859446693036186649e-01,0.000000000000000000e+00,0.000000000000000000e+00,2.000000000000000000e+04
8.484848484848485084e-01,3.939393939393939226e-01,-2.170948377612962055e-02,-1.903783195656287008e-01,0.000000000000000000e+00,0.000000000000000000e+00,2.000000000000000000e+04
8.787878787878787845e-01,3.939393939393939226e-01,-2.149936680948719842e-02,-1.945347534458077843e-01,0.000000000000000000e+00,0.000000000000000000e+00,2.000000000000000000e+04
9.090909090909090606e-01,3.939393939393939226e-01,-2.127022776139998739e-02,-1.984103400248237725e-01,0.000000000000000000e+00,0.000000000000000000e+00,2.000000000000000000e+04
9.393939393939394478e-01,3.939393939393939226e-01,-2.103957390965421545e-02,-2.020013268319869326e-01,0.000000000000000000e+00,0.000000000000000000e+00,2.000000000000000000e+04
9.696969696969697239e-01,3.939393939393939226e-01,-2.082767998446221139e-02,-2.053033163885491230e-01,0.000000000000000000e+00,0.000000000000000000e+00,2.000000000000000000e+04
1.000000000000000000e+00,3.939393939393939226e-01,-2.065784184955390262e-02,-2.083105645763647651e-01,0.000000000000000000e+00,0.000000000000000000e+00,2.000000000000000000e+04
0.000000000000000000e+00,4.242424242424242542e-01,0.000000000000000000e+00,0.000000000000000000e+00,1.000000000000000000e+00,0.000000000000000000e+00,2.000000000000000000e+04
3.030303030303030387e-02,4.242424242424242542e-01,-1.480968704442112756e-03,-6.983037435267106310e-03,0.000000000000000000e+00,0.000000000000000000e+00,2.000000000000000000e+04
6.060606060606060774e-02,4.242424242424242542e-01,-2.884377572128082792e-03,-1.415094384699195663e-02,0.000000000000000000e+00,0.000000000000000000e+00,2.000000000000000000e+04
9.090909090909091161e-02,4.242424242424242542e-01,-4.225398263368295923e-03,-2.149151541860485140e-02,0.000000000000000000e+00,0.000000000000000000e+00,2.000000000000000000e+04
1.212121212121212155e-01,4.242424242424242542e-01,-5.516169706129066264e-03,-2.898584489184018176e-02,0.000000000000000000e+00,0.000000000000000000e+00,2.000000000000000000e+04
1.515151515151515194e-01,4.242424242424242542e-01,-6.765302368027774869e-03,-3.660999665109483658e-02,0.000000000000000000e+00,0.000000000000000000e+00,2.000000000000000000e+04
1.818181818181818232e-01,4.242424242424242542e-01,-7.977806398210440797e-03,-4.433666784897725976e-02,0.000000000000000000e+00,0.000000000000000000e+00,2.000000000000000000e+04
2.121212121212121271e-01,4.242424242424242542e-01,-9.155360157360478354e-03,-5.213669079977135273e-02,0.000000000000000000e+00,0.000000000000000000e+00,2.000000000000000000e+04
2.424242424242424310e-01,4.242424242424242542e-01,-1.029681231521368742e-02,-5.998028717838831125e-02,0.000000000000000000e+00,0.000000000000000000e+00,2.000000000000000000e+04
2.727272727272727071e-01,4.242424242424242542e-01,-1.139880881594047997e-02,-6.783803461782293709e-02,0.000000000000000000e+00,0.000000000000000000e+00,2.000000000000000000e+04
3.030303030303030387e-01,4.242424242424242542e-01,-1.245645020080054025e-02,-7.568154724008238632e-02,0.000000000000000000e+00,0.000000000000000000e+00,2.000000000000000000e+04
3.333333333333333148e-01,4.242424242424242542e-01,-1.346390860601560414e-02,-8.348390118233127433e-02,0.000000000000000000e+00,0.000000000000000000e+00,2.000000000000000000e+04
3.636363636363636465e-01,4.242424242424242542e-01,-1.441496077182323823e-02,-9.121985351900634142e-02,0.000000000000000000e+00,0.000000000000000000e+00,2.000000000000000000e+04
3.939393939393939226e-01,4.242424242424242542e-01,-1.530341819652642453e-02,-9.886590905910813687e-02,0.000000000000000000e+00,0.000000000000000000e+00,2.000000000000000000e+04
4.242424242424242542e-01,4.242424242424242542e-01,-1.612345465572343622e-02,-1.064002867230926519e-01,0.000000000000000000e+00,0.000000000000000000e+00,2.000000000000000000e+04
4.545454545454545303e-01,4.242424242424242542e-01,-1.686984342498195483e-02,-1.138028288142724498e-01,0.000000000000000000e+00,0.000000000000000000e+00,2.000000000000000000e+04
4.848484848484848619e-01,4.242424242424242542e-01,-1.753812231193681292e-02,-1.210548857193577826e-01,0.000000000000000000e+00,0.000000000000000000e+00,2.000000000000000000e+04
5.151515151515151381e-01,4.242424242424242542e-01,-1.812470570661768240e-02,-1.281391979108663370e-01,0.000000000000000000e+00,0.000000000000000000e+00,2.000000000000000000e+04
5.454545454545454142e-01,4.242424242424242542e-01,-1.862696120222261456e-02,-1.350397880591947819e-01,0.000000000000000000e+00,0.000000000000000000e+00,2.000000000000000000e+04
5.757575757575758013e-01,4.242424242424242542e-01,-1.904326548120618620e-02,-1.417418691233058858e-01,0.000000000000000000e+00,0.000000000000000000e+00,2.000000000000000000e+04
6.060606060606060774e-01,4.242424242424242542e-01,-1.937305111338655239e-02,-1.482317693650950508e-01,0.000000000000000000e+00,0.000000000000000000e+00,2.000000000000000000e+04
6.363636363636363535e-01,4.242424242424242542e-01,-1.961685319014956977e-02,-1.544968719069325092e-01,0.000000000000000000e+00,0.000000000000000000e+00,2.000000000000000000e+04
6.666666666666666297e-01,4.242424242424242542e-01,-1.977636249945511487e-02,-1.605255642424408546e-01,0.000000000000000000e+00,0.000000000000000000e+00,2.000000000000000000e+04
6.969696969696970168e-01,4.242424242424242542e-01,-1.985449021788889684e-02,-1.663071915929147659e-01,0.000000000000000000e+00,0.000000000000000000e+00,2.000000000000000000e+04
7.272727272727272929e-01,4.242424242424242542e-01,-1.985544775934257322e-02,-1.718320068476484053e-01,0.000000000000000000e+00,0.000000000000000000e+00,2.000000000000000000e+04
7.575757575757575690e-01,4.242424242424242542e-01,-1.978484434711375028e-02,-1.770911087957484920e-01,0.000000000000000000e+00,0.000000000000000000e+00,2.000000000000000000e+04
7.878787878787878451e-01,4.242424242424242542e-01,-1.964980393525006530e-02,-1.820763592707314860e-01,0.000000000000000000e+00,0.000000000000000000e+00,2.000000000000000000e+04
8.181818181818182323e-01,4.242424242424242542e-01,-1.945910216107053087e-02,-1.867802685370476279e-01,0.000000000000000000e+00,0.000000000000000000e+00,2.000000000000000000e+04
8.484848484848485084e-01,4.242424242424242542e-01,-1.922332290897530230e-02,-1.911958365997604159e-01,0.000000000000000000e+00,0.000000000000000000e+00,2.000000000000000000e+04
8.787878787878787845e-01,4.242424242424242542e-01,-1.895503259309625974e-02,-1.953163359547148981e-01,0.000000000000000000e+00,0.000000000000000000e+00,2.000000000000000000e+04
9.090909090909090606e-01,4.242424242424242542e-01,-1.866896809411348196e-02,-1.991350184853764027e-01,0.000000000000000000e+00,0.000000000000000000e+00,2.000000000000000000e+04
9.393939393939394478e-01,4.242424242424242542e-01,-1.838223090244043081e-02,-2.026447258103418469e-01,0.000000000000000000e+00,0.000000000000000000e+00,2.000000000000000000e+04
9.696969696969697239e-01,4.242424242424242542e-01,-1.811447471646681490e-02,-2.058373790275635495e-01,0.000000000000000000e+00,0.000000000000000000e+00,2.000000000000000000e+04
1.000000000000000000e+00,4.242424242424242542e-01,-1.788806580445581607e-02,-2.087033224263079023e-01,0.000000000000000000e+00,0.000000000000000000e+00,2.000000000000000000e+04
0.000000000000000000e+00,4.545454545454545303e-01,0.000000000000000000e+00,0.000000000000000000e+00,1.000000000000000000e+00,0.000000000000000000e+00,2.000000000000000000e+04
3.030303030303030387e-02,4.545454545454545303e-01,-1.411711905347044901e-03,-7.100455947827579752e-03,0.000000000000000000e+00,0.000000000000000000e+00,2.000000000000000000e+04
6.060606060606060774e-02,4.545454545454545303e-01,-2.744357942307988803e-03,-1.435999959602273120e-02,0.000000000000000000e+00,0.000000000000000000e+00,2.000000000000000000e+04
9.090909090909091161e-02,4.545454545454545303e-01,-4.011190646285314743e-03,-2.176938543664130171e-02,0.000000000000000000e+00,0.000000000000000000e+00,2.000000000000000000e+04
1.212121212121212155e-01,4.545454545454545303e-01,-5.223096830268350588e-03,-2.931349312564088261e-02,0.000000000000000000e+00,0.000000000000000000e+00,2.000000000000000000e+04
1.515151515151515194e-01,4.545454545454545303e-01,-6.388156173701465407e-03,-3.697256677061177416e-02,0.000000000000000000e+00,0.000000000000000000e+00,2.000000000000000000e+04
1.818181818181818232e-01,4.545454545454545303e-01,-7.511510336487350892e-03,-4.472349061982161533e-02,0.000000000000000000e+00,0.000000000000000000e+00,2.000000000000000000e+04
2.121212121212121271e-01,4.545454545454545303e-01,-8.595495745436828455e-03,-5.254098821736920277e-02,0.000000000000000000e+00,0.000000000000000000e+00,2.000000000000000000e+04
2.424242424242424310e-01,4.545454545454545303e-01,-9.639972345023558459e-03,-6.039866868852923620e-02,0.000000000000000000e+00,0.000000000000000000e+00,2.000000000000000000e+04
2.727272727272727071e-01,4.545454545454545303e-01,-1.064277428107910858e-02,-6.826987856651835218e-02,0.000000000000000000e+00,0.000000000000000000e+00,2.000000000000000000e+04
3.030303030303030387e-01,4.545454545454545303e-01,-1.160021367789753309e-02,-7.612834744692853484e-02,0.000000000000000000e+00,0.000000000000000000e+00,2.000000000000000000e+04
3.333333333333333148e-01,4.545454545454545303e-01,-1.250758159394749734e-02,-8.394863884283038091e-02,0.000000000000000000e+00,0.000000000000000000e+00,2.000000000000000000e+04
3.636363636363636465e-01,4.545454545454545303e-01,-1.335960693290793103e-02,-9.170643301141624681e-02,0.000000000000000000e+00,0.000000000000000000e+00,2.000000000000000000e+04
3.939393939393939226e-01,4.545454545454545303e-01,-1.415085098449653765e-02,-9.937867638684742821e-02,0.000000000000000000e+00,0.000000000000000000e+00,2.000000000000000000e+04
4.242424242424242542e-01,4.545454545454545303e-01,-1.487602974032798710e-02,-1.069436336880060651e-01,0.000000000000000000e+00,0.000000000000000000e+00,2.000000000000000000e+04
4.545454545454545303e-01,4.545454545454545303e-01,-1.553026675194441389e-02,-1.143808755226752433e-01,0.000000000000000000e+00,0.000000000000000000e+00,2.000000000000000000e+04
4.848484848484848619e-01,4.545454545454545303e-01,-1.610928581670071150e-02,-1.216712283393576316e-01,0.000000000000000000e+00,0.000000000000000000e+00,2.000000000000000000e+04
5.151515151515151381e-01,4.545454545454545303e-01,-1.660955578331339832e-02,-1.287967066309103070e-01,0.000000000000000000e+00,0.000000000000000000e+00,2.000000000000000000e+04
5.454545454545454142e-01,4.545454545454545303e-01,-1.702840025853304129e-02,-1.357404406305655342e-01,0.000000000000000000e+00,0.000000000000000000e+00,2.000000000000000000e+04
5.757575757575758013e-01,4.545454545454545303e-01,-1.736408398518203902e-02,-1.424866070606680690e-01,0.000000000000000000e+00,0.000000000000000000e+00,2.000000000000000000e+04
6.060606060606060774e-01,4.545454545454545303e-01,-1.761588595550268865e-02,-1.490203660263391683e-01,0.000000000000000000e+00,0.000000000000000000e+00,2.000000000000000000e+04
6.363636363636363535e-01,4.545454545454545303e-01,-1.778416744827999302e-02,-1.553278038121279347e-01,0.000000000000000000e+00,0.000000000000000000e+00,2.000000000000000000e+04
6.666666666666666297e-01,4.545454545454545303e-01,-1.787044141239536865e-02,-1.613958789133107252e-01,0.000000000000000000e+00,0.000000000000000000e+00,2.000000000000000000e+04
6.969696969696970168e-01,4.545454545454545303e-01,-1.787744806685447399e-02,-1.672123668522976503e-01,0.000000000000000000e+00,0.000000000000000000e+00,2.000000000000000000e+04
7.272727272727272929e-01,4.545454545454545303e-01,-1.780924024495470631e-02,-1.727657979548175016e-01,0.000000000000000000e+00,0.000000000000000000e+00,2.000000000000000000e+04
7.575757575757575690e-01,4.545454545454545303e-01,-1.767128081793477648e-02,-1.780453810936757086e-01,0.000000000000000000e+00,0.000000000000000000e+00,2.000000000000000000e+04
7.878787878787878451e-01,4.545454545454545303e-01,-1.747055340136653354e-02,-1.830409052947884752e-01,0.000000000000000000e+00,0.000000000000000000e+00,2.000000000000000000e+04
8.181818181818182323e-01,4.545454545454545303e-01,-1.721568636537103639e-02,-1.877426099168911511e-01,0.000000000000000000e+00,0.000000000000000000e+00,2.000000000000000000e+04
8.484848484848485084e-01,4.545454545454545303e-01,-1.691708880039245050e-02,-1.921410127626042019e-01,0.000000000000000000e+00,0.000000000000000000e+00,2.000000000000000000e+04
8.787878787878787845e-01,4.545454545454545303e-01,-1.658709535128333190e-02,-1.962266838885934339e-01,0.000000000000000000e+00,0.000000000000000000e+00,2.000000000000000000e+04
9.090909090909090606e-01,4.545454545454545303e-01,-1.624011447105166636e-02,-1.999899510775078604e-01,0.000000000000000000e+00,0.000000000000000000e+00,2.000000000000000000e+04
9.393939393939394478e-01,4.545454545454545303e-01,-1.589277132641031889e-02,-2.034205211549807990e-01,0.000000000000000000e+00,0.000000000000000000e+00,2.000000000000000000e+04
9.696969696969697239e-01,4.545454545454545303e-01,-1.556403194096341383e-02,-2.065070002934948912e-01,0.000000000000000000e+00,0.000000000000000000e+00,2.000000000000000000e+04
1.000000000000000000e+00,4.545454545454545303e-01,-1.527528898914810515e-02,-2.092362976704908173e-01,0.000000000000000000e+00,0.000000000000000000e+00,2.000000000000000000e+04
0.000000000000000000e+00,4.848484848484848619e-01,0.000000000000000000e+00,0.000000000000000000e+00,1.000000000000000000e+00,0.000000000000000000e+00,2.000000000000000000e+04
3.030303030303030387e-02,4.848484848484848619e-01,-1.352733735582509244e-03,-7.218542743642655801e-03,0.000000000000000000e+00,0.000000000000000000e+00,2.000000000000000000e+04
6.060606060606060774e-02,4.848484848484848619e-01,-2.625495218231575431e-03,-1.457382940729398842e-02,0.000000000000000000e+00,0.000000000000000000e+00,2.000000000000000000e+04
9.090909090909091161e-02,4.848484848484848619e-01,-3.829849624721858199e-03,-2.205892981920145463e-02,0.000000000000000000e+00,0.000000000000000000e+00,2.000000000000000000e+04
1.212121212121212155e-01,4.848484848484848619e-01,-4.975478096596623254e-03,-2.966172421876375059e-02,0.000000000000000000e+00,0.000000000000000000e+00,2.000000000000000000e+04
1.515151515151515194e-01,4.848484848484848619e-01,-6.069797927928405161e-03,-3.736582748775897633e-02,0.000000000000000000e+00,0.000000000000000000e+00,2.000000000000000000e+04
1.818181818181818232e-01,4.848484848484848619e-01,-7.117811572424016103e-03,-4.515157359822224298e-02,0.000000000000000000e+00,0.000000000000000000e+00,2.000000000000000000e+04
2.121212121212121271e-01,4.848484848484848619e-01,-8.122159268942549110e-03,-5.299697321705655606e-02,0.000000000000000000e+00,0.000000000000000000e+00,2.000000000000000000e+04
2.424242424242424310e-01,4.848484848484848619e-01,-9.083332689989370712e-03,-6.087858135933524317e-02,0.000000000000000000e+00,0.000000000000000000e+00,2.000000000000000000e+04
2.727272727272727071e-01,4.848484848484848619e-01,-9.999999408985845925e-03,-6.877223595054388072e-02,0.000000000000000000e+00,0.000000000000000000e+00,2.000000000000000000e+04
3.030303030303030387e-01,4.848484848484848619e-01,-1.086938854961445877e-02,-7.665364977204908170e-02,0.000000000000000000e+00,0.000000000000000000e+00,2.000000000000000000e+04
3.333333333333333148e-01,4.848484848484848619e-01,-1.168769451014451365e-02,-8.449885594025591251e-02,0.000000000000000000e+00,0.000000000000000000e+00,2.000000000000000000e+04
3.636363636363636465e-01,4.848484848484848619e-01,-1.245046569672896009e-02,-9.228451992842744145e-02,0.000000000000000000e+00,0.000000000000000000e+00,2.000000000000000000e+04
3.939393939393939226e-01,4.848484848484848619e-01,-1.315295642080500926e-02,-9.998813899439989994e-02,0.000000000000000000e+00,0.000000000000000000e+00,2.000000000000000000e+04
4.242424242424242542e-01,4.848484848484848619e-01,-1.379043062569210859e-02,-1.075881531696785687e-01,0.000000000000000000e+00,0.000000000000000000e+00,2.000000000000000000e+04
4.545454545454545303e-01,4.848484848484848619e-01,-1.435841466694004823e-02,-1.150639916103679272e-01,0.000000000000000000e+00,0.000000000000000000e+00,2.000000000000000000e+04
4.848484848484848619e-01,4.848484848484848619e-01,-1.485290244171611623e-02,-1.223960752643428046e-01,0.000000000000000000e+00,0.000000000000000000e+00,2.000000000000000000e+04
5.151515151515151381e-01,4.848484848484848619e-01,-1.527051979667250897e-02,-1.295657926228992729e-01,0.000000000000000000e+00,0.000000000000000000e+00,2.000000000000000000e+04
5.454545454545454142e-01,4.848484848484848619e-01,-1.560865677203227171e-02,-1.365554607490802319e-01,0.000000000000000000e+00,0.000000000000000000e+00,2.000000000000000000e+04
5.757575757575758013e-01,4.848484848484848619e-01,-1.586557644270608289e-02,-1.433482794581028008e-01,0.000000000000000000e+00,0.000000000000000000e+00,2.000000000000000000e+04
6.060606060606060774e-01,4.848484848484848619e-01,-1.604050844870338541e-02,-1.499282828126632106e-01,0.000000000000000000e+00,0.000000000000000000e+00,2.000000000000000000e+04
6.363636363636363535e-01,4.848484848484848619e-01,-1.613373419702265887e-02,-1.562802890908238096e-01,0.000000000000000000e+00,0.000000000000000000e+00,2.000000000000000000e+04
6.666666666666666297e-01,4.848484848484848619e-01,-1.614666944700741610e-02,-1.623898480358189067e-01,0.000000000000000000e+00,0.000000000000000000e+00,2.000000000000000000e+04
6.969696969696970168e-01,4.848484848484848619e-01,-1.608194871182662411e-02,-1.682431823788314573e-01,0.000000000000000000e+00,0.000000000000000000e+00,2.000000000000000000e+04
7.272727272727272929e-01,4.848484848484848619e-01,-1.594351467505261688e-02,-1.738271191898378421e-01,0.000000000000000000e+00,0.000000000000000000e+00,2.000000000000000000e+04
7.575757575757575690e-01,4.848484848484848619e-01,-1.573671462433191490e-02,-1.791290054196576775e-01,0.000000000000000000e+00,0.000000000000000000e+00,2.000000000000000000e+04
7.878787878787878451e-01,4.848484848484848619e-01,-1.546840469419827162e-02,-1.841366009322866759e-01,0.000000000000000000e+00,0.000000000000000000e+00,2.000000000000000000e+04
8.181818181818182323e-01,4.848484848484848619e-01,-1.514706140848042469e-02,-1.888379413012836461e-01,0.000000000000000000e+00,0.000000000000000000e+00,2.000000000000000000e+04
8.484848484848485084e-01,4.848484848484848619e-01,-1.478289851369239682e-02,-1.932211616013156108e-01,0.000000000000000000e+00,0.000000000000000000e+00,2.000000000000000000e+04
8.787878787878787845e-01,4.848484848484848619e-01,-1.438798526081593206e-02,-1.972742713623639454e-01,0.000000000000000000e+00,0.000000000000000000e+00,2.000000000000000000e+04
9.090909090909090606e-01,4.848484848484848619e-01,-1.397635995177672064e-02,-2.009848698663102562e-01,0.000000000000000000e+00,0.000000000000000000e+00,2.000000000000000000e+04
9.393939393939394478e-01,4.848484848484848619e-01,-1.356412952685857702e-02,-2.043397903428478546e-01,0.000000000000000000e+00,0.000000000000000000e+00,2.000000000000000000e+04
9.696969696969697239e-01,4.848484848484848619e-01,-1.316954208450841178e-02,-2.073246619819272551e-01,0.000000000000000000e+00,0.000000000000000000e+00,2.000000000000000000e+04
1.000000000000000000e+00,4.848484848484848619e-01,-1.281301455837799592e-02,-2.099233810882236151e-01,0.000000000000000000e+00,0.000000000000000000e+00,2.000000000000000000e+04
0.000000000000000000e+00,5.151515151515151381e-01,0.000000000000000000e+00,0.000000000000000000e+00,1.000000000000000000e+00,0.000000000000000000e+00,2.000000000000000000e+04
3.030303030303030387e-02,5.151515151515151381e-01,-1.302636369626117502e-03,-7.336664788183345533e-03,0.000000000000000000e+00,0.000000000000000000e+00,2.000000000000000000e+04
6.060606060606060774e-02,5.151515151515151381e-01,-2.524882189601048831e-03,-1.479068232118672423e-02,0.000000000000000000e+00,0.000000000000000000e+00,2.000000000000000000e+04
9.090909090909091161e-02,5.151515151515151381e-01,-3.676805464458174615e-03,-2.235697977452589039e-02,0.000000000000000000e+00,0.000000000000000000e+00,2.000000000000000000e+04
1.212121212121212155e-01,5.151515151515151381e-01,-4.766941439956127319e-03,-3.002585473068291461e-02,0.000000000000000000e+00,0.000000000000000000e+00,2.000000000000000000e+04
1.515151515151515194e-01,5.151515151515151381e-01,-5.801973515220223455e-03,-3.778366982101079991e-02,0.000000000000000000e+00,0.000000000000000000e+00,2.000000000000000000e+04
1.818181818181818232e-01,5.151515151515151381e-01,-6.786583873549810290e-03,-4.561361656413911309e-02,0.000000000000000000e+00,0.000000000000000000e+00,2.000000000000000000e+04
2.121212121212121271e-01,5.151515151515151381e-01,-7.723461316616364244e-03,-5.349648172390450429e-02,0.000000000000000000e+00,0.000000000000000000e+00,2.000000000000000000e+04
2.424242424242424310e-01,5.151515151515151381e-01,-8.613439811289003503e-03,-6.141136499688280848e-02,0.000000000000000000e+00,0.000000000000000000e+00,2.000000000000000000e+04
2.727272727272727071e-01,5.151515151515151381e-01,-9.455733842805257028e-03,-6.933631326164670095e-02,0.000000000000000000e+00,0.000000000000000000e+00,2.000000000000000000e+04
3.030303030303030387e-01,5.151515151515151381e-01,-1.024823502043931828e-02,-7.724885214463227123e-02,0.000000000000000000e+00,0.000000000000000000e+00,2.000000000000000000e+04
3.333333333333333148e-01,5.151515151515151381e-01,-1.098783722690258730e-02,-8.512640899673369621e-02,0.000000000000000000e+00,0.000000000000000000e+00,2.000000000000000000e+04
3.636363636363636465e-01,5.151515151515151381e-01,-1.167076342768902202e-02,-9.294663173919905097e-02,0.000000000000000000e+00,0.000000000000000000e+00,2.000000000000000000e+04
3.939393939393939226e-01,5.151515151515151381e-01,-1.229287453937129640e-02,-1.006876151068981373e-01,0.000000000000000000e+00,0.000000000000000000e+00,2.000000000000000000e+04
4.242424242424242542e-01,5.151515151515151381e-01,-1.284994817047787133e-02,-1.083280496995583514e-01,0.000000000000000000e+00,0.000000000000000000e+00,2.000000000000000000e+04
4.545454545454545303e-01,5.151515151515151381e-01,-1.333792161536115524e-02,-1.158473103967800760e-01,0.000000000000000000e+00,0.000000000000000000e+00,2.000000000000000000e+04
4.848484848484848619e-01,5.151515151515151381e-01,-1.375309863346312056e-02,-1.232254997641156619e-01,0.000000000000000000e+00,0.000000000000000000e+00,2.000000000000000000e+04
5.151515151515151381e-01,5.151515151515151381e-01,-1.409232310532897332e-02,-1.304434598074895590e-01,0.000000000000000000e+00,0.000000000000000000e+00,2.000000000000000000e+04
5.454545454545454142e-01,5.151515151515151381e-01,-1.435312473896182238e-02,-1.374827624932993542e-01,0.000000000000000000e+00,0.000000000000000000e+00,2.000000000000000000e+04
5.757575757575758013e-01,5.151515151515151381e-01,-1.453384289125034604e-02,-1.443256863661726563e-01,0.000000000000000000e+00,0.000000000000000000e+00,2.000000000000000000e+04
6.060606060606060774e-01,5.151515151515151381e-01,-1.463373460701395713e-02,-1.509551837100911453e-01,0.000000000000000000e+00,0.000000000000000000e+00,2.000000000000000000e+04
6.363636363636363535e-01,5.151515151515151381e-01,-1.465307246968549672e-02,-1.573548401887729931e-01,0.000000000000000000e+00,0.000000000000000000e+00,2.000000000000000000e+04
6.666666666666666297e-01,5.151515151515151381e-01,-1.459323703675145974e-02,-1.635088268175969028e-01,0.000000000000000000e+00,0.000000000000000000e+00,2.000000000000000000e+04
6.969696969696970168e-01,5.151515151515151381e-01,-1.445680765133220032e-02,-1.694018424311550530e-01,0.000000000000000000e+00,0.000000000000000000e+00,2.000000000000000000e+04
7.272727272727272929e-01,5.151515151515151381e-01,-1.424765435759164749e-02,-1.750190434469701684e-01,0.000000000000000000e+00,0.000000000000000000e+00,2.000000000000000000e+04
7.575757575757575690e-01,5.151515151515151381e-01,-1.397103252478106190e-02,-1.803459566054014251e-01,0.000000000000000000e+00,0.000000000000000000e+00,2.000000000000000000e+04
7.878787878787878451e-01,5.151515151515151381e-01,-1.363368058476812847e-02,-1.853683694141834704e-01,0.000000000000000000e+00,0.000000000000000000e+00,2.000000000000000000e+04
8.181818181818182323e-01,5.151515151515151381e-01,-1.324391996320562620e-02,-1.900721921891095068e-01,0.000000000000000000e+00,0.000000000000000000e+00,2.000000000000000000e+04
8.484848484848485084e-01,5.151515151515151381e-01,-1.281175476369808899e-02,-1.944432848383511325e-01,0.000000000000000000e+00,0.000000000000000000e+00,2.000000000000000000e+04
8.787878787878787845e-01,5.151515151515151381e-01,-1.234896695651075196e-02,-1.984672409183635688e-01,0.000000000000000000e+00,0.000000000000000000e+00,2.000000000000000000e+04
9.090909090909090606e-01,5.151515151515151381e-01,-1.186920062667895341e-02,-2.021291211155769041e-01,0.000000000000000000e+00,0.000000000000000000e+00,2.000000000000000000e+04
9.393939393939394478e-01,5.151515151515151381e-01,-1.138802616319570075e-02,-2.054131284462019091e-01,0.000000000000000000e+00,0.000000000000000000e+00,2.000000000000000000e+04
9.696969696969697239e-01,5.151515151515151381e-01,-1.092297210772517034e-02,-2.083022185863153408e-01,0.000000000000000000e+00,0.000000000000000000e+00,2.000000000000000000e+04
1.000000000000000000e+00,5.151515151515151381e-01,-1.049350890004809196e-02,-2.107776415228936884e-01,0.000000000000000000e+00,0.000000000000000000e+00,2.000000000000000000e+04
0.000000000000000000e+00,5.454545454545454142e-01,0.000000000000000000e+00,0.000000000000000000e+00,1.000000000000000000e+00,0.000000000000000000e+00,2.000000000000000000e+04
3.030303030303030387e-02,5.454545454545454142e-01,-1.260239172913667346e-03,-7.454293432682631768e-03,0.000000000000000000e+00,0.000000000000000000e+00,2.000000000000000000e+04
6.060606060606060774e-02,5.454545454545454142e-01,-2.440081683104884051e-03,-1.500912232477349083e-02,0.000000000000000000e+00,0.000000000000000000e+00,2.000000000000000000e+04
9.090909090909091161e-02,5.454545454545454142e-01,-3.548252833224253919e-03,-2.266094201738298383e-02,0.000000000000000000e+00,0.000000000000000000e+00,2.000000000000000000e+04
1.212121212121212155e-01,5.454545454545454142e-01,-4.592203533009665481e-03,-3.040203114709018675e-02,0.000000000000000000e+00,0.000000000000000000e+00,2.000000000000000000e+04
1.515151515151515194e-01,5.454545454545454142e-01,-5.577847464747221970e-03,-3.822101760172294527e-02,0.000000000000000000e+00,0.000000000000000000e+00,2.000000000000000000e+04
1.818181818181818232e-01,5.454545454545454142e-01,-6.509425004015424385e-03,-4.610347464114711302e-02,0.000000000000000000e+00,0.000000000000000000e+00,2.000000000000000000e+04
2.121212121212121271e-01,5.454545454545454142e-01,-7.389488688883175810e-03,-5.403253626751211569e-02,0.000000000000000000e+00,0.000000000000000000e+00,2.000000000000000000e+04
2.424242424242424310e-01,5.454545454545454142e-01,-8.218994043510468098e-03,-6.198949079538792345e-02,0.000000000000000000e+00,0.000000000000000000e+00,2.000000000000000000e+04
2.727272727272727071e-01,5.454545454545454142e-01,-8.997472957291250892e-03,-6.995432273755264330e-02,0.000000000000000000e+00,0.000000000000000000e+00,2.000000000000000000e+04
3.030303030303030387e-01,5.454545454545454142e-01,-9.723264266379438164e-03,-7.790618419331982181e-02,0.000000000000000000e+00,0.000000000000000000e+00,2.000000000000000000e+04
3.333333333333333148e-01,5.454545454545454142e-01,-1.039377696745242934e-02,-8.582378688312691795e-02,0.000000000000000000e+00,0.000000000000000000e+00,2.000000000000000000e+04
3.636363636363636465e-01,5.454545454545454142e-01,-1.100576468625145098e-02,-9.368571413855936170e-02,0.000000000000000000e+00,0.000000000000000000e+00,2.000000000000000000e+04
3.939393939393939226e-01,5.454545454545454142e-01,-1.155559463549638878e-02,-1.014706581793744372e-01,0.000000000000000000e+00,0.000000000000000000e+00,2.000000000000000000e+04
4.242424242424242542e-01,5.454545454545454142e-01,-1.203949941108927932e-02,-1.091575918338729828e-01,0.000000000000000000e+00,0.000000000000000000e+00,2.000000000000000000e+04
4.545454545454545303e-01,5.454545454545454142e-01,-1.245380485368658557e-02,-1.167258856784778309e-01,0.000000000000000000e+00,0.000000000000000000e+00,2.000000000000000000e+04
4.848484848484848619e-01,5.454545454545454142e-01,-1.279513134526235295e-02,-1.241553817523452785e-01,0.000000000000000000e+00,0.000000000000000000e+00,2.000000000000000000e+04
5.151515151515151381e-01,5.454545454545454142e-01,-1.306056906529270284e-02,-1.314264339957778305e-01,0.000000000000000000e+00,0.000000000000000000e+00,2.000000000000000000e+04
5.454545454545454142e-01,5.454545454545454142e-01,-1.324782985771295885e-02,-1.385199238227768359e-01,0.000000000000000000e+00,0.000000000000000000e+00,2.000000000000000000e+04
5.757575757575758013e-01,5.454545454545454142e-01,-1.335537956335433075e-02,-1.454172571623281174e-01,0.000000000000000000e+00,0.000000000000000000e+00,2.000000000000000000e+04
6.060606060606060774e-01,5.454545454545454142e-01,-1.338255513402736990e-02,-1.521003471858178580e-01,0.000000000000000000e+00,0.000000000000000000e+00,2.000000000000000000e+04
6.363636363636363535e-01,5.454545454545454142e-01,-1.332967075988531445e-02,-1.585515849688371448e-01,0.000000000000000000e+00,0.000000000000000000e+00,2.000000000000000000e+04
6.666666666666666297e-01,5.454545454545454142e-01,-1.319811678256362086e-02,-1.647537986108058849e-01,0.000000000000000000e+00,0.000000000000000000e+00,2.000000000000000000e+04
6.969696969696970168e-01,5.454545454545454142e-01,-1.299045446026911299e-02,-1.706901998826394484e-01,0.000000000000000000e+00,0.000000000000000000e+00,2.000000000000000000e+04
7.272727272727272929e-01,5.454545454545454142e-01,-1.271050877731143974e-02,-1.763443162756634375e-01,0.000000000000000000e+00,0.000000000000000000e+00,2.000000000000000000e+04
7.575757575757575690e-01,5.454545454545454142e-01,-1.236346048700356047e-02,-1.816999053489374016e-01,0.000000000000000000e+00,0.000000000000000000e+00,2.000000000000000000e+04
7.878787878787878451e-01,5.454545454545454142e-01,-1.195593744698149330e-02,-1.867408474798559481e-01,0.000000000000000000e+00,0.000000000000000000e+00,2.000000000000000000e+04
8.181818181818182323e-01,5.454545454545454142e-01,-1.149610402781115967e-02,-1.914510124896528775e-01,0.000000000000000000e+00,0.000000000000000000e+00,2.000000000000000000e+04
8.484848484848485084e-01,5.454545454545454142e-01,-1.099374590908680505e-02,-1.958140951433072763e-01,0.000000000000000000e+00,0.000000000000000000e+00,2.000000000000000000e+04
8.787878787878787845e-01,5.454545454545454142e-01,-1.046034587182444534e-02,-1.998134142593070983e-01,0.000000000000000000e+00,0.000000000000000000e+00,2.000000000000000000e+04
9.090909090909090606e-01,5.454545454545454142e-01,-9.909144204700676486e-03,-2.034316702252657594e-01,0.000000000000000000e+00,0.000000000000000000e+00,2.000000000000000000e+04
9.393939393939394478e-01,5.454545454545454142e-01,-9.355175046098574906e-03,-2.066506563143524489e-01,0.000000000000000000e+00,0.000000000000000000e+00,2.000000000000000000e+04
9.696969696969697239e-01,5.454545454545454142e-01,-8.815267440172261382e-03,-2.094509206606900986e-01,0.000000000000000000e+00,0.000000000000000000e+00,2.000000000000000000e+04
1.000000000000000000e+00,5.454545454545454142e-01,-8.307997292481194770e-03,-2.118113784750284834e-01,0.000000000000000000e+00,0.000000000000000000e+00,2.000000000000000000e+04
0.000000000000000000e+00,5.757575757575758013e-01,0.000000000000000000e+00,0.000000000000000000e+00,1.000000000000000000e+00,0.000000000000000000e+00,2.000000000000000000e+04
3.030303030303030387e-02,5.757575757575758013e-01,-1.224525994799966540e-03,-7.570967545242592890e-03,0.000000000000000000e+00,0.000000000000000000e+00,2.000000000000000000e+04
6.060606060606060774e-02,5.757575757575758013e-01,-2.369010023607167389e-03,-1.522793123357802161e-02,0.000000000000000000e+00,0.000000000000000000e+00,2.000000000000000000e+04
9.090909090909091161e-02,5.757575757575758013e-01,-3.440958908485586276e-03,-2.296863629770244317e-02,0.000000000000000000e+00,0.000000000000000000e+00,2.000000000000000000e+04
1.212121212121212155e-01,5.757575757575758013e-01,-4.446796478435999407e-03,-3.078701348387819989e-02,0.000000000000000000e+00,0.000000000000000000e+00,2.000000000000000000e+04
1.515151515151515194e-01,5.757575757575758013e-01,-5.391651248879593926e-03,-3.867358003359654128e-02,0.000000000000000000e+00,0.000000000000000000e+00,2.000000000000000000e+04
1.818181818181818232e-01,5.757575757575758013e-01,-6.279239440589090213e-03,-4.661590773994572778e-02,0.000000000000000000e+00,0.000000000000000000e+00,2.000000000000000000e+04
2.121212121212121271e-01,5.757575757575758013e-01,-7.111842213951922315e-03,-5.459911921744965702e-02,0.000000000000000000e+00,0.000000000000000000e+00,2.000000000000000000e+04
2.424242424242424310e-01,5.757575757575758013e-01,-7.890367467845603097e-03,-6.260637968115762009e-02,0.000000000000000000e+00,0.000000000000000000e+00,2.000000000000000000e+04
2.727272727272727071e-01,5.757575757575758013e-01,-8.614480945899926842e-03,-7.061935904910421336e-02,0.000000000000000000e+00,0.000000000000000000e+00,2.000000000000000000e+04
3.030303030303030387e-01,5.757575757575758013e-01,-9.282788622033830844e-03,-7.861864702131171612e-02,0.000000000000000000e+00,0.000000000000000000e+00,2.000000000000000000e+04
3.333333333333333148e-01,5.757575757575758013e-01,-9.893052022368854434e-03,-8.658411115300834737e-02,0.000000000000000000e+00,0.000000000000000000e+00,2.000000000000000000e+04
3.636363636363636465e-01,5.757575757575758013e-01,-1.044241972029084226e-02,-9.449519426960897861e-02,0.000000000000000000e+00,0.000000000000000000e+00,2.000000000000000000e+04
3.939393939393939226e-01,5.757575757575758013e-01,-1.092766107448708487e-02,-1.023311525318269521e-01,0.000000000000000000e+00,0.000000000000000000e+00,2.000000000000000000e+04
4.242424242424242542e-01,5.757575757575758013e-01,-1.134539173763715082e-02,-1.100712389251427836e-01,0.000000000000000000e+00,0.000000000000000000e+00,2.000000000000000000e+04
4.545454545454545303e-01,5.757575757575758013e-01,-1.169228400418857380e-02,-1.176948389715478382e-01,0.000000000000000000e+00,0.000000000000000000e+00,2.000000000000000000e+04
4.848484848484848619e-01,5.757575757575758013e-01,-1.196525828279792515e-02,-1.251815662311511479e-01,0.000000000000000000e+00,0.000000000000000000e+00,2.000000000000000000e+04
5.151515151515151381e-01,5.757575757575758013e-01,-1.216165462008876770e-02,-1.325113249477899990e-01,0.000000000000000000e+00,0.000000000000000000e+00,2.000000000000000000e+04
5.454545454545454142e-01,5.757575757575758013e-01,-1.227938515906426206e-02,-1.396643462961729143e-01,0.000000000000000000e+00,0.000000000000000000e+00,2.000000000000000000e+04
5.757575757575758013e-01,5.757575757575758013e-01,-1.231706969290446464e-02,-1.466212033914356672e-01,0.000000000000000000e+00,0.000000000000000000e+00,2.000000000000000000e+04
6.060606060606060774e-01,5.757575757575758013e-01,-1.227415715080813069e-02,-1.533628087602018353e-01,0.000000000000000000e+00,0.000000000000000000e+00,2.000000000000000000e+04
6.363636363636363535e-01,5.757575757575758013e-01,-1.215103603789280742e-02,-1.598703965173183805e-01,0.000000000000000000e+00,0.000000000000000000e+00,2.000000000000000000e+04
6.666666666666666297e-01,5.757575757575758013e-01,-1.194913665865692150e-02,-1.661254901536068085e-01,0.000000000000000000e+00,0.000000000000000000e+00,2.000000000000000000e+04
6.969696969696970168e-01,5.757575757575758013e-01,-1.167102747800095007e-02,-1.721098556739944496e-01,0.000000000000000000e+00,0.000000000000000000e+00,2.000000000000000000e+04
7.272727272727272929e-01,5.757575757575758013e-01,-1.132050728332839422e-02,-1.778054388515640516e-01,0.000000000000000000e+00,0.000000000000000000e+00,2.000000000000000000e+04
7.575757575757575690e-01,5.757575757575758013e-01,-1.090269394585690992e-02,-1.831942845791720287e-01,0.000000000000000000e+00,0.000000000000000000e+00,2.000000000000000000e+04
7.878787878787878451e-01,5.757575757575758013e-01,-1.042410955446032572e-02,-1.882584356971429285e-01,0.000000000000000000e+00,0.000000000000000000e+00,2.000000000000000000e+04
8.181818181818182323e-01,5.757575757575758013e-01,-9.892760507675454201e-03,-1.929798082502061640e-01,0.000000000000000000e+00,0.000000000000000000e+00,2.000000000000000000e+04
8.484848484848485084e-01,5.757575757575758013e-01,-9.318209783445849034e-03,-1.973400398955338919e-01,0.000000000000000000e+00,0.000000000000000000e+00,2.000000000000000000e+04
8.787878787878787845e-01,5.757575757575758013e-01,-8.711637043166653785e-03,-2.013203081958512830e-01,0.000000000000000000e+00,0.000000000000000000e+00,2.000000000000000000e+04
9.090909090909090606e-01,5.757575757575758013e-01,-8.085880458468849841e-03,-2.049011158846119063e-01,0.000000000000000000e+00,0.000000000000000000e+00,2.000000000000000000e+04
9.393939393939394478e-01,5.757575757575758013e-01,-7.455452199615798282e-03,-2.080620410404953602e-01,0.000000000000000000e+00,0.000000000000000000e+00,2.000000000000000000e+04
9.696969696969697239e-01,5.757575757575758013e-01,-6.836517480628899815e-03,-2.107814516643875813e-01,0.000000000000000000e+00,0.000000000000000000e+00,2.000000000000000000e+04
1.000000000000000000e+00,5.757575757575758013e-01,-6.246825106889303085e-03,-2.130361866230355561e-01,0.000000000000000000e+00,0.000000000000000000e+00,2.000000000000000000e+04
0.000000000000000000e+00,6.060606060606060774e-01,0.000000000000000000e+00,0.000000000000000000e+00,1.000000000000000000e+00,0.000000000000000000e+00,2.000000000000000000e+04
3.030303030303030387e-02,6.060606060606060774e-01,-1.194605849847810673e-03,-7.686268518371653334e-03,0.000000000000000000e+00,0.000000000000000000e+00,2.000000000000000000e+04
6.060606060606060774e-02,6.060606060606060774e-01,-2.309850932700968987e-03,-1.544604117239762285e-02,0.000000000000000000e+00,0.000000000000000000e+00,2.000000000000000000e+04
9.090909090909091161e-02,6.060606060606060774e-01,-3.352122314289997587e-03,-2.327817978840486177e-02,0.000000000000000000e+00,0.000000000000000000e+00,2.000000000000000000e+04
1.212121212121212155e-01,6.060606060606060774e-01,-4.326866662767985851e-03,-3.117801742042964133e-02,0.000000000000000000e+00,0.000000000000000000e+00,2.000000000000000000e+04
1.515151515151515194e-01,6.060606060606060774e-01,-5.238422592874983873e-03,-3.913766596117400354e-02,0.000000000000000000e+00,0.000000000000000000e+00,2.000000000000000000e+04
1.818181818181818232e-01,6.060606060606060774e-01,-6.089925232602991061e-03,-4.714638594500266539e-02,0.000000000000000000e+00,0.000000000000000000e+00,2.000000000000000000e+04
2.121212121212121271e-01,6.060606060606060774e-01,-6.883284039077623012e-03,-5.519098884260005555e-02,0.000000000000000000e+00,0.000000000000000000e+00,2.000000000000000000e+04
2.424242424242424310e-01,6.060606060606060774e-01,-7.619228324917080679e-03,-6.325624586963714269e-02,0.000000000000000000e+00,0.000000000000000000e+00,2.000000000000000000e+04
2.727272727272727071e-01,6.060606060606060774e-01,-8.297410332726504190e-03,-7.132528232791277012e-02,0.000000000000000000e+00,0.000000000000000000e+00,2.000000000000000000e+04
3.030303030303030387e-01,6.060606060606060774e-01,-8.916553052858620931e-03,-7.937994200114127652e-02,0.000000000000000000e+00,0.000000000000000000e+00,2.000000000000000000e+04
3.333333333333333148e-01,6.060606060606060774e-01,-9.474629133411136342e-03,-8.740111152849816545e-02,0.000000000000000000e+00,0.000000000000000000e+00,2.000000000000000000e+04
3.636363636363636465e-01,6.060606060606060774e-01,-9.969057848444408398e-03,-9.536899952506509848e-02,0.000000000000000000e+00,0.000000000000000000e+00,2.000000000000000000e+04
3.939393939393939226e-01,6.060606060606060774e-01,-1.039690875868569397e-02,-1.032633692132557124e-01,0.000000000000000000e+00,0.000000000000000000e+00,2.000000000000000000e+04
4.242424242424242542e-01,6.060606060606060774e-01,-1.075510299087274746e-02,-1.110637263239315775e-01,0.000000000000000000e+00,0.000000000000000000e+00,2.000000000000000000e+04
4.545454545454545303e-01,6.060606060606060774e-01,-1.104060558634224927e-02,-1.187494660006454678e-01,0.000000000000000000e+00,0.000000000000000000e+00,2.000000000000000000e+04
4.848484848484848619e-01,6.060606060606060774e-01,-1.125060480956167550e-02,-1.262999834793649967e-01,0.000000000000000000e+00,0.000000000000000000e+00,2.000000000000000000e+04
5.151515151515151381e-01,6.060606060606060774e-01,-1.138267643984827715e-02,-1.336947535745773852e-01,0.000000000000000000e+00,0.000000000000000000e+00,2.000000000000000000e+04
5.454545454545454142e-01,6.060606060606060774e-01,-1.143493276679739996e-02,-1.409133836730662448e-01,0.000000000000000000e+00,0.000000000000000000e+00,2.000000000000000000e+04
5.757575757575758013e-01,6.060606060606060774e-01,-1.140615722678636930e-02,-1.479356442162185481e-01,0.000000000000000000e+00,0.000000000000000000e+00,2.000000000000000000e+04
6.060606060606060774e-01,6.060606060606060774e-01,-1.129592636979737628e-02,-1.547414797184300250e-01,0.000000000000000000e+00,0.000000000000000000e+00,2.000000000000000000e+04
6.363636363636363535e-01,6.060606060606060774e-01,-1.110472118420710065e-02,-1.613110023667966575e-01,0.000000000000000000e+00,0.000000000000000000e+00,2.000000000000000000e+04
6.666666666666666297e-01,6.060606060606060774e-01,-1.083402979761509920e-02,-1.676244692800400726e-01,0.000000000000000000e+00,0.000000000000000000e+00,2.000000000000000000e+04
6.969696969696970168e-01,6.060606060606060774e-01,-1.048644327742329942e-02,-1.736622436397924352e-01,0.000000000000000000e+00,0.000000000000000000e+00,2.000000000000000000e+04
7.272727272727272929e-01,6.060606060606060774e-01,-1.006574572692654074e-02,-1.794047391827019722e-01,0.000000000000000000e+00,0.000000000000000000e+00,2.000000000000000000e+04
7.575757575757575690e-01,6.060606060606060774e-01,-9.576999146474730884e-03,-1.848323469755364934e-01,0.000000000000000000e+00,0.000000000000000000e+00,2.000000000000000000e+04
7.878787878787878451e-01,6.060606060606060774e-01,-9.026622624787934701e-03,-1.899253429967522055e-01,0.000000000000000000e+00,0.000000000000000000e+00,2.000000000000000000e+04
8.181818181818182323e-01,6.060606060606060774e-01,-8.422464350801189478e-03,-1.946637748275713564e-01,0.000000000000000000e+00,0.000000000000000000e+00,2.000000000000000000e+04
8.484848484848485084e-01,6.060606060606060774e-01,-7.773863693301481109e-03,-1.990273257358688153e-01,0.000000000000000000e+00,0.000000000000000000e+00,2.000000000000000000e+04
8.787878787878787845e-01,6.060606060606060774e-01,-7.091699187832514219e-03,-2.029951546610546387e-01,0.000000000000000000e+00,0.000000000000000000e+00,2.000000000000000000e+04
9.090909090909090606e-01,6.060606060606060774e-01,-6.388416715151399965e-03,-2.065457111512108423e-01,0.000000000000000000e+00,0.000000000000000000e+00,2.000000000000000000e+04
9.393939393939394478e-01,6.060606060606060774e-01,-5.678030499866162061e-03,-2.096565252695956061e-01,0.000000000000000000e+00,0.000000000000000000e+00,2.000000000000000000e+04
9.696969696969697239e-01,6.060606060606060774e-01,-4.976087898442616876e-03,-2.123039739976792795e-01,0.000000000000000000e+00,0.000000000000000000e+00,2.000000000000000000e+04
1.000000000000000000e+00,6.060606060606060774e-01,-4.299587447095394241e-03,-2.144630278101946341e-01,0.000000000000000000e+00,0.000000000000000000e+00,2.000000000000000000e+04
0.000000000000000000e+00,6.363636363636363535e-01,0.000000000000000000e+00,0.000000000000000000e+00,1.000000000000000000e+00,0.000000000000000000e+00,2.000000000000000000e+04
3.030303030303030387e-02,6.363636363636363535e-01,-1.169683070878936755e-03,-7.799803140921340687e-03,0.000000000000000000e+00,0.000000000000000000e+00,2.000000000000000000e+04
6.060606060606060774e-02,6.363636363636363535e-01,-2.260990771783040303e-03,-1.566248707661665671e-02,0.000000000000000000e+00,0.000000000000000000e+00,2.000000000000000000e+04
9.090909090909091161e-02,6.363636363636363535e-01,-3.279267626622748254e-03,-2.358790394648230954e-02,0.000000000000000000e+00,0.000000000000000000e+00,2.000000000000000000e+04
1.212121212121212155e-01,6.363636363636363535e-01,-4.229024396926054155e-03,-3.157259819411251806e-02,0.000000000000000000e+00,0.000000000000000000e+00,2.000000000000000000e+04
1.515151515151515194e-01,6.363636363636363535e-01,-5.113809677561830837e-03,-3.961004382058578438e-02,0.000000000000000000e+00,0.000000000000000000e+00,2.000000000000000000e+04
1.818181818181818232e-01,6.363636363636363535e-01,-5.936136594022952198e-03,-4.769093843389644177e-02,0.000000000000000000e+00,0.000000000000000000e+00,2.000000000000000000e+04
2.121212121212121271e-01,6.363636363636363535e-01,-6.697466626721048331e-03,-5.580353133159898782e-02,0.000000000000000000e+00,0.000000000000000000e+00,2.000000000000000000e+04
2.424242424242424310e-01,6.363636363636363535e-01,-7.398247557121199157e-03,-6.393396498630690705e-02,0.000000000000000000e+00,0.000000000000000000e+00,2.000000000000000000e+04
2.727272727272727071e-01,6.363636363636363535e-01,-8.037998789061348570e-03,-7.206661255963141277e-02,0.000000000000000000e+00,0.000000000000000000e+00,2.000000000000000000e+04
3.030303030303030387e-01,6.363636363636363535e-01,-8.615434939327700631e-03,-8.018439789242076676e-02,0.000000000000000000e+00,0.000000000000000000e+00,2.000000000000000000e+04
3.333333333333333148e-01,6.363636363636363535e-01,-9.128617540519551321e-03,-8.826908834506407009e-02,0.000000000000000000e+00,0.000000000000000000e+00,2.000000000000000000e+04
3.636363636363636465e-01,6.363636363636363535e-01,-9.575124764954189363e-03,-9.630155453257177589e-02,0.000000000000000000e+00,0.000000000000000000e+00,2.000000000000000000e+04
3.939393939393939226e-01,6.363636363636363535e-01,-9.952229999043767789e-03,-1.042619941635286596e-01,0.000000000000000000e+00,0.000000000000000000e+00,2.000000000000000000e+04
4.242424242424242542e-01,6.363636363636363535e-01,-1.025708158443374568e-02,-1.121301197018561985e-01,0.000000000000000000e+00,0.000000000000000000e+00,2.000000000000000000e+04
4.545454545454545303e-01,6.363636363636363535e-01,-1.048687781645560313e-02,-1.198853113717588126e-01,0.000000000000000000e+00,0.000000000000000000e+00,2.000000000000000000e+04
4.848484848484848619e-01,6.363636363636363535e-01,-1.063903311150836938e-02,-1.275067381441020442e-01,0.000000000000000000e+00,0.000000000000000000e+00,2.000000000000000000e+04
5.151515151515151381e-01,6.363636363636363535e-01,-1.071133293772564936e-02,-1.349734498602637722e-01,0.000000000000000000e+00,0.000000000000000000e+00,2.000000000000000000e+04
5.454545454545454142e-01,6.363636363636363535e-01,-1.070207652414045980e-02,-1.422644436870298124e-01,0.000000000000000000e+00,0.000000000000000000e+00,2.000000000000000000e+04
5.757575757575758013e-01,6.363636363636363535e-01,-1.061020745662864806e-02,-1.493587077878767433e-01,0.000000000000000000e+00,0.000000000000000000e+00,2.000000000000000000e+04
6.060606060606060774e-01,6.363636363636363535e-01,-1.043543301499292794e-02,-1.562352445729686401e-01,0.000000000000000000e+00,0.000000000000000000e+00,2.000000000000000000e+04
6.363636363636363535e-01,6.363636363636363535e-01,-1.017833351770225207e-02,-1.628730752670085324e-01,0.000000000000000000e+00,0.000000000000000000e+00,2.000000000000000000e+04
6.666666666666666297e-01,6.363636363636363535e-01,-9.840463049829627218e-03,-1.692512269020620130e-01,0.000000000000000000e+00,0.000000000000000000e+00,2.000000000000000000e+04
6.969696969696970168e-01,6.363636363636363535e-01,-9.424442792139003586e-03,-1.753487022683337948e-01,0.000000000000000000e+00,0.000000000000000000e+00,2.000000000000000000e+04
7.272727272727272929e-01,6.363636363636363535e-01,-8.934047778970980250e-03,-1.811444328844978580e-01,0.000000000000000000e+00,0.000000000000000000e+00,2.000000000000000000e+04
7.575757575757575690e-01,6.363636363636363535e-01,-8.374287316561047564e-03,-1.866172147091095523e-01,0.000000000000000000e+00,0.000000000000000000e+00,2.000000000000000000e+04
7.878787878787878451e-01,6.363636363636363535e-01,-7.751478510965782720e-03,-1.917456261249819160e-01,0.000000000000000000e+00,0.000000000000000000e+00,2.000000000000000000e+04
8.181818181818182323e-01,6.363636363636363535e-01,-7.073311399449264125e-03,-1.965079277063159213e-01,0.000000000000000000e+00,0.000000000000000000e+00,2.000000000000000000e+04
8.484848484848485084e-01,6.363636363636363535e-01,-6.348903063306553067e-03,-2.008819434462761067e-01,0.000000000000000000e+00,0.000000000000000000e+00,2.000000000000000000e+04
8.787878787878787845e-01,6.363636363636363535e-01,-5.588836841394136459e-03,-2.048449235146865555e-01,0.000000000000000000e+00,0.000000000000000000e+00,2.000000000000000000e+04
9.090909090909090606e-01,6.363636363636363535e-01,-4.805181394326550094e-03,-2.083733892810517296e-01,0.000000000000000000e+00,0.000000000000000000e+00,2.000000000000000000e+04
9.393939393939394478e-01,6.363636363636363535e-01,-4.011482947364126625e-03,-2.114429623393384305e-01,0.000000000000000000e+00,0.000000000000000000e+00,2.000000000000000000e+04
9.696969696969697239e-01,6.363636363636363535e-01,-3.222722660814455152e-03,-2.140281806683099197e-01,0.000000000000000000e+00,0.000000000000000000e+00,2.000000000000000000e+04
1.000000000000000000e+00,6.363636363636363535e-01,-2.455229879809680150e-03,-2.161023068807736702e-01,0.000000000000000000e+00,0.000000000000000000e+00,2.000000000000000000e+04
0.000000000000000000e+00,6.666666666666666297e-01,0.000000000000000000e+00,0.000000000000000000e+00,1.000000000000000000e+00,0.000000000000000000e+00,2.000000000000000000e+04
3.030303030303030387e-02,6.666666666666666297e-01,-1.149034290027347574e-03,-7.911191722810205496e-03,0.000000000000000000e+00,0.000000000000000000e+00,2.000000000000000000e+04
6.060606060606060774e-02,6.666666666666666297e-01,-2.220969047931447161e-03,-1.587637287339153935e-02,0.000000000000000000e+00,0.000000000000000000e+00,2.000000000000000000e+04
9.090909090909091161e-02,6.666666666666666297e-01,-3.220165238227543688e-03,-2.389629408091509602e-02,0.000000000000000000e+00,0.000000000000000000e+00,2.000000000000000000e+04
1.212121212121212155e-01,6.666666666666666297e-01,-4.150229899273548927e-03,-3.196856447197117534e-02,0.000000000000000000e+00,0.000000000000000000e+00,2.000000000000000000e+04
1.515151515151515194e-01,6.666666666666666297e-01,-5.013922243317437896e-03,-4.008783543935658111e-02,0.000000000000000000e+00,0.000000000000000000e+00,2.000000000000000000e+04
1.818181818181818232e-01,6.666666666666666297e-01,-5.813102093574558371e-03,-4.824603600177237994e-02,0.000000000000000000e+00,0.000000000000000000e+00,2.000000000000000000e+04
2.121212121212121271e-01,6.666666666666666297e-01,-6.548723000875993072e-03,-5.643264223402408991e-02,0.000000000000000000e+00,0.000000000000000000e+00,2.000000000000000000e+04
2.424242424242424310e-01,6.666666666666666297e-01,-7.220868541855160645e-03,-6.463496434585190575e-02,0.000000000000000000e+00,0.000000000000000000e+00,2.000000000000000000e+04
2.727272727272727071e-01,6.666666666666666297e-01,-7.828827314290761827e-03,-7.283843704516970718e-02,0.000000000000000000e+00,0.000000000000000000e+00,2.000000000000000000e+04
3.030303030303030387e-01,6.666666666666666297e-01,-8.371200122159624946e-03,-8.102690143648118293e-02,0.000000000000000000e+00,0.000000000000000000e+00,2.000000000000000000e+04
3.333333333333333148e-01,6.666666666666666297e-01,-8.846031769547599982e-03,-8.918286952988201122e-02,0.000000000000000000e+00,0.000000000000000000e+00,2.000000000000000000e+04
3.636363636363636465e-01,6.666666666666666297e-01,-9.250959654345889543e-03,-9.728776518948777097e-02,0.000000000000000000e+00,0.000000000000000000e+00,2.000000000000000000e+04
3.939393939393939226e-01,6.666666666666666297e-01,-9.583371805928558515e-03,-1.053221378241645662e-01,0.000000000000000000e+00,0.000000000000000000e+00,2.000000000000000000e+04
4.242424242424242542e-01,6.666666666666666297e-01,-9.840567952557397260e-03,-1.132658471828633939e-01,0.000000000000000000e+00,0.000000000000000000e+00,2.000000000000000000e+04
4.545454545454545303e-01,6.666666666666666297e-01,-1.001991843748502829e-02,-1.210982191948949543e-01,0.000000000000000000e+00,0.000000000000000000e+00,2.000000000000000000e+04
4.848484848484848619e-01,6.666666666666666297e-01,-1.011901714836899863e-02,-1.287981738848301416e-01,0.000000000000000000e+00,0.000000000000000000e+00,2.000000000000000000e+04
5.151515151515151381e-01,6.666666666666666297e-01,-1.013582593492341234e-02,-1.363443270321764156e-01,0.000000000000000000e+00,0.000000000000000000e+00,2.000000000000000000e+04
5.454545454545454142e-01,6.666666666666666297e-01,-1.006880915549061666e-02,-1.437150675099837238e-01,0.000000000000000000e+00,0.000000000000000000e+00,2.000000000000000000e+04
5.757575757575758013e-01,6.666666666666666297e-01,-9.917057944075789722e-03,-1.508886122143422992e-01,0.000000000000000000e+00,0.000000000000000000e+00,2.000000000000000000e+04
6.060606060606060774e-01,6.666666666666666297e-01,-9.680404489084569811e-03,-1.578430402832027291e-01,0.000000000000000000e+00,0.000000000000000000e+00,2.000000000000000000e+04
6.363636363636363535e-01,6.666666666666666297e-01,-9.359527053335224556e-03,-1.645563079870791534e-01,0.000000000000000000e+00,0.000000000000000000e+00,2.000000000000000000e+04
6.666666666666666297e-01,6.666666666666666297e-01,-8.956046648747736580e-03,-1.710062453323785148e-01,0.000000000000000000e+00,0.000000000000000000e+00,2.000000000000000000e+04
6.969696969696970168e-01,6.666666666666666297e-01,-8.472616224138309129e-03,-1.771705351109677529e-01,0.000000000000000000e+00,0.000000000000000000e+00,2.000000000000000000e+04
7.272727272727272929e-01,6.666666666666666297e-01,-7.913002949096165084e-03,-1.830266749021222383e-01,0.000000000000000000e+00,0.000000000000000000e+00,2.000000000000000000e+04
7.575757575757575690e-01,6.666666666666666297e-01,-7.282163698279519627e-03,-1.885519224168923091e-01,0.000000000000000000e+00,0.000000000000000000e+00,2.000000000000000000e+04
7.878787878787878451e-01,6.666666666666666297e-01,-6.586313173846885562e-03,-1.937232245926007457e-01,0.000000000000000000e+00,0.000000000000000000e+00,2.000000000000000000e+04
8.181818181818182323e-01,6.666666666666666297e-01,-5.832983263579877460e-03,-1.985171310144949741e-01,0.000000000000000000e+00,0.000000000000000000e+00,2.000000000000000000e+04
8.484848484848485084e-01,6.666666666666666297e-01,-5.031071235649583855e-03,-2.029096925805075335e-01,0.000000000000000000e+00,0.000000000000000000e+00,2.000000000000000000e+04
8.787878787878787845e-01,6.666666666666666297e-01,-4.190873242912379788e-03,-2.068763468555399609e-01,0.000000000000000000e+00,0.000000000000000000e+00,2.000000000000000000e+04
9.090909090909090606e-01,6.666666666666666297e-01,-3.324098389704709198e-03,-2.103917923107497256e-01,0.000000000000000000e+00,0.000000000000000000e+00,2.000000000000000000e+04
9.393939393939394478e-01,6.666666666666666297e-01,-2.443857363991835605e-03,-2.134298546395707041e-01,0.000000000000000000e+00,0.000000000000000000e+00,2.000000000000000000e+04
9.696969696969697239e-01,6.666666666666666297e-01,-1.564618447201117325e-03,-2.159633496041807599e-01,0.000000000000000000e+00,0.000000000000000000e+00,2.000000000000000000e+04
1.000000000000000000e+00,6.666666666666666297e-01,-7.021227018561495984e-04,-2.179639483810191514e-01,0.000000000000000000e+00,0.000000000000000000e+00,2.000000000000000000e+04
0.000000000000000000e+00,6.969696969696970168e-01,0.000000000000000000e+00,0.000000000000000000e+00,1.000000000000000000e+00,0.000000000000000000e+00,2.000000000000000000e+04
3.030303030303030387e-02,6.969696969696970168e-01,-1.131990418139042958e-03,-8.020059734458887327e-03,0.000000000000000000e+00,0.000000000000000000e+00,2.000000000000000000e+04
6.060606060606060774e-02,6.969696969696970168e-01,-2.188440011350346708e-03,-1.608684706592582170e-02,0.000000000000000000e+00,0.000000000000000000e+00,2.000000000000000000e+04
9.090909090909091161e-02,6.969696969696970168e-01,-3.172769590966362848e-03,-2.420194489804935317e-02,0.000000000000000000e+00,0.000000000000000000e+00,2.000000000000000000e+04
1.212121212121212155e-01,6.969696969696970168e-01,-4.087705658165840042e-03,-3.236391384044057240e-02,0.000000000000000000e+00,0.000000000000000000e+00,2.000000000000000000e+04
1.515151515151515194e-01,6.969696969696970168e-01,-4.935216996693568038e-03,-4.056843494677019046e-02,0.000000000000000000e+00,0.000000000000000000e+00,2.000000000000000000e+04
1.818181818181818232e-01,6.969696969696970168e-01,-5.716484019318431378e-03,-4.880849940078040711e-02,0.000000000000000000e+00,0.000000000000000000e+00,2.000000000000000000e+04
2.121212121212121271e-01,6.969696969696970168e-01,-6.431903129785375255e-03,-5.707463158324910246e-02,0.000000000000000000e+00,0.000000000000000000e+00,2.000000000000000000e+04
2.424242424242424310e-01,6.969696969696970168e-01,-7.081125441460649900e-03,-6.535513238242657286e-02,0.000000000000000000e+00,0.000000000000000000e+00,2.000000000000000000e+04
2.727272727272727071e-01,6.969696969696970168e-01,-7.663126837642289871e-03,-7.363633084464933642e-02,0.000000000000000000e+00,0.000000000000000000e+00,2.000000000000000000e+04
3.030303030303030387e-01,6.969696969696970168e-01,-8.176304672385033626e-03,-8.190283401225668947e-02,0.000000000000000000e+00,0.000000000000000000e+00,2.000000000000000000e+04
3.333333333333333148e-01,6.969696969696970168e-01,-8.618595411696928013e-03,-9.013776680256714580e-02,0.000000000000000000e+00,0.000000000000000000e+00,2.000000000000000000e+04
3.636363636363636465e-01,6.969696969696970168e-01,-8.987607151306972048e-03,-9.832299582616946254e-02,0.000000000000000000e+00,0.000000000000000000e+00,2.000000000000000000e+04
3.939393939393939226e-01,6.969696969696970168e-01,-9.280761119125253283e-03,-1.064393329556964640e-01,0.000000000000000000e+00,0.000000000000000000e+00,2.000000000000000000e+04
4.242424242424242542e-01,6.969696969696970168e-01,-9.495436850534666462e-03,-1.144667161194966032e-01,0.000000000000000000e+00,0.000000000000000000e+00,2.000000000000000000e+04
4.545454545454545303e-01,6.969696969696970168e-01,-9.629116575804444120e-03,-1.223843661400374067e-01,0.000000000000000000e+00,0.000000000000000000e+00,2.000000000000000000e+04
4.848484848484848619e-01,6.969696969696970168e-01,-9.679525349842364734e-03,-1.301709194413338544e-01,0.000000000000000000e+00,0.000000000000000000e+00,2.000000000000000000e+04
5.151515151515151381e-01,6.969696969696970168e-01,-9.644764470464832137e-03,-1.378045371275207764e-01,0.000000000000000000e+00,0.000000000000000000e+00,2.000000000000000000e+04
5.454545454545454142e-01,6.969696969696970168e-01,-9.523436680717221881e-03,-1.452629913282328933e-01,0.000000000000000000e+00,0.000000000000000000e+00,2.000000000000000000e+04
5.757575757575758013e-01,6.969696969696970168e-01,-9.314762467082318004e-03,-1.525237298759987703e-01,0.000000000000000000e+00,0.000000000000000000e+00,2.000000000000000000e+04
6.060606060606060774e-01,6.969696969696970168e-01,-9.018687405858476225e-03,-1.595639203949139329e-01,0.000000000000000000e+00,0.000000000000000000e+00,2.000000000000000000e+04
6.363636363636363535e-01,6.969696969696970168e-01,-8.635980951315640544e-03,-1.663604748069989203e-01,0.000000000000000000e+00,0.000000000000000000e+00,2.000000000000000000e+04
6.666666666666666297e-01,6.969696969696970168e-01,-8.168327292470717316e-03,-1.728900551653306805e-01,0.000000000000000000e+00,0.000000000000000000e+00,2.000000000000000000e+04
6.969696969696970168e-01,6.969696969696970168e-01,-7.618408930564740840e-03,-1.791290616538915026e-01,0.000000000000000000e+00,0.000000000000000000e+00,2.000000000000000000e+04
7.272727272727272929e-01,6.969696969696970168e-01,-6.989983451577946871e-03,-1.850536035943985136e-01,0.000000000000000000e+00,0.000000000000000000e+00,2.000000000000000000e+04
7.575757575757575690e-01,6.969696969696970168e-01,-6.287953594717489436e-03,-1.906394544004615665e-01,0.000000000000000000e+00,0.000000000000000000e+00,2.000000000000000000e+04
7.878787878787878451e-01,6.969696969696970168e-01,-5.518430157737955893e-03,-1.958619916403610550e-01,0.000000000000000000e+00,0.000000000000000000e+00,2.000000000000000000e+04
8.181818181818182323e-01,6.969696969696970168e-01,-4.688786544963526905e-03,-2.006961237259474173e-01,0.000000000000000000e+00,0.000000000000000000e+00,2.000000000000000000e+04
8.484848484848485084e-01,6.969696969696970168e-01,-3.807702871323884186e-03,-2.051162052470545949e-01,0.000000000000000000e+00,0.000000000000000000e+00,2.000000000000000000e+04
8.787878787878787845e-01,6.969696969696970168e-01,-2.885196512674510511e-03,-2.090959436268291505e-01,0.000000000000000000e+00,0.000000000000000000e+00,2.000000000000000000e+04
9.090909090909090606e-01,6.969696969696970168e-01,-1.932634880929590040e-03,-2.126083005901393264e-01,0.000000000000000000e+00,0.000000000000000000e+00,2.000000000000000000e+04
9.393939393939394478e-01,6.969696969696970168e-01,-9.627250633310375670e-04,-2.156253929164528016e-01,0.000000000000000000e+00,0.000000000000000000e+00,2.000000000000000000e+04
9.696969696969697239e-01,6.969696969696970168e-01,1.052611795992614109e-05,-2.181183980793773569e-01,0.000000000000000000e+00,0.000000000000000000e+00,2.000000000000000000e+04
1.000000000000000000e+00,6.969696969696970168e-01,9.718889929585135517e-04,-2.200574716217673366e-01,0.000000000000000000e+00,0.000000000000000000e+00,2.000000000000000000e+04
0.000000000000000000e+00,7.272727272727272929e-01,0.000000000000000000e+00,0.000000000000000000e+00,1.000000000000000000e+00,0.000000000000000000e+00,2.000000000000000000e+04
3.030303030303030387e-02,7.272727272727272929e-01,-1.117922326237000014e-03,-8.126031781334733597e-03,0.000000000000000000e+00,0.000000000000000000e+00,2.000000000000000000e+04
6.060606060606060774e-02,7.272727272727272929e-01,-2.162142415094110703e-03,-1.629308478696165144e-02,0.000000000000000000e+00,0.000000000000000000e+00,2.000000000000000000e+04
9.090909090909091161e-02,7.272727272727272929e-01,-3.135170879073318536e-03,-2.450352732400649589e-02,0.000000000000000000e+00,0.000000000000000000e+00,2.000000000000000000e+04
1.212121212121212155e-01,7.272727272727272929e-01,-4.038868164034672276e-03,-3.275678392826955609e-02,0.000000000000000000e+00,0.000000000000000000e+00,2.000000000000000000e+04
1.515151515151515194e-01,7.272727272727272929e-01,-4.874408351051414713e-03,-4.104944632596371074e-02,0.000000000000000000e+00,0.000000000000000000e+00,2.000000000000000000e+04
1.818181818181818232e-01,7.272727272727272929e-01,-5.642268460064377850e-03,-4.937542744477235040e-02,0.000000000000000000e+00,0.000000000000000000e+00,2.000000000000000000e+04
2.121212121212121271e-01,7.272727272727272929e-01,-6.342245209442029519e-03,-5.772614787768714367e-02,0.000000000000000000e+00,0.000000000000000000e+00,2.000000000000000000e+04
2.424242424242424310e-01,7.272727272727272929e-01,-6.973498977988294364e-03,-6.609074420266648764e-02,0.000000000000000000e+00,0.000000000000000000e+00,2.000000000000000000e+04
2.727272727272727071e-01,7.272727272727272929e-01,-7.534622878774754721e-03,-7.445628923138408739e-02,0.000000000000000000e+00,0.000000000000000000e+00,2.000000000000000000e+04
3.030303030303030387e-01,7.272727272727272929e-01,-8.023733481149318211e-03,-8.280801539389069654e-02,0.000000000000000000e+00,0.000000000000000000e+00,2.000000000000000000e+04
3.333333333333333148e-01,7.272727272727272929e-01,-8.438578839021158504e-03,-9.112953386828055724e-02,0.000000000000000000e+00,0.000000000000000000e+00,2.000000000000000000e+04
3.636363636363636465e-01,7.272727272727272929e-01,-8.776659079594581817e-03,-9.940304356599852231e-02,0.000000000000000000e+00,0.000000000000000000e+00,2.000000000000000000e+04
3.939393939393939226e-01,7.272727272727272929e-01,-9.035354819048675018e-03,-1.076095255474847079e-01,0.000000000000000000e+00,0.000000000000000000e+00,2.000000000000000000e+04
4.242424242424242542e-01,7.272727272727272929e-01,-9.212059018086053361e-03,-1.157289197689980870e-01,0.000000000000000000e+00,0.000000000000000000e+00,2.000000000000000000e+04
4.545454545454545303e-01,7.272727272727272929e-01,-9.304308477151506523e-03,-1.237402821859693441e-01,0.000000000000000000e+00,0.000000000000000000e+00,2.000000000000000000e+04
4.848484848484848619e-01,7.272727272727272929e-01,-9.309911904032047714e-03,-1.316219211317836979e-01,0.000000000000000000e+00,0.000000000000000000e+00,2.000000000000000000e+04
5.151515151515151381e-01,7.272727272727272929e-01,-9.227072278539040148e-03,-1.393515125539997179e-01,0.000000000000000000e+00,0.000000000000000000e+00,2.000000000000000000e+04
5.454545454545454142e-01,7.272727272727272929e-01,-9.054502015926394615e-03,-1.469061941468812194e-01,0.000000000000000000e+00,0.000000000000000000e+00,2.000000000000000000e+04
5.757575757575758013e-01,7.272727272727272929e-01,-8.791530133845816899e-03,-1.542626387106406094e-01,0.000000000000000000e+00,0.000000000000000000e+00,2.000000000000000000e+04
6.060606060606060774e-01,7.272727272727272929e-01,-8.438201213563629663e-03,-1.613971072443919352e-01,0.000000000000000000e+00,0.000000000000000000e+00,2.000000000000000000e+04
6.363636363636363535e-01,7.272727272727272929e-01,-7.995366384970272952e-03,-1.682854823949704037e-01,0.000000000000000000e+00,0.000000000000000000e+00,2.000000000000000000e+04
6.666666666666666297e-01,7.272727272727272929e-01,-7.464766837376806199e-03,-1.749032829886002505e-01,0.000000000000000000e+00,0.000000000000000000e+00,2.000000000000000000e+04
6.969696969696970168e-01,7.272727272727272929e-01,-6.849110452656370120e-03,-1.812256605117532060e-01,0.000000000000000000e+00,0.000000000000000000e+00,2.000000000000000000e+04
7.272727272727272929e-01,7.272727272727272929e-01,-6.152142067582707860e-03,-1.872273786175827071e-01,0.000000000000000000e+00,0.000000000000000000e+00,2.000000000000000000e+04
7.575757575757575690e-01,7.272727272727272929e-01,-5.378707595679497848e-03,-1.928827770415212084e-01,0.000000000000000000e+00,0.000000000000000000e+00,2.000000000000000000e+04
7.878787878787878451e-01,7.272727272727272929e-01,-4.534811776701578624e-03,-1.981657217308420704e-01,0.000000000000000000e+00,0.000000000000000000e+00,2.000000000000000000e+04
8.181818181818182323e-01,7.272727272727272929e-01,-3.627668680306841802e-03,-2.030495435364050583e-01,0.000000000000000000e+00,0.000000000000000000e+00,2.000000000000000000e+04
8.484848484848485084e-01,7.272727272727272929e-01,-2.665743283543694532e-03,-2.075069684810750270e-01,0.000000000000000000e+00,0.000000000000000000e+00,2.000000000000000000e+04
8.787878787878787845e-01,7.272727272727272929e-01,-1.658781494743756827e-03,-2.115100434025458109e-01,0.000000000000000000e+00,0.000000000000000000e+00,2.000000000000000000e+04
9.090909090909090606e-01,7.272727272727272929e-01,-6.178249496855679236e-04,-2.150300616559357447e-01,0.000000000000000000e+00,0.000000000000000000e+00,2.000000000000000000e+04
9.393939393939394478e-01,7.272727272727272929e-01,4.447941817171963954e-04,-2.180374945325141978e-01,0.000000000000000000e+00,0.000000000000000000e+00,2.000000000000000000e+04
9.696969696969697239e-01,7.272727272727272929e-01,1.515484190113273099e-03,-2.205019350717949689e-01,0.000000000000000000e+00,0.000000000000000000e+00,2.000000000000000000e+04
1.000000000000000000e+00,7.272727272727272929e-01,2.579457352402649006e-03,-2.223920619638456997e-01,0.000000000000000000e+00,0.000000000000000000e+00,2.000000000000000000e+04
0.000000000000000000e+00,7.575757575757575690e-01,0.000000000000000000e+00,0.000000000000000000e+00,1.000000000000000000e+00,0.000000000000000000e+00,2.000000000000000000e+04
3.030303030303030387e-02,7.575757575757575690e-01,-1.106229289493011834e-03,-8.228727099140109233e-03,0.000000000000000000e+00,0.000000000000000000e+00,2.000000000000000000e+04
6.060606060606060774e-02,7.575757575757575690e-01,-2.140875332215744047e-03,-1.649427427842842936e-02,0.000000000000000000e+00,0.000000000000000000e+00,2.000000000000000000e+04
9.090909090909091161e-02,7.575757575757575690e-01,-3.105556718208155476e-03,-2.479976328026912979e-02,0.000000000000000000e+00,0.000000000000000000e+00,2.000000000000000000e+04
1.212121212121212155e-01,7.575757575757575690e-01,-4.001273980176396280e-03,-3.314541484003856453e-02,0.000000000000000000e+00,0.000000000000000000e+00,2.000000000000000000e+04
1.515151515151515194e-01,7.575757575757575690e-01,-4.828398007654337472e-03,-4.152863480188748874e-02,0.000000000000000000e+00,0.000000000000000000e+00,2.000000000000000000e+04
1.818181818181818232e-01,7.575757575757575690e-01,-5.586678420441996626e-03,-4.994414020594614007e-02,0.000000000000000000e+00,0.000000000000000000e+00,2.000000000000000000e+04
2.121212121212121271e-01,7.575757575757575690e-01,-6.275273424037552950e-03,-5.838411696533606088e-02,0.000000000000000000e+00,0.000000000000000000e+00,2.000000000000000000e+04
2.424242424242424310e-01,7.575757575757575690e-01,-6.892801019031201577e-03,-6.683840047824610164e-02,0.000000000000000000e+00,0.000000000000000000e+00,2.000000000000000000e+04
2.727272727272727071e-01,7.575757575757575690e-01,-7.437410025004842148e-03,-7.529467080727712813e-02,0.000000000000000000e+00,0.000000000000000000e+00,2.000000000000000000e+04
3.030303030303030387e-01,7.575757575757575690e-01,-7.906868286100186133e-03,-8.373865475476410802e-02,0.000000000000000000e+00,0.000000000000000000e+00,2.000000000000000000e+04
3.333333333333333148e-01,7.575757575757575690e-01,-8.298664684963232702e-03,-9.215432812191312606e-02,0.000000000000000000e+00,0.000000000000000000e+00,2.000000000000000000e+04
3.636363636363636465e-01,7.575757575757575690e-01,-8.610121202140708779e-03,-1.005241125290929627e-01,0.000000000000000000e+00,0.000000000000000000e+00,2.000000000000000000e+04
3.939393939393939226e-01,7.575757575757575690e-01,-8.838511188473769861e-03,-1.088290622841908001e-01,0.000000000000000000e+00,0.000000000000000000e+00,2.000000000000000000e+04
4.242424242424242542e-01,7.575757575757575690e-01,-8.981180218083664041e-03,-1.170490378313104457e-01,0.000000000000000000e+00,0.000000000000000000e+00,2.000000000000000000e+04
4.545454545454545303e-01,7.575757575757575690e-01,-9.035666297284502060e-03,-1.251628632365328619e-01,0.000000000000000000e+00,0.000000000000000000e+00,2.000000000000000000e+04
4.848484848484848619e-01,7.575757575757575690e-01,-8.999816754326589799e-03,-1.331484659410057947e-01,0.000000000000000000e+00,0.000000000000000000e+00,2.000000000000000000e+04
5.151515151515151381e-01,7.575757575757575690e-01,-8.871899762307369069e-03,-1.409829976284660003e-01,0.000000000000000000e+00,0.000000000000000000e+00,2.000000000000000000e+04
5.454545454545454142e-01,7.575757575757575690e-01,-8.650709094913094227e-03,-1.486429355286980891e-01,0.000000000000000000e+00,0.000000000000000000e+00,2.000000000000000000e+04
5.757575757575758013e-01,7.575757575757575690e-01,-8.335661332123503464e-03,-1.561041638397763776e-01,0.000000000000000000e+00,0.000000000000000000e+00,2.000000000000000000e+04
6.060606060606060774e-01,7.575757575757575690e-01,-7.926885279710513266e-03,-1.633420352392873365e-01,0.000000000000000000e+00,0.000000000000000000e+00,2.000000000000000000e+04
6.363636363636363535e-01,7.575757575757575690e-01,-7.425303809545410159e-03,-1.703314127115474752e-01,0.000000000000000000e+00,0.000000000000000000e+00,2.000000000000000000e+04
6.666666666666666297e-01,7.575757575757575690e-01,-6.832708641465682492e-03,-1.770466921871478305e-01,0.000000000000000000e+00,0.000000000000000000e+00,2.000000000000000000e+04
6.969696969696970168e-01,7.575757575757575690e-01,-6.151828751097153901e-03,-1.834618068116120049e-01,0.000000000000000000e+00,0.000000000000000000e+00,2.000000000000000000e+04
7.272727272727272929e-01,7.575757575757575690e-01,-5.386393085105095450e-03,-1.895502140627590426e-01,0.000000000000000000e+00,0.000000000000000000e+00,2.000000000000000000e+04
7.575757575757575690e-01,7.575757575757575690e-01,-4.541188083223845172e-03,-1.952848674432836606e-01,0.000000000000000000e+00,0.000000000000000000e+00,2.000000000000000000e+04
7.878787878787878451e-01,7.575757575757575690e-01,-3.622110137014627074e-03,-2.006381750972724143e-01,0.000000000000000000e+00,0.000000000000000000e+00,2.000000000000000000e+04
8.181818181818182323e-01,7.575757575757575690e-01,-2.636212556966603671e-03,-2.055819484371015915e-01,0.000000000000000000e+00,0.000000000000000000e+00,2.000000000000000000e+04
8.484848484848485084e-01,7.575757575757575690e-01,-1.591745879869438255e-03,-2.100873447097733604e-01,0.000000000000000000e+00,0.000000000000000000e+00,2.000000000000000000e+04
8.787878787878787845e-01,7.575757575757575690e-01,-4.981894476539897336e-04,-2.141248083580995221e-01,0.000000000000000000e+00,0.000000000000000000e+00,2.000000000000000000e+04
9.090909090909090606e-01,7.575757575757575690e-01,6.337288363321410883e-04,-2.176640170106435845e-01,0.000000000000000000e+00,0.000000000000000000e+00,2.000000000000000000e+04
9.393939393939394478e-01,7.575757575757575690e-01,1.792028761924443006e-03,-2.206738389227261288e-01,0.000000000000000000e+00,0.000000000000000000e+00,2.000000000000000000e+04
9.696969696969697239e-01,7.575757575757575690e-01,2.963495354299873312e-03,-2.231223096354504054e-01,0.000000000000000000e+00,0.000000000000000000e+00,2.000000000000000000e+04
1.000000000000000000e+00,7.575757575757575690e-01,4.133723971166180199e-03,-2.249766364556728959e-01,0.000000000000000000e+00,0.000000000000000000e+00,2.000000000000000000e+04
0.000000000000000000e+00,7.878787878787878451e-01,0.000000000000000000e+00,0.000000000000000000e+00,1.000000000000000000e+00,0.000000000000000000e+00,2.000000000000000000e+04
3.030303030303030387e-02,7.878787878787878451e-01,-1.096329496735260834e-03,-8.327755999074207965e-03,0.000000000000000000e+00,0.000000000000000000e+00,2.000000000000000000e+04
6.060606060606060774e-02,7.878787878787878451e-01,-2.123478482122980252e-03,-1.668960635632494791e-02,0.000000000000000000e+00,0.000000000000000000e+00,2.000000000000000000e+04
9.090909090909091161e-02,7.878787878787878451e-01,-3.082181214204606987e-03,-2.508940603712066231e-02,0.000000000000000000e+00,0.000000000000000000e+00,2.000000000000000000e+04
1.212121212121212155e-01,7.878787878787878451e-01,-3.972576466167715772e-03,-3.352811975387263305e-02,0.000000000000000000e+00,0.000000000000000000e+00,2.000000000000000000e+04
1.515151515151515194e-01,7.878787878787878451e-01,-4.794218589193031434e-03,-4.200388848090836486e-02,0.000000000000000000e+00,0.000000000000000000e+00,2.000000000000000000e+04
1.818181818181818232e-01,7.878787878787878451e-01,-5.546104239079808519e-03,-5.051213370199646169e-02,0.000000000000000000e+00,0.000000000000000000e+00,2.000000000000000000e+04
2.121212121212121271e-01,7.878787878787878451e-01,-6.226715796981401735e-03,-5.904569263526610046e-02,0.000000000000000000e+00,0.000000000000000000e+00,2.000000000000000000e+04
2.424242424242424310e-01,7.878787878787878451e-01,-6.834081304553876572e-03,-6.759497723910773415e-02,0.000000000000000000e+00,0.000000000000000000e+00,2.000000000000000000e+04
2.727272727272727071e-01,7.878787878787878451e-01,-7.365849672393837491e-03,-7.614814983388024094e-02,0.000000000000000000e+00,0.000000000000000000e+00,2.000000000000000000e+04
3.030303030303030387e-01,7.878787878787878451e-01,-7.819379071548974644e-03,-8.469130856578591104e-02,0.000000000000000000e+00,0.000000000000000000e+00,2.000000000000000000e+04
3.333333333333333148e-01,7.878787878787878451e-01,-8.191835815546217106e-03,-9.320867657780670945e-02,0.000000000000000000e+00,0.000000000000000000e+00,2.000000000000000000e+04
3.636363636363636465e-01,7.878787878787878451e-01,-8.480300693377160887e-03,-1.016827895332342580e-01,0.000000000000000000e+00,0.000000000000000000e+00,2.000000000000000000e+04
3.939393939393939226e-01,7.878787878787878451e-01,-8.681879609840584267e-03,-1.100946769702823430e-01,0.000000000000000000e+00,0.000000000000000000e+00,2.000000000000000000e+04
4.242424242424242542e-01,7.878787878787878451e-01,-8.793815500674793256e-03,-1.184240337810619076e-01,0.000000000000000000e+00,0.000000000000000000e+00,2.000000000000000000e+04
4.545454545454545303e-01,7.878787878787878451e-01,-8.813598777991564145e-03,-1.266493788557485900e-01,0.000000000000000000e+00,0.000000000000000000e+00,2.000000000000000000e+04
4.848484848484848619e-01,7.878787878787878451e-01,-8.739073983271816379e-03,-1.347481985855556730e-01,0.000000000000000000e+00,0.000000000000000000e+00,2.000000000000000000e+04
5.151515151515151381e-01,7.878787878787878451e-01,-8.568540835783462761e-03,-1.426970734688084164e-01,0.000000000000000000e+00,0.000000000000000000e+00,2.000000000000000000e+04
5.454545454545454142e-01,7.878787878787878451e-01,-8.300848420244807263e-03,-1.504717865230802976e-01,0.000000000000000000e+00,0.000000000000000000e+00,2.000000000000000000e+04
5.757575757575758013e-01,7.878787878787878451e-01,-7.935481818377087757e-03,-1.580474125968389099e-01,0.000000000000000000e+00,0.000000000000000000e+00,2.000000000000000000e+04
6.060606060606060774e-01,7.878787878787878451e-01,-7.472641017732368877e-03,-1.653983880295957776e-01,0.000000000000000000e+00,0.000000000000000000e+00,2.000000000000000000e+04
6.363636363636363535e-01,7.878787878787878451e-01,-6.913312394342449770e-03,-1.724985604683022533e-01,0.000000000000000000e+00,0.000000000000000000e+00,2.000000000000000000e+04
6.666666666666666297e-01,7.878787878787878451e-01,-6.259333432664896703e-03,-1.793212190482042501e-01,0.000000000000000000e+00,0.000000000000000000e+00,2.000000000000000000e+04
6.969696969696970168e-01,7.878787878787878451e-01,-5.513451588667063821e-03,-1.858391056234183769e-01,0.000000000000000000e+00,0.000000000000000000e+00,2.000000000000000000e+04
7.272727272727272929e-01,7.878787878787878451e-01,-4.679378293523942661e-03,-1.920244083136967428e-01,0.000000000000000000e+00,0.000000000000000000e+00,2.000000000000000000e+04
7.575757575757575690e-01,7.878787878787878451e-01,-3.761839012927597689e-03,-1.978487393366762381e-01,0.000000000000000000e+00,0.000000000000000000e+00,2.000000000000000000e+04
7.878787878787878451e-01,7.878787878787878451e-01,-2.766620001360871068e-03,-2.032830999244696901e-01,0.000000000000000000e+00,0.000000000000000000e+00,2.000000000000000000e+04
8.181818181818182323e-01,7.878787878787878451e-01,-1.700611909724898370e-03,-2.082978360711531252e-01,0.000000000000000000e+00,0.000000000000000000e+00,2.000000000000000000e+04
8.484848484848485084e-01,7.878787878787878451e-01,-5.718497166128069971e-04,-2.128625899004174815e-01,0.000000000000000000e+00,0.000000000000000000e+00,2.000000000000000000e+04
8.787878787878787845e-01,7.878787878787878451e-01,6.104524292403507718e-04,-2.169462525427389710e-01,0.000000000000000000e+00,0.000000000000000000e+00,2.000000000000000000e+04
9.090909090909090606e-01,7.878787878787878451e-01,1.835873914624834222e-03,-2.205169255172293452e-01,0.000000000000000000e+00,0.000000000000000000e+00,2.000000000000000000e+04
9.393939393939394478e-01,7.878787878787878451e-01,3.092771534177910040e-03,-2.235418986604751634e-01,0.000000000000000000e+00,0.000000000000000000e+00,2.000000000000000000e+04
9.696969696969697239e-01,7.878787878787878451e-01,4.368279345981079809e-03,-2.259876535583251189e-01,0.000000000000000000e+00,0.000000000000000000e+00,2.000000000000000000e+04
1.000000000000000000e+00,7.878787878787878451e-01,5.648330470680427810e-03,-2.278199021356742959e-01,0.000000000000000000e+00,0.000000000000000000e+00,2.000000000000000000e+04
0.000000000000000000e+00,8.181818181818182323e-01,0.000000000000000000e+00,0.000000000000000000e+00,1.000000000000000000e+00,0.000000000000000000e+00,2.000000000000000000e+04
3.030303030303030387e-02,8.181818181818182323e-01,-1.087652095437743145e-03,-8.422716859305526271e-03,0.000000000000000000e+00,0.000000000000000000e+00,2.000000000000000000e+04
6.060606060606060774e-02,8.181818181818182323e-01,-2.108815898209776083e-03,-1.687826583522709228e-02,0.000000000000000000e+00,0.000000000000000000e+00,2.000000000000000000e+04
9.090909090909091161e-02,8.181818181818182323e-01,-3.063339505974674044e-03,-2.537122443437378125e-02,0.000000000000000000e+00,0.000000000000000000e+00,2.000000000000000000e+04
1.212121212121212155e-01,8.181818181818182323e-01,-3.950490389959111955e-03,-3.390326137988370486e-02,0.000000000000000000e+00,0.000000000000000000e+00,2.000000000000000000e+04
1.515151515151515194e-01,8.181818181818182323e-01,-4.768987720666996270e-03,-4.247318756072266527e-02,0.000000000000000000e+00,0.000000000000000000e+00,2.000000000000000000e+04
1.818181818181818232e-01,8.181818181818182323e-01,-5.517046957543019110e-03,-5.107704330146366212e-02,0.000000000000000000e+00,0.000000000000000000e+00,2.000000000000000000e+04
2.121212121212121271e-01,8.181818181818182323e-01,-6.192437219033017706e-03,-5.970821635540205646e-02,0.000000000000000000e+00,0.000000000000000000e+00,2.000000000000000000e+04
2.424242424242424310e-01,8.181818181818182323e-01,-6.792551095265423125e-03,-6.835758448699927325e-02,0.000000000000000000e+00,0.000000000000000000e+00,2.000000000000000000e+04
2.727272727272727071e-01,8.181818181818182323e-01,-7.314485794098164739e-03,-7.701367637794027943e-02,0.000000000000000000e+00,0.000000000000000000e+00,2.000000000000000000e+04
3.030303030303030387e-01,8.181818181818182323e-01,-7.755133872801138646e-03,-8.566284477696967103e-02,0.000000000000000000e+00,0.000000000000000000e+00,2.000000000000000000e+04
3.333333333333333148e-01,8.181818181818182323e-01,-8.111281334193292530e-03,-9.428944622637122630e-02,0.000000000000000000e+00,0.000000000000000000e+00,2.000000000000000000e+04
3.636363636363636465e-01,8.181818181818182323e-01,-8.379710572685893782e-03,-1.028760222517414585e-01,0.000000000000000000e+00,0.000000000000000000e+00,2.000000000000000000e+04
3.939393939393939226e-01,8.181818181818182323e-01,-8.557305542975042825e-03,-1.114034775219130552e-01,0.000000000000000000e+00,0.000000000000000000e+00,2.000000000000000000e+04
4.242424242424242542e-01,8.181818181818182323e-01,-8.641156581184116989e-03,-1.198512511130900571e-01,0.000000000000000000e+00,0.000000000000000000e+00,2.000000000000000000e+04
4.545454545454545303e-01,8.181818181818182323e-01,-8.628662515776245115e-03,-1.281974776036311769e-01,0.000000000000000000e+00,0.000000000000000000e+00,2.000000000000000000e+04
4.848484848484848619e-01,8.181818181818182323e-01,-8.517628038576845889e-03,-1.364191352600140350e-01,0.000000000000000000e+00,0.000000000000000000e+00,2.000000000000000000e+04
5.151515151515151381e-01,8.181818181818182323e-01,-8.306354736349986362e-03,-1.444921790445969911e-01,0.000000000000000000e+00,0.000000000000000000e+00,2.000000000000000000e+04
5.454545454545454142e-01,8.181818181818182323e-01,-7.993724680216010917e-03,-1.523916565919448962e-01,0.000000000000000000e+00,0.000000000000000000e+00,2.000000000000000000e+04
5.757575757575758013e-01,8.181818181818182323e-01,-7.579276002352659976e-03,-1.600918056856734384e-01,0.000000000000000000e+00,0.000000000000000000e+00,2.000000000000000000e+04
6.060606060606060774e-01,8.181818181818182323e-01,-7.063270424625809306e-03,-1.675661321541480342e-01,0.000000000000000000e+00,0.000000000000000000e+00,2.000000000000000000e+04
6.363636363636363535e-01,8.181818181818182323e-01,-6.446753208825120769e-03,-1.747874675281980705e-01,0.000000000000000000e+00,0.000000000000000000e+00,2.000000000000000000e+04
6.666666666666666297e-01,8.181818181818182323e-01,-5.731606438620435312e-03,-1.817280063051107397e-01,0.000000000000000000e+00,0.000000000000000000e+00,2.000000000000000000e+04
6.969696969696970168e-01,8.181818181818182323e-01,-4.920596883590411079e-03,-1.883593232747148849e-01,0.000000000000000000e+00,0.000000000000000000e+00,2.000000000000000000e+04
7.272727272727272929e-01,8.181818181818182323e-01,-4.017419899452717540e-03,-1.946523721115673289e-01,0.000000000000000000e+00,0.000000000000000000e+00,2.000000000000000000e+04
7.575757575757575690e-01,8.181818181818182323e-01,-3.026740850434190503e-03,-2.005774673366767236e-01,0.000000000000000000e+00,0.000000000000000000e+00,2.000000000000000000e+04
7.878787878787878451e-01,8.181818181818182323e-01,-1.954235367229140239e-03,-2.061042528024902010e-01,0.000000000000000000e+00,0.000000000000000000e+00,2.000000000000000000e+04
8.181818181818182323e-01,8.181818181818182323e-01,-8.066293515337925315e-04,-2.112016610383451176e-01,0.000000000000000000e+00,0.000000000000000000e+00,2.000000000000000000e+04
8.484848484848485084e-01,8.181818181818182323e-01,4.082610088483402868e-04,-2.158378690736479644e-01,0.000000000000000000e+00,0.000000000000000000e+00,2.000000000000000000e+04
8.787878787878787845e-01,8.181818181818182323e-01,1.681489840373957909e-03,-2.199802576768155327e-01,0.000000000000000000e+00,0.000000000000000000e+00,2.000000000000000000e+04
9.090909090909090606e-01,8.181818181818182323e-01,3.002944536280055532e-03,-2.235953822353899390e-01,0.000000000000000000e+00,0.000000000000000000e+00,2.000000000000000000e+04
9.393939393939394478e-01,8.181818181818182323e-01,4.361314081848717723e-03,-2.266489646670514502e-01,0.000000000000000000e+00,0.000000000000000000e+00,2.000000000000000000e+04
9.696969696969697239e-01,8.181818181818182323e-01,5.744067156090694459e-03,-2.291059166923722634e-01,0.000000000000000000e+00,0.000000000000000000e+00,2.000000000000000000e+04
1.000000000000000000e+00,8.181818181818182323e-01,7.137445796244486218e-03,-2.309304054154479868e-01,0.000000000000000000e+00,0.000000000000000000e+00,2.000000000000000000e+04
0.000000000000000000e+00,8.484848484848485084e-01,0.000000000000000000e+00,0.000000000000000000e+00,1.000000000000000000e+00,0.000000000000000000e+00,2.000000000000000000e+04
3.030303030303030387e-02,8.484848484848485084e-01,-1.079630357574437333e-03,-8.513193376158946502e-03,0.000000000000000000e+00,0.000000000000000000e+00,2.000000000000000000e+04
6.060606060606060774e-02,8.484848484848485084e-01,-2.095762029809281057e-03,-1.705942418056581242e-02,0.000000000000000000e+00,0.000000000000000000e+00,2.000000000000000000e+04
9.090909090909091161e-02,8.484848484848485084e-01,-3.047346295587365170e-03,-2.564398973465148446e-02,0.000000000000000000e+00,0.000000000000000000e+00,2.000000000000000000e+04
1.212121212121212155e-01,8.484848484848485084e-01,-3.932762298329121192e-03,-3.426923259012162187e-02,0.000000000000000000e+00,0.000000000000000000e+00,2.000000000000000000e+04
1.515151515151515194e-01,8.484848484848485084e-01,-4.749869772917334615e-03,-4.293457910371410030e-02,0.000000000000000000e+00,0.000000000000000000e+00,2.000000000000000000e+04
1.818181818181818232e-01,8.484848484848485084e-01,-5.496071257293198842e-03,-5.163661371676000339e-02,0.000000000000000000e+00,0.000000000000000000e+00,2.000000000000000000e+04
2.121212121212121271e-01,8.484848484848485084e-01,-6.168383796914693462e-03,-6.036918411709681076e-02,0.000000000000000000e+00,0.000000000000000000e+00,2.000000000000000000e+04
2.424242424242424310e-01,8.484848484848485084e-01,-6.763519591067147438e-03,-6.912353188208247845e-02,0.000000000000000000e+00,0.000000000000000000e+00,2.000000000000000000e+04
2.727272727272727071e-01,8.484848484848485084e-01,-7.277974501627967018e-03,-7.788844297791486238e-02,0.000000000000000000e+00,0.000000000000000000e+00,2.000000000000000000e+04
3.030303030303030387e-01,8.484848484848485084e-01,-7.708122886306837361e-03,-8.665041254847868912e-02,0.000000000000000000e+00,0.000000000000000000e+00,2.000000000000000000e+04
3.333333333333333148e-01,8.484848484848485084e-01,-8.050316858942727777e-03,-9.539381868942403697e-02,0.000000000000000000e+00,0.000000000000000000e+00,2.000000000000000000e+04
3.636363636363636465e-01,8.484848484848485084e-01,-8.300987838698306240e-03,-1.041011002966503313e-01,0.000000000000000000e+00,0.000000000000000000e+00,2.000000000000000000e+04
3.939393939393939226e-01,8.484848484848485084e-01,-8.456748138559906647e-03,-1.127529345384860188e-01,0.000000000000000000e+00,0.000000000000000000e+00,2.000000000000000000e+04
4.242424242424242542e-01,8.484848484848485084e-01,-8.514490364300675990e-03,-1.213284099764033452e-01,0.000000000000000000e+00,0.000000000000000000e+00,2.000000000000000000e+04
4.545454545454545303e-01,8.484848484848485084e-01,-8.471482544428100489e-03,-1.298051918145887440e-01,0.000000000000000000e+00,0.000000000000000000e+00,2.000000000000000000e+04
4.848484848484848619e-01,8.484848484848485084e-01,-8.325457180669871074e-03,-1.381596761754397551e-01,0.000000000000000000e+00,0.000000000000000000e+00,2.000000000000000000e+04
5.151515151515151381e-01,8.484848484848485084e-01,-8.074692783654274786e-03,-1.463671306740934319e-01,0.000000000000000000e+00,0.000000000000000000e+00,2.000000000000000000e+04
5.454545454545454142e-01,8.484848484848485084e-01,-7.718086921664455563e-03,-1.544018189136610320e-01,0.000000000000000000e+00,0.000000000000000000e+00,2.000000000000000000e+04
5.757575757575758013e-01,8.484848484848485084e-01,-7.255220339307900945e-03,-1.622371068699738628e-01,0.000000000000000000e+00,0.000000000000000000e+00,2.000000000000000000e+04
6.060606060606060774e-01,8.484848484848485084e-01,-6.686412270475375688e-03,-1.698455495157126238e-01,0.000000000000000000e+00,0.000000000000000000e+00,2.000000000000000000e+04
6.363636363636363535e-01,8.484848484848485084e-01,-6.012767643661737216e-03,-1.771989564894868863e-01,0.000000000000000000e+00,0.000000000000000000e+00,2.000000000000000000e+04
6.666666666666666297e-01,8.484848484848485084e-01,-5.236217419677312475e-03,-1.842684361871041177e-01,0.000000000000000000e+00,0.000000000000000000e+00,2.000000000000000000e+04
6.969696969696970168e-01,8.484848484848485084e-01,-4.359553768778058093e-03,-1.910244183771276083e-01,0.000000000000000000e+00,0.000000000000000000e+00,2.000000000000000000e+04
7.272727272727272929e-01,8.484848484848485084e-01,-3.386462138748575802e-03,-1.974366563488800241e-01,0.000000000000000000e+00,0.000000000000000000e+00,2.000000000000000000e+04
7.575757575757575690e-01,8.484848484848485084e-01,-2.321552437680857867e-03,-2.034742107023881086e-01,0.000000000000000000e+00,0.000000000000000000e+00,2.000000000000000000e+04
7.878787878787878451e-01,8.484848484848485084e-01,-1.170391506344552234e-03,-2.091054181820020674e-01,0.000000000000000000e+00,0.000000000000000000e+00,2.000000000000000000e+04
8.181818181818182323e-01,8.484848484848485084e-01,6.046125792138534928e-05,-2.142978504122122485e-01,0.000000000000000000e+00,0.000000000000000000e+00,2.000000000000000000e+04
8.484848484848485084e-01,8.484848484848485084e-01,1.363413872492696965e-03,-2.190182689644778746e-01,0.000000000000000000e+00,0.000000000000000000e+00,2.000000000000000000e+04
8.787878787878787845e-01,8.484848484848485084e-01,2.729797000318659548e-03,-2.232325847913553540e-01,0.000000000000000000e+00,0.000000000000000000e+00,2.000000000000000000e+04
9.090909090909090606e-01,8.484848484848485084e-01,4.149815320174506973e-03,-2.269058316083979177e-01,0.000000000000000000e+00,0.000000000000000000e+00,2.000000000000000000e+04
9.393939393939394478e-01,8.484848484848485084e-01,5.612497387264232113e-03,-2.300021641648219983e-01,0.000000000000000000e+00,0.000000000000000000e+00,2.000000000000000000e+04
9.696969696969697239e-01,8.484848484848485084e-01,7.105647985762034158e-03,-2.324848933882082136e-01,0.000000000000000000e+00,0.000000000000000000e+00,2.000000000000000000e+04
1.000000000000000000e+00,8.484848484848485084e-01,8.615808694689742336e-03,-2.343165709840155375e-01,0.000000000000000000e+00,0.000000000000000000e+00,2.000000000000000000e+04
0.000000000000000000e+00,8.787878787878787845e-01,0.000000000000000000e+00,0.000000000000000000e+00,1.000000000000000000e+00,0.000000000000000000e+00,2.000000000000000000e+04
3.030303030303030387e-02,8.787878787878787845e-01,-1.071695631202977369e-03,-8.598751874880123172e-03,0.000000000000000000e+00,0.000000000000000000e+00,2.000000000000000000e+04
6.060606060606060774e-02,8.787878787878787845e-01,-2.083189549473063885e-03,-1.723223287219096192e-02,0.000000000000000000e+00,0.000000000000000000e+00,2.000000000000000000e+04
9.090909090909091161e-02,8.787878787878787845e-01,-3.032517176443302008e-03,-2.590646422541884389e-02,0.000000000000000000e+00,0.000000000000000000e+00,2.000000000000000000e+04
1.212121212121212155e-01,8.787878787878787845e-01,-3.917144946693319231e-03,-3.462443998945714113e-02,0.000000000000000000e+00,0.000000000000000000e+00,2.000000000000000000e+04
1.515151515151515194e-01,8.787878787878787845e-01,-4.734043046553171319e-03,-4.338615587992396272e-02,0.000000000000000000e+00,0.000000000000000000e+00,2.000000000000000000e+04
1.818181818181818232e-01,8.787878787878787845e-01,-5.479765254474419992e-03,-5.218867395570254281e-02,0.000000000000000000e+00,0.000000000000000000e+00,2.000000000000000000e+04
2.121212121212121271e-01,8.787878787878787845e-01,-6.150535410554117122e-03,-6.102621877110186999e-02,0.000000000000000000e+00,0.000000000000000000e+00,2.000000000000000000e+04
2.424242424242424310e-01,8.787878787878787845e-01,-6.742339736387258434e-03,-6.989030004839620613e-02,0.000000000000000000e+00,0.000000000000000000e+00,2.000000000000000000e+04
2.727272727272727071e-01,8.787878787878787845e-01,-7.251023904905376863e-03,-7.876985666528205088e-02,0.000000000000000000e+00,0.000000000000000000e+00,2.000000000000000000e+04
3.030303030303030387e-01,8.787878787878787845e-01,-7.672393453371660101e-03,-8.765141674682587480e-02,0.000000000000000000e+00,0.000000000000000000e+00,2.000000000000000000e+04
3.333333333333333148e-01,8.787878787878787845e-01,-8.002315868579605238e-03,-9.651926882710985811e-02,0.000000000000000000e+00,0.000000000000000000e+00,2.000000000000000000e+04
3.636363636363636465e-01,8.787878787878787845e-01,-8.236822475094281171e-03,-1.053556393349473208e-01,0.000000000000000000e+00,0.000000000000000000e+00,2.000000000000000000e+04
3.939393939393939226e-01,8.787878787878787845e-01,-8.372208144518755377e-03,-1.141408720023232432e-01,0.000000000000000000e+00,0.000000000000000000e+00,2.000000000000000000e+04
4.242424242424242542e-01,8.787878787878787845e-01,-8.405126831481828445e-03,-1.228536051478156255e-01,0.000000000000000000e+00,0.000000000000000000e+00,2.000000000000000000e+04
4.545454545454545303e-01,8.787878787878787845e-01,-8.332681041185955456e-03,-1.314709431197264022e-01,0.000000000000000000e+00,0.000000000000000000e+00,2.000000000000000000e+04
4.848484848484848619e-01,8.787878787878787845e-01,-8.152503550055721637e-03,-1.399686184813282164e-01,0.000000000000000000e+00,0.000000000000000000e+00,2.000000000000000000e+04
5.151515151515151381e-01,8.787878787878787845e-01,-7.862830036061148331e-03,-1.483211417868001702e-01,0.000000000000000000e+00,0.000000000000000000e+00,2.000000000000000000e+04
5.454545454545454142e-01,8.787878787878787845e-01,-7.462561723140243367e-03,-1.565019360501428147e-01,0.000000000000000000e+00,0.000000000000000000e+00,2.000000000000000000e+04
5.757575757575758013e-01,8.787878787878787845e-01,-6.951317691899772978e-03,-1.644834532832409879e-01,0.000000000000000000e+00,0.000000000000000000e+00,2.000000000000000000e+04
6.060606060606060774e-01,8.787878787878787845e-01,-6.329477134913104146e-03,-1.722372708160188337e-01,0.000000000000000000e+00,0.000000000000000000e+00,2.000000000000000000e+04
6.363636363636363535e-01,8.787878787878787845e-01,-5.598212508300491087e-03,-1.797341655600055155e-01,0.000000000000000000e+00,0.000000000000000000e+00,2.000000000000000000e+04
6.666666666666666297e-01,8.787878787878787845e-01,-4.759515210410983528e-03,-1.869441649861350863e-01,0.000000000000000000e+00,0.000000000000000000e+00,2.000000000000000000e+04
6.969696969696970168e-01,8.787878787878787845e-01,-3.816216051661430221e-03,-1.938365744030741133e-01,0.000000000000000000e+00,0.000000000000000000e+00,2.000000000000000000e+04
7.272727272727272929e-01,8.787878787878787845e-01,-2.772003306223178639e-03,-2.003799811778153028e-01,0.000000000000000000e+00,0.000000000000000000e+00,2.000000000000000000e+04
7.575757575757575690e-01,8.787878787878787845e-01,-1.631441489099930879e-03,-2.065422378527875247e-01,0.000000000000000000e+00,0.000000000000000000e+00,2.000000000000000000e+04
7.878787878787878451e-01,8.787878787878787845e-01,-3.999941118015459731e-04,-2.122904276774168764e-01,0.000000000000000000e+00,0.000000000000000000e+00,2.000000000000000000e+04
8.181818181818182323e-01,8.787878787878787845e-01,9.159465293379740088e-04,-2.175908178529563086e-01,0.000000000000000000e+00,0.000000000000000000e+00,2.000000000000000000e+04
8.484848484848485084e-01,8.787878787878787845e-01,2.309020040238353184e-03,-2.224088077212908743e-01,0.000000000000000000e+00,0.000000000000000000e+00,2.000000000000000000e+04
8.787878787878787845e-01,8.787878787878787845e-01,3.770847558317155443e-03,-2.267088811115996749e-01,0.000000000000000000e+00,0.000000000000000000e+00,2.000000000000000000e+04
9.090909090909090606e-01,8.787878787878787845e-01,5.291970149977562494e-03,-2.304545739610590338e-01,0.000000000000000000e+00,0.000000000000000000e+00,2.000000000000000000e+04
9.393939393939394478e-01,8.787878787878787845e-01,6.861777527650969252e-03,-2.336084699879968085e-01,0.000000000000000000e+00,0.000000000000000000e+00,2.000000000000000000e+04
9.696969696969697239e-01,8.787878787878787845e-01,8.468430649329188389e-03,-2.361322384425400822e-01,0.000000000000000000e+00,0.000000000000000000e+00,2.000000000000000000e+04
1.000000000000000000e+00,8.787878787878787845e-01,1.009878393572637839e-02,-2.379867286166024443e-01,0.000000000000000000e+00,0.000000000000000000e+00,2.000000000000000000e+04
0.000000000000000000e+00,9.090909090909090606e-01,0.000000000000000000e+00,0.000000000000000000e+00,1.000000000000000000e+00,0.000000000000000000e+00,2.000000000000000000e+04
3.030303030303030387e-02,9.090909090909090606e-01,-1.063271796345756880e-03,-8.678938547886524968e-03,0.000000000000000000e+00,0.000000000000000000e+00,2.000000000000000000e+04
6.060606060606060774e-02,9.090909090909090606e-01,-2.069958255044105407e-03,-1.739581712947688846e-02,0.000000000000000000e+00,0.000000000000000000e+00,2.000000000000000000e+04
9.090909090909091161e-02,9.090909090909090606e-01,-3.017151767395330475e-03,-2.615739095671457473e-02,0.000000000000000000e+00,0.000000000000000000e+00,2.000000000000000000e+04
1.212121212121212155e-01,9.090909090909090606e-01,-3.901374374325389249e-03,-3.496728955235040709e-02,0.000000000000000000e+00,0.000000000000000000e+00,2.000000000000000000e+04
1.515151515151515194e-01,9.090909090909090606e-01,-4.718670547572453855e-03,-4.382603818792727562e-02,0.000000000000000000e+00,0.000000000000000000e+00,2.000000000000000000e+04
1.818181818181818232e-01,9.090909090909090606e-01,-5.464704892951038548e-03,-5.273111600235284857e-02,0.000000000000000000e+00,0.000000000000000000e+00,2.000000000000000000e+04
2.121212121212121271e-01,9.090909090909090606e-01,-6.134863872207094691e-03,-6.167704658713953070e-02,0.000000000000000000e+00,0.000000000000000000e+00,2.000000000000000000e+04
2.424242424242424310e-01,9.090909090909090606e-01,-6.724360558374768704e-03,-7.065551629565088032e-02,0.000000000000000000e+00,0.000000000000000000e+00,2.000000000000000000e+04
2.727272727272727071e-01,9.090909090909090606e-01,-7.228341296904318078e-03,-7.965551529937621444e-02,0.000000000000000000e+00,0.000000000000000000e+00,2.000000000000000000e+04
3.030303030303030387e-01,9.090909090909090606e-01,-7.641992964851439425e-03,-8.866349640503451424e-02,0.000000000000000000e+00,0.000000000000000000e+00,2.000000000000000000e+04
3.333333333333333148e-01,9.090909090909090606e-01,-7.960649329667911223e-03,-9.766354679192994215e-02,0.000000000000000000e+00,0.000000000000000000e+00,2.000000000000000000e+04
3.636363636363636465e-01,9.090909090909090606e-01,-8.179894835591785054e-03,-1.066375680636087592e-01,0.000000000000000000e+00,0.000000000000000000e+00,2.000000000000000000e+04
3.939393939393939226e-01,9.090909090909090606e-01,-8.295664017605961296e-03,-1.155654602749448812e-01,0.000000000000000000e+00,0.000000000000000000e+00,2.000000000000000000e+04
4.242424242424242542e-01,9.090909090909090606e-01,-8.304334687916446051e-03,-1.244253058520863181e-01,0.000000000000000000e+00,0.000000000000000000e+00,2.000000000000000000e+04
4.545454545454545303e-01,9.090909090909090606e-01,-8.202813083260148547e-03,-1.331935495413442971e-01,0.000000000000000000e+00,0.000000000000000000e+00,2.000000000000000000e+04
4.848484848484848619e-01,9.090909090909090606e-01,-7.988609324655544450e-03,-1.418451706953038904e-01,0.000000000000000000e+00,0.000000000000000000e+00,2.000000000000000000e+04
5.151515151515151381e-01,9.090909090909090606e-01,-7.659901840292832054e-03,-1.503538443398740598e-01,0.000000000000000000e+00,0.000000000000000000e+00,2.000000000000000000e+04
5.454545454545454142e-01,9.090909090909090606e-01,-7.215589845026185861e-03,-1.586920875919323459e-01,0.000000000000000000e+00,0.000000000000000000e+00,2.000000000000000000e+04
5.757575757575758013e-01,9.090909090909090606e-01,-6.655333554050981565e-03,-1.668313881562220879e-01,0.000000000000000000e+00,0.000000000000000000e+00,2.000000000000000000e+04
6.060606060606060774e-01,9.090909090909090606e-01,-5.979582519005637725e-03,-1.747423118766565364e-01,0.000000000000000000e+00,0.000000000000000000e+00,2.000000000000000000e+04
6.363636363636363535e-01,9.090909090909090606e-01,-5.189593282652111075e-03,-1.823945867128329290e-01,0.000000000000000000e+00,0.000000000000000000e+00,2.000000000000000000e+04
6.666666666666666297e-01,9.090909090909090606e-01,-4.287438408382693300e-03,-1.897571611205550735e-01,0.000000000000000000e+00,0.000000000000000000e+00,2.000000000000000000e+04
6.969696969696970168e-01,9.090909090909090606e-01,-3.276009791801808447e-03,-1.967982356935994159e-01,0.000000000000000000e+00,0.000000000000000000e+00,2.000000000000000000e+04
7.272727272727272929e-01,9.090909090909090606e-01,-2.159019927151476555e-03,-2.034852681183479117e-01,0.000000000000000000e+00,0.000000000000000000e+00,2.000000000000000000e+04
7.575757575757575690e-01,9.090909090909090606e-01,-9.410053927801226292e-04,-2.097849530282862862e-01,0.000000000000000000e+00,0.000000000000000000e+00,2.000000000000000000e+04
7.878787878787878451e-01,9.090909090909090606e-01,3.726628584668808652e-04,-2.156631802181330215e-01,0.000000000000000000e+00,0.000000000000000000e+00,2.000000000000000000e+04
8.181818181818182323e-01,9.090909090909090606e-01,1.775757861215737816e-03,-2.210849768479924427e-01,0.000000000000000000e+00,0.000000000000000000e+00,2.000000000000000000e+04
8.484848484848485084e-01,9.090909090909090606e-01,3.261159601496759538e-03,-2.260144416546972790e-01,0.000000000000000000e+00,0.000000000000000000e+00,2.000000000000000000e+04
8.787878787878787845e-01,9.090909090909090606e-01,4.820799535287067020e-03,-2.304146816638468209e-01,0.000000000000000000e+00,0.000000000000000000e+00,2.000000000000000000e+04
9.090909090909090606e-01,9.090909090909090606e-01,6.445585153622843816e-03,-2.342477642910803792e-01,0.000000000000000000e+00,0.000000000000000000e+00,2.000000000000000000e+04
9.393939393939394478e-01,9.090909090909090606e-01,8.125305138082754633e-03,-2.374746998255117258e-01,0.000000000000000000e+00,0.000000000000000000e+00,2.000000000000000000e+04
9.696969696969697239e-01,9.090909090909090606e-01,9.848518131414138801e-03,-2.400554708687908101e-01,0.000000000000000000e+00,0.000000000000000000e+00,2.000000000000000000e+04
1.000000000000000000e+00,9.090909090909090606e-01,1.160243091161915728e-02,-2.419491261277233740e-01,0.000000000000000000e+00,0.000000000000000000e+00,2.000000000000000000e+04
0.000000000000000000e+00,9.393939393939394478e-01,0.000000000000000000e+00,0.000000000000000000e+00,1.000000000000000000e+00,0.000000000000000000e+00,2.000000000000000000e+04
3.030303030303030387e-02,9.393939393939394478e-01,-1.053769978501379722e-03,-8.753276547519818485e-03,0.000000000000000000e+00,0.000000000000000000e+00,2.000000000000000000e+04
6.060606060606060774e-02,9.393939393939394478e-01,-2.054904530538587647e-03,-1.754926978790625688e-02,0.000000000000000000e+00,0.000000000000000000e+00,2.000000000000000000e+04
9.090909090909091161e-02,9.393939393939394478e-01,-2.999517782742065330e-03,-2.639548422469761499e-02,0.000000000000000000e+00,0.000000000000000000e+00,2.000000000000000000e+04
1.212121212121212155e-01,9.393939393939394478e-01,-3.883148386848152799e-03,-3.529617374198713853e-02,0.000000000000000000e+00,0.000000000000000000e+00,2.000000000000000000e+04
1.515151515151515194e-01,9.393939393939394478e-01,-4.700872736580712259e-03,-4.425235789236629802e-02,0.000000000000000000e+00,0.000000000000000000e+00,2.000000000000000000e+04
1.818181818181818232e-01,9.393939393939394478e-01,-5.447420955473180303e-03,-5.326187632932242316e-02,0.000000000000000000e+00,0.000000000000000000e+00,2.000000000000000000e+04
2.121212121212121271e-01,9.393939393939394478e-01,-6.117294396089197582e-03,-6.231947706136876930e-02,0.000000000000000000e+00,0.000000000000000000e+00,2.000000000000000000e+04
2.424242424242424310e-01,9.393939393939394478e-01,-6.704883517164481402e-03,-7.141693377135689691e-02,0.000000000000000000e+00,0.000000000000000000e+00,2.000000000000000000e+04
2.727272727272727071e-01,9.393939393939394478e-01,-7.204585019524695558e-03,-8.054318728781027781e-02,0.000000000000000000e+00,0.000000000000000000e+00,2.000000000000000000e+04
3.030303030303030387e-01,9.393939393939394478e-01,-7.610917043762375697e-03,-8.968450633976277064e-02,0.000000000000000000e+00,0.000000000000000000e+00,2.000000000000000000e+04
3.333333333333333148e-01,9.393939393939394478e-01,-7.918631089853368429e-03,-9.882466289736463461e-02,0.000000000000000000e+00,0.000000000000000000e+00,2.000000000000000000e+04
3.636363636363636465e-01,9.393939393939394478e-01,-8.122819144621063261e-03,-1.079451176280535468e-01,0.000000000000000000e+00,0.000000000000000000e+00,2.000000000000000000e+04
3.939393939393939226e-01,9.393939393939394478e-01,-8.219014335306881400e-03,-1.170252112236701142e-01,0.000000000000000000e+00,0.000000000000000000e+00,2.000000000000000000e+04
4.242424242424242542e-01,9.393939393939394478e-01,-8.203283307293501858e-03,-1.260423575339307267e-01,0.000000000000000000e+00,0.000000000000000000e+00,2.000000000000000000e+04
4.545454545454545303e-01,9.393939393939394478e-01,-8.072308492390167095e-03,-1.349722345510928900e-01,0.000000000000000000e+00,0.000000000000000000e+00,2.000000000000000000e+04
4.848484848484848619e-01,9.393939393939394478e-01,-7.823458529618954743e-03,-1.437889693251158396e-01,0.000000000000000000e+00,0.000000000000000000e+00,2.000000000000000000e+04
5.151515151515151381e-01,9.393939393939394478e-01,-7.454845355900341190e-03,-1.524653128651601852e-01,0.000000000000000000e+00,0.000000000000000000e+00,2.000000000000000000e+04
5.454545454545454142e-01,9.393939393939394478e-01,-6.965366922817062961e-03,-1.609728010395506947e-01,0.000000000000000000e+00,0.000000000000000000e+00,2.000000000000000000e+04
5.757575757575758013e-01,9.393939393939394478e-01,-6.354735128081753781e-03,-1.692818974783846797e-01,0.000000000000000000e+00,0.000000000000000000e+00,2.000000000000000000e+04
6.060606060606060774e-01,9.393939393939394478e-01,-5.623489370147124501e-03,-1.773621145815204858e-01,0.000000000000000000e+00,0.000000000000000000e+00,2.000000000000000000e+04
6.363636363636363535e-01,9.393939393939394478e-01,-4.772997115425520014e-03,-1.851821090200640174e-01,0.000000000000000000e+00,0.000000000000000000e+00,2.000000000000000000e+04
6.666666666666666297e-01,9.393939393939394478e-01,-3.805443961329820369e-03,-1.927097486750236344e-01,0.000000000000000000e+00,0.000000000000000000e+00,2.000000000000000000e+04
6.969696969696970168e-01,9.393939393939394478e-01,-2.723816812735598003e-03,-1.999121488609671149e-01,0.000000000000000000e+00,0.000000000000000000e+00,2.000000000000000000e+04
7.272727272727272929e-01,9.393939393939394478e-01,-1.531884869394948894e-03,-2.067556769995700372e-01,0.000000000000000000e+00,0.000000000000000000e+00,2.000000000000000000e+04
7.575757575757575690e-01,9.393939393939394478e-01,-2.341840321530147811e-04,-2.132059266776680506e-01,0.000000000000000000e+00,0.000000000000000000e+00,2.000000000000000000e+04
7.878787878787878451e-01,9.393939393939394478e-01,1.163989052644995607e-03,-2.192276642512462903e-01,0.000000000000000000e+00,0.000000000000000000e+00,2.000000000000000000e+04
8.181818181818182323e-01,9.393939393939394478e-01,2.656566912167024168e-03,-2.247847537992212208e-01,0.000000000000000000e+00,0.000000000000000000e+00,2.000000000000000000e+04
8.484848484848485084e-01,9.393939393939394478e-01,4.236679109654223341e-03,-2.298400691919548766e-01,0.000000000000000000e+00,0.000000000000000000e+00,2.000000000000000000e+04
8.787878787878787845e-01,9.393939393939394478e-01,5.896593066802740743e-03,-2.343554051620795053e-01,0.000000000000000000e+00,0.000000000000000000e+00,2.000000000000000000e+04
9.090909090909090606e-01,9.393939393939394478e-01,7.627624612654128333e-03,-2.382914023308364271e-01,0.000000000000000000e+00,0.000000000000000000e+00,2.000000000000000000e+04
9.393939393939394478e-01,9.393939393939394478e-01,9.420017483453871701e-03,-2.416075038769498751e-01,0.000000000000000000e+00,0.000000000000000000e+00,2.000000000000000000e+04
9.696969696969697239e-01,9.393939393939394478e-01,1.126279407606203993e-02,-2.442619636255269344e-01,0.000000000000000000e+00,0.000000000000000000e+00,2.000000000000000000e+04
1.000000000000000000e+00,9.393939393939394478e-01,1.314358328249588988e-02,-2.462119264690202924e-01,0.000000000000000000e+00,0.000000000000000000e+00,2.000000000000000000e+04
0.000000000000000000e+00,9.696969696969697239e-01,0.000000000000000000e+00,0.000000000000000000e+00,1.000000000000000000e+00,0.000000000000000000e+00,2.000000000000000000e+04
3.030303030303030387e-02,9.696969696969697239e-01,-1.042583293718233901e-03,-8.821262917928363381e-03,0.000000000000000000e+00,0.000000000000000000e+00,2.000000000000000000e+04
6.060606060606060774e-02,9.696969696969697239e-01,-2.036830871135820922e-03,-1.769164524633220353e-02,0.000000000000000000e+00,0.000000000000000000e+00,2.000000000000000000e+04
9.090909090909091161e-02,9.696969696969697239e-01,-2.977835232886057951e-03,-2.661942061177972538e-02,0.000000000000000000e+00,0.000000000000000000e+00,2.000000000000000000e+04
1.212121212121212155e-01,9.696969696969697239e-01,-3.860105299263932605e-03,-3.560945978635046694e-02,0.000000000000000000e+00,0.000000000000000000e+00,2.000000000000000000e+04
1.515151515151515194e-01,9.696969696969697239e-01,-4.677700752114318655e-03,-4.466324420740740847e-02,0.000000000000000000e+00,0.000000000000000000e+00,2.000000000000000000e+04
1.818181818181818232e-01,9.696969696969697239e-01,-5.424366855574018660e-03,-5.377891963469323688e-02,0.000000000000000000e+00,0.000000000000000000e+00,2.000000000000000000e+04
2.121212121212121271e-01,9.696969696969697239e-01,-6.093668247080561741e-03,-6.295138525332014123e-02,0.000000000000000000e+00,0.000000000000000000e+00,2.000000000000000000e+04
2.424242424242424310e-01,9.696969696969697239e-01,-6.679120514820474641e-03,-7.217241324907523736e-02,0.000000000000000000e+00,0.000000000000000000e+00,2.000000000000000000e+04
2.727272727272727071e-01,9.696969696969697239e-01,-7.174318531466322181e-03,-8.143079386536102027e-02,0.000000000000000000e+00,0.000000000000000000e+00,2.000000000000000000e+04
3.030303030303030387e-01,9.696969696969697239e-01,-7.573060513947341664e-03,-9.071250111187156850e-02,0.000000000000000000e+00,0.000000000000000000e+00,2.000000000000000000e+04
3.333333333333333148e-01,9.696969696969697239e-01,-7.869466654562699490e-03,-1.000008745489707890e-01,0.000000000000000000e+00,0.000000000000000000e+00,2.000000000000000000e+04
3.636363636363636465e-01,9.696969696969697239e-01,-8.058090960306308823e-03,-1.092768128410394335e-01,0.000000000000000000e+00,0.000000000000000000e+00,2.000000000000000000e+04
3.939393939393939226e-01,9.696969696969697239e-01,-8.134024694291048380e-03,-1.185189749917503615e-01,0.000000000000000000e+00,0.000000000000000000e+00,2.000000000000000000e+04
4.242424242424242542e-01,9.696969696969697239e-01,-8.092989591696828772e-03,-1.277039852970616451e-01,0.000000000000000000e+00,0.000000000000000000e+00,2.000000000000000000e+04
4.545454545454545303e-01,9.696969696969697239e-01,-7.931418881993770528e-03,-1.368066380523755288e-01,0.000000000000000000e+00,0.000000000000000000e+00,2.000000000000000000e+04
4.848484848484848619e-01,9.696969696969697239e-01,-7.646524147685308456e-03,-1.458000979281455500e-01,0.000000000000000000e+00,0.000000000000000000e+00,2.000000000000000000e+04
5.151515151515151381e-01,9.696969696969697239e-01,-7.236346240306726178e-03,-1.546560917082968611e-01,0.000000000000000000e+00,0.000000000000000000e+00,2.000000000000000000e+04
5.454545454545454142e-01,9.696969696969697239e-01,-6.699788899120712703e-03,-1.633450868183951299e-01,0.000000000000000000e+00,0.000000000000000000e+00,2.000000000000000000e+04
5.757575757575758013e-01,9.696969696969697239e-01,-6.036634403214100920e-03,-1.718364518287125164e-01,0.000000000000000000e+00,0.000000000000000000e+00,2.000000000000000000e+04
6.060606060606060774e-01,9.696969696969697239e-01,-5.247541538735678995e-03,-1.800985939933808511e-01,0.000000000000000000e+00,0.000000000000000000e+00,2.000000000000000000e+04
6.363636363636363535e-01,9.696969696969697239e-01,-4.334027358986572952e-03,-1.880990689862689913e-01,0.000000000000000000e+00,0.000000000000000000e+00,2.000000000000000000e+04
6.666666666666666297e-01,9.696969696969697239e-01,-3.298435604999062302e-03,-1.958046584284788560e-01,0.000000000000000000e+00,0.000000000000000000e+00,2.000000000000000000e+04
6.969696969696970168e-01,9.696969696969697239e-01,-2.143896154281183918e-03,-2.031814116792031166e-01,0.000000000000000000e+00,0.000000000000000000e+00,2.000000000000000000e+04
7.272727272727272929e-01,9.696969696969697239e-01,-8.742813583951392770e-04,-2.101946497737074981e-01,0.000000000000000000e+00,0.000000000000000000e+00,2.000000000000000000e+04
7.575757575757575690e-01,9.696969696969697239e-01,5.058335319153405701e-04,-2.168089314034692960e-01,0.000000000000000000e+00,0.000000000000000000e+00,2.000000000000000000e+04
7.878787878787878451e-01,9.696969696969697239e-01,1.991197644201722888e-03,-2.229879834647979786e-01,0.000000000000000000e+00,0.000000000000000000e+00,2.000000000000000000e+04
8.181818181818182323e-01,9.696969696969697239e-01,3.575890754918007852e-03,-2.286946019161716359e-01,0.000000000000000000e+00,0.000000000000000000e+00,2.000000000000000000e+04
8.484848484848485084e-01,9.696969696969697239e-01,5.253300035459491923e-03,-2.338905323705319228e-01,0.000000000000000000e+00,0.000000000000000000e+00,2.000000000000000000e+04
8.787878787878787845e-01,9.696969696969697239e-01,7.016059793009168585e-03,-2.385363438157977189e-01,0.000000000000000000e+00,0.000000000000000000e+00,2.000000000000000000e+04
9.090909090909090606e-01,9.696969696969697239e-01,8.855948709768276042e-03,-2.425913128277002451e-01,0.000000000000000000e+00,0.000000000000000000e+00,2.000000000000000000e+04
9.393939393939394478e-01,9.696969696969697239e-01,1.076374203483927185e-02,-2.460133392526120122e-01,0.000000000000000000e+00,0.000000000000000000e+00,2.000000000000000000e+04
9.696969696969697239e-01,9.696969696969697239e-01,1.272902001090544383e-02,-2.487589171753818995e-01,0.000000000000000000e+00,0.000000000000000000e+00,2.000000000000000000e+04
1.000000000000000000e+00,9.696969696969697239e-01,1.473993831472823063e-02,-2.507831866244456531e-01,0.000000000000000000e+00,0.000000000000000000e+00,2.000000000000000000e+04
0.000000000000000000e+00,1.000000000000000000e+00,0.000000000000000000e+00,0.000000000000000000e+00,1.000000000000000000e+00,0.000000000000000000e+00,2.000000000000000000e+04
3.030303030303030387e-02,1.000000000000000000e+00,-1.029081409129303185e-03,-8.882365413220124489e-03,0.000000000000000000e+00,0.000000000000000000e+00,2.000000000000000000e+04
6.060606060606060774e-02,1.000000000000000000e+00,-2.014494993276651821e-03,-1.782195353670186500e-02,0.000000000000000000e+00,0.000000000000000000e+00,2.000000000000000000e+04
9.090909090909091161e-02,1.000000000000000000e+00,-2.950259970569169519e-03,-2.682783059276569806e-02,0.000000000000000000e+00,0.000000000000000000e+00,2.000000000000000000e+04
1.212121212121212155e-01,1.000000000000000000e+00,-3.829801817170939288e-03,-3.590547903569161342e-02,0.000000000000000000e+00,0.000000000000000000e+00,2.000000000000000000e+04
1.515151515151515194e-01,1.000000000000000000e+00,-4.646108636622746195e-03,-4.505681103295133827e-02,0.000000000000000000e+00,0.000000000000000000e+00,2.000000000000000000e+04
1.818181818181818232e-01,1.000000000000000000e+00,-5.391885402573702579e-03,-5.428022447267345091e-02,0.000000000000000000e+00,0.000000000000000000e+00,2.000000000000000000e+04
2.121212121212121271e-01,1.000000000000000000e+00,-6.059704465133894900e-03,-6.357069617692041874e-02,0.000000000000000000e+00,0.000000000000000000e+00,2.000000000000000000e+04
2.424242424242424310e-01,1.000000000000000000e+00,-6.642151231663809448e-03,-7.291990693899201570e-02,0.000000000000000000e+00,0.000000000000000000e+00,2.000000000000000000e+04
2.727272727272727071e-01,1.000000000000000000e+00,-7.131964211064930476e-03,-8.231639319722432180e-02,0.000000000000000000e+00,0.000000000000000000e+00,2.000000000000000000e+04
3.030303030303030387e-01,1.000000000000000000e+00,-7.522168663005299183e-03,-9.174572050543843005e-02,0.000000000000000000e+00,0.000000000000000000e+00,2.000000000000000000e+04
3.333333333333333148e-01,1.000000000000000000e+00,-7.806202952823737377e-03,-1.011906743621049931e-01,0.000000000000000000e+00,0.000000000000000000e+00,2.000000000000000000e+04
3.636363636363636465e-01,1.000000000000000000e+00,-7.978036427788713289e-03,-1.106314643254758395e-01,0.000000000000000000e+00,0.000000000000000000e+00,2.000000000000000000e+04
3.939393939393939226e-01,1.000000000000000000e+00,-8.032277263822419633e-03,-1.200459375942941748e-01,0.000000000000000000e+00,0.000000000000000000e+00,2.000000000000000000e+04
4.242424242424242542e-01,1.000000000000000000e+00,-7.964268357751205438e-03,-1.294097983184944456e-01,0.000000000000000000e+00,0.000000000000000000e+00,2.000000000000000000e+04
4.545454545454545303e-01,1.000000000000000000e+00,-7.770169039381800286e-03,-1.386968287933415256e-01,0.000000000000000000e+00,0.000000000000000000e+00,2.000000000000000000e+04
4.848484848484848619e-01,1.000000000000000000e+00,-7.447020232394819042e-03,-1.478791083856274557e-01,0.000000000000000000e+00,0.000000000000000000e+00,2.000000000000000000e+04
5.151515151515151381e-01,1.000000000000000000e+00,-6.992790780582141923e-03,-1.569272255753135781e-01,0.000000000000000000e+00,0.000000000000000000e+00,2.000000000000000000e+04
5.454545454545454142e-01,1.000000000000000000e+00,-6.406403042234393684e-03,-1.658104779352704838e-01,0.000000000000000000e+00,0.000000000000000000e+00,2.000000000000000000e+04
5.757575757575758013e-01,1.000000000000000000e+00,-5.687736587768930409e-03,-1.744970543096497351e-01,0.000000000000000000e+00,0.000000000000000000e+00,2.000000000000000000e+04
6.060606060606060774e-01,1.000000000000000000e+00,-4.837609935275054979e-03,-1.829541930072977607e-01,0.000000000000000000e+00,0.000000000000000000e+00,2.000000000000000000e+04
6.363636363636363535e-01,1.000000000000000000e+00,-3.857741713735947982e-03,-1.911483096390506897e-01,0.000000000000000000e+00,0.000000000000000000e+00,2.000000000000000000e+04
6.666666666666666297e-01,1.000000000000000000e+00,-2.750694402903776890e-03,-1.990450884458328240e-01,0.000000000000000000e+00,0.000000000000000000e+00,2.000000000000000000e+04
6.969696969696970168e-01,1.000000000000000000e+00,-1.519805766349741202e-03,-2.066095317367636075e-01,0.000000000000000000e+00,0.000000000000000000e+00,2.000000000000000000e+04
7.272727272727272929e-01,1.000000000000000000e+00,-1.691151274548607214e-04,-2.138059635165397709e-01,0.000000000000000000e+00,0.000000000000000000e+00,2.000000000000000000e+04
7.575757575757575690e-01,1.000000000000000000e+00,1.296706450861298066e-03,-2.205979856307408726e-01,0.000000000000000000e+00,0.000000000000000000e+00,2.000000000000000000e+04
7.878787878787878451e-01,1.000000000000000000e+00,2.872411459449576536e-03,-2.269483878458404547e-01,0.000000000000000000e+00,0.000000000000000000e+00,2.000000000000000000e+04
8.181818181818182323e-01,1.000000000000000000e+00,4.552205123687737276e-03,-2.328190171840203437e-01,0.000000000000000000e+00,0.000000000000000000e+00,2.000000000000000000e+04
8.484848484848485084e-01,1.000000000000000000e+00,6.329736777939193836e-03,-2.381706164313075191e-01,0.000000000000000000e+00,0.000000000000000000e+00,2.000000000000000000e+04
8.787878787878787845e-01,1.000000000000000000e+00,8.198042715314938361e-03,-2.429626468039091935e-01,0.000000000000000000e+00,0.000000000000000000e+00,2.000000000000000000e+04
9.090909090909090606e-01,1.000000000000000000e+00,1.014943202128357029e-02,-2.471531149433365271e-01,0.000000000000000000e+00,0.000000000000000000e+00,2.000000000000000000e+04
9.393939393939394478e-01,1.000000000000000000e+00,1.217531043841714976e-02,-2.506984292398971026e-01,0.000000000000000000e+00,0.000000000000000000e+00,2.000000000000000000e+04
9.696969696969697239e-01,1.000000000000000000e+00,1.426594207104290961e-02,-2.535533143884092788e-01,0.000000000000000000e+00,0.000000000000000000e+00,2.000000000000000000e+04
1.000000000000000000e+00,1.000000000000000000e+00,1.641015446932548097e-02,-2.556708154812339373e-01,0.000000000000000000e+00,0.000000000000000000e+00,2.000000000000000000e+04
0.000000000000000000e+00,1.030303030303030276e+00,0.000000000000000000e+00,0.000000000000000000e+00,1.000000000000000000e+00,0.000000000000000000e+00,2.000000000000000000e+04
3.030303030303030387e-02,1.030303030303030276e+00,-1.012604705056889889e-03,-8.936019322272508933e-03,0.000000000000000000e+00,0.000000000000000000e+00,2.000000000000000000e+04
6.060606060606060774e-02,1.030303030303030276e+00,-1.986598047054124929e-03,-1.793915471599875217e-02,0.000000000000000000e+00,0.000000000000000000e+00,2.000000000000000000e+04
9.090909090909091161e-02,1.030303030303030276e+00,-2.914865782555011667e-03,-2.701929093086889028e-02,0.000000000000000000e+00,0.000000000000000000e+00,2.000000000000000000e+04
1.212121212121212155e-01,1.030303030303030276e+00,-3.789688904196647067e-03,-3.618251758967040710e-02,0.000000000000000000e+00,0.000000000000000000e+00,2.000000000000000000e+04
1.515151515151515194e-01,1.030303030303030276e+00,-4.602923046972180569e-03,-4.543114593929990092e-02,0.000000000000000000e+00,0.000000000000000000e+00,2.000000000000000000e+04
1.818181818181818232e-01,1.030303030303030276e+00,-5.346172666098943094e-03,-5.476377073194879652e-02,0.000000000000000000e+00,0.000000000000000000e+00,2.000000000000000000e+04
2.121212121212121271e-01,1.030303030303030276e+00,-6.010958474921718545e-03,-6.417537102003317839e-02,0.000000000000000000e+00,0.000000000000000000e+00,2.000000000000000000e+04
2.424242424242424310e-01,1.030303030303030276e+00,-6.588877349503409649e-03,-7.365744389198190800e-02,0.000000000000000000e+00,0.000000000000000000e+00,2.000000000000000000e+04
2.727272727272727071e-01,1.030303030303030276e+00,-7.071754296581172355e-03,-8.319816566706132732e-02,0.000000000000000000e+00,0.000000000000000000e+00,2.000000000000000000e+04
3.030303030303030387e-01,1.030303030303030276e+00,-7.451786159454651913e-03,-9.278257568548491097e-02,0.000000000000000000e+00,0.000000000000000000e+00,2.000000000000000000e+04
3.333333333333333148e-01,1.030303030303030276e+00,-7.721676538908896041e-03,-1.023927784564762078e-01,0.000000000000000000e+00,0.000000000000000000e+00,2.000000000000000000e+04
3.636363636363636465e-01,1.030303030303030276e+00,-7.874760991843875874e-03,-1.120081604516101476e-01,0.000000000000000000e+00,0.000000000000000000e+00,2.000000000000000000e+04
3.939393939393939226e-01,1.030303030303030276e+00,-7.905121017543812953e-03,-1.216056181608756170e-01,0.000000000000000000e+00,0.000000000000000000e+00,2.000000000000000000e+04
4.242424242424242542e-01,1.030303030303030276e+00,-7.807684745812899785e-03,-1.311597940975102461e-01,0.000000000000000000e+00,0.000000000000000000e+00,2.000000000000000000e+04
4.545454545454545303e-01,1.030303030303030276e+00,-7.578311709170526024e-03,-1.406433172102974916e-01,0.000000000000000000e+00,0.000000000000000000e+00,2.000000000000000000e+04
4.848484848484848619e-01,1.030303030303030276e+00,-7.213858724126964196e-03,-1.500270436412589059e-01,0.000000000000000000e+00,0.000000000000000000e+00,2.000000000000000000e+04
5.151515151515151381e-01,1.030303030303030276e+00,-6.712223832254514237e-03,-1.592802929943229473e-01,0.000000000000000000e+00,0.000000000000000000e+00,2.000000000000000000e+04
5.454545454545454142e-01,1.030303030303030276e+00,-6.072365556544715402e-03,-1.683710743379257524e-01,0.000000000000000000e+00,0.000000000000000000e+00,2.000000000000000000e+04
5.757575757575758013e-01,1.030303030303030276e+00,-5.294295487519693963e-03,-1.772662951706187318e-01,0.000000000000000000e+00,0.000000000000000000e+00,2.000000000000000000e+04
6.060606060606060774e-01,1.030303030303030276e+00,-4.379043470880516868e-03,-1.859319456865277942e-01,0.000000000000000000e+00,0.000000000000000000e+00,2.000000000000000000e+04
6.363636363636363535e-01,1.030303030303030276e+00,-3.328596427196667002e-03,-1.943332500673747576e-01,0.000000000000000000e+00,0.000000000000000000e+00,2.000000000000000000e+04
6.666666666666666297e-01,1.030303030303030276e+00,-2.145814046612350926e-03,-2.024347763983437298e-01,0.000000000000000000e+00,0.000000000000000000e+00,2.000000000000000000e+04
6.969696969696970168e-01,1.030303030303030276e+00,-8.343271611452388048e-04,-2.102004973600803961e-01,0.000000000000000000e+00,0.000000000000000000e+00,2.000000000000000000e+04
7.272727272727272929e-01,1.030303030303030276e+00,6.015726671075078856e-04,-2.175937952800228725e-01,0.000000000000000000e+00,0.000000000000000000e+00,2.000000000000000000e+04
7.575757575757575690e-01,1.030303030303030276e+00,2.157041127777174425e-03,-2.245774075902296218e-01,0.000000000000000000e+00,0.000000000000000000e+00,2.000000000000000000e+04
7.878787878787878451e-01,1.030303030303030276e+00,3.826773179286778893e-03,-2.311133123320277261e-01,0.000000000000000000e+00,0.000000000000000000e+00,2.000000000000000000e+04
8.181818181818182323e-01,1.030303030303030276e+00,5.605063940092306490e-03,-2.371625580759279261e-01,0.000000000000000000e+00,0.000000000000000000e+00,2.000000000000000000e+04
8.484848484848485084e-01,1.030303030303030276e+00,7.485822715472399691e-03,-2.426850483665540514e-01,0.000000000000000000e+00,0.000000000000000000e+00,2.000000000000000000e+04
8.787878787878787845e-01,1.030303030303030276e+00,9.462525227908242034e-03,-2.476392972950196003e-01,0.000000000000000000e+00,0.000000000000000000e+00,2.000000000000000000e+04
9.090909090909090606e-01,1.030303030303030276e+00,1.152809157590813441e-02,-2.519821796114009582e-01,0.000000000000000000e+00,0.000000000000000000e+00,2.000000000000000000e+04
9.393939393939394478e-01,1.030303030303030276e+00,1.367468167633729449e-02,-2.556687052861860154e-01,0.000000000000000000e+00,0.000000000000000000e+00,2.000000000000000000e+04
9.696969696969697239e-01,1.030303030303030276e+00,1.589340586367226846e-02,-2.586518538339016016e-01,0.000000000000000000e+00,0.000000000000000000e+00,2.000000000000000000e+04
1.000000000000000000e+00,1.030303030303030276e+00,1.817395561174680804e-02,-2.608825072308165738e-01,0.000000000000000000e+00,0.000000000000000000e+00,2.000000000000000000e+04
0.000000000000000000e+00,1.060606060606060552e+00,0.000000000000000000e+00,0.000000000000000000e+00,1.000000000000000000e+00,0.000000000000000000e+00,2.000000000000000000e+04
3.030303030303030387e-02,1.060606060606060552e+00,-9.924578218905239294e-04,-8.981624510107456827e-03,0.000000000000000000e+00,0.000000000000000000e+00,2.000000000000000000e+04
6.060606060606060774e-02,1.060606060606060552e+00,-1.951771430206005950e-03,-1.804215395462350352e-02,0.000000000000000000e+00,0.000000000000000000e+00,2.000000000000000000e+04
9.090909090909091161e-02,1.060606060606060552e+00,-2.869624184823870924e-03,-2.719231833393940395e-02,0.000000000000000000e+00,0.000000000000000000e+00,2.000000000000000000e+04
1.212121212121212155e-01,1.060606060606060552e+00,-3.737084411203619658e-03,-3.643880868051409261e-02,0.000000000000000000e+00,0.000000000000000000e+00,2.000000000000000000e+04
1.515151515151515194e-01,1.060606060606060552e+00,-4.544808823055175237e-03,-4.578430121910809225e-02,0.000000000000000000e+00,0.000000000000000000e+00,2.000000000000000000e+04
1.818181818181818232e-01,1.060606060606060552e+00,-5.283236918755689765e-03,-5.522752923301694344e-02,0.000000000000000000e+00,0.000000000000000000e+00,2.000000000000000000e+04
2.121212121212121271e-01,1.060606060606060552e+00,-5.942775201034459880e-03,-6.476339524572051476e-02,0.000000000000000000e+00,0.000000000000000000e+00,2.000000000000000000e+04
2.424242424242424310e-01,1.060606060606060552e+00,-6.513970991053360908e-03,-7.438311677664692645e-02,0.000000000000000000e+00,0.000000000000000000e+00,2.000000000000000000e+04
2.727272727272727071e-01,1.060606060606060552e+00,-6.987676098884638282e-03,-8.407439981989189848e-02,0.000000000000000000e+00,0.000000000000000000e+00,2.000000000000000000e+04
3.030303030303030387e-01,1.060606060606060552e+00,-7.355200687024259637e-03,-9.382163518381053668e-02,0.000000000000000000e+00,0.000000000000000000e+00,2.000000000000000000e+04
3.333333333333333148e-01,1.060606060606060552e+00,-7.608457362309682150e-03,-1.036061137732700588e-01,0.000000000000000000e+00,0.000000000000000000e+00,2.000000000000000000e+04
3.636363636363636465e-01,1.060606060606060552e+00,-7.740094923511481144e-03,-1.134062576584807108e-01,0.000000000000000000e+00,0.000000000000000000e+00,2.000000000000000000e+04
3.939393939393939226e-01,1.060606060606060552e+00,-7.743620373874713844e-03,-1.231978642381512945e-01,0.000000000000000000e+00,0.000000000000000000e+00,2.000000000000000000e+04
4.242424242424242542e-01,1.060606060606060552e+00,-7.613506900638472574e-03,-1.329543608850575487e-01,0.000000000000000000e+00,0.000000000000000000e+00,2.000000000000000000e+04
4.545454545454545303e-01,1.060606060606060552e+00,-7.345284664845525523e-03,-1.426470671137513857e-01,0.000000000000000000e+00,0.000000000000000000e+00,2.000000000000000000e+04
4.848484848484848619e-01,1.060606060606060552e+00,-6.935610581341324944e-03,-1.522454605335868960e-01,0.000000000000000000e+00,0.000000000000000000e+00,2.000000000000000000e+04
5.151515151515151381e-01,1.060606060606060552e+00,-6.382312947092753409e-03,-1.617174416947105842e-01,0.000000000000000000e+00,0.000000000000000000e+00,2.000000000000000000e+04
5.454545454545454142e-01,1.060606060606060552e+00,-5.684406931152367372e-03,-1.710295914991473709e-01,0.000000000000000000e+00,0.000000000000000000e+00,2.000000000000000000e+04
5.757575757575758013e-01,1.060606060606060552e+00,-4.842077684231394820e-03,-1.801474132812392603e-01,0.000000000000000000e+00,0.000000000000000000e+00,2.000000000000000000e+04
6.060606060606060774e-01,1.060606060606060552e+00,-3.856629236554901408e-03,-1.890355501545853967e-01,0.000000000000000000e+00,0.000000000000000000e+00,2.000000000000000000e+04
6.363636363636363535e-01,1.060606060606060552e+00,-2.730399456348933575e-03,-1.976579670088412788e-01,0.000000000000000000e+00,0.000000000000000000e+00,2.000000000000000000e+04
6.666666666666666297e-01,1.060606060606060552e+00,-1.466644101012983589e-03,-2.059780858814841964e-01,0.000000000000000000e+00,0.000000000000000000e+00,2.000000000000000000e+04
6.969696969696970168e-01,1.060606060606060552e+00,-6.939629492069032441e-05,-2.139588636041523106e-01,0.000000000000000000e+00,0.000000000000000000e+00,2.000000000000000000e+04
7.272727272727272929e-01,1.060606060606060552e+00,1.456688589097779709e-03,-2.215628019019046935e-01,0.000000000000000000e+00,0.000000000000000000e+00,2.000000000000000000e+04
7.575757575757575690e-01,1.060606060606060552e+00,3.106488976137098800e-03,-2.287518827446547443e-01,0.000000000000000000e+00,0.000000000000000000e+00,2.000000000000000000e+04
7.878787878787878451e-01,1.060606060606060552e+00,4.874557036388228216e-03,-2.354874258819543154e-01,0.000000000000000000e+00,0.000000000000000000e+00,2.000000000000000000e+04
8.181818181818182323e-01,1.060606060606060552e+00,6.755222934424300919e-03,-2.417298711949960321e-01,0.000000000000000000e+00,0.000000000000000000e+00,2.000000000000000000e+04
8.484848484848485084e-01,1.060606060606060552e+00,8.742642486667168492e-03,-2.474384956630525934e-01,0.000000000000000000e+00,0.000000000000000000e+00,2.000000000000000000e+04
8.787878787878787845e-01,1.060606060606060552e+00,1.083076779975162239e-02,-2.525710830788645556e-01,0.000000000000000000e+00,0.000000000000000000e+00,2.000000000000000000e+04
9.090909090909090606e-01,1.060606060606060552e+00,1.301322310268085772e-02,-2.570835736263614169e-01,0.000000000000000000e+00,0.000000000000000000e+00,2.000000000000000000e+04
9.393939393939394478e-01,1.060606060606060552e+00,1.528307301911041235e-02,-2.609297292087131015e-01,0.000000000000000000e+00,0.000000000000000000e+00,2.000000000000000000e+04
9.696969696969697239e-01,1.060606060606060552e+00,1.763247787496114577e-02,-2.640608579054228855e-01,0.000000000000000000e+00,0.000000000000000000e+00,2.000000000000000000e+04
1.000000000000000000e+00,1.060606060606060552e+00,2.005223990056745342e-02,-2.664256460481329025e-01,0.000000000000000000e+00,0.000000000000000000e+00,2.000000000000000000e+04
0.000000000000000000e+00,1.090909090909090828e+00,0.000000000000000000e+00,0.000000000000000000e+00,1.000000000000000000e+00,0.000000000000000000e+00,2.000000000000000000e+04
3.030303030303030387e-02,1.090909090909090828e+00,-9.679023696718513751e-04,-9.018542996824634173e-03,0.000000000000000000e+00,0.000000000000000000e+00,2.000000000000000000e+04
6.060606060606060774e-02,1.090909090909090828e+00,-1.908561676756584608e-03,-1.812979790675769975e-02,0.000000000000000000e+00,0.000000000000000000e+00,2.000000000000000000e+04
9.090909090909091161e-02,1.090909090909090828e+00,-2.812381019389903394e-03,-2.734536513491817034e-02,0.000000000000000000e+00,0.000000000000000000e+00,2.000000000000000000e+04
1.212121212121212155e-01,1.090909090909090828e+00,-3.669141138702559316e-03,-3.667252765027609329e-02,0.000000000000000000e+00,0.000000000000000000e+00,2.000000000000000000e+04
1.515151515151515194e-01,1.090909090909090828e+00,-4.468228631229384171e-03,-4.611428780538227856e-02,0.000000000000000000e+00,0.000000000000000000e+00,2.000000000000000000e+04
1.818181818181818232e-01,1.090909090909090828e+00,-5.198850419497255161e-03,-5.566945408987657856e-02,0.000000000000000000e+00,0.000000000000000000e+00,2.000000000000000000e+04
2.121212121212121271e-01,1.090909090909090828e+00,-5.850234029950412973e-03,-6.533276896043323234e-02,0.000000000000000000e+00,0.000000000000000000e+00,2.000000000000000000e+04
2.424242424242424310e-01,1.090909090909090828e+00,-6.411814362664018663e-03,-7.509507006282552244e-02,0.000000000000000000e+00,0.000000000000000000e+00,2.000000000000000000e+04
2.727272727272727071e-01,1.090909090909090828e+00,-6.873408220965151680e-03,-8.494347857316955630e-02,0.000000000000000000e+00,0.000000000000000000e+00,2.000000000000000000e+04
3.030303030303030387e-01,1.090909090909090828e+00,-7.225377910560545208e-03,-9.486160986823775898e-02,0.000000000000000000e+00,0.000000000000000000e+00,2.000000000000000000e+04
3.333333333333333148e-01,1.090909090909090828e+00,-7.458784759062558022e-03,-1.048298031114206635e-01,0.000000000000000000e+00,0.000000000000000000e+00,2.000000000000000000e+04
3.636363636363636465e-01,1.090909090909090828e+00,-7.565532528033291383e-03,-1.148253674389155821e-01,0.000000000000000000e+00,0.000000000000000000e+00,2.000000000000000000e+04
3.939393939393939226e-01,1.090909090909090828e+00,-7.538499508581466592e-03,-1.248228431005740796e-01,0.000000000000000000e+00,0.000000000000000000e+00,2.000000000000000000e+04
4.242424242424242542e-01,1.090909090909090828e+00,-7.371656758481778121e-03,-1.347942760404531037e-01,0.000000000000000000e+00,0.000000000000000000e+00,2.000000000000000000e+04
4.545454545454545303e-01,1.090909090909090828e+00,-7.060168628789120077e-03,-1.447095039316198817e-01,0.000000000000000000e+00,0.000000000000000000e+00,2.000000000000000000e+04
4.848484848484848619e-01,1.090909090909090828e+00,-6.600470631161410237e-03,-1.545364506025253826e-01,0.000000000000000000e+00,0.000000000000000000e+00,2.000000000000000000e+04
5.151515151515151381e-01,1.090909090909090828e+00,-5.990319007833916701e-03,-1.642414241627745963e-01,0.000000000000000000e+00,0.000000000000000000e+00,2.000000000000000000e+04
5.454545454545454142e-01,1.090909090909090828e+00,-5.228806270125554642e-03,-1.737894120711665769e-01,0.000000000000000000e+00,0.000000000000000000e+00,2.000000000000000000e+04
5.757575757575758013e-01,1.090909090909090828e+00,-4.316337631077912101e-03,-1.831443640676778117e-01,0.000000000000000000e+00,0.000000000000000000e+00,2.000000000000000000e+04
6.060606060606060774e-01,1.090909090909090828e+00,-3.254564796003578311e-03,-1.922694515536327031e-01,0.000000000000000000e+00,0.000000000000000000e+00,2.000000000000000000e+04
6.363636363636363535e-01,1.090909090909090828e+00,-2.046276055336020572e-03,-2.011272899465146313e-01,0.000000000000000000e+00,0.000000000000000000e+00,2.000000000000000000e+04
6.666666666666666297e-01,1.090909090909090828e+00,-6.952450324336007697e-04,-2.096801091002446771e-01,0.000000000000000000e+00,0.000000000000000000e+00,2.000000000000000000e+04
6.969696969696970168e-01,1.090909090909090828e+00,7.939553386631250471e-04,-2.178898564417407480e-01,0.000000000000000000e+00,0.000000000000000000e+00,2.000000000000000000e+04
7.272727272727272929e-01,1.090909090909090828e+00,2.416162223969956641e-03,-2.257182184106424350e-01,0.000000000000000000e+00,0.000000000000000000e+00,2.000000000000000000e+04
7.575757575757575690e-01,1.090909090909090828e+00,4.165839274438190229e-03,-2.331265484543465216e-01,0.000000000000000000e+00,0.000000000000000000e+00,2.000000000000000000e+04
7.878787878787878451e-01,1.090909090909090828e+00,6.037278798705325057e-03,-2.400756945040487256e-01,0.000000000000000000e+00,0.000000000000000000e+00,2.000000000000000000e+04
8.181818181818182323e-01,1.090909090909090828e+00,8.024764630663459158e-03,-2.465257256915594775e-01,0.000000000000000000e+00,0.000000000000000000e+00,2.000000000000000000e+04
8.484848484848485084e-01,1.090909090909090828e+00,1.012266822667462311e-02,-2.524355669837793359e-01,0.000000000000000000e+00,0.000000000000000000e+00,2.000000000000000000e+04
8.787878787878787845e-01,1.090909090909090828e+00,1.232545038893914473e-02,-2.577625611275675688e-01,0.000000000000000000e+00,0.000000000000000000e+00,2.000000000000000000e+04
9.090909090909090606e-01,1.090909090909090828e+00,1.462754373817007521e-02,-2.624619891731586052e-01,0.000000000000000000e+00,0.000000000000000000e+00,2.000000000000000000e+04
9.393939393939394478e-01,1.090909090909090828e+00,1.702309701669778991e-02,-2.664865927291688585e-01,0.000000000000000000e+00,0.000000000000000000e+00,2.000000000000000000e+04
9.696969696969697239e-01,1.090909090909090828e+00,1.950557142223452098e-02,-2.697861514725431453e-01,0.000000000000000000e+00,0.000000000000000000e+00,2.000000000000000000e+04
1.000000000000000000e+00,1.090909090909090828e+00,2.206719092380170569e-02,-2.723071767703620361e-01,0.000000000000000000e+00,0.000000000000000000e+00,2.000000000000000000e+04
0.000000000000000000e+00,1.121212121212121104e+00,0.000000000000000000e+00,0.000000000000000000e+00,1.000000000000000000e+00,0.000000000000000000e+00,2.000000000000000000e+04
3.030303030303030387e-02,1.121212121212121104e+00,-9.381485738301047206e-04,-9.046097532598324290e-03,0.000000000000000000e+00,0.000000000000000000e+00,2.000000000000000000e+04
6.060606060606060774e-02,1.121212121212121104e+00,-1.855412865288526454e-03,-1.820087320595660529e-02,0.000000000000000000e+00,0.000000000000000000e+00,2.000000000000000000e+04
9.090909090909091161e-02,1.121212121212121104e+00,-2.740828882789520578e-03,-2.747681811557892498e-02,0.000000000000000000e+00,0.000000000000000000e+00,2.000000000000000000e+04
1.212121212121212155e-01,1.121212121212121104e+00,-3.582808881219248873e-03,-3.688179078432327757e-02,0.000000000000000000e+00,0.000000000000000000e+00,2.000000000000000000e+04
1.515151515151515194e-01,1.121212121212121104e+00,-4.369394709016097972e-03,-4.641907331363238909e-02,0.000000000000000000e+00,0.000000000000000000e+00,2.000000000000000000e+04
1.818181818181818232e-01,1.121212121212121104e+00,-5.088491531565616718e-03,-5.608747893784957195e-02,0.000000000000000000e+00,0.000000000000000000e+00,2.000000000000000000e+04
2.121212121212121271e-01,1.121212121212121104e+00,-5.728082605484238060e-03,-6.588150034664054522e-02,0.000000000000000000e+00,0.000000000000000000e+00,2.000000000000000000e+04
2.424242424242424310e-01,1.121212121212121104e+00,-6.276427144369968458e-03,-7.579148997155626954e-02,0.000000000000000000e+00,0.000000000000000000e+00,2.000000000000000000e+04
2.727272727272727071e-01,1.121212121212121104e+00,-6.722243990469091435e-03,-8.580386551071311763e-02,0.000000000000000000e+00,0.000000000000000000e+00,2.000000000000000000e+04
3.030303030303030387e-01,1.121212121212121104e+00,-7.054883785870876695e-03,-9.590133609311959906e-02,0.000000000000000000e+00,0.000000000000000000e+00,2.000000000000000000e+04
3.333333333333333148e-01,1.121212121212121104e+00,-7.264491661152372957e-03,-1.060631464387951778e-01,0.000000000000000000e+00,0.000000000000000000e+00,2.000000000000000000e+04
3.636363636363636465e-01,1.121212121212121104e+00,-7.342161219630061360e-03,-1.162653379309847579e-01,0.000000000000000000e+00,0.000000000000000000e+00,2.000000000000000000e+04
3.939393939393939226e-01,1.121212121212121104e+00,-7.280078932501945176e-03,-1.264810264882821611e-01,0.000000000000000000e+00,0.000000000000000000e+00,2.000000000000000000e+04
4.242424242424242542e-01,1.121212121212121104e+00,-7.071656158842318587e-03,-1.366806973606163045e-01,0.000000000000000000e+00,0.000000000000000000e+00,2.000000000000000000e+04
4.545454545454545303e-01,1.121212121212121104e+00,-6.711644083633473527e-03,-1.468325163876568473e-01,0.000000000000000000e+00,0.000000000000000000e+00,2.000000000000000000e+04
4.848484848484848619e-01,1.121212121212121104e+00,-6.196225169243005544e-03,-1.569026558335869237e-01,0.000000000000000000e+00,0.000000000000000000e+00,2.000000000000000000e+04
5.151515151515151381e-01,1.121212121212121104e+00,-5.523073494619465916e-03,-1.668556307041163533e-01,0.000000000000000000e+00,0.000000000000000000e+00,2.000000000000000000e+04
5.454545454545454142e-01,1.121212121212121104e+00,-4.691375862298524484e-03,-1.766546385928136897e-01,0.000000000000000000e+00,0.000000000000000000e+00,2.000000000000000000e+04
5.757575757575758013e-01,1.121212121212121104e+00,-3.701806015565480522e-03,-1.862618928065599699e-01,0.000000000000000000e+00,0.000000000000000000e+00,2.000000000000000000e+04
6.060606060606060774e-01,1.121212121212121104e+00,-2.556445914221044426e-03,-1.956389350768574509e-01,0.000000000000000000e+00,0.000000000000000000e+00,2.000000000000000000e+04
6.363636363636363535e-01,1.121212121212121104e+00,-1.258650887713025314e-03,-2.047469109457766556e-01,0.000000000000000000e+00,0.000000000000000000e+00,2.000000000000000000e+04
6.666666666666666297e-01,1.121212121212121104e+00,1.871403558544754446e-04,-2.135467883644264209e-01,0.000000000000000000e+00,0.000000000000000000e+00,2.000000000000000000e+04
6.969696969696970168e-01,1.121212121212121104e+00,1.775644536776838957e-03,-2.219994986555463012e-01,0.000000000000000000e+00,0.000000000000000000e+00,2.000000000000000000e+04
7.272727272727272929e-01,1.121212121212121104e+00,3.501008812411309564e-03,-2.300659792970323470e-01,0.000000000000000000e+00,0.000000000000000000e+00,2.000000000000000000e+04
7.575757575757575690e-01,1.121212121212121104e+00,5.357102578858939819e-03,-2.377071004948944632e-01,0.000000000000000000e+00,0.000000000000000000e+00,2.000000000000000000e+04
7.878787878787878451e-01,1.121212121212121104e+00,7.337799970892832160e-03,-2.448834626751753007e-01,0.000000000000000000e+00,0.000000000000000000e+00,2.000000000000000000e+04
8.181818181818182323e-01,1.121212121212121104e+00,9.437221186371757414e-03,-2.515550601397146258e-01,0.000000000000000000e+00,0.000000000000000000e+00,2.000000000000000000e+04
8.484848484848485084e-01,1.121212121212121104e+00,1.164989679668436418e-02,-2.576808171843893436e-01,0.000000000000000000e+00,0.000000000000000000e+00,2.000000000000000000e+04
8.787878787878787845e-01,1.121212121212121104e+00,1.397081806010816440e-02,-2.632180167535256299e-01,0.000000000000000000e+00,0.000000000000000000e+00,2.000000000000000000e+04
9.090909090909090606e-01,1.121212121212121104e+00,1.639533889791554983e-02,-2.681216574602314773e-01,0.000000000000000000e+00,0.000000000000000000e+00,2.000000000000000000e+04
9.393939393939394478e-01,1.121212121212121104e+00,1.891890221124809326e-02,-2.723437909395838297e-01,0.000000000000000000e+00,0.000000000000000000e+00,2.000000000000000000e+04
9.696969696969697239e-01,1.121212121212121104e+00,2.153657453646336956e-02,-2.758329058224950892e-01,0.000000000000000000e+00,0.000000000000000000e+00,2.000000000000000000e+04
1.000000000000000000e+00,1.121212121212121104e+00,2.424238792382904517e-02,-2.785334349960992273e-01,0.000000000000000000e+00,0.000000000000000000e+00,2.000000000000000000e+04
0.000000000000000000e+00,1.151515151515151603e+00,0.000000000000000000e+00,0.000000000000000000e+00,1.000000000000000000e+00,0.000000000000000000e+00,2.000000000000000000e+04
3.030303030303030387e-02,1.151515151515151603e+00,-9.023456305617270001e-04,-9.063571795228922076e-03,0.000000000000000000e+00,0.000000000000000000e+00,2.000000000000000000e+04
6.060606060606060774e-02,1.151515151515151603e+00,-1.790645970054581797e-03,-1.825410824139553356e-02,0.000000000000000000e+00,0.000000000000000000e+00,2.000000000000000000e+04
9.090909090909091161e-02,1.151515151515151603e+00,-2.652474352698579261e-03,-2.758500202168613288e-02,0.000000000000000000e+00,0.000000000000000000e+00,2.000000000000000000e+04
1.212121212121212155e-01,1.151515151515151603e+00,-3.474788877712969501e-03,-3.706465977716062038e-02,0.000000000000000000e+00,0.000000000000000000e+00,2.000000000000000000e+04
1.515151515151515194e-01,1.151515151515151603e+00,-4.244210533328472527e-03,-4.669658602767372269e-02,0.000000000000000000e+00,0.000000000000000000e+00,2.000000000000000000e+04
1.818181818181818232e-01,1.151515151515151603e+00,-4.947274368466118497e-03,-5.647951869515996370e-02,0.000000000000000000e+00,0.000000000000000000e+00,2.000000000000000000e+04
2.121212121212121271e-01,1.151515151515151603e+00,-5.570656034299354374e-03,-6.640760348052883455e-02,0.000000000000000000e+00,0.000000000000000000e+00,2.000000000000000000e+04
2.424242424242424310e-01,1.151515151515151603e+00,-6.101377643313123968e-03,-7.647059698267727468e-02,0.000000000000000000e+00,0.000000000000000000e+00,2.000000000000000000e+04
2.727272727272727071e-01,1.151515151515151603e+00,-6.526997665154317570e-03,-8.665409136532345458e-02,0.000000000000000000e+00,0.000000000000000000e+00,2.000000000000000000e+04
3.030303030303030387e-01,1.151515151515151603e+00,-6.835789470371213435e-03,-9.693975633672460845e-02,0.000000000000000000e+00,0.000000000000000000e+00,2.000000000000000000e+04
3.333333333333333148e-01,1.151515151515151603e+00,-7.016912176805929421e-03,-1.073055969240467589e-01,0.000000000000000000e+00,0.000000000000000000e+00,2.000000000000000000e+04
3.636363636363636465e-01,1.151515151515151603e+00,-7.060575749236997455e-03,-1.177262277099433013e-01,0.000000000000000000e+00,0.000000000000000000e+00,2.000000000000000000e+04
3.939393939393939226e-01,1.151515151515151603e+00,-6.958200017225294430e-03,-1.281731655998341324e-01,0.000000000000000000e+00,0.000000000000000000e+00,2.000000000000000000e+04
4.242424242424242542e-01,1.151515151515151603e+00,-6.702564632449301528e-03,-1.386151436101753509e-01,0.000000000000000000e+00,0.000000000000000000e+00,2.000000000000000000e+04
4.545454545454545303e-01,1.151515151515151603e+00,-6.287944254726817936e-03,-1.490184474905014711e-01,0.000000000000000000e+00,0.000000000000000000e+00,2.000000000000000000e+04
4.848484848484848619e-01,1.151515151515151603e+00,-5.710220739679206133e-03,-1.593472751772671558e-01,0.000000000000000000e+00,0.000000000000000000e+00,2.000000000000000000e+04
5.151515151515151381e-01,1.151515151515151603e+00,-4.966962126806335510e-03,-1.695641161755408188e-01,0.000000000000000000e+00,0.000000000000000000e+00,2.000000000000000000e+04
5.454545454545454142e-01,1.151515151515151603e+00,-4.057457127015911234e-03,-1.796301441191896220e-01,0.000000000000000000e+00,0.000000000000000000e+00,2.000000000000000000e+04
5.757575757575758013e-01,1.151515151515151603e+00,-2.982693901615356830e-03,-1.895056112149489103e-01,0.000000000000000000e+00,0.000000000000000000e+00,2.000000000000000000e+04
6.060606060606060774e-01,1.151515151515151603e+00,-1.745273488096208726e-03,-1.991502283796733330e-01,0.000000000000000000e+00,0.000000000000000000e+00,2.000000000000000000e+04
6.363636363636363535e-01,1.151515151515151603e+00,-3.492514661059202118e-04,-2.085235100901816352e-01,0.000000000000000000e+00,0.000000000000000000e+00,2.000000000000000000e+04
6.666666666666666297e-01,1.151515151515151603e+00,1.200093537805425794e-03,-2.175850588437479305e-01,0.000000000000000000e+00,0.000000000000000000e+00,2.000000000000000000e+04
6.969696969696970168e-01,1.151515151515151603e+00,2.896559198430091308e-03,-2.262947613294720162e-01,0.000000000000000000e+00,0.000000000000000000e+00,2.000000000000000000e+04
7.272727272727272929e-01,1.151515151515151603e+00,4.733373232868438862e-03,-2.346128676573597527e-01,0.000000000000000000e+00,0.000000000000000000e+00,2.000000000000000000e+04
7.575757575757575690e-01,1.151515151515151603e+00,6.703578981114193328e-03,-2.424999270225268733e-01,0.000000000000000000e+00,0.000000000000000000e+00,2.000000000000000000e+04
7.878787878787878451e-01,1.151515151515151603e+00,8.800421006939755306e-03,-2.499165586785587756e-01,0.000000000000000000e+00,0.000000000000000000e+00,2.000000000000000000e+04
8.181818181818182323e-01,1.151515151515151603e+00,1.101769051237789024e-02,-2.568230466092530917e-01,0.000000000000000000e+00,0.000000000000000000e+00,2.000000000000000000e+04
8.484848484848485084e-01,1.151515151515151603e+00,1.334998406315155740e-02,-2.631787598986718435e-01,0.000000000000000000e+00,0.000000000000000000e+00,2.000000000000000000e+04
8.787878787878787845e-01,1.151515151515151603e+00,1.579282637012508969e-02,-2.689414185012303782e-01,0.000000000000000000e+00,0.000000000000000000e+00,2.000000000000000000e+04
9.090909090909090606e-01,1.151515151515151603e+00,1.834261015771962433e-02,-2.740662451019406087e-01,0.000000000000000000e+00,0.000000000000000000e+00,2.000000000000000000e+04
9.393939393939394478e-01,1.151515151515151603e+00,2.099631439357358548e-02,-2.785050657316954226e-01,0.000000000000000000e+00,0.000000000000000000e+00,2.000000000000000000e+04
9.696969696969697239e-01,1.151515151515151603e+00,2.375097623558126633e-02,-2.822054415147563500e-01,0.000000000000000000e+00,0.000000000000000000e+00,2.000000000000000000e+04
1.000000000000000000e+00,1.151515151515151603e+00,2.660291089428854297e-02,-2.851099283907558846e-01,0.000000000000000000e+00,0.000000000000000000e+00,2.000000000000000000e+04
0.000000000000000000e+00,1.181818181818181879e+00,0.000000000000000000e+00,0.000000000000000000e+00,1.000000000000000000e+00,0.000000000000000000e+00,2.000000000000000000e+04
3.030303030303030387e-02,1.181818181818181879e+00,-8.595705544670222478e-04,-9.070213037759847913e-03,0.000000000000000000e+00,0.000000000000000000e+00,2.000000000000000000e+04
6.060606060606060774e-02,1.181818181818181879e+00,-1.712434572757185521e-03,-1.828817974254976289e-02,0.000000000000000000e+00,0.000000000000000000e+00,2.000000000000000000e+04
9.090909090909091161e-02,1.181818181818181879e+00,-2.544598936064748195e-03,-2.766818983085959568e-02,0.000000000000000000e+00,0.000000000000000000e+00,2.000000000000000000e+04
1.212121212121212155e-01,1.181818181818181879e+00,-3.341478987203504430e-03,-3.721915422626301956e-02,0.000000000000000000e+00,0.000000000000000000e+00,2.000000000000000000e+04
1.515151515151515194e-01,1.181818181818181879e+00,-4.088200042661286129e-03,-4.694472733396540948e-02,0.000000000000000000e+00,0.000000000000000000e+00,2.000000000000000000e+04
1.818181818181818232e-01,1.181818181818181879e+00,-4.769862858100792392e-03,-5.684347922956928950e-02,0.000000000000000000e+00,0.000000000000000000e+00,2.000000000000000000e+04
2.121212121212121271e-01,1.181818181818181879e+00,-5.371777641162797656e-03,-6.690910252353413079e-02,0.000000000000000000e+00,0.000000000000000000e+00,2.000000000000000000e+04
2.424242424242424310e-01,1.181818181818181879e+00,-5.879673139310695115e-03,-7.713064226576055171e-02,0.000000000000000000e+00,0.000000000000000000e+00,2.000000000000000000e+04
2.727272727272727071e-01,1.181818181818181879e+00,-6.279888225131298983e-03,-8.749274121761373146e-02,0.000000000000000000e+00,0.000000000000000000e+00,2.000000000000000000e+04
3.030303030303030387e-01,1.181818181818181879e+00,-6.559553190098234114e-03,-9.797589684384021280e-02,0.000000000000000000e+00,0.000000000000000000e+00,2.000000000000000000e+04
3.333333333333333148e-01,1.181818181818181879e+00,-6.706766656151287240e-03,-1.085567300905763838e-01,0.000000000000000000e+00,0.000000000000000000e+00,2.000000000000000000e+04
3.636363636363636465e-01,1.181818181818181879e+00,-6.710771730991108713e-03,-1.192082690390831590e-01,0.000000000000000000e+00,0.000000000000000000e+00,2.000000000000000000e+04
3.939393939393939226e-01,1.181818181818181879e+00,-6.562131961322856082e-03,-1.299002525259891350e-01,0.000000000000000000e+00,0.000000000000000000e+00,2.000000000000000000e+04
4.242424242424242542e-01,1.181818181818181879e+00,-6.252904044181611595e-03,-1.405994595439774841e-01,0.000000000000000000e+00,0.000000000000000000e+00,2.000000000000000000e+04
4.545454545454545303e-01,1.181818181818181879e+00,-5.776800465706779901e-03,-1.512700695160465458e-01,0.000000000000000000e+00,0.000000000000000000e+00,2.000000000000000000e+04
4.848484848484848619e-01,1.181818181818181879e+00,-5.129331624459845806e-03,-1.618740563021277556e-01,0.000000000000000000e+00,0.000000000000000000e+00,2.000000000000000000e+04
5.151515151515151381e-01,1.181818181818181879e+00,-4.307913975732604976e-03,-1.723716150820009674e-01,0.000000000000000000e+00,0.000000000000000000e+00,2.000000000000000000e+04
5.454545454545454142e-01,1.181818181818181879e+00,-3.311928739791218743e-03,-1.827216162078831030e-01,0.000000000000000000e+00,0.000000000000000000e+00,2.000000000000000000e+04
5.757575757575758013e-01,1.181818181818181879e+00,-2.142715185682177864e-03,-1.928820740019530633e-01,0.000000000000000000e+00,0.000000000000000000e+00,2.000000000000000000e+04
6.060606060606060774e-01,1.181818181818181879e+00,-8.034838355357236351e-04,-2.028106116929829783e-01,0.000000000000000000e+00,0.000000000000000000e+00,2.000000000000000000e+04
6.363636363636363535e-01,1.181818181818181879e+00,7.008615402895909501e-04,-2.124648967939320177e-01,0.000000000000000000e+00,0.000000000000000000e+00,2.000000000000000000e+04
6.666666666666666297e-01,1.181818181818181879e+00,2.363998349332441847e-03,-2.218030149231188519e-01,0.000000000000000000e+00,0.000000000000000000e+00,2.000000000000000000e+04
6.969696969696970168e-01,1.181818181818181879e+00,4.178552915478298511e-03,-2.307837452163847280e-01,0.000000000000000000e+00,0.000000000000000000e+00,2.000000000000000000e+04
7.272727272727272929e-01,1.181818181818181879e+00,6.136547940309123109e-03,-2.393666980406624900e-01,0.000000000000000000e+00,0.000000000000000000e+00,2.000000000000000000e+04
7.575757575757575690e-01,1.181818181818181879e+00,8.229904023905585536e-03,-2.475122767476755081e-01,0.000000000000000000e+00,0.000000000000000000e+00,2.000000000000000000e+04
7.878787878787878451e-01,1.181818181818181879e+00,1.045095685367034358e-02,-2.551814307260548698e-01,0.000000000000000000e+00,0.000000000000000000e+00,2.000000000000000000e+04
8.181818181818182323e-01,1.181818181818181879e+00,1.279293966856309868e-02,-2.623351779724603650e-01,0.000000000000000000e+00,0.000000000000000000e+00,2.000000000000000000e+04
8.484848484848485084e-01,1.181818181818181879e+00,1.525037091863012430e-02,-2.689338919868068389e-01,0.000000000000000000e+00,0.000000000000000000e+00,2.000000000000000000e+04
8.787878787878787845e-01,1.181818181818181879e+00,1.781928178244159694e-02,-2.749363705331899221e-01,0.000000000000000000e+00,0.000000000000000000e+00,2.000000000000000000e+04
9.090909090909090606e-01,1.181818181818181879e+00,2.049721972092072297e-02,-2.802987319280562106e-01,0.000000000000000000e+00,0.000000000000000000e+00,2.000000000000000000e+04
9.393939393939394478e-01,1.181818181818181879e+00,2.328297394656188984e-02,-2.849732145616508672e-01,0.000000000000000000e+00,0.000000000000000000e+00,2.000000000000000000e+04
9.696969696969697239e-01,1.181818181818181879e+00,2.617598629465637053e-02,-2.889069823880701104e-01,0.000000000000000000e+00,0.000000000000000000e+00,2.000000000000000000e+04
1.000000000000000000e+00,1.181818181818181879e+00,2.917543481786974424e-02,-2.920410589386445710e-01,0.000000000000000000e+00,0.000000000000000000e+00,2.000000000000000000e+04
0.000000000000000000e+00,1.212121212121212155e+00,0.000000000000000000e+00,0.000000000000000000e+00,1.000000000000000000e+00,0.000000000000000000e+00,2.000000000000000000e+04
3.030303030303030387e-02,1.212121212121212155e+00,-8.088153245614790928e-04,-9.065238247855695805e-03,0.000000000000000000e+00,0.000000000000000000e+00,2.000000000000000000e+04
6.060606060606060774e-02,1.212121212121212155e+00,-1.618776376140508653e-03,-1.830172613445856314e-02,0.000000000000000000e+00,0.000000000000000000e+00,2.000000000000000000e+04
9.090909090909091161e-02,1.212121212121212155e+00,-2.414212659722014213e-03,-2.772462243755180467e-02,0.000000000000000000e+00,0.000000000000000000e+00,2.000000000000000000e+04
1.212121212121212155e-01,1.212121212121212155e+00,-3.178907851469901444e-03,-3.734327528677578584e-02,0.000000000000000000e+00,0.000000000000000000e+00,2.000000000000000000e+04
1.515151515151515194e-01,1.212121212121212155e+00,-3.896421899015132476e-03,-4.716139593863528240e-02,0.000000000000000000e+00,0.000000000000000000e+00,2.000000000000000000e+04
1.818181818181818232e-01,1.212121212121212155e+00,-4.550365848832236063e-03,-5.717727817148422764e-02,0.000000000000000000e+00,0.000000000000000000e+00,2.000000000000000000e+04
2.121212121212121271e-01,1.212121212121212155e+00,-5.124636991888046646e-03,-6.738404512711103356e-02,0.000000000000000000e+00,0.000000000000000000e+00,2.000000000000000000e+04
2.424242424242424310e-01,1.212121212121212155e+00,-5.603624244597561581e-03,-7.776991016341151808e-02,0.000000000000000000e+00,0.000000000000000000e+00,2.000000000000000000e+04
2.727272727272727071e-01,1.212121212121212155e+00,-5.972394752793194761e-03,-8.831844354227169624e-02,0.000000000000000000e+00,0.000000000000000000e+00,2.000000000000000000e+04
3.030303030303030387e-01,1.212121212121212155e+00,-6.216872391652449210e-03,-9.900884216353350586e-02,0.000000000000000000e+00,0.000000000000000000e+00,2.000000000000000000e+04
3.333333333333333148e-01,1.212121212121212155e+00,-6.324017126330191453e-03,-1.098162045669414805e-01,0.000000000000000000e+00,0.000000000000000000e+00,2.000000000000000000e+04
3.636363636363636465e-01,1.212121212121212155e+00,-6.282011212595950932e-03,-1.207118175587645059e-01,0.000000000000000000e+00,0.000000000000000000e+00,2.000000000000000000e+04
3.939393939393939226e-01,1.212121212121212155e+00,-6.080454176283262187e-03,-1.316634636478022924e-01,0.000000000000000000e+00,0.000000000000000000e+00,2.000000000000000000e+04
4.242424242424242542e-01,1.212121212121212155e+00,-5.710563724090122160e-03,-1.426357596650096593e-01,0.000000000000000000e+00,0.000000000000000000e+00,2.000000000000000000e+04
4.545454545454545303e-01,1.212121212121212155e+00,-5.165374590471788138e-03,-1.535905362666246388e-01,0.000000000000000000e+00,0.000000000000000000e+00,2.000000000000000000e+04
4.848484848484848619e-01,1.212121212121212155e+00,-4.439922268675243304e-03,-1.644872653656967165e-01,0.000000000000000000e+00,0.000000000000000000e+00,2.000000000000000000e+04
5.151515151515151381e-01,1.212121212121212155e+00,-3.531394122729970483e-03,-1.752835378996515647e-01,0.000000000000000000e+00,0.000000000000000000e+00,2.000000000000000000e+04
5.454545454545454142e-01,1.212121212121212155e+00,-2.439227094503081984e-03,-1.859355878496769254e-01,0.000000000000000000e+00,0.000000000000000000e+00,2.000000000000000000e+04
5.757575757575758013e-01,1.212121212121212155e+00,-1.165129693314145235e-03,-1.963988503588338375e-01,0.000000000000000000e+00,0.000000000000000000e+00,2.000000000000000000e+04
6.060606060606060774e-01,1.212121212121212155e+00,2.869932413463198635e-04,-2.066285326016057966e-01,0.000000000000000000e+00,0.000000000000000000e+00,2.000000000000000000e+04
6.363636363636363535e-01,1.212121212121212155e+00,1.911230875356257622e-03,-2.165801663876073535e-01,0.000000000000000000e+00,0.000000000000000000e+00,2.000000000000000000e+04
6.666666666666666297e-01,1.212121212121212155e+00,3.699982844943724026e-03,-2.262101022022994790e-01,0.000000000000000000e+00,0.000000000000000000e+00,2.000000000000000000e+04
6.969696969696970168e-01,1.212121212121212155e+00,5.644402696688613670e-03,-2.354758965871007470e-01,0.000000000000000000e+00,0.000000000000000000e+00,2.000000000000000000e+04
7.272727272727272929e-01,1.212121212121212155e+00,7.734955795456962407e-03,-2.443365397394843819e-01,0.000000000000000000e+00,0.000000000000000000e+00,2.000000000000000000e+04
7.575757575757575690e-01,1.212121212121212155e+00,9.962063278302509678e-03,-2.527524694328168176e-01,0.000000000000000000e+00,0.000000000000000000e+00,2.000000000000000000e+04
7.878787878787878451e-01,1.212121212121212155e+00,1.231678627778873096e-02,-2.606853223279060328e-01,0.000000000000000000e+00,0.000000000000000000e+00,2.000000000000000000e+04
8.181818181818182323e-01,1.212121212121212155e+00,1.479148765535727612e-02,-2.680973860722327129e-01,0.000000000000000000e+00,0.000000000000000000e+00,2.000000000000000000e+04
8.484848484848485084e-01,1.212121212121212155e+00,1.738039387270480865e-02,-2.749507354538432424e-01,0.000000000000000000e+00,0.000000000000000000e+00,2.000000000000000000e+04
8.787878787878787845e-01,1.212121212121212155e+00,2.007997052377543876e-02,-2.812060650726597166e-01,0.000000000000000000e+00,0.000000000000000000e+00,2.000000000000000000e+04
9.090909090909090606e-01,1.212121212121212155e+00,2.288902520523162717e-02,-2.868212689959847572e-01,0.000000000000000000e+00,0.000000000000000000e+00,2.000000000000000000e+04
9.393939393939394478e-01,1.212121212121212155e+00,2.580846294804757871e-02,-2.917498591763652005e-01,0.000000000000000000e+00,0.000000000000000000e+00,2.000000000000000000e+04
9.696969696969697239e-01,1.212121212121212155e+00,2.884064165793878698e-02,-2.959393513006116083e-01,0.000000000000000000e+00,0.000000000000000000e+00,2.000000000000000000e+04
1.000000000000000000e+00,1.212121212121212155e+00,3.198830516422640491e-02,-2.993297733415264950e-01,0.000000000000000000e+00,0.000000000000000000e+00,2.000000000000000000e+04
0.000000000000000000e+00,1.242424242424242431e+00,0.000000000000000000e+00,0.000000000000000000e+00,1.000000000000000000e+00,0.000000000000000000e+00,2.000000000000000000e+04
3.030303030303030387e-02,1.242424242424242431e+00,-7.489721785670542479e-04,-9.047845144451564098e-03,0.000000000000000000e+00,0.000000000000000000e+00,2.000000000000000000e+04
6.060606060606060774e-02,1.242424242424242431e+00,-1.507460026853831622e-03,-1.829337011818054845e-02,0.000000000000000000e+00,0.000000000000000000e+00,2.000000000000000000e+04
9.090909090909091161e-02,1.242424242424242431e+00,-2.257999286877290703e-03,-2.775254111198989862e-02,0.000000000000000000e+00,0.000000000000000000e+00,2.000000000000000000e+04
1.212121212121212155e-01,1.242424242424242431e+00,-2.982656331758186657e-03,-3.743504448076620528e-02,0.000000000000000000e+00,0.000000000000000000e+00,2.000000000000000000e+04
1.515151515151515194e-01,1.242424242424242431e+00,-3.663366222848433214e-03,-4.734452818975506960e-02,0.000000000000000000e+00,0.000000000000000000e+00,2.000000000000000000e+04
1.818181818181818232e-01,1.242424242424242431e+00,-4.282209705726719613e-03,-5.747888117810210501e-02,0.000000000000000000e+00,0.000000000000000000e+00,2.000000000000000000e+04
2.121212121212121271e-01,1.242424242424242431e+00,-4.821640555014364629e-03,-6.783052896248505104e-02,0.000000000000000000e+00,0.000000000000000000e+00,2.000000000000000000e+04
2.424242424242424310e-01,1.242424242424242431e+00,-5.264677534159216583e-03,-7.838672986017237998e-02,0.000000000000000000e+00,0.000000000000000000e+00,2.000000000000000000e+04
2.727272727272727071e-01,1.242424242424242431e+00,-5.595076576237811850e-03,-8.912986308217750453e-02,0.000000000000000000e+00,0.000000000000000000e+00,2.000000000000000000e+04
3.030303030303030387e-01,1.242424242424242431e+00,-5.797498396107110541e-03,-1.000377070739479901e-01,0.000000000000000000e+00,0.000000000000000000e+00,2.000000000000000000e+04
3.333333333333333148e-01,1.242424242424242431e+00,-5.857684577156548403e-03,-1.110837131717085785e-01,0.000000000000000000e+00,0.000000000000000000e+00,2.000000000000000000e+04
3.636363636363636465e-01,1.242424242424242431e+00,-5.762651364539963898e-03,-1.222372852378953711e-01,0.000000000000000000e+00,0.000000000000000000e+00,2.000000000000000000e+04
3.939393939393939226e-01,1.242424242424242431e+00,-5.500905192570752257e-03,-1.334640798905652181e-01,0.000000000000000000e+00,0.000000000000000000e+00,2.000000000000000000e+04
4.242424242424242542e-01,1.242424242424242431e+00,-5.062677725827397987e-03,-1.447263438290443405e-01,0.000000000000000000e+00,0.000000000000000000e+00,2.000000000000000000e+04
4.545454545454545303e-01,1.242424242424242431e+00,-4.440171339327949121e-03,-1.559833042819678273e-01,0.000000000000000000e+00,0.000000000000000000e+00,2.000000000000000000e+04
4.848484848484848619e-01,1.242424242424242431e+00,-3.627799033367005033e-03,-1.671916255791199568e-01,0.000000000000000000e+00,0.000000000000000000e+00,2.000000000000000000e+04
5.151515151515151381e-01,1.242424242424242431e+00,-2.622396400473086912e-03,-1.783059392113192920e-01,0.000000000000000000e+00,0.000000000000000000e+00,2.000000000000000000e+04
5.454545454545454142e-01,1.242424242424242431e+00,-1.423378153360075390e-03,-1.892794465730550380e-01,0.000000000000000000e+00,0.000000000000000000e+00,2.000000000000000000e+04
5.757575757575758013e-01,1.242424242424242431e+00,-3.280866871529096083e-05,-2.000645831390464591e-01,0.000000000000000000e+00,0.000000000000000000e+00,2.000000000000000000e+04
6.060606060606060774e-01,1.242424242424242431e+00,1.544644191086523956e-03,-2.106137205862363138e-01,0.000000000000000000e+00,0.000000000000000000e+00,2.000000000000000000e+04
6.363636363636363535e-01,1.242424242424242431e+00,3.301899287987302041e-03,-2.208798700769609991e-01,0.000000000000000000e+00,0.000000000000000000e+00,2.000000000000000000e+04
6.666666666666666297e-01,1.242424242424242431e+00,5.229816090241421085e-03,-2.308173366082693079e-01,0.000000000000000000e+00,0.000000000000000000e+00,2.000000000000000000e+04
6.969696969696970168e-01,1.242424242424242431e+00,7.317719592538868105e-03,-2.403822623773551326e-01,0.000000000000000000e+00,0.000000000000000000e+00,2.000000000000000000e+04
7.272727272727272929e-01,1.242424242424242431e+00,9.554086794481117875e-03,-2.495329882215810979e-01,0.000000000000000000e+00,0.000000000000000000e+00,2.000000000000000000e+04
7.575757575757575690e-01,1.242424242424242431e+00,1.192736442931756520e-02,-2.582301583773249920e-01,0.000000000000000000e+00,0.000000000000000000e+00,2.000000000000000000e+04
7.878787878787878451e-01,1.242424242424242431e+00,1.442686411718694349e-02,-2.664364972499833062e-01,0.000000000000000000e+00,0.000000000000000000e+00,2.000000000000000000e+04
8.181818181818182323e-01,1.242424242424242431e+00,1.704365730105757148e-02,-2.741162002684545684e-01,0.000000000000000000e+00,0.000000000000000000e+00,2.000000000000000000e+04
8.484848484848485084e-01,1.242424242424242431e+00,1.977137053561496202e-02,-2.812339040306500171e-01,0.000000000000000000e+00,0.000000000000000000e+00,2.000000000000000000e+04
8.787878787878787845e-01,1.242424242424242431e+00,2.260676671652688333e-02,-2.877532384636955487e-01,0.000000000000000000e+00,0.000000000000000000e+00,2.000000000000000000e+04
9.090909090909090606e-01,1.242424242424242431e+00,2.554999583871505817e-02,-2.936350157608007549e-01,0.000000000000000000e+00,0.000000000000000000e+00,2.000000000000000000e+04
9.393939393939394478e-01,1.242424242424242431e+00,2.860441299548262956e-02,-2.988351681038682317e-01,0.000000000000000000e+00,0.000000000000000000e+00,2.000000000000000000e+04
9.696969696969697239e-01,1.242424242424242431e+00,3.177588981910012267e-02,-3.033025962258990571e-01,0.000000000000000000e+00,0.000000000000000000e+00,2.000000000000000000e+04
1.000000000000000000e+00,1.242424242424242431e+00,3.507158373261432677e-02,-3.069771256371999768e-01,0.000000000000000000e+00,0.000000000000000000e+00,2.000000000000000000e+04
0.000000000000000000e+00,1.272727272727272707e+00,0.000000000000000000e+00,0.000000000000000000e+00,1.000000000000000000e+00,0.000000000000000000e+00,2.000000000000000000e+04
3.030303030303030387e-02,1.272727272727272707e+00,-6.788169753695506977e-04,-9.017229621977573481e-03,0.000000000000000000e+00,0.000000000000000000e+00,2.000000000000000000e+04
6.060606060606060774e-02,1.272727272727272707e+00,-1.376026879624416954e-03,-1.826175346965793617e-02,0.000000000000000000e+00,0.000000000000000000e+00,2.000000000000000000e+04
9.090909090909091161e-02,1.272727272727272707e+00,-2.072252297160715861e-03,-2.775023686183266183e-02,0.000000000000000000e+00,0.000000000000000000e+00,2.000000000000000000e+04
1.212121212121212155e-01,1.272727272727272707e+00,-2.747764654493074082e-03,-3.749256263578951143e-02,0.000000000000000000e+00,0.000000000000000000e+00,2.000000000000000000e+04
1.515151515151515194e-01,1.272727272727272707e+00,-3.382831329388218729e-03,-4.749215998188257432e-02,0.000000000000000000e+00,0.000000000000000000e+00,2.000000000000000000e+04
1.818181818181818232e-01,1.272727272727272707e+00,-3.957984830413423250e-03,-5.774635922992855247e-02,0.000000000000000000e+00,0.000000000000000000e+00,2.000000000000000000e+04
2.121212121212121271e-01,1.272727272727272707e+00,-4.454230183227264085e-03,-6.824674661863344705e-02,0.000000000000000000e+00,0.000000000000000000e+00,2.000000000000000000e+04
2.424242424242424310e-01,1.272727272727272707e+00,-4.853210267328683658e-03,-7.897950067189521417e-02,0.000000000000000000e+00,0.000000000000000000e+00,2.000000000000000000e+04
2.727272727272727071e-01,1.272727272727272707e+00,-5.137350601624297852e-03,-8.992570070141275851e-02,0.000000000000000000e+00,0.000000000000000000e+00,2.000000000000000000e+04
3.030303030303030387e-01,1.272727272727272707e+00,-5.290004649675925097e-03,-1.010616073106708201e-01,0.000000000000000000e+00,0.000000000000000000e+00,2.000000000000000000e+04
3.333333333333333148e-01,1.272727272727272707e+00,-5.295618051260008591e-03,-1.123589236273270231e-01,0.000000000000000000e+00,0.000000000000000000e+00,2.000000000000000000e+04
3.636363636363636465e-01,1.272727272727272707e+00,-5.139925435147094622e-03,-1.237850534828044136e-01,0.000000000000000000e+00,0.000000000000000000e+00,2.000000000000000000e+04
3.939393939393939226e-01,1.272727272727272707e+00,-4.810186908695100218e-03,-1.353033782123673756e-01,0.000000000000000000e+00,0.000000000000000000e+00,2.000000000000000000e+04
4.242424242424242542e-01,1.272727272727272707e+00,-4.295463327651153837e-03,-1.468735766527125286e-01,0.000000000000000000e+00,0.000000000000000000e+00,2.000000000000000000e+04
4.545454545454545303e-01,1.272727272727272707e+00,-3.586920497172660632e-03,-1.584520128796121363e-01,0.000000000000000000e+00,0.000000000000000000e+00,2.000000000000000000e+04
4.848484848484848619e-01,1.272727272727272707e+00,-2.678143138266756568e-03,-1.699922129727571563e-01,0.000000000000000000e+00,0.000000000000000000e+00,2.000000000000000000e+04
5.151515151515151381e-01,1.272727272727272707e+00,-1.565430516900526104e-03,-1.814454454501223668e-01,0.000000000000000000e+00,0.000000000000000000e+00,2.000000000000000000e+04
5.454545454545454142e-01,1.272727272727272707e+00,-2.480379771279870270e-04,-1.927614099624797017e-01,0.000000000000000000e+00,0.000000000000000000e+00,2.000000000000000000e+04
5.757575757575758013e-01,1.272727272727272707e+00,1.271676716965157179e-03,-2.038890255699210008e-01,0.000000000000000000e+00,0.000000000000000000e+00,2.000000000000000000e+04
6.060606060606060774e-01,1.272727272727272707e+00,2.988245220123377042e-03,-2.147772938995813619e-01,0.000000000000000000e+00,0.000000000000000000e+00,2.000000000000000000e+04
6.363636363636363535e-01,1.272727272727272707e+00,4.893258947111308807e-03,-2.253761945132025935e-01,0.000000000000000000e+00,0.000000000000000000e+00,2.000000000000000000e+04
6.666666666666666297e-01,1.272727272727272707e+00,6.975750010227857803e-03,-2.356375511119715160e-01,0.000000000000000000e+00,0.000000000000000000e+00,2.000000000000000000e+04
6.969696969696970168e-01,1.272727272727272707e+00,9.222800343730708575e-03,-2.455157894643135441e-01,0.000000000000000000e+00,0.000000000000000000e+00,2.000000000000000000e+04
7.272727272727272929e-01,1.272727272727272707e+00,1.162037558600382062e-02,-2.549684933675336884e-01,0.000000000000000000e+00,0.000000000000000000e+00,2.000000000000000000e+04
7.575757575757575690e-01,1.272727272727272707e+00,1.415435322567714510e-02,-2.639566562775379488e-01,0.000000000000000000e+00,0.000000000000000000e+00,2.000000000000000000e+04
7.878787878787878451e-01,1.272727272727272707e+00,1.681168281106064366e-02,-2.724445265525526905e-01,0.000000000000000000e+00,0.000000000000000000e+00,2.000000000000000000e+04
8.181818181818182323e-01,1.272727272727272707e+00,1.958158288857611562e-02,-2.803989580658387548e-01,0.000000000000000000e+00,0.000000000000000000e+00,2.000000000000000000e+04
8.484848484848485084e-01,1.272727272727272707e+00,2.245664699506502368e-02,-2.877882034492672547e-01,0.000000000000000000e+00,0.000000000000000000e+00,2.000000000000000000e+04
8.787878787878787845e-01,1.272727272727272707e+00,2.543370705251684835e-02,-2.945801355887522344e-01,0.000000000000000000e+00,0.000000000000000000e+00,2.000000000000000000e+04
9.090909090909090606e-01,1.272727272727272707e+00,2.851429739136955230e-02,-3.007399556217926762e-01,0.000000000000000000e+00,0.000000000000000000e+00,2.000000000000000000e+04
9.393939393939394478e-01,1.272727272727272707e+00,3.170458081346783780e-02,-3.062275258232390884e-01,0.000000000000000000e+00,0.000000000000000000e+00,2.000000000000000000e+04
9.696969696969697239e-01,1.272727272727272707e+00,3.501463546353377615e-02,-3.109945330662030050e-01,0.000000000000000000e+00,0.000000000000000000e+00,2.000000000000000000e+04
1.000000000000000000e+00,1.272727272727272707e+00,3.845704965678433535e-02,-3.149817323180480466e-01,0.000000000000000000e+00,0.000000000000000000e+00,2.000000000000000000e+04
0.000000000000000000e+00,1.303030303030302983e+00,0.000000000000000000e+00,0.000000000000000000e+00,1.000000000000000000e+00,0.000000000000000000e+00,2.000000000000000000e+04
3.030303030303030387e-02,1.303030303030302983e+00,-5.969906464927889241e-04,-8.972611543010117902e-03,0.000000000000000000e+00,0.000000000000000000e+00,2.000000000000000000e+04
6.060606060606060774e-02,1.303030303030302983e+00,-1.221727531564608445e-03,-1.820558761282899465e-02,0.000000000000000000e+00,0.000000000000000000e+00,2.000000000000000000e+04
9.090909090909091161e-02,1.303030303030302983e+00,-1.852801040795085683e-03,-2.771612165452863943e-02,0.000000000000000000e+00,0.000000000000000000e+00,2.000000000000000000e+04
1.212121212121212155e-01,1.303030303030302983e+00,-2.468624015199886047e-03,-3.751409501201041774e-02,0.000000000000000000e+00,0.000000000000000000e+00,2.000000000000000000e+04
1.515151515151515194e-01,1.303030303030302983e+00,-3.047778300581375447e-03,-4.760251703336958878e-02,0.000000000000000000e+00,0.000000000000000000e+00,2.000000000000000000e+04
1.818181818181818232e-01,1.303030303030302983e+00,-3.569262770032833633e-03,-5.797797403942451383e-02,0.000000000000000000e+00,0.000000000000000000e+00,2.000000000000000000e+04
2.121212121212121271e-01,1.303030303030302983e+00,-4.012664670698207897e-03,-6.863105573147615379e-02,0.000000000000000000e+00,0.000000000000000000e+00,2.000000000000000000e+04
2.424242424242424310e-01,1.303030303030302983e+00,-4.358280840883953580e-03,-7.954673704540432544e-02,0.000000000000000000e+00,0.000000000000000000e+00,2.000000000000000000e+04
2.727272727272727071e-01,1.303030303030302983e+00,-4.587217716216744970e-03,-9.070470494649503224e-02,0.000000000000000000e+00,0.000000000000000000e+00,2.000000000000000000e+04
3.030303030303030387e-01,1.303030303030302983e+00,-4.681498655887518859e-03,-1.020796318783590839e-01,0.000000000000000000e+00,0.000000000000000000e+00,2.000000000000000000e+04
3.333333333333333148e-01,1.303030303030302983e+00,-4.624203936667616206e-03,-1.136414091855225822e-01,0.000000000000000000e+00,0.000000000000000000e+00,2.000000000000000000e+04
3.636363636363636465e-01,1.303030303030302983e+00,-4.399662981747131003e-03,-1.253553637426126077e-01,0.000000000000000000e+00,0.000000000000000000e+00,2.000000000000000000e+04
3.939393939393939226e-01,1.303030303030302983e+00,-3.993710317805584942e-03,-1.371824884510400300e-01,0.000000000000000000e+00,0.000000000000000000e+00,2.000000000000000000e+04
4.242424242424242542e-01,1.303030303030302983e+00,-3.394006755381243426e-03,-1.490797216129605973e-01,0.000000000000000000e+00,0.000000000000000000e+00,2.000000000000000000e+04
4.545454545454545303e-01,1.303030303030302983e+00,-2.590415827535876188e-03,-1.610003109756858175e-01,0.000000000000000000e+00,0.000000000000000000e+00,2.000000000000000000e+04
4.848484848484848619e-01,1.303030303030302983e+00,-1.575413224010303046e-03,-1.728942950364366349e-01,0.000000000000000000e+00,0.000000000000000000e+00,2.000000000000000000e+04
5.151515151515151381e-01,1.303030303030302983e+00,-3.444946720944568421e-04,-1.847091266680229715e-01,0.000000000000000000e+00,0.000000000000000000e+00,2.000000000000000000e+04
5.454545454545454142e-01,1.303030303030302983e+00,1.103463448672299891e-03,-1.963904520757388528e-01,0.000000000000000000e+00,0.000000000000000000e+00,2.000000000000000000e+04
5.757575757575758013e-01,1.303030303030302983e+00,2.765945152909680266e-03,-2.078830415643108942e-01,0.000000000000000000e+00,0.000000000000000000e+00,2.000000000000000000e+04
6.060606060606060774e-01,1.303030303030302983e+00,4.636696602237685115e-03,-2.191318479581148282e-01,0.000000000000000000e+00,0.000000000000000000e+00,2.000000000000000000e+04
6.363636363636363535e-01,1.303030303030302983e+00,6.705846599565645945e-03,-2.300831445984507506e-01,0.000000000000000000e+00,0.000000000000000000e+00,2.000000000000000000e+04
6.666666666666666297e-01,1.303030303030302983e+00,8.960295637931443846e-03,-2.406856690101476237e-01,0.000000000000000000e+00,0.000000000000000000e+00,2.000000000000000000e+04
6.969696969696970168e-01,1.303030303030302983e+00,1.138440661795754941e-02,-2.508916726182844337e-01,0.000000000000000000e+00,0.000000000000000000e+00,2.000000000000000000e+04
7.272727272727272929e-01,1.303030303030302983e+00,1.396100445736220275e-02,-2.606577541012331523e-01,0.000000000000000000e+00,0.000000000000000000e+00,2.000000000000000000e+04
7.575757575757575690e-01,1.303030303030302983e+00,1.667265690782320994e-02,-2.699453377288322797e-01,0.000000000000000000e+00,0.000000000000000000e+00,2.000000000000000000e+04
7.878787878787878451e-01,1.303030303030302983e+00,1.950316632340540549e-02,-2.787206526062044332e-01,0.000000000000000000e+00,0.000000000000000000e+00,2.000000000000000000e+04
8.181818181818182323e-01,1.303030303030302983e+00,2.243915639705395398e-02,-2.869540819498805906e-01,0.000000000000000000e+00,0.000000000000000000e+00,2.000000000000000000e+04
8.484848484848485084e-01,1.303030303030302983e+00,2.547158974865307984e-02,-2.946187764563874545e-01,0.000000000000000000e+00,0.000000000000000000e+00,2.000000000000000000e+04
8.787878787878787845e-01,1.303030303030302983e+00,2.859701438682609592e-02,-3.016884886726455828e-01,0.000000000000000000e+00,0.000000000000000000e+00,2.000000000000000000e+04
9.090909090909090606e-01,1.303030303030302983e+00,3.181832784872640901e-02,-3.081346893858246117e-01,0.000000000000000000e+00,0.000000000000000000e+00,2.000000000000000000e+04
9.393939393939394478e-01,1.303030303030302983e+00,3.514487311739669662e-02,-3.139231406081856579e-01,0.000000000000000000e+00,0.000000000000000000e+00,2.000000000000000000e+04
9.696969696969697239e-01,1.303030303030302983e+00,3.859173091895800461e-02,-3.190101890198351331e-01,0.000000000000000000e+00,0.000000000000000000e+00,2.000000000000000000e+04
1.000000000000000000e+00,1.303030303030302983e+00,4.217813441018365694e-02,-3.233390957204566041e-01,0.000000000000000000e+00,0.000000000000000000e+00,2.000000000000000000e+04
0.000000000000000000e+00,1.333333333333333259e+00,0.000000000000000000e+00,0.000000000000000000e+00,1.000000000000000000e+00,0.000000000000000000e+00,2.000000000000000000e+04
3.030303030303030387e-02,1.333333333333333259e+00,-5.019788911062201013e-04,-8.913271053622070714e-03,0.000000000000000000e+00,0.000000000000000000e+00,2.000000000000000000e+04
6.060606060606060774e-02,1.333333333333333259e+00,-1.041473232785449995e-03,-1.812372407559496162e-02,0.000000000000000000e+00,0.000000000000000000e+00,2.000000000000000000e+04
9.090909090909091161e-02,1.333333333333333259e+00,-1.594926888828610305e-03,-2.764882730808733771e-02,0.000000000000000000e+00,0.000000000000000000e+00,2.000000000000000000e+04
1.212121212121212155e-01,1.333333333333333259e+00,-2.138851908497943748e-03,-3.749818983003676276e-02,0.000000000000000000e+00,0.000000000000000000e+00,2.000000000000000000e+04
1.515151515151515194e-01,1.333333333333333259e+00,-2.650161808649837032e-03,-4.767414177106328588e-02,0.000000000000000000e+00,0.000000000000000000e+00,2.000000000000000000e+04
1.818181818181818232e-01,1.333333333333333259e+00,-3.106381158479703825e-03,-5.817230035695596102e-02,0.000000000000000000e+00,0.000000000000000000e+00,2.000000000000000000e+04
2.121212121212121271e-01,1.333333333333333259e+00,-3.485760119422196164e-03,-6.898208312453769919e-02,0.000000000000000000e+00,0.000000000000000000e+00,2.000000000000000000e+04
2.424242424242424310e-01,1.333333333333333259e+00,-3.767328859642491215e-03,-8.008714141145967247e-02,0.000000000000000000e+00,0.000000000000000000e+00,2.000000000000000000e+04
2.727272727272727071e-01,1.333333333333333259e+00,-3.930930000031385499e-03,-9.146570212130958333e-02,0.000000000000000000e+00,0.000000000000000000e+00,2.000000000000000000e+04
3.030303030303030387e-01,1.333333333333333259e+00,-3.957266970795906419e-03,-1.030908216660764154e-01,0.000000000000000000e+00,0.000000000000000000e+00,2.000000000000000000e+04
3.333333333333333148e-01,1.333333333333333259e+00,-3.828002443635985640e-03,-1.149305710485703652e-01,0.000000000000000000e+00,0.000000000000000000e+00,2.000000000000000000e+04
3.636363636363636465e-01,1.333333333333333259e+00,-3.525934155991981150e-03,-1.269481839778661136e-01,0.000000000000000000e+00,0.000000000000000000e+00,2.000000000000000000e+04
3.939393939393939226e-01,1.333333333333333259e+00,-3.035265778541302705e-03,-1.391022098678240393e-01,0.000000000000000000e+00,0.000000000000000000e+00,2.000000000000000000e+04
4.242424242424242542e-01,1.333333333333333259e+00,-2.341978292100146790e-03,-1.513467199253316908e-01,0.000000000000000000e+00,0.000000000000000000e+00,2.000000000000000000e+04
4.545454545454545303e-01,1.333333333333333259e+00,-1.434292999047504435e-03,-1.636316167024692569e-01,0.000000000000000000e+00,0.000000000000000000e+00,2.000000000000000000e+04
4.848484848484848619e-01,1.333333333333333259e+00,-3.032013684812913368e-04,-1.759030948463802813e-01,0.000000000000000000e+00,0.000000000000000000e+00,2.000000000000000000e+04
5.151515151515151381e-01,1.333333333333333259e+00,1.056979685022910349e-03,-1.881042927188716907e-01,0.000000000000000000e+00,0.000000000000000000e+00,2.000000000000000000e+04
5.454545454545454142e-01,1.333333333333333259e+00,2.648084428398006940e-03,-2.001761605749980688e-01,0.000000000000000000e+00,0.000000000000000000e+00,2.000000000000000000e+04
5.757575757575758013e-01,1.333333333333333259e+00,4.467677697126390228e-03,-2.120585508450696377e-01,0.000000000000000000e+00,0.000000000000000000e+00,2.000000000000000000e+04
6.060606060606060774e-01,1.333333333333333259e+00,6.508816862328590212e-03,-2.236915099306144017e-01,0.000000000000000000e+00,0.000000000000000000e+00,2.000000000000000000e+04
6.363636363636363535e-01,1.333333333333333259e+00,8.760078269817051649e-03,-2.350167195435879097e-01,0.000000000000000000e+00,0.000000000000000000e+00,2.000000000000000000e+04
6.666666666666666297e-01,1.333333333333333259e+00,1.120592286262022015e-02,-2.459790004577137312e-01,0.000000000000000000e+00,0.000000000000000000e+00,2.000000000000000000e+04
6.969696969696970168e-01,1.333333333333333259e+00,1.382745716284070926e-02,-2.565277549671596824e-01,0.000000000000000000e+00,0.000000000000000000e+00,2.000000000000000000e+04
7.272727272727272929e-01,1.333333333333333259e+00,1.660361440130378799e-02,-2.666181898170987274e-01,0.000000000000000000e+00,0.000000000000000000e+00,2.000000000000000000e+04
7.575757575757575690e-01,1.333333333333333259e+00,1.951273592041889368e-02,-2.762121336339936617e-01,0.000000000000000000e+00,0.000000000000000000e+00,2.000000000000000000e+04
7.878787878787878451e-01,1.333333333333333259e+00,2.253447599585860911e-02,-2.852782475604698775e-01,0.000000000000000000e+00,0.000000000000000000e+00,2.000000000000000000e+04
8.181818181818182323e-01,1.333333333333333259e+00,2.565189073406865319e-02,-2.937914390724613023e-01,0.000000000000000000e+00,0.000000000000000000e+00,2.000000000000000000e+04
8.484848484848485084e-01,1.333333333333333259e+00,2.885349928770875386e-02,-3.017313055896694296e-01,0.000000000000000000e+00,0.000000000000000000e+00,2.000000000000000000e+04
8.787878787878787845e-01,1.333333333333333259e+00,3.213504600182505444e-02,-3.090795177136302363e-01,0.000000000000000000e+00,0.000000000000000000e+00,2.000000000000000000e+04
9.090909090909090606e-01,1.333333333333333259e+00,3.550067836039603325e-02,-3.158162064810241532e-01,0.000000000000000000e+00,0.000000000000000000e+00,2.000000000000000000e+04
9.393939393939394478e-01,1.333333333333333259e+00,3.896329424063407071e-02,-3.219155821256528549e-01,0.000000000000000000e+00,0.000000000000000000e+00,2.000000000000000000e+04
9.696969696969697239e-01,1.333333333333333259e+00,4.254388279811133905e-02,-3.273411276639292544e-01,0.000000000000000000e+00,0.000000000000000000e+00,2.000000000000000000e+04
1.000000000000000000e+00,1.333333333333333259e+00,4.626976130231266748e-02,-3.320407662659087267e-01,0.000000000000000000e+00,0.000000000000000000e+00,2.000000000000000000e+04
0.000000000000000000e+00,1.363636363636363535e+00,0.000000000000000000e+00,0.000000000000000000e+00,1.000000000000000000e+00,0.000000000000000000e+00,2.000000000000000000e+04
3.030303030303030387e-02,1.363636363636363535e+00,-3.920904309965223206e-04,-8.838597821490554521e-03,0.000000000000000000e+00,0.000000000000000000e+00,2.000000000000000000e+04
6.060606060606060774e-02,1.363636363636363535e+00,-8.317826330633813249e-04,-1.801524943502557166e-02,0.000000000000000000e+00,0.000000000000000000e+00,2.000000000000000000e+04
9.090909090909091161e-02,1.363636363636363535e+00,-1.293269753422547543e-03,-2.754733867589925778e-02,0.000000000000000000e+00,0.000000000000000000e+00,2.000000000000000000e+04
1.212121212121212155e-01,1.363636363636363535e+00,-1.751151194804575952e-03,-3.744383857565435070e-02,0.000000000000000000e+00,0.000000000000000000e+00,2.000000000000000000e+04
1.515151515151515194e-01,1.363636363636363535e+00,-2.180736517174819422e-03,-4.770606657245521354e-02,0.000000000000000000e+00,0.000000000000000000e+00,2.000000000000000000e+04
1.818181818181818232e-01,1.363636363636363535e+00,-2.558194757986409495e-03,-5.832839581921701183e-02,0.000000000000000000e+00,0.000000000000000000e+00,2.000000000000000000e+04
2.121212121212121271e-01,1.363636363636363535e+00,-2.860585887956353535e-03,-6.929887392699782267e-02,0.000000000000000000e+00,0.000000000000000000e+00,2.000000000000000000e+04
2.424242424242424310e-01,1.363636363636363535e+00,-3.065819606111465281e-03,-8.059971550056371781e-02,0.000000000000000000e+00,0.000000000000000000e+00,2.000000000000000000e+04
2.727272727272727071e-01,1.363636363636363535e+00,-3.152591013587221786e-03,-9.220765433477938477e-02,0.000000000000000000e+00,0.000000000000000000e+00,2.000000000000000000e+04
3.030303030303030387e-01,1.363636363636363535e+00,-3.100342543127340266e-03,-1.040941617619423193e-01,0.000000000000000000e+00,0.000000000000000000e+00,2.000000000000000000e+04
3.333333333333333148e-01,1.363636363636363535e+00,-2.889297251876112721e-03,-1.162255569197834931e-01,0.000000000000000000e+00,0.000000000000000000e+00,2.000000000000000000e+04
3.636363636363636465e-01,1.363636363636363535e+00,-2.500600711867740928e-03,-1.285630512620868082e-01,0.000000000000000000e+00,0.000000000000000000e+00,2.000000000000000000e+04
3.939393939393939226e-01,1.363636363636363535e+00,-1.916597561502710999e-03,-1.410627827259929856e-01,0.000000000000000000e+00,0.000000000000000000e+00,2.000000000000000000e+04
4.242424242424242542e-01,1.363636363636363535e+00,-1.121254418652841691e-03,-1.536759040493629325e-01,0.000000000000000000e+00,0.000000000000000000e+00,2.000000000000000000e+04
4.545454545454545303e-01,1.363636363636363535e+00,-1.007234012649160202e-04,-1.663487941175585128e-01,0.000000000000000000e+00,0.000000000000000000e+00,2.000000000000000000e+04
4.848484848484848619e-01,1.363636363636363535e+00,1.155979684769015700e-03,-1.790234600075305271e-01,0.000000000000000000e+00,0.000000000000000000e+00,2.000000000000000000e+04
5.151515151515151381e-01,1.363636363636363535e+00,2.656230477475101433e-03,-1.916381895392650914e-01,0.000000000000000000e+00,0.000000000000000000e+00,2.000000000000000000e+04
5.454545454545454142e-01,1.363636363636363535e+00,4.403054860894707080e-03,-2.041284986343927244e-01,0.000000000000000000e+00,0.000000000000000000e+00,2.000000000000000000e+04
5.757575757575758013e-01,1.363636363636363535e+00,6.394482206550295041e-03,-2.164283938892598014e-01,0.000000000000000000e+00,0.000000000000000000e+00,2.000000000000000000e+04
6.060606060606060774e-01,1.363636363636363535e+00,8.623099397248144490e-03,-2.284719382755975858e-01,0.000000000000000000e+00,0.000000000000000000e+00,2.000000000000000000e+04
6.363636363636363535e-01,1.363636363636363535e+00,1.107591935375928406e-02,-2.401950672950949328e-01,0.000000000000000000e+00,0.000000000000000000e+00,2.000000000000000000e+04
6.666666666666666297e-01,1.363636363636363535e+00,1.373467343515902099e-02,-2.515375556864168916e-01,0.000000000000000000e+00,0.000000000000000000e+00,2.000000000000000000e+04
6.969696969696970168e-01,1.363636363636363535e+00,1.657661764438228894e-02,-2.624449835524824692e-01,0.000000000000000000e+00,0.000000000000000000e+00,2.000000000000000000e+04
7.272727272727272929e-01,1.363636363636363535e+00,1.957590529709780577e-02,-2.728704996775183633e-01,0.000000000000000000e+00,0.000000000000000000e+00,2.000000000000000000e+04
7.575757575757575690e-01,1.363636363636363535e+00,2.270552219547009032e-02,-2.827761348747306891e-01,0.000000000000000000e+00,0.000000000000000000e+00,2.000000000000000000e+04
7.878787878787878451e-01,1.363636363636363535e+00,2.593970422953208524e-02,-2.921333863795844699e-01,0.000000000000000000e+00,0.000000000000000000e+00,2.000000000000000000e+04
8.181818181818182323e-01,1.363636363636363535e+00,2.925667319787447068e-02,-3.009228027472049538e-01,0.000000000000000000e+00,0.000000000000000000e+00,2.000000000000000000e+04
8.484848484848485084e-01,1.363636363636363535e+00,3.264141543718282468e-02,-3.091322882807350236e-01,0.000000000000000000e+00,0.000000000000000000e+00,2.000000000000000000e+04
8.787878787878787845e-01,1.363636363636363535e+00,3.608813339645429441e-02,-3.167539605316627704e-01,0.000000000000000000e+00,0.000000000000000000e+00,2.000000000000000000e+04
9.090909090909090606e-01,1.363636363636363535e+00,3.960198356956250859e-02,-3.237796338195313428e-01,0.000000000000000000e+00,0.000000000000000000e+00,2.000000000000000000e+04
9.393939393939394478e-01,1.363636363636363535e+00,4.319977873617868169e-02,-3.301952390286105876e-01,0.000000000000000000e+00,0.000000000000000000e+00,2.000000000000000000e+04
9.696969696969697239e-01,1.363636363636363535e+00,4.690943567637959749e-02,-3.359746343387352008e-01,0.000000000000000000e+00,0.000000000000000000e+00,2.000000000000000000e+04
1.000000000000000000e+00,1.363636363636363535e+00,5.076804836162035484e-02,-3.410733084642070256e-01,0.000000000000000000e+00,0.000000000000000000e+00,2.000000000000000000e+04
0.000000000000000000e+00,1.393939393939394034e+00,0.000000000000000000e+00,0.000000000000000000e+00,1.000000000000000000e+00,0.000000000000000000e+00,2.000000000000000000e+04
3.030303030303030387e-02,1.393939393939394034e+00,-2.654343168571593730e-04,-8.748155739130248840e-03,0.000000000000000000e+00,0.000000000000000000e+00,2.000000000000000000e+04
6.060606060606060774e-02,1.393939393939394034e+00,-5.887247260387679483e-04,-1.787960974902356309e-02,0.000000000000000000e+00,0.000000000000000000e+00,2.000000000000000000e+04
9.090909090909091161e-02,1.393939393939394034e+00,-9.417260113506662183e-04,-2.741116847295868575e-02,0.000000000000000000e+00,0.000000000000000000e+00,2.000000000000000000e+04
1.212121212121212155e-01,1.393939393939394034e+00,-1.297153859418576126e-03,-3.735068755080109965e-02,0.000000000000000000e+00,0.000000000000000000e+00,2.000000000000000000e+04
1.515151515151515194e-01,1.393939393939394034e+00,-1.628839639757856915e-03,-4.769804460038338384e-02,0.000000000000000000e+00,0.000000000000000000e+00,2.000000000000000000e+04
1.818181818181818232e-01,1.393939393939394034e+00,-1.911792424080827795e-03,-5.844603088848864675e-02,0.000000000000000000e+00,0.000000000000000000e+00,2.000000000000000000e+04
2.121212121212121271e-01,1.393939393939394034e+00,-2.122114674624185973e-03,-6.958109899248676733e-02,0.000000000000000000e+00,0.000000000000000000e+00,2.000000000000000000e+04
2.424242424242424310e-01,1.393939393939394034e+00,-2.236829514643116825e-03,-8.108392356442818694e-02,0.000000000000000000e+00,0.000000000000000000e+00,2.000000000000000000e+04
2.727272727272727071e-01,1.393939393939394034e+00,-2.233683006334878998e-03,-9.292975825225195663e-02,0.000000000000000000e+00,0.000000000000000000e+00,2.000000000000000000e+04
3.030303030303030387e-01,1.393939393939394034e+00,-2.090984623222505879e-03,-1.050885984299154141e-01,0.000000000000000000e+00,0.000000000000000000e+00,2.000000000000000000e+04
3.333333333333333148e-01,1.393939393939394034e+00,-1.787544186752949328e-03,-1.175251835973652459e-01,0.000000000000000000e+00,0.000000000000000000e+00,2.000000000000000000e+04
3.636363636363636465e-01,1.393939393939394034e+00,-1.302754805433951456e-03,-1.301988939595320194e-01,0.000000000000000000e+00,0.000000000000000000e+00,2.000000000000000000e+04
3.939393939393939226e-01,1.393939393939394034e+00,-6.168590531224704904e-04,-1.430636124892768202e-01,0.000000000000000000e+00,0.000000000000000000e+00,2.000000000000000000e+04
4.242424242424242542e-01,1.393939393939394034e+00,2.885805387062855042e-04,-1.560676364507294633e-01,0.000000000000000000e+00,0.000000000000000000e+00,2.000000000000000000e+04
4.545454545454545303e-01,1.393939393939394034e+00,1.430006072085210789e-03,-1.691537301688987305e-01,0.000000000000000000e+00,0.000000000000000000e+00,2.000000000000000000e+04
4.848484848484848619e-01,1.393939393939394034e+00,2.821008272707336596e-03,-1.822594124604754451e-01,0.000000000000000000e+00,0.000000000000000000e+00,2.000000000000000000e+04
5.151515151515151381e-01,1.393939393939394034e+00,4.471342940381528401e-03,-1.953175658525814484e-01,0.000000000000000000e+00,0.000000000000000000e+00,2.000000000000000000e+04
5.454545454545454142e-01,1.393939393939394034e+00,6.385903815497724970e-03,-2.082574386788271226e-01,0.000000000000000000e+00,0.000000000000000000e+00,2.000000000000000000e+04
5.757575757575758013e-01,1.393939393939394034e+00,8.563766007011686804e-03,-2.210060838066387479e-01,0.000000000000000000e+00,0.000000000000000000e+00,2.000000000000000000e+04
6.060606060606060774e-01,1.393939393939394034e+00,1.099743967088731914e-02,-2.334902382071293581e-01,0.000000000000000000e+00,0.000000000000000000e+00,2.000000000000000000e+04
6.363636363636363535e-01,1.393939393939394034e+00,1.367248975076676420e-02,-2.456385958610865228e-01,0.000000000000000000e+00,0.000000000000000000e+00,2.000000000000000000e+04
6.666666666666666297e-01,1.393939393939394034e+00,1.656767906116007882e-02,-2.573843638460248662e-01,0.000000000000000000e+00,0.000000000000000000e+00,2.000000000000000000e+04
6.969696969696970168e-01,1.393939393939394034e+00,1.965577356811499740e-02,-2.686679206355698790e-01,0.000000000000000000e+00,0.000000000000000000e+00,2.000000000000000000e+04
7.272727272727272929e-01,1.393939393939394034e+00,2.290510571274473675e-02,-2.794393213995173819e-01,0.000000000000000000e+00,0.000000000000000000e+00,2.000000000000000000e+04
7.575757575757575690e-01,1.393939393939394034e+00,2.628192066702706581e-02,-2.896603248253540319e-01,0.000000000000000000e+00,0.000000000000000000e+00,2.000000000000000000e+04
7.878787878787878451e-01,1.393939393939394034e+00,2.975342875562655628e-02,-2.993055570870261639e-01,0.000000000000000000e+00,0.000000000000000000e+00,2.000000000000000000e+04
8.181818181818182323e-01,1.393939393939394034e+00,3.329137694287605254e-02,-3.083624363261908696e-01,0.000000000000000000e+00,0.000000000000000000e+00,2.000000000000000000e+04
8.484848484848485084e-01,1.393939393939394034e+00,3.687577601665829874e-02,-3.168293991877533244e-01,0.000000000000000000e+00,0.000000000000000000e+00,2.000000000000000000e+04
8.787878787878787845e-01,1.393939393939394034e+00,4.049826866884682908e-02,-3.247121399822567867e-01,0.000000000000000000e+00,0.000000000000000000e+00,2.000000000000000000e+04
9.090909090909090606e-01,1.393939393939394034e+00,4.416461099752432007e-02,-3.320179616441116255e-01,0.000000000000000000e+00,0.000000000000000000e+00,2.000000000000000000e+04
9.393939393939394478e-01,1.393939393939394034e+00,4.789585524757664081e-02,-3.387486860895747576e-01,0.000000000000000000e+00,0.000000000000000000e+00,2.000000000000000000e+04
9.696969696969697239e-01,1.393939393939394034e+00,5.172797742465332776e-02,-3.448927384139687802e-01,0.000000000000000000e+00,0.000000000000000000e+00,2.000000000000000000e+04
1.000000000000000000e+00,1.393939393939394034e+00,5.570981750064506882e-02,-3.504170299497081364e-01,0.000000000000000000e+00,0.000000000000000000e+00,2.000000000000000000e+04
0.000000000000000000e+00,1.424242424242424310e+00,0.000000000000000000e+00,0.000000000000000000e+00,1.000000000000000000e+00,0.000000000000000000e+00,2.000000000000000000e+04
3.030303030303030387e-02,1.424242424242424310e+00,-1.198969325697933934e-04,-8.641765658590852897e-03,0.000000000000000000e+00,0.000000000000000000e+00,2.000000000000000000e+04
6.060606060606060774e-02,1.424242424242424310e+00,-3.078592341817638326e-04,-1.771676970845441346e-02,0.000000000000000000e+00,0.000000000000000000e+00,2.000000000000000000e+04
9.090909090909091161e-02,1.424242424242424310e+00,-5.333395339334902731e-04,-2.724058165073234977e-02,0.000000000000000000e+00,0.000000000000000000e+00,2.000000000000000000e+04
1.212121212121212155e-01,1.424242424242424310e+00,-7.672514679228710673e-04,-3.721931105807274598e-02,0.000000000000000000e+00,0.000000000000000000e+00,2.000000000000000000e+04
1.515151515151515194e-01,1.424242424242424310e+00,-9.821517742347335173e-04,-4.765085076409564246e-02,0.000000000000000000e+00,0.000000000000000000e+00,2.000000000000000000e+04
1.818181818181818232e-01,1.424242424242424310e+00,-1.152181929574714681e-03,-5.852599317875004092e-02,0.000000000000000000e+00,0.000000000000000000e+00,2.000000000000000000e+04
2.121212121212121271e-01,1.424242424242424310e+00,-1.252827965121120152e-03,-6.982933626446806430e-02,0.000000000000000000e+00,0.000000000000000000e+00,2.000000000000000000e+04
2.424242424242424310e-01,1.424242424242424310e+00,-1.260572332033297075e-03,-8.153992398659730412e-02,0.000000000000000000e+00,0.000000000000000000e+00,2.000000000000000000e+04
2.727272727272727071e-01,1.424242424242424310e+00,-1.152518005902215294e-03,-9.363160112427484916e-02,0.000000000000000000e+00,0.000000000000000000e+00,2.000000000000000000e+04
3.030303030303030387e-01,1.424242424242424310e+00,-9.060640739611195002e-04,-1.060730962923259885e-01,0.000000000000000000e+00,0.000000000000000000e+00,2.000000000000000000e+04
3.333333333333333148e-01,1.424242424242424310e+00,-4.987062138898425969e-04,-1.188278765621607336e-01,0.000000000000000000e+00,0.000000000000000000e+00,2.000000000000000000e+04
3.636363636363636465e-01,1.424242424242424310e+00,9.197378218263830218e-05,-1.318538418864892703e-01,0.000000000000000000e+00,0.000000000000000000e+00,2.000000000000000000e+04
3.939393939393939226e-01,1.424242424242424310e+00,8.880778698800140779e-04,-1.451029483800957975e-01,0.000000000000000000e+00,0.000000000000000000e+00,2.000000000000000000e+04
4.242424242424242542e-01,1.424242424242424310e+00,1.910886362227139871e-03,-1.585208667580560171e-01,0.000000000000000000e+00,0.000000000000000000e+00,2.000000000000000000e+04
4.545454545454545303e-01,1.424242424242424310e+00,3.180065388688214142e-03,-1.720467951674125306e-01,0.000000000000000000e+00,0.000000000000000000e+00,2.000000000000000000e+04
4.848484848484848619e-01,1.424242424242424310e+00,4.712604984131466869e-03,-1.856135523518988861e-01,0.000000000000000000e+00,0.000000000000000000e+00,2.000000000000000000e+04
5.151515151515151381e-01,1.424242424242424310e+00,6.521542245380829335e-03,-1.991480747489346170e-01,0.000000000000000000e+00,0.000000000000000000e+00,2.000000000000000000e+04
5.454545454545454142e-01,1.424242424242424310e+00,8.614566025343573311e-03,-2.125724265693208215e-01,0.000000000000000000e+00,0.000000000000000000e+00,2.000000000000000000e+04
5.757575757575758013e-01,1.424242424242424310e+00,1.099264353537969703e-02,-2.258054022561224727e-01,0.000000000000000000e+00,0.000000000000000000e+00,2.000000000000000000e+04
6.060606060606060774e-01,1.424242424242424310e+00,1.364884966143353230e-02,-2.387647538886066290e-01,0.000000000000000000e+00,0.000000000000000000e+00,2.000000000000000000e+04
6.363636363636363535e-01,1.424242424242424310e+00,1.656760997075554243e-02,-2.513700112667472397e-01,0.000000000000000000e+00,0.000000000000000000e+00,2.000000000000000000e+04
6.666666666666666297e-01,1.424242424242424310e+00,1.972458057363913816e-02,-2.635457803210496941e-01,0.000000000000000000e+00,0.000000000000000000e+00,2.000000000000000000e+04
6.969696969696970168e-01,1.424242424242424310e+00,2.308737417845371093e-02,-2.752253087765334505e-01,0.000000000000000000e+00,0.000000000000000000e+00,2.000000000000000000e+04
7.272727272727272929e-01,1.424242424242424310e+00,2.661729416692718356e-02,-2.863540017517759440e-01,0.000000000000000000e+00,0.000000000000000000e+00,2.000000000000000000e+04
7.575757575757575690e-01,1.424242424242424310e+00,3.027215092353324061e-02,-2.968924628365565699e-01,0.000000000000000000e+00,0.000000000000000000e+00,2.000000000000000000e+04
7.878787878787878451e-01,1.424242424242424310e+00,3.401009859451278872e-02,-3.068185330736515892e-01,0.000000000000000000e+00,0.000000000000000000e+00,2.000000000000000000e+04
8.181818181818182323e-01,1.424242424242424310e+00,3.779429309093341322e-02,-3.161278200824516049e-01,0.000000000000000000e+00,0.000000000000000000e+00,2.000000000000000000e+04
8.484848484848485084e-01,1.424242424242424310e+00,4.159788034009644087e-02,-3.248319524772061428e-01,0.000000000000000000e+00,0.000000000000000000e+00,2.000000000000000000e+04
8.787878787878787845e-01,1.424242424242424310e+00,4.540857717498082702e-02,-3.329540729583850278e-01,0.000000000000000000e+00,0.000000000000000000e+00,2.000000000000000000e+04
9.090909090909090606e-01,1.424242424242424310e+00,4.923211937611848138e-02,-3.405217437578264561e-01,0.000000000000000000e+00,0.000000000000000000e+00,2.000000000000000000e+04
9.393939393939394478e-01,1.424242424242424310e+00,5.309406570706485390e-02,-3.475579499696586083e-01,0.000000000000000000e+00,0.000000000000000000e+00,2.000000000000000000e+04
9.696969696969697239e-01,1.424242424242424310e+00,5.703968819738577944e-02,-3.540710484118094747e-01,0.000000000000000000e+00,0.000000000000000000e+00,2.000000000000000000e+04
1.000000000000000000e+00,1.424242424242424310e+00,6.113183098887881028e-02,-3.600444282698088139e-01,0.000000000000000000e+00,0.000000000000000000e+00,2.000000000000000000e+04
0.000000000000000000e+00,1.454545454545454586e+00,0.000000000000000000e+00,0.000000000000000000e+00,1.000000000000000000e+00,0.000000000000000000e+00,2.000000000000000000e+04
3.030303030303030387e-02,1.454545454545454586e+00,4.688057930002071885e-05,-8.519608608627150109e-03,0.000000000000000000e+00,0.000000000000000000e+00,2.000000000000000000e+04
6.060606060606060774e-02,1.454545454545454586e+00,1.582409203081314224e-05,-1.752741180777797267e-02,0.000000000000000000e+00,0.000000000000000000e+00,2.000000000000000000e+04
9.090909090909091161e-02,1.454545454545454586e+00,-6.018800965947997627e-05,-2.703687758277880868e-02,0.000000000000000000e+00,0.000000000000000000e+00,2.000000000000000000e+04
1.212121212121212155e-01,1.454545454545454586e+00,-1.504152451952765605e-04,-3.705155723339641910e-02,0.000000000000000000e+00,0.000000000000000000e+00,2.000000000000000000e+04
1.515151515151515194e-01,1.454545454545454586e+00,-2.264397560940382276e-04,-4.756666623240390218e-02,0.000000000000000000e+00,0.000000000000000000e+00,2.000000000000000000e+04
1.818181818181818232e-01,1.454545454545454586e+00,-2.619471656875392682e-04,-5.857048173543301373e-02,0.000000000000000000e+00,0.000000000000000000e+00,2.000000000000000000e+04
2.121212121212121271e-01,1.454545454545454586e+00,-2.322817473855763408e-04,-7.004544364552878211e-02,0.000000000000000000e+00,0.000000000000000000e+00,2.000000000000000000e+04
2.424242424242424310e-01,1.454545454545454586e+00,-1.138703147435028999e-04,-8.196888866469996537e-02,0.000000000000000000e+00,0.000000000000000000e+00,2.000000000000000000e+04
2.727272727272727071e-01,1.454545454545454586e+00,1.163849873332434314e-04,-9.431339486045481335e-02,0.000000000000000000e+00,0.000000000000000000e+00,2.000000000000000000e+04
3.030303030303030387e-01,1.454545454545454586e+00,4.816479453902955399e-04,-1.070467568691624988e-01,0.000000000000000000e+00,0.000000000000000000e+00,2.000000000000000000e+04
3.333333333333333148e-01,1.454545454545454586e+00,1.005533938452524752e-03,-1.201316463234461118e-01,0.000000000000000000e+00,0.000000000000000000e+00,2.000000000000000000e+04
3.636363636363636465e-01,1.454545454545454586e+00,1.712259584689768870e-03,-1.335250402697764349e-01,0.000000000000000000e+00,0.000000000000000000e+00,2.000000000000000000e+04
3.939393939393939226e-01,1.454545454545454586e+00,2.626487270779794686e-03,-1.471775250296832593e-01,0.000000000000000000e+00,0.000000000000000000e+00,2.000000000000000000e+04
4.242424242424242542e-01,1.454545454545454586e+00,3.772811059775545237e-03,-1.610326057591188464e-01,0.000000000000000000e+00,0.000000000000000000e+00,2.000000000000000000e+04
4.545454545454545303e-01,1.454545454545454586e+00,5.174853553296778277e-03,-1.750261723467088915e-01,0.000000000000000000e+00,0.000000000000000000e+00,2.000000000000000000e+04
4.848484848484848619e-01,1.454545454545454586e+00,6.853976781952616712e-03,-1.890862875115625341e-01,0.000000000000000000e+00,0.000000000000000000e+00,2.000000000000000000e+04
5.151515151515151381e-01,1.454545454545454586e+00,8.827655569493001592e-03,-2.031334685490633063e-01,0.000000000000000000e+00,0.000000000000000000e+00,2.000000000000000000e+04
5.454545454545454142e-01,1.454545454545454586e+00,1.110761802513202112e-02,-2.170816248322075537e-01,0.000000000000000000e+00,0.000000000000000000e+00,2.000000000000000000e+04
5.757575757575758013e-01,1.454545454545454586e+00,1.369792076615440266e-02,-2.308397838010280145e-01,0.000000000000000000e+00,0.000000000000000000e+00,2.000000000000000000e+04
6.060606060606060774e-01,1.454545454545454586e+00,1.659318899741313302e-02,-2.443146847612971129e-01,0.000000000000000000e+00,0.000000000000000000e+00,2.000000000000000000e+04
6.363636363636363535e-01,1.454545454545454586e+00,1.977730397647895974e-02,-2.574142400969417488e-01,0.000000000000000000e+00,0.000000000000000000e+00,2.000000000000000000e+04
6.666666666666666297e-01,1.454545454545454586e+00,2.322285127954391501e-02,-2.700517572776209851e-01,0.000000000000000000e+00,0.000000000000000000e+00,2.000000000000000000e+04
6.969696969696970168e-01,1.454545454545454586e+00,2.689164046114316670e-02,-2.821506844238877987e-01,0.000000000000000000e+00,0.000000000000000000e+00,2.000000000000000000e+04
7.272727272727272929e-01,1.454545454545454586e+00,3.073655798545855272e-02,-2.936494921453174922e-01,0.000000000000000000e+00,0.000000000000000000e+00,2.000000000000000000e+04
7.575757575757575690e-01,1.454545454545454586e+00,3.470490950144287934e-02,-3.045061442610533797e-01,0.000000000000000000e+00,0.000000000000000000e+00,2.000000000000000000e+04
7.878787878787878451e-01,1.454545454545454586e+00,3.874322424917395202e-02,-3.147014340565729706e-01,0.000000000000000000e+00,0.000000000000000000e+00,2.000000000000000000e+04
8.181818181818182323e-01,1.454545454545454586e+00,4.280334257020716737e-02,-3.242405388538051603e-01,0.000000000000000000e+00,0.000000000000000000e+00,2.000000000000000000e+04
8.484848484848485084e-01,1.454545454545454586e+00,4.684909786122229414e-02,-3.331514698515761208e-01,0.000000000000000000e+00,0.000000000000000000e+00,2.000000000000000000e+04
8.787878787878787845e-01,1.454545454545454586e+00,5.086249642763318590e-02,-3.414796181977327594e-01,0.000000000000000000e+00,0.000000000000000000e+00,2.000000000000000000e+04
9.090909090909090606e-01,1.454545454545454586e+00,5.484838903769901491e-02,-3.492787649332225186e-01,0.000000000000000000e+00,0.000000000000000000e+00,2.000000000000000000e+04
9.393939393939394478e-01,1.454545454545454586e+00,5.883703319880578125e-02,-3.565996625973218426e-01,0.000000000000000000e+00,0.000000000000000000e+00,2.000000000000000000e+04
9.696969696969697239e-01,1.454545454545454586e+00,6.288432388570906750e-02,-3.634773781451547392e-01,0.000000000000000000e+00,0.000000000000000000e+00,2.000000000000000000e+04
1.000000000000000000e+00,1.454545454545454586e+00,6.706964675604881743e-02,-3.699183086611517735e-01,0.000000000000000000e+00,0.000000000000000000e+00,2.000000000000000000e+04
0.000000000000000000e+00,1.484848484848484862e+00,0.000000000000000000e+00,0.000000000000000000e+00,1.000000000000000000e+00,0.000000000000000000e+00,2.000000000000000000e+04
3.030303030303030387e-02,1.484848484848484862e+00,2.375238484001302689e-04,-8.382351706910904504e-03,0.000000000000000000e+00,0.000000000000000000e+00,2.000000000000000000e+04
6.060606060606060774e-02,1.484848484848484862e+00,3.879659367729214304e-04,-1.731318077541582276e-02,0.000000000000000000e+00,0.000000000000000000e+00,2.000000000000000000e+04
9.090909090909091161e-02,1.484848484848484862e+00,4.867333126998795974e-04,-2.680273849557398419e-02,0.000000000000000000e+00,0.000000000000000000e+00,2.000000000000000000e+04
1.212121212121212155e-01,1.484848484848484862e+00,5.659909256924561130e-04,-3.685097777716956485e-02,0.000000000000000000e+00,0.000000000000000000e+00,2.000000000000000000e+04
1.515151515151515194e-01,1.484848484848484862e+00,6.547134267105559052e-04,-4.744956012041162685e-02,0.000000000000000000e+00,0.000000000000000000e+00,2.000000000000000000e+04
1.818181818181818232e-01,1.484848484848484862e+00,7.791150000797254348e-04,-5.858360714584202877e-02,0.000000000000000000e+00,0.000000000000000000e+00,2.000000000000000000e+04
2.121212121212121271e-01,1.484848484848484862e+00,9.633579887213380641e-04,-7.023304180717442058e-02,0.000000000000000000e+00,0.000000000000000000e+00,2.000000000000000000e+04
2.424242424242424310e-01,1.484848484848484862e+00,1.230418640412982026e-03,-8.237343165681723645e-02,0.000000000000000000e+00,0.000000000000000000e+00,2.000000000000000000e+04
2.727272727272727071e-01,1.484848484848484862e+00,1.602986363443030266e-03,-9.497631294024062865e-02,0.000000000000000000e+00,0.000000000000000000e+00,2.000000000000000000e+04
3.030303030303030387e-01,1.484848484848484862e+00,2.104281158013123366e-03,-1.080090260339153230e-01,0.000000000000000000e+00,0.000000000000000000e+00,2.000000000000000000e+04
3.333333333333333148e-01,1.484848484848484862e+00,2.758684127585416587e-03,-1.214341301001740647e-01,0.000000000000000000e+00,0.000000000000000000e+00,2.000000000000000000e+04
3.636363636363636465e-01,1.484848484848484862e+00,3.592084477708252458e-03,-1.352084939203779534e-01,0.000000000000000000e+00,0.000000000000000000e+00,2.000000000000000000e+04
3.939393939393939226e-01,1.484848484848484862e+00,4.631853912974884940e-03,-1.492821870422798847e-01,0.000000000000000000e+00,0.000000000000000000e+00,2.000000000000000000e+04
4.242424242424242542e-01,1.484848484848484862e+00,5.906369895626485157e-03,-1.635973243865874727e-01,0.000000000000000000e+00,0.000000000000000000e+00,2.000000000000000000e+04
4.545454545454545303e-01,1.484848484848484862e+00,7.444028732958856039e-03,-1.780870483060154608e-01,0.000000000000000000e+00,0.000000000000000000e+00,2.000000000000000000e+04
4.848484848484848619e-01,1.484848484848484862e+00,9.271723940394398580e-03,-1.926748609630553333e-01,0.000000000000000000e+00,0.000000000000000000e+00,2.000000000000000000e+04
5.151515151515151381e-01,1.484848484848484862e+00,1.141281900996135579e-02,-2.072745398735620082e-01,0.000000000000000000e+00,0.000000000000000000e+00,2.000000000000000000e+04
5.454545454545454142e-01,1.484848484848484862e+00,1.388471720406028904e-02,-2.217908718800022660e-01,0.000000000000000000e+00,0.000000000000000000e+00,2.000000000000000000e+04
5.757575757575758013e-01,1.484848484848484862e+00,1.669622001568915950e-02,-2.361214169284499564e-01,0.000000000000000000e+00,0.000000000000000000e+00,2.000000000000000000e+04
6.060606060606060774e-01,1.484848484848484862e+00,1.984496104016638188e-02,-2.501594555943701392e-01,0.000000000000000000e+00,0.000000000000000000e+00,2.000000000000000000e+04
6.363636363636363535e-01,1.484848484848484862e+00,2.331528930339847941e-02,-2.637981786615086754e-01,0.000000000000000000e+00,0.000000000000000000e+00,2.000000000000000000e+04
6.666666666666666297e-01,1.484848484848484862e+00,2.707703866898966347e-02,-2.769360414488383215e-01,0.000000000000000000e+00,0.000000000000000000e+00,2.000000000000000000e+04
6.969696969696970168e-01,1.484848484848484862e+00,3.108563932388692941e-02,-2.894830310754573088e-01,0.000000000000000000e+00,0.000000000000000000e+00,2.000000000000000000e+04
7.272727272727272929e-01,1.484848484848484862e+00,3.528398454334982781e-02,-3.013673855297525628e-01,0.000000000000000000e+00,0.000000000000000000e+00,2.000000000000000000e+04
7.575757575757575690e-01,1.484848484848484862e+00,3.960634241343994472e-02,-3.125420682674623918e-01,0.000000000000000000e+00,0.000000000000000000e+00,2.000000000000000000e+04
7.878787878787878451e-01,1.484848484848484862e+00,4.398435177497335424e-02,-3.229900035481874654e-01,0.000000000000000000e+00,0.000000000000000000e+00,2.000000000000000000e+04
8.181818181818182323e-01,1.484848484848484862e+00,4.835502684496580106e-02,-3.327273402891517962e-01,0.000000000000000000e+00,0.000000000000000000e+00,2.000000000000000000e+04
8.484848484848485084e-01,1.484848484848484862e+00,5.266975073098056903e-02,-3.418023448508281104e-01,0.000000000000000000e+00,0.000000000000000000e+00,2.000000000000000000e+04
8.787878787878787845e-01,1.484848484848484862e+00,5.690255648391736448e-02,-3.502886440439825222e-01,0.000000000000000000e+00,0.000000000000000000e+00,2.000000000000000000e+04
9.090909090909090606e-01,1.484848484848484862e+00,6.105629177324831819e-02,-3.582736588796337496e-01,0.000000000000000000e+00,0.000000000000000000e+00,2.000000000000000000e+04
9.393939393939394478e-01,1.484848484848484862e+00,6.516603002715691539e-02,-3.658440914097748076e-01,0.000000000000000000e+00,0.000000000000000000e+00,2.000000000000000000e+04
9.696969696969697239e-01,1.484848484848484862e+00,6.929968250829764143e-02,-3.730701492468591063e-01,0.000000000000000000e+00,0.000000000000000000e+00,2.000000000000000000e+04
1.000000000000000000e+00,1.484848484848484862e+00,7.355594498799164493e-02,-3.799895311182085456e-01,0.000000000000000000e+00,0.000000000000000000e+00,2.000000000000000000e+04
0.000000000000000000e+00,1.515151515151515138e+00,0.000000000000000000e+00,0.000000000000000000e+00,1.000000000000000000e+00,0.000000000000000000e+00,2.000000000000000000e+04
3.030303030303030387e-02,1.515151515151515138e+00,4.549455767202547252e-04,-8.231298710959117707e-03,0.000000000000000000e+00,0.000000000000000000e+00,2.000000000000000000e+04
6.060606060606060774e-02,1.515151515151515138e+00,8.148972214086353232e-04,-1.707697852047974571e-02,0.000000000000000000e+00,0.000000000000000000e+00,2.000000000000000000e+04
9.090909090909091161e-02,1.515151515151515138e+00,1.117629519809205203e-03,-2.654265272835036951e-02,0.000000000000000000e+00,0.000000000000000000e+00,2.000000000000000000e+04
1.212121212121212155e-01,1.515151515151515138e+00,1.396402200281816235e-03,-3.662335263637232774e-02,0.000000000000000000e+00,0.000000000000000000e+00,2.000000000000000000e+04
1.515151515151515194e-01,1.515151515151515138e+00,1.680186385291574866e-03,-4.730608111806918620e-02,0.000000000000000000e+00,0.000000000000000000e+00,2.000000000000000000e+04
1.818181818181818232e-01,1.515151515151515138e+00,1.994368599514033738e-03,-5.857201202246912347e-02,0.000000000000000000e+00,0.000000000000000000e+00,2.000000000000000000e+04
2.121212121212121271e-01,1.515151515151515138e+00,2.361795219325195459e-03,-7.039812427109667925e-02,0.000000000000000000e+00,0.000000000000000000e+00,2.000000000000000000e+04
2.424242424242424310e-01,1.515151515151515138e+00,2.803998497699934905e-03,-8.275816882164054034e-02,0.000000000000000000e+00,0.000000000000000000e+00,2.000000000000000000e+04
2.727272727272727071e-01,1.515151515151515138e+00,3.342453832281882739e-03,-9.562295779604425283e-02,0.000000000000000000e+00,0.000000000000000000e+00,2.000000000000000000e+04
3.030303030303030387e-01,1.515151515151515138e+00,3.999736626949583658e-03,-1.089600244765457498e-01,0.000000000000000000e+00,0.000000000000000000e+00,2.000000000000000000e+04
3.333333333333333148e-01,1.515151515151515138e+00,4.800462516133244782e-03,-1.227327381528945521e-01,0.000000000000000000e+00,0.000000000000000000e+00,2.000000000000000000e+04
3.636363636363636465e-01,1.515151515151515138e+00,5.771901665681179738e-03,-1.368989825861968157e-01,0.000000000000000000e+00,0.000000000000000000e+00,2.000000000000000000e+04
3.939393939393939226e-01,1.515151515151515138e+00,6.944157881029026924e-03,-1.514095331085912599e-01,0.000000000000000000e+00,0.000000000000000000e+00,2.000000000000000000e+04
4.242424242424242542e-01,1.515151515151515138e+00,8.349802842829745150e-03,-1.662063022842688309e-01,0.000000000000000000e+00,0.000000000000000000e+00,2.000000000000000000e+04
4.545454545454545303e-01,1.515151515151515138e+00,1.002286470319817269e-02,-1.812206688710127911e-01,0.000000000000000000e+00,0.000000000000000000e+00,2.000000000000000000e+04
4.848484848484848619e-01,1.515151515151515138e+00,1.199709945284601828e-02,-1.963721546649653538e-01,0.000000000000000000e+00,0.000000000000000000e+00,2.000000000000000000e+04
5.151515151515151381e-01,1.515151515151515138e+00,1.430353224757468719e-02,-2.115677583804616291e-01,0.000000000000000000e+00,0.000000000000000000e+00,2.000000000000000000e+04
5.454545454545454142e-01,1.515151515151515138e+00,1.696734874711647648e-02,-2.267022811003015781e-01,0.000000000000000000e+00,0.000000000000000000e+00,2.000000000000000000e+04
5.757575757575758013e-01,1.515151515151515138e+00,2.000434033690430893e-02,-2.416599692458393789e-01,0.000000000000000000e+00,0.000000000000000000e+00,2.000000000000000000e+04
6.060606060606060774e-01,1.515151515151515138e+00,2.341724991666212924e-02,-2.563177456854519587e-01,0.000000000000000000e+00,0.000000000000000000e+00,2.000000000000000000e+04
6.363636363636363535e-01,1.515151515151515138e+00,2.719250683007521513e-02,-2.705501887824473539e-01,0.000000000000000000e+00,0.000000000000000000e+00,2.000000000000000000e+04
6.666666666666666297e-01,1.515151515151515138e+00,3.129795504549397894e-02,-2.842362486846943259e-01,0.000000000000000000e+00,0.000000000000000000e+00,2.000000000000000000e+04
6.969696969696970168e-01,1.515151515151515138e+00,3.568223969028429948e-02,-2.972674595043668933e-01,0.000000000000000000e+00,0.000000000000000000e+00,2.000000000000000000e+04
7.272727272727272929e-01,1.515151515151515138e+00,4.027649427514230773e-02,-3.095571174620169175e-01,0.000000000000000000e+00,0.000000000000000000e+00,2.000000000000000000e+04
7.575757575757575690e-01,1.515151515151515138e+00,4.499883501073857067e-02,-3.210495554277382757e-01,0.000000000000000000e+00,0.000000000000000000e+00,2.000000000000000000e+04
7.878787878787878451e-01,1.515151515151515138e+00,4.976181688340550191e-02,-3.317281320107718923e-01,0.000000000000000000e+00,0.000000000000000000e+00,2.000000000000000000e+04
8.181818181818182323e-01,1.515151515151515138e+00,5.448308362650219200e-02,-3.416213573163221495e-01,0.000000000000000000e+00,0.000000000000000000e+00,2.000000000000000000e+04
8.484848484848485084e-01,1.515151515151515138e+00,5.909758867723353265e-02,-3.508025646245511164e-01,0.000000000000000000e+00,0.000000000000000000e+00,2.000000000000000000e+04
8.787878787878787845e-01,1.515151515151515138e+00,6.356862690887153666e-02,-3.593811675423775887e-01,0.000000000000000000e+00,0.000000000000000000e+00,2.000000000000000000e+04
9.090909090909090606e-01,1.515151515151515138e+00,6.789572095168139310e-02,-3.674874425278705226e-01,0.000000000000000000e+00,0.000000000000000000e+00,2.000000000000000000e+04
9.393939393939394478e-01,1.515151515151515138e+00,7.211884184702811729e-02,-3.752540364129743899e-01,0.000000000000000000e+00,0.000000000000000000e+00,2.000000000000000000e+04
9.696969696969697239e-01,1.515151515151515138e+00,7.631934581501116643e-02,-3.827965712134833165e-01,0.000000000000000000e+00,0.000000000000000000e+00,2.000000000000000000e+04
1.000000000000000000e+00,1.515151515151515138e+00,8.061812814965531315e-02,-3.901943625388304970e-01,0.000000000000000000e+00,0.000000000000000000e+00,2.000000000000000000e+04
0.000000000000000000e+00,1.545454545454545414e+00,0.000000000000000000e+00,0.000000000000000000e+00,1.000000000000000000e+00,0.000000000000000000e+00,2.000000000000000000e+04
3.030303030303030387e-02,1.545454545454545414e+00,7.023654364251312107e-04,-8.068567086214173401e-03,0.000000000000000000e+00,0.000000000000000000e+00,2.000000000000000000e+04
6.060606060606060774e-02,1.545454545454545414e+00,1.303700071021749981e-03,-1.682331538710513802e-02,0.000000000000000000e+00,0.000000000000000000e+00,2.000000000000000000e+04
9.090909090909091161e-02,1.545454545454545414e+00,1.844027872158810703e-03,-2.626342193633610794e-02,0.000000000000000000e+00,0.000000000000000000e+00,2.000000000000000000e+04
1.212121212121212155e-01,1.545454545454545414e+00,2.357250120865001138e-03,-3.637732014263955066e-02,0.000000000000000000e+00,0.000000000000000000e+00,2.000000000000000000e+04
1.515151515151515194e-01,1.545454545454545414e+00,2.871601509115055337e-03,-4.714596952740909147e-02,0.000000000000000000e+00,0.000000000000000000e+00,2.000000000000000000e+04
1.818181818181818232e-01,1.545454545454545414e+00,3.410712730218917656e-03,-5.854562250734374196e-02,0.000000000000000000e+00,0.000000000000000000e+00,2.000000000000000000e+04
2.121212121212121271e-01,1.545454545454545414e+00,3.995079487651857601e-03,-7.054980763766655061e-02,0.000000000000000000e+00,0.000000000000000000e+00,2.000000000000000000e+04
2.424242424242424310e-01,1.545454545454545414e+00,4.643727503803257196e-03,-8.313042687507153639e-02,0.000000000000000000e+00,0.000000000000000000e+00,2.000000000000000000e+04
2.727272727272727071e-01,1.545454545454545414e+00,5.375894238891241843e-03,-9.625798622500743307e-02,0.000000000000000000e+00,0.000000000000000000e+00,2.000000000000000000e+04
3.030303030303030387e-01,1.545454545454545414e+00,6.212585591731959941e-03,-1.099010404529850715e-01,0.000000000000000000e+00,0.000000000000000000e+00,2.000000000000000000e+04
3.333333333333333148e-01,1.545454545454545414e+00,7.177890172160782296e-03,-1.240249560038284432e-01,0.000000000000000000e+00,0.000000000000000000e+00,2.000000000000000000e+04
3.636363636363636465e-01,1.545454545454545414e+00,8.299938442657651613e-03,-1.385901073700443187e-01,0.000000000000000000e+00,0.000000000000000000e+00,2.000000000000000000e+04
3.939393939393939226e-01,1.545454545454545414e+00,9.611381860334512403e-03,-1.535496407347829995e-01,0.000000000000000000e+00,0.000000000000000000e+00,2.000000000000000000e+04
4.242424242424242542e-01,1.545454545454545414e+00,1.114924733234480721e-02,-1.688469770090372524e-01,0.000000000000000000e+00,0.000000000000000000e+00,2.000000000000000000e+04
4.545454545454545303e-01,1.545454545454545414e+00,1.295400925826049703e-02,-1.844132883142503010e-01,0.000000000000000000e+00,0.000000000000000000e+00,2.000000000000000000e+04
4.848484848484848619e-01,1.545454545454545414e+00,1.506773320971177728e-02,-2.001652623987276169e-01,0.000000000000000000e+00,0.000000000000000000e+00,2.000000000000000000e+04
5.151515151515151381e-01,1.545454545454545414e+00,1.753120008864919241e-02,-2.160035540990687675e-01,0.000000000000000000e+00,0.000000000000000000e+00,2.000000000000000000e+04
5.454545454545454142e-01,1.545454545454545414e+00,2.038003025928516315e-02,-2.318123900701648532e-01,0.000000000000000000e+00,0.000000000000000000e+00,2.000000000000000000e+04
5.757575757575758013e-01,1.545454545454545414e+00,2.363999518296661800e-02,-2.474608177302817513e-01,0.000000000000000000e+00,0.000000000000000000e+00,2.000000000000000000e+04
6.060606060606060774e-01,1.545454545454545414e+00,2.732191588757434952e-02,-2.628060490645980907e-01,0.000000000000000000e+00,0.000000000000000000e+00,2.000000000000000000e+04
6.363636363636363535e-01,1.545454545454545414e+00,3.141677477819269232e-02,-2.776992285976688790e-01,0.000000000000000000e+00,0.000000000000000000e+00,2.000000000000000000e+04
6.666666666666666297e-01,1.545454545454545414e+00,3.589187093162318765e-02,-2.919937444528275527e-01,0.000000000000000000e+00,0.000000000000000000e+00,2.000000000000000000e+04
6.969696969696970168e-01,1.545454545454545414e+00,4.068898535090247764e-02,-3.055558997675231203e-01,0.000000000000000000e+00,0.000000000000000000e+00,2.000000000000000000e+04
7.272727272727272929e-01,1.545454545454545414e+00,4.572554679214003992e-02,-3.182773685996859170e-01,0.000000000000000000e+00,0.000000000000000000e+00,2.000000000000000000e+04
7.575757575757575690e-01,1.545454545454545414e+00,5.089965594393070641e-02,-3.300883785122838421e-01,0.000000000000000000e+00,0.000000000000000000e+00,2.000000000000000000e+04
7.878787878787878451e-01,1.545454545454545414e+00,5.609930643289649799e-02,-3.409696577198186307e-01,0.000000000000000000e+00,0.000000000000000000e+00,2.000000000000000000e+04
8.181818181818182323e-01,1.545454545454545414e+00,6.121683193296722364e-02,-3.509634589131108151e-01,0.000000000000000000e+00,0.000000000000000000e+00,2.000000000000000000e+04
8.484848484848485084e-01,1.545454545454545414e+00,6.616576770766889604e-02,-3.601743981380740589e-01,0.000000000000000000e+00,0.000000000000000000e+00,2.000000000000000000e+04
8.787878787878787845e-01,1.545454545454545414e+00,7.089545973370751930e-02,-3.687573640832323973e-01,0.000000000000000000e+00,0.000000000000000000e+00,2.000000000000000000e+04
9.090909090909090606e-01,1.545454545454545414e+00,7.540074347083662587e-02,-3.768969015352396923e-01,0.000000000000000000e+00,0.000000000000000000e+00,2.000000000000000000e+04
9.393939393939394478e-01,1.545454545454545414e+00,7.972665173796404658e-02,-3.847835851301832921e-01,0.000000000000000000e+00,0.000000000000000000e+00,2.000000000000000000e+04
9.696969696969697239e-01,1.545454545454545414e+00,8.396941619605959028e-02,-3.925906296359633618e-01,0.000000000000000000e+00,0.000000000000000000e+00,2.000000000000000000e+04
1.000000000000000000e+00,1.545454545454545414e+00,8.827493434012821660e-02,-4.004514490840048735e-01,0.000000000000000000e+00,0.000000000000000000e+00,2.000000000000000000e+04
0.000000000000000000e+00,1.575757575757575690e+00,0.000000000000000000e+00,0.000000000000000000e+00,1.000000000000000000e+00,0.000000000000000000e+00,2.000000000000000000e+04
3.030303030303030387e-02,1.575757575757575690e+00,9.833323796012564174e-04,-7.897294092681569899e-03,0.000000000000000000e+00,0.000000000000000000e+00,2.000000000000000000e+04
6.060606060606060774e-02,1.575757575757575690e+00,1.862276293628993681e-03,-1.655872543997464336e-02,0.000000000000000000e+00,0.000000000000000000e+00,2.000000000000000000e+04
9.090909090909091161e-02,1.575757575757575690e+00,2.678912625013332195e-03,-2.597476306254380488e-02,0.000000000000000000e+00,0.000000000000000000e+00,2.000000000000000000e+04
1.212121212121212155e-01,1.575757575757575690e+00,3.467174067662495349e-03,-3.612512250108439876e-02,0.000000000000000000e+00,0.000000000000000000e+00,2.000000000000000000e+04
1.515151515151515194e-01,1.575757575757575690e+00,4.253614416549264012e-03,-4.698299599926671066e-02,0.000000000000000000e+00,0.000000000000000000e+00,2.000000000000000000e+04
1.818181818181818232e-01,1.575757575757575690e+00,5.058947885594445269e-03,-5.851853383500792150e-02,0.000000000000000000e+00,0.000000000000000000e+00,2.000000000000000000e+04
2.121212121212121271e-01,1.575757575757575690e+00,5.900053716267229277e-03,-7.070122521125395132e-02,0.000000000000000000e+00,0.000000000000000000e+00,2.000000000000000000e+04
2.424242424242424310e-01,1.575757575757575690e+00,6.792164660111678701e-03,-8.350111105960633662e-02,0.000000000000000000e+00,0.000000000000000000e+00,2.000000000000000000e+04
2.727272727272727071e-01,1.575757575757575690e+00,7.751031914538340263e-03,-9.688891465586765839e-02,0.000000000000000000e+00,0.000000000000000000e+00,2.000000000000000000e+04
3.030303030303030387e-01,1.575757575757575690e+00,8.794927774618002680e-03,-1.108352252532508603e-01,0.000000000000000000e+00,0.000000000000000000e+00,2.000000000000000000e+04
3.333333333333333148e-01,1.575757575757575690e+00,9.946385561880575349e-03,-1.253088648683476913e-01,0.000000000000000000e+00,0.000000000000000000e+00,2.000000000000000000e+04
3.636363636363636465e-01,1.575757575757575690e+00,1.123357863146914014e-02,-1.402745508792133944e-01,0.000000000000000000e+00,0.000000000000000000e+00,2.000000000000000000e+04
3.939393939393939226e-01,1.575757575757575690e+00,1.269121095791554861e-02,-1.556899664526103233e-01,0.000000000000000000e+00,0.000000000000000000e+00,2.000000000000000000e+04
4.242424242424242542e-01,1.575757575757575690e+00,1.436074221178885654e-02,-1.715023857312744093e-01,0.000000000000000000e+00,0.000000000000000000e+00,2.000000000000000000e+04
4.545454545454545303e-01,1.575757575757575690e+00,1.628971884517415453e-02,-1.876450803207890539e-01,0.000000000000000000e+00,0.000000000000000000e+00,2.000000000000000000e+04
4.848484848484848619e-01,1.575757575757575690e+00,1.852995613173310033e-02,-2.040338553837780233e-01,0.000000000000000000e+00,0.000000000000000000e+00,2.000000000000000000e+04
5.151515151515151381e-01,1.575757575757575690e+00,2.113434660516446892e-02,-2.205642103226799211e-01,0.000000000000000000e+00,0.000000000000000000e+00,2.000000000000000000e+04
5.454545454545454142e-01,1.575757575757575690e+00,2.415218752220632537e-02,-2.371097584660396551e-01,0.000000000000000000e+00,0.000000000000000000e+00,2.000000000000000000e+04
5.757575757575758013e-01,1.575757575757575690e+00,2.762313851884190194e-02,-2.535226307840299231e-01,0.000000000000000000e+00,0.000000000000000000e+00,2.000000000000000000e+04
6.060606060606060774e-01,1.575757575757575690e+00,3.157022962297160312e-02,-2.696365895822111503e-01,0.000000000000000000e+00,0.000000000000000000e+00,2.000000000000000000e+04
6.363636363636363535e-01,1.575757575757575690e+00,3.599269993545134438e-02,-2.852734593529959728e-01,0.000000000000000000e+00,0.000000000000000000e+00,2.000000000000000000e+04
6.666666666666666297e-01,1.575757575757575690e+00,4.085979780164215869e-02,-3.002532288752661205e-01,0.000000000000000000e+00,0.000000000000000000e+00,2.000000000000000000e+04
6.969696969696970168e-01,1.575757575757575690e+00,4.610694408259329025e-02,-3.144077881685383713e-01,0.000000000000000000e+00,0.000000000000000000e+00,2.000000000000000000e+04
7.272727272727272929e-01,1.575757575757575690e+00,5.163578134932131358e-02,-3.275977346240194210e-01,0.000000000000000000e+00,0.000000000000000000e+00,2.000000000000000000e+04
7.575757575757575690e-01,1.575757575757575690e+00,5.731953819174134129e-02,-3.397310128837998655e-01,0.000000000000000000e+00,0.000000000000000000e+00,2.000000000000000000e+04
7.878787878787878451e-01,1.575757575757575690e+00,6.301430730397923619e-02,-3.507804849402434422e-01,0.000000000000000000e+00,0.000000000000000000e+00,2.000000000000000000e+04
8.181818181818182323e-01,1.575757575757575690e+00,6.857922600821461656e-02,-3.608036425974016637e-01,0.000000000000000000e+00,0.000000000000000000e+00,2.000000000000000000e+04
8.484848484848485084e-01,1.575757575757575690e+00,7.390024329628484823e-02,-3.699448713186154758e-01,0.000000000000000000e+00,0.000000000000000000e+00,2.000000000000000000e+04
8.787878787878787845e-01,1.575757575757575690e+00,7.890931704216096187e-02,-3.784172600973279010e-01,0.000000000000000000e+00,0.000000000000000000e+00,2.000000000000000000e+04
9.090909090909090606e-01,1.575757575757575690e+00,8.359556271544237027e-02,-3.864737108999504733e-01,0.000000000000000000e+00,0.000000000000000000e+00,2.000000000000000000e+04
9.393939393939394478e-01,1.575757575757575690e+00,8.800957920315666261e-02,-3.943767180927355009e-01,0.000000000000000000e+00,0.000000000000000000e+00,2.000000000000000000e+04
9.696969696969697239e-01,1.575757575757575690e+00,9.226388090510113937e-02,-4.023709642827917876e-01,0.000000000000000000e+00,0.000000000000000000e+00,2.000000000000000000e+04
1.000000000000000000e+00,1.575757575757575690e+00,9.653173194104086585e-02,-4.106584998086814653e-01,0.000000000000000000e+00,0.000000000000000000e+00,2.000000000000000000e+04
0.000000000000000000e+00,1.606060606060605966e+00,0.000000000000000000e+00,0.000000000000000000e+00,1.000000000000000000e+00,0.000000000000000000e+00,2.000000000000000000e+04
3.030303030303030387e-02,1.606060606060605966e+00,1.301755770302222975e-03,-7.721876628634096081e-03,0.000000000000000000e+00,0.000000000000000000e+00,2.000000000000000000e+04
6.060606060606060774e-02,1.606060606060605966e+00,2.499438027401386375e-03,-1.629225842387378720e-02,0.000000000000000000e+00,0.000000000000000000e+00,2.000000000000000000e+04
9.090909090909091161e-02,1.606060606060605966e+00,3.636894306458485215e-03,-2.569002017757144110e-02,0.000000000000000000e+00,0.000000000000000000e+00,2.000000000000000000e+04
1.212121212121212155e-01,1.606060606060605966e+00,4.747269440333298611e-03,-3.588347639718784954e-02,0.000000000000000000e+00,0.000000000000000000e+00,2.000000000000000000e+04
1.515151515151515194e-01,1.606060606060605966e+00,5.854226148434478819e-03,-4.683592674129695432e-02,0.000000000000000000e+00,0.000000000000000000e+00,2.000000000000000000e+04
1.818181818181818232e-01,1.606060606060605966e+00,6.974134083373350647e-03,-5.851002025962976499e-02,0.000000000000000000e+00,0.000000000000000000e+00,2.000000000000000000e+04
2.121212121212121271e-01,1.606060606060605966e+00,8.118750769990008484e-03,-7.087055022654922820e-02,0.000000000000000000e+00,0.000000000000000000e+00,2.000000000000000000e+04
2.424242424242424310e-01,1.606060606060605966e+00,9.298019055061593555e-03,-8.388572240594499574e-02,0.000000000000000000e+00,0.000000000000000000e+00,2.000000000000000000e+04
2.727272727272727071e-01,1.606060606060605966e+00,1.052275363317307227e-02,-9.752711085180225392e-02,0.000000000000000000e+00,0.000000000000000000e+00,2.000000000000000000e+04
3.030303030303030387e-01,1.606060606060605966e+00,1.180710431701999935e-02,-1.117685245330786031e-01,0.000000000000000000e+00,0.000000000000000000e+00,2.000000000000000000e+04
3.333333333333333148e-01,1.606060606060605966e+00,1.317074135398769302e-02,-1.265839486624947829e-01,0.000000000000000000e+00,0.000000000000000000e+00,2.000000000000000000e+04
3.636363636363636465e-01,1.606060606060605966e+00,1.464070813631540569e-02,-1.419446577215296157e-01,0.000000000000000000e+00,0.000000000000000000e+00,2.000000000000000000e+04
3.939393939393939226e-01,1.606060606060605966e+00,1.625283664650723978e-02,-1.578155600223064836e-01,0.000000000000000000e+00,0.000000000000000000e+00,2.000000000000000000e+04
4.242424242424242542e-01,1.606060606060605966e+00,1.805253194105757922e-02,-1.741508513619161036e-01,0.000000000000000000e+00,0.000000000000000000e+00,2.000000000000000000e+04
4.545454545454545303e-01,1.606060606060605966e+00,2.009462238479311005e-02,-1.908891458895142224e-01,0.000000000000000000e+00,0.000000000000000000e+00,2.000000000000000000e+04
4.848484848484848619e-01,1.606060606060605966e+00,2.244187531678405734e-02,-2.079484226592519525e-01,0.000000000000000000e+00,0.000000000000000000e+00,2.000000000000000000e+04
5.151515151515151381e-01,1.606060606060605966e+00,2.516174436902385639e-02,-2.252213625533086572e-01,0.000000000000000000e+00,0.000000000000000000e+00,2.000000000000000000e+04
5.454545454545454142e-01,1.606060606060605966e+00,2.832100507478711726e-02,-2.425719096980922806e-01,0.000000000000000000e+00,0.000000000000000000e+00,2.000000000000000000e+04
5.757575757575758013e-01,1.606060606060605966e+00,3.197819660601881192e-02,-2.598341062984089733e-01,0.000000000000000000e+00,0.000000000000000000e+00,2.000000000000000000e+04
6.060606060606060774e-01,1.606060606060605966e+00,3.617422571111329754e-02,-2.768143445407417191e-01,0.000000000000000000e+00,0.000000000000000000e+00,2.000000000000000000e+04
6.363636363636363535e-01,1.606060606060605966e+00,4.092205483672205213e-02,-2.932980945132372397e-01,0.000000000000000000e+00,0.000000000000000000e+00,2.000000000000000000e+04
6.666666666666666297e-01,1.606060606060605966e+00,4.619699341599940723e-02,-3.090618747433939717e-01,0.000000000000000000e+00,0.000000000000000000e+00,2.000000000000000000e+04
6.969696969696970168e-01,1.606060606060605966e+00,5.192962184892153249e-02,-3.238907309263544532e-01,0.000000000000000000e+00,0.000000000000000000e+00,2.000000000000000000e+04
7.272727272727272929e-01,1.606060606060605966e+00,5.800368918278683839e-02,-3.376007833911438549e-01,0.000000000000000000e+00,0.000000000000000000e+00,2.000000000000000000e+04
7.575757575757575690e-01,1.606060606060605966e+00,6.426134732297017482e-02,-3.500654974605712511e-01,0.000000000000000000e+00,0.000000000000000000e+00,2.000000000000000000e+04
7.878787878787878451e-01,1.606060606060605966e+00,7.051660435662342186e-02,-3.612410770320567122e-01,0.000000000000000000e+00,0.000000000000000000e+00,2.000000000000000000e+04
8.181818181818182323e-01,1.606060606060605966e+00,7.658469455804639558e-02,-3.712022976431482157e-01,0.000000000000000000e+00,0.000000000000000000e+00,2.000000000000000000e+04
8.484848484848485084e-01,1.606060606060605966e+00,8.231649530527242187e-02,-3.801457055149013997e-01,0.000000000000000000e+00,0.000000000000000000e+00,2.000000000000000000e+04
8.787878787878787845e-01,1.606060606060605966e+00,8.762342642786243030e-02,-3.883597840155168512e-01,0.000000000000000000e+00,0.000000000000000000e+00,2.000000000000000000e+04
9.090909090909090606e-01,1.606060606060605966e+00,9.248889813189591080e-02,-3.961830950431186049e-01,0.000000000000000000e+00,0.000000000000000000e+00,2.000000000000000000e+04
9.393939393939394478e-01,1.606060606060605966e+00,9.697040717526776710e-02,-4.039657601031791390e-01,0.000000000000000000e+00,0.000000000000000000e+00,2.000000000000000000e+04
9.696969696969697239e-01,1.606060606060605966e+00,1.011981371885382758e-01,-4.120388017007732273e-01,0.000000000000000000e+00,0.000000000000000000e+00,2.000000000000000000e+04
1.000000000000000000e+00,1.606060606060605966e+00,1.053740902085244791e-01,-4.206889069370899348e-01,0.000000000000000000e+00,0.000000000000000000e+00,2.000000000000000000e+04
0.000000000000000000e+00,1.636363636363636465e+00,0.000000000000000000e+00,0.000000000000000000e+00,1.000000000000000000e+00,0.000000000000000000e+00,2.000000000000000000e+04
3.030303030303030387e-02,1.636363636363636465e+00,1.661958068380229268e-03,-7.548255143761312125e-03,0.000000000000000000e+00,0.000000000000000000e+00,2.000000000000000000e+04
6.060606060606060774e-02,1.636363636363636465e+00,3.225049809752045596e-03,-1.603607169198154048e-02,0.000000000000000000e+00,0.000000000000000000e+00,2.000000000000000000e+04
9.090909090909091161e-02,1.636363636363636465e+00,4.734456508288196856e-03,-2.542701029807740293e-02,0.000000000000000000e+00,0.000000000000000000e+00,2.000000000000000000e+04
1.212121212121212155e-01,1.636363636363636465e+00,6.221419682564580979e-03,-3.567457959636256837e-02,0.000000000000000000e+00,0.000000000000000000e+00,2.000000000000000000e+04
1.515151515151515194e-01,1.636363636363636465e+00,7.705156047633881546e-03,-4.672960546287806272e-02,0.000000000000000000e+00,0.000000000000000000e+00,2.000000000000000000e+04
1.818181818181818232e-01,1.636363636363636465e+00,9.195956505479748258e-03,-5.854564010428094795e-02,0.000000000000000000e+00,0.000000000000000000e+00,2.000000000000000000e+04
2.121212121212121271e-01,1.636363636363636465e+00,1.069872146115423070e-02,-7.108210787276865450e-02,0.000000000000000000e+00,0.000000000000000000e+00,2.000000000000000000e+04
2.424242424242424310e-01,1.636363636363636465e+00,1.221644402685074376e-02,-8.430548484711793134e-02,0.000000000000000000e+00,0.000000000000000000e+00,2.000000000000000000e+04
2.727272727272727071e-01,1.636363636363636465e+00,1.375341734244033866e-02,-9.818894904391489709e-02,0.000000000000000000e+00,0.000000000000000000e+00,2.000000000000000000e+04
3.030303030303030387e-01,1.636363636363636465e+00,1.531811848023636839e-02,-1.127108565641605220e-01,0.000000000000000000e+00,0.000000000000000000e+00,2.000000000000000000e+04
3.333333333333333148e-01,1.636363636363636465e+00,1.692580075546040383e-02,-1.278522494950731503e-01,0.000000000000000000e+00,0.000000000000000000e+00,2.000000000000000000e+04
3.636363636363636465e-01,1.636363636363636465e+00,1.860082393938568626e-02,-1.435934602142891203e-01,0.000000000000000000e+00,0.000000000000000000e+00,2.000000000000000000e+04
3.939393939393939226e-01,1.636363636363636465e+00,2.037868115147330531e-02,-1.599097813434956217e-01,0.000000000000000000e+00,0.000000000000000000e+00,2.000000000000000000e+04
4.242424242424242542e-01,1.636363636363636465e+00,2.230754919752475293e-02,-1.767661480050286005e-01,0.000000000000000000e+00,0.000000000000000000e+00,2.000000000000000000e+04
4.545454545454545303e-01,1.636363636363636465e+00,2.444900498589232599e-02,-1.941108589111583405e-01,0.000000000000000000e+00,0.000000000000000000e+00,2.000000000000000000e+04
4.848484848484848619e-01,1.636363636363636465e+00,2.687734276941783004e-02,-2.118685739591117390e-01,0.000000000000000000e+00,0.000000000000000000e+00,2.000000000000000000e+04
5.151515151515151381e-01,1.636363636363636465e+00,2.967676194396152989e-02,-2.299331758971828177e-01,0.000000000000000000e+00,0.000000000000000000e+00,2.000000000000000000e+04
5.454545454545454142e-01,1.636363636363636465e+00,3.293568098858498661e-02,-2.481615305655399117e-01,0.000000000000000000e+00,0.000000000000000000e+00,2.000000000000000000e+04
5.757575757575758013e-01,1.636363636363636465e+00,3.673768727462771444e-02,-2.663696211647181289e-01,0.000000000000000000e+00,0.000000000000000000e+00,2.000000000000000000e+04
6.060606060606060774e-01,1.636363636363636465e+00,4.114921934414274285e-02,-2.843328263966858893e-01,0.000000000000000000e+00,0.000000000000000000e+00,2.000000000000000000e+04
6.363636363636363535e-01,1.636363636363636465e+00,4.620495516567441757e-02,-3.017921350183798701e-01,0.000000000000000000e+00,0.000000000000000000e+00,2.000000000000000000e+04
6.666666666666666297e-01,1.636363636363636465e+00,5.189289410367434185e-02,-3.184677778592432396e-01,0.000000000000000000e+00,0.000000000000000000e+00,2.000000000000000000e+04
6.969696969696970168e-01,1.636363636363636465e+00,5.814206287937252055e-02,-3.340811189831767170e-01,0.000000000000000000e+00,0.000000000000000000e+00,2.000000000000000000e+04
7.272727272727272929e-01,1.636363636363636465e+00,6.481645192394736021e-02,-3.483847140922171071e-01,0.000000000000000000e+00,0.000000000000000000e+00,2.000000000000000000e+04
7.575757575757575690e-01,1.636363636363636465e+00,7.171907869576067684e-02,-3.611992603361824927e-01,0.000000000000000000e+00,0.000000000000000000e+00,2.000000000000000000e+04
7.878787878787878451e-01,1.636363636363636465e+00,7.860710607004850470e-02,-3.724494187929858202e-01,0.000000000000000000e+00,0.000000000000000000e+00,2.000000000000000000e+04
8.181818181818182323e-01,1.636363636363636465e+00,8.523692025526545535e-02,-3.822310284874153585e-01,0.000000000000000000e+00,0.000000000000000000e+00,2.000000000000000000e+04
8.484848484848485084e-01,1.636363636363636465e+00,9.141551154969065895e-02,-3.908121686513934545e-01,0.000000000000000000e+00,0.000000000000000000e+00,2.000000000000000000e+04
8.787878787878787845e-01,1.636363636363636465e+00,9.703195674879180888e-02,-3.985806444408330762e-01,0.000000000000000000e+00,0.000000000000000000e+00,2.000000000000000000e+04
9.090909090909090606e-01,1.636363636363636465e+00,1.020662993176571220e-01,-4.059817161227557425e-01,0.000000000000000000e+00,0.000000000000000000e+00,2.000000000000000000e+04
9.393939393939394478e-01,1.636363636363636465e+00,1.065859289783567115e-01,-4.134696781234307172e-01,0.000000000000000000e+00,0.000000000000000000e+00,2.000000000000000000e+04
9.696969696969697239e-01,1.636363636363636465e+00,1.107401204934584521e-01,-4.214762356342475758e-01,0.000000000000000000e+00,0.000000000000000000e+00,2.000000000000000000e+04
1.000000000000000000e+00,1.636363636363636465e+00,1.147591663564761499e-01,-4.303887514990168417e-01,0.000000000000000000e+00,0.000000000000000000e+00,2.000000000000000000e+04
0.000000000000000000e+00,1.666666666666666741e+00,0.000000000000000000e+00,0.000000000000000000e+00,1.000000000000000000e+00,0.000000000000000000e+00,2.000000000000000000e+04
3.030303030303030387e-02,1.666666666666666741e+00,2.068772896539607282e-03,-7.384264066647157169e-03,0.000000000000000000e+00,0.000000000000000000e+00,2.000000000000000000e+04
6.060606060606060774e-02,1.666666666666666741e+00,4.050276605124713582e-03,-1.580616640818170715e-02,0.000000000000000000e+00,0.000000000000000000e+00,2.000000000000000000e+04
9.090909090909091161e-02,1.666666666666666741e+00,5.990359520347446343e-03,-2.520904415177479402e-02,0.000000000000000000e+00,0.000000000000000000e+00,2.000000000000000000e+04
1.212121212121212155e-01,1.666666666666666741e+00,7.916799281832229834e-03,-3.552726737791805228e-02,0.000000000000000000e+00,0.000000000000000000e+00,2.000000000000000000e+04
1.515151515151515194e-01,1.666666666666666741e+00,9.842349691750393315e-03,-4.669612858561408147e-02,0.000000000000000000e+00,0.000000000000000000e+00,2.000000000000000000e+04
1.818181818181818232e-01,1.666666666666666741e+00,1.176914183577183401e-02,-5.865837816031867213e-02,0.000000000000000000e+00,0.000000000000000000e+00,2.000000000000000000e+04
2.121212121212121271e-01,1.666666666666666741e+00,1.369329176208956313e-02,-7.136749572620501580e-02,0.000000000000000000e+00,0.000000000000000000e+00,2.000000000000000000e+04
2.424242424242424310e-01,1.666666666666666741e+00,1.560911800362499956e-02,-8.478849589486465999e-02,0.000000000000000000e+00,0.000000000000000000e+00,2.000000000000000000e+04
2.727272727272727071e-01,1.666666666666666741e+00,1.751280291495435626e-02,-9.889705660039682655e-02,0.000000000000000000e+00,0.000000000000000000e+00,2.000000000000000000e+04
3.030303030303030387e-01,1.666666666666666741e+00,1.940557419426509542e-02,-1.136775037624781493e-01,0.000000000000000000e+00,0.000000000000000000e+00,2.000000000000000000e+04
3.333333333333333148e-01,1.666666666666666741e+00,2.129657681233375691e-02,-1.291199032798699131e-01,0.000000000000000000e+00,0.000000000000000000e+00,2.000000000000000000e+04
3.636363636363636465e-01,1.666666666666666741e+00,2.320559725485683844e-02,-1.452162730662734935e-01,0.000000000000000000e+00,0.000000000000000000e+00,2.000000000000000000e+04
3.939393939393939226e-01,1.666666666666666741e+00,2.516571539916884898e-02,-1.619557538240740668e-01,0.000000000000000000e+00,0.000000000000000000e+00,2.000000000000000000e+04
4.242424242424242542e-01,1.666666666666666741e+00,2.722579441547590129e-02,-1.793184837864598702e-01,0.000000000000000000e+00,0.000000000000000000e+00,2.000000000000000000e+04
4.545454545454545303e-01,1.666666666666666741e+00,2.945246243531218430e-02,-1.972679474183385295e-01,0.000000000000000000e+00,0.000000000000000000e+00,2.000000000000000000e+04
4.848484848484848619e-01,1.666666666666666741e+00,3.193088954716603867e-02,-2.157417755528588943e-01,0.000000000000000000e+00,0.000000000000000000e+00,2.000000000000000000e+04
5.151515151515151381e-01,1.666666666666666741e+00,3.476327420515473027e-02,-2.346414305676567391e-01,0.000000000000000000e+00,0.000000000000000000e+00,2.000000000000000000e+04
5.454545454545454142e-01,1.666666666666666741e+00,3.806368102618230831e-02,-2.538219185772270792e-01,0.000000000000000000e+00,0.000000000000000000e+00,2.000000000000000000e+04
5.757575757575758013e-01,1.666666666666666741e+00,4.194796572189280620e-02,-2.730835052278454134e-01,0.000000000000000000e+00,0.000000000000000000e+00,2.000000000000000000e+04
6.060606060606060774e-01,1.666666666666666741e+00,4.651820849391934826e-02,-2.921681188775993032e-01,0.000000000000000000e+00,0.000000000000000000e+00,2.000000000000000000e+04
6.363636363636363535e-01,1.666666666666666741e+00,5.184239381272608832e-02,-3.107634274287024434e-01,0.000000000000000000e+00,0.000000000000000000e+00,2.000000000000000000e+04
6.666666666666666297e-01,1.666666666666666741e+00,5.793179876464306377e-02,-3.285173110009577679e-01,0.000000000000000000e+00,0.000000000000000000e+00,2.000000000000000000e+04
6.969696969696970168e-01,1.666666666666666741e+00,6.472028988049798037e-02,-3.450646362383749666e-01,0.000000000000000000e+00,0.000000000000000000e+00,2.000000000000000000e+04
7.272727272727272929e-01,1.666666666666666741e+00,7.205110352583436739e-02,-3.600669919358367443e-01,0.000000000000000000e+00,0.000000000000000000e+00,2.000000000000000000e+04
7.575757575757575690e-01,1.666666666666666741e+00,7.967754149400799180e-02,-3.732645722604001071e-01,0.000000000000000000e+00,0.000000000000000000e+00,2.000000000000000000e+04
7.878787878787878451e-01,1.666666666666666741e+00,8.727742734303428618e-02,-3.845246053699594713e-01,0.000000000000000000e+00,0.000000000000000000e+00,2.000000000000000000e+04
8.181818181818182323e-01,1.666666666666666741e+00,9.452679766264306116e-02,-3.939724948973215568e-01,0.000000000000000000e+00,0.000000000000000000e+00,2.000000000000000000e+04
8.484848484848485084e-01,1.666666666666666741e+00,1.011789489327030861e-01,-4.019799432518718074e-01,0.000000000000000000e+00,0.000000000000000000e+00,2.000000000000000000e+04
8.787878787878787845e-01,1.666666666666666741e+00,1.071021441841361749e-01,-4.090682145930540914e-01,0.000000000000000000e+00,0.000000000000000000e+00,2.000000000000000000e+04
9.090909090909090606e-01,1.666666666666666741e+00,1.122798366258104391e-01,-4.158143273130250894e-01,0.000000000000000000e+00,0.000000000000000000e+00,2.000000000000000000e+04
9.393939393939394478e-01,1.666666666666666741e+00,1.167952799864504648e-01,-4.227922414144290597e-01,0.000000000000000000e+00,0.000000000000000000e+00,2.000000000000000000e+04
9.696969696969697239e-01,1.666666666666666741e+00,1.208184340504291909e-01,-4.305453385409614975e-01,0.000000000000000000e+00,0.000000000000000000e+00,2.000000000000000000e+04
1.000000000000000000e+00,1.666666666666666741e+00,1.246044582198489459e-01,-4.395749948683132513e-01,0.000000000000000000e+00,0.000000000000000000e+00,2.000000000000000000e+04
0.000000000000000000e+00,1.696969696969697017e+00,0.000000000000000000e+00,0.000000000000000000e+00,1.000000000000000000e+00,0.000000000000000000e+00,2.000000000000000000e+04
3.030303030303030387e-02,1.696969696969697017e+00,2.527732261787055124e-03,-7.240096062369328136e-03,0.000000000000000000e+00,0.000000000000000000e+00,2.000000000000000000e+04
6.060606060606060774e-02,1.696969696969697017e+00,4.988036366064420475e-03,-1.562335138441588167e-02,0.000000000000000000e+00,0.000000000000000000e+00,2.000000000000000000e+04
9.090909090909091161e-02,1.696969696969697017e+00,7.426340363815935736e-03,-2.506619148573363889e-02,0.000000000000000000e+00,0.000000000000000000e+00,2.000000000000000000e+04
1.212121212121212155e-01,1.696969696969697017e+00,9.864698039386289238e-03,-3.547833700904075988e-02,0.000000000000000000e+00,0.000000000000000000e+00,2.000000000000000000e+04
1.515151515151515194e-01,1.696969696969697017e+00,1.230675142612649639e-02,-4.677606943112129489e-02,0.000000000000000000e+00,0.000000000000000000e+00,2.000000000000000000e+04
1.818181818181818232e-01,1.696969696969697017e+00,1.474400984266517438e-02,-5.888972699234219788e-02,0.000000000000000000e+00,0.000000000000000000e+00,2.000000000000000000e+04
2.121212121212121271e-01,1.696969696969697017e+00,1.716177264851293308e-02,-7.176657755663745641e-02,0.000000000000000000e+00,0.000000000000000000e+00,2.000000000000000000e+04
2.424242424242424310e-01,1.696969696969697017e+00,1.954406313721264096e-02,-8.537075007889843858e-02,0.000000000000000000e+00,0.000000000000000000e+00,2.000000000000000000e+04
2.727272727272727071e-01,1.696969696969697017e+00,2.187757358380485601e-02,-9.968150879099391126e-02,0.000000000000000000e+00,0.000000000000000000e+00,2.000000000000000000e+04
3.030303030303030387e-01,1.696969696969697017e+00,2.415490740813747150e-02,-1.146906093517571085e-01,0.000000000000000000e+00,0.000000000000000000e+00,2.000000000000000000e+04
3.333333333333333148e-01,1.696969696969697017e+00,2.637748526363143178e-02,-1.303990189757102125e-01,0.000000000000000000e+00,0.000000000000000000e+00,2.000000000000000000e+04
3.636363636363636465e-01,1.696969696969697017e+00,2.855845492944117381e-02,-1.468129379996463979e-01,0.000000000000000000e+00,0.000000000000000000e+00,2.000000000000000000e+04
3.939393939393939226e-01,1.696969696969697017e+00,3.072585042016092588e-02,-1.639388007425589822e-01,0.000000000000000000e+00,0.000000000000000000e+00,2.000000000000000000e+04
4.242424242424242542e-01,1.696969696969697017e+00,3.292607629404969288e-02,-1.817767421365739378e-01,0.000000000000000000e+00,0.000000000000000000e+00,2.000000000000000000e+04
4.545454545454545303e-01,1.696969696969697017e+00,3.522750347153638661e-02,-2.003119210059795818e-01,0.000000000000000000e+00,0.000000000000000000e+00,2.000000000000000000e+04
4.848484848484848619e-01,1.696969696969697017e+00,3.772348817932503345e-02,-2.195031887418437133e-01,0.000000000000000000e+00,0.000000000000000000e+00,2.000000000000000000e+04
5.151515151515151381e-01,1.696969696969697017e+00,4.053343747987276507e-02,-2.392690532827807526e-01,0.000000000000000000e+00,0.000000000000000000e+00,2.000000000000000000e+04
5.454545454545454142e-01,1.696969696969697017e+00,4.379977573829337695e-02,-2.594718710829530539e-01,0.000000000000000000e+00,0.000000000000000000e+00,2.000000000000000000e+04
5.757575757575758013e-01,1.696969696969697017e+00,4.767823215374644014e-02,-2.799026581810812875e-01,0.000000000000000000e+00,0.000000000000000000e+00,2.000000000000000000e+04
6.060606060606060774e-01,1.696969696969697017e+00,5.231937100771797550e-02,-3.002704487807507094e-01,0.000000000000000000e+00,0.000000000000000000e+00,2.000000000000000000e+04
6.363636363636363535e-01,1.696969696969697017e+00,5.784110632735856017e-02,-3.202011267362700475e-01,0.000000000000000000e+00,0.000000000000000000e+00,2.000000000000000000e+04
6.666666666666666297e-01,1.696969696969697017e+00,6.429486111120764902e-02,-3.392506444458893711e-01,0.000000000000000000e+00,0.000000000000000000e+00,2.000000000000000000e+04
6.969696969696970168e-01,1.696969696969697017e+00,7.163128039428244553e-02,-3.569364963594172657e-01,0.000000000000000000e+00,0.000000000000000000e+00,2.000000000000000000e+04
7.272727272727272929e-01,1.696969696969697017e+00,7.967415609186187520e-02,-3.727895818360708047e-01,0.000000000000000000e+00,0.000000000000000000e+00,2.000000000000000000e+04
7.575757575757575690e-01,1.696969696969697017e+00,8.811322291947522312e-02,-3.864268704474692062e-01,0.000000000000000000e+00,0.000000000000000000e+00,2.000000000000000000e+04
7.878787878787878451e-01,1.696969696969697017e+00,9.651082133612180758e-02,-3.976112984445939746e-01,0.000000000000000000e+00,0.000000000000000000e+00,2.000000000000000000e+04
8.181818181818182323e-01,1.696969696969697017e+00,1.044308365086838997e-01,-4.065183280129122667e-01,0.000000000000000000e+00,0.000000000000000000e+00,2.000000000000000000e+04
8.484848484848485084e-01,1.696969696969697017e+00,1.115633054820183295e-01,-4.136786123467240950e-01,0.000000000000000000e+00,0.000000000000000000e+00,2.000000000000000000e+04
8.787878787878787845e-01,1.696969696969697017e+00,1.177641037313685995e-01,-4.197962339782210783e-01,0.000000000000000000e+00,0.000000000000000000e+00,2.000000000000000000e+04
9.090909090909090606e-01,1.696969696969697017e+00,1.230345770759901231e-01,-4.256085609686353077e-01,0.000000000000000000e+00,0.000000000000000000e+00,2.000000000000000000e+04
9.393939393939394478e-01,1.696969696969697017e+00,1.274846545719215407e-01,-4.318200991187163273e-01,0.000000000000000000e+00,0.000000000000000000e+00,2.000000000000000000e+04
9.696969696969697239e-01,1.696969696969697017e+00,1.313069657132712453e-01,-4.390888529757703274e-01,0.000000000000000000e+00,0.000000000000000000e+00,2.000000000000000000e+04
1.000000000000000000e+00,1.696969696969697017e+00,1.347736269731346914e-01,-4.480361804673381187e-01,0.000000000000000000e+00,0.000000000000000000e+00,2.000000000000000000e+04
0.000000000000000000e+00,1.727272727272727293e+00,0.000000000000000000e+00,0.000000000000000000e+00,1.000000000000000000e+00,0.000000000000000000e+00,2.000000000000000000e+04
3.030303030303030387e-02,1.727272727272727293e+00,3.045423904762385465e-03,-7.128977322045768408e-03,0.000000000000000000e+00,0.000000000000000000e+00,2.000000000000000000e+04
6.060606060606060774e-02,1.727272727272727293e+00,6.053833990606032750e-03,-1.551458762952532058e-02,0.000000000000000000e+00,0.000000000000000000e+00,2.000000000000000000e+04
9.090909090909091161e-02,1.727272727272727293e+00,9.068348968932949880e-03,-2.503690474294020460e-02,0.000000000000000000e+00,0.000000000000000000e+00,2.000000000000000000e+04
1.212121212121212155e-01,1.727272727272727293e+00,1.210191448465963542e-02,-3.557406041573422939e-02,0.000000000000000000e+00,0.000000000000000000e+00,2.000000000000000000e+04
1.515151515151515194e-01,1.727272727272727293e+00,1.514555004793102962e-02,-4.701967268210188039e-02,0.000000000000000000e+00,0.000000000000000000e+00,2.000000000000000000e+04
1.818181818181818232e-01,1.727272727272727293e+00,1.817730033428539491e-02,-5.929055062231673029e-02,0.000000000000000000e+00,0.000000000000000000e+00,2.000000000000000000e+04
2.121212121212121271e-01,1.727272727272727293e+00,2.116968070433817434e-02,-7.232814347794254417e-02,0.000000000000000000e+00,0.000000000000000000e+00,2.000000000000000000e+04
2.424242424242424310e-01,1.727272727272727293e+00,2.409517133432377903e-02,-8.609680224930155168e-02,0.000000000000000000e+00,0.000000000000000000e+00,2.000000000000000000e+04
2.727272727272727071e-01,1.727272727272727293e+00,2.693012084745332116e-02,-1.005807349407134149e-01,0.000000000000000000e+00,0.000000000000000000e+00,2.000000000000000000e+04
3.030303030303030387e-01,1.727272727272727293e+00,2.965766970100000566e-02,-1.157805642284247261e-01,0.000000000000000000e+00,0.000000000000000000e+00,2.000000000000000000e+04
3.333333333333333148e-01,1.727272727272727293e+00,3.227031026671198233e-02,-1.317097470041398433e-01,0.000000000000000000e+00,0.000000000000000000e+00,2.000000000000000000e+04
3.636363636363636465e-01,1.727272727272727293e+00,3.477262674633341266e-02,-1.483906862318250808e-01,0.000000000000000000e+00,0.000000000000000000e+00,2.000000000000000000e+04
3.939393939393939226e-01,1.727272727272727293e+00,3.718466122560361992e-02,-1.658500433607993374e-01,0.000000000000000000e+00,0.000000000000000000e+00,2.000000000000000000e+04
4.242424242424242542e-01,1.727272727272727293e+00,3.954622063328194076e-02,-1.841124684701358483e-01,0.000000000000000000e+00,0.000000000000000000e+00,2.000000000000000000e+04
4.545454545454545303e-01,1.727272727272727293e+00,4.192220128715350852e-02,-2.031916895265132306e-01,0.000000000000000000e+00,0.000000000000000000e+00,2.000000000000000000e+04
4.848484848484848619e-01,1.727272727272727293e+00,4.440852374255790241e-02,-2.230777285332100901e-01,0.000000000000000000e+00,0.000000000000000000e+00,2.000000000000000000e+04
5.151515151515151381e-01,1.727272727272727293e+00,4.713734737789702922e-02,-2.437192038773877967e-01,0.000000000000000000e+00,0.000000000000000000e+00,2.000000000000000000e+04
5.454545454545454142e-01,1.727272727272727293e+00,5.027876166369891348e-02,-2.650006985321098907e-01,0.000000000000000000e+00,0.000000000000000000e+00,2.000000000000000000e+04
5.757575757575758013e-01,1.727272727272727293e+00,5.403451192172977618e-02,-2.867173996499628452e-01,0.000000000000000000e+00,0.000000000000000000e+00,2.000000000000000000e+04
6.060606060606060774e-01,1.727272727272727293e+00,5.861872970099924612e-02,-3.085523112988778904e-01,0.000000000000000000e+00,0.000000000000000000e+00,2.000000000000000000e+04
6.363636363636363535e-01,1.727272727272727293e+00,6.422257014530599606e-02,-3.300640393519411186e-01,0.000000000000000000e+00,0.000000000000000000e+00,2.000000000000000000e+04
6.666666666666666297e-01,1.727272727272727293e+00,7.096444399429097105e-02,-3.506940431995801966e-01,0.000000000000000000e+00,0.000000000000000000e+00,2.000000000000000000e+04
6.969696969696970168e-01,1.727272727272727293e+00,7.883376367308621291e-02,-3.698009380027911241e-01,0.000000000000000000e+00,0.000000000000000000e+00,2.000000000000000000e+04
7.272727272727272929e-01,1.727272727272727293e+00,8.764172631647366984e-02,-3.867267689759624205e-01,0.000000000000000000e+00,0.000000000000000000e+00,2.000000000000000000e+04
7.575757575757575690e-01,1.727272727272727293e+00,9.699696587067978271e-02,-4.008982770991317279e-01,0.000000000000000000e+00,0.000000000000000000e+00,2.000000000000000000e+04
7.878787878787878451e-01,1.727272727272727293e+00,1.062851506373291705e-01,-4.118853344793044768e-01,0.000000000000000000e+00,0.000000000000000000e+00,2.000000000000000000e+04
8.181818181818182323e-01,1.727272727272727293e+00,1.149100947874391737e-01,-4.199634843231167536e-01,0.000000000000000000e+00,0.000000000000000000e+00,2.000000000000000000e+04
8.484848484848485084e-01,1.727272727272727293e+00,1.224926276651337603e-01,-4.259196748043067027e-01,0.000000000000000000e+00,0.000000000000000000e+00,2.000000000000000000e+04
8.787878787878787845e-01,1.727272727272727293e+00,1.288976794650035784e-01,-4.307117549364267162e-01,0.000000000000000000e+00,0.000000000000000000e+00,2.000000000000000000e+04
9.090909090909090606e-01,1.727272727272727293e+00,1.341713185033500955e-01,-4.352671148524075995e-01,0.000000000000000000e+00,0.000000000000000000e+00,2.000000000000000000e+04
9.393939393939394478e-01,1.727272727272727293e+00,1.384680806629207117e-01,-4.404209311374573388e-01,0.000000000000000000e+00,0.000000000000000000e+00,2.000000000000000000e+04
9.696969696969697239e-01,1.727272727272727293e+00,1.420058583150273779e-01,-4.469335563574284298e-01,0.000000000000000000e+00,0.000000000000000000e+00,2.000000000000000000e+04
1.000000000000000000e+00,1.727272727272727293e+00,1.450595504563080007e-01,-4.555376962014443532e-01,0.000000000000000000e+00,0.000000000000000000e+00,2.000000000000000000e+04
0.000000000000000000e+00,1.757575757575757569e+00,0.000000000000000000e+00,0.000000000000000000e+00,1.000000000000000000e+00,0.000000000000000000e+00,2.000000000000000000e+04
3.030303030303030387e-02,1.757575757575757569e+00,3.630172584056904489e-03,-7.068251296316366630e-03,0.000000000000000000e+00,0.000000000000000000e+00,2.000000000000000000e+04
6.060606060606060774e-02,1.757575757575757569e+00,7.267297016135882380e-03,-1.551498728020236050e-02,0.000000000000000000e+00,0.000000000000000000e+00,2.000000000000000000e+04
9.090909090909091161e-02,1.757575757575757569e+00,1.094872899323405709e-02,-2.517017542792799462e-02,0.000000000000000000e+00,0.000000000000000000e+00,2.000000000000000000e+04
1.212121212121212155e-01,1.757575757575757569e+00,1.467311517367602021e-02,-3.587189272869149154e-02,0.000000000000000000e+00,0.000000000000000000e+00,2.000000000000000000e+04
1.515151515151515194e-01,1.757575757575757569e+00,1.841421310918861520e-02,-4.748787837369183168e-02,0.000000000000000000e+00,0.000000000000000000e+00,2.000000000000000000e+04
1.818181818181818232e-01,1.757575757575757569e+00,2.213348059179576915e-02,-5.992148924581425229e-02,0.000000000000000000e+00,0.000000000000000000e+00,2.000000000000000000e+04
2.121212121212121271e-01,1.757575757575757569e+00,2.578906300622598249e-02,-7.310993776951381362e-02,0.000000000000000000e+00,0.000000000000000000e+00,2.000000000000000000e+04
2.424242424242424310e-01,1.757575757575757569e+00,2.934142824133829930e-02,-8.701974237420412317e-02,0.000000000000000000e+00,0.000000000000000000e+00,2.000000000000000000e+04
2.727272727272727071e-01,1.757575757575757569e+00,3.275668302182266345e-02,-1.016417926572436708e-01,0.000000000000000000e+00,0.000000000000000000e+00,2.000000000000000000e+04
3.030303030303030387e-01,1.757575757575757569e+00,3.600863847294148712e-02,-1.169869380473832349e-01,0.000000000000000000e+00,0.000000000000000000e+00,2.000000000000000000e+04
3.333333333333333148e-01,1.757575757575757569e+00,3.908051983825666653e-02,-1.330822140734761183e-01,0.000000000000000000e+00,0.000000000000000000e+00,2.000000000000000000e+04
3.636363636363636465e-01,1.757575757575757569e+00,4.196704808377453577e-02,-1.499673803631171587e-01,0.000000000000000000e+00,0.000000000000000000e+00,2.000000000000000000e+04
3.939393939393939226e-01,1.757575757575757569e+00,4.467751858778213486e-02,-1.676911273037980932e-01,0.000000000000000000e+00,0.000000000000000000e+00,2.000000000000000000e+04
4.242424242424242542e-01,1.757575757575757569e+00,4.724044910052298263e-02,-1.863059650720041149e-01,0.000000000000000000e+00,0.000000000000000000e+00,2.000000000000000000e+04
4.545454545454545303e-01,1.757575757575757569e+00,4.971028972949541325e-02,-2.058603492048080574e-01,0.000000000000000000e+00,0.000000000000000000e+00,2.000000000000000000e+04
4.848484848484848619e-01,1.757575757575757569e+00,5.217640831050181921e-02,-2.263860155702048238e-01,0.000000000000000000e+00,0.000000000000000000e+00,2.000000000000000000e+04
5.151515151515151381e-01,1.757575757575757569e+00,5.477373555596903865e-02,-2.478780021511358400e-01,0.000000000000000000e+00,0.000000000000000000e+00,2.000000000000000000e+04
5.454545454545454142e-01,1.757575757575757569e+00,5.769250445700988689e-02,-2.702651224479511449e-01,0.000000000000000000e+00,0.000000000000000000e+00,2.000000000000000000e+04
5.757575757575758013e-01,1.757575757575757569e+00,6.118101396488014737e-02,-2.933710929278196544e-01,0.000000000000000000e+00,0.000000000000000000e+00,2.000000000000000000e+04
6.060606060606060774e-01,1.757575757575757569e+00,6.553157139155169064e-02,-3.168719774366116626e-01,0.000000000000000000e+00,0.000000000000000000e+00,2.000000000000000000e+04
6.363636363636363535e-01,1.757575757575757569e+00,7.103963616877781440e-02,-3.402623143003505324e-01,0.000000000000000000e+00,0.000000000000000000e+00,2.000000000000000000e+04
6.666666666666666297e-01,1.757575757575757569e+00,7.793304006042475751e-02,-3.628462433479643923e-01,0.000000000000000000e+00,0.000000000000000000e+00,2.000000000000000000e+04
6.969696969696970168e-01,1.757575757575757569e+00,8.628039734368241065e-02,-3.837687108830644678e-01,0.000000000000000000e+00,0.000000000000000000e+00,2.000000000000000000e+04
7.272727272727272929e-01,1.757575757575757569e+00,9.589993599063616203e-02,-4.020970195808449277e-01,0.000000000000000000e+00,0.000000000000000000e+00,2.000000000000000000e+04
7.575757575757575690e-01,1.757575757575757569e+00,1.062992080210071744e-01,-4.169606691174291280e-01,0.000000000000000000e+00,0.000000000000000000e+00,2.000000000000000000e+04
7.878787878787878451e-01,1.757575757575757569e+00,1.165784184932438378e-01,-4.275605529399703619e-01,0.000000000000000000e+00,0.000000000000000000e+00,2.000000000000000000e+04
8.181818181818182323e-01,1.757575757575757569e+00,1.259089610569367745e-01,-4.343941505181903584e-01,0.000000000000000000e+00,0.000000000000000000e+00,2.000000000000000000e+04
8.484848484848485084e-01,1.757575757575757569e+00,1.338484251446194206e-01,-4.386761555537175283e-01,0.000000000000000000e+00,0.000000000000000000e+00,2.000000000000000000e+04
8.787878787878787845e-01,1.757575757575757569e+00,1.403152959779914999e-01,-4.417165627576463138e-01,0.000000000000000000e+00,0.000000000000000000e+00,2.000000000000000000e+04
9.090909090909090606e-01,1.757575757575757569e+00,1.454453085093464493e-01,-4.446567410642214280e-01,0.000000000000000000e+00,0.000000000000000000e+00,2.000000000000000000e+04
9.393939393939394478e-01,1.757575757575757569e+00,1.494646725889638428e-01,-4.484420680260409187e-01,0.000000000000000000e+00,0.000000000000000000e+00,2.000000000000000000e+04
9.696969696969697239e-01,1.757575757575757569e+00,1.526196663609278026e-01,-4.538977911581805191e-01,0.000000000000000000e+00,0.000000000000000000e+00,2.000000000000000000e+04
1.000000000000000000e+00,1.757575757575757569e+00,1.551657916641500379e-01,-4.618345525642819638e-01,0.000000000000000000e+00,0.000000000000000000e+00,2.000000000000000000e+04
0.000000000000000000e+00,1.787878787878787845e+00,0.000000000000000000e+00,0.000000000000000000e+00,1.000000000000000000e+00,0.000000000000000000e+00,2.000000000000000000e+04
3.030303030303030387e-02,1.787878787878787845e+00,4.293349564299039911e-03,-7.081272813114398296e-03,0.000000000000000000e+00,0.000000000000000000e+00,2.000000000000000000e+04
6.060606060606060774e-02,1.787878787878787845e+00,8.655006186215995559e-03,-1.567094263794969328e-02,0.000000000000000000e+00,0.000000000000000000e+00,2.000000000000000000e+04
9.090909090909091161e-02,1.787878787878787845e+00,1.311004152794738309e-02,-2.552846315096286151e-02,0.000000000000000000e+00,0.000000000000000000e+00,2.000000000000000000e+04
1.212121212121212155e-01,1.787878787878787845e+00,1.763478173858017833e-02,-3.644232719510800966e-02,0.000000000000000000e+00,0.000000000000000000e+00,2.000000000000000000e+04
1.515151515151515194e-01,1.787878787878787845e+00,2.217975971445280275e-02,-4.825291682704680590e-02,0.000000000000000000e+00,0.000000000000000000e+00,2.000000000000000000e+04
1.818181818181818232e-01,1.787878787878787845e+00,2.668679673945852440e-02,-6.085253588760655696e-02,0.000000000000000000e+00,0.000000000000000000e+00,2.000000000000000000e+04
2.121212121212121271e-01,1.787878787878787845e+00,3.109903453012289112e-02,-7.417764200062494651e-02,0.000000000000000000e+00,0.000000000000000000e+00,2.000000000000000000e+04
2.424242424242424310e-01,1.787878787878787845e+00,3.536583041636201519e-02,-8.820005421275864399e-02,0.000000000000000000e+00,0.000000000000000000e+00,2.000000000000000000e+04
2.727272727272727071e-01,1.787878787878787845e+00,3.944464793262451169e-02,-1.029195656039159079e-01,0.000000000000000000e+00,0.000000000000000000e+00,2.000000000000000000e+04
3.030303030303030387e-01,1.787878787878787845e+00,4.330157684646610688e-02,-1.183584774693501596e-01,0.000000000000000000e+00,0.000000000000000000e+00,2.000000000000000000e+04
3.333333333333333148e-01,1.787878787878787845e+00,4.691161981139543163e-02,-1.345578056340310524e-01,0.000000000000000000e+00,0.000000000000000000e+00,2.000000000000000000e+04
3.636363636363636465e-01,1.787878787878787845e+00,5.025956804356092322e-02,-1.515746022591370201e-01,0.000000000000000000e+00,0.000000000000000000e+00,2.000000000000000000e+04
3.939393939393939226e-01,1.787878787878787845e+00,5.334216904374160934e-02,-1.694796393595093820e-01,0.000000000000000000e+00,0.000000000000000000e+00,2.000000000000000000e+04
4.242424242424242542e-01,1.787878787878787845e+00,5.617233490936041074e-02,-1.883544098154866786e-01,0.000000000000000000e+00,0.000000000000000000e+00,2.000000000000000000e+04
4.545454545454545303e-01,1.787878787878787845e+00,5.878629632146799289e-02,-2.082858554881465429e-01,0.000000000000000000e+00,0.000000000000000000e+00,2.000000000000000000e+04
4.848484848484848619e-01,1.787878787878787845e+00,6.125475120757029740e-02,-2.293562715625161730e-01,0.000000000000000000e+00,0.000000000000000000e+00,2.000000000000000000e+04
5.151515151515151381e-01,1.787878787878787845e+00,6.369885157474991511e-02,-2.516243817085371814e-01,0.000000000000000000e+00,0.000000000000000000e+00,2.000000000000000000e+04
5.454545454545454142e-01,1.787878787878787845e+00,6.631045143259910180e-02,-2.750920096767725531e-01,0.000000000000000000e+00,0.000000000000000000e+00,2.000000000000000000e+04
5.757575757575758013e-01,1.787878787878787845e+00,6.937158374801631611e-02,-2.996509915594928186e-01,0.000000000000000000e+00,0.000000000000000000e+00,2.000000000000000000e+04
6.060606060606060774e-01,1.787878787878787845e+00,7.325868813867272844e-02,-3.250115950709017154e-01,0.000000000000000000e+00,0.000000000000000000e+00,2.000000000000000000e+04
6.363636363636363535e-01,1.787878787878787845e+00,7.840783934281131407e-02,-3.506283997015711695e-01,0.000000000000000000e+00,0.000000000000000000e+00,2.000000000000000000e+04
6.666666666666666297e-01,1.787878787878787845e+00,8.522176191651024968e-02,-3.756535791793370604e-01,0.000000000000000000e+00,0.000000000000000000e+00,2.000000000000000000e+04
6.969696969696970168e-01,1.787878787878787845e+00,9.392279985946105914e-02,-3.989492916429334679e-01,0.000000000000000000e+00,0.000000000000000000e+00,2.000000000000000000e+04
7.272727272727272929e-01,1.787878787878787845e+00,1.043848358949656802e-01,-4.191807505033199321e-01,0.000000000000000000e+00,0.000000000000000000e+00,2.000000000000000000e+04
7.575757575757575690e-01,1.787878787878787845e+00,1.159985494820732072e-01,-4.350065279729968815e-01,0.000000000000000000e+00,0.000000000000000000e+00,2.000000000000000000e+04
7.878787878787878451e-01,1.787878787878787845e+00,1.273764220512670908e-01,-4.448957774679382915e-01,0.000000000000000000e+00,0.000000000000000000e+00,2.000000000000000000e+04
8.181818181818182323e-01,1.787878787878787845e+00,1.373509269023593937e-01,-4.498640670215538484e-01,0.000000000000000000e+00,0.000000000000000000e+00,2.000000000000000000e+04
8.484848484848485084e-01,1.787878787878787845e+00,1.454534194055168705e-01,-4.518500842505849269e-01,0.000000000000000000e+00,0.000000000000000000e+00,2.000000000000000000e+04
8.787878787878787845e-01,1.787878787878787845e+00,1.517389350164999318e-01,-4.526407732132363138e-01,0.000000000000000000e+00,0.000000000000000000e+00,2.000000000000000000e+04
9.090909090909090606e-01,1.787878787878787845e+00,1.565012727727072006e-01,-4.535942392227712561e-01,0.000000000000000000e+00,0.000000000000000000e+00,2.000000000000000000e+04
9.393939393939394478e-01,1.787878787878787845e+00,1.600744237343718068e-01,-4.557105115350226776e-01,0.000000000000000000e+00,0.000000000000000000e+00,2.000000000000000000e+04
9.696969696969697239e-01,1.787878787878787845e+00,1.627355910596610389e-01,-4.598050145044559889e-01,0.000000000000000000e+00,0.000000000000000000e+00,2.000000000000000000e+04
1.000000000000000000e+00,1.787878787878787845e+00,1.646896987896603048e-01,-4.666955396081783891e-01,0.000000000000000000e+00,0.000000000000000000e+00,2.000000000000000000e+04
0.000000000000000000e+00,1.818181818181818121e+00,0.000000000000000000e+00,0.000000000000000000e+00,1.000000000000000000e+00,0.000000000000000000e+00,2.000000000000000000e+04
3.030303030303030387e-02,1.818181818181818121e+00,5.051943913135526973e-03,-7.200942040335125971e-03,0.000000000000000000e+00,0.000000000000000000e+00,2.000000000000000000e+04
6.060606060606060774e-02,1.818181818181818121e+00,1.025575475337061997e-02,-1.604518400457802599e-02,0.000000000000000000e+00,0.000000000000000000e+00,2.000000000000000000e+04
9.090909090909091161e-02,1.818181818181818121e+00,1.561173928067310576e-02,-2.619166260978188221e-02,0.000000000000000000e+00,0.000000000000000000e+00,2.000000000000000000e+04
1.212121212121212155e-01,1.818181818181818121e+00,2.106170381177385059e-02,-3.737067609597337359e-02,0.000000000000000000e+00,0.000000000000000000e+00,2.000000000000000000e+04
1.515151515151515194e-01,1.818181818181818121e+00,2.652586864414736151e-02,-4.939798913383359330e-02,0.000000000000000000e+00,0.000000000000000000e+00,2.000000000000000000e+04
1.818181818181818232e-01,1.818181818181818121e+00,3.192434396129893714e-02,-6.216121940457176170e-02,0.000000000000000000e+00,0.000000000000000000e+00,2.000000000000000000e+04
2.121212121212121271e-01,1.818181818181818121e+00,3.718658510201565404e-02,-7.560226433233914467e-02,0.000000000000000000e+00,0.000000000000000000e+00,2.000000000000000000e+04
2.424242424242424310e-01,1.818181818181818121e+00,4.225394117300133173e-02,-8.970284486115988332e-02,0.000000000000000000e+00,0.000000000000000000e+00,2.000000000000000000e+04
2.727272727272727071e-01,1.818181818181818121e+00,4.707894804892662211e-02,-1.044743760742316979e-01,0.000000000000000000e+00,0.000000000000000000e+00,2.000000000000000000e+04
3.030303030303030387e-01,1.818181818181818121e+00,5.162353967261341242e-02,-1.199516069091699222e-01,0.000000000000000000e+00,0.000000000000000000e+00,2.000000000000000000e+04
3.333333333333333148e-01,1.818181818181818121e+00,5.585739426420530812e-02,-1.361891075036997523e-01,0.000000000000000000e+00,0.000000000000000000e+00,2.000000000000000000e+04
3.636363636363636465e-01,1.818181818181818121e+00,5.975714453061516107e-02,-1.532597263222159056e-01,0.000000000000000000e+00,0.000000000000000000e+00,2.000000000000000000e+04
3.939393939393939226e-01,1.818181818181818121e+00,6.330704399212647160e-02,-1.712542060593798543e-01,0.000000000000000000e+00,0.000000000000000000e+00,2.000000000000000000e+04
4.242424242424242542e-01,1.818181818181818121e+00,6.650181904970176028e-02,-1.902810475728327066e-01,0.000000000000000000e+00,0.000000000000000000e+00,2.000000000000000000e+04
4.545454545454545303e-01,1.818181818181818121e+00,6.935282572109498223e-02,-2.104652667530930166e-01,0.000000000000000000e+00,0.000000000000000000e+00,2.000000000000000000e+04
4.848484848484848619e-01,1.818181818181818121e+00,7.189927009393215496e-02,-2.319436212609153336e-01,0.000000000000000000e+00,0.000000000000000000e+00,2.000000000000000000e+04
5.151515151515151381e-01,1.818181818181818121e+00,7.422705179038256718e-02,-2.548517298364145200e-01,0.000000000000000000e+00,0.000000000000000000e+00,2.000000000000000000e+04
5.454545454545454142e-01,1.818181818181818121e+00,7.649820478162357162e-02,-2.792947001709162880e-01,0.000000000000000000e+00,0.000000000000000000e+00,2.000000000000000000e+04
5.757575757575758013e-01,1.818181818181818121e+00,7.899183841472214029e-02,-3.052877103621551291e-01,0.000000000000000000e+00,0.000000000000000000e+00,2.000000000000000000e+04
6.060606060606060774e-01,1.818181818181818121e+00,8.214671377955254372e-02,-3.326517721882376599e-01,0.000000000000000000e+00,0.000000000000000000e+00,2.000000000000000000e+04
6.363636363636363535e-01,1.818181818181818121e+00,8.656584546764349575e-02,-3.608713160090477046e-01,0.000000000000000000e+00,0.000000000000000000e+00,2.000000000000000000e+04
6.666666666666666297e-01,1.818181818181818121e+00,9.292050802962331657e-02,-3.889632299152906980e-01,0.000000000000000000e+00,0.000000000000000000e+00,2.000000000000000000e+04
6.969696969696970168e-01,1.818181818181818121e+00,1.017239354120124950e-01,-4.154296343882624143e-01,0.000000000000000000e+00,0.000000000000000000e+00,2.000000000000000000e+04
7.272727272727272929e-01,1.818181818181818121e+00,1.130202214645437547e-01,-4.383456294087213490e-01,0.000000000000000000e+00,0.000000000000000000e+00,2.000000000000000000e+04
7.575757575757575690e-01,1.818181818181818121e+00,1.260941069027267658e-01,-4.556133423924793036e-01,0.000000000000000000e+00,0.000000000000000000e+00,2.000000000000000000e+04
7.878787878787878451e-01,1.818181818181818121e+00,1.386789911143563314e-01,-4.641970818718397784e-01,0.000000000000000000e+00,0.000000000000000000e+00,2.000000000000000000e+04
8.181818181818182323e-01,1.818181818181818121e+00,1.491230895680440427e-01,-4.663502285464235508e-01,0.000000000000000000e+00,0.000000000000000000e+00,2.000000000000000000e+04
8.484848484848485084e-01,1.818181818181818121e+00,1.570412879843521292e-01,-4.652240766820512352e-01,0.000000000000000000e+00,0.000000000000000000e+00,2.000000000000000000e+04
8.787878787878787845e-01,1.818181818181818121e+00,1.627676910236331154e-01,-4.632095176074607634e-01,0.000000000000000000e+00,0.000000000000000000e+00,2.000000000000000000e+04
9.090909090909090606e-01,1.818181818181818121e+00,1.668463006679121452e-01,-4.618318974398006316e-01,0.000000000000000000e+00,0.000000000000000000e+00,2.000000000000000000e+04
9.393939393939394478e-01,1.818181818181818121e+00,1.697578196106398485e-01,-4.620364099298483462e-01,0.000000000000000000e+00,0.000000000000000000e+00,2.000000000000000000e+04
9.696969696969697239e-01,1.818181818181818121e+00,1.718086582599900880e-01,-4.645053291516866856e-01,0.000000000000000000e+00,0.000000000000000000e+00,2.000000000000000000e+04
1.000000000000000000e+00,1.818181818181818121e+00,1.731140657867702992e-01,-4.699430215525798871e-01,0.000000000000000000e+00,0.000000000000000000e+00,2.000000000000000000e+04
0.000000000000000000e+00,1.848484848484848397e+00,0.000000000000000000e+00,0.000000000000000000e+00,1.000000000000000000e+00,0.000000000000000000e+00,2.000000000000000000e+04
3.030303030303030387e-02,1.848484848484848397e+00,5.933798181688623892e-03,-7.476625663983498156e-03,0.000000000000000000e+00,0.000000000000000000e+00,2.000000000000000000e+04
6.060606060606060774e-02,1.848484848484848397e+00,1.213049492221084970e-02,-1.672503373265774029e-02,0.000000000000000000e+00,0.000000000000000000e+00,2.000000000000000000e+04
9.090909090909091161e-02,1.848484848484848397e+00,1.854181795602782151e-02,-2.726221980359116309e-02,0.000000000000000000e+00,0.000000000000000000e+00,2.000000000000000000e+04
1.212121212121212155e-01,1.848484848484848397e+00,2.505746286432023948e-02,-3.875812394633024183e-02,0.000000000000000000e+00,0.000000000000000000e+00,2.000000000000000000e+04
1.515151515151515194e-01,1.848484848484848397e+00,3.156052007613699417e-02,-5.101511796918998393e-02,0.000000000000000000e+00,0.000000000000000000e+00,2.000000000000000000e+04
1.818181818181818232e-01,1.848484848484848397e+00,3.795030060308490771e-02,-6.392852819322134006e-02,0.000000000000000000e+00,0.000000000000000000e+00,2.000000000000000000e+04
2.121212121212121271e-01,1.848484848484848397e+00,4.414750593799540712e-02,-7.745523375274906974e-02,0.000000000000000000e+00,0.000000000000000000e+00,2.000000000000000000e+04
2.424242424242424310e-01,1.848484848484848397e+00,5.009185898811942955e-02,-9.159289348284339882e-02,0.000000000000000000e+00,0.000000000000000000e+00,2.000000000000000000e+04
2.727272727272727071e-01,1.848484848484848397e+00,5.573738855188939412e-02,-1.063675242798421405e-01,0.000000000000000000e+00,0.000000000000000000e+00,2.000000000000000000e+04
3.030303030303030387e-01,1.848484848484848397e+00,6.104769617223167882e-02,-1.218268848959264267e-01,0.000000000000000000e+00,0.000000000000000000e+00,2.000000000000000000e+04
3.333333333333333148e-01,1.848484848484848397e+00,6.599211979307455234e-02,-1.380377577698632674e-01,0.000000000000000000e+00,0.000000000000000000e+00,2.000000000000000000e+04
3.636363636363636465e-01,1.848484848484848397e+00,7.054312852219637997e-02,-1.550858729088682719e-01,0.000000000000000000e+00,0.000000000000000000e+00,2.000000000000000000e+04
3.939393939393939226e-01,1.848484848484848397e+00,7.467517775038742811e-02,-1.730776742025274817e-01,0.000000000000000000e+00,0.000000000000000000e+00,2.000000000000000000e+04
4.242424242424242542e-01,1.848484848484848397e+00,7.836546780883901775e-02,-1.921433317960686282e-01,0.000000000000000000e+00,0.000000000000000000e+00,2.000000000000000000e+04
4.545454545454545303e-01,1.848484848484848397e+00,8.159757752621329963e-02,-2.124402601325803275e-01,0.000000000000000000e+00,0.000000000000000000e+00,2.000000000000000000e+04
4.848484848484848619e-01,1.848484848484848397e+00,8.436991482252897967e-02,-2.341556446212379738e-01,0.000000000000000000e+00,0.000000000000000000e+00,2.000000000000000000e+04
5.151515151515151381e-01,1.848484848484848397e+00,8.671259653977145265e-02,-2.575044599431893788e-01,0.000000000000000000e+00,0.000000000000000000e+00,2.000000000000000000e+04
5.454545454545454142e-01,1.848484848484848397e+00,8.871902714985654970e-02,-2.827147471006314361e-01,0.000000000000000000e+00,0.000000000000000000e+00,2.000000000000000000e+04
5.757575757575758013e-01,1.848484848484848397e+00,9.060173755455233624e-02,-3.099818159381719784e-01,0.000000000000000000e+00,0.000000000000000000e+00,2.000000000000000000e+04
6.060606060606060774e-01,1.848484848484848397e+00,9.278163587496834896e-02,-3.393550418830845183e-01,0.000000000000000000e+00,0.000000000000000000e+00,2.000000000000000000e+04
6.363636363636363535e-01,1.848484848484848397e+00,9.599404140169692790e-02,-3.705085622579792903e-01,0.000000000000000000e+00,0.000000000000000000e+00,2.000000000000000000e+04
6.666666666666666297e-01,1.848484848484848397e+00,1.012807433841443755e-01,-4.024333752683476040e-01,0.000000000000000000e+00,0.000000000000000000e+00,2.000000000000000000e+04
6.969696969696970168e-01,1.848484848484848397e+00,1.096924081595238160e-01,-4.332187782031147738e-01,0.000000000000000000e+00,0.000000000000000000e+00,2.000000000000000000e+04
7.272727272727272929e-01,1.848484848484848397e+00,1.217106202052713054e-01,-4.600779552465643074e-01,0.000000000000000000e+00,0.000000000000000000e+00,2.000000000000000000e+04
7.575757575757575690e-01,1.848484848484848397e+00,1.366204814079019225e-01,-4.796824208869943651e-01,0.000000000000000000e+00,0.000000000000000000e+00,2.000000000000000000e+04
7.878787878787878451e-01,1.848484848484848397e+00,1.504923543750298631e-01,-4.857996750855412271e-01,0.000000000000000000e+00,0.000000000000000000e+00,2.000000000000000000e+04
8.181818181818182323e-01,1.848484848484848397e+00,1.610285756098997767e-01,-4.836727670115358868e-01,0.000000000000000000e+00,0.000000000000000000e+00,2.000000000000000000e+04
8.484848484848485084e-01,1.848484848484848397e+00,1.681955970251268473e-01,-4.783958966224695630e-01,0.000000000000000000e+00,0.000000000000000000e+00,2.000000000000000000e+04
8.787878787878787845e-01,1.848484848484848397e+00,1.728294854081464937e-01,-4.730096319551579387e-01,0.000000000000000000e+00,0.000000000000000000e+00,2.000000000000000000e+04
9.090909090909090606e-01,1.848484848484848397e+00,1.758245946193955911e-01,-4.690498690206388877e-01,0.000000000000000000e+00,0.000000000000000000e+00,2.000000000000000000e+04
9.393939393939394478e-01,1.848484848484848397e+00,1.778304252188818158e-01,-4.672242265685604967e-01,0.000000000000000000e+00,0.000000000000000000e+00,2.000000000000000000e+04
9.696969696969697239e-01,1.848484848484848397e+00,1.791677923554851892e-01,-4.679063685767254621e-01,0.000000000000000000e+00,0.000000000000000000e+00,2.000000000000000000e+04
1.000000000000000000e+00,1.848484848484848397e+00,1.798205764793105454e-01,-4.715112910981498762e-01,0.000000000000000000e+00,0.000000000000000000e+00,2.000000000000000000e+04
0.000000000000000000e+00,1.878787878787878896e+00,0.000000000000000000e+00,0.000000000000000000e+00,1.000000000000000000e+00,0.000000000000000000e+00,2.000000000000000000e+04
3.030303030303030387e-02,1.878787878787878896e+00,6.988853701816434560e-03,-7.988234066723037125e-03,0.000000000000000000e+00,0.000000000000000000e+00,2.000000000000000000e+04
6.060606060606060774e-02,1.878787878787878896e+00,1.438171147899342493e-02,-1.783563547774276101e-02,0.000000000000000000e+00,0.000000000000000000e+00,2.000000000000000000e+04
9.090909090909091161e-02,1.878787878787878896e+00,2.203727666194548948e-02,-2.887079017582399112e-02,0.000000000000000000e+00,0.000000000000000000e+00,2.000000000000000000e+04
1.212121212121212155e-01,1.878787878787878896e+00,2.977099442075385391e-02,-4.072039212581515799e-02,0.000000000000000000e+00,0.000000000000000000e+00,2.000000000000000000e+04
1.515151515151515194e-01,1.878787878787878896e+00,3.742674008103398509e-02,-5.319946794510521659e-02,0.000000000000000000e+00,0.000000000000000000e+00,2.000000000000000000e+04
1.818181818181818232e-01,1.878787878787878896e+00,4.489098038304065175e-02,-6.623127732483015395e-02,0.000000000000000000e+00,0.000000000000000000e+00,2.000000000000000000e+04
2.121212121212121271e-01,1.878787878787878896e+00,5.208674973683767584e-02,-7.980037090389578702e-02,0.000000000000000000e+00,0.000000000000000000e+00,2.000000000000000000e+04
2.424242424242424310e-01,1.878787878787878896e+00,5.896297157528422594e-02,-9.392704197511764219e-02,0.000000000000000000e+00,0.000000000000000000e+00,2.000000000000000000e+04
2.727272727272727071e-01,1.878787878787878896e+00,6.548456065109353741e-02,-1.086544436266888708e-01,0.000000000000000000e+00,0.000000000000000000e+00,2.000000000000000000e+04
3.030303030303030387e-01,1.878787878787878896e+00,7.162468863432104593e-02,-1.240430684942416262e-01,0.000000000000000000e+00,0.000000000000000000e+00,2.000000000000000000e+04
3.333333333333333148e-01,1.878787878787878896e+00,7.735914177715487450e-02,-1.401696051584108704e-01,0.000000000000000000e+00,0.000000000000000000e+00,2.000000000000000000e+04
3.636363636363636465e-01,1.878787878787878896e+00,8.266232723175613584e-02,-1.571286234853586927e-01,0.000000000000000000e+00,0.000000000000000000e+00,2.000000000000000000e+04
3.939393939393939226e-01,1.878787878787878896e+00,8.750455809250559658e-02,-1.750364136303056983e-01,0.000000000000000000e+00,0.000000000000000000e+00,2.000000000000000000e+04
4.242424242424242542e-01,1.878787878787878896e+00,9.185054302114886715e-02,-1.940368212591667973e-01,0.000000000000000000e+00,0.000000000000000000e+00,2.000000000000000000e+04
4.545454545454545303e-01,1.878787878787878896e+00,9.565952900363795808e-02,-2.143091697231115089e-01,0.000000000000000000e+00,0.000000000000000000e+00,2.000000000000000000e+04
4.848484848484848619e-01,1.878787878787878896e+00,9.888849356661240375e-02,-2.360782420143986426e-01,0.000000000000000000e+00,0.000000000000000000e+00,2.000000000000000000e+04
5.151515151515151381e-01,1.878787878787878896e+00,1.015016343189578257e-01,-2.596253389464990291e-01,0.000000000000000000e+00,0.000000000000000000e+00,2.000000000000000000e+04
5.454545454545454142e-01,1.878787878787878896e+00,1.034931592869403200e-01,-2.852962106812859666e-01,0.000000000000000000e+00,0.000000000000000000e+00,2.000000000000000000e+04
5.757575757575758013e-01,1.878787878787878896e+00,1.049379840395006924e-01,-3.134921939358765175e-01,0.000000000000000000e+00,0.000000000000000000e+00,2.000000000000000000e+04
6.060606060606060774e-01,1.878787878787878896e+00,1.060992940549430746e-01,-3.446045652745984289e-01,0.000000000000000000e+00,0.000000000000000000e+00,2.000000000000000000e+04
6.363636363636363535e-01,1.878787878787878896e+00,1.076404225207394649e-01,-3.787861305759850916e-01,0.000000000000000000e+00,0.000000000000000000e+00,2.000000000000000000e+04
6.666666666666666297e-01,1.878787878787878896e+00,1.109437865663356754e-01,-4.153595452562726664e-01,0.000000000000000000e+00,0.000000000000000000e+00,2.000000000000000000e+04
6.969696969696970168e-01,1.878787878787878896e+00,1.179887528383967571e-01,-4.521041911692604831e-01,0.000000000000000000e+00,0.000000000000000000e+00,2.000000000000000000e+04
7.272727272727272929e-01,1.878787878787878896e+00,1.303273004017204972e-01,-4.850049996530346186e-01,0.000000000000000000e+00,0.000000000000000000e+00,2.000000000000000000e+04
7.575757575757575690e-01,1.878787878787878896e+00,1.476566784808752697e-01,-5.087039260743239089e-01,0.000000000000000000e+00,0.000000000000000000e+00,2.000000000000000000e+04
7.878787878787878451e-01,1.878787878787878896e+00,1.627696012699278438e-01,-5.099859186110291542e-01,0.000000000000000000e+00,0.000000000000000000e+00,2.000000000000000000e+04
8.181818181818182323e-01,1.878787878787878896e+00,1.726577248042588941e-01,-5.013567778748946324e-01,0.000000000000000000e+00,0.000000000000000000e+00,2.000000000000000000e+04
8.484848484848485084e-01,1.878787878787878896e+00,1.782247763013439790e-01,-4.907051332614204009e-01,0.000000000000000000e+00,0.000000000000000000e+00,2.000000000000000000e+04
8.787878787878787845e-01,1.878787878787878896e+00,1.811070930187385075e-01,-4.814767108169758503e-01,0.000000000000000000e+00,0.000000000000000000e+00,2.000000000000000000e+04
9.090909090909090606e-01,1.878787878787878896e+00,1.826034189120204765e-01,-4.748727223750824900e-01,0.000000000000000000e+00,0.000000000000000000e+00,2.000000000000000000e+04
9.393939393939394478e-01,1.878787878787878896e+00,1.834937152965837592e-01,-4.710996668498404483e-01,0.000000000000000000e+00,0.000000000000000000e+00,2.000000000000000000e+04
9.696969696969697239e-01,1.878787878787878896e+00,1.840683445438124899e-01,-4.700128136796271061e-01,0.000000000000000000e+00,0.000000000000000000e+00,2.000000000000000000e+04
1.000000000000000000e+00,1.878787878787878896e+00,1.841479604890087496e-01,-4.715208154532120610e-01,0.000000000000000000e+00,0.000000000000000000e+00,2.000000000000000000e+04
0.000000000000000000e+00,1.909090909090909172e+00,0.000000000000000000e+00,0.000000000000000000e+00,1.000000000000000000e+00,0.000000000000000000e+00,2.000000000000000000e+04
3.030303030303030387e-02,1.909090909090909172e+00,8.315210325936810490e-03,-8.875749781299258415e-03,0.000000000000000000e+00,0.000000000000000000e+00,2.000000000000000000e+04
6.060606060606060774e-02,1.909090909090909172e+00,1.719288693156607178e-02,-1.955979508378307558e-02,0.000000000000000000e+00,0.000000000000000000e+00,2.000000000000000000e+04
9.090909090909091161e-02,1.909090909090909172e+00,2.632045571818741533e-02,-3.117950429232112936e-02,0.000000000000000000e+00,0.000000000000000000e+00,2.000000000000000000e+04
1.212121212121212155e-01,1.909090909090909172e+00,3.542189161332874592e-02,-4.338014110782158206e-02,0.000000000000000000e+00,0.000000000000000000e+00,2.000000000000000000e+04
1.515151515151515194e-01,1.909090909090909172e+00,4.431608976559232860e-02,-5.603708975289359295e-02,0.000000000000000000e+00,0.000000000000000000e+00,2.000000000000000000e+04
1.818181818181818232e-01,1.909090909090909172e+00,5.289898959672842405e-02,-6.912910607675169794e-02,0.000000000000000000e+00,0.000000000000000000e+00,2.000000000000000000e+04
2.121212121212121271e-01,1.909090909090909172e+00,6.111634947181485839e-02,-8.268194539212253558e-02,0.000000000000000000e+00,0.000000000000000000e+00,2.000000000000000000e+04
2.424242424242424310e-01,1.909090909090909172e+00,6.894209382892409199e-02,-9.674378014973314399e-02,0.000000000000000000e+00,0.000000000000000000e+00,2.000000000000000000e+04
2.727272727272727071e-01,1.909090909090909172e+00,7.636364969124588564e-02,-1.113756064579725508e-01,0.000000000000000000e+00,0.000000000000000000e+00,2.000000000000000000e+04
3.030303030303030387e-01,1.909090909090909172e+00,8.337257849164295131e-02,-1.266489029644825293e-01,0.000000000000000000e+00,0.000000000000000000e+00,2.000000000000000000e+04
3.333333333333333148e-01,1.909090909090909172e+00,8.995856315027671302e-02,-1.426470037402670366e-01,0.000000000000000000e+00,0.000000000000000000e+00,2.000000000000000000e+04
3.636363636363636465e-01,1.909090909090909172e+00,9.610524775437383205e-02,-1.594687282611645385e-01,0.000000000000000000e+00,0.000000000000000000e+00,2.000000000000000000e+04
3.939393939393939226e-01,1.909090909090909172e+00,1.017869111021263290e-01,-1.772339198058300036e-01,0.000000000000000000e+00,0.000000000000000000e+00,2.000000000000000000e+04
4.242424242424242542e-01,1.909090909090909172e+00,1.069653552790317125e-01,-1.960912281075081476e-01,0.000000000000000000e+00,0.000000000000000000e+00,2.000000000000000000e+04
4.545454545454545303e-01,1.909090909090909172e+00,1.115867677380770334e-01,-2.162290191233593450e-01,0.000000000000000000e+00,0.000000000000000000e+00,2.000000000000000000e+04
4.848484848484848619e-01,1.909090909090909172e+00,1.155788665650172853e-01,-2.378908411181842875e-01,0.000000000000000000e+00,0.000000000000000000e+00,2.000000000000000000e+04
5.151515151515151381e-01,1.909090909090909172e+00,1.188498045531043573e-01,-2.613973789813509585e-01,0.000000000000000000e+00,0.000000000000000000e+00,2.000000000000000000e+04
5.454545454545454142e-01,1.909090909090909172e+00,1.212931412164520023e-01,-2.871767508737406716e-01,0.000000000000000000e+00,0.000000000000000000e+00,2.000000000000000000e+04
5.757575757575758013e-01,1.909090909090909172e+00,1.228103753399990422e-01,-3.158020687817471583e-01,0.000000000000000000e+00,0.000000000000000000e+00,2.000000000000000000e+04
6.060606060606060774e-01,1.909090909090909172e+00,1.233812726497480333e-01,-3.480206002919284947e-01,0.000000000000000000e+00,0.000000000000000000e+00,2.000000000000000000e+04
6.363636363636363535e-01,1.909090909090909172e+00,1.232625771429349537e-01,-3.846979681923608507e-01,0.000000000000000000e+00,0.000000000000000000e+00,2.000000000000000000e+04
6.666666666666666297e-01,1.909090909090909172e+00,1.235266517880196646e-01,-4.263582163721180707e-01,0.000000000000000000e+00,0.000000000000000000e+00,2.000000000000000000e+04
6.969696969696970168e-01,1.909090909090909172e+00,1.272949441412700722e-01,-4.712666044808827559e-01,0.000000000000000000e+00,0.000000000000000000e+00,2.000000000000000000e+04
7.272727272727272929e-01,1.909090909090909172e+00,1.387007212318771276e-01,-5.138380749011718374e-01,0.000000000000000000e+00,0.000000000000000000e+00,2.000000000000000000e+04
7.575757575757575690e-01,1.909090909090909172e+00,1.592851445001362276e-01,-5.452750878334290396e-01,0.000000000000000000e+00,0.000000000000000000e+00,2.000000000000000000e+04
7.878787878787878451e-01,1.909090909090909172e+00,1.751840417059699062e-01,-5.367303599340190745e-01,0.000000000000000000e+00,0.000000000000000000e+00,2.000000000000000000e+04
8.181818181818182323e-01,1.909090909090909172e+00,1.830651626331115389e-01,-5.184167977794211790e-01,0.000000000000000000e+00,0.000000000000000000e+00,2.000000000000000000e+04
8.484848484848485084e-01,1.909090909090909172e+00,1.859151340441338451e-01,-5.011910150313828582e-01,0.000000000000000000e+00,0.000000000000000000e+00,2.000000000000000000e+04
8.787878787878787845e-01,1.909090909090909172e+00,1.864306047817269052e-01,-4.879490522014702236e-01,0.000000000000000000e+00,0.000000000000000000e+00,2.000000000000000000e+04
9.090909090909090606e-01,1.909090909090909172e+00,1.861927846061703085e-01,-4.789431705511117965e-01,0.000000000000000000e+00,0.000000000000000000e+00,2.000000000000000000e+04
9.393939393939394478e-01,1.909090909090909172e+00,1.859398761424609081e-01,-4.735658910300515334e-01,0.000000000000000000e+00,0.000000000000000000e+00,2.000000000000000000e+04
9.696969696969697239e-01,1.909090909090909172e+00,1.858331964056424424e-01,-4.709688795630053160e-01,0.000000000000000000e+00,0.000000000000000000e+00,2.000000000000000000e+04
1.000000000000000000e+00,1.909090909090909172e+00,1.855303723805874216e-01,-4.703512790080797701e-01,0.000000000000000000e+00,0.000000000000000000e+00,2.000000000000000000e+04
0.000000000000000000e+00,1.939393939393939448e+00,0.000000000000000000e+00,0.000000000000000000e+00,1.000000000000000000e+00,0.000000000000000000e+00,2.000000000000000000e+04
3.030303030303030387e-02,1.939393939393939448e+00,1.012675072271256894e-02,-1.040246025828515421e-02,0.000000000000000000e+00,0.000000000000000000e+00,2.000000000000000000e+04
6.060606060606060774e-02,1.939393939393939448e+00,2.091445245591620067e-02,-2.216204244745590551e-02,0.000000000000000000e+00,0.000000000000000000e+00,2.000000000000000000e+04
9.090909090909091161e-02,1.939393939393939448e+00,3.176437926029972852e-02,-3.437311792872965732e-02,0.000000000000000000e+00,0.000000000000000000e+00,2.000000000000000000e+04
1.212121212121212155e-01,1.939393939393939448e+00,4.233627229309357143e-02,-4.684462372632552940e-02,0.000000000000000000e+00,0.000000000000000000e+00,2.000000000000000000e+04
1.515151515151515194e-01,1.939393939393939448e+00,5.248105595487454617e-02,-5.958105861558252170e-02,0.000000000000000000e+00,0.000000000000000000e+00,2.000000000000000000e+04
1.818181818181818232e-01,1.939393939393939448e+00,6.215132919077754475e-02,-7.264406001828074833e-02,0.000000000000000000e+00,0.000000000000000000e+00,2.000000000000000000e+04
2.121212121212121271e-01,1.939393939393939448e+00,7.134663846084596250e-02,-8.610864481686840433e-02,0.000000000000000000e+00,0.000000000000000000e+00,2.000000000000000000e+04
2.424242424242424310e-01,1.939393939393939448e+00,8.008433847271102801e-02,-1.000507617910806751e-01,0.000000000000000000e+00,0.000000000000000000e+00,2.000000000000000000e+04
2.727272727272727071e-01,1.939393939393939448e+00,8.838504676372307967e-02,-1.145461945396443609e-01,0.000000000000000000e+00,0.000000000000000000e+00,2.000000000000000000e+04
3.030303030303030387e-01,1.939393939393939448e+00,9.626557563731073797e-02,-1.296735570419564332e-01,0.000000000000000000e+00,0.000000000000000000e+00,2.000000000000000000e+04
3.333333333333333148e-01,1.939393939393939448e+00,1.037352977944473315e-01,-1.455188284125232545e-01,0.000000000000000000e+00,0.000000000000000000e+00,2.000000000000000000e+04
3.636363636363636465e-01,1.939393939393939448e+00,1.107937429319551109e-01,-1.621807992859415903e-01,0.000000000000000000e+00,0.000000000000000000e+00,2.000000000000000000e+04
3.939393939393939226e-01,1.939393939393939448e+00,1.174281862463456283e-01,-1.797776848428633001e-01,0.000000000000000000e+00,0.000000000000000000e+00,2.000000000000000000e+04
4.242424242424242542e-01,1.939393939393939448e+00,1.236104161540831220e-01,-1.984557157741297373e-01,0.000000000000000000e+00,0.000000000000000000e+00,2.000000000000000000e+04
4.545454545454545303e-01,1.939393939393939448e+00,1.292919818273894350e-01,-2.184011162008903106e-01,0.000000000000000000e+00,0.000000000000000000e+00,2.000000000000000000e+04
4.848484848484848619e-01,1.939393939393939448e+00,1.343971724573449766e-01,-2.398577977578129072e-01,0.000000000000000000e+00,0.000000000000000000e+00,2.000000000000000000e+04
5.151515151515151381e-01,1.939393939393939448e+00,1.388129499765002051e-01,-2.631546818837911528e-01,0.000000000000000000e+00,0.000000000000000000e+00,2.000000000000000000e+04
5.454545454545454142e-01,1.939393939393939448e+00,1.423754926567316337e-01,-2.887493092872437384e-01,0.000000000000000000e+00,0.000000000000000000e+00,2.000000000000000000e+04
5.757575757575758013e-01,1.939393939393939448e+00,1.448553229163422051e-01,-3.172989355348199703e-01,0.000000000000000000e+00,0.000000000000000000e+00,2.000000000000000000e+04
6.060606060606060774e-01,1.939393939393939448e+00,1.459519590770100850e-01,-3.497764343336266513e-01,0.000000000000000000e+00,0.000000000000000000e+00,2.000000000000000000e+04
6.363636363636363535e-01,1.939393939393939448e+00,1.453421826563226771e-01,-3.876477484421915753e-01,0.000000000000000000e+00,0.000000000000000000e+00,2.000000000000000000e+04
6.666666666666666297e-01,1.939393939393939448e+00,1.429586248711508800e-01,-4.330499111611709750e-01,0.000000000000000000e+00,0.000000000000000000e+00,2.000000000000000000e+04
6.969696969696970168e-01,1.939393939393939448e+00,1.403051848530993961e-01,-4.881625616424880576e-01,0.000000000000000000e+00,0.000000000000000000e+00,2.000000000000000000e+04
7.272727272727272929e-01,1.939393939393939448e+00,1.467720244916890238e-01,-5.469184866587636362e-01,0.000000000000000000e+00,0.000000000000000000e+00,2.000000000000000000e+04
7.575757575757575690e-01,1.939393939393939448e+00,1.712741944687125872e-01,-5.941433528956554522e-01,0.000000000000000000e+00,0.000000000000000000e+00,2.000000000000000000e+04
7.878787878787878451e-01,1.939393939393939448e+00,1.863645430688485316e-01,-5.650295326699391607e-01,0.000000000000000000e+00,0.000000000000000000e+00,2.000000000000000000e+04
8.181818181818182323e-01,1.939393939393939448e+00,1.899978701312634577e-01,-5.331057661125883085e-01,0.000000000000000000e+00,0.000000000000000000e+00,2.000000000000000000e+04
8.484848484848485084e-01,1.939393939393939448e+00,1.890861232749163345e-01,-5.086974018733185776e-01,0.000000000000000000e+00,0.000000000000000000e+00,2.000000000000000000e+04
8.787878787878787845e-01,1.939393939393939448e+00,1.871631442345991214e-01,-4.918774804827625302e-01,0.000000000000000000e+00,0.000000000000000000e+00,2.000000000000000000e+04
9.090909090909090606e-01,1.939393939393939448e+00,1.855580782935220829e-01,-4.811031468129601807e-01,0.000000000000000000e+00,0.000000000000000000e+00,2.000000000000000000e+04
9.393939393939394478e-01,1.939393939393939448e+00,1.845928762423837133e-01,-4.747062556880989881e-01,0.000000000000000000e+00,0.000000000000000000e+00,2.000000000000000000e+04
9.696969696969697239e-01,1.939393939393939448e+00,1.841412091349907965e-01,-4.710883800554019341e-01,0.000000000000000000e+00,0.000000000000000000e+00,2.000000000000000000e+04
1.000000000000000000e+00,1.939393939393939448e+00,1.837608397289303419e-01,-4.686662624842616864e-01,0.000000000000000000e+00,0.000000000000000000e+00,2.000000000000000000e+04
0.000000000000000000e+00,1.969696969696969724e+00,0.000000000000000000e+00,0.000000000000000000e+00,1.000000000000000000e+00,0.000000000000000000e+00,2.000000000000000000e+04
3.030303030303030387e-02,1.969696969696969724e+00,1.296407531560534766e-02,-1.308787354638087097e-02,0.000000000000000000e+00,0.000000000000000000e+00,2.000000000000000000e+04
6.060606060606060774e-02,1.969696969696969724e+00,2.627030206784923203e-02,-2.599203544483431882e-02,0.000000000000000000e+00,0.000000000000000000e+00,2.000000000000000000e+04
9.090909090909091161e-02,1.969696969696969724e+00,3.900908615271642815e-02,-3.860923150879112115e-02,0.000000000000000000e+00,0.000000000000000000e+00,2.000000000000000000e+04
1.212121212121212155e-01,1.969696969696969724e+00,5.098596526303393606e-02,-5.115150315344361986e-02,0.000000000000000000e+00,0.000000000000000000e+00,2.000000000000000000e+04
1.515151515151515194e-01,1.969696969696969724e+00,6.223094612461087943e-02,-6.380941265390946415e-02,0.000000000000000000e+00,0.000000000000000000e+00,2.000000000000000000e+04
1.818181818181818232e-01,1.969696969696969724e+00,7.282816555353591181e-02,-7.673223780432762708e-02,0.000000000000000000e+00,0.000000000000000000e+00,2.000000000000000000e+04
2.121212121212121271e-01,1.969696969696969724e+00,8.286239490019882414e-02,-9.003553583470572108e-02,0.000000000000000000e+00,0.000000000000000000e+00,2.000000000000000000e+04
2.424242424242424310e-01,1.969696969696969724e+00,9.240470771823777740e-02,-1.038129753629892515e-01,0.000000000000000000e+00,0.000000000000000000e+00,2.000000000000000000e+04
2.727272727272727071e-01,1.969696969696969724e+00,1.015107623795460517e-01,-1.181470487579547313e-01,0.000000000000000000e+00,0.000000000000000000e+00,2.000000000000000000e+04
3.030303030303030387e-01,1.969696969696969724e+00,1.102224278100300686e-01,-1.331177572858306402e-01,0.000000000000000000e+00,0.000000000000000000e+00,2.000000000000000000e+04
3.333333333333333148e-01,1.969696969696969724e+00,1.185696062545009699e-01,-1.488097878761734105e-01,0.000000000000000000e+00,0.000000000000000000e+00,2.000000000000000000e+04
3.636363636363636465e-01,1.969696969696969724e+00,1.265712509116904139e-01,-1.653190715525553467e-01,0.000000000000000000e+00,0.000000000000000000e+00,2.000000000000000000e+04
3.939393939393939226e-01,1.969696969696969724e+00,1.342352289166158230e-01,-1.827597158939513744e-01,0.000000000000000000e+00,0.000000000000000000e+00,2.000000000000000000e+04
4.242424242424242542e-01,1.969696969696969724e+00,1.415567399965445838e-01,-2.012724692951734784e-01,0.000000000000000000e+00,0.000000000000000000e+00,2.000000000000000000e+04
4.545454545454545303e-01,1.969696969696969724e+00,1.485147599277960029e-01,-2.210362976098665111e-01,0.000000000000000000e+00,0.000000000000000000e+00,2.000000000000000000e+04
4.848484848484848619e-01,1.969696969696969724e+00,1.550654583756670979e-01,-2.422855708433729327e-01,0.000000000000000000e+00,0.000000000000000000e+00,2.000000000000000000e+04
5.151515151515151381e-01,1.969696969696969724e+00,1.611305921956594223e-01,-2.653372227178085740e-01,0.000000000000000000e+00,0.000000000000000000e+00,2.000000000000000000e+04
5.454545454545454142e-01,1.969696969696969724e+00,1.665771561752189822e-01,-2.906360437460737134e-01,0.000000000000000000e+00,0.000000000000000000e+00,2.000000000000000000e+04
5.757575757575758013e-01,1.969696969696969724e+00,1.711814724201603521e-01,-3.188342693674147132e-01,0.000000000000000000e+00,0.000000000000000000e+00,2.000000000000000000e+04
6.060606060606060774e-01,1.969696969696969724e+00,1.745655183084112716e-01,-3.509394778915925217e-01,0.000000000000000000e+00,0.000000000000000000e+00,2.000000000000000000e+04
6.363636363636363535e-01,1.969696969696969724e+00,1.760852419301610072e-01,-3.886081677270484258e-01,0.000000000000000000e+00,0.000000000000000000e+00,2.000000000000000000e+04
6.666666666666666297e-01,1.969696969696969724e+00,1.746472332452685960e-01,-4.347805594256993200e-01,0.000000000000000000e+00,0.000000000000000000e+00,2.000000000000000000e+04
6.969696969696970168e-01,1.969696969696969724e+00,1.685188855986753664e-01,-4.952009333485207776e-01,0.000000000000000000e+00,0.000000000000000000e+00,2.000000000000000000e+04
7.272727272727272929e-01,1.969696969696969724e+00,1.567208379609315860e-01,-5.814521470578359885e-01,0.000000000000000000e+00,0.000000000000000000e+00,2.000000000000000000e+04
7.575757575757575690e-01,1.969696969696969724e+00,1.810061945626107449e-01,-6.644934918139011604e-01,0.000000000000000000e+00,0.000000000000000000e+00,2.000000000000000000e+04
7.878787878787878451e-01,1.969696969696969724e+00,1.912570940807500064e-01,-5.914330785285218939e-01,0.000000000000000000e+00,0.000000000000000000e+00,2.000000000000000000e+04
8.181818181818182323e-01,1.969696969696969724e+00,1.881432574270102964e-01,-5.429683837110769185e-01,0.000000000000000000e+00,0.000000000000000000e+00,2.000000000000000000e+04
8.484848484848485084e-01,1.969696969696969724e+00,1.839778442327559549e-01,-5.124141607401023757e-01,0.000000000000000000e+00,0.000000000000000000e+00,2.000000000000000000e+04
8.787878787878787845e-01,1.969696969696969724e+00,1.812763794083539770e-01,-4.933219561073070025e-01,0.000000000000000000e+00,0.000000000000000000e+00,2.000000000000000000e+04
9.090909090909090606e-01,1.969696969696969724e+00,1.799911659828966060e-01,-4.817202942527267773e-01,0.000000000000000000e+00,0.000000000000000000e+00,2.000000000000000000e+04
9.393939393939394478e-01,1.969696969696969724e+00,1.795752430314030423e-01,-4.749377092407560674e-01,0.000000000000000000e+00,0.000000000000000000e+00,2.000000000000000000e+04
9.696969696969697239e-01,1.969696969696969724e+00,1.795141308100767219e-01,-4.708408364056245743e-01,0.000000000000000000e+00,0.000000000000000000e+00,2.000000000000000000e+04
1.000000000000000000e+00,1.969696969696969724e+00,1.794076316257487147e-01,-4.672911437204563811e-01,0.000000000000000000e+00,0.000000000000000000e+00,2.000000000000000000e+04
0.000000000000000000e+00,2.000000000000000000e+00,0.000000000000000000e+00,0.000000000000000000e+00,1.000000000000000000e+00,0.000000000000000000e+00,2.000000000000000000e+04
3.030303030303030387e-02,2.000000000000000000e+00,1.860086959873778756e-02,-1.791470433073448845e-02,0.000000000000000000e+00,0.000000000000000000e+00,2.000000000000000000e+04
6.060606060606060774e-02,2.000000000000000000e+00,3.491877142926905209e-02,-3.133105271587179746e-02,0.000000000000000000e+00,0.000000000000000000e+00,2.000000000000000000e+04
9.090909090909091161e-02,2.000000000000000000e+00,4.913472579374408844e-02,-4.384892540148056100e-02,0.000000000000000000e+00,0.000000000000000000e+00,2.000000000000000000e+04
1.212121212121212155e-01,2.000000000000000000e+00,6.197283296349276327e-02,-5.615648873359950499e-02,0.000000000000000000e+00,0.000000000000000000e+00,2.000000000000000000e+04
1.515151515151515194e-01,2.000000000000000000e+00,7.386003526070265834e-02,-6.856405707494993285e-02,0.000000000000000000e+00,0.000000000000000000e+00,2.000000000000000000e+04
1.818181818181818232e-01,2.000000000000000000e+00,8.504260308139155455e-02,-8.125503477581806633e-02,0.000000000000000000e+00,0.000000000000000000e+00,2.000000000000000000e+04
2.121212121212121271e-01,2.000000000000000000e+00,9.567119825824220436e-02,-9.435221776021981976e-02,0.000000000000000000e+00,0.000000000000000000e+00,2.000000000000000000e+04
2.424242424242424310e-01,2.000000000000000000e+00,1.058453187395060474e-01,-1.079480153115179586e-01,0.000000000000000000e+00,0.000000000000000000e+00,2.000000000000000000e+04
2.727272727272727071e-01,2.000000000000000000e+00,1.156359815425224147e-01,-1.221214367341592055e-01,0.000000000000000000e+00,0.000000000000000000e+00,2.000000000000000000e+04
3.030303030303030387e-01,2.000000000000000000e+00,1.250975032311422708e-01,-1.369488176070479402e-01,0.000000000000000000e+00,0.000000000000000000e+00,2.000000000000000000e+04
3.333333333333333148e-01,2.000000000000000000e+00,1.342738109852511519e-01,-1.525115172097043226e-01,0.000000000000000000e+00,0.000000000000000000e+00,2.000000000000000000e+04
3.636363636363636465e-01,2.000000000000000000e+00,1.432019574596037348e-01,-1.689024640784791975e-01,0.000000000000000000e+00,0.000000000000000000e+00,2.000000000000000000e+04
3.939393939393939226e-01,2.000000000000000000e+00,1.519141612029273058e-01,-1.862328878451146585e-01,0.000000000000000000e+00,0.000000000000000000e+00,2.000000000000000000e+04
4.242424242424242542e-01,2.000000000000000000e+00,1.604390193603926207e-01,-2.046404867647046155e-01,0.000000000000000000e+00,0.000000000000000000e+00,2.000000000000000000e+04
4.545454545454545303e-01,2.000000000000000000e+00,1.688021571059940273e-01,-2.243005818102540849e-01,0.000000000000000000e+00,0.000000000000000000e+00,2.000000000000000000e+04
4.848484848484848619e-01,2.000000000000000000e+00,1.770262450469229087e-01,-2.454426222645959277e-01,0.000000000000000000e+00,0.000000000000000000e+00,2.000000000000000000e+04
5.151515151515151381e-01,2.000000000000000000e+00,1.851297533016002805e-01,-2.683761021067341823e-01,0.000000000000000000e+00,0.000000000000000000e+00,2.000000000000000000e+04
5.454545454545454142e-01,2.000000000000000000e+00,1.931224442571287947e-01,-2.935333749427552208e-01,0.000000000000000000e+00,0.000000000000000000e+00,2.000000000000000000e+04
5.757575757575758013e-01,2.000000000000000000e+00,2.009919337431866349e-01,-3.215440129330907060e-01,0.000000000000000000e+00,0.000000000000000000e+00,2.000000000000000000e+04
6.060606060606060774e-01,2.000000000000000000e+00,2.086654272210036465e-01,-3.533713145401372602e-01,0.000000000000000000e+00,0.000000000000000000e+00,2.000000000000000000e+04
6.363636363636363535e-01,2.000000000000000000e+00,2.159011468178138604e-01,-3.905812720489715284e-01,0.000000000000000000e+00,0.000000000000000000e+00,2.000000000000000000e+04
6.666666666666666297e-01,2.000000000000000000e+00,2.219721176848250543e-01,-4.359329140531850721e-01,0.000000000000000000e+00,0.000000000000000000e+00,2.000000000000000000e+04
6.969696969696970168e-01,2.000000000000000000e+00,2.246773845335699460e-01,-4.949591307559241815e-01,0.000000000000000000e+00,0.000000000000000000e+00,2.000000000000000000e+04
7.272727272727272929e-01,2.000000000000000000e+00,2.166344283174005958e-01,-5.823832995999683737e-01,0.000000000000000000e+00,0.000000000000000000e+00,2.000000000000000000e+04
7.575757575757575690e-01,2.000000000000000000e+00,1.625297550333814622e-01,-7.789347090431587572e-01,0.000000000000000000e+00,1.000000000000000000e+00,2.000000000000000000e+04
7.878787878787878451e-01,2.000000000000000000e+00,1.715710807645424718e-01,-6.081945857061927807e-01,0.000000000000000000e+00,0.000000000000000000e+00,2.000000000000000000e+04
8.181818181818182323e-01,2.000000000000000000e+00,1.659755596605934080e-01,-5.465923712046623084e-01,0.000000000000000000e+00,0.000000000000000000e+00,2.000000000000000000e+04
8.484848484848485084e-01,2.000000000000000000e+00,1.654175233659400113e-01,-5.133841941306102052e-01,0.000000000000000000e+00,0.000000000000000000e+00,2.000000000000000000e+04
8.787878787878787845e-01,2.000000000000000000e+00,1.674485082164167971e-01,-4.937752702053815335e-01,0.000000000000000000e+00,0.000000000000000000e+00,2.000000000000000000e+04
9.090909090909090606e-01,2.000000000000000000e+00,1.701589625234994352e-01,-4.820585104175315605e-01,0.000000000000000000e+00,0.000000000000000000e+00,2.000000000000000000e+04
9.393939393939394478e-01,2.000000000000000000e+00,1.724974409605800618e-01,-4.751250339984203763e-01,0.000000000000000000e+00,0.000000000000000000e+00,2.000000000000000000e+04
9.696969696969697239e-01,2.000000000000000000e+00,1.739120587551009345e-01,-4.707591900069931223e-01,0.000000000000000000e+00,0.000000000000000000e+00,2.000000000000000000e+04
1.000000000000000000e+00,2.000000000000000000e+00,1.743172611078859235e-01,-4.667814160438049642e-01,0.000000000000000000e+00,0.000000000000000000e+00,2.000000000000000000e+04
