X,Y,UX,UY,BOUNDARY,FORCE,MODULUS
0.000000000000000000e+00,0.000000000000000000e+00,0.000000000000000000e+00,0.000000000000000000e+00,1.000000000000000000e+00,0.000000000000000000e+00,5.000000000000000000e+03
5.000000000000000278e-02,0.000000000000000000e+00,-1.348444074421500660e-01,-1.116134675739654525e-01,0.000000000000000000e+00,0.000000000000000000e+00,5.000000000000000000e+03
1.000000000000000056e-01,0.000000000000000000e+00,-2.433362280559098478e-01,-1.842928791832488256e-01,0.000000000000000000e+00,0.000000000000000000e+00,5.000000000000000000e+03
1.499999999999999944e-01,0.000000000000000000e+00,-3.431467449816451576e-01,-2.525418311112994085e-01,0.000000000000000000e+00,0.000000000000000000e+00,5.000000000000000000e+03
2.000000000000000111e-01,0.000000000000000000e+00,-4.387123535908268313e-01,-3.233399467239511660e-01,0.000000000000000000e+00,0.000000000000000000e+00,5.000000000000000000e+03
2.500000000000000000e-01,0.000000000000000000e+00,-5.315100607618074013e-01,-3.995171546735248325e-01,0.000000000000000000e+00,0.000000000000000000e+00,5.000000000000000000e+03
2.999999999999999889e-01,0.000000000000000000e+00,-6.220251533789193932e-01,-4.824924215311807152e-01,0.000000000000000000e+00,0.000000000000000000e+00,5.000000000000000000e+03
3.499999999999999778e-01,0.000000000000000000e+00,-7.103696632577509718e-01,-5.730007157054674005e-01,0.000000000000000000e+00,0.000000000000000000e+00,5.000000000000000000e+03
4.000000000000000222e-01,0.000000000000000000e+00,-7.965148232151103569e-01,-6.713940570205015890e-01,0.000000000000000000e+00,0.000000000000000000e+00,5.000000000000000000e+03
4.500000000000000111e-01,0.000000000000000000e+00,-8.803848316639967253e-01,-7.777950162577131898e-01,0.000000000000000000e+00,0.000000000000000000e+00,5.000000000000000000e+03
5.000000000000000000e-01,0.000000000000000000e+00,-9.618952802003319924e-01,-8.921835473706506425e-01,0.000000000000000000e+00,0.000000000000000000e+00,5.000000000000000000e+03
5.500000000000000444e-01,0.000000000000000000e+00,-1.040968207913909760e+00,-1.014449051002285218e+00,0.000000000000000000e+00,0.000000000000000000e+00,5.000000000000000000e+03
5.999999999999999778e-01,0.000000000000000000e+00,-1.117537001792259010e+00,-1.144422719454667892e+00,0.000000000000000000e+00,0.000000000000000000e+00,5.000000000000000000e+03
6.500000000000000222e-01,0.000000000000000000e+00,-1.191546897903101643e+00,-1.281898074224160133e+00,0.000000000000000000e+00,0.000000000000000000e+00,5.000000000000000000e+03
6.999999999999999556e-01,0.000000000000000000e+00,-1.262953678263167623e+00,-1.426644158177883481e+00,0.000000000000000000e+00,0.000000000000000000e+00,5.000000000000000000e+03
7.500000000000000000e-01,0.000000000000000000e+00,-1.331721754937936320e+00,-1.578414027579539081e+00,0.000000000000000000e+00,0.000000000000000000e+00,5.000000000000000000e+03
8.000000000000000444e-01,0.000000000000000000e+00,-1.397822185174963261e+00,-1.736950170436165619e+00,0.000000000000000000e+00,0.000000000000000000e+00,5.000000000000000000e+03
8.499999999999999778e-01,0.000000000000000000e+00,-1.461230854634163245e+00,-1.901987877958269513e+00,0.000000000000000000e+00,0.000000000000000000e+00,5.000000000000000000e+03
9.000000000000000222e-01,0.000000000000000000e+00,-1.521926920130987515e+00,-2.073257229032146043e+00,0.000000000000000000e+00,0.000000000000000000e+00,5.000000000000000000e+03
9.499999999999999556e-01,0.000000000000000000e+00,-1.579891537107986910e+00,-2.250484116584524408e+00,0.000000000000000000e+00,0.000000000000000000e+00,5.000000000000000000e+03
1.000000000000000000e+00,0.000000000000000000e+00,-1.635106871510313420e+00,-2.433390596812005757e+00,0.000000000000000000e+00,0.000000000000000000e+00,5.000000000000000000e+03
1.050000000000000044e+00,0.000000000000000000e+00,-1.687555391523607895e+00,-2.621694747624540245e+00,0.000000000000000000e+00,0.000000000000000000e+00,5.000000000000000000e+03
1.100000000000000089e+00,0.000000000000000000e+00,-1.737219441535468256e+00,-2.815110163938458143e+00,0.000000000000000000e+00,0.000000000000000000e+00,5.000000000000000000e+03
1.149999999999999911e+00,0.000000000000000000e+00,-1.784081112853290296e+00,-3.013345184280633582e+00,0.000000000000000000e+00,0.000000000000000000e+00,5.000000000000000000e+03
1.199999999999999956e+00,0.000000000000000000e+00,-1.828122439294897150e+00,-3.216101929162803241e+00,0.000000000000000000e+00,0.000000000000000000e+00,5.000000000000000000e+03
1.250000000000000000e+00,0.000000000000000000e+00,-1.869325957671813532e+00,-3.423075232679146040e+00,0.000000000000000000e+00,0.000000000000000000e+00,5.000000000000000000e+03
1.300000000000000044e+00,0.000000000000000000e+00,-1.907675680449451239e+00,-3.633951561578170786e+00,0.000000000000000000e+00,0.000000000000000000e+00,5.000000000000000000e+03
1.350000000000000089e+00,0.000000000000000000e+00,-1.943158527434009075e+00,-3.848408037562099260e+00,0.000000000000000000e+00,0.000000000000000000e+00,5.000000000000000000e+03
1.399999999999999911e+00,0.000000000000000000e+00,-1.975766252140506829e+00,-4.066111705115191377e+00,0.000000000000000000e+00,0.000000000000000000e+00,5.000000000000000000e+03
1.449999999999999956e+00,0.000000000000000000e+00,-2.005497873871208814e+00,-4.286719214139579570e+00,0.000000000000000000e+00,0.000000000000000000e+00,5.000000000000000000e+03
1.500000000000000000e+00,0.000000000000000000e+00,-2.032362586834453477e+00,-4.509877108418585578e+00,0.000000000000000000e+00,0.000000000000000000e+00,5.000000000000000000e+03
1.550000000000000044e+00,0.000000000000000000e+00,-2.056383062980294163e+00,-4.735222920983470196e+00,0.000000000000000000e+00,0.000000000000000000e+00,5.000000000000000000e+03
1.600000000000000089e+00,0.000000000000000000e+00,-2.077598998178363132e+00,-4.962387269194189265e+00,0.000000000000000000e+00,0.000000000000000000e+00,5.000000000000000000e+03
1.649999999999999911e+00,0.000000000000000000e+00,-2.096070677327285914e+00,-5.190997109772398588e+00,0.000000000000000000e+00,0.000000000000000000e+00,5.000000000000000000e+03
1.699999999999999956e+00,0.000000000000000000e+00,-2.111882261255629611e+00,-5.420680252737392735e+00,0.000000000000000000e+00,0.000000000000000000e+00,5.000000000000000000e+03
1.750000000000000000e+00,0.000000000000000000e+00,-2.125144437607571657e+00,-5.651071141221106764e+00,0.000000000000000000e+00,0.000000000000000000e+00,5.000000000000000000e+03
1.800000000000000044e+00,0.000000000000000000e+00,-2.135996041724413708e+00,-5.881817782648460557e+00,0.000000000000000000e+00,0.000000000000000000e+00,5.000000000000000000e+03
1.850000000000000089e+00,0.000000000000000000e+00,-2.144604254850607905e+00,-6.112589570643307546e+00,0.000000000000000000e+00,0.000000000000000000e+00,5.000000000000000000e+03
1.899999999999999911e+00,0.000000000000000000e+00,-2.151163038151879814e+00,-6.343085575405689625e+00,0.000000000000000000e+00,0.000000000000000000e+00,5.000000000000000000e+03
1.949999999999999956e+00,0.000000000000000000e+00,-2.155889572191198145e+00,-6.573042717367213683e+00,0.000000000000000000e+00,0.000000000000000000e+00,5.000000000000000000e+03
2.000000000000000000e+00,0.000000000000000000e+00,-2.159018648642503813e+00,-6.802243095058522648e+00,0.000000000000000000e+00,0.000000000000000000e+00,5.000000000000000000e+03
2.049999999999999822e+00,0.000000000000000000e+00,-2.160795206635529819e+00,-7.030519634124503092e+00,0.000000000000000000e+00,0.000000000000000000e+00,5.000000000000000000e+03
2.100000000000000089e+00,0.000000000000000000e+00,-2.161465467460601975e+00,-7.257759272358685010e+00,0.000000000000000000e+00,0.000000000000000000e+00,5.000000000000000000e+03
2.149999999999999911e+00,0.000000000000000000e+00,-2.161267516148907220e+00,-7.483902799826162244e+00,0.000000000000000000e+00,0.000000000000000000e+00,5.000000000000000000e+03
2.200000000000000178e+00,0.000000000000000000e+00,-2.160422501469474899e+00,-7.708940921717569950e+00,0.000000000000000000e+00,0.000000000000000000e+00,5.000000000000000000e+03
2.250000000000000000e+00,0.000000000000000000e+00,-2.159127584544052070e+00,-7.932906993267531348e+00,0.000000000000000000e+00,0.000000000000000000e+00,5.000000000000000000e+03
2.299999999999999822e+00,0.000000000000000000e+00,-2.157551361081914809e+00,-8.155867602268246586e+00,0.000000000000000000e+00,0.000000000000000000e+00,5.000000000000000000e+03
2.350000000000000089e+00,0.000000000000000000e+00,-2.155831936661839698e+00,-8.377912421983587876e+00,0.000000000000000000e+00,0.000000000000000000e+00,5.000000000000000000e+03
2.399999999999999911e+00,0.000000000000000000e+00,-2.154077370419120729e+00,-8.599144575419314762e+00,0.000000000000000000e+00,0.000000000000000000e+00,5.000000000000000000e+03
2.450000000000000178e+00,0.000000000000000000e+00,-2.152367927279002391e+00,-8.819672351223319495e+00,0.000000000000000000e+00,0.000000000000000000e+00,5.000000000000000000e+03
2.500000000000000000e+00,0.000000000000000000e+00,-2.150759493203580952e+00,-9.039602683768658054e+00,0.000000000000000000e+00,0.000000000000000000e+00,5.000000000000000000e+03
2.549999999999999822e+00,0.000000000000000000e+00,-2.149287557840235507e+00,-9.259036464722989024e+00,0.000000000000000000e+00,0.000000000000000000e+00,5.000000000000000000e+03
2.600000000000000089e+00,0.000000000000000000e+00,-2.147971290520064080e+00,-9.478065525849395101e+00,0.000000000000000000e+00,0.000000000000000000e+00,5.000000000000000000e+03
2.649999999999999911e+00,0.000000000000000000e+00,-2.146817377915345215e+00,-9.696771013693846086e+00,0.000000000000000000e+00,0.000000000000000000e+00,5.000000000000000000e+03
2.700000000000000178e+00,0.000000000000000000e+00,-2.145823423233960359e+00,-9.915222838836919905e+00,0.000000000000000000e+00,0.000000000000000000e+00,5.000000000000000000e+03
2.750000000000000000e+00,0.000000000000000000e+00,-2.144980812639943224e+00,-1.013347989609602173e+01,0.000000000000000000e+00,0.000000000000000000e+00,5.000000000000000000e+03
2.799999999999999822e+00,0.000000000000000000e+00,-2.144277030958972485e+00,-1.035159079327787168e+01,0.000000000000000000e+00,0.000000000000000000e+00,5.000000000000000000e+03
2.850000000000000089e+00,0.000000000000000000e+00,-2.143697458258693622e+00,-1.056959487777695905e+01,0.000000000000000000e+00,0.000000000000000000e+00,5.000000000000000000e+03
2.899999999999999911e+00,0.000000000000000000e+00,-2.143226706878347709e+00,-1.078752340195450543e+01,0.000000000000000000e+00,0.000000000000000000e+00,5.000000000000000000e+03
2.950000000000000178e+00,0.000000000000000000e+00,-2.142849570710345652e+00,-1.100540071417462151e+01,0.000000000000000000e+00,0.000000000000000000e+00,5.000000000000000000e+03
3.000000000000000000e+00,0.000000000000000000e+00,-2.142551660181129858e+00,-1.122324540027949169e+01,0.000000000000000000e+00,0.000000000000000000e+00,5.000000000000000000e+03
3.049999999999999822e+00,0.000000000000000000e+00,-2.142319791565724163e+00,-1.144107132981407915e+01,0.000000000000000000e+00,0.000000000000000000e+00,5.000000000000000000e+03
3.100000000000000089e+00,0.000000000000000000e+00,-2.142142191032349263e+00,-1.165888858319288879e+01,0.000000000000000000e+00,0.000000000000000000e+00,5.000000000000000000e+03
3.149999999999999911e+00,0.000000000000000000e+00,-2.142008564229908707e+00,-1.187670425143786268e+01,0.000000000000000000e+00,0.000000000000000000e+00,5.000000000000000000e+03
3.200000000000000178e+00,0.000000000000000000e+00,-2.141910072625612838e+00,-1.209452311041700057e+01,0.000000000000000000e+00,0.000000000000000000e+00,5.000000000000000000e+03
3.250000000000000000e+00,0.000000000000000000e+00,-2.141839248940183627e+00,-1.231234817790048020e+01,0.000000000000000000e+00,0.000000000000000000e+00,5.000000000000000000e+03
3.299999999999999822e+00,0.000000000000000000e+00,-2.141789876296786410e+00,-1.253018116527869985e+01,0.000000000000000000e+00,0.000000000000000000e+00,5.000000000000000000e+03
3.350000000000000089e+00,0.000000000000000000e+00,-2.141756849225890935e+00,-1.274802283730540431e+01,0.000000000000000000e+00,0.000000000000000000e+00,5.000000000000000000e+03
3.399999999999999911e+00,0.000000000000000000e+00,-2.141736029428584320e+00,-1.296587329340403016e+01,0.000000000000000000e+00,0.000000000000000000e+00,5.000000000000000000e+03
3.450000000000000178e+00,0.000000000000000000e+00,-2.141724105086089125e+00,-1.318373218340251007e+01,0.000000000000000000e+00,0.000000000000000000e+00,5.000000000000000000e+03
3.500000000000000000e+00,0.000000000000000000e+00,-2.141718459366440452e+00,-1.340159886940062250e+01,0.000000000000000000e+00,0.000000000000000000e+00,5.000000000000000000e+03
3.549999999999999822e+00,0.000000000000000000e+00,-2.141717051465925614e+00,-1.361947254407771268e+01,0.000000000000000000e+00,0.000000000000000000e+00,5.000000000000000000e+03
3.600000000000000089e+00,0.000000000000000000e+00,-2.141718311888419102e+00,-1.383735231428781809e+01,0.000000000000000000e+00,0.000000000000000000e+00,5.000000000000000000e+03
3.649999999999999911e+00,0.000000000000000000e+00,-2.141721052591579078e+00,-1.405523725737991647e+01,0.000000000000000000e+00,0.000000000000000000e+00,5.000000000000000000e+03
3.700000000000000178e+00,0.000000000000000000e+00,-2.141724392031153723e+00,-1.427312645641447020e+01,0.000000000000000000e+00,0.000000000000000000e+00,5.000000000000000000e+03
3.750000000000000000e+00,0.000000000000000000e+00,-2.141727694979446373e+00,-1.449101901943333282e+01,0.000000000000000000e+00,0.000000000000000000e+00,5.000000000000000000e+03
3.799999999999999822e+00,0.000000000000000000e+00,-2.141730527318723265e+00,-1.470891408742354933e+01,0.000000000000000000e+00,0.000000000000000000e+00,5.000000000000000000e+03
3.850000000000000089e+00,0.000000000000000000e+00,-2.141732626959396590e+00,-1.492681083626577099e+01,0.000000000000000000e+00,0.000000000000000000e+00,5.000000000000000000e+03
3.899999999999999911e+00,0.000000000000000000e+00,-2.141733893965610314e+00,-1.514470848184395102e+01,0.000000000000000000e+00,0.000000000000000000e+00,5.000000000000000000e+03
3.950000000000000178e+00,0.000000000000000000e+00,-2.141734406863164519e+00,-1.536260631147396083e+01,0.000000000000000000e+00,0.000000000000000000e+00,5.000000000000000000e+03
4.000000000000000000e+00,0.000000000000000000e+00,-2.141734478180789658e+00,-1.558050380833926241e+01,0.000000000000000000e+00,0.000000000000000000e+00,5.000000000000000000e+03
0.000000000000000000e+00,5.000000000000000278e-02,0.000000000000000000e+00,0.000000000000000000e+00,1.000000000000000000e+00,0.000000000000000000e+00,5.000000000000000000e+03
5.000000000000000278e-02,5.000000000000000278e-02,-8.722007271356331526e-02,-6.855807056232929297e-02,0.000000000000000000e+00,0.000000000000000000e+00,5.000000000000000000e+03
1.000000000000000056e-01,5.000000000000000278e-02,-1.858388905122313750e-01,-1.425134198409288566e-01,0.000000000000000000e+00,0.000000000000000000e+00,5.000000000000000000e+03
1.499999999999999944e-01,5.000000000000000278e-02,-2.794226749452587422e-01,-2.125427215522228130e-01,0.000000000000000000e+00,0.000000000000000000e+00,5.000000000000000000e+03
2.000000000000000111e-01,5.000000000000000278e-02,-3.687404495250644065e-01,-2.846441378208778850e-01,0.000000000000000000e+00,0.000000000000000000e+00,5.000000000000000000e+03
2.500000000000000000e-01,5.000000000000000278e-02,-4.547167952217842646e-01,-3.618838016116527334e-01,0.000000000000000000e+00,0.000000000000000000e+00,5.000000000000000000e+03
2.999999999999999889e-01,5.000000000000000278e-02,-5.378983729760500321e-01,-4.458283513538511822e-01,0.000000000000000000e+00,0.000000000000000000e+00,5.000000000000000000e+03
3.499999999999999778e-01,5.000000000000000278e-02,-6.185733069271859286e-01,-5.372834612712490410e-01,0.000000000000000000e+00,0.000000000000000000e+00,5.000000000000000000e+03
4.000000000000000222e-01,5.000000000000000278e-02,-6.968789585423436073e-01,-6.366323233450688068e-01,0.000000000000000000e+00,0.000000000000000000e+00,5.000000000000000000e+03
4.500000000000000111e-01,5.000000000000000278e-02,-7.728696730698233486e-01,-7.440094662114574708e-01,0.000000000000000000e+00,0.000000000000000000e+00,5.000000000000000000e+03
5.000000000000000000e-01,5.000000000000000278e-02,-8.465563587942520618e-01,-8.593977119372456785e-01,0.000000000000000000e+00,0.000000000000000000e+00,5.000000000000000000e+03
5.500000000000000444e-01,5.000000000000000278e-02,-9.179288109639373028e-01,-9.826852679477766639e-01,0.000000000000000000e+00,0.000000000000000000e+00,5.000000000000000000e+03
5.999999999999999778e-01,5.000000000000000278e-02,-9.869678985114556102e-01,-1.113700572495849528e+00,0.000000000000000000e+00,0.000000000000000000e+00,5.000000000000000000e+03
6.500000000000000222e-01,5.000000000000000278e-02,-1.053651917586630571e+00,-1.252234057475744233e+00,0.000000000000000000e+00,0.000000000000000000e+00,5.000000000000000000e+03
6.999999999999999556e-01,5.000000000000000278e-02,-1.117959647286023372e+00,-1.398051912244445472e+00,0.000000000000000000e+00,0.000000000000000000e+00,5.000000000000000000e+03
7.500000000000000000e-01,5.000000000000000278e-02,-1.179871584174346344e+00,-1.550904810245081089e+00,0.000000000000000000e+00,0.000000000000000000e+00,5.000000000000000000e+03
8.000000000000000444e-01,5.000000000000000278e-02,-1.239370209418790392e+00,-1.710533389822104011e+00,0.000000000000000000e+00,0.000000000000000000e+00,5.000000000000000000e+03
8.499999999999999778e-01,5.000000000000000278e-02,-1.296439778913433205e+00,-1.876671602886611501e+00,0.000000000000000000e+00,0.000000000000000000e+00,5.000000000000000000e+03
9.000000000000000222e-01,5.000000000000000278e-02,-1.351065916216576790e+00,-2.049048636646007893e+00,0.000000000000000000e+00,0.000000000000000000e+00,5.000000000000000000e+03
9.499999999999999556e-01,5.000000000000000278e-02,-1.403235167799067540e+00,-2.227389859807167305e+00,0.000000000000000000e+00,0.000000000000000000e+00,5.000000000000000000e+03
1.000000000000000000e+00,5.000000000000000278e-02,-1.452934613280356224e+00,-2.411417083974381814e+00,0.000000000000000000e+00,0.000000000000000000e+00,5.000000000000000000e+03
1.050000000000000044e+00,5.000000000000000278e-02,-1.500151588355603360e+00,-2.600848329099520129e+00,0.000000000000000000e+00,0.000000000000000000e+00,5.000000000000000000e+03
1.100000000000000089e+00,5.000000000000000278e-02,-1.544873562021873203e+00,-2.795397219099268415e+00,0.000000000000000000e+00,0.000000000000000000e+00,5.000000000000000000e+03
1.149999999999999911e+00,5.000000000000000278e-02,-1.587088204480315401e+00,-2.994772098561534257e+00,0.000000000000000000e+00,0.000000000000000000e+00,5.000000000000000000e+03
1.199999999999999956e+00,5.000000000000000278e-02,-1.626783682463747160e+00,-3.198674946879047631e+00,0.000000000000000000e+00,0.000000000000000000e+00,5.000000000000000000e+03
1.250000000000000000e+00,5.000000000000000278e-02,-1.663949220890394987e+00,-3.406800167791471434e+00,0.000000000000000000e+00,0.000000000000000000e+00,5.000000000000000000e+03
1.300000000000000044e+00,5.000000000000000278e-02,-1.698575970507720356e+00,-3.618833346988473920e+00,0.000000000000000000e+00,0.000000000000000000e+00,5.000000000000000000e+03
1.350000000000000089e+00,5.000000000000000278e-02,-1.730658217652150110e+00,-3.834450095082917898e+00,0.000000000000000000e+00,0.000000000000000000e+00,5.000000000000000000e+03
1.399999999999999911e+00,5.000000000000000278e-02,-1.760194961658059221e+00,-4.053315124235972178e+00,0.000000000000000000e+00,0.000000000000000000e+00,5.000000000000000000e+03
1.449999999999999956e+00,5.000000000000000278e-02,-1.787191865399739843e+00,-4.275081739181441520e+00,0.000000000000000000e+00,0.000000000000000000e+00,5.000000000000000000e+03
1.500000000000000000e+00,5.000000000000000278e-02,-1.811663553327558018e+00,-4.499391951190705896e+00,0.000000000000000000e+00,0.000000000000000000e+00,5.000000000000000000e+03
1.550000000000000044e+00,5.000000000000000278e-02,-1.833636188931655031e+00,-4.725877439367914157e+00,0.000000000000000000e+00,0.000000000000000000e+00,5.000000000000000000e+03
1.600000000000000089e+00,5.000000000000000278e-02,-1.853150211588602048e+00,-4.954161579834183371e+00,0.000000000000000000e+00,0.000000000000000000e+00,5.000000000000000000e+03
1.649999999999999911e+00,5.000000000000000278e-02,-1.870263055390349649e+00,-5.183862732637432025e+00,0.000000000000000000e+00,0.000000000000000000e+00,5.000000000000000000e+03
1.699999999999999956e+00,5.000000000000000278e-02,-1.885051616495527105e+00,-5.414598913043507267e+00,0.000000000000000000e+00,0.000000000000000000e+00,5.000000000000000000e+03
1.750000000000000000e+00,5.000000000000000278e-02,-1.897614189614685642e+00,-5.645993875362784742e+00,0.000000000000000000e+00,0.000000000000000000e+00,5.000000000000000000e+03
1.800000000000000044e+00,5.000000000000000278e-02,-1.908071568676096064e+00,-5.877684504349158345e+00,0.000000000000000000e+00,0.000000000000000000e+00,5.000000000000000000e+03
1.850000000000000089e+00,5.000000000000000278e-02,-1.916567012067519116e+00,-6.109329246400686309e+00,0.000000000000000000e+00,0.000000000000000000e+00,5.000000000000000000e+03
1.899999999999999911e+00,5.000000000000000278e-02,-1.923264818684640609e+00,-6.340617130041537486e+00,0.000000000000000000e+00,0.000000000000000000e+00,5.000000000000000000e+03
1.949999999999999956e+00,5.000000000000000278e-02,-1.928347354459577723e+00,-6.571276737854027772e+00,0.000000000000000000e+00,0.000000000000000000e+00,5.000000000000000000e+03
2.000000000000000000e+00,5.000000000000000278e-02,-1.932010512961516602e+00,-6.801084322492716439e+00,0.000000000000000000e+00,0.000000000000000000e+00,5.000000000000000000e+03
2.049999999999999822e+00,5.000000000000000278e-02,-1.934457788922331556e+00,-7.029870129242162591e+00,0.000000000000000000e+00,0.000000000000000000e+00,5.000000000000000000e+03
2.100000000000000089e+00,5.000000000000000278e-02,-1.935893332459831750e+00,-7.257522046761973655e+00,0.000000000000000000e+00,0.000000000000000000e+00,5.000000000000000000e+03
2.149999999999999911e+00,5.000000000000000278e-02,-1.936514671417584266e+00,-7.483985512940875218e+00,0.000000000000000000e+00,0.000000000000000000e+00,5.000000000000000000e+03
2.200000000000000178e+00,5.000000000000000278e-02,-1.936506001842064562e+00,-7.709259139588622745e+00,0.000000000000000000e+00,0.000000000000000000e+00,5.000000000000000000e+03
2.250000000000000000e+00,5.000000000000000278e-02,-1.936032853977180945e+00,-7.933386596608350771e+00,0.000000000000000000e+00,0.000000000000000000e+00,5.000000000000000000e+03
2.299999999999999822e+00,5.000000000000000278e-02,-1.935238610412980176e+00,-8.156446146993692636e+00,0.000000000000000000e+00,0.000000000000000000e+00,5.000000000000000000e+03
2.350000000000000089e+00,5.000000000000000278e-02,-1.934242965205139608e+00,-8.378539477098877697e+00,0.000000000000000000e+00,0.000000000000000000e+00,5.000000000000000000e+03
2.399999999999999911e+00,5.000000000000000278e-02,-1.933142105549132683e+00,-8.599781216991233990e+00,0.000000000000000000e+00,0.000000000000000000e+00,5.000000000000000000e+03
2.450000000000000178e+00,5.000000000000000278e-02,-1.932010222690030199e+00,-8.820290060651698738e+00,0.000000000000000000e+00,0.000000000000000000e+00,5.000000000000000000e+03
2.500000000000000000e+00,5.000000000000000278e-02,-1.930901905847933309e+00,-9.040181900837898965e+00,0.000000000000000000e+00,0.000000000000000000e+00,5.000000000000000000e+03
2.549999999999999822e+00,5.000000000000000278e-02,-1.929855004990371548e+00,-9.259565008079974291e+00,0.000000000000000000e+00,0.000000000000000000e+00,5.000000000000000000e+03
2.600000000000000089e+00,5.000000000000000278e-02,-1.928893625811926915e+00,-9.478537039393534869e+00,0.000000000000000000e+00,0.000000000000000000e+00,5.000000000000000000e+03
2.649999999999999911e+00,5.000000000000000278e-02,-1.928031012551324919e+00,-9.697183542814515889e+00,0.000000000000000000e+00,0.000000000000000000e+00,5.000000000000000000e+03
2.700000000000000178e+00,5.000000000000000278e-02,-1.927272161784292059e+00,-9.915577593961129921e+00,0.000000000000000000e+00,0.000000000000000000e+00,5.000000000000000000e+03
2.750000000000000000e+00,5.000000000000000278e-02,-1.926616083161311721e+00,-1.013378022569677839e+01,0.000000000000000000e+00,0.000000000000000000e+00,5.000000000000000000e+03
2.799999999999999822e+00,5.000000000000000278e-02,-1.926057677994114092e+00,-1.035184136420688716e+01,0.000000000000000000e+00,0.000000000000000000e+00,5.000000000000000000e+03
2.850000000000000089e+00,5.000000000000000278e-02,-1.925589244394454669e+00,-1.056980104583251823e+01,0.000000000000000000e+00,0.000000000000000000e+00,5.000000000000000000e+03
2.899999999999999911e+00,5.000000000000000278e-02,-1.925201641035531264e+00,-1.078769074778289117e+01,0.000000000000000000e+00,0.000000000000000000e+00,5.000000000000000000e+03
2.950000000000000178e+00,5.000000000000000278e-02,-1.924885153860034448e+00,-1.100553471682091455e+01,0.000000000000000000e+00,0.000000000000000000e+00,5.000000000000000000e+03
3.000000000000000000e+00,5.000000000000000278e-02,-1.924630114385619706e+00,-1.122335122118173700e+01,0.000000000000000000e+00,0.000000000000000000e+00,5.000000000000000000e+03
3.049999999999999822e+00,5.000000000000000278e-02,-1.924427317358808676e+00,-1.144115368241761033e+01,0.000000000000000000e+00,0.000000000000000000e+00,5.000000000000000000e+03
3.100000000000000089e+00,5.000000000000000278e-02,-1.924268281487129029e+00,-1.165895166668175875e+01,0.000000000000000000e+00,0.000000000000000000e+00,5.000000000000000000e+03
3.149999999999999911e+00,5.000000000000000278e-02,-1.924145391370879477e+00,-1.187675173069007961e+01,0.000000000000000000e+00,0.000000000000000000e+00,5.000000000000000000e+03
3.200000000000000178e+00,5.000000000000000278e-02,-1.924051952610761562e+00,-1.209455812778939432e+01,0.000000000000000000e+00,0.000000000000000000e+00,5.000000000000000000e+03
3.250000000000000000e+00,5.000000000000000278e-02,-1.923982186054721044e+00,-1.231237338561329508e+01,0.000000000000000000e+00,0.000000000000000000e+00,5.000000000000000000e+03
3.299999999999999822e+00,5.000000000000000278e-02,-1.923931181654851441e+00,-1.253019876989635861e+01,0.000000000000000000e+00,0.000000000000000000e+00,5.000000000000000000e+03
3.350000000000000089e+00,5.000000000000000278e-02,-1.923894827623706227e+00,-1.274803465007314607e+01,0.000000000000000000e+00,0.000000000000000000e+00,5.000000000000000000e+03
3.399999999999999911e+00,5.000000000000000278e-02,-1.923869726568880223e+00,-1.296588078202035632e+01,0.000000000000000000e+00,0.000000000000000000e+00,5.000000000000000000e+03
3.450000000000000178e+00,5.000000000000000278e-02,-1.923853107024601439e+00,-1.318373652223102965e+01,0.000000000000000000e+00,0.000000000000000000e+00,5.000000000000000000e+03
3.500000000000000000e+00,5.000000000000000278e-02,-1.923842736222534988e+00,-1.340160098620770412e+01,0.000000000000000000e+00,0.000000000000000000e+00,5.000000000000000000e+03
3.549999999999999822e+00,5.000000000000000278e-02,-1.923836837962691781e+00,-1.361947316218304849e+01,0.000000000000000000e+00,0.000000000000000000e+00,5.000000000000000000e+03
3.600000000000000089e+00,5.000000000000000278e-02,-1.923834017963850673e+00,-1.383735198958865453e+01,0.000000000000000000e+00,0.000000000000000000e+00,5.000000000000000000e+03
3.649999999999999911e+00,5.000000000000000278e-02,-1.923833197996464017e+00,-1.405523641010658764e+01,0.000000000000000000e+00,0.000000000000000000e+00,5.000000000000000000e+03
3.700000000000000178e+00,5.000000000000000278e-02,-1.923833559338752996e+00,-1.427312539773559585e+01,0.000000000000000000e+00,0.000000000000000000e+00,5.000000000000000000e+03
3.750000000000000000e+00,5.000000000000000278e-02,-1.923834495561447477e+00,-1.449101797317480234e+01,0.000000000000000000e+00,0.000000000000000000e+00,5.000000000000000000e+03
3.799999999999999822e+00,5.000000000000000278e-02,-1.923835574263512704e+00,-1.470891320714841299e+01,0.000000000000000000e+00,0.000000000000000000e+00,5.000000000000000000e+03
3.850000000000000089e+00,5.000000000000000278e-02,-1.923836507145795460e+00,-1.492681021747987380e+01,0.000000000000000000e+00,0.000000000000000000e+00,5.000000000000000000e+03
3.899999999999999911e+00,5.000000000000000278e-02,-1.923837128069990854e+00,-1.514470816682901422e+01,0.000000000000000000e+00,0.000000000000000000e+00,5.000000000000000000e+03
3.950000000000000178e+00,5.000000000000000278e-02,-1.923837381446362960e+00,-1.536260627484437613e+01,0.000000000000000000e+00,0.000000000000000000e+00,5.000000000000000000e+03
4.000000000000000000e+00,5.000000000000000278e-02,-1.923837337903617550e+00,-1.558050387965688444e+01,0.000000000000000000e+00,0.000000000000000000e+00,5.000000000000000000e+03
0.000000000000000000e+00,1.000000000000000056e-01,0.000000000000000000e+00,0.000000000000000000e+00,1.000000000000000000e+00,0.000000000000000000e+00,5.000000000000000000e+03
5.000000000000000278e-02,1.000000000000000056e-01,-6.905179241220243957e-02,-4.829484600170546454e-02,0.000000000000000000e+00,0.000000000000000000e+00,5.000000000000000000e+03
1.000000000000000056e-01,1.000000000000000056e-01,-1.471590391036065870e-01,-1.098242625118671240e-01,0.000000000000000000e+00,0.000000000000000000e+00,5.000000000000000000e+03
1.499999999999999944e-01,1.000000000000000056e-01,-2.283038187684468812e-01,-1.776217310695959450e-01,0.000000000000000000e+00,0.000000000000000000e+00,5.000000000000000000e+03
2.000000000000000111e-01,1.000000000000000056e-01,-3.079719007810123865e-01,-2.498034540563685291e-01,0.000000000000000000e+00,0.000000000000000000e+00,5.000000000000000000e+03
2.500000000000000000e-01,1.000000000000000056e-01,-3.852911321014340085e-01,-3.277331338064121691e-01,0.000000000000000000e+00,0.000000000000000000e+00,5.000000000000000000e+03
2.999999999999999889e-01,1.000000000000000056e-01,-4.601786438502530330e-01,-4.125464960105433843e-01,0.000000000000000000e+00,0.000000000000000000e+00,5.000000000000000000e+03
3.499999999999999778e-01,1.000000000000000056e-01,-5.327084429888149231e-01,-5.049252846705040154e-01,0.000000000000000000e+00,0.000000000000000000e+00,5.000000000000000000e+03
4.000000000000000222e-01,1.000000000000000056e-01,-6.029632508728061113e-01,-6.052161276281987634e-01,0.000000000000000000e+00,0.000000000000000000e+00,5.000000000000000000e+03
4.500000000000000111e-01,1.000000000000000056e-01,-6.710033428244567277e-01,-7.135434479787169382e-01,0.000000000000000000e+00,0.000000000000000000e+00,5.000000000000000000e+03
5.000000000000000000e-01,1.000000000000000056e-01,-7.368657511049291342e-01,-8.298877280448262450e-01,0.000000000000000000e+00,0.000000000000000000e+00,5.000000000000000000e+03
5.500000000000000444e-01,1.000000000000000056e-01,-8.005701335439678878e-01,-9.541367724223840385e-01,0.000000000000000000e+00,0.000000000000000000e+00,5.000000000000000000e+03
5.999999999999999778e-01,1.000000000000000056e-01,-8.621246927238214175e-01,-1.086118869909624474e+00,0.000000000000000000e+00,0.000000000000000000e+00,5.000000000000000000e+03
6.500000000000000222e-01,1.000000000000000056e-01,-9.215306295411103132e-01,-1.225624192521857836e+00,0.000000000000000000e+00,0.000000000000000000e+00,5.000000000000000000e+03
6.999999999999999556e-01,1.000000000000000056e-01,-9.787851154204412207e-01,-1.372418573515584717e+00,0.000000000000000000e+00,0.000000000000000000e+00,5.000000000000000000e+03
7.500000000000000000e-01,1.000000000000000056e-01,-1.033883128211072311e+00,-1.526252321282987934e+00,0.000000000000000000e+00,0.000000000000000000e+00,5.000000000000000000e+03
8.000000000000000444e-01,1.000000000000000056e-01,-1.086818508538232919e+00,-1.686865773023640269e+00,0.000000000000000000e+00,0.000000000000000000e+00,5.000000000000000000e+03
8.499999999999999778e-01,1.000000000000000056e-01,-1.137584517551796681e+00,-1.853992685566701493e+00,0.000000000000000000e+00,0.000000000000000000e+00,5.000000000000000000e+03
9.000000000000000222e-01,1.000000000000000056e-01,-1.186174096558691549e+00,-2.027362172432616738e+00,0.000000000000000000e+00,0.000000000000000000e+00,5.000000000000000000e+03
9.499999999999999556e-01,1.000000000000000056e-01,-1.232579965929762711e+00,-2.206699645520864728e+00,0.000000000000000000e+00,0.000000000000000000e+00,5.000000000000000000e+03
1.000000000000000000e+00,1.000000000000000056e-01,-1.276794657025766666e+00,-2.391727057210972340e+00,0.000000000000000000e+00,0.000000000000000000e+00,5.000000000000000000e+03
1.050000000000000044e+00,1.000000000000000056e-01,-1.318810543247910916e+00,-2.582162633952998831e+00,0.000000000000000000e+00,0.000000000000000000e+00,5.000000000000000000e+03
1.100000000000000089e+00,1.000000000000000056e-01,-1.358619920492743161e+00,-2.777720227137031372e+00,0.000000000000000000e+00,0.000000000000000000e+00,5.000000000000000000e+03
1.149999999999999911e+00,1.000000000000000056e-01,-1.396215179671290940e+00,-2.978108369907813024e+00,0.000000000000000000e+00,0.000000000000000000e+00,5.000000000000000000e+03
1.199999999999999956e+00,1.000000000000000056e-01,-1.431589111646847101e+00,-3.183029112784103276e+00,0.000000000000000000e+00,0.000000000000000000e+00,5.000000000000000000e+03
1.250000000000000000e+00,1.000000000000000056e-01,-1.464735385527074163e+00,-3.392176712208777811e+00,0.000000000000000000e+00,0.000000000000000000e+00,5.000000000000000000e+03
1.300000000000000044e+00,1.000000000000000056e-01,-1.495649242413052527e+00,-3.605236261541324705e+00,0.000000000000000000e+00,0.000000000000000000e+00,5.000000000000000000e+03
1.350000000000000089e+00,1.000000000000000056e-01,-1.524328446000710491e+00,-3.821882380784248578e+00,0.000000000000000000e+00,0.000000000000000000e+00,5.000000000000000000e+03
1.399999999999999911e+00,1.000000000000000056e-01,-1.550774526094423234e+00,-4.041778116110309682e+00,0.000000000000000000e+00,0.000000000000000000e+00,5.000000000000000000e+03
1.449999999999999956e+00,1.000000000000000056e-01,-1.574994338192800214e+00,-4.264574238260608219e+00,0.000000000000000000e+00,0.000000000000000000e+00,5.000000000000000000e+03
1.500000000000000000e+00,1.000000000000000056e-01,-1.597001939154151451e+00,-4.489909163615982912e+00,0.000000000000000000e+00,0.000000000000000000e+00,5.000000000000000000e+03
1.550000000000000044e+00,1.000000000000000056e-01,-1.616820743830488016e+00,-4.717409745102562724e+00,0.000000000000000000e+00,0.000000000000000000e+00,5.000000000000000000e+03
1.600000000000000089e+00,1.000000000000000056e-01,-1.634485880617357889e+00,-4.946693183050549614e+00,0.000000000000000000e+00,0.000000000000000000e+00,5.000000000000000000e+03
1.649999999999999911e+00,1.000000000000000056e-01,-1.650046607876792359e+00,-5.177370279897992589e+00,0.000000000000000000e+00,0.000000000000000000e+00,5.000000000000000000e+03
1.699999999999999956e+00,1.000000000000000056e-01,-1.663568593939407814e+00,-5.409050200090721461e+00,0.000000000000000000e+00,0.000000000000000000e+00,5.000000000000000000e+03
1.750000000000000000e+00,1.000000000000000056e-01,-1.675135809476094417e+00,-5.641346793566587969e+00,0.000000000000000000e+00,0.000000000000000000e+00,5.000000000000000000e+03
1.800000000000000044e+00,1.000000000000000056e-01,-1.684851743062648843e+00,-5.873886397795654801e+00,0.000000000000000000e+00,0.000000000000000000e+00,5.000000000000000000e+03
1.850000000000000089e+00,1.000000000000000056e-01,-1.692839640169153670e+00,-6.106316854216230716e+00,0.000000000000000000e+00,0.000000000000000000e+00,5.000000000000000000e+03
1.899999999999999911e+00,1.000000000000000056e-01,-1.699241493486719712e+00,-6.338317270060668029e+00,0.000000000000000000e+00,0.000000000000000000e+00,5.000000000000000000e+03
1.949999999999999956e+00,1.000000000000000056e-01,-1.704215587535297782e+00,-6.569607841937347814e+00,0.000000000000000000e+00,0.000000000000000000e+00,5.000000000000000000e+03
2.000000000000000000e+00,1.000000000000000056e-01,-1.707932528770441882e+00,-6.799958856443597099e+00,0.000000000000000000e+00,0.000000000000000000e+00,5.000000000000000000e+03
2.049999999999999822e+00,1.000000000000000056e-01,-1.710569886745291646e+00,-7.029197806168878238e+00,0.000000000000000000e+00,0.000000000000000000e+00,5.000000000000000000e+03
2.100000000000000089e+00,1.000000000000000056e-01,-1.712305714633345577e+00,-7.257213694361582590e+00,0.000000000000000000e+00,0.000000000000000000e+00,5.000000000000000000e+03
2.149999999999999911e+00,1.000000000000000056e-01,-1.713311687001702444e+00,-7.483957040338719224e+00,0.000000000000000000e+00,0.000000000000000000e+00,5.000000000000000000e+03
2.200000000000000178e+00,1.000000000000000056e-01,-1.713746918788898732e+00,-7.709434863915855196e+00,0.000000000000000000e+00,0.000000000000000000e+00,5.000000000000000000e+03
2.250000000000000000e+00,1.000000000000000056e-01,-1.713753343445220789e+00,-7.933701422130069680e+00,0.000000000000000000e+00,0.000000000000000000e+00,5.000000000000000000e+03
2.299999999999999822e+00,1.000000000000000056e-01,-1.713453034021477306e+00,-8.156846478975802839e+00,0.000000000000000000e+00,0.000000000000000000e+00,5.000000000000000000e+03
2.350000000000000089e+00,1.000000000000000056e-01,-1.712947380821183918e+00,-8.378983052876607829e+00,0.000000000000000000e+00,0.000000000000000000e+00,5.000000000000000000e+03
2.399999999999999911e+00,1.000000000000000056e-01,-1.712317756268368907e+00,-8.600236173175796139e+00,0.000000000000000000e+00,0.000000000000000000e+00,5.000000000000000000e+03
2.450000000000000178e+00,1.000000000000000056e-01,-1.711627202892683774e+00,-8.820733562876920786e+00,0.000000000000000000e+00,0.000000000000000000e+00,5.000000000000000000e+03
2.500000000000000000e+00,1.000000000000000056e-01,-1.710922708717815599e+00,-9.040598602525744099e+00,0.000000000000000000e+00,0.000000000000000000e+00,5.000000000000000000e+03
2.549999999999999822e+00,1.000000000000000056e-01,-1.710237720050133747e+00,-9.259945525189831272e+00,0.000000000000000000e+00,0.000000000000000000e+00,5.000000000000000000e+03
2.600000000000000089e+00,1.000000000000000056e-01,-1.709594640600678117e+00,-9.478876555186426245e+00,0.000000000000000000e+00,0.000000000000000000e+00,5.000000000000000000e+03
2.649999999999999911e+00,1.000000000000000056e-01,-1.709007155215912954e+00,-9.697480600252783134e+00,0.000000000000000000e+00,0.000000000000000000e+00,5.000000000000000000e+03
2.700000000000000178e+00,1.000000000000000056e-01,-1.708482287634977670e+00,-9.915833094417990878e+00,0.000000000000000000e+00,0.000000000000000000e+00,5.000000000000000000e+03
2.750000000000000000e+00,1.000000000000000056e-01,-1.708022153695005985e+00,-1.013399662830646619e+01,0.000000000000000000e+00,0.000000000000000000e+00,5.000000000000000000e+03
2.799999999999999822e+00,1.000000000000000056e-01,-1.707625406712204974e+00,-1.035202206665397107e+01,0.000000000000000000e+00,0.000000000000000000e+00,5.000000000000000000e+03
2.850000000000000089e+00,1.000000000000000056e-01,-1.707288393855767916e+00,-1.056994992121588517e+01,0.000000000000000000e+00,0.000000000000000000e+00,5.000000000000000000e+03
2.899999999999999911e+00,1.000000000000000056e-01,-1.707006054618571911e+00,-1.078781181070521278e+01,0.000000000000000000e+00,0.000000000000000000e+00,5.000000000000000000e+03
2.950000000000000178e+00,1.000000000000000056e-01,-1.706772597888511322e+00,-1.100563189311612966e+01,0.000000000000000000e+00,0.000000000000000000e+00,5.000000000000000000e+03
3.000000000000000000e+00,1.000000000000000056e-01,-1.706581994946408276e+00,-1.122342819839298400e+01,0.000000000000000000e+00,0.000000000000000000e+00,5.000000000000000000e+03
3.049999999999999822e+00,1.000000000000000056e-01,-1.706428323699550331e+00,-1.144121382143458021e+01,0.000000000000000000e+00,0.000000000000000000e+00,5.000000000000000000e+03
3.100000000000000089e+00,1.000000000000000056e-01,-1.706305995859058511e+00,-1.165899795832494945e+01,0.000000000000000000e+00,0.000000000000000000e+00,5.000000000000000000e+03
3.149999999999999911e+00,1.000000000000000056e-01,-1.706209894453679432e+00,-1.187678678419901068e+01,0.000000000000000000e+00,0.000000000000000000e+00,5.000000000000000000e+03
3.200000000000000178e+00,1.000000000000000056e-01,-1.706135444615797248e+00,-1.209458418098435040e+01,0.000000000000000000e+00,0.000000000000000000e+00,5.000000000000000000e+03
3.250000000000000000e+00,1.000000000000000056e-01,-1.706078636332749143e+00,-1.231239232890075463e+01,0.000000000000000000e+00,0.000000000000000000e+00,5.000000000000000000e+03
3.299999999999999822e+00,1.000000000000000056e-01,-1.706036014027138670e+00,-1.253021217827532574e+01,0.000000000000000000e+00,0.000000000000000000e+00,5.000000000000000000e+03
3.350000000000000089e+00,1.000000000000000056e-01,-1.706004644505834111e+00,-1.274804381890346150e+01,0.000000000000000000e+00,0.000000000000000000e+00,5.000000000000000000e+03
3.399999999999999911e+00,1.000000000000000056e-01,-1.705982072019716078e+00,-1.296588676357945502e+01,0.000000000000000000e+00,0.000000000000000000e+00,5.000000000000000000e+03
3.450000000000000178e+00,1.000000000000000056e-01,-1.705966266882450233e+00,-1.318374016106357161e+01,0.000000000000000000e+00,0.000000000000000000e+00,5.000000000000000000e+03
3.500000000000000000e+00,1.000000000000000056e-01,-1.705955572258088360e+00,-1.340160295201439311e+01,0.000000000000000000e+00,0.000000000000000000e+00,5.000000000000000000e+03
3.549999999999999822e+00,1.000000000000000056e-01,-1.705948652282810896e+00,-1.361947397954938488e+01,0.000000000000000000e+00,0.000000000000000000e+00,5.000000000000000000e+03
3.600000000000000089e+00,1.000000000000000056e-01,-1.705944443568306434e+00,-1.383735206426725028e+01,0.000000000000000000e+00,0.000000000000000000e+00,5.000000000000000000e+03
3.649999999999999911e+00,1.000000000000000056e-01,-1.705942111274663331e+00,-1.405523605187839564e+01,0.000000000000000000e+00,0.000000000000000000e+00,5.000000000000000000e+03
3.700000000000000178e+00,1.000000000000000056e-01,-1.705941010272257419e+00,-1.427312484011583038e+01,0.000000000000000000e+00,0.000000000000000000e+00,5.000000000000000000e+03
3.750000000000000000e+00,1.000000000000000056e-01,-1.705940651378581085e+00,-1.449101739039471859e+01,0.000000000000000000e+00,0.000000000000000000e+00,5.000000000000000000e+03
3.799999999999999822e+00,1.000000000000000056e-01,-1.705940672239081746e+00,-1.470891272881763712e+01,0.000000000000000000e+00,0.000000000000000000e+00,5.000000000000000000e+03
3.850000000000000089e+00,1.000000000000000056e-01,-1.705940812228077696e+00,-1.492680994063648647e+01,0.000000000000000000e+00,0.000000000000000000e+00,5.000000000000000000e+03
3.899999999999999911e+00,1.000000000000000056e-01,-1.705940891257515579e+00,-1.514470816206231163e+01,0.000000000000000000e+00,0.000000000000000000e+00,5.000000000000000000e+03
3.950000000000000178e+00,1.000000000000000056e-01,-1.705940795087897977e+00,-1.536260657217410852e+01,0.000000000000000000e+00,0.000000000000000000e+00,5.000000000000000000e+03
4.000000000000000000e+00,1.000000000000000056e-01,-1.705940478542506522e+00,-1.558050437872813276e+01,0.000000000000000000e+00,0.000000000000000000e+00,5.000000000000000000e+03
0.000000000000000000e+00,1.499999999999999944e-01,0.000000000000000000e+00,0.000000000000000000e+00,1.000000000000000000e+00,0.000000000000000000e+00,5.000000000000000000e+03
5.000000000000000278e-02,1.499999999999999944e-01,-5.691116138800363100e-02,-3.602655503876049659e-02,0.000000000000000000e+00,0.000000000000000000e+00,5.000000000000000000e+03
1.000000000000000056e-01,1.499999999999999944e-01,-1.202132179005029333e-01,-8.764180470605152651e-02,0.000000000000000000e+00,0.000000000000000000e+00,5.000000000000000000e+03
1.499999999999999944e-01,1.499999999999999944e-01,-1.874363683694643956e-01,-1.499728895421799657e-01,0.000000000000000000e+00,0.000000000000000000e+00,5.000000000000000000e+03
2.000000000000000111e-01,1.499999999999999944e-01,-2.556740345323913477e-01,-2.203200744866229965e-01,0.000000000000000000e+00,0.000000000000000000e+00,5.000000000000000000e+03
2.500000000000000000e-01,1.499999999999999944e-01,-3.230441412640974175e-01,-2.979696834602061917e-01,0.000000000000000000e+00,0.000000000000000000e+00,5.000000000000000000e+03
2.999999999999999889e-01,1.499999999999999944e-01,-3.887976125406480965e-01,-3.831589066791442622e-01,0.000000000000000000e+00,0.000000000000000000e+00,5.000000000000000000e+03
3.499999999999999778e-01,1.499999999999999944e-01,-4.526651916866478165e-01,-4.761995199329372985e-01,0.000000000000000000e+00,0.000000000000000000e+00,5.000000000000000000e+03
4.000000000000000222e-01,1.499999999999999944e-01,-5.145647377281266088e-01,-5.772793695519041757e-01,0.000000000000000000e+00,0.000000000000000000e+00,5.000000000000000000e+03
4.500000000000000111e-01,1.499999999999999944e-01,-5.744840661030734541e-01,-6.864521580092151076e-01,0.000000000000000000e+00,0.000000000000000000e+00,5.000000000000000000e+03
5.000000000000000000e-01,1.499999999999999944e-01,-6.324342900498343134e-01,-8.036661320513048823e-01,0.000000000000000000e+00,0.000000000000000000e+00,5.000000000000000000e+03
5.500000000000000444e-01,1.499999999999999944e-01,-6.884316523667566301e-01,-9.287942971371737633e-01,0.000000000000000000e+00,0.000000000000000000e+00,5.000000000000000000e+03
5.999999999999999778e-01,1.499999999999999944e-01,-7.424909821170019297e-01,-1.061658254388899936e+00,0.000000000000000000e+00,0.000000000000000000e+00,5.000000000000000000e+03
6.500000000000000222e-01,1.499999999999999944e-01,-7.946238234185616367e-01,-1.202045330532496292e+00,0.000000000000000000e+00,0.000000000000000000e+00,5.000000000000000000e+03
6.999999999999999556e-01,1.499999999999999944e-01,-8.448383365499168018e-01,-1.349720350981788108e+00,0.000000000000000000e+00,0.000000000000000000e+00,5.000000000000000000e+03
7.500000000000000000e-01,1.499999999999999944e-01,-8.931397743954889723e-01,-1.504433494776475699e+00,0.000000000000000000e+00,0.000000000000000000e+00,5.000000000000000000e+03
8.000000000000000444e-01,1.499999999999999944e-01,-9.395310607661149227e-01,-1.665925385929924118e+00,0.000000000000000000e+00,0.000000000000000000e+00,5.000000000000000000e+03
8.499999999999999778e-01,1.499999999999999944e-01,-9.840133028817430461e-01,-1.833930263500675562e+00,0.000000000000000000e+00,0.000000000000000000e+00,5.000000000000000000e+03
9.000000000000000222e-01,1.499999999999999944e-01,-1.026586196200559797e+00,-2.008177817553441269e+00,0.000000000000000000e+00,0.000000000000000000e+00,5.000000000000000000e+03
9.499999999999999556e-01,1.499999999999999944e-01,-1.067248328754216491e+00,-2.188394089075671012e+00,0.000000000000000000e+00,0.000000000000000000e+00,5.000000000000000000e+03
1.000000000000000000e+00,1.499999999999999944e-01,-1.105997409225047745e+00,-2.374301698253871606e+00,0.000000000000000000e+00,0.000000000000000000e+00,5.000000000000000000e+03
1.050000000000000044e+00,1.499999999999999944e-01,-1.142830447933281590e+00,-2.565619574356716281e+00,0.000000000000000000e+00,0.000000000000000000e+00,5.000000000000000000e+03
1.100000000000000089e+00,1.499999999999999944e-01,-1.177743921336943167e+00,-2.762062301225880478e+00,0.000000000000000000e+00,0.000000000000000000e+00,5.000000000000000000e+03
1.149999999999999911e+00,1.499999999999999944e-01,-1.210733952324483997e+00,-2.963339157499309540e+00,0.000000000000000000e+00,0.000000000000000000e+00,5.000000000000000000e+03
1.199999999999999956e+00,1.499999999999999944e-01,-1.241796542008907878e+00,-3.169152915265687209e+00,0.000000000000000000e+00,0.000000000000000000e+00,5.000000000000000000e+03
1.250000000000000000e+00,1.499999999999999944e-01,-1.270927894244026968e+00,-3.379198461855338564e+00,0.000000000000000000e+00,0.000000000000000000e+00,5.000000000000000000e+03
1.300000000000000044e+00,1.499999999999999944e-01,-1.298124881108223105e+00,-3.593161324995306050e+00,0.000000000000000000e+00,0.000000000000000000e+00,5.000000000000000000e+03
1.350000000000000089e+00,1.499999999999999944e-01,-1.323385704575757993e+00,-3.810716209906109597e+00,0.000000000000000000e+00,0.000000000000000000e+00,5.000000000000000000e+03
1.399999999999999911e+00,1.499999999999999944e-01,-1.346710813782240779e+00,-4.031525695685548527e+00,0.000000000000000000e+00,0.000000000000000000e+00,5.000000000000000000e+03
1.449999999999999956e+00,1.499999999999999944e-01,-1.368104134770887992e+00,-4.255239283448618792e+00,0.000000000000000000e+00,0.000000000000000000e+00,5.000000000000000000e+03
1.500000000000000000e+00,1.499999999999999944e-01,-1.387574655706719007e+00,-4.481493033754812672e+00,0.000000000000000000e+00,0.000000000000000000e+00,5.000000000000000000e+03
1.550000000000000044e+00,1.499999999999999944e-01,-1.405138380846611135e+00,-4.709910066912540216e+00,0.000000000000000000e+00,0.000000000000000000e+00,5.000000000000000000e+03
1.600000000000000089e+00,1.499999999999999944e-01,-1.420820618381186895e+00,-4.940102215947826281e+00,0.000000000000000000e+00,0.000000000000000000e+00,5.000000000000000000e+03
1.649999999999999911e+00,1.499999999999999944e-01,-1.434658501284581611e+00,-5.171673107002312975e+00,0.000000000000000000e+00,0.000000000000000000e+00,5.000000000000000000e+03
1.699999999999999956e+00,1.499999999999999944e-01,-1.446703561650751313e+00,-5.404222885764860429e+00,0.000000000000000000e+00,0.000000000000000000e+00,5.000000000000000000e+03
1.750000000000000000e+00,1.499999999999999944e-01,-1.457024097448101907e+00,-5.637354704712699061e+00,0.000000000000000000e+00,0.000000000000000000e+00,5.000000000000000000e+03
1.800000000000000044e+00,1.499999999999999944e-01,-1.465706999776107633e+00,-5.870682932757064876e+00,0.000000000000000000e+00,0.000000000000000000e+00,5.000000000000000000e+03
1.850000000000000089e+00,1.499999999999999944e-01,-1.472858664362499237e+00,-6.103842850217563232e+00,0.000000000000000000e+00,0.000000000000000000e+00,5.000000000000000000e+03
1.899999999999999911e+00,1.499999999999999944e-01,-1.478604609505672629e+00,-6.336501357428607761e+00,0.000000000000000000e+00,0.000000000000000000e+00,5.000000000000000000e+03
1.949999999999999956e+00,1.499999999999999944e-01,-1.483087479451324464e+00,-6.568367970081371965e+00,0.000000000000000000e+00,0.000000000000000000e+00,5.000000000000000000e+03
2.000000000000000000e+00,1.499999999999999944e-01,-1.486463240939199792e+00,-6.799205121328797397e+00,0.000000000000000000e+00,0.000000000000000000e+00,5.000000000000000000e+03
2.049999999999999822e+00,1.499999999999999944e-01,-1.488895621389509039e+00,-7.028836517227478708e+00,0.000000000000000000e+00,0.000000000000000000e+00,5.000000000000000000e+03
2.100000000000000089e+00,1.499999999999999944e-01,-1.490548920920334419e+00,-7.257152637230364967e+00,0.000000000000000000e+00,0.000000000000000000e+00,5.000000000000000000e+03
2.149999999999999911e+00,1.499999999999999944e-01,-1.491580215956900490e+00,-7.484110948698983634e+00,0.000000000000000000e+00,0.000000000000000000e+00,5.000000000000000000e+03
2.200000000000000178e+00,1.499999999999999944e-01,-1.492132565558712987e+00,-7.709729755408266882e+00,0.000000000000000000e+00,0.000000000000000000e+00,5.000000000000000000e+03
2.250000000000000000e+00,1.499999999999999944e-01,-1.492330433080157892e+00,-7.934076992801160522e+00,0.000000000000000000e+00,0.000000000000000000e+00,5.000000000000000000e+03
2.299999999999999822e+00,1.499999999999999944e-01,-1.492277665811744480e+00,-8.157256523743072307e+00,0.000000000000000000e+00,0.000000000000000000e+00,5.000000000000000000e+03
2.350000000000000089e+00,1.499999999999999944e-01,-1.492057669028483691e+00,-8.379394387212412809e+00,0.000000000000000000e+00,0.000000000000000000e+00,5.000000000000000000e+03
2.399999999999999911e+00,1.499999999999999944e-01,-1.491735091386813261e+00,-8.600626685430036389e+00,0.000000000000000000e+00,0.000000000000000000e+00,5.000000000000000000e+03
2.450000000000000178e+00,1.499999999999999944e-01,-1.491358330391293618e+00,-8.821089947908998141e+00,0.000000000000000000e+00,0.000000000000000000e+00,5.000000000000000000e+03
2.500000000000000000e+00,1.499999999999999944e-01,-1.490962314915650566e+00,-9.040914157918100713e+00,0.000000000000000000e+00,0.000000000000000000e+00,5.000000000000000000e+03
2.549999999999999822e+00,1.499999999999999944e-01,-1.490571206795880510e+00,-9.260218223037087526e+00,0.000000000000000000e+00,0.000000000000000000e+00,5.000000000000000000e+03
2.600000000000000089e+00,1.499999999999999944e-01,-1.490200823225812599e+00,-9.479107474451845761e+00,0.000000000000000000e+00,0.000000000000000000e+00,5.000000000000000000e+03
2.649999999999999911e+00,1.499999999999999944e-01,-1.489860696333185297e+00,-9.697672723184933119e+00,0.000000000000000000e+00,0.000000000000000000e+00,5.000000000000000000e+03
2.700000000000000178e+00,1.499999999999999944e-01,-1.489555758214485381e+00,-9.915990427091886161e+00,0.000000000000000000e+00,0.000000000000000000e+00,5.000000000000000000e+03
2.750000000000000000e+00,1.499999999999999944e-01,-1.489287679102096362e+00,-1.013412358798401769e+01,0.000000000000000000e+00,0.000000000000000000e+00,5.000000000000000000e+03
2.799999999999999822e+00,1.499999999999999944e-01,-1.489055904079033432e+00,-1.035212307679990928e+01,0.000000000000000000e+00,0.000000000000000000e+00,5.000000000000000000e+03
2.850000000000000089e+00,1.499999999999999944e-01,-1.488858438509906401e+00,-1.057002916105161638e+01,0.000000000000000000e+00,0.000000000000000000e+00,5.000000000000000000e+03
2.899999999999999911e+00,1.499999999999999944e-01,-1.488692430120933219e+00,-1.078787307531652573e+01,0.000000000000000000e+00,0.000000000000000000e+00,5.000000000000000000e+03
2.950000000000000178e+00,1.499999999999999944e-01,-1.488554590202706418e+00,-1.100567852963304816e+01,0.000000000000000000e+00,0.000000000000000000e+00,5.000000000000000000e+03
3.000000000000000000e+00,1.499999999999999944e-01,-1.488441489901629167e+00,-1.122346309230215766e+01,0.000000000000000000e+00,0.000000000000000000e+00,5.000000000000000000e+03
3.049999999999999822e+00,1.499999999999999944e-01,-1.488349761156462669e+00,-1.144123941416548718e+01,0.000000000000000000e+00,0.000000000000000000e+00,5.000000000000000000e+03
3.100000000000000089e+00,1.499999999999999944e-01,-1.488276226057967611e+00,-1.165901628281937796e+01,0.000000000000000000e+00,0.000000000000000000e+00,5.000000000000000000e+03
3.149999999999999911e+00,1.499999999999999944e-01,-1.488217973450971288e+00,-1.187679950938731643e+01,0.000000000000000000e+00,0.000000000000000000e+00,5.000000000000000000e+03
3.200000000000000178e+00,1.499999999999999944e-01,-1.488172397470958641e+00,-1.209459265918632553e+01,0.000000000000000000e+00,0.000000000000000000e+00,5.000000000000000000e+03
3.250000000000000000e+00,1.499999999999999944e-01,-1.488137209341191758e+00,-1.231239764238307366e+01,0.000000000000000000e+00,0.000000000000000000e+00,5.000000000000000000e+03
3.299999999999999822e+00,1.499999999999999944e-01,-1.488110431050444715e+00,-1.253021518274398538e+01,0.000000000000000000e+00,0.000000000000000000e+00,5.000000000000000000e+03
3.350000000000000089e+00,1.499999999999999944e-01,-1.488090377380897111e+00,-1.274804518276374488e+01,0.000000000000000000e+00,0.000000000000000000e+00,5.000000000000000000e+03
3.399999999999999911e+00,1.499999999999999944e-01,-1.488075631062742765e+00,-1.296588700249552062e+01,0.000000000000000000e+00,0.000000000000000000e+00,5.000000000000000000e+03
3.450000000000000178e+00,1.499999999999999944e-01,-1.488065014510759010e+00,-1.318373966780031203e+01,0.000000000000000000e+00,0.000000000000000000e+00,5.000000000000000000e+03
3.500000000000000000e+00,1.499999999999999944e-01,-1.488057560574251648e+00,-1.340160202182518745e+01,0.000000000000000000e+00,0.000000000000000000e+00,5.000000000000000000e+03
3.549999999999999822e+00,1.499999999999999944e-01,-1.488052483942430060e+00,-1.361947283154411181e+01,0.000000000000000000e+00,0.000000000000000000e+00,5.000000000000000000e+03
3.600000000000000089e+00,1.499999999999999944e-01,-1.488049154237562233e+00,-1.383735085930056385e+01,0.000000000000000000e+00,0.000000000000000000e+00,5.000000000000000000e+03
3.649999999999999911e+00,1.499999999999999944e-01,-1.488047071351747741e+00,-1.405523490756919358e+01,0.000000000000000000e+00,0.000000000000000000e+00,5.000000000000000000e+03
3.700000000000000178e+00,1.499999999999999944e-01,-1.488045843201410312e+00,-1.427312384365885123e+01,0.000000000000000000e+00,0.000000000000000000e+00,5.000000000000000000e+03
3.750000000000000000e+00,1.499999999999999944e-01,-1.488045165763448141e+00,-1.449101660982835327e+01,0.000000000000000000e+00,0.000000000000000000e+00,5.000000000000000000e+03
3.799999999999999822e+00,1.499999999999999944e-01,-1.488044805026671691e+00,-1.470891222324571146e+01,0.000000000000000000e+00,0.000000000000000000e+00,5.000000000000000000e+03
3.850000000000000089e+00,1.499999999999999944e-01,-1.488044580415689433e+00,-1.492680976920584257e+01,0.000000000000000000e+00,0.000000000000000000e+00,5.000000000000000000e+03
3.899999999999999911e+00,1.499999999999999944e-01,-1.488044349497128271e+00,-1.514470838934677488e+01,0.000000000000000000e+00,0.000000000000000000e+00,5.000000000000000000e+03
3.950000000000000178e+00,1.499999999999999944e-01,-1.488043994530213521e+00,-1.536260726189757264e+01,0.000000000000000000e+00,0.000000000000000000e+00,5.000000000000000000e+03
4.000000000000000000e+00,1.499999999999999944e-01,-1.488043411674601302e+00,-1.558050555476670418e+01,0.000000000000000000e+00,0.000000000000000000e+00,5.000000000000000000e+03
0.000000000000000000e+00,2.000000000000000111e-01,0.000000000000000000e+00,0.000000000000000000e+00,1.000000000000000000e+00,0.000000000000000000e+00,5.000000000000000000e+03
5.000000000000000278e-02,2.000000000000000111e-01,-4.697660209780318841e-02,-2.784012159278255460e-02,0.000000000000000000e+00,0.000000000000000000e+00,5.000000000000000000e+03
1.000000000000000056e-01,2.000000000000000111e-01,-9.851913288416923320e-02,-7.206429848723197584e-02,0.000000000000000000e+00,0.000000000000000000e+00,5.000000000000000000e+03
1.499999999999999944e-01,2.000000000000000111e-01,-1.534809409533766100e-01,-1.291290981387210601e-01,0.000000000000000000e+00,0.000000000000000000e+00,5.000000000000000000e+03
2.000000000000000111e-01,2.000000000000000111e-01,-2.101732158784511417e-01,-1.965724044753461852e-01,0.000000000000000000e+00,0.000000000000000000e+00,5.000000000000000000e+03
2.500000000000000000e-01,2.000000000000000111e-01,-2.670718124727713416e-01,-2.730480798229323325e-01,0.000000000000000000e+00,0.000000000000000000e+00,5.000000000000000000e+03
2.999999999999999889e-01,2.000000000000000111e-01,-3.231855461567429977e-01,-3.580242234559578574e-01,0.000000000000000000e+00,0.000000000000000000e+00,5.000000000000000000e+03
3.499999999999999778e-01,2.000000000000000111e-01,-3.779979166441320704e-01,-4.513543017199257990e-01,0.000000000000000000e+00,0.000000000000000000e+00,5.000000000000000000e+03
4.000000000000000222e-01,2.000000000000000111e-01,-4.312627633172804731e-01,-5.529820384299974911e-01,0.000000000000000000e+00,0.000000000000000000e+00,5.000000000000000000e+03
4.500000000000000111e-01,2.000000000000000111e-01,-4.828726069917784747e-01,-6.628331987052586971e-01,0.000000000000000000e+00,0.000000000000000000e+00,5.000000000000000000e+03
5.000000000000000000e-01,2.000000000000000111e-01,-5.327881201838915448e-01,-7.807889429514051072e-01,0.000000000000000000e+00,0.000000000000000000e+00,5.000000000000000000e+03
5.500000000000000444e-01,2.000000000000000111e-01,-5.810019746973640320e-01,-9.066871936735196869e-01,0.000000000000000000e+00,0.000000000000000000e+00,5.000000000000000000e+03
5.999999999999999778e-01,2.000000000000000111e-01,-6.275206497366792036e-01,-1.040331478597372961e+00,0.000000000000000000e+00,0.000000000000000000e+00,5.000000000000000000e+03
6.500000000000000222e-01,2.000000000000000111e-01,-6.723554741125987722e-01,-1.181500160051605963e+00,0.000000000000000000e+00,0.000000000000000000e+00,5.000000000000000000e+03
6.999999999999999556e-01,2.000000000000000111e-01,-7.155183910914079126e-01,-1.329953980392837742e+00,0.000000000000000000e+00,0.000000000000000000e+00,5.000000000000000000e+03
7.500000000000000000e-01,2.000000000000000111e-01,-7.570201175630704160e-01,-1.485441628802539160e+00,0.000000000000000000e+00,0.000000000000000000e+00,5.000000000000000000e+03
8.000000000000000444e-01,2.000000000000000111e-01,-7.968694915005357648e-01,-1.647703590472021862e+00,0.000000000000000000e+00,0.000000000000000000e+00,5.000000000000000000e+03
8.499999999999999778e-01,2.000000000000000111e-01,-8.350733818585773793e-01,-1.816474649738738290e+00,0.000000000000000000e+00,0.000000000000000000e+00,5.000000000000000000e+03
9.000000000000000222e-01,2.000000000000000111e-01,-8.716368376382704897e-01,-1.991485380477375111e+00,0.000000000000000000e+00,0.000000000000000000e+00,5.000000000000000000e+03
9.499999999999999556e-01,2.000000000000000111e-01,-9.065633120557268221e-01,-2.172462881518528732e+00,0.000000000000000000e+00,0.000000000000000000e+00,5.000000000000000000e+03
1.000000000000000000e+00,2.000000000000000111e-01,-9.398548823326589030e-01,-2.359130941713010632e+00,0.000000000000000000e+00,0.000000000000000000e+00,5.000000000000000000e+03
1.050000000000000044e+00,2.000000000000000111e-01,-9.715124313608758388e-01,-2.551209760536372606e+00,0.000000000000000000e+00,0.000000000000000000e+00,5.000000000000000000e+03
1.100000000000000089e+00,2.000000000000000111e-01,-1.001535783492763843e+00,-2.748415307903740779e+00,0.000000000000000000e+00,0.000000000000000000e+00,5.000000000000000000e+03
1.149999999999999911e+00,2.000000000000000111e-01,-1.029923803548835393e+00,-2.950458380207881426e+00,0.000000000000000000e+00,0.000000000000000000e+00,5.000000000000000000e+03
1.199999999999999956e+00,2.000000000000000111e-01,-1.056674481902098561e+00,-3.157043397263407325e+00,0.000000000000000000e+00,0.000000000000000000e+00,5.000000000000000000e+03
1.250000000000000000e+00,2.000000000000000111e-01,-1.081785042724551227e+00,-3.367866986196120127e+00,0.000000000000000000e+00,0.000000000000000000e+00,5.000000000000000000e+03
1.300000000000000044e+00,2.000000000000000111e-01,-1.105252128849782967e+00,-3.582616413398838073e+00,0.000000000000000000e+00,0.000000000000000000e+00,5.000000000000000000e+03
1.350000000000000089e+00,2.000000000000000111e-01,-1.127072135063701186e+00,-3.800967954775760216e+00,0.000000000000000000e+00,0.000000000000000000e+00,5.000000000000000000e+03
1.399999999999999911e+00,2.000000000000000111e-01,-1.147241779601600564e+00,-4.022585337287954310e+00,0.000000000000000000e+00,0.000000000000000000e+00,5.000000000000000000e+03
1.449999999999999956e+00,2.000000000000000111e-01,-1.165759016214512611e+00,-4.247118439102346876e+00,0.000000000000000000e+00,0.000000000000000000e+00,5.000000000000000000e+03
1.500000000000000000e+00,2.000000000000000111e-01,-1.182624388921575287e+00,-4.474202496051224998e+00,0.000000000000000000e+00,0.000000000000000000e+00,5.000000000000000000e+03
1.550000000000000044e+00,2.000000000000000111e-01,-1.197842909764534891e+00,-4.703458119156931794e+00,0.000000000000000000e+00,0.000000000000000000e+00,5.000000000000000000e+03
1.600000000000000089e+00,2.000000000000000111e-01,-1.211426488917161981e+00,-4.934492468294514822e+00,0.000000000000000000e+00,0.000000000000000000e+00,5.000000000000000000e+03
1.649999999999999911e+00,2.000000000000000111e-01,-1.223396862999144075e+00,-5.166901935011294356e+00,0.000000000000000000e+00,0.000000000000000000e+00,5.000000000000000000e+03
1.699999999999999956e+00,2.000000000000000111e-01,-1.233788855021848763e+00,-5.400276648025605475e+00,0.000000000000000000e+00,0.000000000000000000e+00,5.000000000000000000e+03
1.750000000000000000e+00,2.000000000000000111e-01,-1.242653669924925541e+00,-5.634207016668513646e+00,0.000000000000000000e+00,0.000000000000000000e+00,5.000000000000000000e+03
1.800000000000000044e+00,2.000000000000000111e-01,-1.250061802447883341e+00,-5.868292365351224227e+00,0.000000000000000000e+00,0.000000000000000000e+00,5.000000000000000000e+03
1.850000000000000089e+00,2.000000000000000111e-01,-1.256105033388231318e+00,-6.102151487906287031e+00,0.000000000000000000e+00,0.000000000000000000e+00,5.000000000000000000e+03
1.899999999999999911e+00,2.000000000000000111e-01,-1.260896942526386066e+00,-6.335434672652514365e+00,0.000000000000000000e+00,0.000000000000000000e+00,5.000000000000000000e+03
1.949999999999999956e+00,2.000000000000000111e-01,-1.264571398296355786e+00,-6.567836430890318766e+00,0.000000000000000000e+00,0.000000000000000000e+00,5.000000000000000000e+03
2.000000000000000000e+00,2.000000000000000111e-01,-1.267278621549649653e+00,-6.799107823500227354e+00,0.000000000000000000e+00,0.000000000000000000e+00,5.000000000000000000e+03
2.049999999999999822e+00,2.000000000000000111e-01,-1.269178761624798257e+00,-7.029066814809571184e+00,0.000000000000000000e+00,0.000000000000000000e+00,5.000000000000000000e+03
2.100000000000000089e+00,2.000000000000000111e-01,-1.270432817131017966e+00,-7.257605990740755963e+00,0.000000000000000000e+00,0.000000000000000000e+00,5.000000000000000000e+03
2.149999999999999911e+00,2.000000000000000111e-01,-1.271192537555727364e+00,-7.484693131044162229e+00,0.000000000000000000e+00,0.000000000000000000e+00,5.000000000000000000e+03
2.200000000000000178e+00,2.000000000000000111e-01,-1.271592001139031591e+00,-7.710362985364374921e+00,0.000000000000000000e+00,0.000000000000000000e+00,5.000000000000000000e+03
2.250000000000000000e+00,2.000000000000000111e-01,-1.271742658600629516e+00,-7.934702758401749989e+00,0.000000000000000000e+00,0.000000000000000000e+00,5.000000000000000000e+03
2.299999999999999822e+00,2.000000000000000111e-01,-1.271732067825294576e+00,-8.157835278868159179e+00,0.000000000000000000e+00,0.000000000000000000e+00,5.000000000000000000e+03
2.350000000000000089e+00,2.000000000000000111e-01,-1.271625473862899147e+00,-8.379903094704264532e+00,0.000000000000000000e+00,0.000000000000000000e+00,5.000000000000000000e+03
2.399999999999999911e+00,2.000000000000000111e-01,-1.271469047168644950e+00,-8.601055316455205713e+00,0.000000000000000000e+00,0.000000000000000000e+00,5.000000000000000000e+03
2.450000000000000178e+00,2.000000000000000111e-01,-1.271293735294312999e+00,-8.821437817875802168e+00,0.000000000000000000e+00,0.000000000000000000e+00,5.000000000000000000e+03
2.500000000000000000e+00,2.000000000000000111e-01,-1.271119011597166226e+00,-9.041186645727885107e+00,0.000000000000000000e+00,0.000000000000000000e+00,5.000000000000000000e+03
2.549999999999999822e+00,2.000000000000000111e-01,-1.270956129921483546e+00,-9.260424127503204872e+00,0.000000000000000000e+00,0.000000000000000000e+00,5.000000000000000000e+03
2.600000000000000089e+00,2.000000000000000111e-01,-1.270810738234094073e+00,-9.479257058620014220e+00,0.000000000000000000e+00,0.000000000000000000e+00,5.000000000000000000e+03
2.649999999999999911e+00,2.000000000000000111e-01,-1.270684855879716579e+00,-9.697776381331582485e+00,0.000000000000000000e+00,0.000000000000000000e+00,5.000000000000000000e+03
2.700000000000000178e+00,2.000000000000000111e-01,-1.270578296529188966e+00,-9.916057858261401847e+00,0.000000000000000000e+00,0.000000000000000000e+00,5.000000000000000000e+03
2.750000000000000000e+00,2.000000000000000111e-01,-1.270489646578695675e+00,-1.013416335000596291e+01,0.000000000000000000e+00,0.000000000000000000e+00,5.000000000000000000e+03
2.799999999999999822e+00,2.000000000000000111e-01,-1.270416907824769570e+00,-1.035214240671247587e+01,0.000000000000000000e+00,0.000000000000000000e+00,5.000000000000000000e+03
2.850000000000000089e+00,2.000000000000000111e-01,-1.270357898600708690e+00,-1.057003396892165092e+01,0.000000000000000000e+00,0.000000000000000000e+00,5.000000000000000000e+03
2.899999999999999911e+00,2.000000000000000111e-01,-1.270310488417833561e+00,-1.078786804104300323e+01,0.000000000000000000e+00,0.000000000000000000e+00,5.000000000000000000e+03
2.950000000000000178e+00,2.000000000000000111e-01,-1.270272722487630679e+00,-1.100566725263022327e+01,0.000000000000000000e+00,0.000000000000000000e+00,5.000000000000000000e+03
3.000000000000000000e+00,2.000000000000000111e-01,-1.270242876547942990e+00,-1.122344826048912125e+01,0.000000000000000000e+00,0.000000000000000000e+00,5.000000000000000000e+03
3.049999999999999822e+00,2.000000000000000111e-01,-1.270219469828585801e+00,-1.144122297125077026e+01,0.000000000000000000e+00,0.000000000000000000e+00,5.000000000000000000e+03
3.100000000000000089e+00,2.000000000000000111e-01,-1.270201254603732899e+00,-1.165899958190007091e+01,0.000000000000000000e+00,0.000000000000000000e+00,5.000000000000000000e+03
3.149999999999999911e+00,2.000000000000000111e-01,-1.270187194081958459e+00,-1.187678344705080846e+01,0.000000000000000000e+00,0.000000000000000000e+00,5.000000000000000000e+03
3.200000000000000178e+00,2.000000000000000111e-01,-1.270176435788174629e+00,-1.209457778829343511e+01,0.000000000000000000e+00,0.000000000000000000e+00,5.000000000000000000e+03
3.250000000000000000e+00,2.000000000000000111e-01,-1.270168284547993354e+00,-1.231238426412618026e+01,0.000000000000000000e+00,0.000000000000000000e+00,5.000000000000000000e+03
3.299999999999999822e+00,2.000000000000000111e-01,-1.270162177242443624e+00,-1.253020341989880926e+01,0.000000000000000000e+00,0.000000000000000000e+00,5.000000000000000000e+03
3.350000000000000089e+00,2.000000000000000111e-01,-1.270157660309733982e+00,-1.274803503665791737e+01,0.000000000000000000e+00,0.000000000000000000e+00,5.000000000000000000e+03
3.399999999999999911e+00,2.000000000000000111e-01,-1.270154370275333067e+00,-1.296587839637113859e+01,0.000000000000000000e+00,0.000000000000000000e+00,5.000000000000000000e+03
3.450000000000000178e+00,2.000000000000000111e-01,-1.270152017210216089e+00,-1.318373247913921986e+01,0.000000000000000000e+00,0.000000000000000000e+00,5.000000000000000000e+03
3.500000000000000000e+00,2.000000000000000111e-01,-1.270150370826319319e+00,-1.340159610596316142e+01,0.000000000000000000e+00,0.000000000000000000e+00,5.000000000000000000e+03
3.549999999999999822e+00,2.000000000000000111e-01,-1.270149248835314548e+00,-1.361946803860619326e+01,0.000000000000000000e+00,0.000000000000000000e+00,5.000000000000000000e+03
3.600000000000000089e+00,2.000000000000000111e-01,-1.270148507168402885e+00,-1.383734704619662992e+01,0.000000000000000000e+00,0.000000000000000000e+00,5.000000000000000000e+03
3.649999999999999911e+00,2.000000000000000111e-01,-1.270148031647535980e+00,-1.405523194652404406e+01,0.000000000000000000e+00,0.000000000000000000e+00,5.000000000000000000e+03
3.700000000000000178e+00,2.000000000000000111e-01,-1.270147730693194088e+00,-1.427312162852191868e+01,0.000000000000000000e+00,0.000000000000000000e+00,5.000000000000000000e+03
3.750000000000000000e+00,2.000000000000000111e-01,-1.270147528643193802e+00,-1.449101506119443350e+01,0.000000000000000000e+00,0.000000000000000000e+00,5.000000000000000000e+03
3.799999999999999822e+00,2.000000000000000111e-01,-1.270147359241538876e+00,-1.470891129316197166e+01,0.000000000000000000e+00,0.000000000000000000e+00,5.000000000000000000e+03
3.850000000000000089e+00,2.000000000000000111e-01,-1.270147158826728795e+00,-1.492680944583361402e+01,0.000000000000000000e+00,0.000000000000000000e+00,5.000000000000000000e+03
3.899999999999999911e+00,2.000000000000000111e-01,-1.270146858599917605e+00,-1.514470870131574820e+01,0.000000000000000000e+00,0.000000000000000000e+00,5.000000000000000000e+03
3.950000000000000178e+00,2.000000000000000111e-01,-1.270146374536500478e+00,-1.536260828179628923e+01,0.000000000000000000e+00,0.000000000000000000e+00,5.000000000000000000e+03
4.000000000000000000e+00,2.000000000000000111e-01,-1.270145589732841751e+00,-1.558050740586359417e+01,0.000000000000000000e+00,0.000000000000000000e+00,5.000000000000000000e+03
0.000000000000000000e+00,2.500000000000000000e-01,0.000000000000000000e+00,0.000000000000000000e+00,1.000000000000000000e+00,0.000000000000000000e+00,5.000000000000000000e+03
5.000000000000000278e-02,2.500000000000000000e-01,-3.814055953492256207e-02,-2.213156653581926231e-02,0.000000000000000000e+00,0.000000000000000000e+00,5.000000000000000000e+03
1.000000000000000056e-01,2.500000000000000000e-01,-7.957234588091458005e-02,-6.087876316641482877e-02,0.000000000000000000e+00,0.000000000000000000e+00,5.000000000000000000e+03
1.499999999999999944e-01,2.500000000000000000e-01,-1.237236629562166179e-01,-1.135628207883263852e-01,0.000000000000000000e+00,0.000000000000000000e+00,5.000000000000000000e+03
2.000000000000000111e-01,2.500000000000000000e-01,-1.695974355843567205e-01,-1.780685855780208271e-01,0.000000000000000000e+00,0.000000000000000000e+00,5.000000000000000000e+03
2.500000000000000000e-01,2.500000000000000000e-01,-2.161327450886961488e-01,-2.529304081716597374e-01,0.000000000000000000e+00,0.000000000000000000e+00,5.000000000000000000e+03
2.999999999999999889e-01,2.500000000000000000e-01,-2.624666047208989994e-01,-3.372514924538578263e-01,0.000000000000000000e+00,0.000000000000000000e+00,5.000000000000000000e+03
3.499999999999999778e-01,2.500000000000000000e-01,-3.080220988770716595e-01,-4.305239672957210662e-01,0.000000000000000000e+00,0.000000000000000000e+00,5.000000000000000000e+03
4.000000000000000222e-01,2.500000000000000000e-01,-3.524623528432881958e-01,-5.324421398551276718e-01,0.000000000000000000e+00,0.000000000000000000e+00,5.000000000000000000e+03
4.500000000000000111e-01,2.500000000000000000e-01,-3.956073459022617089e-01,-6.427781702860220214e-01,0.000000000000000000e+00,0.000000000000000000e+00,5.000000000000000000e+03
5.000000000000000000e-01,2.500000000000000000e-01,-4.373696701409016119e-01,-7.613227096474732836e-01,0.000000000000000000e+00,0.000000000000000000e+00,5.000000000000000000e+03
5.500000000000000444e-01,2.500000000000000000e-01,-4.777135539995372437e-01,-8.878616586073639905e-01,0.000000000000000000e+00,0.000000000000000000e+00,5.000000000000000000e+03
5.999999999999999778e-01,2.500000000000000000e-01,-5.166305179679162585e-01,-1.022169354845360312e+00,0.000000000000000000e+00,0.000000000000000000e+00,5.000000000000000000e+03
6.500000000000000222e-01,2.500000000000000000e-01,-5.541254541198217254e-01,-1.164008329995725566e+00,0.000000000000000000e+00,0.000000000000000000e+00,5.000000000000000000e+03
6.999999999999999556e-01,2.500000000000000000e-01,-5.902089237246441744e-01,-1.313131222287683419e+00,0.000000000000000000e+00,0.000000000000000000e+00,5.000000000000000000e+03
7.500000000000000000e-01,2.500000000000000000e-01,-6.248930689394500693e-01,-1.469283021752060270e+00,0.000000000000000000e+00,0.000000000000000000e+00,5.000000000000000000e+03
8.000000000000000444e-01,2.500000000000000000e-01,-6.581895786573168650e-01,-1.632202979335243276e+00,0.000000000000000000e+00,0.000000000000000000e+00,5.000000000000000000e+03
8.499999999999999778e-01,2.500000000000000000e-01,-6.901087872715869764e-01,-1.801625996970424470e+00,0.000000000000000000e+00,0.000000000000000000e+00,5.000000000000000000e+03
9.000000000000000222e-01,2.500000000000000000e-01,-7.206593668491836358e-01,-1.977283501683532840e+00,0.000000000000000000e+00,0.000000000000000000e+00,5.000000000000000000e+03
9.499999999999999556e-01,2.500000000000000000e-01,-7.498482993735259283e-01,-2.158903863634518139e+00,0.000000000000000000e+00,0.000000000000000000e+00,5.000000000000000000e+03
1.000000000000000000e+00,2.500000000000000000e-01,-7.776809493792237182e-01,-2.346212422690514110e+00,0.000000000000000000e+00,0.000000000000000000e+00,5.000000000000000000e+03
1.050000000000000044e+00,2.500000000000000000e-01,-8.041611366468182087e-01,-2.538931174842835592e+00,0.000000000000000000e+00,0.000000000000000000e+00,5.000000000000000000e+03
1.100000000000000089e+00,2.500000000000000000e-01,-8.292911568684572243e-01,-2.736778153312730666e+00,0.000000000000000000e+00,0.000000000000000000e+00,5.000000000000000000e+03
1.149999999999999911e+00,2.500000000000000000e-01,-8.530717297997184589e-01,-2.939466525955058529e+00,0.000000000000000000e+00,0.000000000000000000e+00,5.000000000000000000e+03
1.199999999999999956e+00,2.500000000000000000e-01,-8.755018787752480991e-01,-3.146703423726512128e+00,0.000000000000000000e+00,0.000000000000000000e+00,5.000000000000000000e+03
1.250000000000000000e+00,2.500000000000000000e-01,-8.965787689240248826e-01,-3.358188516872377516e+00,0.000000000000000000e+00,0.000000000000000000e+00,5.000000000000000000e+03
1.300000000000000044e+00,2.500000000000000000e-01,-9.162975581065885278e-01,-3.573612368709092824e+00,0.000000000000000000e+00,0.000000000000000000e+00,5.000000000000000000e+03
1.350000000000000089e+00,2.500000000000000000e-01,-9.346513463812822220e-01,-3.792654624562749266e+00,0.000000000000000000e+00,0.000000000000000000e+00,5.000000000000000000e+03
1.399999999999999911e+00,2.500000000000000000e-01,-9.516313454960331208e-01,-4.014982138637968490e+00,0.000000000000000000e+00,0.000000000000000000e+00,5.000000000000000000e+03
1.449999999999999956e+00,2.500000000000000000e-01,-9.672274240424669767e-01,-4.240247205849511758e+00,0.000000000000000000e+00,0.000000000000000000e+00,5.000000000000000000e+03
1.500000000000000000e+00,2.500000000000000000e-01,-9.814292059560474346e-01,-4.468086146575981132e+00,0.000000000000000000e+00,0.000000000000000000e+00,5.000000000000000000e+03
1.550000000000000044e+00,2.500000000000000000e-01,-9.942278950629502843e-01,-4.698118581202801458e+00,0.000000000000000000e+00,0.000000000000000000e+00,5.000000000000000000e+03
1.600000000000000089e+00,2.500000000000000000e-01,-1.005618950242863630e+00,-4.929947812020945896e+00,0.000000000000000000e+00,0.000000000000000000e+00,5.000000000000000000e+03
1.649999999999999911e+00,2.500000000000000000e-01,-1.015605632780154810e+00,-5.163162780201450808e+00,0.000000000000000000e+00,0.000000000000000000e+00,5.000000000000000000e+03
1.699999999999999956e+00,2.500000000000000000e-01,-1.024203288478964025e+00,-5.397342060866287206e+00,0.000000000000000000e+00,0.000000000000000000e+00,5.000000000000000000e+03
1.750000000000000000e+00,2.500000000000000000e-01,-1.031444025598804437e+00,-5.632060279123579427e+00,0.000000000000000000e+00,0.000000000000000000e+00,5.000000000000000000e+03
1.800000000000000044e+00,2.500000000000000000e-01,-1.037381233586289753e+00,-5.866897162217912687e+00,0.000000000000000000e+00,0.000000000000000000e+00,5.000000000000000000e+03
1.850000000000000089e+00,2.500000000000000000e-01,-1.042093195270723971e+00,-6.101449185792632512e+00,0.000000000000000000e+00,0.000000000000000000e+00,5.000000000000000000e+03
1.899999999999999911e+00,2.500000000000000000e-01,-1.045684919748646857e+00,-6.335343432205029046e+00,0.000000000000000000e+00,0.000000000000000000e+00,5.000000000000000000e+03
1.949999999999999956e+00,2.500000000000000000e-01,-1.048287308610277080e+00,-6.568252866977332793e+00,0.000000000000000000e+00,0.000000000000000000e+00,5.000000000000000000e+03
2.000000000000000000e+00,2.500000000000000000e-01,-1.050052907762983656e+00,-6.799911771873783373e+00,0.000000000000000000e+00,0.000000000000000000e+00,5.000000000000000000e+03
2.049999999999999822e+00,2.500000000000000000e-01,-1.051148017747193020e+00,-7.030129230237150750e+00,0.000000000000000000e+00,0.000000000000000000e+00,5.000000000000000000e+03
2.100000000000000089e+00,2.500000000000000000e-01,-1.051740235963751768e+00,-7.258800954840991970e+00,0.000000000000000000e+00,0.000000000000000000e+00,5.000000000000000000e+03
2.149999999999999911e+00,2.500000000000000000e-01,-1.051984319263726597e+00,-7.485910359346685361e+00,0.000000000000000000e+00,0.000000000000000000e+00,5.000000000000000000e+03
2.200000000000000178e+00,2.500000000000000000e-01,-1.052011057564885332e+00,-7.711516535900713620e+00,0.000000000000000000e+00,0.000000000000000000e+00,5.000000000000000000e+03
2.250000000000000000e+00,2.500000000000000000e-01,-1.051921768446635319e+00,-7.935734221791509668e+00,0.000000000000000000e+00,0.000000000000000000e+00,5.000000000000000000e+03
2.299999999999999822e+00,2.500000000000000000e-01,-1.051788235978232899e+00,-8.158712194216425573e+00,0.000000000000000000e+00,0.000000000000000000e+00,5.000000000000000000e+03
2.350000000000000089e+00,2.500000000000000000e-01,-1.051656380602105090e+00,-8.380614416540295153e+00,0.000000000000000000e+00,0.000000000000000000e+00,5.000000000000000000e+03
2.399999999999999911e+00,2.500000000000000000e-01,-1.051551706191425239e+00,-8.601605736049846129e+00,0.000000000000000000e+00,0.000000000000000000e+00,5.000000000000000000e+03
2.450000000000000178e+00,2.500000000000000000e-01,-1.051485011639438749e+00,-8.821842229848590122e+00,0.000000000000000000e+00,0.000000000000000000e+00,5.000000000000000000e+03
2.500000000000000000e+00,2.500000000000000000e-01,-1.051457460059165738e+00,-9.041465474709228900e+00,0.000000000000000000e+00,0.000000000000000000e+00,5.000000000000000000e+03
2.549999999999999822e+00,2.500000000000000000e-01,-1.051464608186029492e+00,-9.260599779557090017e+00,0.000000000000000000e+00,0.000000000000000000e+00,5.000000000000000000e+03
2.600000000000000089e+00,2.500000000000000000e-01,-1.051499337335614959e+00,-9.479351477939195192e+00,0.000000000000000000e+00,0.000000000000000000e+00,5.000000000000000000e+03
2.649999999999999911e+00,2.500000000000000000e-01,-1.051553811399917882e+00,-9.697809547541680786e+00,0.000000000000000000e+00,0.000000000000000000e+00,5.000000000000000000e+03
2.700000000000000178e+00,2.500000000000000000e-01,-1.051620661558886116e+00,-9.916047009303310844e+00,0.000000000000000000e+00,0.000000000000000000e+00,5.000000000000000000e+03
2.750000000000000000e+00,2.500000000000000000e-01,-1.051693605345744409e+00,-1.013412272033291650e+01,0.000000000000000000e+00,0.000000000000000000e+00,5.000000000000000000e+03
2.799999999999999822e+00,2.500000000000000000e-01,-1.051767682206331100e+00,-1.035208330180425840e+01,0.000000000000000000e+00,0.000000000000000000e+00,5.000000000000000000e+03
2.850000000000000089e+00,2.500000000000000000e-01,-1.051839249809214394e+00,-1.056996503693053135e+01,0.000000000000000000e+00,0.000000000000000000e+00,5.000000000000000000e+03
2.899999999999999911e+00,2.500000000000000000e-01,-1.051905846962769564e+00,-1.078779564088493537e+01,0.000000000000000000e+00,0.000000000000000000e+00,5.000000000000000000e+03
2.950000000000000178e+00,2.500000000000000000e-01,-1.051965995730516523e+00,-1.100559585050980793e+01,0.000000000000000000e+00,0.000000000000000000e+00,5.000000000000000000e+03
3.000000000000000000e+00,2.500000000000000000e-01,-1.052018989114693381e+00,-1.122338081235819196e+01,0.000000000000000000e+00,0.000000000000000000e+00,5.000000000000000000e+03
3.049999999999999822e+00,2.500000000000000000e-01,-1.052064691401833008e+00,-1.144116126737677241e+01,0.000000000000000000e+00,0.000000000000000000e+00,5.000000000000000000e+03
3.100000000000000089e+00,2.500000000000000000e-01,-1.052103364927039486e+00,-1.165894454262224755e+01,0.000000000000000000e+00,0.000000000000000000e+00,5.000000000000000000e+03
3.149999999999999911e+00,2.500000000000000000e-01,-1.052135528334321890e+00,-1.187673536718691736e+01,0.000000000000000000e+00,0.000000000000000000e+00,5.000000000000000000e+03
3.200000000000000178e+00,2.500000000000000000e-01,-1.052161846158502057e+00,-1.209453653271128104e+01,0.000000000000000000e+00,0.000000000000000000e+00,5.000000000000000000e+03
3.250000000000000000e+00,2.500000000000000000e-01,-1.052183046689910473e+00,-1.231234941970783048e+01,0.000000000000000000e+00,0.000000000000000000e+00,5.000000000000000000e+03
3.299999999999999822e+00,2.500000000000000000e-01,-1.052199863794911705e+00,-1.253017441027940748e+01,0.000000000000000000e+00,0.000000000000000000e+00,5.000000000000000000e+03
3.350000000000000089e+00,2.500000000000000000e-01,-1.052212998055656712e+00,-1.274801120629447126e+01,0.000000000000000000e+00,0.000000000000000000e+00,5.000000000000000000e+03
3.399999999999999911e+00,2.500000000000000000e-01,-1.052223092842486274e+00,-1.296585907009941430e+01,0.000000000000000000e+00,0.000000000000000000e+00,5.000000000000000000e+03
3.450000000000000178e+00,2.500000000000000000e-01,-1.052230721462285690e+00,-1.318371700268841451e+01,0.000000000000000000e+00,0.000000000000000000e+00,5.000000000000000000e+03
3.500000000000000000e+00,2.500000000000000000e-01,-1.052236382158050931e+00,-1.340158387209955748e+01,0.000000000000000000e+00,0.000000000000000000e+00,5.000000000000000000e+03
3.549999999999999822e+00,2.500000000000000000e-01,-1.052240498363573584e+00,-1.361945850277970216e+01,0.000000000000000000e+00,0.000000000000000000e+00,5.000000000000000000e+03
3.600000000000000089e+00,2.500000000000000000e-01,-1.052243422185950017e+00,-1.383733973483027491e+01,0.000000000000000000e+00,0.000000000000000000e+00,5.000000000000000000e+03
3.649999999999999911e+00,2.500000000000000000e-01,-1.052245439572318864e+00,-1.405522646044542334e+01,0.000000000000000000e+00,0.000000000000000000e+00,5.000000000000000000e+03
3.700000000000000178e+00,2.500000000000000000e-01,-1.052246776010401952e+00,-1.427311764349503775e+01,0.000000000000000000e+00,0.000000000000000000e+00,5.000000000000000000e+03
3.750000000000000000e+00,2.500000000000000000e-01,-1.052247601916537656e+00,-1.449101232706684961e+01,0.000000000000000000e+00,0.000000000000000000e+00,5.000000000000000000e+03
3.799999999999999822e+00,2.500000000000000000e-01,-1.052248037073170606e+00,-1.470890963280112729e+01,0.000000000000000000e+00,0.000000000000000000e+00,5.000000000000000000e+03
3.850000000000000089e+00,2.500000000000000000e-01,-1.052248153535872088e+00,-1.492680875486601799e+01,0.000000000000000000e+00,0.000000000000000000e+00,5.000000000000000000e+03
3.899999999999999911e+00,2.500000000000000000e-01,-1.052247976131507112e+00,-1.514470895007175599e+01,0.000000000000000000e+00,0.000000000000000000e+00,5.000000000000000000e+03
3.950000000000000178e+00,2.500000000000000000e-01,-1.052247478373913747e+00,-1.536260952321055306e+01,0.000000000000000000e+00,0.000000000000000000e+00,5.000000000000000000e+03
4.000000000000000000e+00,2.500000000000000000e-01,-1.052246567553806189e+00,-1.558050980235589122e+01,0.000000000000000000e+00,0.000000000000000000e+00,5.000000000000000000e+03
0.000000000000000000e+00,2.999999999999999889e-01,0.000000000000000000e+00,0.000000000000000000e+00,1.000000000000000000e+00,0.000000000000000000e+00,5.000000000000000000e+03
5.000000000000000278e-02,2.999999999999999889e-01,-2.994575433321104013e-02,-1.809338770312893252e-02,0.000000000000000000e+00,0.000000000000000000e+00,5.000000000000000000e+03
1.000000000000000056e-01,2.999999999999999889e-01,-6.224402573829831975e-02,-5.282071443075806588e-02,0.000000000000000000e+00,0.000000000000000000e+00,5.000000000000000000e+03
1.499999999999999944e-01,2.999999999999999889e-01,-9.659963602247241543e-02,-1.020722927859445406e-01,0.000000000000000000e+00,0.000000000000000000e+00,5.000000000000000000e+03
2.000000000000000111e-01,2.999999999999999889e-01,-1.324144357358558455e-01,-1.640293232065372919e-01,0.000000000000000000e+00,0.000000000000000000e+00,5.000000000000000000e+03
2.500000000000000000e-01,2.999999999999999889e-01,-1.689826430216172515e-01,-2.372621597372730762e-01,0.000000000000000000e+00,0.000000000000000000e+00,5.000000000000000000e+03
2.999999999999999889e-01,2.999999999999999889e-01,-2.056539953856726666e-01,-3.207299841618036496e-01,0.000000000000000000e+00,0.000000000000000000e+00,5.000000000000000000e+03
3.499999999999999778e-01,2.999999999999999889e-01,-2.419248275577534912e-01,-4.137118760068847489e-01,0.000000000000000000e+00,0.000000000000000000e+00,5.000000000000000000e+03
4.000000000000000222e-01,2.999999999999999889e-01,-2.774543189021206335e-01,-5.157074873620800526e-01,0.000000000000000000e+00,0.000000000000000000e+00,5.000000000000000000e+03
4.500000000000000111e-01,2.999999999999999889e-01,-3.120349293417341019e-01,-6.263459112576594823e-01,0.000000000000000000e+00,0.000000000000000000e+00,5.000000000000000000e+03
5.000000000000000000e-01,2.999999999999999889e-01,-3.455515427570057807e-01,-7.453227775372202046e-01,0.000000000000000000e+00,0.000000000000000000e+00,5.000000000000000000e+03
5.500000000000000444e-01,2.999999999999999889e-01,-3.779474445480637268e-01,-8.723643063185447799e-01,0.000000000000000000e+00,0.000000000000000000e+00,5.000000000000000000e+03
5.999999999999999778e-01,2.999999999999999889e-01,-4.092004695722533114e-01,-1.007208831014400729e+00,0.000000000000000000e+00,0.000000000000000000e+00,5.000000000000000000e+03
6.500000000000000222e-01,2.999999999999999889e-01,-4.393076138862505031e-01,-1.149598006038268228e+00,0.000000000000000000e+00,0.000000000000000000e+00,5.000000000000000000e+03
6.999999999999999556e-01,2.999999999999999889e-01,-4.682756209262313174e-01,-1.299272967158561665e+00,0.000000000000000000e+00,0.000000000000000000e+00,5.000000000000000000e+03
7.500000000000000000e-01,2.999999999999999889e-01,-4.961154794441938742e-01,-1.455972871309577199e+00,0.000000000000000000e+00,0.000000000000000000e+00,5.000000000000000000e+03
8.000000000000000444e-01,2.999999999999999889e-01,-5.228393654214861241e-01,-1.619434489926823151e+00,0.000000000000000000e+00,0.000000000000000000e+00,5.000000000000000000e+03
8.499999999999999778e-01,2.999999999999999889e-01,-5.484590493743507489e-01,-1.789392195052464274e+00,0.000000000000000000e+00,0.000000000000000000e+00,5.000000000000000000e+03
9.000000000000000222e-01,2.999999999999999889e-01,-5.729851386523852064e-01,-1.965578017347989093e+00,0.000000000000000000e+00,0.000000000000000000e+00,5.000000000000000000e+03
9.499999999999999556e-01,2.999999999999999889e-01,-5.964267571052846995e-01,-2.147721622999783975e+00,0.000000000000000000e+00,0.000000000000000000e+00,5.000000000000000000e+03
1.000000000000000000e+00,2.999999999999999889e-01,-6.187914150221170972e-01,-2.335550135866985677e+00,0.000000000000000000e+00,0.000000000000000000e+00,5.000000000000000000e+03
1.050000000000000044e+00,2.999999999999999889e-01,-6.400849179267705802e-01,-2.528787765947419164e+00,0.000000000000000000e+00,0.000000000000000000e+00,5.000000000000000000e+03
1.100000000000000089e+00,2.999999999999999889e-01,-6.603112238202364370e-01,-2.727155218021822591e+00,0.000000000000000000e+00,0.000000000000000000e+00,5.000000000000000000e+03
1.149999999999999911e+00,2.999999999999999889e-01,-6.794721992835194291e-01,-2.930368857113812897e+00,0.000000000000000000e+00,0.000000000000000000e+00,5.000000000000000000e+03
1.199999999999999956e+00,2.999999999999999889e-01,-6.975672561281430761e-01,-3.138139607036794843e+00,0.000000000000000000e+00,0.000000000000000000e+00,5.000000000000000000e+03
1.250000000000000000e+00,2.999999999999999889e-01,-7.145928801830301325e-01,-3.350171559797842757e+00,0.000000000000000000e+00,0.000000000000000000e+00,5.000000000000000000e+03
1.300000000000000044e+00,2.999999999999999889e-01,-7.305420987888092688e-01,-3.566160282079176014e+00,0.000000000000000000e+00,0.000000000000000000e+00,5.000000000000000000e+03
1.350000000000000089e+00,2.999999999999999889e-01,-7.454039782250994062e-01,-3.785790826700536904e+00,0.000000000000000000e+00,0.000000000000000000e+00,5.000000000000000000e+03
1.399999999999999911e+00,2.999999999999999889e-01,-7.591632981195951535e-01,-4.008735499525875490e+00,0.000000000000000000e+00,0.000000000000000000e+00,5.000000000000000000e+03
1.449999999999999956e+00,2.999999999999999889e-01,-7.718006128740165783e-01,-4.234651503382377946e+00,0.000000000000000000e+00,0.000000000000000000e+00,5.000000000000000000e+03
1.500000000000000000e+00,2.999999999999999889e-01,-7.832929678421745034e-01,-4.463178684480809899e+00,0.000000000000000000e+00,0.000000000000000000e+00,5.000000000000000000e+03
1.550000000000000044e+00,2.999999999999999889e-01,-7.936155679580751965e-01,-4.693937739307413537e+00,0.000000000000000000e+00,0.000000000000000000e+00,5.000000000000000000e+03
1.600000000000000089e+00,2.999999999999999889e-01,-8.027446689565134186e-01,-4.926529383522647798e+00,0.000000000000000000e+00,0.000000000000000000e+00,5.000000000000000000e+03
1.649999999999999911e+00,2.999999999999999889e-01,-8.106618478058823518e-01,-5.160535107511576847e+00,0.000000000000000000e+00,0.000000000000000000e+00,5.000000000000000000e+03
1.699999999999999956e+00,2.999999999999999889e-01,-8.173595951260090864e-01,-5.395520205664662505e+00,0.000000000000000000e+00,0.000000000000000000e+00,5.000000000000000000e+03
1.750000000000000000e+00,2.999999999999999889e-01,-8.228478690142446705e-01,-5.631039729740598077e+00,0.000000000000000000e+00,0.000000000000000000e+00,5.000000000000000000e+03
1.800000000000000044e+00,2.999999999999999889e-01,-8.271608960618708206e-01,-5.866647854597891509e+00,0.000000000000000000e+00,0.000000000000000000e+00,5.000000000000000000e+03
1.850000000000000089e+00,2.999999999999999889e-01,-8.303631624602515471e-01,-6.101910848339789695e+00,0.000000000000000000e+00,0.000000000000000000e+00,5.000000000000000000e+03
1.899999999999999911e+00,2.999999999999999889e-01,-8.325532768736825240e-01,-6.336423413665137616e+00,0.000000000000000000e+00,0.000000000000000000e+00,5.000000000000000000e+03
1.949999999999999956e+00,2.999999999999999889e-01,-8.338642783663547942e-01,-6.569827622574672787e+00,0.000000000000000000e+00,0.000000000000000000e+00,5.000000000000000000e+03
2.000000000000000000e+00,2.999999999999999889e-01,-8.344590736991784885e-01,-6.801833014567883140e+00,0.000000000000000000e+00,0.000000000000000000e+00,5.000000000000000000e+03
2.049999999999999822e+00,2.999999999999999889e-01,-8.345205409129281549e-01,-7.032234826538214634e+00,0.000000000000000000e+00,0.000000000000000000e+00,5.000000000000000000e+03
2.100000000000000089e+00,2.999999999999999889e-01,-8.342334697822935130e-01,-7.260933567402781286e+00,0.000000000000000000e+00,0.000000000000000000e+00,5.000000000000000000e+03
2.149999999999999911e+00,2.999999999999999889e-01,-8.337638307581042296e-01,-7.487936549013605614e+00,0.000000000000000000e+00,0.000000000000000000e+00,5.000000000000000000e+03
2.200000000000000178e+00,2.999999999999999889e-01,-8.332436967250201887e-01,-7.713338843532931755e+00,0.000000000000000000e+00,0.000000000000000000e+00,5.000000000000000000e+03
2.250000000000000000e+00,2.999999999999999889e-01,-8.327654055510272935e-01,-7.937294217776836192e+00,0.000000000000000000e+00,0.000000000000000000e+00,5.000000000000000000e+03
2.299999999999999822e+00,2.999999999999999889e-01,-8.323836991675940267e-01,-8.159986536922049893e+00,0.000000000000000000e+00,0.000000000000000000e+00,5.000000000000000000e+03
2.350000000000000089e+00,2.999999999999999889e-01,-8.321225889647679841e-01,-8.381607175399910403e+00,0.000000000000000000e+00,0.000000000000000000e+00,5.000000000000000000e+03
2.399999999999999911e+00,2.999999999999999889e-01,-8.319838745532422974e-01,-8.602339740419679970e+00,0.000000000000000000e+00,0.000000000000000000e+00,5.000000000000000000e+03
2.450000000000000178e+00,2.999999999999999889e-01,-8.319552509157923659e-01,-8.822351185384242456e+00,0.000000000000000000e+00,0.000000000000000000e+00,5.000000000000000000e+03
2.500000000000000000e+00,2.999999999999999889e-01,-8.320169591876556137e-01,-9.041787667200955170e+00,0.000000000000000000e+00,0.000000000000000000e+00,5.000000000000000000e+03
2.549999999999999822e+00,2.999999999999999889e-01,-8.321466693788061031e-01,-9.260773555327089568e+00,0.000000000000000000e+00,0.000000000000000000e+00,5.000000000000000000e+03
2.600000000000000089e+00,2.999999999999999889e-01,-8.323227074933363667e-01,-9.479412337430447977e+00,0.000000000000000000e+00,0.000000000000000000e+00,5.000000000000000000e+03
2.649999999999999911e+00,2.999999999999999889e-01,-8.325259312625472585e-01,-9.697788537161478928e+00,0.000000000000000000e+00,0.000000000000000000e+00,5.000000000000000000e+03
2.700000000000000178e+00,2.999999999999999889e-01,-8.327406057283578411e-01,-9.915970067493187656e+00,0.000000000000000000e+00,0.000000000000000000e+00,5.000000000000000000e+03
2.750000000000000000e+00,2.999999999999999889e-01,-8.329546005770076533e-01,-1.013401066822108731e+01,0.000000000000000000e+00,0.000000000000000000e+00,5.000000000000000000e+03
2.799999999999999822e+00,2.999999999999999889e-01,-8.331591701754412771e-01,-1.035195222862957287e+01,0.000000000000000000e+00,0.000000000000000000e+00,5.000000000000000000e+03
2.850000000000000089e+00,2.999999999999999889e-01,-8.333485103859851195e-01,-1.056982689404254572e+01,0.000000000000000000e+00,0.000000000000000000e+00,5.000000000000000000e+03
2.899999999999999911e+00,2.999999999999999889e-01,-8.335192261613250109e-01,-1.078765891484336059e+01,0.000000000000000000e+00,0.000000000000000000e+00,5.000000000000000000e+03
2.950000000000000178e+00,2.999999999999999889e-01,-8.336697955301191065e-01,-1.100546623159254800e+01,0.000000000000000000e+00,0.000000000000000000e+00,5.000000000000000000e+03
3.000000000000000000e+00,2.999999999999999889e-01,-8.338000794687207007e-01,-1.122326180923191252e+01,0.000000000000000000e+00,0.000000000000000000e+00,5.000000000000000000e+03
3.049999999999999822e+00,2.999999999999999889e-01,-8.339109018828094744e-01,-1.144105474310289416e+01,0.000000000000000000e+00,0.000000000000000000e+00,5.000000000000000000e+03
3.100000000000000089e+00,2.999999999999999889e-01,-8.340037073396687761e-01,-1.165885116349866735e+01,0.000000000000000000e+00,0.000000000000000000e+00,5.000000000000000000e+03
3.149999999999999911e+00,2.999999999999999889e-01,-8.340802941096726597e-01,-1.187665496612589067e+01,0.000000000000000000e+00,0.000000000000000000e+00,5.000000000000000000e+03
3.200000000000000178e+00,2.999999999999999889e-01,-8.341426145890378230e-01,-1.209446839465062595e+01,0.000000000000000000e+00,0.000000000000000000e+00,5.000000000000000000e+03
3.250000000000000000e+00,2.999999999999999889e-01,-8.341926327645523553e-01,-1.231229249933703507e+01,0.000000000000000000e+00,0.000000000000000000e+00,5.000000000000000000e+03
3.299999999999999822e+00,2.999999999999999889e-01,-8.342322279047881262e-01,-1.253012749319257146e+01,0.000000000000000000e+00,0.000000000000000000e+00,5.000000000000000000e+03
3.350000000000000089e+00,2.999999999999999889e-01,-8.342631343090076701e-01,-1.274797302432668822e+01,0.000000000000000000e+00,0.000000000000000000e+00,5.000000000000000000e+03
3.399999999999999911e+00,2.999999999999999889e-01,-8.342869081626237415e-01,-1.296582838059669918e+01,0.000000000000000000e+00,0.000000000000000000e+00,5.000000000000000000e+03
3.450000000000000178e+00,2.999999999999999889e-01,-8.343049139807116044e-01,-1.318369264015927378e+01,0.000000000000000000e+00,0.000000000000000000e+00,5.000000000000000000e+03
3.500000000000000000e+00,2.999999999999999889e-01,-8.343183245531958780e-01,-1.340156477932372248e+01,0.000000000000000000e+00,0.000000000000000000e+00,5.000000000000000000e+03
3.549999999999999822e+00,2.999999999999999889e-01,-8.343281296180876661e-01,-1.361944374713861095e+01,0.000000000000000000e+00,0.000000000000000000e+00,5.000000000000000000e+03
3.600000000000000089e+00,2.999999999999999889e-01,-8.343351496284742153e-01,-1.383732851444388778e+01,0.000000000000000000e+00,0.000000000000000000e+00,5.000000000000000000e+03
3.649999999999999911e+00,2.999999999999999889e-01,-8.343400519300044893e-01,-1.405521810367974389e+01,0.000000000000000000e+00,0.000000000000000000e+00,5.000000000000000000e+03
3.700000000000000178e+00,2.999999999999999889e-01,-8.343433674370495101e-01,-1.427311160455051109e+01,0.000000000000000000e+00,0.000000000000000000e+00,5.000000000000000000e+03
3.750000000000000000e+00,2.999999999999999889e-01,-8.343455065024164563e-01,-1.449100817967248744e+01,0.000000000000000000e+00,0.000000000000000000e+00,5.000000000000000000e+03
3.799999999999999822e+00,2.999999999999999889e-01,-8.343467731199032400e-01,-1.470890706355605460e+01,0.000000000000000000e+00,0.000000000000000000e+00,5.000000000000000000e+03
3.850000000000000089e+00,2.999999999999999889e-01,-8.343473768357076992e-01,-1.492680755762512668e+01,0.000000000000000000e+00,0.000000000000000000e+00,5.000000000000000000e+03
3.899999999999999911e+00,2.999999999999999889e-01,-8.343474416063525467e-01,-1.514470902339286162e+01,0.000000000000000000e+00,0.000000000000000000e+00,5.000000000000000000e+03
3.950000000000000178e+00,2.999999999999999889e-01,-8.343470098976193405e-01,-1.536261087544249904e+01,0.000000000000000000e+00,0.000000000000000000e+00,5.000000000000000000e+03
4.000000000000000000e+00,2.999999999999999889e-01,-8.343460376769487041e-01,-1.558051257635559494e+01,0.000000000000000000e+00,0.000000000000000000e+00,5.000000000000000000e+03
0.000000000000000000e+00,3.499999999999999778e-01,0.000000000000000000e+00,0.000000000000000000e+00,1.000000000000000000e+00,0.000000000000000000e+00,5.000000000000000000e+03
5.000000000000000278e-02,3.499999999999999778e-01,-2.215450520113746227e-02,-1.527288422475392947e-02,0.000000000000000000e+00,0.000000000000000000e+00,5.000000000000000000e+03
1.000000000000000056e-01,3.499999999999999778e-01,-4.593093959625318273e-02,-4.712849712810957686e-02,0.000000000000000000e+00,0.000000000000000000e+00,5.000000000000000000e+03
1.499999999999999944e-01,3.499999999999999778e-01,-7.117633550686294774e-02,-9.382720932436233729e-02,0.000000000000000000e+00,0.000000000000000000e+00,5.000000000000000000e+03
2.000000000000000111e-01,3.499999999999999778e-01,-9.753523564481032804e-02,-1.537704074753861450e-01,0.000000000000000000e+00,0.000000000000000000e+00,5.000000000000000000e+03
2.500000000000000000e-01,3.499999999999999778e-01,-1.245568003642831822e-01,-2.255993973666010344e-01,0.000000000000000000e+00,0.000000000000000000e+00,5.000000000000000000e+03
2.999999999999999889e-01,3.499999999999999778e-01,-1.517919036534797483e-01,-3.082279941070155127e-01,0.000000000000000000e+00,0.000000000000000000e+00,5.000000000000000000e+03
3.499999999999999778e-01,3.499999999999999778e-01,-1.788593380929227317e-01,-4.008241882648660437e-01,0.000000000000000000e+00,0.000000000000000000e+00,5.000000000000000000e+03
4.000000000000000222e-01,3.499999999999999778e-01,-2.054741858822010103e-01,-5.027607114508525488e-01,0.000000000000000000e+00,0.000000000000000000e+00,5.000000000000000000e+03
4.500000000000000111e-01,3.499999999999999778e-01,-2.314452544822592772e-01,-6.135562423469547166e-01,0.000000000000000000e+00,0.000000000000000000e+00,5.000000000000000000e+03
5.000000000000000000e-01,3.499999999999999778e-01,-2.566562442802641786e-01,-7.328237134691442112e-01,0.000000000000000000e+00,0.000000000000000000e+00,5.000000000000000000e+03
5.500000000000000444e-01,3.499999999999999778e-01,-2.810436963751837269e-01,-8.602326447544348387e-01,0.000000000000000000e+00,0.000000000000000000e+00,5.000000000000000000e+03
5.999999999999999778e-01,3.499999999999999778e-01,-3.045783727061402990e-01,-9.954847555532133629e-01,0.000000000000000000e+00,0.000000000000000000e+00,5.000000000000000000e+03
6.500000000000000222e-01,3.499999999999999778e-01,-3.272516802665568214e-01,-1.138299206884119563e+00,0.000000000000000000e+00,0.000000000000000000e+00,5.000000000000000000e+03
6.999999999999999556e-01,3.499999999999999778e-01,-3.490665808180410390e-01,-1.288404027207054936e+00,0.000000000000000000e+00,0.000000000000000000e+00,5.000000000000000000e+03
7.500000000000000000e-01,3.499999999999999778e-01,-3.700318649789475223e-01,-1.445531268239208078e+00,0.000000000000000000e+00,0.000000000000000000e+00,5.000000000000000000e+03
8.000000000000000444e-01,3.499999999999999778e-01,-3.901587334381808603e-01,-1.609414325259684642e+00,0.000000000000000000e+00,0.000000000000000000e+00,5.000000000000000000e+03
8.499999999999999778e-01,3.499999999999999778e-01,-4.094588626493136929e-01,-1.779786470017640010e+00,0.000000000000000000e+00,0.000000000000000000e+00,5.000000000000000000e+03
9.000000000000000222e-01,3.499999999999999778e-01,-4.279433675800635162e-01,-1.956380028974467944e+00,0.000000000000000000e+00,0.000000000000000000e+00,5.000000000000000000e+03
9.499999999999999556e-01,3.499999999999999778e-01,-4.456222609538474377e-01,-2.138925869654643375e+00,0.000000000000000000e+00,0.000000000000000000e+00,5.000000000000000000e+03
1.000000000000000000e+00,3.499999999999999778e-01,-4.625041427589329235e-01,-2.327152991428579565e+00,0.000000000000000000e+00,0.000000000000000000e+00,5.000000000000000000e+03
1.050000000000000044e+00,3.499999999999999778e-01,-4.785959453035262823e-01,-2.520788092056771568e+00,0.000000000000000000e+00,0.000000000000000000e+00,5.000000000000000000e+03
1.100000000000000089e+00,3.499999999999999778e-01,-4.939026199514032212e-01,-2.719555020956947455e+00,0.000000000000000000e+00,0.000000000000000000e+00,5.000000000000000000e+03
1.149999999999999911e+00,3.499999999999999778e-01,-5.084266930959028263e-01,-2.923174048305433370e+00,0.000000000000000000e+00,0.000000000000000000e+00,5.000000000000000000e+03
1.199999999999999956e+00,3.499999999999999778e-01,-5.221676506516944594e-01,-3.131360884448133319e+00,0.000000000000000000e+00,0.000000000000000000e+00,5.000000000000000000e+03
1.250000000000000000e+00,3.499999999999999778e-01,-5.351211410840789329e-01,-3.343825383132389195e+00,0.000000000000000000e+00,0.000000000000000000e+00,5.000000000000000000e+03
1.300000000000000044e+00,3.499999999999999778e-01,-5.472780250220936615e-01,-3.560269861342409747e+00,0.000000000000000000e+00,0.000000000000000000e+00,5.000000000000000000e+03
1.350000000000000089e+00,3.499999999999999778e-01,-5.586233526623185508e-01,-3.780386976752872386e+00,0.000000000000000000e+00,0.000000000000000000e+00,5.000000000000000000e+03
1.399999999999999911e+00,3.499999999999999778e-01,-5.691354246713152820e-01,-4.003857133452808803e+00,0.000000000000000000e+00,0.000000000000000000e+00,5.000000000000000000e+03
1.449999999999999956e+00,3.499999999999999778e-01,-5.787851893117983426e-01,-4.230345453808875611e+00,0.000000000000000000e+00,0.000000000000000000e+00,5.000000000000000000e+03
1.500000000000000000e+00,3.499999999999999778e-01,-5.875363381762547244e-01,-4.459498475578900667e+00,0.000000000000000000e+00,0.000000000000000000e+00,5.000000000000000000e+03
1.550000000000000044e+00,3.499999999999999778e-01,-5.953465573138985167e-01,-4.690940916861499943e+00,0.000000000000000000e+00,0.000000000000000000e+00,5.000000000000000000e+03
1.600000000000000089e+00,3.499999999999999778e-01,-6.021704213339078571e-01,-4.924273085237287795e+00,0.000000000000000000e+00,0.000000000000000000e+00,5.000000000000000000e+03
1.649999999999999911e+00,3.499999999999999778e-01,-6.079643259495783880e-01,-5.159069750915524999e+00,0.000000000000000000e+00,0.000000000000000000e+00,5.000000000000000000e+03
1.699999999999999956e+00,3.499999999999999778e-01,-6.126935925636085578e-01,-5.394881491047689437e+00,0.000000000000000000e+00,0.000000000000000000e+00,5.000000000000000000e+03
1.750000000000000000e+00,3.499999999999999778e-01,-6.163414404552156611e-01,-5.631239570612225798e+00,0.000000000000000000e+00,0.000000000000000000e+00,5.000000000000000000e+03
1.800000000000000044e+00,3.499999999999999778e-01,-6.189189573964563040e-01,-5.867665298384156181e+00,0.000000000000000000e+00,0.000000000000000000e+00,5.000000000000000000e+03
1.850000000000000089e+00,3.499999999999999778e-01,-6.204746056894147044e-01,-6.103684461093783931e+00,0.000000000000000000e+00,0.000000000000000000e+00,5.000000000000000000e+03
1.899999999999999911e+00,3.499999999999999778e-01,-6.211012975430040273e-01,-6.338846900978105658e+00,0.000000000000000000e+00,0.000000000000000000e+00,5.000000000000000000e+03
1.949999999999999956e+00,3.499999999999999778e-01,-6.209387778448109962e-01,-6.572750576317387683e+00,0.000000000000000000e+00,0.000000000000000000e+00,5.000000000000000000e+03
2.000000000000000000e+00,3.499999999999999778e-01,-6.201690592726025741e-01,-6.805068547643036148e+00,0.000000000000000000e+00,0.000000000000000000e+00,5.000000000000000000e+03
2.049999999999999822e+00,3.499999999999999778e-01,-6.190041812575900471e-01,-7.035574135540239027e+00,0.000000000000000000e+00,0.000000000000000000e+00,5.000000000000000000e+03
2.100000000000000089e+00,3.499999999999999778e-01,-6.176588142193220055e-01,-7.264175536418981949e+00,0.000000000000000000e+00,0.000000000000000000e+00,5.000000000000000000e+03
2.149999999999999911e+00,3.499999999999999778e-01,-6.163188738729672433e-01,-7.490917003376248218e+00,0.000000000000000000e+00,0.000000000000000000e+00,5.000000000000000000e+03
2.200000000000000178e+00,3.499999999999999778e-01,-6.151210706892314972e-01,-7.715946681518960126e+00,0.000000000000000000e+00,0.000000000000000000e+00,5.000000000000000000e+03
2.250000000000000000e+00,3.499999999999999778e-01,-6.141477030791560043e-01,-7.939472989948856529e+00,0.000000000000000000e+00,0.000000000000000000e+00,5.000000000000000000e+03
2.299999999999999822e+00,3.499999999999999778e-01,-6.134328695076661786e-01,-8.161726254988410645e+00,0.000000000000000000e+00,0.000000000000000000e+00,5.000000000000000000e+03
2.350000000000000089e+00,3.499999999999999778e-01,-6.129742267436942837e-01,-8.382931911719705198e+00,0.000000000000000000e+00,0.000000000000000000e+00,5.000000000000000000e+03
2.399999999999999911e+00,3.499999999999999778e-01,-6.127456890368394582e-01,-8.603295008836836288e+00,0.000000000000000000e+00,0.000000000000000000e+00,5.000000000000000000e+03
2.450000000000000178e+00,3.499999999999999778e-01,-6.127084621118934482e-01,-8.822993237226340213e+00,0.000000000000000000e+00,0.000000000000000000e+00,5.000000000000000000e+03
2.500000000000000000e+00,3.499999999999999778e-01,-6.128194003294588077e-01,-9.042175460995364844e+00,0.000000000000000000e+00,0.000000000000000000e+00,5.000000000000000000e+03
2.549999999999999822e+00,3.499999999999999778e-01,-6.130366419734301076e-01,-9.260963353180773794e+00,0.000000000000000000e+00,0.000000000000000000e+00,5.000000000000000000e+03
2.600000000000000089e+00,3.499999999999999778e-01,-6.133229410075826671e-01,-9.479454504698919592e+00,0.000000000000000000e+00,0.000000000000000000e+00,5.000000000000000000e+03
2.649999999999999911e+00,3.499999999999999778e-01,-6.136472599335154321e-01,-9.697726010190372392e+00,0.000000000000000000e+00,0.000000000000000000e+00,5.000000000000000000e+03
2.700000000000000178e+00,3.499999999999999778e-01,-6.139851666684246201e-01,-9.915837981396386169e+00,0.000000000000000000e+00,0.000000000000000000e+00,5.000000000000000000e+03
2.750000000000000000e+00,3.499999999999999778e-01,-6.143184848959841737e-01,-1.013383672306579086e+01,0.000000000000000000e+00,0.000000000000000000e+00,5.000000000000000000e+03
2.799999999999999822e+00,3.499999999999999778e-01,-6.146345362098633025e-01,-1.035175747320641904e+01,0.000000000000000000e+00,0.000000000000000000e+00,5.000000000000000000e+03
2.850000000000000089e+00,3.499999999999999778e-01,-6.149252099746835842e-01,-1.056962669951609435e+01,0.000000000000000000e+00,0.000000000000000000e+00,5.000000000000000000e+03
2.899999999999999911e+00,3.499999999999999778e-01,-6.151860134198089414e-01,-1.078746398723924393e+01,0.000000000000000000e+00,0.000000000000000000e+00,5.000000000000000000e+03
2.950000000000000178e+00,3.499999999999999778e-01,-6.154151917832368923e-01,-1.100528357063240570e+01,0.000000000000000000e+00,0.000000000000000000e+00,5.000000000000000000e+03
3.000000000000000000e+00,3.499999999999999778e-01,-6.156129641287164667e-01,-1.122309556318919377e+01,0.000000000000000000e+00,0.000000000000000000e+00,5.000000000000000000e+03
3.049999999999999822e+00,3.499999999999999778e-01,-6.157808911691270426e-01,-1.144090693809305037e+01,0.000000000000000000e+00,0.000000000000000000e+00,5.000000000000000000e+03
3.100000000000000089e+00,3.499999999999999778e-01,-6.159213733399053758e-01,-1.165872230407239130e+01,0.000000000000000000e+00,0.000000000000000000e+00,5.000000000000000000e+03
3.149999999999999911e+00,3.499999999999999778e-01,-6.160372672406421168e-01,-1.187654451500243091e+01,0.000000000000000000e+00,0.000000000000000000e+00,5.000000000000000000e+03
3.200000000000000178e+00,3.499999999999999778e-01,-6.161316038140955964e-01,-1.209437514519390788e+01,0.000000000000000000e+00,0.000000000000000000e+00,5.000000000000000000e+03
3.250000000000000000e+00,3.499999999999999778e-01,-6.162073903140659059e-01,-1.231221485669512106e+01,0.000000000000000000e+00,0.000000000000000000e+00,5.000000000000000000e+03
3.299999999999999822e+00,3.499999999999999778e-01,-6.162674788340268828e-01,-1.253006368017967809e+01,0.000000000000000000e+00,0.000000000000000000e+00,5.000000000000000000e+03
3.350000000000000089e+00,3.499999999999999778e-01,-6.163144859731022329e-01,-1.274792122703519937e+01,0.000000000000000000e+00,0.000000000000000000e+00,5.000000000000000000e+03
3.399999999999999911e+00,3.499999999999999778e-01,-6.163507504809199178e-01,-1.296578684699925965e+01,0.000000000000000000e+00,0.000000000000000000e+00,5.000000000000000000e+03
3.450000000000000178e+00,3.499999999999999778e-01,-6.163783180633888303e-01,-1.318365974299772425e+01,0.000000000000000000e+00,0.000000000000000000e+00,5.000000000000000000e+03
3.500000000000000000e+00,3.499999999999999778e-01,-6.163989447268427568e-01,-1.340153905262490319e+01,0.000000000000000000e+00,0.000000000000000000e+00,5.000000000000000000e+03
3.549999999999999822e+00,3.499999999999999778e-01,-6.164141119790096379e-01,-1.361942390388495205e+01,0.000000000000000000e+00,0.000000000000000000e+00,5.000000000000000000e+03
3.600000000000000089e+00,3.499999999999999778e-01,-6.164250488529391392e-01,-1.383731345132297719e+01,0.000000000000000000e+00,0.000000000000000000e+00,5.000000000000000000e+03
3.649999999999999911e+00,3.499999999999999778e-01,-6.164327570786504173e-01,-1.405520689746339080e+01,0.000000000000000000e+00,0.000000000000000000e+00,5.000000000000000000e+03
3.700000000000000178e+00,3.499999999999999778e-01,-6.164380368244969377e-01,-1.427310350350524182e+01,0.000000000000000000e+00,0.000000000000000000e+00,5.000000000000000000e+03
3.750000000000000000e+00,3.499999999999999778e-01,-6.164415113020131898e-01,-1.449100259247414257e+01,0.000000000000000000e+00,0.000000000000000000e+00,5.000000000000000000e+03
3.799999999999999822e+00,3.499999999999999778e-01,-6.164436492021382330e-01,-1.470890354749063178e+01,0.000000000000000000e+00,0.000000000000000000e+00,5.000000000000000000e+03
3.850000000000000089e+00,3.499999999999999778e-01,-6.164447844056626380e-01,-1.492680580750672448e+01,0.000000000000000000e+00,0.000000000000000000e+00,5.000000000000000000e+03
3.899999999999999911e+00,3.499999999999999778e-01,-6.164451326212984084e-01,-1.514470886290063412e+01,0.000000000000000000e+00,0.000000000000000000e+00,5.000000000000000000e+03
3.950000000000000178e+00,3.499999999999999778e-01,-6.164448043893329121e-01,-1.536261225409845821e+01,0.000000000000000000e+00,0.000000000000000000e+00,5.000000000000000000e+03
4.000000000000000000e+00,3.499999999999999778e-01,-6.164438130417799755e-01,-1.558051557915973895e+01,0.000000000000000000e+00,0.000000000000000000e+00,5.000000000000000000e+03
0.000000000000000000e+00,4.000000000000000222e-01,0.000000000000000000e+00,0.000000000000000000e+00,1.000000000000000000e+00,0.000000000000000000e+00,5.000000000000000000e+03
5.000000000000000278e-02,4.000000000000000222e-01,-1.462025405402487752e-02,-1.340285763426318777e-02,0.000000000000000000e+00,0.000000000000000000e+00,5.000000000000000000e+03
1.000000000000000056e-01,4.000000000000000222e-01,-3.026041935225688012e-02,-4.333197388488586876e-02,0.000000000000000000e+00,0.000000000000000000e+00,5.000000000000000000e+03
1.499999999999999944e-01,4.000000000000000222e-01,-4.684522947213106553e-02,-8.827525494358980096e-02,0.000000000000000000e+00,0.000000000000000000e+00,5.000000000000000000e+03
2.000000000000000111e-01,4.000000000000000222e-01,-6.417799379355891565e-02,-1.467797518322997707e-01,0.000000000000000000e+00,0.000000000000000000e+00,5.000000000000000000e+03
2.500000000000000000e-01,4.000000000000000222e-01,-8.199569644973353499e-02,-2.175495465729770372e-01,0.000000000000000000e+00,0.000000000000000000e+00,5.000000000000000000e+03
2.999999999999999889e-01,4.000000000000000222e-01,-1.000216044101246704e-01,-2.994922909634585850e-01,0.000000000000000000e+00,0.000000000000000000e+00,5.000000000000000000e+03
3.499999999999999778e-01,4.000000000000000222e-01,-1.180056066390310215e-01,-3.917237515936654590e-01,0.000000000000000000e+00,0.000000000000000000e+00,5.000000000000000000e+03
4.000000000000000222e-01,4.000000000000000222e-01,-1.357472859401475940e-01,-4.935438086785921552e-01,0.000000000000000000e+00,0.000000000000000000e+00,5.000000000000000000e+03
4.500000000000000111e-01,4.000000000000000222e-01,-1.531021471380941412e-01,-6.043984230114261003e-01,0.000000000000000000e+00,0.000000000000000000e+00,5.000000000000000000e+03
5.000000000000000000e-01,4.000000000000000222e-01,-1.699759477842918143e-01,-7.238397537665949288e-01,0.000000000000000000e+00,0.000000000000000000e+00,5.000000000000000000e+03
5.500000000000000444e-01,4.000000000000000222e-01,-1.863135631425218985e-01,-8.514919841932808708e-01,0.000000000000000000e+00,0.000000000000000000e+00,5.000000000000000000e+03
5.999999999999999778e-01,4.000000000000000222e-01,-2.020873427505530118e-01,-9.870255726750153391e-01,0.000000000000000000e+00,0.000000000000000000e+00,5.000000000000000000e+03
6.500000000000000222e-01,4.000000000000000222e-01,-2.172874273461309624e-01,-1.130139416932090635e+00,0.000000000000000000e+00,0.000000000000000000e+00,5.000000000000000000e+03
6.999999999999999556e-01,4.000000000000000222e-01,-2.319146436916384446e-01,-1.280549156013584655e+00,0.000000000000000000e+00,0.000000000000000000e+00,5.000000000000000000e+03
7.500000000000000000e-01,4.000000000000000222e-01,-2.459757052511663822e-01,-1.437979781351283792e+00,0.000000000000000000e+00,0.000000000000000000e+00,5.000000000000000000e+03
8.000000000000000444e-01,4.000000000000000222e-01,-2.594801699659552985e-01,-1.602161101665335652e+00,0.000000000000000000e+00,0.000000000000000000e+00,5.000000000000000000e+03
8.499999999999999778e-01,4.000000000000000222e-01,-2.724386115013560095e-01,-1.772825023105878417e+00,0.000000000000000000e+00,0.000000000000000000e+00,5.000000000000000000e+03
9.000000000000000222e-01,4.000000000000000222e-01,-2.848615610701625278e-01,-1.949703941953803810e+00,0.000000000000000000e+00,0.000000000000000000e+00,5.000000000000000000e+03
9.499999999999999556e-01,4.000000000000000222e-01,-2.967588896245593189e-01,-2.132529786682244577e+00,0.000000000000000000e+00,0.000000000000000000e+00,5.000000000000000000e+03
1.000000000000000000e+00,4.000000000000000222e-01,-3.081393945900722797e-01,-2.321033405962436902e+00,0.000000000000000000e+00,0.000000000000000000e+00,5.000000000000000000e+03
1.050000000000000044e+00,4.000000000000000222e-01,-3.190104250406709530e-01,-2.514944100337813015e+00,0.000000000000000000e+00,0.000000000000000000e+00,5.000000000000000000e+03
1.100000000000000089e+00,4.000000000000000222e-01,-3.293774273502935723e-01,-2.713989154912724189e+00,0.000000000000000000e+00,0.000000000000000000e+00,5.000000000000000000e+03
1.149999999999999911e+00,4.000000000000000222e-01,-3.392433261239017339e-01,-2.917893260630717300e+00,0.000000000000000000e+00,0.000000000000000000e+00,5.000000000000000000e+03
1.199999999999999956e+00,4.000000000000000222e-01,-3.486076797888533751e-01,-3.126377720792813175e+00,0.000000000000000000e+00,0.000000000000000000e+00,5.000000000000000000e+03
1.250000000000000000e+00,4.000000000000000222e-01,-3.574655744634694376e-01,-3.339159333512006445e+00,0.000000000000000000e+00,0.000000000000000000e+00,5.000000000000000000e+03
1.300000000000000044e+00,4.000000000000000222e-01,-3.658062526771836409e-01,-3.555948826000381313e+00,0.000000000000000000e+00,0.000000000000000000e+00,5.000000000000000000e+03
1.350000000000000089e+00,4.000000000000000222e-01,-3.736115261195563919e-01,-3.776448701978523559e+00,0.000000000000000000e+00,0.000000000000000000e+00,5.000000000000000000e+03
1.399999999999999911e+00,4.000000000000000222e-01,-3.808541064077454741e-01,-4.000350364440785178e+00,0.000000000000000000e+00,0.000000000000000000e+00,5.000000000000000000e+03
1.449999999999999956e+00,4.000000000000000222e-01,-3.874961162379045310e-01,-4.227330417406326646e+00,0.000000000000000000e+00,0.000000000000000000e+00,5.000000000000000000e+03
1.500000000000000000e+00,4.000000000000000222e-01,-3.934882172064617101e-01,-4.457046166459003089e+00,0.000000000000000000e+00,0.000000000000000000e+00,5.000000000000000000e+03
1.550000000000000044e+00,4.000000000000000222e-01,-3.987699874481223650e-01,-4.689130563348181902e+00,0.000000000000000000e+00,0.000000000000000000e+00,5.000000000000000000e+03
1.600000000000000089e+00,4.000000000000000222e-01,-4.032723377605746395e-01,-4.923187186974632645e+00,0.000000000000000000e+00,0.000000000000000000e+00,5.000000000000000000e+03
1.649999999999999911e+00,4.000000000000000222e-01,-4.069227614491351397e-01,-5.158786283585049759e+00,0.000000000000000000e+00,0.000000000000000000e+00,5.000000000000000000e+03
1.699999999999999956e+00,4.000000000000000222e-01,-4.096539527901107980e-01,-5.395463302547815587e+00,0.000000000000000000e+00,0.000000000000000000e+00,5.000000000000000000e+03
1.750000000000000000e+00,4.000000000000000222e-01,-4.114157367140355293e-01,-5.632721622324933008e+00,0.000000000000000000e+00,0.000000000000000000e+00,5.000000000000000000e+03
1.800000000000000044e+00,4.000000000000000222e-01,-4.121893707309697286e-01,-5.870041141415010877e+00,0.000000000000000000e+00,0.000000000000000000e+00,5.000000000000000000e+03
1.850000000000000089e+00,4.000000000000000222e-01,-4.120022632953042607e-01,-6.106894051825250358e+00,0.000000000000000000e+00,0.000000000000000000e+00,5.000000000000000000e+03
1.899999999999999911e+00,4.000000000000000222e-01,-4.109402131776168088e-01,-6.342768429270696728e+00,0.000000000000000000e+00,0.000000000000000000e+00,5.000000000000000000e+03
1.949999999999999956e+00,4.000000000000000222e-01,-4.091536129323736226e-01,-6.577199306423763936e+00,0.000000000000000000e+00,0.000000000000000000e+00,5.000000000000000000e+03
2.000000000000000000e+00,4.000000000000000222e-01,-4.068538049436835058e-01,-6.809805699679626123e+00,0.000000000000000000e+00,0.000000000000000000e+00,5.000000000000000000e+03
2.049999999999999822e+00,4.000000000000000222e-01,-4.042988144844228970e-01,-7.040325346606119972e+00,0.000000000000000000e+00,0.000000000000000000e+00,5.000000000000000000e+03
2.100000000000000089e+00,4.000000000000000222e-01,-4.017498165109077979e-01,-7.268679546517367029e+00,0.000000000000000000e+00,0.000000000000000000e+00,5.000000000000000000e+03
2.149999999999999911e+00,4.000000000000000222e-01,-3.994224041792615032e-01,-7.494970632439459379e+00,0.000000000000000000e+00,0.000000000000000000e+00,5.000000000000000000e+03
2.200000000000000178e+00,4.000000000000000222e-01,-3.974594442077514778e-01,-7.719425051427255546e+00,0.000000000000000000e+00,0.000000000000000000e+00,5.000000000000000000e+03
2.250000000000000000e+00,4.000000000000000222e-01,-3.959289521362389097e-01,-7.942326756984074976e+00,0.000000000000000000e+00,0.000000000000000000e+00,5.000000000000000000e+03
2.299999999999999822e+00,4.000000000000000222e-01,-3.948376440961273715e-01,-8.163966031306443938e+00,0.000000000000000000e+00,0.000000000000000000e+00,5.000000000000000000e+03
2.350000000000000089e+00,4.000000000000000222e-01,-3.941500520621520343e-01,-8.384608924483643477e+00,0.000000000000000000e+00,0.000000000000000000e+00,5.000000000000000000e+03
2.399999999999999911e+00,4.000000000000000222e-01,-3.938067205641752611e-01,-8.604483359155791433e+00,0.000000000000000000e+00,0.000000000000000000e+00,5.000000000000000000e+03
2.450000000000000178e+00,4.000000000000000222e-01,-3.937385825916315807e-01,-8.823776011623596816e+00,0.000000000000000000e+00,0.000000000000000000e+00,5.000000000000000000e+03
2.500000000000000000e+00,4.000000000000000222e-01,-3.938769046386141892e-01,-9.042635062141746616e+00,0.000000000000000000e+00,0.000000000000000000e+00,5.000000000000000000e+03
2.549999999999999822e+00,4.000000000000000222e-01,-3.941593210182414153e-01,-9.261175512247028507e+00,0.000000000000000000e+00,0.000000000000000000e+00,5.000000000000000000e+03
2.600000000000000089e+00,4.000000000000000222e-01,-3.945328697382051719e-01,-9.479485133853243539e+00,0.000000000000000000e+00,0.000000000000000000e+00,5.000000000000000000e+03
2.649999999999999911e+00,4.000000000000000222e-01,-3.949549512854846345e-01,-9.697630058059825586e+00,0.000000000000000000e+00,0.000000000000000000e+00,5.000000000000000000e+03
2.700000000000000178e+00,4.000000000000000222e-01,-3.953929807384740092e-01,-9.915659587495492033e+00,0.000000000000000000e+00,0.000000000000000000e+00,5.000000000000000000e+03
2.750000000000000000e+00,4.000000000000000222e-01,-3.958233121777068875e-01,-1.013361013360719021e+01,0.000000000000000000e+00,0.000000000000000000e+00,5.000000000000000000e+03
2.799999999999999822e+00,4.000000000000000222e-01,-3.962298373849409416e-01,-1.035150833579443130e+01,0.000000000000000000e+00,0.000000000000000000e+00,5.000000000000000000e+03
2.850000000000000089e+00,4.000000000000000222e-01,-3.966025180678269813e-01,-1.056937348139680033e+01,0.000000000000000000e+00,0.000000000000000000e+00,5.000000000000000000e+03
2.899999999999999911e+00,4.000000000000000222e-01,-3.969360048878665115e-01,-1.078721935831484835e+01,0.000000000000000000e+00,0.000000000000000000e+00,5.000000000000000000e+03
2.950000000000000178e+00,4.000000000000000222e-01,-3.972284227422957503e-01,-1.100505566164677163e+01,0.000000000000000000e+00,0.000000000000000000e+00,5.000000000000000000e+03
3.000000000000000000e+00,4.000000000000000222e-01,-3.974803532336325107e-01,-1.122288905664509606e+01,0.000000000000000000e+00,0.000000000000000000e+00,5.000000000000000000e+03
3.049999999999999822e+00,4.000000000000000222e-01,-3.976940153933553046e-01,-1.144072397992979973e+01,0.000000000000000000e+00,0.000000000000000000e+00,5.000000000000000000e+03
3.100000000000000089e+00,4.000000000000000222e-01,-3.978726289069863808e-01,-1.165856324256091092e+01,0.000000000000000000e+00,0.000000000000000000e+00,5.000000000000000000e+03
3.149999999999999911e+00,4.000000000000000222e-01,-3.980199359718272212e-01,-1.187640848341002808e+01,0.000000000000000000e+00,0.000000000000000000e+00,5.000000000000000000e+03
3.200000000000000178e+00,4.000000000000000222e-01,-3.981398553184534728e-01,-1.209426050933491581e+01,0.000000000000000000e+00,0.000000000000000000e+00,5.000000000000000000e+03
3.250000000000000000e+00,4.000000000000000222e-01,-3.982362426029361635e-01,-1.231211954955171528e+01,0.000000000000000000e+00,0.000000000000000000e+00,5.000000000000000000e+03
3.299999999999999822e+00,4.000000000000000222e-01,-3.983127338159065389e-01,-1.252998544477401843e+01,0.000000000000000000e+00,0.000000000000000000e+00,5.000000000000000000e+03
3.350000000000000089e+00,4.000000000000000222e-01,-3.983726515782560207e-01,-1.274785778662488767e+01,0.000000000000000000e+00,0.000000000000000000e+00,5.000000000000000000e+03
3.399999999999999911e+00,4.000000000000000222e-01,-3.984189575971061048e-01,-1.296573601908222706e+01,0.000000000000000000e+00,0.000000000000000000e+00,5.000000000000000000e+03
3.450000000000000178e+00,4.000000000000000222e-01,-3.984542377927532408e-01,-1.318361951093929640e+01,0.000000000000000000e+00,0.000000000000000000e+00,5.000000000000000000e+03
3.500000000000000000e+00,4.000000000000000222e-01,-3.984807095001087762e-01,-1.340150760618648640e+01,0.000000000000000000e+00,0.000000000000000000e+00,5.000000000000000000e+03
3.549999999999999822e+00,4.000000000000000222e-01,-3.985002426258825170e-01,-1.361939965765571969e+01,0.000000000000000000e+00,0.000000000000000000e+00,5.000000000000000000e+03
3.600000000000000089e+00,4.000000000000000222e-01,-3.985143887017777442e-01,-1.383729504807889299e+01,0.000000000000000000e+00,0.000000000000000000e+00,5.000000000000000000e+03
3.649999999999999911e+00,4.000000000000000222e-01,-3.985244134469202448e-01,-1.405519320180208531e+01,0.000000000000000000e+00,0.000000000000000000e+00,5.000000000000000000e+03
3.700000000000000178e+00,4.000000000000000222e-01,-3.985313297933295029e-01,-1.427309358970730280e+01,0.000000000000000000e+00,0.000000000000000000e+00,5.000000000000000000e+03
3.750000000000000000e+00,4.000000000000000222e-01,-3.985359293978956163e-01,-1.449099572939134362e+01,0.000000000000000000e+00,0.000000000000000000e+00,5.000000000000000000e+03
3.799999999999999822e+00,4.000000000000000222e-01,-3.985388115242743390e-01,-1.470889918234058236e+01,0.000000000000000000e+00,0.000000000000000000e+00,5.000000000000000000e+03
3.850000000000000089e+00,4.000000000000000222e-01,-3.985404088824421875e-01,-1.492680354978230817e+01,0.000000000000000000e+00,0.000000000000000000e+00,5.000000000000000000e+03
3.899999999999999911e+00,4.000000000000000222e-01,-3.985410106049315226e-01,-1.514470846926984038e+01,0.000000000000000000e+00,0.000000000000000000e+00,5.000000000000000000e+03
3.950000000000000178e+00,4.000000000000000222e-01,-3.985407830728376344e-01,-1.536261361531982494e+01,0.000000000000000000e+00,0.000000000000000000e+00,5.000000000000000000e+03
4.000000000000000000e+00,4.000000000000000222e-01,-3.985397899746029871e-01,-1.558051871060314220e+01,0.000000000000000000e+00,0.000000000000000000e+00,5.000000000000000000e+03
0.000000000000000000e+00,4.500000000000000111e-01,0.000000000000000000e+00,0.000000000000000000e+00,1.000000000000000000e+00,0.000000000000000000e+00,5.000000000000000000e+03
5.000000000000000278e-02,4.500000000000000111e-01,-7.238894957185850604e-03,-1.232635293560916181e-02,0.000000000000000000e+00,0.000000000000000000e+00,5.000000000000000000e+03
1.000000000000000056e-01,4.500000000000000111e-01,-1.497044321230004554e-02,-4.114743065272378347e-02,0.000000000000000000e+00,0.000000000000000000e+00,5.000000000000000000e+03
1.499999999999999944e-01,4.500000000000000111e-01,-2.316664655162038039e-02,-8.506776758033091079e-02,0.000000000000000000e+00,0.000000000000000000e+00,5.000000000000000000e+03
2.000000000000000111e-01,4.500000000000000111e-01,-3.174651635074095951e-02,-1.427114053508625469e-01,0.000000000000000000e+00,0.000000000000000000e+00,5.000000000000000000e+03
2.500000000000000000e-01,4.500000000000000111e-01,-4.059565088924323162e-02,-2.128214624898157603e-01,0.000000000000000000e+00,0.000000000000000000e+00,5.000000000000000000e+03
2.999999999999999889e-01,4.500000000000000111e-01,-4.958611440379374208e-02,-2.943115804957813220e-01,0.000000000000000000e+00,0.000000000000000000e+00,5.000000000000000000e+03
3.499999999999999778e-01,4.500000000000000111e-01,-5.859435947726279736e-02,-3.862783821344594748e-01,0.000000000000000000e+00,0.000000000000000000e+00,5.000000000000000000e+03
4.000000000000000222e-01,4.500000000000000111e-01,-6.751440563155657049e-02,-4.879876895111425750e-01,0.000000000000000000e+00,0.000000000000000000e+00,5.000000000000000000e+03
4.500000000000000111e-01,4.500000000000000111e-01,-7.626459542586941365e-02,-5.988466449271425684e-01,0.000000000000000000e+00,0.000000000000000000e+00,5.000000000000000000e+03
5.000000000000000000e-01,4.500000000000000111e-01,-8.478831483282577020e-02,-7.183714172849238189e-01,0.000000000000000000e+00,0.000000000000000000e+00,5.000000000000000000e+03
5.500000000000000444e-01,4.500000000000000111e-01,-9.305065458719205540e-02,-8.461569760493352632e-01,0.000000000000000000e+00,0.000000000000000000e+00,5.000000000000000000e+03
5.999999999999999778e-01,4.500000000000000111e-01,-1.010333577196920601e-01,-9.818522257483662807e-01,0.000000000000000000e+00,0.000000000000000000e+00,5.000000000000000000e+03
6.500000000000000222e-01,4.500000000000000111e-01,-1.087297937535846304e-01,-1.125141302417572930e+00,0.000000000000000000e+00,0.000000000000000000e+00,5.000000000000000000e+03
6.999999999999999556e-01,4.500000000000000111e-01,-1.161408259793653419e-01,-1.275730384210792989e+00,0.000000000000000000e+00,0.000000000000000000e+00,5.000000000000000000e+03
7.500000000000000000e-01,4.500000000000000111e-01,-1.232717844460060885e-01,-1.433338828659372455e+00,0.000000000000000000e+00,0.000000000000000000e+00,5.000000000000000000e+03
8.000000000000000444e-01,4.500000000000000111e-01,-1.301304200322590809e-01,-1.597693444695051701e+00,0.000000000000000000e+00,0.000000000000000000e+00,5.000000000000000000e+03
8.499999999999999778e-01,4.500000000000000111e-01,-1.367255978635301128e-01,-1.768524916913484013e+00,0.000000000000000000e+00,0.000000000000000000e+00,5.000000000000000000e+03
9.000000000000000222e-01,4.500000000000000111e-01,-1.430664831679316074e-01,-1.945565646577180452e+00,0.000000000000000000e+00,0.000000000000000000e+00,5.000000000000000000e+03
9.499999999999999556e-01,4.500000000000000111e-01,-1.491620097765491149e-01,-2.128548487368737696e+00,0.000000000000000000e+00,0.000000000000000000e+00,5.000000000000000000e+03
1.000000000000000000e+00,4.500000000000000111e-01,-1.550204656751530408e-01,-2.317206015464515545e+00,0.000000000000000000e+00,0.000000000000000000e+00,5.000000000000000000e+03
1.050000000000000044e+00,4.500000000000000111e-01,-1.606490669781582559e-01,-2.511270085572243183e+00,0.000000000000000000e+00,0.000000000000000000e+00,5.000000000000000000e+03
1.100000000000000089e+00,4.500000000000000111e-01,-1.660534177526590272e-01,-2.710471495434430000e+00,0.000000000000000000e+00,0.000000000000000000e+00,5.000000000000000000e+03
1.149999999999999911e+00,4.500000000000000111e-01,-1.712367695654576916e-01,-2.914539618975749757e+00,0.000000000000000000e+00,0.000000000000000000e+00,5.000000000000000000e+03
1.199999999999999956e+00,4.500000000000000111e-01,-1.761990051907252608e-01,-3.123201878741731718e+00,0.000000000000000000e+00,0.000000000000000000e+00,5.000000000000000000e+03
1.250000000000000000e+00,4.500000000000000111e-01,-1.809352812186354742e-01,-3.336182915602698973e+00,0.000000000000000000e+00,0.000000000000000000e+00,5.000000000000000000e+03
1.300000000000000044e+00,4.500000000000000111e-01,-1.854342825837617670e-01,-3.553203281446043249e+00,0.000000000000000000e+00,0.000000000000000000e+00,5.000000000000000000e+03
1.350000000000000089e+00,4.500000000000000111e-01,-1.896760807530891157e-01,-3.773977434704399059e+00,0.000000000000000000e+00,0.000000000000000000e+00,5.000000000000000000e+03
1.399999999999999911e+00,4.500000000000000111e-01,-1.936296650512089601e-01,-3.998210772489662723e+00,0.000000000000000000e+00,0.000000000000000000e+00,5.000000000000000000e+03
1.449999999999999956e+00,4.500000000000000111e-01,-1.972503584290287437e-01,-4.225595415449738823e+00,0.000000000000000000e+00,0.000000000000000000e+00,5.000000000000000000e+03
1.500000000000000000e+00,4.500000000000000111e-01,-2.004775608895146000e-01,-4.455804524493411023e+00,0.000000000000000000e+00,0.000000000000000000e+00,5.000000000000000000e+03
1.550000000000000044e+00,4.500000000000000111e-01,-2.032335927258227815e-01,-4.688485148412974368e+00,0.000000000000000000e+00,0.000000000000000000e+00,5.000000000000000000e+03
1.600000000000000089e+00,4.500000000000000111e-01,-2.054247825257371485e-01,-4.923250052119846565e+00,0.000000000000000000e+00,0.000000000000000000e+00,5.000000000000000000e+03
1.649999999999999911e+00,4.500000000000000111e-01,-2.069462039926323049e-01,-5.159669665355707480e+00,0.000000000000000000e+00,0.000000000000000000e+00,5.000000000000000000e+03
1.699999999999999956e+00,4.500000000000000111e-01,-2.076913608956737212e-01,-5.397266098324378980e+00,0.000000000000000000e+00,0.000000000000000000e+00,5.000000000000000000e+03
1.750000000000000000e+00,4.500000000000000111e-01,-2.075674234671524843e-01,-5.635511841735391769e+00,0.000000000000000000e+00,0.000000000000000000e+00,5.000000000000000000e+03
1.800000000000000044e+00,4.500000000000000111e-01,-2.065152924477109131e-01,-5.873836027957023198e+00,0.000000000000000000e+00,0.000000000000000000e+00,5.000000000000000000e+03
1.850000000000000089e+00,4.500000000000000111e-01,-2.045320330489860949e-01,-6.111640816410614185e+00,0.000000000000000000e+00,0.000000000000000000e+00,5.000000000000000000e+03
1.899999999999999911e+00,4.500000000000000111e-01,-2.016914782408309736e-01,-6.348329595946886172e+00,0.000000000000000000e+00,0.000000000000000000e+00,5.000000000000000000e+03
1.949999999999999956e+00,4.500000000000000111e-01,-1.981574327267033031e-01,-6.583347396353103065e+00,0.000000000000000000e+00,0.000000000000000000e+00,5.000000000000000000e+03
2.000000000000000000e+00,4.500000000000000111e-01,-1.941830848985416358e-01,-6.816232381711415655e+00,0.000000000000000000e+00,0.000000000000000000e+00,5.000000000000000000e+03
2.049999999999999822e+00,4.500000000000000111e-01,-1.900968969326876645e-01,-7.046662490198278839e+00,0.000000000000000000e+00,0.000000000000000000e+00,5.000000000000000000e+03
2.100000000000000089e+00,4.500000000000000111e-01,-1.862297579420354454e-01,-7.274583092743003299e+00,0.000000000000000000e+00,0.000000000000000000e+00,5.000000000000000000e+03
2.149999999999999911e+00,4.500000000000000111e-01,-1.828377665806661945e-01,-7.500189788523729639e+00,0.000000000000000000e+00,0.000000000000000000e+00,5.000000000000000000e+03
2.200000000000000178e+00,4.500000000000000111e-01,-1.800681364829171960e-01,-7.723824656262231692e+00,0.000000000000000000e+00,0.000000000000000000e+00,5.000000000000000000e+03
2.250000000000000000e+00,4.500000000000000111e-01,-1.779655141492530457e-01,-7.945874455848666251e+00,0.000000000000000000e+00,0.000000000000000000e+00,5.000000000000000000e+03
2.299999999999999822e+00,4.500000000000000111e-01,-1.764982664358919207e-01,-8.166704367391442787e+00,0.000000000000000000e+00,0.000000000000000000e+00,5.000000000000000000e+03
2.350000000000000089e+00,4.500000000000000111e-01,-1.755882864391622999e-01,-8.386626168267607540e+00,0.000000000000000000e+00,0.000000000000000000e+00,5.000000000000000000e+03
2.399999999999999911e+00,4.500000000000000111e-01,-1.751360241591682632e-01,-8.605889509746216248e+00,0.000000000000000000e+00,0.000000000000000000e+00,5.000000000000000000e+03
2.450000000000000178e+00,4.500000000000000111e-01,-1.750382649810755253e-01,-8.824685665133673140e+00,0.000000000000000000e+00,0.000000000000000000e+00,5.000000000000000000e+03
2.500000000000000000e+00,4.500000000000000111e-01,-1.751991181194913483e-01,-9.043156553991092750e+00,0.000000000000000000e+00,0.000000000000000000e+00,5.000000000000000000e+03
2.549999999999999822e+00,4.500000000000000111e-01,-1.755357370317056909e-01,-9.261404945878467743e+00,0.000000000000000000e+00,0.000000000000000000e+00,5.000000000000000000e+03
2.600000000000000089e+00,4.500000000000000111e-01,-1.759804050327483660e-01,-9.479503849436952123e+00,0.000000000000000000e+00,0.000000000000000000e+00,5.000000000000000000e+03
2.649999999999999911e+00,4.500000000000000111e-01,-1.764803528116548892e-01,-9.697504326387855755e+00,0.000000000000000000e+00,0.000000000000000000e+00,5.000000000000000000e+03
2.700000000000000178e+00,4.500000000000000111e-01,-1.769963181760045301e-01,-9.915441614833046202e+00,0.000000000000000000e+00,0.000000000000000000e+00,5.000000000000000000e+03
2.750000000000000000e+00,4.500000000000000111e-01,-1.775005340886942062e-01,-1.013333973845963598e+01,0.000000000000000000e+00,0.000000000000000000e+00,5.000000000000000000e+03
2.799999999999999822e+00,4.500000000000000111e-01,-1.779745771528825071e-01,-1.035121487795077222e+01,0.000000000000000000e+00,0.000000000000000000e+00,5.000000000000000000e+03
2.850000000000000089e+00,4.500000000000000111e-01,-1.784073264189589558e-01,-1.056907778530041853e+01,0.000000000000000000e+00,0.000000000000000000e+00,5.000000000000000000e+03
2.899999999999999911e+00,4.500000000000000111e-01,-1.787931596042493243e-01,-1.078693548553536097e+01,0.000000000000000000e+00,0.000000000000000000e+00,5.000000000000000000e+03
2.950000000000000178e+00,4.500000000000000111e-01,-1.791304357469054587e-01,-1.100479246217743245e+01,0.000000000000000000e+00,0.000000000000000000e+00,5.000000000000000000e+03
3.000000000000000000e+00,4.500000000000000111e-01,-1.794202667684923480e-01,-1.122265147621723003e+01,0.000000000000000000e+00,0.000000000000000000e+00,5.000000000000000000e+03
3.049999999999999822e+00,4.500000000000000111e-01,-1.796655550278142000e-01,-1.144051412884495633e+01,0.000000000000000000e+00,0.000000000000000000e+00,5.000000000000000000e+03
3.100000000000000089e+00,4.500000000000000111e-01,-1.798702621254431866e-01,-1.165838124697610212e+01,0.000000000000000000e+00,0.000000000000000000e+00,5.000000000000000000e+03
3.149999999999999911e+00,4.500000000000000111e-01,-1.800388706783715431e-01,-1.187625314710896873e+01,0.000000000000000000e+00,0.000000000000000000e+00,5.000000000000000000e+03
3.200000000000000178e+00,4.500000000000000111e-01,-1.801760019845123906e-01,-1.209412981594549130e+01,0.000000000000000000e+00,0.000000000000000000e+00,5.000000000000000000e+03
3.250000000000000000e+00,4.500000000000000111e-01,-1.802861561474869145e-01,-1.231201103407353514e+01,0.000000000000000000e+00,0.000000000000000000e+00,5.000000000000000000e+03
3.299999999999999822e+00,4.500000000000000111e-01,-1.803735459089129967e-01,-1.252989646057594264e+01,0.000000000000000000e+00,0.000000000000000000e+00,5.000000000000000000e+03
3.350000000000000089e+00,4.500000000000000111e-01,-1.804420002941577450e-01,-1.274778569066190315e+01,0.000000000000000000e+00,0.000000000000000000e+00,5.000000000000000000e+03
3.399999999999999911e+00,4.500000000000000111e-01,-1.804949187520391019e-01,-1.296567829451710807e+01,0.000000000000000000e+00,0.000000000000000000e+00,5.000000000000000000e+03
3.450000000000000178e+00,4.500000000000000111e-01,-1.805352605314844427e-01,-1.318357384295487655e+01,0.000000000000000000e+00,0.000000000000000000e+00,5.000000000000000000e+03
3.500000000000000000e+00,4.500000000000000111e-01,-1.805655575063393192e-01,-1.340147192370320006e+01,0.000000000000000000e+00,0.000000000000000000e+00,5.000000000000000000e+03
3.549999999999999822e+00,4.500000000000000111e-01,-1.805879415362182661e-01,-1.361937215099448473e+01,0.000000000000000000e+00,0.000000000000000000e+00,5.000000000000000000e+03
3.600000000000000089e+00,4.500000000000000111e-01,-1.806041797849603781e-01,-1.383727417033737339e+01,0.000000000000000000e+00,0.000000000000000000e+00,5.000000000000000000e+03
3.649999999999999911e+00,4.500000000000000111e-01,-1.806157132809712851e-01,-1.405517765981406164e+01,0.000000000000000000e+00,0.000000000000000000e+00,5.000000000000000000e+03
3.700000000000000178e+00,4.500000000000000111e-01,-1.806236954771645031e-01,-1.427308232888033857e+01,0.000000000000000000e+00,0.000000000000000000e+00,5.000000000000000000e+03
3.750000000000000000e+00,4.500000000000000111e-01,-1.806290287393787219e-01,-1.449098791540619224e+01,0.000000000000000000e+00,0.000000000000000000e+00,5.000000000000000000e+03
3.799999999999999822e+00,4.500000000000000111e-01,-1.806323976531457043e-01,-1.470889418158273720e+01,0.000000000000000000e+00,0.000000000000000000e+00,5.000000000000000000e+03
3.850000000000000089e+00,4.500000000000000111e-01,-1.806342988928994753e-01,-1.492680090939732551e+01,0.000000000000000000e+00,0.000000000000000000e+00,5.000000000000000000e+03
3.899999999999999911e+00,4.500000000000000111e-01,-1.806350682736736490e-01,-1.514470789681218399e+01,0.000000000000000000e+00,0.000000000000000000e+00,5.000000000000000000e+03
3.950000000000000178e+00,4.500000000000000111e-01,-1.806349066999337893e-01,-1.536261495693329771e+01,0.000000000000000000e+00,0.000000000000000000e+00,5.000000000000000000e+03
4.000000000000000000e+00,4.500000000000000111e-01,-1.806339084172859932e-01,-1.558052192499478927e+01,0.000000000000000000e+00,0.000000000000000000e+00,5.000000000000000000e+03
0.000000000000000000e+00,5.000000000000000000e-01,0.000000000000000000e+00,0.000000000000000000e+00,1.000000000000000000e+00,0.000000000000000000e+00,5.000000000000000000e+03
5.000000000000000278e-02,5.000000000000000000e-01,7.350601622967835151e-05,-1.196090397586802891e-02,0.000000000000000000e+00,0.000000000000000000e+00,5.000000000000000000e+03
1.000000000000000056e-01,5.000000000000000000e-01,1.473345584369468813e-04,-4.042389065869853026e-02,0.000000000000000000e+00,0.000000000000000000e+00,5.000000000000000000e+03
1.499999999999999944e-01,5.000000000000000000e-01,2.127306111760225292e-04,-8.401347318866057845e-02,0.000000000000000000e+00,0.000000000000000000e+00,5.000000000000000000e+03
2.000000000000000111e-01,5.000000000000000000e-01,2.518350262890538911e-04,-1.413664243966768486e-01,0.000000000000000000e+00,0.000000000000000000e+00,5.000000000000000000e+03
2.500000000000000000e-01,5.000000000000000000e-01,2.483649365209830468e-04,-2.112368985309093228e-01,0.000000000000000000e+00,0.000000000000000000e+00,5.000000000000000000e+03
2.999999999999999889e-01,5.000000000000000000e-01,1.952383458215731769e-04,-2.925462092178828799e-01,0.000000000000000000e+00,0.000000000000000000e+00,5.000000000000000000e+03
3.499999999999999778e-01,5.000000000000000000e-01,9.584546406322412885e-05,-3.843925390707326750e-01,0.000000000000000000e+00,0.000000000000000000e+00,5.000000000000000000e+03
4.000000000000000222e-01,5.000000000000000000e-01,-3.927934792201930741e-05,-4.860366286362814425e-01,0.000000000000000000e+00,0.000000000000000000e+00,5.000000000000000000e+03
4.500000000000000111e-01,5.000000000000000000e-01,-1.972206383560678067e-04,-5.968757283485064402e-01,0.000000000000000000e+00,0.000000000000000000e+00,5.000000000000000000e+03
5.000000000000000000e-01,5.000000000000000000e-01,-3.665456797076681013e-04,-7.164141351679509384e-01,0.000000000000000000e+00,0.000000000000000000e+00,5.000000000000000000e+03
5.500000000000000444e-01,5.000000000000000000e-01,-5.393853268558808757e-04,-8.442354243183238793e-01,0.000000000000000000e+00,0.000000000000000000e+00,5.000000000000000000e+03
5.999999999999999778e-01,5.000000000000000000e-01,-7.119333593093889797e-04,-9.799790167848598799e-01,0.000000000000000000e+00,0.000000000000000000e+00,5.000000000000000000e+03
6.500000000000000222e-01,5.000000000000000000e-01,-8.839979957927493383e-04,-1.123321931576488186e+00,0.000000000000000000e+00,0.000000000000000000e+00,5.000000000000000000e+03
6.999999999999999556e-01,5.000000000000000000e-01,-1.058192398438281400e-03,-1.273965441352486572e+00,0.000000000000000000e+00,0.000000000000000000e+00,5.000000000000000000e+03
7.500000000000000000e-01,5.000000000000000000e-01,-1.239123815962258008e-03,-1.431625802309854700e+00,0.000000000000000000e+00,0.000000000000000000e+00,5.000000000000000000e+03
8.000000000000000444e-01,5.000000000000000000e-01,-1.432731466722569902e-03,-1.596028095159646165e+00,0.000000000000000000e+00,0.000000000000000000e+00,5.000000000000000000e+03
8.499999999999999778e-01,5.000000000000000000e-01,-1.645792662666230354e-03,-1.766902304275872249e+00,0.000000000000000000e+00,0.000000000000000000e+00,5.000000000000000000e+03
9.000000000000000222e-01,5.000000000000000000e-01,-1.885553761594573746e-03,-1.943980935487341632e+00,0.000000000000000000e+00,0.000000000000000000e+00,5.000000000000000000e+03
9.499999999999999556e-01,5.000000000000000000e-01,-2.159419729333585374e-03,-2.126997651014606916e+00,0.000000000000000000e+00,0.000000000000000000e+00,5.000000000000000000e+03
1.000000000000000000e+00,5.000000000000000000e-01,-2.474631444085656842e-03,-2.315686549194671429e+00,0.000000000000000000e+00,0.000000000000000000e+00,5.000000000000000000e+03
1.050000000000000044e+00,5.000000000000000000e-01,-2.837860365822665338e-03,-2.509781827607407312e+00,0.000000000000000000e+00,0.000000000000000000e+00,5.000000000000000000e+03
1.100000000000000089e+00,5.000000000000000000e-01,-3.254649442295768236e-03,-2.709017642056912756e+00,0.000000000000000000e+00,0.000000000000000000e+00,5.000000000000000000e+03
1.149999999999999911e+00,5.000000000000000000e-01,-3.728624764736654038e-03,-2.913128014373906893e+00,0.000000000000000000e+00,0.000000000000000000e+00,5.000000000000000000e+03
1.199999999999999956e+00,5.000000000000000000e-01,-4.260394622338761934e-03,-3.121846652235470199e+00,0.000000000000000000e+00,0.000000000000000000e+00,5.000000000000000000e+03
1.250000000000000000e+00,5.000000000000000000e-01,-4.846043488450759405e-03,-3.334906525141357214e+00,0.000000000000000000e+00,0.000000000000000000e+00,5.000000000000000000e+03
1.300000000000000044e+00,5.000000000000000000e-01,-5.475123460073884514e-03,-3.552038991487003639e+00,0.000000000000000000e+00,0.000000000000000000e+00,5.000000000000000000e+03
1.350000000000000089e+00,5.000000000000000000e-01,-6.128055679145347039e-03,-3.772972191562838251e+00,0.000000000000000000e+00,0.000000000000000000e+00,5.000000000000000000e+03
1.399999999999999911e+00,5.000000000000000000e-01,-6.772900057608158796e-03,-3.997428314673254324e+00,0.000000000000000000e+00,0.000000000000000000e+00,5.000000000000000000e+03
1.449999999999999956e+00,5.000000000000000000e-01,-7.361569708453865116e-03,-4.225119235796820583e+00,0.000000000000000000e+00,0.000000000000000000e+00,5.000000000000000000e+03
1.500000000000000000e+00,5.000000000000000000e-01,-7.825813304118573246e-03,-4.455739954143851378e+00,0.000000000000000000e+00,0.000000000000000000e+00,5.000000000000000000e+03
1.550000000000000044e+00,5.000000000000000000e-01,-8.073731222888539880e-03,-4.688959368834875185e+00,0.000000000000000000e+00,0.000000000000000000e+00,5.000000000000000000e+03
1.600000000000000089e+00,5.000000000000000000e-01,-7.988256598409250106e-03,-4.924408376637771312e+00,0.000000000000000000e+00,0.000000000000000000e+00,5.000000000000000000e+03
1.649999999999999911e+00,5.000000000000000000e-01,-7.429784711075780763e-03,-5.161666237679659375e+00,0.000000000000000000e+00,0.000000000000000000e+00,5.000000000000000000e+03
1.699999999999999956e+00,5.000000000000000000e-01,-6.245554500307602154e-03,-5.400247584261726352e+00,0.000000000000000000e+00,0.000000000000000000e+00,5.000000000000000000e+03
1.750000000000000000e+00,5.000000000000000000e-01,-4.287870705659317487e-03,-5.639593949395943717e+00,0.000000000000000000e+00,0.000000000000000000e+00,5.000000000000000000e+03
1.800000000000000044e+00,5.000000000000000000e-01,-1.441419689902707652e-03,-5.879074645649946973e+00,0.000000000000000000e+00,0.000000000000000000e+00,5.000000000000000000e+03
1.850000000000000089e+00,5.000000000000000000e-01,2.343003680563471650e-03,-6.118001762013616229e+00,0.000000000000000000e+00,0.000000000000000000e+00,5.000000000000000000e+03
1.899999999999999911e+00,5.000000000000000000e-01,7.014306241183907581e-03,-6.355662935839531791e+00,0.000000000000000000e+00,0.000000000000000000e+00,5.000000000000000000e+03
1.949999999999999956e+00,5.000000000000000000e-01,1.239514876686620762e-02,-6.591373747767828029e+00,0.000000000000000000e+00,0.000000000000000000e+00,5.000000000000000000e+03
2.000000000000000000e+00,5.000000000000000000e-01,1.817493144691722726e-02,-6.824549777382606486e+00,0.000000000000000000e+00,0.000000000000000000e+00,5.000000000000000000e+03
2.049999999999999822e+00,5.000000000000000000e-01,2.391667626645205963e-02,-7.054764283192811014e+00,0.000000000000000000e+00,0.000000000000000000e+00,5.000000000000000000e+03
2.100000000000000089e+00,5.000000000000000000e-01,2.918603132344230536e-02,-7.282010411564528773e+00,0.000000000000000000e+00,0.000000000000000000e+00,5.000000000000000000e+03
2.149999999999999911e+00,5.000000000000000000e-01,3.367531952497806319e-02,-7.506636875907078732e+00,0.000000000000000000e+00,0.000000000000000000e+00,5.000000000000000000e+03
2.200000000000000178e+00,5.000000000000000000e-01,3.724111579664132754e-02,-7.729156281054450517e+00,0.000000000000000000e+00,0.000000000000000000e+00,5.000000000000000000e+03
2.250000000000000000e+00,5.000000000000000000e-01,3.987866936269682250e-02,-7.950092365794525939e+00,0.000000000000000000e+00,0.000000000000000000e+00,5.000000000000000000e+03
2.299999999999999822e+00,5.000000000000000000e-01,4.167446740653754644e-02,-8.169899730790810111e+00,0.000000000000000000e+00,0.000000000000000000e+00,5.000000000000000000e+03
2.350000000000000089e+00,5.000000000000000000e-01,4.276169567695834589e-02,-8.388937229785753402e+00,0.000000000000000000e+00,0.000000000000000000e+00,5.000000000000000000e+03
2.399999999999999911e+00,5.000000000000000000e-01,4.328749213186023487e-02,-8.607470627153048781e+00,0.000000000000000000e+00,0.000000000000000000e+00,5.000000000000000000e+03
2.450000000000000178e+00,5.000000000000000000e-01,4.339247874094705193e-02,-8.825687522957540665e+00,0.000000000000000000e+00,0.000000000000000000e+00,5.000000000000000000e+03
2.500000000000000000e+00,5.000000000000000000e-01,4.319996325155293221e-02,-9.043715135298258545e+00,0.000000000000000000e+00,0.000000000000000000e+00,5.000000000000000000e+03
2.549999999999999822e+00,5.000000000000000000e-01,4.281172833662356264e-02,-9.261636580561273036e+00,0.000000000000000000e+00,0.000000000000000000e+00,5.000000000000000000e+03
2.600000000000000089e+00,5.000000000000000000e-01,4.230783514887511559e-02,-9.479504109994381977e+00,0.000000000000000000e+00,0.000000000000000000e+00,5.000000000000000000e+03
2.649999999999999911e+00,5.000000000000000000e-01,4.174859129140247316e-02,-9.697349141995939448e+00,0.000000000000000000e+00,0.000000000000000000e+00,5.000000000000000000e+03
2.700000000000000178e+00,5.000000000000000000e-01,4.117747373825706575e-02,-9.915189504960954636e+00,0.000000000000000000e+00,0.000000000000000000e+00,5.000000000000000000e+03
2.750000000000000000e+00,5.000000000000000000e-01,4.062427769502471864e-02,-1.013303447152410897e+01,0.000000000000000000e+00,0.000000000000000000e+00,5.000000000000000000e+03
2.799999999999999822e+00,5.000000000000000000e-01,4.010809078962887519e-02,-1.035088814443192007e+01,0.000000000000000000e+00,0.000000000000000000e+00,5.000000000000000000e+03
2.850000000000000089e+00,5.000000000000000000e-01,3.963990177674055204e-02,-1.056875166328074656e+01,0.000000000000000000e+00,0.000000000000000000e+00,5.000000000000000000e+03
2.899999999999999911e+00,5.000000000000000000e-01,3.922477889765898368e-02,-1.078662459603208390e+01,0.000000000000000000e+00,0.000000000000000000e+00,5.000000000000000000e+03
2.950000000000000178e+00,5.000000000000000000e-01,3.886362341934048587e-02,-1.100450578365127008e+01,0.000000000000000000e+00,0.000000000000000000e+00,5.000000000000000000e+03
3.000000000000000000e+00,5.000000000000000000e-01,3.855453924505129748e-02,-1.122239382845661204e+01,0.000000000000000000e+00,0.000000000000000000e+00,5.000000000000000000e+03
3.049999999999999822e+00,5.000000000000000000e-01,3.829387385462015153e-02,-1.144028735741593295e+01,0.000000000000000000e+00,0.000000000000000000e+00,5.000000000000000000e+03
3.100000000000000089e+00,5.000000000000000000e-01,3.807698829564095527e-02,-1.165818514827030583e+01,0.000000000000000000e+00,0.000000000000000000e+00,5.000000000000000000e+03
3.149999999999999911e+00,5.000000000000000000e-01,3.789881018934349727e-02,-1.187608617573994252e+01,0.000000000000000000e+00,0.000000000000000000e+00,5.000000000000000000e+03
3.200000000000000178e+00,5.000000000000000000e-01,3.775421714386368449e-02,-1.209398961404312445e+01,0.000000000000000000e+00,0.000000000000000000e+00,5.000000000000000000e+03
3.250000000000000000e+00,5.000000000000000000e-01,3.763829053739460584e-02,-1.231189481789595774e+01,0.000000000000000000e+00,0.000000000000000000e+00,5.000000000000000000e+03
3.299999999999999822e+00,5.000000000000000000e-01,3.754647239565031547e-02,-1.252980129499500173e+01,0.000000000000000000e+00,0.000000000000000000e+00,5.000000000000000000e+03
3.350000000000000089e+00,5.000000000000000000e-01,3.747465155364940181e-02,-1.274770867717222167e+01,0.000000000000000000e+00,0.000000000000000000e+00,5.000000000000000000e+03
3.399999999999999911e+00,5.000000000000000000e-01,3.741919965929908082e-02,-1.296561669383992665e+01,0.000000000000000000e+00,0.000000000000000000e+00,5.000000000000000000e+03
3.450000000000000178e+00,5.000000000000000000e-01,3.737697287113653233e-02,-1.318352514923247298e+01,0.000000000000000000e+00,0.000000000000000000e+00,5.000000000000000000e+03
3.500000000000000000e+00,5.000000000000000000e-01,3.734529126215455075e-02,-1.340143390376603172e+01,0.000000000000000000e+00,0.000000000000000000e+00,5.000000000000000000e+03
3.549999999999999822e+00,5.000000000000000000e-01,3.732190486327550266e-02,-1.361934285922189147e+01,0.000000000000000000e+00,0.000000000000000000e+00,5.000000000000000000e+03
3.600000000000000089e+00,5.000000000000000000e-01,3.730495284811417844e-02,-1.383725194717777818e+01,0.000000000000000000e+00,0.000000000000000000e+00,5.000000000000000000e+03
3.649999999999999911e+00,5.000000000000000000e-01,3.729292046137366173e-02,-1.405516112001541629e+01,0.000000000000000000e+00,0.000000000000000000e+00,5.000000000000000000e+03
3.700000000000000178e+00,5.000000000000000000e-01,3.728459681796000152e-02,-1.427307034382880246e+01,0.000000000000000000e+00,0.000000000000000000e+00,5.000000000000000000e+03
3.750000000000000000e+00,5.000000000000000000e-01,3.727903554436814981e-02,-1.449097959259191271e+01,0.000000000000000000e+00,0.000000000000000000e+00,5.000000000000000000e+03
3.799999999999999822e+00,5.000000000000000000e-01,3.727551928724831543e-02,-1.470888884300248378e+01,0.000000000000000000e+00,0.000000000000000000e+00,5.000000000000000000e+03
3.850000000000000089e+00,5.000000000000000000e-01,3.727352824259808767e-02,-1.492679806953241872e+01,0.000000000000000000e+00,0.000000000000000000e+00,5.000000000000000000e+03
3.899999999999999911e+00,5.000000000000000000e-01,3.727271187982287431e-02,-1.514470723949632891e+01,0.000000000000000000e+00,0.000000000000000000e+00,5.000000000000000000e+03
3.950000000000000178e+00,5.000000000000000000e-01,3.727286167387930393e-02,-1.536261630862055760e+01,0.000000000000000000e+00,0.000000000000000000e+00,5.000000000000000000e+03
4.000000000000000000e+00,5.000000000000000000e-01,3.727388047378903113e-02,-1.558052521899661969e+01,0.000000000000000000e+00,0.000000000000000000e+00,5.000000000000000000e+03
0.000000000000000000e+00,5.500000000000000444e-01,0.000000000000000000e+00,0.000000000000000000e+00,1.000000000000000000e+00,0.000000000000000000e+00,5.000000000000000000e+03
5.000000000000000278e-02,5.500000000000000444e-01,7.393220432459708495e-03,-1.228247585676835521e-02,0.000000000000000000e+00,0.000000000000000000e+00,5.000000000000000000e+03
1.000000000000000056e-01,5.500000000000000444e-01,1.527997252061749633e-02,-4.111766532632883664e-02,0.000000000000000000e+00,0.000000000000000000e+00,5.000000000000000000e+03
1.499999999999999944e-01,5.500000000000000444e-01,2.360974950637588846e-02,-8.505361607321892947e-02,0.000000000000000000e+00,0.000000000000000000e+00,5.000000000000000000e+03
2.000000000000000111e-01,5.500000000000000444e-01,3.226237384531312896e-02,-1.426778184794501303e-01,0.000000000000000000e+00,0.000000000000000000e+00,5.000000000000000000e+03
2.500000000000000000e-01,5.500000000000000444e-01,4.109179798576936826e-02,-2.127295205161261471e-01,0.000000000000000000e+00,0.000000000000000000e+00,5.000000000000000000e+03
2.999999999999999889e-01,5.500000000000000444e-01,4.996019683207366530e-02,-2.941389097840001465e-01,0.000000000000000000e+00,0.000000000000000000e+00,5.000000000000000000e+03
3.499999999999999778e-01,5.500000000000000444e-01,5.875568352240849446e-02,-3.860233859301865356e-01,0.000000000000000000e+00,0.000000000000000000e+00,5.000000000000000000e+03
4.000000000000000222e-01,5.500000000000000444e-01,6.739664607377683636e-02,-4.876636043705438461e-01,0.000000000000000000e+00,0.000000000000000000e+00,5.000000000000000000e+03
4.500000000000000111e-01,5.500000000000000444e-01,7.582829406392087301e-02,-5.984726750646977012e-01,0.000000000000000000e+00,0.000000000000000000e+00,5.000000000000000000e+03
5.000000000000000000e-01,5.500000000000000444e-01,8.401618342998225242e-02,-7.179655750171596296e-01,0.000000000000000000e+00,0.000000000000000000e+00,5.000000000000000000e+03
5.500000000000000444e-01,5.500000000000000444e-01,9.193967678728087733e-02,-8.457321567748964375e-01,0.000000000000000000e+00,0.000000000000000000e+00,5.000000000000000000e+03
5.999999999999999778e-01,5.500000000000000444e-01,9.958666702577205487e-02,-9.814150696596565249e-01,0.000000000000000000e+00,0.000000000000000000e+00,5.000000000000000000e+03
6.500000000000000222e-01,5.500000000000000444e-01,1.069498382965652222e-01,-1.124692736012256056e+00,0.000000000000000000e+00,0.000000000000000000e+00,5.000000000000000000e+03
6.999999999999999556e-01,5.500000000000000444e-01,1.140242392591919868e-01,-1.275266876748231804e+00,0.000000000000000000e+00,0.000000000000000000e+00,5.000000000000000000e+03
7.500000000000000000e-01,5.500000000000000444e-01,1.208058100749736657e-01,-1.432853784542524656e+00,0.000000000000000000e+00,0.000000000000000000e+00,5.000000000000000000e+03
8.000000000000000444e-01,5.500000000000000444e-01,1.272905449191616134e-01,-1.597178486039179557e+00,0.000000000000000000e+00,0.000000000000000000e+00,5.000000000000000000e+03
8.499999999999999778e-01,5.500000000000000444e-01,1.334740619626994806e-01,-1.767971018671058658e+00,0.000000000000000000e+00,0.000000000000000000e+00,5.000000000000000000e+03
9.000000000000000222e-01,5.500000000000000444e-01,1.393514375964725605e-01,-1.944964192795978652e+00,0.000000000000000000e+00,0.000000000000000000e+00,5.000000000000000000e+03
9.499999999999999556e-01,5.500000000000000444e-01,1.449172263916255476e-01,-2.127892362704186802e+00,0.000000000000000000e+00,0.000000000000000000e+00,5.000000000000000000e+03
1.000000000000000000e+00,5.500000000000000444e-01,1.501656346806208853e-01,-2.316490862915900451e+00,0.000000000000000000e+00,0.000000000000000000e+00,5.000000000000000000e+03
1.050000000000000044e+00,5.500000000000000444e-01,1.550908497361720983e-01,-2.510495868579702972e+00,0.000000000000000000e+00,0.000000000000000000e+00,5.000000000000000000e+03
1.100000000000000089e+00,5.500000000000000444e-01,1.596875541318154290e-01,-2.709644509082664854e+00,0.000000000000000000e+00,0.000000000000000000e+00,5.000000000000000000e+03
1.149999999999999911e+00,5.500000000000000444e-01,1.639516805345022088e-01,-2.913675103534630662e+00,0.000000000000000000e+00,0.000000000000000000e+00,5.000000000000000000e+03
1.199999999999999956e+00,5.500000000000000444e-01,1.678814891573854329e-01,-3.122327396320884407e+00,0.000000000000000000e+00,0.000000000000000000e+00,5.000000000000000000e+03
1.250000000000000000e+00,5.500000000000000444e-01,1.714790802157606653e-01,-3.335342648476431915e+00,0.000000000000000000e+00,0.000000000000000000e+00,5.000000000000000000e+03
1.300000000000000044e+00,5.500000000000000444e-01,1.747524864641118725e-01,-3.552463380460947118e+00,0.000000000000000000e+00,0.000000000000000000e+00,5.000000000000000000e+03
1.350000000000000089e+00,5.500000000000000444e-01,1.777185208480422107e-01,-3.773432454382022350e+00,0.000000000000000000e+00,0.000000000000000000e+00,5.000000000000000000e+03
1.399999999999999911e+00,5.500000000000000444e-01,1.804065656370774651e-01,-3.997991017791258539e+00,0.000000000000000000e+00,0.000000000000000000e+00,5.000000000000000000e+03
1.449999999999999956e+00,5.500000000000000444e-01,1.828634450934622235e-01,-4.225874603387867801e+00,0.000000000000000000e+00,0.000000000000000000e+00,5.000000000000000000e+03
1.500000000000000000e+00,5.500000000000000444e-01,1.851593478327031306e-01,-4.456806417390991371e+00,0.000000000000000000e+00,0.000000000000000000e+00,5.000000000000000000e+03
1.550000000000000044e+00,5.500000000000000444e-01,1.873943221950631621e-01,-4.690486665515099851e+00,0.000000000000000000e+00,0.000000000000000000e+00,5.000000000000000000e+03
1.600000000000000089e+00,5.500000000000000444e-01,1.897039709148158892e-01,-4.926576935199645568e+00,0.000000000000000000e+00,0.000000000000000000e+00,5.000000000000000000e+03
1.649999999999999911e+00,5.500000000000000444e-01,1.922615162920217891e-01,-5.164679645750221759e+00,0.000000000000000000e+00,0.000000000000000000e+00,5.000000000000000000e+03
1.699999999999999956e+00,5.500000000000000444e-01,1.952717816712190857e-01,-5.404314773209110356e+00,0.000000000000000000e+00,0.000000000000000000e+00,5.000000000000000000e+03
1.750000000000000000e+00,5.500000000000000444e-01,1.989520616218921067e-01,-5.644899118585727571e+00,0.000000000000000000e+00,0.000000000000000000e+00,5.000000000000000000e+03
1.800000000000000044e+00,5.500000000000000444e-01,2.034968034492023181e-01,-5.885736044988473914e+00,0.000000000000000000e+00,0.000000000000000000e+00,5.000000000000000000e+03
1.850000000000000089e+00,5.500000000000000444e-01,2.090278315187780178e-01,-6.126024454217995796e+00,0.000000000000000000e+00,0.000000000000000000e+00,5.000000000000000000e+03
1.899999999999999911e+00,5.500000000000000444e-01,2.155381065613322933e-01,-6.364894394753201290e+00,0.000000000000000000e+00,0.000000000000000000e+00,5.000000000000000000e+03
1.949999999999999956e+00,5.500000000000000444e-01,2.228426450753376031e-01,-6.601473936964532996e+00,0.000000000000000000e+00,0.000000000000000000e+00,5.000000000000000000e+03
2.000000000000000000e+00,5.500000000000000444e-01,2.305545506825590341e-01,-6.834989919341382780e+00,0.000000000000000000e+00,0.000000000000000000e+00,5.000000000000000000e+03
2.049999999999999822e+00,5.500000000000000444e-01,2.380653312118149456e-01,-7.064824157197823418e+00,0.000000000000000000e+00,0.000000000000000000e+00,5.000000000000000000e+03
2.100000000000000089e+00,5.500000000000000444e-01,2.447870542936766147e-01,-7.291071262308057577e+00,0.000000000000000000e+00,0.000000000000000000e+00,5.000000000000000000e+03
2.149999999999999911e+00,5.500000000000000444e-01,2.503522845871399838e-01,-7.514336200592147463e+00,0.000000000000000000e+00,0.000000000000000000e+00,5.000000000000000000e+03
2.200000000000000178e+00,5.500000000000000444e-01,2.546414011072995476e-01,-7.735381162939267696e+00,0.000000000000000000e+00,0.000000000000000000e+00,5.000000000000000000e+03
2.250000000000000000e+00,5.500000000000000444e-01,2.577172520328780969e-01,-7.954906457119657048e+00,0.000000000000000000e+00,0.000000000000000000e+00,5.000000000000000000e+03
2.299999999999999822e+00,5.500000000000000444e-01,2.597444509112546984e-01,-8.173466140826691984e+00,0.000000000000000000e+00,0.000000000000000000e+00,5.000000000000000000e+03
2.350000000000000089e+00,5.500000000000000444e-01,2.609261666323585693e-01,-8.391459990732380803e+00,0.000000000000000000e+00,0.000000000000000000e+00,5.000000000000000000e+03
2.399999999999999911e+00,5.500000000000000444e-01,2.614641919111920232e-01,-8.609157271968872038e+00,0.000000000000000000e+00,0.000000000000000000e+00,5.000000000000000000e+03
2.450000000000000178e+00,5.500000000000000444e-01,2.615379198402936201e-01,-8.826728391107039329e+00,0.000000000000000000e+00,0.000000000000000000e+00,5.000000000000000000e+03
2.500000000000000000e+00,5.500000000000000444e-01,2.612959790606422805e-01,-9.044274015056846139e+00,0.000000000000000000e+00,0.000000000000000000e+00,5.000000000000000000e+03
2.549999999999999822e+00,5.500000000000000444e-01,2.608553084985099080e-01,-9.261848269995498484e+00,0.000000000000000000e+00,0.000000000000000000e+00,5.000000000000000000e+03
2.600000000000000089e+00,5.500000000000000444e-01,2.603040519535163022e-01,-9.479475794723919435e+00,0.000000000000000000e+00,0.000000000000000000e+00,5.000000000000000000e+03
2.649999999999999911e+00,5.500000000000000444e-01,2.597060230194096486e-01,-9.697163600274040007e+00,0.000000000000000000e+00,0.000000000000000000e+00,5.000000000000000000e+03
2.700000000000000178e+00,5.500000000000000444e-01,2.591054657916381232e-01,-9.914908951940478943e+00,0.000000000000000000e+00,0.000000000000000000e+00,5.000000000000000000e+03
2.750000000000000000e+00,5.500000000000000444e-01,2.585314640002331910e-01,-1.013270438432286369e+01,0.000000000000000000e+00,0.000000000000000000e+00,5.000000000000000000e+03
2.799999999999999822e+00,5.500000000000000444e-01,2.580017255571087076e-01,-1.035054073949724973e+01,0.000000000000000000e+00,0.000000000000000000e+00,5.000000000000000000e+03
2.850000000000000089e+00,5.500000000000000444e-01,2.575256771739361517e-01,-1.056840889248839410e+01,0.000000000000000000e+00,0.000000000000000000e+00,5.000000000000000000e+03
2.899999999999999911e+00,5.500000000000000444e-01,2.571069086001808723e-01,-1.078630063667641537e+01,0.000000000000000000e+00,0.000000000000000000e+00,5.000000000000000000e+03
2.950000000000000178e+00,5.500000000000000444e-01,2.567450511232120536e-01,-1.100420905346183353e+01,0.000000000000000000e+00,0.000000000000000000e+00,5.000000000000000000e+03
3.000000000000000000e+00,5.500000000000000444e-01,2.564371873763153786e-01,-1.122212858177144845e+01,0.000000000000000000e+00,0.000000000000000000e+00,5.000000000000000000e+03
3.049999999999999822e+00,5.500000000000000444e-01,2.561788854730752130e-01,-1.144005492625420572e+01,0.000000000000000000e+00,0.000000000000000000e+00,5.000000000000000000e+03
3.100000000000000089e+00,5.500000000000000444e-01,2.559649393096735115e-01,-1.165798489049386788e+01,0.000000000000000000e+00,0.000000000000000000e+00,5.000000000000000000e+03
3.149999999999999911e+00,5.500000000000000444e-01,2.557898835591551623e-01,-1.187591618658214720e+01,0.000000000000000000e+00,0.000000000000000000e+00,5.000000000000000000e+03
3.200000000000000178e+00,5.500000000000000444e-01,2.556483389253390581e-01,-1.209384724972053959e+01,0.000000000000000000e+00,0.000000000000000000e+00,5.000000000000000000e+03
3.250000000000000000e+00,5.500000000000000444e-01,2.555352317213008262e-01,-1.231177707225842788e+01,0.000000000000000000e+00,0.000000000000000000e+00,5.000000000000000000e+03
3.299999999999999822e+00,5.500000000000000444e-01,2.554459221321668805e-01,-1.252970506293314301e+01,0.000000000000000000e+00,0.000000000000000000e+00,5.000000000000000000e+03
3.350000000000000089e+00,5.500000000000000444e-01,2.553762675864542642e-01,-1.274763093209857345e+01,0.000000000000000000e+00,0.000000000000000000e+00,5.000000000000000000e+03
3.399999999999999911e+00,5.500000000000000444e-01,2.553226413061436828e-01,-1.296555460107643931e+01,0.000000000000000000e+00,0.000000000000000000e+00,5.000000000000000000e+03
3.450000000000000178e+00,5.500000000000000444e-01,2.552819210926535187e-01,-1.318347613254222317e+01,0.000000000000000000e+00,0.000000000000000000e+00,5.000000000000000000e+03
3.500000000000000000e+00,5.500000000000000444e-01,2.552514594951919569e-01,-1.340139567847784363e+01,0.000000000000000000e+00,0.000000000000000000e+00,5.000000000000000000e+03
3.549999999999999822e+00,5.500000000000000444e-01,2.552290434854346812e-01,-1.361931344230840679e+01,0.000000000000000000e+00,0.000000000000000000e+00,5.000000000000000000e+03
3.600000000000000089e+00,5.500000000000000444e-01,2.552128494447906681e-01,-1.383722965215225997e+01,0.000000000000000000e+00,0.000000000000000000e+00,5.000000000000000000e+03
3.649999999999999911e+00,5.500000000000000444e-01,2.552013975052627726e-01,-1.405514454250735845e+01,0.000000000000000000e+00,0.000000000000000000e+00,5.000000000000000000e+03
3.700000000000000178e+00,5.500000000000000444e-01,2.551935079467883005e-01,-1.427305834208235602e+01,0.000000000000000000e+00,0.000000000000000000e+00,5.000000000000000000e+03
3.750000000000000000e+00,5.500000000000000444e-01,2.551882613344458317e-01,-1.449097126580083383e+01,0.000000000000000000e+00,0.000000000000000000e+00,5.000000000000000000e+03
3.799999999999999822e+00,5.500000000000000444e-01,2.551849632716415850e-01,-1.470888350922533405e+01,0.000000000000000000e+00,0.000000000000000000e+00,5.000000000000000000e+03
3.850000000000000089e+00,5.500000000000000444e-01,2.551831139145010474e-01,-1.492679524375135713e+01,0.000000000000000000e+00,0.000000000000000000e+00,5.000000000000000000e+03
3.899999999999999911e+00,5.500000000000000444e-01,2.551823815385729777e-01,-1.514470661093830373e+01,0.000000000000000000e+00,0.000000000000000000e+00,5.000000000000000000e+03
3.950000000000000178e+00,5.500000000000000444e-01,2.551825781648255353e-01,-1.536261771435680679e+01,0.000000000000000000e+00,0.000000000000000000e+00,5.000000000000000000e+03
4.000000000000000000e+00,5.500000000000000444e-01,2.551836330830525301e-01,-1.558052860743985946e+01,0.000000000000000000e+00,0.000000000000000000e+00,5.000000000000000000e+03
0.000000000000000000e+00,5.999999999999999778e-01,0.000000000000000000e+00,0.000000000000000000e+00,1.000000000000000000e+00,0.000000000000000000e+00,5.000000000000000000e+03
5.000000000000000278e-02,5.999999999999999778e-01,1.479819537699756000e-02,-1.332172410229927502e-02,0.000000000000000000e+00,0.000000000000000000e+00,5.000000000000000000e+03
1.000000000000000056e-01,5.999999999999999778e-01,3.061689776012470332e-02,-4.328543874956031906e-02,0.000000000000000000e+00,0.000000000000000000e+00,5.000000000000000000e+03
1.499999999999999944e-01,5.999999999999999778e-01,4.734155673747961895e-02,-8.825308624486344344e-02,0.000000000000000000e+00,0.000000000000000000e+00,5.000000000000000000e+03
2.000000000000000111e-01,5.999999999999999778e-01,6.472651787471145335e-02,-1.467027236917905486e-01,0.000000000000000000e+00,0.000000000000000000e+00,5.000000000000000000e+03
2.500000000000000000e-01,5.999999999999999778e-01,8.248225295848742034e-02,-2.173410981428041400e-01,0.000000000000000000e+00,0.000000000000000000e+00,5.000000000000000000e+03
2.999999999999999889e-01,5.999999999999999778e-01,1.003369831556173847e-01,-2.991160062233849115e-01,0.000000000000000000e+00,0.000000000000000000e+00,5.000000000000000000e+03
3.499999999999999778e-01,5.999999999999999778e-01,1.180673223567473978e-01,-3.911857120217897554e-01,0.000000000000000000e+00,0.000000000000000000e+00,5.000000000000000000e+03
4.000000000000000222e-01,5.999999999999999778e-01,1.355061410213777573e-01,-4.928765572004989992e-01,0.000000000000000000e+00,0.000000000000000000e+00,5.000000000000000000e+03
4.500000000000000111e-01,5.999999999999999778e-01,1.525375193191449430e-01,-6.036422738691383794e-01,0.000000000000000000e+00,0.000000000000000000e+00,5.000000000000000000e+03
5.000000000000000000e-01,5.999999999999999778e-01,1.690863086583730135e-01,-7.230296471345977194e-01,0.000000000000000000e+00,0.000000000000000000e+00,5.000000000000000000e+03
5.500000000000000444e-01,5.999999999999999778e-01,1.851069034035183747e-01,-8.506513438297416130e-01,0.000000000000000000e+00,0.000000000000000000e+00,5.000000000000000000e+03
5.999999999999999778e-01,5.999999999999999778e-01,2.005734984143456578e-01,-9.861652869761579066e-01,0.000000000000000000e+00,0.000000000000000000e+00,5.000000000000000000e+03
6.500000000000000222e-01,5.999999999999999778e-01,2.154725946252375735e-01,-1.129259524603772658e+00,0.000000000000000000e+00,0.000000000000000000e+00,5.000000000000000000e+03
6.999999999999999556e-01,5.999999999999999778e-01,2.297976948233858840e-01,-1.279641492944963543e+00,0.000000000000000000e+00,0.000000000000000000e+00,5.000000000000000000e+03
7.500000000000000000e-01,5.999999999999999778e-01,2.435457901633090172e-01,-1.437030664493363252e+00,0.000000000000000000e+00,0.000000000000000000e+00,5.000000000000000000e+03
8.000000000000000444e-01,5.999999999999999778e-01,2.567151713469504326e-01,-1.601153715390551291e+00,0.000000000000000000e+00,0.000000000000000000e+00,5.000000000000000000e+03
8.499999999999999778e-01,5.999999999999999778e-01,2.693041585248642233e-01,-1.771741509567272166e+00,0.000000000000000000e+00,0.000000000000000000e+00,5.000000000000000000e+03
9.000000000000000222e-01,5.999999999999999778e-01,2.813104433164644869e-01,-1.948527357778637503e+00,0.000000000000000000e+00,0.000000000000000000e+00,5.000000000000000000e+03
9.499999999999999556e-01,5.999999999999999778e-01,2.927308334928038214e-01,-2.131246153114799924e+00,0.000000000000000000e+00,0.000000000000000000e+00,5.000000000000000000e+03
1.000000000000000000e+00,5.999999999999999778e-01,3.035612716806005973e-01,-2.319634102312502666e+00,0.000000000000000000e+00,0.000000000000000000e+00,5.000000000000000000e+03
1.050000000000000044e+00,5.999999999999999778e-01,3.137970629851157267e-01,-2.513428861591231911e+00,0.000000000000000000e+00,0.000000000000000000e+00,5.000000000000000000e+03
1.100000000000000089e+00,5.999999999999999778e-01,3.234332969846474559e-01,-2.712369947512943469e+00,0.000000000000000000e+00,0.000000000000000000e+00,5.000000000000000000e+03
1.149999999999999911e+00,5.999999999999999778e-01,3.324654930070871095e-01,-2.916199328954151238e+00,0.000000000000000000e+00,0.000000000000000000e+00,5.000000000000000000e+03
1.199999999999999956e+00,5.999999999999999778e-01,3.408905400968972876e-01,-3.124662115560659092e+00,0.000000000000000000e+00,0.000000000000000000e+00,5.000000000000000000e+03
1.250000000000000000e+00,5.999999999999999778e-01,3.487080506024274329e-01,-3.337507237338724231e+00,0.000000000000000000e+00,0.000000000000000000e+00,5.000000000000000000e+03
1.300000000000000044e+00,5.999999999999999778e-01,3.559223042656736724e-01,-3.554487949951475212e+00,0.000000000000000000e+00,0.000000000000000000e+00,5.000000000000000000e+03
1.350000000000000089e+00,5.999999999999999778e-01,3.625450314253064188e-01,-3.775361883315204725e+00,0.000000000000000000e+00,0.000000000000000000e+00,5.000000000000000000e+03
1.399999999999999911e+00,5.999999999999999778e-01,3.685993663210521132e-01,-3.999890149253556348e+00,0.000000000000000000e+00,0.000000000000000000e+00,5.000000000000000000e+03
1.449999999999999956e+00,5.999999999999999778e-01,3.741253737238457999e-01,-4.227834699611353386e+00,0.000000000000000000e+00,0.000000000000000000e+00,5.000000000000000000e+03
1.500000000000000000e+00,5.999999999999999778e-01,3.791875502518847751e-01,-4.458952645396204062e+00,0.000000000000000000e+00,0.000000000000000000e+00,5.000000000000000000e+03
1.550000000000000044e+00,5.999999999999999778e-01,3.838844668987246300e-01,-4.692985631434841487e+00,0.000000000000000000e+00,0.000000000000000000e+00,5.000000000000000000e+03
1.600000000000000089e+00,5.999999999999999778e-01,3.883599144563306127e-01,-4.929641828915569235e+00,0.000000000000000000e+00,0.000000000000000000e+00,5.000000000000000000e+03
1.649999999999999911e+00,5.999999999999999778e-01,3.928129768624227247e-01,-5.168568361047997328e+00,0.000000000000000000e+00,0.000000000000000000e+00,5.000000000000000000e+03
1.699999999999999956e+00,5.999999999999999778e-01,3.975009625145784486e-01,-5.409314382657612441e+00,0.000000000000000000e+00,0.000000000000000000e+00,5.000000000000000000e+03
1.750000000000000000e+00,5.999999999999999778e-01,4.027253590341221545e-01,-5.651290463695003652e+00,0.000000000000000000e+00,0.000000000000000000e+00,5.000000000000000000e+03
1.800000000000000044e+00,5.999999999999999778e-01,4.087908621008771171e-01,-5.893736595177678339e+00,0.000000000000000000e+00,0.000000000000000000e+00,5.000000000000000000e+03
1.850000000000000089e+00,5.999999999999999778e-01,4.159344080022060464e-01,-6.135715044146854424e+00,0.000000000000000000e+00,0.000000000000000000e+00,5.000000000000000000e+03
1.899999999999999911e+00,5.999999999999999778e-01,4.242334170187331832e-01,-6.376142982256721048e+00,0.000000000000000000e+00,0.000000000000000000e+00,5.000000000000000000e+03
1.949999999999999956e+00,5.999999999999999778e-01,4.335146244432763196e-01,-6.613874903588624399e+00,0.000000000000000000e+00,0.000000000000000000e+00,5.000000000000000000e+03
2.000000000000000000e+00,5.999999999999999778e-01,4.432941629912772186e-01,-6.847842369991016476e+00,0.000000000000000000e+00,0.000000000000000000e+00,5.000000000000000000e+03
2.049999999999999822e+00,5.999999999999999778e-01,4.526818893114264442e-01,-7.077061499325542293e+00,0.000000000000000000e+00,0.000000000000000000e+00,5.000000000000000000e+03
2.100000000000000089e+00,5.999999999999999778e-01,4.608617812301767369e-01,-7.301853834060235471e+00,0.000000000000000000e+00,0.000000000000000000e+00,5.000000000000000000e+03
2.149999999999999911e+00,5.999999999999999778e-01,4.674097288620568391e-01,-7.523258578971309340e+00,0.000000000000000000e+00,0.000000000000000000e+00,5.000000000000000000e+03
2.200000000000000178e+00,5.999999999999999778e-01,4.722714728841730381e-01,-7.742396332181840535e+00,0.000000000000000000e+00,0.000000000000000000e+00,5.000000000000000000e+03
2.250000000000000000e+00,5.999999999999999778e-01,4.756210736295932162e-01,-7.960182754670630523e+00,0.000000000000000000e+00,0.000000000000000000e+00,5.000000000000000000e+03
2.299999999999999822e+00,5.999999999999999778e-01,4.777316642021368076e-01,-8.177269194346413528e+00,0.000000000000000000e+00,0.000000000000000000e+00,5.000000000000000000e+03
2.350000000000000089e+00,5.999999999999999778e-01,4.788919138023916555e-01,-8.394077156529920813e+00,0.000000000000000000e+00,0.000000000000000000e+00,5.000000000000000000e+03
2.399999999999999911e+00,5.999999999999999778e-01,4.793625302777446695e-01,-8.610856774589016993e+00,0.000000000000000000e+00,0.000000000000000000e+00,5.000000000000000000e+03
2.450000000000000178e+00,5.999999999999999778e-01,4.793591015563899993e-01,-8.827741288148514442e+00,0.000000000000000000e+00,0.000000000000000000e+00,5.000000000000000000e+03
2.500000000000000000e+00,5.999999999999999778e-01,4.790497042035940511e-01,-9.044789408873539216e+00,0.000000000000000000e+00,0.000000000000000000e+00,5.000000000000000000e+03
2.549999999999999822e+00,5.999999999999999778e-01,4.785596030855113758e-01,-9.262015376279249423e+00,0.000000000000000000e+00,0.000000000000000000e+00,5.000000000000000000e+03
2.600000000000000089e+00,5.999999999999999778e-01,4.779785651982051964e-01,-9.479409022120112382e+00,0.000000000000000000e+00,0.000000000000000000e+00,5.000000000000000000e+03
2.649999999999999911e+00,5.999999999999999778e-01,4.773684437453485918e-01,-9.696948506837447468e+00,0.000000000000000000e+00,0.000000000000000000e+00,5.000000000000000000e+03
2.700000000000000178e+00,5.999999999999999778e-01,4.767699636861425505e-01,-9.914607996931408707e+00,0.000000000000000000e+00,0.000000000000000000e+00,5.000000000000000000e+03
2.750000000000000000e+00,5.999999999999999778e-01,4.762083405740497044e-01,-1.013236200050709890e+01,0.000000000000000000e+00,0.000000000000000000e+00,5.000000000000000000e+03
2.799999999999999822e+00,5.999999999999999778e-01,4.756977155920670275e-01,-1.035018757945232970e+01,0.000000000000000000e+00,0.000000000000000000e+00,5.000000000000000000e+03
2.850000000000000089e+00,5.999999999999999778e-01,4.752445426913279869e-01,-1.056806526655875267e+01,0.000000000000000000e+00,0.000000000000000000e+00,5.000000000000000000e+03
2.899999999999999911e+00,5.999999999999999778e-01,4.748501120609417980e-01,-1.078597923216698007e+01,0.000000000000000000e+00,0.000000000000000000e+00,5.000000000000000000e+03
2.950000000000000178e+00,5.999999999999999778e-01,4.745123919260236800e-01,-1.100391704759331368e+01,0.000000000000000000e+00,0.000000000000000000e+00,5.000000000000000000e+03
3.000000000000000000e+00,5.999999999999999778e-01,4.742273474957119372e-01,-1.122186925966004445e+01,0.000000000000000000e+00,0.000000000000000000e+00,5.000000000000000000e+03
3.049999999999999822e+00,5.999999999999999778e-01,4.739898669101319517e-01,-1.143982890339128033e+01,0.000000000000000000e+00,0.000000000000000000e+00,5.000000000000000000e+03
3.100000000000000089e+00,5.999999999999999778e-01,4.737943963017232085e-01,-1.165779102403393352e+01,0.000000000000000000e+00,0.000000000000000000e+00,5.000000000000000000e+03
3.149999999999999911e+00,5.999999999999999778e-01,4.736353623207321673e-01,-1.187575224467541446e+01,0.000000000000000000e+00,0.000000000000000000e+00,5.000000000000000000e+03
3.200000000000000178e+00,5.999999999999999778e-01,4.735074412741913097e-01,-1.209371039463533748e+01,0.000000000000000000e+00,0.000000000000000000e+00,5.000000000000000000e+03
3.250000000000000000e+00,5.999999999999999778e-01,4.734057190427830575e-01,-1.231166420159530261e+01,0.000000000000000000e+00,0.000000000000000000e+00,5.000000000000000000e+03
3.299999999999999822e+00,5.999999999999999778e-01,4.733257744890230767e-01,-1.252961304381674879e+01,0.000000000000000000e+00,0.000000000000000000e+00,5.000000000000000000e+03
3.350000000000000089e+00,5.999999999999999778e-01,4.732637104305836839e-01,-1.274755675562435897e+01,0.000000000000000000e+00,0.000000000000000000e+00,5.000000000000000000e+03
3.399999999999999911e+00,5.999999999999999778e-01,4.732161497823555441e-01,-1.296549547820620418e+01,0.000000000000000000e+00,0.000000000000000000e+00,5.000000000000000000e+03
3.450000000000000178e+00,5.999999999999999778e-01,4.731802096462715546e-01,-1.318342954781242327e+01,0.000000000000000000e+00,0.000000000000000000e+00,5.000000000000000000e+03
3.500000000000000000e+00,5.999999999999999778e-01,4.731534625392943005e-01,-1.340135941406536269e+01,0.000000000000000000e+00,0.000000000000000000e+00,5.000000000000000000e+03
3.549999999999999822e+00,5.999999999999999778e-01,4.731338912859666124e-01,-1.361928558198828654e+01,0.000000000000000000e+00,0.000000000000000000e+00,5.000000000000000000e+03
3.600000000000000089e+00,5.999999999999999778e-01,4.731198421282660771e-01,-1.383720857231365109e+01,0.000000000000000000e+00,0.000000000000000000e+00,5.000000000000000000e+03
3.649999999999999911e+00,5.999999999999999778e-01,4.731099791465518956e-01,-1.405512889553334865e+01,0.000000000000000000e+00,0.000000000000000000e+00,5.000000000000000000e+03
3.700000000000000178e+00,5.999999999999999778e-01,4.731032420121117910e-01,-1.427304703593574153e+01,0.000000000000000000e+00,0.000000000000000000e+00,5.000000000000000000e+03
3.750000000000000000e+00,5.999999999999999778e-01,4.730988083091555163e-01,-1.449096344249097790e+01,0.000000000000000000e+00,0.000000000000000000e+00,5.000000000000000000e+03
3.799999999999999822e+00,5.999999999999999778e-01,4.730960610973836133e-01,-1.470887852384652561e+01,0.000000000000000000e+00,0.000000000000000000e+00,5.000000000000000000e+03
3.850000000000000089e+00,5.999999999999999778e-01,4.730945619424949400e-01,-1.492679264480755563e+01,0.000000000000000000e+00,0.000000000000000000e+00,5.000000000000000000e+03
3.899999999999999911e+00,5.999999999999999778e-01,4.730940291521260610e-01,-1.514470612143068706e+01,0.000000000000000000e+00,0.000000000000000000e+00,5.000000000000000000e+03
3.950000000000000178e+00,5.999999999999999778e-01,4.730943201179110269e-01,-1.536261921119610285e+01,0.000000000000000000e+00,0.000000000000000000e+00,5.000000000000000000e+03
4.000000000000000000e+00,5.999999999999999778e-01,4.730954150241190592e-01,-1.558053209357212232e+01,0.000000000000000000e+00,0.000000000000000000e+00,5.000000000000000000e+03
0.000000000000000000e+00,6.500000000000000222e-01,0.000000000000000000e+00,0.000000000000000000e+00,1.000000000000000000e+00,0.000000000000000000e+00,5.000000000000000000e+03
5.000000000000000278e-02,6.500000000000000222e-01,2.237806631150927872e-02,-1.517107346694031821e-02,0.000000000000000000e+00,0.000000000000000000e+00,5.000000000000000000e+03
1.000000000000000056e-01,6.500000000000000222e-01,4.637366931957630917e-02,-4.709287627781229973e-02,0.000000000000000000e+00,0.000000000000000000e+00,5.000000000000000000e+03
1.499999999999999944e-01,6.500000000000000222e-01,7.176058377445294900e-02,-9.380455411520816078e-02,0.000000000000000000e+00,0.000000000000000000e+00,5.000000000000000000e+03
2.000000000000000111e-01,6.500000000000000222e-01,9.812184843774786336e-02,-1.536211167060732019e-01,0.000000000000000000e+00,0.000000000000000000e+00,5.000000000000000000e+03
2.500000000000000000e-01,6.500000000000000222e-01,1.249980021719362122e-01,-2.252171723936249315e-01,0.000000000000000000e+00,0.000000000000000000e+00,5.000000000000000000e+03
2.999999999999999889e-01,6.500000000000000222e-01,1.519762388769998473e-01,-3.075828297698440239e-01,0.000000000000000000e+00,0.000000000000000000e+00,5.000000000000000000e+03
3.499999999999999778e-01,6.500000000000000222e-01,1.787273208013715475e-01,-3.999486974850131049e-01,0.000000000000000000e+00,0.000000000000000000e+00,5.000000000000000000e+03
4.000000000000000222e-01,6.500000000000000222e-01,2.050100446999877368e-01,-5.017167431975330105e-01,0.000000000000000000e+00,0.000000000000000000e+00,5.000000000000000000e+03
4.500000000000000111e-01,6.500000000000000222e-01,2.306597169442569650e-01,-6.124065270854102128e-01,0.000000000000000000e+00,0.000000000000000000e+00,5.000000000000000000e+03
5.000000000000000000e-01,6.500000000000000222e-01,2.555711336064457884e-01,-7.316163831883846225e-01,0.000000000000000000e+00,0.000000000000000000e+00,5.000000000000000000e+03
5.500000000000000444e-01,6.500000000000000222e-01,2.796817461439489172e-01,-8.589964214828447187e-01,0.000000000000000000e+00,0.000000000000000000e+00,5.000000000000000000e+03
5.999999999999999778e-01,6.500000000000000222e-01,3.029575306030695692e-01,-9.942301433351177220e-01,0.000000000000000000e+00,0.000000000000000000e+00,5.000000000000000000e+03
6.500000000000000222e-01,6.500000000000000222e-01,3.253822469454675792e-01,-1.137022114701377040e+00,0.000000000000000000e+00,0.000000000000000000e+00,5.000000000000000000e+03
6.999999999999999556e-01,6.500000000000000222e-01,3.469498509914247242e-01,-1.287089839725116480e+00,0.000000000000000000e+00,0.000000000000000000e+00,5.000000000000000000e+03
7.500000000000000000e-01,6.500000000000000222e-01,3.676594552951701900e-01,-1.444158530548347530e+00,0.000000000000000000e+00,0.000000000000000000e+00,5.000000000000000000e+03
8.000000000000000444e-01,6.500000000000000222e-01,3.875121765253088935e-01,-1.607957866088659316e+00,0.000000000000000000e+00,0.000000000000000000e+00,5.000000000000000000e+03
8.499999999999999778e-01,6.500000000000000222e-01,4.065092917582555643e-01,-1.778220110649264774e+00,0.000000000000000000e+00,0.000000000000000000e+00,5.000000000000000000e+03
9.000000000000000222e-01,6.500000000000000222e-01,4.246512581633737904e-01,-1.954679159971089097e+00,0.000000000000000000e+00,0.000000000000000000e+00,5.000000000000000000e+03
9.499999999999999556e-01,6.500000000000000222e-01,4.419372810691430953e-01,-2.137070223599611296e+00,0.000000000000000000e+00,0.000000000000000000e+00,5.000000000000000000e+03
1.000000000000000000e+00,6.500000000000000222e-01,4.583652251727383664e-01,-2.325129954181569314e+00,0.000000000000000000e+00,0.000000000000000000e+00,5.000000000000000000e+03
1.050000000000000044e+00,6.500000000000000222e-01,4.739317495661763968e-01,-2.518596906394845902e+00,0.000000000000000000e+00,0.000000000000000000e+00,5.000000000000000000e+03
1.100000000000000089e+00,6.500000000000000222e-01,4.886326136489711480e-01,-2.717212256913369650e+00,0.000000000000000000e+00,0.000000000000000000e+00,5.000000000000000000e+03
1.149999999999999911e+00,6.500000000000000222e-01,5.024631551995363266e-01,-2.920720745649164840e+00,0.000000000000000000e+00,0.000000000000000000e+00,5.000000000000000000e+03
1.199999999999999956e+00,6.500000000000000222e-01,5.154189923732087619e-01,-3.128871808030959656e+00,0.000000000000000000e+00,0.000000000000000000e+00,5.000000000000000000e+03
1.250000000000000000e+00,6.500000000000000222e-01,5.274970575945325812e-01,-3.341420854622227932e+00,0.000000000000000000e+00,0.000000000000000000e+00,5.000000000000000000e+03
1.300000000000000044e+00,6.500000000000000222e-01,5.386971440577690284e-01,-3.558130607738415385e+00,0.000000000000000000e+00,0.000000000000000000e+00,5.000000000000000000e+03
1.350000000000000089e+00,6.500000000000000222e-01,5.490242476332376498e-01,-3.778772303856216652e+00,0.000000000000000000e+00,0.000000000000000000e+00,5.000000000000000000e+03
1.399999999999999911e+00,6.500000000000000222e-01,5.584921323149026895e-01,-4.003126376517563756e+00,0.000000000000000000e+00,0.000000000000000000e+00,5.000000000000000000e+03
1.449999999999999956e+00,6.500000000000000222e-01,5.671287453913265164e-01,-4.230981879613881169e+00,0.000000000000000000e+00,0.000000000000000000e+00,5.000000000000000000e+03
1.500000000000000000e+00,6.500000000000000222e-01,5.749843448959205405e-01,-4.462133288617907922e+00,0.000000000000000000e+00,0.000000000000000000e+00,5.000000000000000000e+03
1.550000000000000044e+00,6.500000000000000222e-01,5.821433825631657788e-01,-4.696372288987340937e+00,0.000000000000000000e+00,0.000000000000000000e+00,5.000000000000000000e+03
1.600000000000000089e+00,6.500000000000000222e-01,5.887409935616865209e-01,-4.933470651872309709e+00,0.000000000000000000e+00,0.000000000000000000e+00,5.000000000000000000e+03
1.649999999999999911e+00,6.500000000000000222e-01,5.949835267255909610e-01,-5.173148686235388816e+00,0.000000000000000000e+00,0.000000000000000000e+00,5.000000000000000000e+03
1.699999999999999956e+00,6.500000000000000222e-01,6.011680946215292032e-01,-5.415023942786345579e+00,0.000000000000000000e+00,0.000000000000000000e+00,5.000000000000000000e+03
1.750000000000000000e+00,6.500000000000000222e-01,6.076866803149847396e-01,-5.658541441112566517e+00,0.000000000000000000e+00,0.000000000000000000e+00,5.000000000000000000e+03
1.800000000000000044e+00,6.500000000000000222e-01,6.149910776323007644e-01,-5.902901354361564046e+00,0.000000000000000000e+00,0.000000000000000000e+00,5.000000000000000000e+03
1.850000000000000089e+00,6.500000000000000222e-01,6.234995014685025261e-01,-6.147014043691417129e+00,0.000000000000000000e+00,0.000000000000000000e+00,5.000000000000000000e+03
1.899999999999999911e+00,6.500000000000000222e-01,6.334491308897908235e-01,-6.389514052370483199e+00,0.000000000000000000e+00,0.000000000000000000e+00,5.000000000000000000e+03
1.949999999999999956e+00,6.500000000000000222e-01,6.447277422266534108e-01,-6.628854454401098550e+00,0.000000000000000000e+00,0.000000000000000000e+00,5.000000000000000000e+03
2.000000000000000000e+00,6.500000000000000222e-01,6.567390836479851668e-01,-6.863497779560949752e+00,0.000000000000000000e+00,0.000000000000000000e+00,5.000000000000000000e+03
2.049999999999999822e+00,6.500000000000000222e-01,6.681087923498981729e-01,-7.091732597310344666e+00,0.000000000000000000e+00,0.000000000000000000e+00,5.000000000000000000e+03
2.100000000000000089e+00,6.500000000000000222e-01,6.776848191977103975e-01,-7.314406380194121482e+00,0.000000000000000000e+00,0.000000000000000000e+00,5.000000000000000000e+03
2.149999999999999911e+00,6.500000000000000222e-01,6.850204544025966236e-01,-7.533295100302329850e+00,0.000000000000000000e+00,0.000000000000000000e+00,5.000000000000000000e+03
2.200000000000000178e+00,6.500000000000000222e-01,6.902054879910626273e-01,-7.750014301791034121e+00,0.000000000000000000e+00,0.000000000000000000e+00,5.000000000000000000e+03
2.250000000000000000e+00,6.500000000000000222e-01,6.935892376836674256e-01,-7.965717086905679700e+00,0.000000000000000000e+00,0.000000000000000000e+00,5.000000000000000000e+03
2.299999999999999822e+00,6.500000000000000222e-01,6.955885893013816768e-01,-8.181124643754897008e+00,0.000000000000000000e+00,0.000000000000000000e+00,5.000000000000000000e+03
2.350000000000000089e+00,6.500000000000000222e-01,6.965893737021591203e-01,-8.396640664693933331e+00,0.000000000000000000e+00,0.000000000000000000e+00,5.000000000000000000e+03
2.399999999999999911e+00,6.500000000000000222e-01,6.969085396249516950e-01,-8.612460567909282716e+00,0.000000000000000000e+00,0.000000000000000000e+00,5.000000000000000000e+03
2.450000000000000178e+00,6.500000000000000222e-01,6.967884500677020698e-01,-8.828653554879915433e+00,0.000000000000000000e+00,0.000000000000000000e+00,5.000000000000000000e+03
2.500000000000000000e+00,6.500000000000000222e-01,6.964053302295750703e-01,-9.045218102451750397e+00,0.000000000000000000e+00,0.000000000000000000e+00,5.000000000000000000e+03
2.549999999999999822e+00,6.500000000000000222e-01,6.958822023614488206e-01,-9.262117123245872108e+00,0.000000000000000000e+00,0.000000000000000000e+00,5.000000000000000000e+03
2.600000000000000089e+00,6.500000000000000222e-01,6.953017316902443401e-01,-9.479299077416998287e+00,0.000000000000000000e+00,0.000000000000000000e+00,5.000000000000000000e+03
2.649999999999999911e+00,6.500000000000000222e-01,6.947171808028023143e-01,-9.696709929636234904e+00,0.000000000000000000e+00,0.000000000000000000e+00,5.000000000000000000e+03
2.700000000000000178e+00,6.500000000000000222e-01,6.941610430226998751e-01,-9.914299389530414786e+00,0.000000000000000000e+00,0.000000000000000000e+00,5.000000000000000000e+03
2.750000000000000000e+00,6.500000000000000222e-01,6.936515268300328385e-01,-1.013202371928414536e+01,0.000000000000000000e+00,0.000000000000000000e+00,5.000000000000000000e+03
2.799999999999999822e+00,6.500000000000000222e-01,6.931972707242451959e-01,-1.034984656954611637e+01,0.000000000000000000e+00,0.000000000000000000e+00,5.000000000000000000e+03
2.850000000000000089e+00,6.500000000000000222e-01,6.928006912796889072e-01,-1.056773875078695646e+01,0.000000000000000000e+00,0.000000000000000000e+00,5.000000000000000000e+03
2.899999999999999911e+00,6.500000000000000222e-01,6.924603164102921538e-01,-1.078567748709367535e+01,0.000000000000000000e+00,0.000000000000000000e+00,5.000000000000000000e+03
2.950000000000000178e+00,6.500000000000000222e-01,6.921723846076071052e-01,-1.100364547119798075e+01,0.000000000000000000e+00,0.000000000000000000e+00,5.000000000000000000e+03
3.000000000000000000e+00,6.500000000000000222e-01,6.919319226725042515e-01,-1.122162989809971911e+01,0.000000000000000000e+00,0.000000000000000000e+00,5.000000000000000000e+03
3.049999999999999822e+00,6.500000000000000222e-01,6.917334576449629679e-01,-1.143962156888501092e+01,0.000000000000000000e+00,0.000000000000000000e+00,5.000000000000000000e+03
3.100000000000000089e+00,6.500000000000000222e-01,6.915714746466644636e-01,-1.165761410565348832e+01,0.000000000000000000e+00,0.000000000000000000e+00,5.000000000000000000e+03
3.149999999999999911e+00,6.500000000000000222e-01,6.914406997322827264e-01,-1.187560328953106037e+01,0.000000000000000000e+00,0.000000000000000000e+00,5.000000000000000000e+03
3.200000000000000178e+00,6.500000000000000222e-01,6.913362633055961659e-01,-1.209358651807422902e+01,0.000000000000000000e+00,0.000000000000000000e+00,5.000000000000000000e+03
3.250000000000000000e+00,6.500000000000000222e-01,6.912537829543848877e-01,-1.231156237064107550e+01,0.000000000000000000e+00,0.000000000000000000e+00,5.000000000000000000e+03
3.299999999999999822e+00,6.500000000000000222e-01,6.911893928220717020e-01,-1.252953026720996377e+01,0.000000000000000000e+00,0.000000000000000000e+00,5.000000000000000000e+03
3.350000000000000089e+00,6.500000000000000222e-01,6.911397384240651753e-01,-1.274749020563868562e+01,0.000000000000000000e+00,0.000000000000000000e+00,5.000000000000000000e+03
3.399999999999999911e+00,6.500000000000000222e-01,6.911019500758653900e-01,-1.296544256324643207e+01,0.000000000000000000e+00,0.000000000000000000e+00,5.000000000000000000e+03
3.450000000000000178e+00,6.500000000000000222e-01,6.910736040764515753e-01,-1.318338795013651676e+01,0.000000000000000000e+00,0.000000000000000000e+00,5.000000000000000000e+03
3.500000000000000000e+00,6.500000000000000222e-01,6.910526779603457515e-01,-1.340132710343177003e+01,0.000000000000000000e+00,0.000000000000000000e+00,5.000000000000000000e+03
3.549999999999999822e+00,6.500000000000000222e-01,6.910375041333953750e-01,-1.361926081332916461e+01,0.000000000000000000e+00,0.000000000000000000e+00,5.000000000000000000e+03
3.600000000000000089e+00,6.500000000000000222e-01,6.910267247919780198e-01,-1.383718987346743745e+01,0.000000000000000000e+00,0.000000000000000000e+00,5.000000000000000000e+03
3.649999999999999911e+00,6.500000000000000222e-01,6.910192500215077693e-01,-1.405511504948259116e+01,0.000000000000000000e+00,0.000000000000000000e+00,5.000000000000000000e+03
3.700000000000000178e+00,6.500000000000000222e-01,6.910142202604924178e-01,-1.427303706077968037e+01,0.000000000000000000e+00,0.000000000000000000e+00,5.000000000000000000e+03
3.750000000000000000e+00,6.500000000000000222e-01,6.910109738293265247e-01,-1.449095657146212623e+01,0.000000000000000000e+00,0.000000000000000000e+00,5.000000000000000000e+03
3.799999999999999822e+00,6.500000000000000222e-01,6.910090199352336704e-01,-1.470887418699260962e+01,0.000000000000000000e+00,0.000000000000000000e+00,5.000000000000000000e+03
3.850000000000000089e+00,6.500000000000000222e-01,6.910080174833739264e-01,-1.492679045339155763e+01,0.000000000000000000e+00,0.000000000000000000e+00,5.000000000000000000e+03
3.899999999999999911e+00,6.500000000000000222e-01,6.910077600983082213e-01,-1.514470585541065617e+01,0.000000000000000000e+00,0.000000000000000000e+00,5.000000000000000000e+03
3.950000000000000178e+00,6.500000000000000222e-01,6.910081677576175307e-01,-1.536262080892320547e+01,0.000000000000000000e+00,0.000000000000000000e+00,5.000000000000000000e+03
4.000000000000000000e+00,6.500000000000000222e-01,6.910092848986409964e-01,-1.558053564053480144e+01,0.000000000000000000e+00,0.000000000000000000e+00,5.000000000000000000e+03
0.000000000000000000e+00,6.999999999999999556e-01,0.000000000000000000e+00,0.000000000000000000e+00,1.000000000000000000e+00,0.000000000000000000e+00,5.000000000000000000e+03
5.000000000000000278e-02,6.999999999999999556e-01,3.024895361070315675e-02,-1.800564214280244574e-02,0.000000000000000000e+00,0.000000000000000000e+00,5.000000000000000000e+03
1.000000000000000056e-01,6.999999999999999556e-01,6.282388323082284398e-02,-5.284001143114079591e-02,0.000000000000000000e+00,0.000000000000000000e+00,5.000000000000000000e+03
1.499999999999999944e-01,6.999999999999999556e-01,9.729695043219299677e-02,-1.020440270374286668e-01,0.000000000000000000e+00,0.000000000000000000e+00,5.000000000000000000e+03
2.000000000000000111e-01,6.999999999999999556e-01,1.330062815659936171e-01,-1.637386115663856667e-01,0.000000000000000000e+00,0.000000000000000000e+00,5.000000000000000000e+03
2.500000000000000000e-01,6.999999999999999556e-01,1.692872114203521072e-01,-2.366007135606684186e-01,0.000000000000000000e+00,0.000000000000000000e+00,5.000000000000000000e+03
2.999999999999999889e-01,6.999999999999999556e-01,2.055816181913611984e-01,-3.197132900467744010e-01,0.000000000000000000e+00,0.000000000000000000e+00,5.000000000000000000e+03
3.499999999999999778e-01,6.999999999999999556e-01,2.414675447242783934e-01,-4.124252739547505375e-01,0.000000000000000000e+00,0.000000000000000000e+00,5.000000000000000000e+03
4.000000000000000222e-01,6.999999999999999556e-01,2.766493231157731159e-01,-5.142499356610168437e-01,0.000000000000000000e+00,0.000000000000000000e+00,5.000000000000000000e+03
4.500000000000000111e-01,6.999999999999999556e-01,3.109328987724011006e-01,-6.247982741726528788e-01,0.000000000000000000e+00,0.000000000000000000e+00,5.000000000000000000e+03
5.000000000000000000e-01,6.999999999999999556e-01,3.441990620988844563e-01,-7.437377347889905232e-01,0.000000000000000000e+00,0.000000000000000000e+00,5.000000000000000000e+03
5.500000000000000444e-01,6.999999999999999556e-01,3.763801165977092578e-01,-8.707675215323082973e-01,0.000000000000000000e+00,0.000000000000000000e+00,5.000000000000000000e+03
5.999999999999999778e-01,6.999999999999999556e-01,4.074416928205308319e-01,-1.005604205336459334e+00,0.000000000000000000e+00,0.000000000000000000e+00,5.000000000000000000e+03
6.500000000000000222e-01,6.999999999999999556e-01,4.373695951244922497e-01,-1.147973511293027604e+00,0.000000000000000000e+00,0.000000000000000000e+00,5.000000000000000000e+03
6.999999999999999556e-01,6.999999999999999556e-01,4.661608401482540964e-01,-1.297605744835125030e+00,0.000000000000000000e+00,0.000000000000000000e+00,5.000000000000000000e+03
7.500000000000000000e-01,6.999999999999999556e-01,4.938178765673773563e-01,-1.454233346088645629e+00,0.000000000000000000e+00,0.000000000000000000e+00,5.000000000000000000e+03
8.000000000000000444e-01,6.999999999999999556e-01,5.203450631662399628e-01,-1.617589694660303001e+00,0.000000000000000000e+00,0.000000000000000000e+00,5.000000000000000000e+03
8.499999999999999778e-01,6.999999999999999556e-01,5.457466636148234906e-01,-1.787408662955706440e+00,0.000000000000000000e+00,0.000000000000000000e+00,5.000000000000000000e+03
9.000000000000000222e-01,6.999999999999999556e-01,5.700258092023404721e-01,-1.963424636074266649e+00,0.000000000000000000e+00,0.000000000000000000e+00,5.000000000000000000e+03
9.499999999999999556e-01,6.999999999999999556e-01,5.931840488899829955e-01,-2.145372845747798518e+00,0.000000000000000000e+00,0.000000000000000000e+00,5.000000000000000000e+03
1.000000000000000000e+00,6.999999999999999556e-01,6.152212384843473991e-01,-2.332989943586912585e+00,0.000000000000000000e+00,0.000000000000000000e+00,5.000000000000000000e+03
1.050000000000000044e+00,6.999999999999999556e-01,6.361356193686129590e-01,-2.526014787083069812e+00,0.000000000000000000e+00,0.000000000000000000e+00,5.000000000000000000e+03
1.100000000000000089e+00,6.999999999999999556e-01,6.559240094835874224e-01,-2.724189442374345571e+00,0.000000000000000000e+00,0.000000000000000000e+00,5.000000000000000000e+03
1.149999999999999911e+00,6.999999999999999556e-01,6.745820844942418404e-01,-2.927260426759320744e+00,0.000000000000000000e+00,0.000000000000000000e+00,5.000000000000000000e+03
1.199999999999999956e+00,6.999999999999999556e-01,6.921047754189794121e-01,-3.134980223273032163e+00,0.000000000000000000e+00,0.000000000000000000e+00,5.000000000000000000e+03
1.250000000000000000e+00,6.999999999999999556e-01,7.084868616849731016e-01,-3.347109097238005315e+00,0.000000000000000000e+00,0.000000000000000000e+00,5.000000000000000000e+03
1.300000000000000044e+00,6.999999999999999556e-01,7.237239095827170399e-01,-3.563417222697012665e+00,0.000000000000000000e+00,0.000000000000000000e+00,5.000000000000000000e+03
1.350000000000000089e+00,6.999999999999999556e-01,7.378138148401229834e-01,-3.783687066811911137e+00,0.000000000000000000e+00,0.000000000000000000e+00,5.000000000000000000e+03
1.399999999999999911e+00,6.999999999999999556e-01,7.507593831018950503e-01,-4.007715844615697520e+00,0.000000000000000000e+00,0.000000000000000000e+00,5.000000000000000000e+03
1.449999999999999956e+00,6.999999999999999556e-01,7.625726650759272474e-01,-4.235317568328858862e+00,0.000000000000000000e+00,0.000000000000000000e+00,5.000000000000000000e+03
1.500000000000000000e+00,6.999999999999999556e-01,7.732822080279114774e-01,-4.466323625006935139e+00,0.000000000000000000e+00,0.000000000000000000e+00,5.000000000000000000e+03
1.550000000000000044e+00,6.999999999999999556e-01,7.829450366794259430e-01,-4.700579643802979213e+00,0.000000000000000000e+00,0.000000000000000000e+00,5.000000000000000000e+03
1.600000000000000089e+00,6.999999999999999556e-01,7.916659690067637811e-01,-4.937934188446178041e+00,0.000000000000000000e+00,0.000000000000000000e+00,5.000000000000000000e+03
1.649999999999999911e+00,6.999999999999999556e-01,7.996272740401798584e-01,-5.178210956539866849e+00,0.000000000000000000e+00,0.000000000000000000e+00,5.000000000000000000e+03
1.699999999999999956e+00,6.999999999999999556e-01,8.071295952564460086e-01,-5.421150966071000887e+00,0.000000000000000000e+00,0.000000000000000000e+00,5.000000000000000000e+03
1.750000000000000000e+00,6.999999999999999556e-01,8.146342889629144546e-01,-5.666309974111297443e+00,0.000000000000000000e+00,0.000000000000000000e+00,5.000000000000000000e+03
1.800000000000000044e+00,6.999999999999999556e-01,8.227675846718098818e-01,-5.912917772511928405e+00,0.000000000000000000e+00,0.000000000000000000e+00,5.000000000000000000e+03
1.850000000000000089e+00,6.999999999999999556e-01,8.322239802282723753e-01,-6.159748987534803710e+00,0.000000000000000000e+00,0.000000000000000000e+00,5.000000000000000000e+03
1.899999999999999911e+00,6.999999999999999556e-01,8.435392312307574691e-01,-6.405077639726218131e+00,0.000000000000000000e+00,0.000000000000000000e+00,5.000000000000000000e+03
1.949999999999999956e+00,6.999999999999999556e-01,8.567785851216119797e-01,-6.646766629727164144e+00,0.000000000000000000e+00,0.000000000000000000e+00,5.000000000000000000e+03
2.000000000000000000e+00,6.999999999999999556e-01,8.712462097720674592e-01,-6.882523298514080068e+00,0.000000000000000000e+00,0.000000000000000000e+00,5.000000000000000000e+03
2.049999999999999822e+00,6.999999999999999556e-01,8.846936159452081228e-01,-7.109135450265538836e+00,0.000000000000000000e+00,0.000000000000000000e+00,5.000000000000000000e+03
2.100000000000000089e+00,6.999999999999999556e-01,8.954877464358677042e-01,-7.328697571988434412e+00,0.000000000000000000e+00,0.000000000000000000e+00,5.000000000000000000e+03
2.149999999999999911e+00,6.999999999999999556e-01,9.032674043404133046e-01,-7.544215658763858023e+00,0.000000000000000000e+00,0.000000000000000000e+00,5.000000000000000000e+03
2.200000000000000178e+00,6.999999999999999556e-01,9.084044394256983734e-01,-7.757938180047271537e+00,0.000000000000000000e+00,0.000000000000000000e+00,5.000000000000000000e+03
2.250000000000000000e+00,6.999999999999999556e-01,9.115083106644293887e-01,-7.971227871037528168e+00,0.000000000000000000e+00,0.000000000000000000e+00,5.000000000000000000e+03
2.299999999999999822e+00,6.999999999999999556e-01,9.131713960336711455e-01,-8.184803477792547355e+00,0.000000000000000000e+00,0.000000000000000000e+00,5.000000000000000000e+03
2.350000000000000089e+00,6.999999999999999556e-01,9.138756676227883791e-01,-8.398983098657161861e+00,0.000000000000000000e+00,0.000000000000000000e+00,5.000000000000000000e+03
2.399999999999999911e+00,6.999999999999999556e-01,9.139783968039285611e-01,-8.613857478595310369e+00,0.000000000000000000e+00,0.000000000000000000e+00,5.000000000000000000e+03
2.450000000000000178e+00,6.999999999999999556e-01,9.137289534275919722e-01,-8.829399343330996075e+00,0.000000000000000000e+00,0.000000000000000000e+00,5.000000000000000000e+03
2.500000000000000000e+00,6.999999999999999556e-01,9.132936037214267611e-01,-9.045527856584103077e+00,0.000000000000000000e+00,0.000000000000000000e+00,5.000000000000000000e+03
2.549999999999999822e+00,6.999999999999999556e-01,9.127787464680848784e-01,-9.262144546020113722e+00,0.000000000000000000e+00,0.000000000000000000e+00,5.000000000000000000e+03
2.600000000000000089e+00,6.999999999999999556e-01,9.122495415098493821e-01,-9.479152042818768109e+00,0.000000000000000000e+00,0.000000000000000000e+00,5.000000000000000000e+03
2.649999999999999911e+00,6.999999999999999556e-01,9.117436901384674552e-01,-9.696462876764332606e+00,0.000000000000000000e+00,0.000000000000000000e+00,5.000000000000000000e+03
2.700000000000000178e+00,6.999999999999999556e-01,9.112811360549692985e-01,-9.914002743679729335e+00,0.000000000000000000e+00,0.000000000000000000e+00,5.000000000000000000e+03
2.750000000000000000e+00,6.999999999999999556e-01,9.108706658117123878e-01,-1.013171085503462976e+01,0.000000000000000000e+00,0.000000000000000000e+00,5.000000000000000000e+03
2.799999999999999822e+00,6.999999999999999556e-01,9.105142867187312472e-01,-1.034953886954238556e+01,0.000000000000000000e+00,0.000000000000000000e+00,5.000000000000000000e+03
2.850000000000000089e+00,6.999999999999999556e-01,9.102100709080103158e-01,-1.056744924280777376e+01,0.000000000000000000e+00,0.000000000000000000e+00,5.000000000000000000e+03
2.899999999999999911e+00,6.999999999999999556e-01,9.099539684544492024e-01,-1.078541344262249524e+01,0.000000000000000000e+00,0.000000000000000000e+00,5.000000000000000000e+03
2.950000000000000178e+00,6.999999999999999556e-01,9.097409408147943966e-01,-1.100341025477094981e+01,0.000000000000000000e+00,0.000000000000000000e+00,5.000000000000000000e+03
3.000000000000000000e+00,6.999999999999999556e-01,9.095656526966462430e-01,-1.122142427944443277e+01,0.000000000000000000e+00,0.000000000000000000e+00,5.000000000000000000e+03
3.049999999999999822e+00,6.999999999999999556e-01,9.094228804148674072e-01,-1.143944465061376548e+01,0.000000000000000000e+00,0.000000000000000000e+00,5.000000000000000000e+03
3.100000000000000089e+00,6.999999999999999556e-01,9.093077401031335327e-01,-1.165746397563812842e+01,0.000000000000000000e+00,0.000000000000000000e+00,5.000000000000000000e+03
3.149999999999999911e+00,6.999999999999999556e-01,9.092158026881668187e-01,-1.187547747571407264e+01,0.000000000000000000e+00,0.000000000000000000e+00,5.000000000000000000e+03
3.200000000000000178e+00,6.999999999999999556e-01,9.091431386439491336e-01,-1.209348230122216528e+01,0.000000000000000000e+00,0.000000000000000000e+00,5.000000000000000000e+03
3.250000000000000000e+00,6.999999999999999556e-01,9.090863200771363006e-01,-1.231147699486265168e+01,0.000000000000000000e+00,0.000000000000000000e+00,5.000000000000000000e+03
3.299999999999999822e+00,6.999999999999999556e-01,9.090423977585369020e-01,-1.252946107700648781e+01,0.000000000000000000e+00,0.000000000000000000e+00,5.000000000000000000e+03
3.350000000000000089e+00,6.999999999999999556e-01,9.090088643562332926e-01,-1.274743473042655850e+01,0.000000000000000000e+00,0.000000000000000000e+00,5.000000000000000000e+03
3.399999999999999911e+00,6.999999999999999556e-01,9.089836110567663940e-01,-1.296539856470360697e+01,0.000000000000000000e+00,0.000000000000000000e+00,5.000000000000000000e+03
3.450000000000000178e+00,6.999999999999999556e-01,9.089648821506430831e-01,-1.318335344369430295e+01,0.000000000000000000e+00,0.000000000000000000e+00,5.000000000000000000e+03
3.500000000000000000e+00,6.999999999999999556e-01,9.089512304763323058e-01,-1.340130036229415289e+01,0.000000000000000000e+00,0.000000000000000000e+00,5.000000000000000000e+03
3.549999999999999822e+00,6.999999999999999556e-01,9.089414755289727532e-01,-1.361924036123482118e+01,0.000000000000000000e+00,0.000000000000000000e+00,5.000000000000000000e+03
3.600000000000000089e+00,6.999999999999999556e-01,9.089346653352620153e-01,-1.383717447079663820e+01,0.000000000000000000e+00,0.000000000000000000e+00,5.000000000000000000e+03
3.649999999999999911e+00,6.999999999999999556e-01,9.089300427411914907e-01,-1.405510367610118827e+01,0.000000000000000000e+00,0.000000000000000000e+00,5.000000000000000000e+03
3.700000000000000178e+00,6.999999999999999556e-01,9.089270164686753528e-01,-1.427302889810507125e+01,0.000000000000000000e+00,0.000000000000000000e+00,5.000000000000000000e+03
3.750000000000000000e+00,6.999999999999999556e-01,9.089251371204313257e-01,-1.449095098558424688e+01,0.000000000000000000e+00,0.000000000000000000e+00,5.000000000000000000e+03
3.799999999999999822e+00,6.999999999999999556e-01,9.089240782557233000e-01,-1.470887071430807680e+01,0.000000000000000000e+00,0.000000000000000000e+00,5.000000000000000000e+03
3.850000000000000089e+00,6.999999999999999556e-01,9.089236228552325381e-01,-1.492678879015644888e+01,0.000000000000000000e+00,0.000000000000000000e+00,5.000000000000000000e+03
3.899999999999999911e+00,6.999999999999999556e-01,9.089236561697340289e-01,-1.514470585278944270e+01,0.000000000000000000e+00,0.000000000000000000e+00,5.000000000000000000e+03
3.950000000000000178e+00,6.999999999999999556e-01,9.089241671351955265e-01,-1.536262247513047186e+01,0.000000000000000000e+00,0.000000000000000000e+00,5.000000000000000000e+03
4.000000000000000000e+00,6.999999999999999556e-01,9.089252618063948796e-01,-1.558053915093403319e+01,0.000000000000000000e+00,0.000000000000000000e+00,5.000000000000000000e+03
0.000000000000000000e+00,7.500000000000000000e-01,0.000000000000000000e+00,0.000000000000000000e+00,1.000000000000000000e+00,0.000000000000000000e+00,5.000000000000000000e+03
5.000000000000000278e-02,7.500000000000000000e-01,3.858032184608323895e-02,-2.212721824442604249e-02,0.000000000000000000e+00,0.000000000000000000e+00,5.000000000000000000e+03
1.000000000000000056e-01,7.500000000000000000e-01,8.035096667556983208e-02,-6.100813643221742605e-02,0.000000000000000000e+00,0.000000000000000000e+00,5.000000000000000000e+03
1.499999999999999944e-01,7.500000000000000000e-01,1.245191958929416226e-01,-1.134758664153407981e-01,0.000000000000000000e+00,0.000000000000000000e+00,5.000000000000000000e+03
2.000000000000000111e-01,7.500000000000000000e-01,1.700734554943205690e-01,-1.774883552286178057e-01,0.000000000000000000e+00,0.000000000000000000e+00,5.000000000000000000e+03
2.500000000000000000e-01,7.500000000000000000e-01,2.161106294958085594e-01,-2.518191043424358178e-01,0.000000000000000000e+00,0.000000000000000000e+00,5.000000000000000000e+03
2.999999999999999889e-01,7.500000000000000000e-01,2.619382186613322672e-01,-3.357307369500645566e-01,0.000000000000000000e+00,0.000000000000000000e+00,5.000000000000000000e+03
3.499999999999999778e-01,7.500000000000000000e-01,3.070710636196076204e-01,-4.287530340059844125e-01,0.000000000000000000e+00,0.000000000000000000e+00,5.000000000000000000e+03
4.000000000000000222e-01,7.500000000000000000e-01,3.511914536693779842e-01,-5.305506007013981451e-01,0.000000000000000000e+00,0.000000000000000000e+00,5.000000000000000000e+03
4.500000000000000111e-01,7.500000000000000000e-01,3.941038394927368071e-01,-6.408496372719167944e-01,0.000000000000000000e+00,0.000000000000000000e+00,5.000000000000000000e+03
5.000000000000000000e-01,7.500000000000000000e-01,4.356959219242819148e-01,-7.593999958538434347e-01,0.000000000000000000e+00,0.000000000000000000e+00,5.000000000000000000e+03
5.500000000000000444e-01,7.500000000000000000e-01,4.759090371602892611e-01,-8.859570184327207887e-01,0.000000000000000000e+00,0.000000000000000000e+00,5.000000000000000000e+03
5.999999999999999778e-01,7.500000000000000000e-01,5.147172002531119617e-01,-1.020273854702261396e+00,0.000000000000000000e+00,0.000000000000000000e+00,5.000000000000000000e+03
6.500000000000000222e-01,7.500000000000000000e-01,5.521130531357939519e-01,-1.162098987906238667e+00,0.000000000000000000e+00,0.000000000000000000e+00,5.000000000000000000e+03
6.999999999999999556e-01,7.500000000000000000e-01,5.880988783267872000e-01,-1.311176134339289812e+00,0.000000000000000000e+00,0.000000000000000000e+00,5.000000000000000000e+03
7.500000000000000000e-01,7.500000000000000000e-01,6.226811242408802904e-01,-1.467245082198826989e+00,0.000000000000000000e+00,0.000000000000000000e+00,5.000000000000000000e+03
8.000000000000000444e-01,7.500000000000000000e-01,6.558672541745471651e-01,-1.630042801964501020e+00,0.000000000000000000e+00,0.000000000000000000e+00,5.000000000000000000e+03
8.499999999999999778e-01,7.500000000000000000e-01,6.876640654845527223e-01,-1.799304559501678336e+00,0.000000000000000000e+00,0.000000000000000000e+00,5.000000000000000000e+03
9.000000000000000222e-01,7.500000000000000000e-01,7.180768935856421953e-01,-1.974764959284982968e+00,0.000000000000000000e+00,0.000000000000000000e+00,5.000000000000000000e+03
9.499999999999999556e-01,7.500000000000000000e-01,7.471093152359689071e-01,-2.156158935317598946e+00,0.000000000000000000e+00,0.000000000000000000e+00,5.000000000000000000e+03
1.000000000000000000e+00,7.500000000000000000e-01,7.747631073614397179e-01,-2.343222745670641594e+00,0.000000000000000000e+00,0.000000000000000000e+00,5.000000000000000000e+03
1.050000000000000044e+00,7.500000000000000000e-01,8.010383147800523851e-01,-2.535695041973752062e+00,0.000000000000000000e+00,0.000000000000000000e+00,5.000000000000000000e+03
1.100000000000000089e+00,7.500000000000000000e-01,8.259333456071802360e-01,-2.733318092315331960e+00,0.000000000000000000e+00,0.000000000000000000e+00,5.000000000000000000e+03
1.149999999999999911e+00,7.500000000000000000e-01,8.494450584046490116e-01,-2.935839241866641025e+00,0.000000000000000000e+00,0.000000000000000000e+00,5.000000000000000000e+03
1.199999999999999956e+00,7.500000000000000000e-01,8.715688407643492619e-01,-3.143012702983168705e+00,0.000000000000000000e+00,0.000000000000000000e+00,5.000000000000000000e+03
1.250000000000000000e+00,7.500000000000000000e-01,8.922987157508613931e-01,-3.354601775611421033e+00,0.000000000000000000e+00,0.000000000000000000e+00,5.000000000000000000e+03
1.300000000000000044e+00,7.500000000000000000e-01,9.116275639205492221e-01,-3.570381606245984774e+00,0.000000000000000000e+00,0.000000000000000000e+00,5.000000000000000000e+03
1.350000000000000089e+00,7.500000000000000000e-01,9.295476347212037194e-01,-3.790142589675424389e+00,0.000000000000000000e+00,0.000000000000000000e+00,5.000000000000000000e+03
1.399999999999999911e+00,7.500000000000000000e-01,9.460516759940331699e-01,-4.013694478033694502e+00,0.000000000000000000e+00,0.000000000000000000e+00,5.000000000000000000e+03
1.449999999999999956e+00,7.500000000000000000e-01,9.611352940110703402e-01,-4.240871128682863755e+00,0.000000000000000000e+00,0.000000000000000000e+00,5.000000000000000000e+03
1.500000000000000000e+00,7.500000000000000000e-01,9.748016750266588204e-01,-4.471535462882796352e+00,0.000000000000000000e+00,0.000000000000000000e+00,5.000000000000000000e+03
1.550000000000000044e+00,7.500000000000000000e-01,9.870707340883043690e-01,-4.705583317056876602e+00,0.000000000000000000e+00,0.000000000000000000e+00,5.000000000000000000e+03
1.600000000000000089e+00,7.500000000000000000e-01,9.979963877362268976e-01,-4.942942768199862336e+00,0.000000000000000000e+00,0.000000000000000000e+00,5.000000000000000000e+03
1.649999999999999911e+00,7.500000000000000000e-01,1.007698271104704002e+00,-5.183560752739854394e+00,0.000000000000000000e+00,0.000000000000000000e+00,5.000000000000000000e+03
1.699999999999999956e+00,7.500000000000000000e-01,1.016417486108841750e+00,-5.427358673652307175e+00,0.000000000000000000e+00,0.000000000000000000e+00,5.000000000000000000e+03
1.750000000000000000e+00,7.500000000000000000e-01,1.024605541332920700e+00,-5.674120683858975056e+00,0.000000000000000000e+00,0.000000000000000000e+00,5.000000000000000000e+03
1.800000000000000044e+00,7.500000000000000000e-01,1.033029856214110476e+00,-5.923265973129982598e+00,0.000000000000000000e+00,0.000000000000000000e+00,5.000000000000000000e+03
1.850000000000000089e+00,7.500000000000000000e-01,1.042765077586312872e+00,-6.173542594176651299e+00,0.000000000000000000e+00,0.000000000000000000e+00,5.000000000000000000e+03
1.899999999999999911e+00,7.500000000000000000e-01,1.054894562439056216e+00,-6.422810810802527470e+00,0.000000000000000000e+00,0.000000000000000000e+00,5.000000000000000000e+03
1.949999999999999956e+00,7.500000000000000000e-01,1.069931399413932782e+00,-6.668070830072424293e+00,0.000000000000000000e+00,0.000000000000000000e+00,5.000000000000000000e+03
2.000000000000000000e+00,7.500000000000000000e-01,1.087190094592921819e+00,-6.905799646133778502e+00,0.000000000000000000e+00,0.000000000000000000e+00,5.000000000000000000e+03
2.049999999999999822e+00,7.500000000000000000e-01,1.102767924174960834e+00,-7.129591249479110715e+00,0.000000000000000000e+00,0.000000000000000000e+00,5.000000000000000000e+03
2.100000000000000089e+00,7.500000000000000000e-01,1.114392582694988088e+00,-7.344538452996550504e+00,0.000000000000000000e+00,0.000000000000000000e+00,5.000000000000000000e+03
2.149999999999999911e+00,7.500000000000000000e-01,1.122058038797358437e+00,-7.555609204908511067e+00,0.000000000000000000e+00,0.000000000000000000e+00,5.000000000000000000e+03
2.200000000000000178e+00,7.500000000000000000e-01,1.126638964302119295e+00,-7.765737963246076347e+00,0.000000000000000000e+00,0.000000000000000000e+00,5.000000000000000000e+03
2.250000000000000000e+00,7.500000000000000000e-01,1.129097103648704525e+00,-7.976359934424711362e+00,0.000000000000000000e+00,0.000000000000000000e+00,5.000000000000000000e+03
2.299999999999999822e+00,7.500000000000000000e-01,1.130208381998583311e+00,-8.188050210872368950e+00,0.000000000000000000e+00,0.000000000000000000e+00,5.000000000000000000e+03
2.350000000000000089e+00,7.500000000000000000e-01,1.130522248441923727e+00,-8.400940446632928271e+00,0.000000000000000000e+00,0.000000000000000000e+00,5.000000000000000000e+03
2.399999999999999911e+00,7.500000000000000000e-01,1.130399056928660384e+00,-8.614955137421961950e+00,0.000000000000000000e+00,0.000000000000000000e+00,5.000000000000000000e+03
2.450000000000000178e+00,7.500000000000000000e-01,1.130062132925738538e+00,-8.829937084630520516e+00,0.000000000000000000e+00,0.000000000000000000e+00,5.000000000000000000e+03
2.500000000000000000e+00,7.500000000000000000e-01,1.129642923828234613e+00,-9.045710323305661049e+00,0.000000000000000000e+00,0.000000000000000000e+00,5.000000000000000000e+03
2.549999999999999822e+00,7.500000000000000000e-01,1.129214432639027876e+00,-9.262109263220272837e+00,0.000000000000000000e+00,0.000000000000000000e+00,5.000000000000000000e+03
2.600000000000000089e+00,7.500000000000000000e-01,1.128814027348675753e+00,-9.478990231454787363e+00,0.000000000000000000e+00,0.000000000000000000e+00,5.000000000000000000e+03
2.649999999999999911e+00,7.500000000000000000e-01,1.128458205037757844e+00,-9.696234253631393685e+00,0.000000000000000000e+00,0.000000000000000000e+00,5.000000000000000000e+03
2.700000000000000178e+00,7.500000000000000000e-01,1.128151781083149396e+00,-9.913745775677432093e+00,0.000000000000000000e+00,0.000000000000000000e+00,5.000000000000000000e+03
2.750000000000000000e+00,7.500000000000000000e-01,1.127893420670382563e+00,-1.013144975636052258e+01,0.000000000000000000e+00,0.000000000000000000e+00,5.000000000000000000e+03
2.799999999999999822e+00,7.500000000000000000e-01,1.127678861761425733e+00,-1.034928833718948304e+01,0.000000000000000000e+00,0.000000000000000000e+00,5.000000000000000000e+03
2.850000000000000089e+00,7.500000000000000000e-01,1.127502725366327230e+00,-1.056721765063798379e+01,0.000000000000000000e+00,0.000000000000000000e+00,5.000000000000000000e+03
2.899999999999999911e+00,7.500000000000000000e-01,1.127359484784677290e+00,-1.078520499569219737e+01,0.000000000000000000e+00,0.000000000000000000e+00,5.000000000000000000e+03
2.950000000000000178e+00,7.500000000000000000e-01,1.127243947710640404e+00,-1.100322644524044335e+01,0.000000000000000000e+00,0.000000000000000000e+00,5.000000000000000000e+03
3.000000000000000000e+00,7.500000000000000000e-01,1.127151464759735822e+00,-1.122126487308092457e+01,0.000000000000000000e+00,0.000000000000000000e+00,5.000000000000000000e+03
3.049999999999999822e+00,7.500000000000000000e-01,1.127077990274718333e+00,-1.143930835645151234e+01,0.000000000000000000e+00,0.000000000000000000e+00,5.000000000000000000e+03
3.100000000000000089e+00,7.500000000000000000e-01,1.127020067806399295e+00,-1.165734890027991355e+01,0.000000000000000000e+00,0.000000000000000000e+00,5.000000000000000000e+03
3.149999999999999911e+00,7.500000000000000000e-01,1.126974780786160535e+00,-1.187538143000836044e+01,0.000000000000000000e+00,0.000000000000000000e+00,5.000000000000000000e+03
3.200000000000000178e+00,7.500000000000000000e-01,1.126939690299830099e+00,-1.209340300486987019e+01,0.000000000000000000e+00,0.000000000000000000e+00,5.000000000000000000e+03
3.250000000000000000e+00,7.500000000000000000e-01,1.126912771255832890e+00,-1.231141220993618646e+01,0.000000000000000000e+00,0.000000000000000000e+00,5.000000000000000000e+03
3.299999999999999822e+00,7.500000000000000000e-01,1.126892352341003267e+00,-1.252940869174615379e+01,0.000000000000000000e+00,0.000000000000000000e+00,5.000000000000000000e+03
3.350000000000000089e+00,7.500000000000000000e-01,1.126877061986773843e+00,-1.274739280827370180e+01,0.000000000000000000e+00,0.000000000000000000e+00,5.000000000000000000e+03
3.399999999999999911e+00,7.500000000000000000e-01,1.126865780943148376e+00,-1.296536536920604377e+01,0.000000000000000000e+00,0.000000000000000000e+00,5.000000000000000000e+03
3.450000000000000178e+00,7.500000000000000000e-01,1.126857601285939037e+00,-1.318332744695318581e+01,0.000000000000000000e+00,0.000000000000000000e+00,5.000000000000000000e+03
3.500000000000000000e+00,7.500000000000000000e-01,1.126851791368714162e+00,-1.340128024255038142e+01,0.000000000000000000e+00,0.000000000000000000e+00,5.000000000000000000e+03
3.549999999999999822e+00,7.500000000000000000e-01,1.126847766154973618e+00,-1.361922499372304074e+01,0.000000000000000000e+00,0.000000000000000000e+00,5.000000000000000000e+03
3.600000000000000089e+00,7.500000000000000000e-01,1.126845062409750353e+00,-1.383716291493614037e+01,0.000000000000000000e+00,0.000000000000000000e+00,5.000000000000000000e+03
3.649999999999999911e+00,7.500000000000000000e-01,1.126843318330990940e+00,-1.405509516132110726e+01,0.000000000000000000e+00,0.000000000000000000e+00,5.000000000000000000e+03
3.700000000000000178e+00,7.500000000000000000e-01,1.126842257325228580e+00,-1.427302281003204598e+01,0.000000000000000000e+00,0.000000000000000000e+00,5.000000000000000000e+03
3.750000000000000000e+00,7.500000000000000000e-01,1.126841675753118110e+00,-1.449094685391109216e+01,0.000000000000000000e+00,0.000000000000000000e+00,5.000000000000000000e+03
3.799999999999999822e+00,7.500000000000000000e-01,1.126841434574459955e+00,-1.470886820346535906e+01,0.000000000000000000e+00,0.000000000000000000e+00,5.000000000000000000e+03
3.850000000000000089e+00,7.500000000000000000e-01,1.126841455001277081e+00,-1.492678769421878293e+01,0.000000000000000000e+00,0.000000000000000000e+00,5.000000000000000000e+03
3.899999999999999911e+00,7.500000000000000000e-01,1.126841719124949126e+00,-1.514470609722368089e+01,0.000000000000000000e+00,0.000000000000000000e+00,5.000000000000000000e+03
3.950000000000000178e+00,7.500000000000000000e-01,1.126842278912512318e+00,-1.536262412988053327e+01,0.000000000000000000e+00,0.000000000000000000e+00,5.000000000000000000e+03
4.000000000000000000e+00,7.500000000000000000e-01,1.126843280967434913e+00,-1.558054246115148622e+01,0.000000000000000000e+00,0.000000000000000000e+00,5.000000000000000000e+03
0.000000000000000000e+00,8.000000000000000444e-01,0.000000000000000000e+00,0.000000000000000000e+00,1.000000000000000000e+00,0.000000000000000000e+00,5.000000000000000000e+03
5.000000000000000278e-02,8.000000000000000444e-01,4.765040182473887637e-02,-2.805223457456896413e-02,0.000000000000000000e+00,0.000000000000000000e+00,5.000000000000000000e+03
1.000000000000000056e-01,8.000000000000000444e-01,9.954227101339177541e-02,-7.233545040888650357e-02,0.000000000000000000e+00,0.000000000000000000e+00,5.000000000000000000e+03
1.499999999999999944e-01,8.000000000000000444e-01,1.542299635893210896e-01,-1.288012444930954348e-01,0.000000000000000000e+00,0.000000000000000000e+00,5.000000000000000000e+03
2.000000000000000111e-01,8.000000000000000444e-01,2.102267765983802938e-01,-1.954217217932617823e-01,0.000000000000000000e+00,0.000000000000000000e+00,5.000000000000000000e+03
2.500000000000000000e-01,8.000000000000000444e-01,2.663877744994761487e-01,-2.712556446836517088e-01,0.000000000000000000e+00,0.000000000000000000e+00,5.000000000000000000e+03
2.999999999999999889e-01,8.000000000000000444e-01,3.219346450793746928e-01,-3.558747741736141834e-01,0.000000000000000000e+00,0.000000000000000000e+00,5.000000000000000000e+03
3.499999999999999778e-01,8.000000000000000444e-01,3.763772920984944093e-01,-4.490645920861729423e-01,0.000000000000000000e+00,0.000000000000000000e+00,5.000000000000000000e+03
4.000000000000000222e-01,8.000000000000000444e-01,4.294256139155750440e-01,-5.506791395566749125e-01,0.000000000000000000e+00,0.000000000000000000e+00,5.000000000000000000e+03
4.500000000000000111e-01,8.000000000000000444e-01,4.809186106624495638e-01,-6.605764830581672964e-01,0.000000000000000000e+00,0.000000000000000000e+00,5.000000000000000000e+03
5.000000000000000000e-01,8.000000000000000444e-01,5.307742920599521907e-01,-7.785943584436343379e-01,0.000000000000000000e+00,0.000000000000000000e+00,5.000000000000000000e+03
5.500000000000000444e-01,8.000000000000000444e-01,5.789567036582826676e-01,-9.045445831576349738e-01,0.000000000000000000e+00,0.000000000000000000e+00,5.000000000000000000e+03
5.999999999999999778e-01,8.000000000000000444e-01,6.254552468750572691e-01,-1.038215314339032247e+00,0.000000000000000000e+00,0.000000000000000000e+00,5.000000000000000000e+03
6.500000000000000222e-01,8.000000000000000444e-01,6.702722191939989305e-01,-1.179375857840717190e+00,0.000000000000000000e+00,0.000000000000000000e+00,5.000000000000000000e+03
6.999999999999999556e-01,8.000000000000000444e-01,7.134156056890786912e-01,-1.327781665927153965e+00,0.000000000000000000e+00,0.000000000000000000e+00,5.000000000000000000e+03
7.500000000000000000e-01,8.000000000000000444e-01,7.548951104114871580e-01,-1.483178630267423026e+00,0.000000000000000000e+00,0.000000000000000000e+00,5.000000000000000000e+03
8.000000000000000444e-01,8.000000000000000444e-01,7.947201218586575910e-01,-1.645306469479570044e+00,0.000000000000000000e+00,0.000000000000000000e+00,5.000000000000000000e+03
8.499999999999999778e-01,8.000000000000000444e-01,8.328987886414991326e-01,-1.813901305017123100e+00,0.000000000000000000e+00,0.000000000000000000e+00,5.000000000000000000e+03
9.000000000000000222e-01,8.000000000000000444e-01,8.694376967925889765e-01,-1.988697619603463362e+00,0.000000000000000000e+00,0.000000000000000000e+00,5.000000000000000000e+03
9.499999999999999556e-01,8.000000000000000444e-01,9.043418408305331502e-01,-2.169429805968117186e+00,0.000000000000000000e+00,0.000000000000000000e+00,5.000000000000000000e+03
1.000000000000000000e+00,8.000000000000000444e-01,9.376147054756702737e-01,-2.355833494691343954e+00,0.000000000000000000e+00,0.000000000000000000e+00,5.000000000000000000e+03
1.050000000000000044e+00,8.000000000000000444e-01,9.692583505467492477e-01,-2.547646824691034428e+00,0.000000000000000000e+00,0.000000000000000000e+00,5.000000000000000000e+03
1.100000000000000089e+00,8.000000000000000444e-01,9.992734359847899039e-01,-2.744611800053710304e+00,0.000000000000000000e+00,0.000000000000000000e+00,5.000000000000000000e+03
1.149999999999999911e+00,8.000000000000000444e-01,1.027659149270589545e+00,-2.946475867474883437e+00,0.000000000000000000e+00,0.000000000000000000e+00,5.000000000000000000e+03
1.199999999999999956e+00,8.000000000000000444e-01,1.054413012498222502e+00,-3.152993851763751909e+00,0.000000000000000000e+00,0.000000000000000000e+00,5.000000000000000000e+03
1.250000000000000000e+00,8.000000000000000444e-01,1.079530558656399020e+00,-3.363930404255063511e+00,0.000000000000000000e+00,0.000000000000000000e+00,5.000000000000000000e+03
1.300000000000000044e+00,8.000000000000000444e-01,1.103004885267245605e+00,-3.579063152210955945e+00,0.000000000000000000e+00,0.000000000000000000e+00,5.000000000000000000e+03
1.350000000000000089e+00,8.000000000000000444e-01,1.124826132796655775e+00,-3.798186787438638579e+00,0.000000000000000000e+00,0.000000000000000000e+00,5.000000000000000000e+03
1.399999999999999911e+00,8.000000000000000444e-01,1.144981022188472641e+00,-4.021118396359955938e+00,0.000000000000000000e+00,0.000000000000000000e+00,5.000000000000000000e+03
1.449999999999999956e+00,8.000000000000000444e-01,1.163452774770303400e+00,-4.247704393980263227e+00,0.000000000000000000e+00,0.000000000000000000e+00,5.000000000000000000e+03
1.500000000000000000e+00,8.000000000000000444e-01,1.180222140424997956e+00,-4.477829419099403019e+00,0.000000000000000000e+00,0.000000000000000000e+00,5.000000000000000000e+03
1.550000000000000044e+00,8.000000000000000444e-01,1.195271108756434053e+00,-4.711427293000258310e+00,0.000000000000000000e+00,0.000000000000000000e+00,5.000000000000000000e+03
1.600000000000000089e+00,8.000000000000000444e-01,1.208592657099902157e+00,-4.948493115414185795e+00,0.000000000000000000e+00,0.000000000000000000e+00,5.000000000000000000e+03
1.649999999999999911e+00,8.000000000000000444e-01,1.220213594755199082e+00,-5.189092317179315295e+00,0.000000000000000000e+00,0.000000000000000000e+00,5.000000000000000000e+03
1.699999999999999956e+00,8.000000000000000444e-01,1.230245131592770713e+00,-5.433353011494093998e+00,0.000000000000000000e+00,0.000000000000000000e+00,5.000000000000000000e+03
1.750000000000000000e+00,8.000000000000000444e-01,1.238990129193686895e+00,-5.681401666640502945e+00,0.000000000000000000e+00,0.000000000000000000e+00,5.000000000000000000e+03
1.800000000000000044e+00,8.000000000000000444e-01,1.247154470303520446e+00,-5.933136149177653529e+00,0.000000000000000000e+00,0.000000000000000000e+00,5.000000000000000000e+03
1.850000000000000089e+00,8.000000000000000444e-01,1.256165269126890527e+00,-6.187635691566470975e+00,0.000000000000000000e+00,0.000000000000000000e+00,5.000000000000000000e+03
1.899999999999999911e+00,8.000000000000000444e-01,1.268047778721590246e+00,-6.442449715260100795e+00,0.000000000000000000e+00,0.000000000000000000e+00,5.000000000000000000e+03
1.949999999999999956e+00,8.000000000000000444e-01,1.284399877428961778e+00,-6.693349064096896228e+00,0.000000000000000000e+00,0.000000000000000000e+00,5.000000000000000000e+03
2.000000000000000000e+00,8.000000000000000444e-01,1.304963421258902079e+00,-6.934780584838978079e+00,0.000000000000000000e+00,0.000000000000000000e+00,5.000000000000000000e+03
2.049999999999999822e+00,8.000000000000000444e-01,1.322573265179008528e+00,-7.153357170714514268e+00,0.000000000000000000e+00,0.000000000000000000e+00,5.000000000000000000e+03
2.100000000000000089e+00,8.000000000000000444e-01,1.334260322088947959e+00,-7.361440869883887572e+00,0.000000000000000000e+00,0.000000000000000000e+00,5.000000000000000000e+03
2.149999999999999911e+00,8.000000000000000444e-01,1.340966389339383946e+00,-7.566811095739733872e+00,0.000000000000000000e+00,0.000000000000000000e+00,5.000000000000000000e+03
2.200000000000000178e+00,8.000000000000000444e-01,1.344371286909191943e+00,-7.772844676135515662e+00,0.000000000000000000e+00,0.000000000000000000e+00,5.000000000000000000e+03
2.250000000000000000e+00,8.000000000000000444e-01,1.345839509242932941e+00,-7.980714847201638484e+00,0.000000000000000000e+00,0.000000000000000000e+00,5.000000000000000000e+03
2.299999999999999822e+00,8.000000000000000444e-01,1.346275141991474245e+00,-8.190624522758103154e+00,0.000000000000000000e+00,0.000000000000000000e+00,5.000000000000000000e+03
2.350000000000000089e+00,8.000000000000000444e-01,1.346218003561056697e+00,-8.402391154710098675e+00,0.000000000000000000e+00,0.000000000000000000e+00,5.000000000000000000e+03
2.399999999999999911e+00,8.000000000000000444e-01,1.345966189500309218e+00,-8.615710807764697776e+00,0.000000000000000000e+00,0.000000000000000000e+00,5.000000000000000000e+03
2.450000000000000178e+00,8.000000000000000444e-01,1.345671423572434300e+00,-8.830271171108858397e+00,0.000000000000000000e+00,0.000000000000000000e+00,5.000000000000000000e+03
2.500000000000000000e+00,8.000000000000000444e-01,1.345402494775473246e+00,-9.045794817965141732e+00,0.000000000000000000e+00,0.000000000000000000e+00,5.000000000000000000e+03
2.549999999999999822e+00,8.000000000000000444e-01,1.345184102195378095e+00,-9.262051243273296208e+00,0.000000000000000000e+00,0.000000000000000000e+00,5.000000000000000000e+03
2.600000000000000089e+00,8.000000000000000444e-01,1.345019289484837843e+00,-9.478855788254326953e+00,0.000000000000000000e+00,0.000000000000000000e+00,5.000000000000000000e+03
2.649999999999999911e+00,8.000000000000000444e-01,1.344901741517596339e+00,-9.696063792375378299e+00,0.000000000000000000e+00,0.000000000000000000e+00,5.000000000000000000e+03
2.700000000000000178e+00,8.000000000000000444e-01,1.344822141653460035e+00,-9.913563658852476479e+00,0.000000000000000000e+00,0.000000000000000000e+00,5.000000000000000000e+03
2.750000000000000000e+00,8.000000000000000444e-01,1.344771201318012643e+00,-1.013127033475579353e+01,0.000000000000000000e+00,0.000000000000000000e+00,5.000000000000000000e+03
2.799999999999999822e+00,8.000000000000000444e-01,1.344740908489547415e+00,-1.034911971109839790e+01,0.000000000000000000e+00,0.000000000000000000e+00,5.000000000000000000e+03
2.850000000000000089e+00,8.000000000000000444e-01,1.344724875539144548e+00,-1.056706401861283950e+01,0.000000000000000000e+00,0.000000000000000000e+00,5.000000000000000000e+03
2.899999999999999911e+00,8.000000000000000444e-01,1.344718269231464314e+00,-1.078506812833320616e+01,0.000000000000000000e+00,0.000000000000000000e+00,5.000000000000000000e+03
2.950000000000000178e+00,8.000000000000000444e-01,1.344717576680412030e+00,-1.100310661695652392e+01,0.000000000000000000e+00,0.000000000000000000e+00,5.000000000000000000e+03
3.000000000000000000e+00,8.000000000000000444e-01,1.344720333288131897e+00,-1.122116145660113951e+01,0.000000000000000000e+00,0.000000000000000000e+00,5.000000000000000000e+03
3.049999999999999822e+00,8.000000000000000444e-01,1.344724869734388317e+00,-1.143922020568145825e+01,0.000000000000000000e+00,0.000000000000000000e+00,5.000000000000000000e+03
3.100000000000000089e+00,8.000000000000000444e-01,1.344730099333755646e+00,-1.165727459863522419e+01,0.000000000000000000e+00,0.000000000000000000e+00,5.000000000000000000e+03
3.149999999999999911e+00,8.000000000000000444e-01,1.344735349587995232e+00,-1.187531945187353166e+01,0.000000000000000000e+00,0.000000000000000000e+00,5.000000000000000000e+03
3.200000000000000178e+00,8.000000000000000444e-01,1.344740234011872371e+00,-1.209335181994055652e+01,0.000000000000000000e+00,0.000000000000000000e+00,5.000000000000000000e+03
3.250000000000000000e+00,8.000000000000000444e-01,1.344744557558190223e+00,-1.231137034933692220e+01,0.000000000000000000e+00,0.000000000000000000e+00,5.000000000000000000e+03
3.299999999999999822e+00,8.000000000000000444e-01,1.344748248631636889e+00,-1.252937478818166284e+01,0.000000000000000000e+00,0.000000000000000000e+00,5.000000000000000000e+03
3.350000000000000089e+00,8.000000000000000444e-01,1.344751311396068516e+00,-1.274736561837929649e+01,0.000000000000000000e+00,0.000000000000000000e+00,5.000000000000000000e+03
3.399999999999999911e+00,8.000000000000000444e-01,1.344753793151865828e+00,-1.296534378369685747e+01,0.000000000000000000e+00,0.000000000000000000e+00,5.000000000000000000e+03
3.450000000000000178e+00,8.000000000000000444e-01,1.344755762658103482e+00,-1.318331049252853937e+01,0.000000000000000000e+00,0.000000000000000000e+00,5.000000000000000000e+03
3.500000000000000000e+00,8.000000000000000444e-01,1.344757296258155099e+00,-1.340126707843075238e+01,0.000000000000000000e+00,0.000000000000000000e+00,5.000000000000000000e+03
3.549999999999999822e+00,8.000000000000000444e-01,1.344758469495329178e+00,-1.361921490497347520e+01,0.000000000000000000e+00,0.000000000000000000e+00,5.000000000000000000e+03
3.600000000000000089e+00,8.000000000000000444e-01,1.344759352583064116e+00,-1.383715530423791407e+01,0.000000000000000000e+00,0.000000000000000000e+00,5.000000000000000000e+03
3.649999999999999911e+00,8.000000000000000444e-01,1.344760008647674976e+00,-1.405508954051676618e+01,0.000000000000000000e+00,0.000000000000000000e+00,5.000000000000000000e+03
3.700000000000000178e+00,8.000000000000000444e-01,1.344760494119422667e+00,-1.427301879253318440e+01,0.000000000000000000e+00,0.000000000000000000e+00,5.000000000000000000e+03
3.750000000000000000e+00,8.000000000000000444e-01,1.344760861022757492e+00,-1.449094414886953075e+01,0.000000000000000000e+00,0.000000000000000000e+00,5.000000000000000000e+03
3.799999999999999822e+00,8.000000000000000444e-01,1.344761161176641684e+00,-1.470886661243515725e+01,0.000000000000000000e+00,0.000000000000000000e+00,5.000000000000000000e+03
3.850000000000000089e+00,8.000000000000000444e-01,1.344761452351789899e+00,-1.492678711108023748e+01,0.000000000000000000e+00,0.000000000000000000e+00,5.000000000000000000e+03
3.899999999999999911e+00,8.000000000000000444e-01,1.344761806286883354e+00,-1.514470651369486198e+01,0.000000000000000000e+00,0.000000000000000000e+00,5.000000000000000000e+03
3.950000000000000178e+00,8.000000000000000444e-01,1.344762320690287449e+00,-1.536262565320408591e+01,0.000000000000000000e+00,0.000000000000000000e+00,5.000000000000000000e+03
4.000000000000000000e+00,8.000000000000000444e-01,1.344763144820162681e+00,-1.558054535650819794e+01,0.000000000000000000e+00,0.000000000000000000e+00,5.000000000000000000e+03
0.000000000000000000e+00,8.499999999999999778e-01,0.000000000000000000e+00,0.000000000000000000e+00,1.000000000000000000e+00,0.000000000000000000e+00,5.000000000000000000e+03
5.000000000000000278e-02,8.499999999999999778e-01,5.797341690790407120e-02,-3.668964182997976053e-02,0.000000000000000000e+00,0.000000000000000000e+00,5.000000000000000000e+03
1.000000000000000056e-01,8.499999999999999778e-01,1.213746857164502424e-01,-8.792629803672125099e-02,0.000000000000000000e+00,0.000000000000000000e+00,5.000000000000000000e+03
1.499999999999999944e-01,8.499999999999999778e-01,1.876251107563904341e-01,-1.489309882509673444e-01,0.000000000000000000e+00,0.000000000000000000e+00,5.000000000000000000e+03
2.000000000000000111e-01,8.499999999999999778e-01,2.546784308839861732e-01,-2.181664422393636837e-01,0.000000000000000000e+00,0.000000000000000000e+00,5.000000000000000000e+03
2.500000000000000000e-01,8.499999999999999778e-01,3.212394227176630368e-01,-2.952907608858034161e-01,0.000000000000000000e+00,0.000000000000000000e+00,5.000000000000000000e+03
2.999999999999999889e-01,8.499999999999999778e-01,3.865666470882320738e-01,-3.803467626714570615e-01,0.000000000000000000e+00,0.000000000000000000e+00,5.000000000000000000e+03
3.499999999999999778e-01,8.499999999999999778e-01,4.502648269990756624e-01,-4.734457182041530987e-01,0.000000000000000000e+00,0.000000000000000000e+00,5.000000000000000000e+03
4.000000000000000222e-01,8.499999999999999778e-01,5.121379209074822247e-01,-5.746536793896619422e-01,0.000000000000000000e+00,0.000000000000000000e+00,5.000000000000000000e+03
4.500000000000000111e-01,8.499999999999999778e-01,5.720980254494282269e-01,-6.839616493160571853e-01,0.000000000000000000e+00,0.000000000000000000e+00,5.000000000000000000e+03
5.000000000000000000e-01,8.499999999999999778e-01,6.301128187511848555e-01,-8.012884496861223393e-01,0.000000000000000000e+00,0.000000000000000000e+00,5.000000000000000000e+03
5.500000000000000444e-01,8.499999999999999778e-01,6.861767510739370524e-01,-9.264941274033500207e-01,0.000000000000000000e+00,0.000000000000000000e+00,5.000000000000000000e+03
5.999999999999999778e-01,8.499999999999999778e-01,7.402959457605474691e-01,-1.059394729715398054e+00,0.000000000000000000e+00,0.000000000000000000e+00,5.000000000000000000e+03
6.500000000000000222e-01,8.499999999999999778e-01,7.924806638826366045e-01,-1.199775101602126970e+00,0.000000000000000000e+00,0.000000000000000000e+00,5.000000000000000000e+03
6.999999999999999556e-01,8.499999999999999778e-01,8.427417893246659242e-01,-1.347398881988390862e+00,0.000000000000000000e+00,0.000000000000000000e+00,5.000000000000000000e+03
7.500000000000000000e-01,8.499999999999999778e-01,8.910893742714978139e-01,-1.502015880730430464e+00,0.000000000000000000e+00,0.000000000000000000e+00,5.000000000000000000e+03
8.000000000000000444e-01,8.499999999999999778e-01,9.375321935122058470e-01,-1.663367344442701068e+00,0.000000000000000000e+00,0.000000000000000000e+00,5.000000000000000000e+03
8.499999999999999778e-01,8.499999999999999778e-01,9.820777566964440375e-01,-1.831189658649210905e+00,0.000000000000000000e+00,0.000000000000000000e+00,5.000000000000000000e+03
9.000000000000000222e-01,8.499999999999999778e-01,1.024732495340330729e+00,-2.005216966984670446e+00,0.000000000000000000e+00,0.000000000000000000e+00,5.000000000000000000e+03
9.499999999999999556e-01,8.499999999999999778e-01,1.065501980526560200e+00,-2.185183095302116740e+00,0.000000000000000000e+00,0.000000000000000000e+00,5.000000000000000000e+03
1.000000000000000000e+00,8.499999999999999778e-01,1.104391096984687071e+00,-2.370823082674614390e+00,0.000000000000000000e+00,0.000000000000000000e+00,5.000000000000000000e+03
1.050000000000000044e+00,8.499999999999999778e-01,1.141404131652463239e+00,-2.561874554212584254e+00,0.000000000000000000e+00,0.000000000000000000e+00,5.000000000000000000e+03
1.100000000000000089e+00,8.499999999999999778e-01,1.176544746780373130e+00,-2.758079125177387070e+00,0.000000000000000000e+00,0.000000000000000000e+00,5.000000000000000000e+03
1.149999999999999911e+00,8.499999999999999778e-01,1.209815807780889152e+00,-2.959184001885568183e+00,0.000000000000000000e+00,0.000000000000000000e+00,5.000000000000000000e+03
1.199999999999999956e+00,8.499999999999999778e-01,1.241219028661181278e+00,-3.164943942257190557e+00,0.000000000000000000e+00,0.000000000000000000e+00,5.000000000000000000e+03
1.250000000000000000e+00,8.499999999999999778e-01,1.270754385309376344e+00,-3.375123759324949901e+00,0.000000000000000000e+00,0.000000000000000000e+00,5.000000000000000000e+03
1.300000000000000044e+00,8.499999999999999778e-01,1.298419231113706385e+00,-3.589501599683215360e+00,0.000000000000000000e+00,0.000000000000000000e+00,5.000000000000000000e+03
1.350000000000000089e+00,8.499999999999999778e-01,1.324207034239792025e+00,-3.807873315761352018e+00,0.000000000000000000e+00,0.000000000000000000e+00,5.000000000000000000e+03
1.399999999999999911e+00,8.499999999999999778e-01,1.348105651424352569e+00,-4.030058392793312905e+00,0.000000000000000000e+00,0.000000000000000000e+00,5.000000000000000000e+03
1.449999999999999956e+00,8.499999999999999778e-01,1.370095085546260139e+00,-4.255908113215761901e+00,0.000000000000000000e+00,0.000000000000000000e+00,5.000000000000000000e+03
1.500000000000000000e+00,8.499999999999999778e-01,1.390144809661894243e+00,-4.485316971981159639e+00,0.000000000000000000e+00,0.000000000000000000e+00,5.000000000000000000e+03
1.550000000000000044e+00,8.499999999999999778e-01,1.408211143042010338e+00,-4.718238805528530477e+00,0.000000000000000000e+00,0.000000000000000000e+00,5.000000000000000000e+03
1.600000000000000089e+00,8.499999999999999778e-01,1.424236243363847798e+00,-4.954709559943331065e+00,0.000000000000000000e+00,0.000000000000000000e+00,5.000000000000000000e+03
1.649999999999999911e+00,8.499999999999999778e-01,1.438153062286053885e+00,-5.194878534030845429e+00,0.000000000000000000e+00,0.000000000000000000e+00,5.000000000000000000e+03
1.699999999999999956e+00,8.499999999999999778e-01,1.449907765630319423e+00,-5.439047003935141511e+00,0.000000000000000000e+00,0.000000000000000000e+00,5.000000000000000000e+03
1.750000000000000000e+00,8.499999999999999778e-01,1.459529842941039490e+00,-5.687698566659490140e+00,0.000000000000000000e+00,0.000000000000000000e+00,5.000000000000000000e+03
1.800000000000000044e+00,8.499999999999999778e-01,1.467330471851510110e+00,-5.941444666791127815e+00,0.000000000000000000e+00,0.000000000000000000e+00,5.000000000000000000e+03
1.850000000000000089e+00,8.499999999999999778e-01,1.474440648711814683e+00,-6.200566207478562575e+00,0.000000000000000000e+00,0.000000000000000000e+00,5.000000000000000000e+03
1.899999999999999911e+00,8.499999999999999778e-01,1.484043937761547305e+00,-6.463098250425245439e+00,0.000000000000000000e+00,0.000000000000000000e+00,5.000000000000000000e+03
1.949999999999999956e+00,8.499999999999999778e-01,1.500338237822686827e+00,-6.723240995915703344e+00,0.000000000000000000e+00,0.000000000000000000e+00,5.000000000000000000e+03
2.000000000000000000e+00,8.499999999999999778e-01,1.524930611268500602e+00,-6.972001139337037579e+00,0.000000000000000000e+00,0.000000000000000000e+00,5.000000000000000000e+03
2.049999999999999822e+00,8.499999999999999778e-01,1.544022582864433835e+00,-7.180359751459202577e+00,0.000000000000000000e+00,0.000000000000000000e+00,5.000000000000000000e+03
2.100000000000000089e+00,8.499999999999999778e-01,1.554345962697370354e+00,-7.378389845815000569e+00,0.000000000000000000e+00,0.000000000000000000e+00,5.000000000000000000e+03
2.149999999999999911e+00,8.499999999999999778e-01,1.558949218229646938e+00,-7.576851125943871779e+00,0.000000000000000000e+00,0.000000000000000000e+00,5.000000000000000000e+03
2.200000000000000178e+00,8.499999999999999778e-01,1.560590978527492734e+00,-7.778601539968594381e+00,0.000000000000000000e+00,0.000000000000000000e+00,5.000000000000000000e+03
2.250000000000000000e+00,8.499999999999999778e-01,1.560924923974657652e+00,-7.983934093524489128e+00,0.000000000000000000e+00,0.000000000000000000e+00,5.000000000000000000e+03
2.299999999999999822e+00,8.499999999999999778e-01,1.560802211256901328e+00,-8.192378725664900330e+00,0.000000000000000000e+00,0.000000000000000000e+00,5.000000000000000000e+03
2.350000000000000089e+00,8.499999999999999778e-01,1.560609978403225018e+00,-8.403314446625033796e+00,0.000000000000000000e+00,0.000000000000000000e+00,5.000000000000000000e+03
2.399999999999999911e+00,8.499999999999999778e-01,1.560494820844041675e+00,-8.616169587501705251e+00,0.000000000000000000e+00,0.000000000000000000e+00,5.000000000000000000e+03
2.450000000000000178e+00,8.499999999999999778e-01,1.560489951999251668e+00,-8.830473922370003947e+00,0.000000000000000000e+00,0.000000000000000000e+00,5.000000000000000000e+03
2.500000000000000000e+00,8.499999999999999778e-01,1.560581753328809995e+00,-9.045858887281342575e+00,0.000000000000000000e+00,0.000000000000000000e+00,5.000000000000000000e+03
2.549999999999999822e+00,8.499999999999999778e-01,1.560742112248509450e+00,-9.262042155900457985e+00,0.000000000000000000e+00,0.000000000000000000e+00,5.000000000000000000e+03
2.600000000000000089e+00,8.499999999999999778e-01,1.560942707874751090e+00,-9.478809911520118092e+00,0.000000000000000000e+00,0.000000000000000000e+00,5.000000000000000000e+03
2.649999999999999911e+00,8.499999999999999778e-01,1.561160320745218488e+00,-9.696001205178886195e+00,0.000000000000000000e+00,0.000000000000000000e+00,5.000000000000000000e+03
2.700000000000000178e+00,8.499999999999999778e-01,1.561377983788896140e+00,-9.913495378598458529e+00,0.000000000000000000e+00,0.000000000000000000e+00,5.000000000000000000e+03
2.750000000000000000e+00,8.499999999999999778e-01,1.561584409302575249e+00,-1.013120234200315295e+01,0.000000000000000000e+00,0.000000000000000000e+00,5.000000000000000000e+03
2.799999999999999822e+00,8.499999999999999778e-01,1.561772857534051040e+00,-1.034905517801463048e+01,0.000000000000000000e+00,0.000000000000000000e+00,5.000000000000000000e+03
2.850000000000000089e+00,8.499999999999999778e-01,1.561939963861110003e+00,-1.056700453952710639e+01,0.000000000000000000e+00,0.000000000000000000e+00,5.000000000000000000e+03
2.899999999999999911e+00,8.499999999999999778e-01,1.562084724103816491e+00,-1.078501440030047576e+01,0.000000000000000000e+00,0.000000000000000000e+00,5.000000000000000000e+03
2.950000000000000178e+00,8.499999999999999778e-01,1.562207690514687108e+00,-1.100305881911664585e+01,0.000000000000000000e+00,0.000000000000000000e+00,5.000000000000000000e+03
3.000000000000000000e+00,8.499999999999999778e-01,1.562310368659772131e+00,-1.122111946522234938e+01,0.000000000000000000e+00,0.000000000000000000e+00,5.000000000000000000e+03
3.049999999999999822e+00,8.499999999999999778e-01,1.562394783378788121e+00,-1.143918371952102930e+01,0.000000000000000000e+00,0.000000000000000000e+00,5.000000000000000000e+03
3.100000000000000089e+00,8.499999999999999778e-01,1.562463178052582391e+00,-1.165724321494155369e+01,0.000000000000000000e+00,0.000000000000000000e+00,5.000000000000000000e+03
3.149999999999999911e+00,8.499999999999999778e-01,1.562517814729622811e+00,-1.187529271464132563e+01,0.000000000000000000e+00,0.000000000000000000e+00,5.000000000000000000e+03
3.200000000000000178e+00,8.499999999999999778e-01,1.562560848269356928e+00,-1.209332925194530617e+01,0.000000000000000000e+00,0.000000000000000000e+00,5.000000000000000000e+03
3.250000000000000000e+00,8.499999999999999778e-01,1.562594253384339771e+00,-1.231135147411533204e+01,0.000000000000000000e+00,0.000000000000000000e+00,5.000000000000000000e+03
3.299999999999999822e+00,8.499999999999999778e-01,1.562619788483675443e+00,-1.252935914532503148e+01,0.000000000000000000e+00,0.000000000000000000e+00,5.000000000000000000e+03
3.350000000000000089e+00,8.499999999999999778e-01,1.562638984324138391e+00,-1.274735277407176426e+01,0.000000000000000000e+00,0.000000000000000000e+00,5.000000000000000000e+03
3.399999999999999911e+00,8.499999999999999778e-01,1.562653148700480665e+00,-1.296533333771007257e+01,0.000000000000000000e+00,0.000000000000000000e+00,5.000000000000000000e+03
3.450000000000000178e+00,8.499999999999999778e-01,1.562663380881312625e+00,-1.318330208252968738e+01,0.000000000000000000e+00,0.000000000000000000e+00,5.000000000000000000e+03
3.500000000000000000e+00,8.499999999999999778e-01,1.562670591366571937e+00,-1.340126038229088046e+01,0.000000000000000000e+00,0.000000000000000000e+00,5.000000000000000000e+03
3.549999999999999822e+00,8.499999999999999778e-01,1.562675523942236744e+00,-1.361920964168771242e+01,0.000000000000000000e+00,0.000000000000000000e+00,5.000000000000000000e+03
3.600000000000000089e+00,8.499999999999999778e-01,1.562678778055069939e+00,-1.383715123404889269e+01,0.000000000000000000e+00,0.000000000000000000e+00,5.000000000000000000e+03
3.649999999999999911e+00,8.499999999999999778e-01,1.562680830324034931e+00,-1.405508646485061419e+01,0.000000000000000000e+00,0.000000000000000000e+00,5.000000000000000000e+03
3.700000000000000178e+00,8.499999999999999778e-01,1.562682054629385808e+00,-1.427301655440086847e+01,0.000000000000000000e+00,0.000000000000000000e+00,5.000000000000000000e+03
3.750000000000000000e+00,8.499999999999999778e-01,1.562682740737459053e+00,-1.449094263441280361e+01,0.000000000000000000e+00,0.000000000000000000e+00,5.000000000000000000e+03
3.799999999999999822e+00,8.499999999999999778e-01,1.562683111836851602e+00,-1.470886575417872422e+01,0.000000000000000000e+00,0.000000000000000000e+00,5.000000000000000000e+03
3.850000000000000089e+00,8.499999999999999778e-01,1.562683341509600199e+00,-1.492678689291841110e+01,0.000000000000000000e+00,0.000000000000000000e+00,5.000000000000000000e+03
3.899999999999999911e+00,8.499999999999999778e-01,1.562683569806816442e+00,-1.514470697681506728e+01,0.000000000000000000e+00,0.000000000000000000e+00,5.000000000000000000e+03
3.950000000000000178e+00,8.499999999999999778e-01,1.562683914531763696e+00,-1.536262690711223478e+01,0.000000000000000000e+00,0.000000000000000000e+00,5.000000000000000000e+03
4.000000000000000000e+00,8.499999999999999778e-01,1.562684480718548263e+00,-1.558054761244906494e+01,0.000000000000000000e+00,0.000000000000000000e+00,5.000000000000000000e+03
0.000000000000000000e+00,9.000000000000000222e-01,0.000000000000000000e+00,0.000000000000000000e+00,1.000000000000000000e+00,0.000000000000000000e+00,5.000000000000000000e+03
5.000000000000000278e-02,9.000000000000000222e-01,7.063154118441238027e-02,-4.970792259317500378e-02,0.000000000000000000e+00,0.000000000000000000e+00,5.000000000000000000e+03
1.000000000000000056e-01,9.000000000000000222e-01,1.476138522329991098e-01,-1.093732442209779526e-01,0.000000000000000000e+00,0.000000000000000000e+00,5.000000000000000000e+03
1.499999999999999944e-01,9.000000000000000222e-01,2.265663808170310378e-01,-1.749275329614958796e-01,0.000000000000000000e+00,0.000000000000000000e+00,5.000000000000000000e+03
2.000000000000000111e-01,9.000000000000000222e-01,3.050686221673744591e-01,-2.463090953801476690e-01,0.000000000000000000e+00,0.000000000000000000e+00,5.000000000000000000e+03
2.500000000000000000e-01,9.000000000000000222e-01,3.819984101540589427e-01,-3.241907477136108384e-01,0.000000000000000000e+00,0.000000000000000000e+00,5.000000000000000000e+03
2.999999999999999889e-01,9.000000000000000222e-01,4.568926248552536706e-01,-4.092276762210801389e-01,0.000000000000000000e+00,0.000000000000000000e+00,5.000000000000000000e+03
3.499999999999999778e-01,9.000000000000000222e-01,5.295898041180452376e-01,-5.018836155773858110e-01,0.000000000000000000e+00,0.000000000000000000e+00,5.000000000000000000e+03
4.000000000000000222e-01,9.000000000000000222e-01,6.000535291716850850e-01,-6.024221521106436494e-01,0.000000000000000000e+00,0.000000000000000000e+00,5.000000000000000000e+03
4.500000000000000111e-01,9.000000000000000222e-01,6.682918807013983331e-01,-7.109429791137793497e-01,0.000000000000000000e+00,0.000000000000000000e+00,5.000000000000000000e+03
5.000000000000000000e-01,9.000000000000000222e-01,7.343238884745492134e-01,-8.274238339584045754e-01,0.000000000000000000e+00,0.000000000000000000e+00,5.000000000000000000e+03
5.500000000000000444e-01,9.000000000000000222e-01,7.981674312542003102e-01,-9.517562103755279335e-01,0.000000000000000000e+00,0.000000000000000000e+00,5.000000000000000000e+03
5.999999999999999778e-01,9.000000000000000222e-01,8.598361533263414458e-01,-1.083772600514841589e+00,0.000000000000000000e+00,0.000000000000000000e+00,5.000000000000000000e+03
6.500000000000000222e-01,9.000000000000000222e-01,9.193397108229535153e-01,-1.223266173834502313e+00,0.000000000000000000e+00,0.000000000000000000e+00,5.000000000000000000e+03
6.999999999999999556e-01,9.000000000000000222e-01,9.766849369801671177e-01,-1.370004548132900624e+00,0.000000000000000000e+00,0.000000000000000000e+00,5.000000000000000000e+03
7.500000000000000000e-01,9.000000000000000222e-01,1.031877017897833149e+00,-1.523739232404489607e+00,0.000000000000000000e+00,0.000000000000000000e+00,5.000000000000000000e+03
8.000000000000000444e-01,9.000000000000000222e-01,1.084920412281243918e+00,-1.684212021550904215e+00,0.000000000000000000e+00,0.000000000000000000e+00,5.000000000000000000e+03
8.499999999999999778e-01,9.000000000000000222e-01,1.135819494073539104e+00,-1.851159311991569467e+00,0.000000000000000000e+00,0.000000000000000000e+00,5.000000000000000000e+03
9.000000000000000222e-01,9.000000000000000222e-01,1.184578970807938614e+00,-2.024315048402807182e+00,0.000000000000000000e+00,0.000000000000000000e+00,5.000000000000000000e+03
9.499999999999999556e-01,9.000000000000000222e-01,1.231204136790366332e+00,-2.203412814825589372e+00,0.000000000000000000e+00,0.000000000000000000e+00,5.000000000000000000e+03
1.000000000000000000e+00,9.000000000000000222e-01,1.275701003874774475e+00,-2.388187441060831695e+00,0.000000000000000000e+00,0.000000000000000000e+00,5.000000000000000000e+03
1.050000000000000044e+00,9.000000000000000222e-01,1.318076331190184858e+00,-2.578376397241404216e+00,0.000000000000000000e+00,0.000000000000000000e+00,5.000000000000000000e+03
1.100000000000000089e+00,9.000000000000000222e-01,1.358337554083210108e+00,-2.773721186701905150e+00,0.000000000000000000e+00,0.000000000000000000e+00,5.000000000000000000e+03
1.149999999999999911e+00,9.000000000000000222e-01,1.396492591910916792e+00,-2.973968913457060825e+00,0.000000000000000000e+00,0.000000000000000000e+00,5.000000000000000000e+03
1.199999999999999956e+00,9.000000000000000222e-01,1.432549492057508145e+00,-3.178874192700833046e+00,0.000000000000000000e+00,0.000000000000000000e+00,5.000000000000000000e+03
1.250000000000000000e+00,9.000000000000000222e-01,1.466515840270522286e+00,-3.388201591622661546e+00,0.000000000000000000e+00,0.000000000000000000e+00,5.000000000000000000e+03
1.300000000000000044e+00,9.000000000000000222e-01,1.498397830455137747e+00,-3.601728839688189243e+00,0.000000000000000000e+00,0.000000000000000000e+00,5.000000000000000000e+03
1.350000000000000089e+00,9.000000000000000222e-01,1.528198834055234379e+00,-3.819251146660842977e+00,0.000000000000000000e+00,0.000000000000000000e+00,5.000000000000000000e+03
1.399999999999999911e+00,9.000000000000000222e-01,1.555917231621160690e+00,-4.040587140903928010e+00,0.000000000000000000e+00,0.000000000000000000e+00,5.000000000000000000e+03
1.449999999999999956e+00,9.000000000000000222e-01,1.581543157359039053e+00,-4.265587241409048325e+00,0.000000000000000000e+00,0.000000000000000000e+00,5.000000000000000000e+03
1.500000000000000000e+00,9.000000000000000222e-01,1.605053655690756420e+00,-4.494145798184199236e+00,0.000000000000000000e+00,0.000000000000000000e+00,5.000000000000000000e+03
1.550000000000000044e+00,9.000000000000000222e-01,1.626405575735096587e+00,-4.726219245459433616e+00,0.000000000000000000e+00,0.000000000000000000e+00,5.000000000000000000e+03
1.600000000000000089e+00,9.000000000000000222e-01,1.645525444429570605e+00,-4.961854106390545027e+00,0.000000000000000000e+00,0.000000000000000000e+00,5.000000000000000000e+03
1.649999999999999911e+00,9.000000000000000222e-01,1.662295972482185302e+00,-5.201231452399639466e+00,0.000000000000000000e+00,0.000000000000000000e+00,5.000000000000000000e+03
1.699999999999999956e+00,9.000000000000000222e-01,1.676541155461289234e+00,-5.444738980495540837e+00,0.000000000000000000e+00,0.000000000000000000e+00,5.000000000000000000e+03
1.750000000000000000e+00,9.000000000000000222e-01,1.688020896055543174e+00,-5.693088019371182362e+00,0.000000000000000000e+00,0.000000000000000000e+00,5.000000000000000000e+03
1.800000000000000044e+00,9.000000000000000222e-01,1.696479222721614333e+00,-5.947492227897899220e+00,0.000000000000000000e+00,0.000000000000000000e+00,5.000000000000000000e+03
1.850000000000000089e+00,9.000000000000000222e-01,1.701922786007143085e+00,-6.209847084708076892e+00,0.000000000000000000e+00,0.000000000000000000e+00,5.000000000000000000e+03
1.899999999999999911e+00,9.000000000000000222e-01,1.705936110516127702e+00,-6.482103249654862509e+00,0.000000000000000000e+00,0.000000000000000000e+00,5.000000000000000000e+03
1.949999999999999956e+00,9.000000000000000222e-01,1.717996292537786962e+00,-6.757979617695910157e+00,0.000000000000000000e+00,0.000000000000000000e+00,5.000000000000000000e+03
2.000000000000000000e+00,9.000000000000000222e-01,1.747111114866440218e+00,-7.022106725397769367e+00,0.000000000000000000e+00,0.000000000000000000e+00,5.000000000000000000e+03
2.049999999999999822e+00,9.000000000000000222e-01,1.765931120182657299e+00,-7.209506240531688981e+00,0.000000000000000000e+00,0.000000000000000000e+00,5.000000000000000000e+03
2.100000000000000089e+00,9.000000000000000222e-01,1.772512501444478472e+00,-7.393569627410710332e+00,0.000000000000000000e+00,0.000000000000000000e+00,5.000000000000000000e+03
2.149999999999999911e+00,9.000000000000000222e-01,1.773870638533092459e+00,-7.584532882822263566e+00,0.000000000000000000e+00,0.000000000000000000e+00,5.000000000000000000e+03
2.200000000000000178e+00,9.000000000000000222e-01,1.773643352353666103e+00,-7.782450929048090771e+00,0.000000000000000000e+00,0.000000000000000000e+00,5.000000000000000000e+03
2.250000000000000000e+00,9.000000000000000222e-01,1.773265217387695269e+00,-7.985870913159438977e+00,0.000000000000000000e+00,0.000000000000000000e+00,5.000000000000000000e+03
2.299999999999999822e+00,9.000000000000000222e-01,1.773175649698011336e+00,-8.193378422893356827e+00,0.000000000000000000e+00,0.000000000000000000e+00,5.000000000000000000e+03
2.350000000000000089e+00,9.000000000000000222e-01,1.773422017467022549e+00,-8.403861626229515380e+00,0.000000000000000000e+00,0.000000000000000000e+00,5.000000000000000000e+03
2.399999999999999911e+00,9.000000000000000222e-01,1.773924375795072450e+00,-8.616499540299935589e+00,0.000000000000000000e+00,0.000000000000000000e+00,5.000000000000000000e+03
2.450000000000000178e+00,9.000000000000000222e-01,1.774581490213422263e+00,-8.830697934632302903e+00,0.000000000000000000e+00,0.000000000000000000e+00,5.000000000000000000e+03
2.500000000000000000e+00,9.000000000000000222e-01,1.775307429297526385e+00,-9.046028012337565372e+00,0.000000000000000000e+00,0.000000000000000000e+00,5.000000000000000000e+03
2.549999999999999822e+00,9.000000000000000222e-01,1.776039857128987487e+00,-9.262179058086335459e+00,0.000000000000000000e+00,0.000000000000000000e+00,5.000000000000000000e+03
2.600000000000000089e+00,9.000000000000000222e-01,1.776738061620243725e+00,-9.478924421035232584e+00,0.000000000000000000e+00,0.000000000000000000e+00,5.000000000000000000e+03
2.649999999999999911e+00,9.000000000000000222e-01,1.777378178083315552e+00,-9.696097700623667492e+00,0.000000000000000000e+00,0.000000000000000000e+00,5.000000000000000000e+03
2.700000000000000178e+00,9.000000000000000222e-01,1.777948415493446621e+00,-9.913576147478893930e+00,0.000000000000000000e+00,0.000000000000000000e+00,5.000000000000000000e+03
2.750000000000000000e+00,9.000000000000000222e-01,1.778445147663866077e+00,-1.013126901051241191e+01,0.000000000000000000e+00,0.000000000000000000e+00,5.000000000000000000e+03
2.799999999999999822e+00,9.000000000000000222e-01,1.778869979664956968e+00,-1.034910924693373602e+01,0.000000000000000000e+00,0.000000000000000000e+00,5.000000000000000000e+03
2.850000000000000089e+00,9.000000000000000222e-01,1.779227650940883976e+00,-1.056704752991409180e+01,0.000000000000000000e+00,0.000000000000000000e+00,5.000000000000000000e+03
2.899999999999999911e+00,9.000000000000000222e-01,1.779524585838434758e+00,-1.078504784665949856e+01,0.000000000000000000e+00,0.000000000000000000e+00,5.000000000000000000e+03
2.950000000000000178e+00,9.000000000000000222e-01,1.779767920430050943e+00,-1.100308421718333740e+01,0.000000000000000000e+00,0.000000000000000000e+00,5.000000000000000000e+03
3.000000000000000000e+00,9.000000000000000222e-01,1.779964869983227782e+00,-1.122113821881686313e+01,0.000000000000000000e+00,0.000000000000000000e+00,5.000000000000000000e+03
3.049999999999999822e+00,9.000000000000000222e-01,1.780122335644510390e+00,-1.143919710182292349e+01,0.000000000000000000e+00,0.000000000000000000e+00,5.000000000000000000e+03
3.100000000000000089e+00,9.000000000000000222e-01,1.780246676637474934e+00,-1.165725234679553424e+01,0.000000000000000000e+00,0.000000000000000000e+00,5.000000000000000000e+03
3.149999999999999911e+00,9.000000000000000222e-01,1.780343595196903994e+00,-1.187529855753048480e+01,0.000000000000000000e+00,0.000000000000000000e+00,5.000000000000000000e+03
3.200000000000000178e+00,9.000000000000000222e-01,1.780418096736981814e+00,-1.209333261184906227e+01,0.000000000000000000e+00,0.000000000000000000e+00,5.000000000000000000e+03
3.250000000000000000e+00,9.000000000000000222e-01,1.780474498746140499e+00,-1.231135301256094472e+01,0.000000000000000000e+00,0.000000000000000000e+00,5.000000000000000000e+03
3.299999999999999822e+00,9.000000000000000222e-01,1.780516469776698640e+00,-1.252935939458170722e+01,0.000000000000000000e+00,0.000000000000000000e+00,5.000000000000000000e+03
3.350000000000000089e+00,9.000000000000000222e-01,1.780547085538153551e+00,-1.274735215419143408e+01,0.000000000000000000e+00,0.000000000000000000e+00,5.000000000000000000e+03
3.399999999999999911e+00,9.000000000000000222e-01,1.780568893147878029e+00,-1.296533217380985015e+01,0.000000000000000000e+00,0.000000000000000000e+00,5.000000000000000000e+03
3.450000000000000178e+00,9.000000000000000222e-01,1.780583977495556525e+00,-1.318330062128032587e+01,0.000000000000000000e+00,0.000000000000000000e+00,5.000000000000000000e+03
3.500000000000000000e+00,9.000000000000000222e-01,1.780594025758006183e+00,-1.340125880701880767e+01,0.000000000000000000e+00,0.000000000000000000e+00,5.000000000000000000e+03
3.549999999999999822e+00,9.000000000000000222e-01,1.780600387586810385e+00,-1.361920808583622211e+01,0.000000000000000000e+00,0.000000000000000000e+00,5.000000000000000000e+03
3.600000000000000089e+00,9.000000000000000222e-01,1.780604129548551073e+00,-1.383714979300550674e+01,0.000000000000000000e+00,0.000000000000000000e+00,5.000000000000000000e+03
3.649999999999999911e+00,9.000000000000000222e-01,1.780606083152626029e+00,-1.405508520636484349e+01,0.000000000000000000e+00,0.000000000000000000e+00,5.000000000000000000e+03
3.700000000000000178e+00,9.000000000000000222e-01,1.780606886357472440e+00,-1.427301552801588436e+01,0.000000000000000000e+00,0.000000000000000000e+00,5.000000000000000000e+03
3.750000000000000000e+00,9.000000000000000222e-01,1.780607018893782811e+00,-1.449094188051611276e+01,0.000000000000000000e+00,0.000000000000000000e+00,5.000000000000000000e+03
3.799999999999999822e+00,9.000000000000000222e-01,1.780606832159719488e+00,-1.470886531333544944e+01,0.000000000000000000e+00,0.000000000000000000e+00,5.000000000000000000e+03
3.850000000000000089e+00,9.000000000000000222e-01,1.780606574822769073e+00,-1.492678681561036669e+01,0.000000000000000000e+00,0.000000000000000000e+00,5.000000000000000000e+03
3.899999999999999911e+00,9.000000000000000222e-01,1.780606415138542120e+00,-1.514470733088521825e+01,0.000000000000000000e+00,0.000000000000000000e+00,5.000000000000000000e+03
3.950000000000000178e+00,9.000000000000000222e-01,1.780606457281600941e+00,-1.536262777134742663e+01,0.000000000000000000e+00,0.000000000000000000e+00,5.000000000000000000e+03
4.000000000000000000e+00,9.000000000000000222e-01,1.780606722094301375e+00,-1.558054906511615378e+01,0.000000000000000000e+00,0.000000000000000000e+00,5.000000000000000000e+03
0.000000000000000000e+00,9.499999999999999556e-01,0.000000000000000000e+00,0.000000000000000000e+00,1.000000000000000000e+00,0.000000000000000000e+00,5.000000000000000000e+03
5.000000000000000278e-02,9.499999999999999556e-01,8.832954342856007279e-02,-7.028188125869602731e-02,0.000000000000000000e+00,0.000000000000000000e+00,5.000000000000000000e+03
1.000000000000000056e-01,9.499999999999999556e-01,1.817755475548531174e-01,-1.387429801171033983e-01,0.000000000000000000e+00,0.000000000000000000e+00,5.000000000000000000e+03
1.499999999999999944e-01,9.499999999999999556e-01,2.740420187822492082e-01,-2.077232355800507912e-01,0.000000000000000000e+00,0.000000000000000000e+00,5.000000000000000000e+03
2.000000000000000111e-01,9.499999999999999556e-01,3.635416176734820870e-01,-2.801218895417650900e-01,0.000000000000000000e+00,0.000000000000000000e+00,5.000000000000000000e+03
2.500000000000000000e-01,9.499999999999999556e-01,4.500989512276025173e-01,-3.579208074049042287e-01,0.000000000000000000e+00,0.000000000000000000e+00,5.000000000000000000e+03
2.999999999999999889e-01,9.499999999999999556e-01,5.338727947327550627e-01,-4.423740399356969610e-01,0.000000000000000000e+00,0.000000000000000000e+00,5.000000000000000000e+03
3.499999999999999778e-01,9.499999999999999556e-01,6.150414528059733321e-01,-5.342207070310431849e-01,0.000000000000000000e+00,0.000000000000000000e+00,5.000000000000000000e+03
4.000000000000000222e-01,9.499999999999999556e-01,6.937299996744161756e-01,-6.338499252102330894e-01,0.000000000000000000e+00,0.000000000000000000e+00,5.000000000000000000e+03
4.500000000000000111e-01,9.499999999999999556e-01,7.700095934949016119e-01,-7.414178207894474015e-01,0.000000000000000000e+00,0.000000000000000000e+00,5.000000000000000000e+03
5.000000000000000000e-01,9.499999999999999556e-01,8.439132098117257952e-01,-8.569271420721843446e-01,0.000000000000000000e+00,0.000000000000000000e+00,5.000000000000000000e+03
5.500000000000000444e-01,9.499999999999999556e-01,9.154509421341753272e-01,-9.802803633239989267e-01,0.000000000000000000e+00,0.000000000000000000e+00,5.000000000000000000e+03
5.999999999999999778e-01,9.499999999999999556e-01,9.846210606607922466e-01,-1.111314821342159975e+00,0.000000000000000000e+00,0.000000000000000000e+00,5.000000000000000000e+03
6.500000000000000222e-01,9.499999999999999556e-01,1.051417017394203013e+00,-1.249825905837998796e+00,0.000000000000000000e+00,0.000000000000000000e+00,5.000000000000000000e+03
6.999999999999999556e-01,9.499999999999999556e-01,1.115831492319023566e+00,-1.395582358657895705e+00,0.000000000000000000e+00,0.000000000000000000e+00,5.000000000000000000e+03
7.500000000000000000e-01,9.499999999999999556e-01,1.177858524765416748e+00,-1.548336368493304471e+00,0.000000000000000000e+00,0.000000000000000000e+00,5.000000000000000000e+03
8.000000000000000444e-01,9.499999999999999556e-01,1.237494503439168669e+00,-1.707830240407253619e+00,0.000000000000000000e+00,0.000000000000000000e+00,5.000000000000000000e+03
8.499999999999999778e-01,9.499999999999999556e-01,1.294738528018971824e+00,-1.873800828069758229e+00,0.000000000000000000e+00,0.000000000000000000e+00,5.000000000000000000e+03
9.000000000000000222e-01,9.499999999999999556e-01,1.349592458582102195e+00,-2.045982531339402666e+00,0.000000000000000000e+00,0.000000000000000000e+00,5.000000000000000000e+03
9.499999999999999556e-01,9.499999999999999556e-01,1.402060834734940808e+00,-2.224109409426133777e+00,0.000000000000000000e+00,0.000000000000000000e+00,5.000000000000000000e+03
1.000000000000000000e+00,9.499999999999999556e-01,1.452150759088919552e+00,-2.407916793986201842e+00,0.000000000000000000e+00,0.000000000000000000e+00,5.000000000000000000e+03
1.050000000000000044e+00,9.499999999999999556e-01,1.499871784443946199e+00,-2.597142678610077748e+00,0.000000000000000000e+00,0.000000000000000000e+00,5.000000000000000000e+03
1.100000000000000089e+00,9.499999999999999556e-01,1.545235808664875199e+00,-2.791529094018132540e+00,0.000000000000000000e+00,0.000000000000000000e+00,5.000000000000000000e+03
1.149999999999999911e+00,9.499999999999999556e-01,1.588256956779980911e+00,-2.990823641917756959e+00,0.000000000000000000e+00,0.000000000000000000e+00,5.000000000000000000e+03
1.199999999999999956e+00,9.499999999999999556e-01,1.628951409380039905e+00,-3.194781350198661052e+00,0.000000000000000000e+00,0.000000000000000000e+00,5.000000000000000000e+03
1.250000000000000000e+00,9.499999999999999556e-01,1.667337113820926753e+00,-3.403167027975283254e+00,0.000000000000000000e+00,0.000000000000000000e+00,5.000000000000000000e+03
1.300000000000000044e+00,9.499999999999999556e-01,1.703433283109432095e+00,-3.615758346578630711e+00,0.000000000000000000e+00,0.000000000000000000e+00,5.000000000000000000e+03
1.350000000000000089e+00,9.499999999999999556e-01,1.737259536734259147e+00,-3.832349966057660762e+00,0.000000000000000000e+00,0.000000000000000000e+00,5.000000000000000000e+03
1.399999999999999911e+00,9.499999999999999556e-01,1.768834451435041810e+00,-4.052759194801419440e+00,0.000000000000000000e+00,0.000000000000000000e+00,5.000000000000000000e+03
1.449999999999999956e+00,9.499999999999999556e-01,1.798173138004431237e+00,-4.276833968670540109e+00,0.000000000000000000e+00,0.000000000000000000e+00,5.000000000000000000e+03
1.500000000000000000e+00,9.499999999999999556e-01,1.825283187127176188e+00,-4.504464475691857039e+00,0.000000000000000000e+00,0.000000000000000000e+00,5.000000000000000000e+03
1.550000000000000044e+00,9.499999999999999556e-01,1.850157829008438837e+00,-4.735600754078727270e+00,0.000000000000000000e+00,0.000000000000000000e+00,5.000000000000000000e+03
1.600000000000000089e+00,9.499999999999999556e-01,1.872764234290878349e+00,-4.970280513966551794e+00,0.000000000000000000e+00,0.000000000000000000e+00,5.000000000000000000e+03
1.649999999999999911e+00,9.499999999999999556e-01,1.893023193193864806e+00,-5.208675270698599036e+00,0.000000000000000000e+00,0.000000000000000000e+00,5.000000000000000000e+03
1.699999999999999956e+00,9.499999999999999556e-01,1.910773332516464640e+00,-5.451170909079530169e+00,0.000000000000000000e+00,0.000000000000000000e+00,5.000000000000000000e+03
1.750000000000000000e+00,9.499999999999999556e-01,1.925707667765727882e+00,-5.698516680865353123e+00,0.000000000000000000e+00,0.000000000000000000e+00,5.000000000000000000e+03
1.800000000000000044e+00,9.499999999999999556e-01,1.937262251460069917e+00,-5.952120029118408873e+00,0.000000000000000000e+00,0.000000000000000000e+00,5.000000000000000000e+03
1.850000000000000089e+00,9.499999999999999556e-01,1.944433307935249600e+00,-6.214682862362668203e+00,0.000000000000000000e+00,0.000000000000000000e+00,5.000000000000000000e+03
1.899999999999999911e+00,9.499999999999999556e-01,1.945588013718515308e+00,-6.491723750318606712e+00,0.000000000000000000e+00,0.000000000000000000e+00,5.000000000000000000e+03
1.949999999999999956e+00,9.499999999999999556e-01,1.939857726771879731e+00,-6.794614981753285932e+00,0.000000000000000000e+00,0.000000000000000000e+00,5.000000000000000000e+03
2.000000000000000000e+00,9.499999999999999556e-01,1.969118137244724176e+00,-7.094124163379332160e+00,0.000000000000000000e+00,0.000000000000000000e+00,5.000000000000000000e+03
2.049999999999999822e+00,9.499999999999999556e-01,1.983386805002079534e+00,-7.237192441622180894e+00,0.000000000000000000e+00,0.000000000000000000e+00,5.000000000000000000e+03
2.100000000000000089e+00,9.499999999999999556e-01,1.983482443590121269e+00,-7.404384496138094462e+00,0.000000000000000000e+00,0.000000000000000000e+00,5.000000000000000000e+03
2.149999999999999911e+00,9.499999999999999556e-01,1.981880718044574330e+00,-7.588932098060272580e+00,0.000000000000000000e+00,0.000000000000000000e+00,5.000000000000000000e+03
2.200000000000000178e+00,9.499999999999999556e-01,1.981271266367163442e+00,-7.784379911219335924e+00,0.000000000000000000e+00,0.000000000000000000e+00,5.000000000000000000e+03
2.250000000000000000e+00,9.499999999999999556e-01,1.981786588843777785e+00,-7.986870318677109282e+00,0.000000000000000000e+00,0.000000000000000000e+00,5.000000000000000000e+03
2.299999999999999822e+00,9.499999999999999556e-01,1.983054362536913695e+00,-8.194043248663611223e+00,0.000000000000000000e+00,0.000000000000000000e+00,5.000000000000000000e+03
2.350000000000000089e+00,9.499999999999999556e-01,1.984710500076665829e+00,-8.404408413208846795e+00,0.000000000000000000e+00,0.000000000000000000e+00,5.000000000000000000e+03
2.399999999999999911e+00,9.499999999999999556e-01,1.986496927019017367e+00,-8.616996773305228174e+00,0.000000000000000000e+00,0.000000000000000000e+00,5.000000000000000000e+03
2.450000000000000178e+00,9.499999999999999556e-01,1.988253294339450417e+00,-8.831160108515014429e+00,0.000000000000000000e+00,0.000000000000000000e+00,5.000000000000000000e+03
2.500000000000000000e+00,9.499999999999999556e-01,1.989889449395892962e+00,-9.046453048549809139e+00,0.000000000000000000e+00,0.000000000000000000e+00,5.000000000000000000e+03
2.549999999999999822e+00,9.499999999999999556e-01,1.991361065144490849e+00,-9.262562225300975172e+00,0.000000000000000000e+00,0.000000000000000000e+00,5.000000000000000000e+03
2.600000000000000089e+00,9.499999999999999556e-01,1.992652196564631550e+00,-9.479262756275662838e+00,0.000000000000000000e+00,0.000000000000000000e+00,5.000000000000000000e+03
2.649999999999999911e+00,9.499999999999999556e-01,1.993763749505225613e+00,-9.696390807015063729e+00,0.000000000000000000e+00,0.000000000000000000e+00,5.000000000000000000e+03
2.700000000000000178e+00,9.499999999999999556e-01,1.994706127786703531e+00,-9.913825777859436528e+00,0.000000000000000000e+00,0.000000000000000000e+00,5.000000000000000000e+03
2.750000000000000000e+00,9.499999999999999556e-01,1.995494630733609220e+00,-1.013147837725707845e+01,0.000000000000000000e+00,0.000000000000000000e+00,5.000000000000000000e+03
2.799999999999999822e+00,9.499999999999999556e-01,1.996146609847369691e+00,-1.034928238934221234e+01,0.000000000000000000e+00,0.000000000000000000e+00,5.000000000000000000e+03
2.850000000000000089e+00,9.499999999999999556e-01,1.996679740371142486e+00,-1.056718882832347006e+01,0.000000000000000000e+00,0.000000000000000000e+00,5.000000000000000000e+03
2.899999999999999911e+00,9.499999999999999556e-01,1.997110999794566188e+00,-1.078516168362193284e+01,0.000000000000000000e+00,0.000000000000000000e+00,5.000000000000000000e+03
2.950000000000000178e+00,9.499999999999999556e-01,1.997456096443646079e+00,-1.100317475909433185e+01,0.000000000000000000e+00,0.000000000000000000e+00,5.000000000000000000e+03
3.000000000000000000e+00,9.499999999999999556e-01,1.997729185467864044e+00,-1.122120928779114379e+01,0.000000000000000000e+00,0.000000000000000000e+00,5.000000000000000000e+03
3.049999999999999822e+00,9.499999999999999556e-01,1.997942767882453063e+00,-1.143925211170100908e+01,0.000000000000000000e+00,0.000000000000000000e+00,5.000000000000000000e+03
3.100000000000000089e+00,9.499999999999999556e-01,1.998107704719716882e+00,-1.165729428287272817e+01,0.000000000000000000e+00,0.000000000000000000e+00,5.000000000000000000e+03
3.149999999999999911e+00,9.499999999999999556e-01,1.998233301394872319e+00,-1.187532998483956881e+01,0.000000000000000000e+00,0.000000000000000000e+00,5.000000000000000000e+03
3.200000000000000178e+00,9.499999999999999556e-01,1.998327432295255557e+00,-1.209335570105334057e+01,0.000000000000000000e+00,0.000000000000000000e+00,5.000000000000000000e+03
3.250000000000000000e+00,9.499999999999999556e-01,1.998396685460189781e+00,-1.231136957573656687e+01,0.000000000000000000e+00,0.000000000000000000e+00,5.000000000000000000e+03
3.299999999999999822e+00,9.499999999999999556e-01,1.998446513887721654e+00,-1.252937092555719012e+01,0.000000000000000000e+00,0.000000000000000000e+00,5.000000000000000000e+03
3.350000000000000089e+00,9.499999999999999556e-01,1.998481384601768829e+00,-1.274735986985677094e+01,0.000000000000000000e+00,0.000000000000000000e+00,5.000000000000000000e+03
3.399999999999999911e+00,9.499999999999999556e-01,1.998504919825336179e+00,-1.296533705406703518e+01,0.000000000000000000e+00,0.000000000000000000e+00,5.000000000000000000e+03
3.450000000000000178e+00,9.499999999999999556e-01,1.998520026862012244e+00,-1.318330344620772010e+01,0.000000000000000000e+00,0.000000000000000000e+00,5.000000000000000000e+03
3.500000000000000000e+00,9.499999999999999556e-01,1.998529014866948783e+00,-1.340126019045847805e+01,0.000000000000000000e+00,0.000000000000000000e+00,5.000000000000000000e+03
3.549999999999999822e+00,9.499999999999999556e-01,1.998533697774613982e+00,-1.361920850505840264e+01,0.000000000000000000e+00,0.000000000000000000e+00,5.000000000000000000e+03
3.600000000000000089e+00,9.499999999999999556e-01,1.998535483370962984e+00,-1.383714961441391189e+01,0.000000000000000000e+00,0.000000000000000000e+00,5.000000000000000000e+03
3.649999999999999911e+00,9.499999999999999556e-01,1.998535448943192350e+00,-1.405508470742683258e+01,0.000000000000000000e+00,0.000000000000000000e+00,5.000000000000000000e+03
3.700000000000000178e+00,9.499999999999999556e-01,1.998534404180016821e+00,-1.427301491577198966e+01,0.000000000000000000e+00,0.000000000000000000e+00,5.000000000000000000e+03
3.750000000000000000e+00,9.499999999999999556e-01,1.998532942091245657e+00,-1.449094130717510431e+01,0.000000000000000000e+00,0.000000000000000000e+00,5.000000000000000000e+03
3.799999999999999822e+00,9.499999999999999556e-01,1.998531478740174006e+00,-1.470886488958201355e+01,0.000000000000000000e+00,0.000000000000000000e+00,5.000000000000000000e+03
3.850000000000000089e+00,9.499999999999999556e-01,1.998530282652675627e+00,-1.492678662212149199e+01,0.000000000000000000e+00,0.000000000000000000e+00,5.000000000000000000e+03
3.899999999999999911e+00,9.499999999999999556e-01,1.998529495071766249e+00,-1.514470742690212113e+01,0.000000000000000000e+00,0.000000000000000000e+00,5.000000000000000000e+03
3.950000000000000178e+00,9.499999999999999556e-01,1.998529142797037528e+00,-1.536262818878373615e+01,0.000000000000000000e+00,0.000000000000000000e+00,5.000000000000000000e+03
4.000000000000000000e+00,9.499999999999999556e-01,1.998529141799943565e+00,-1.558054971007491041e+01,0.000000000000000000e+00,0.000000000000000000e+00,5.000000000000000000e+03
0.000000000000000000e+00,1.000000000000000000e+00,0.000000000000000000e+00,0.000000000000000000e+00,1.000000000000000000e+00,0.000000000000000000e+00,5.000000000000000000e+03
5.000000000000000278e-02,1.000000000000000000e+00,1.200782809647581162e-01,-1.042145002786455527e-01,0.000000000000000000e+00,0.000000000000000000e+00,5.000000000000000000e+03
1.000000000000000056e-01,1.000000000000000000e+00,2.317739059190721540e-01,-1.776683186588245700e-01,0.000000000000000000e+00,0.000000000000000000e+00,5.000000000000000000e+03
1.499999999999999944e-01,1.000000000000000000e+00,3.347476967600618303e-01,-2.472194352081481250e-01,0.000000000000000000e+00,0.000000000000000000e+00,5.000000000000000000e+03
2.000000000000000111e-01,1.000000000000000000e+00,4.324294634336622867e-01,-3.190289119162514897e-01,0.000000000000000000e+00,0.000000000000000000e+00,5.000000000000000000e+03
2.500000000000000000e-01,1.000000000000000000e+00,5.265734895640654667e-01,-3.959042754956709764e-01,0.000000000000000000e+00,0.000000000000000000e+00,5.000000000000000000e+03
2.999999999999999889e-01,1.000000000000000000e+00,6.179527827544303298e-01,-4.793456681700128952e-01,0.000000000000000000e+00,0.000000000000000000e+00,5.000000000000000000e+03
3.499999999999999778e-01,1.000000000000000000e+00,7.068673003304909441e-01,-5.701613665479591253e-01,0.000000000000000000e+00,0.000000000000000000e+00,5.000000000000000000e+03
4.000000000000000222e-01,1.000000000000000000e+00,7.934003998327057161e-01,-6.687549046840083333e-01,0.000000000000000000e+00,0.000000000000000000e+00,5.000000000000000000e+03
4.500000000000000111e-01,1.000000000000000000e+00,8.775422916061292877e-01,-7.752821938074566654e-01,0.000000000000000000e+00,0.000000000000000000e+00,5.000000000000000000e+03
5.000000000000000000e-01,1.000000000000000000e+00,9.592484939535544930e-01,-8.897436977580429618e-01,0.000000000000000000e+00,0.000000000000000000e+00,5.000000000000000000e+03
5.500000000000000444e-01,1.000000000000000000e+00,1.038466830909414051e+00,-1.012040747631216764e+00,0.000000000000000000e+00,0.000000000000000000e+00,5.000000000000000000e+03
5.999999999999999778e-01,1.000000000000000000e+00,1.115149197110803181e+00,-1.142010944502567904e+00,0.000000000000000000e+00,0.000000000000000000e+00,5.000000000000000000e+03
6.500000000000000222e-01,1.000000000000000000e+00,1.189255985104530788e+00,-1.279450891391028966e+00,0.000000000000000000e+00,0.000000000000000000e+00,5.000000000000000000e+03
6.999999999999999556e-01,1.000000000000000000e+00,1.260757065390493370e+00,-1.424131012881958647e+00,0.000000000000000000e+00,0.000000000000000000e+00,5.000000000000000000e+03
7.500000000000000000e-01,1.000000000000000000e+00,1.329631257039080916e+00,-1.575805319442360464e+00,0.000000000000000000e+00,0.000000000000000000e+00,5.000000000000000000e+03
8.000000000000000444e-01,1.000000000000000000e+00,1.395865255455615683e+00,-1.734217895553958222e+00,0.000000000000000000e+00,0.000000000000000000e+00,5.000000000000000000e+03
8.499999999999999778e-01,1.000000000000000000e+00,1.459452489956917454e+00,-1.899107257672690174e+00,0.000000000000000000e+00,0.000000000000000000e+00,5.000000000000000000e+03
9.000000000000000222e-01,1.000000000000000000e+00,1.520392128087533878e+00,-2.070209342867820101e+00,0.000000000000000000e+00,0.000000000000000000e+00,5.000000000000000000e+03
9.499999999999999556e-01,1.000000000000000000e+00,1.578688310322414079e+00,-2.247259647132343385e+00,0.000000000000000000e+00,0.000000000000000000e+00,5.000000000000000000e+03
1.000000000000000000e+00,1.000000000000000000e+00,1.634349630380515395e+00,-2.429994877105972062e+00,0.000000000000000000e+00,0.000000000000000000e+00,5.000000000000000000e+03
1.050000000000000044e+00,1.000000000000000000e+00,1.687388843061337962e+00,-2.618154379069914217e+00,0.000000000000000000e+00,0.000000000000000000e+00,5.000000000000000000e+03
1.100000000000000089e+00,1.000000000000000000e+00,1.737822767325252871e+00,-2.811481547150097793e+00,0.000000000000000000e+00,0.000000000000000000e+00,5.000000000000000000e+03
1.149999999999999911e+00,1.000000000000000000e+00,1.785672348389784503e+00,-3.009725379268831436e+00,0.000000000000000000e+00,0.000000000000000000e+00,5.000000000000000000e+03
1.199999999999999956e+00,1.000000000000000000e+00,1.830962843900530546e+00,-3.212642340355727377e+00,0.000000000000000000e+00,0.000000000000000000e+00,5.000000000000000000e+03
1.250000000000000000e+00,1.000000000000000000e+00,1.873724102930387492e+00,-3.419998708007899513e+00,0.000000000000000000e+00,0.000000000000000000e+00,5.000000000000000000e+03
1.300000000000000044e+00,1.000000000000000000e+00,1.913990910956385960e+00,-3.631573621777032468e+00,0.000000000000000000e+00,0.000000000000000000e+00,5.000000000000000000e+03
1.350000000000000089e+00,1.000000000000000000e+00,1.951803377440155529e+00,-3.847163147014067697e+00,0.000000000000000000e+00,0.000000000000000000e+00,5.000000000000000000e+03
1.399999999999999911e+00,1.000000000000000000e+00,1.987207341894844381e+00,-4.066585824685622796e+00,0.000000000000000000e+00,0.000000000000000000e+00,5.000000000000000000e+03
1.449999999999999956e+00,1.000000000000000000e+00,2.020254760192464971e+00,-4.289690461802904586e+00,0.000000000000000000e+00,0.000000000000000000e+00,5.000000000000000000e+03
1.500000000000000000e+00,1.000000000000000000e+00,2.051003979443906111e+00,-4.516367423843729689e+00,0.000000000000000000e+00,0.000000000000000000e+00,5.000000000000000000e+03
1.550000000000000044e+00,1.000000000000000000e+00,2.079519645430375263e+00,-4.746565620412528830e+00,0.000000000000000000e+00,0.000000000000000000e+00,5.000000000000000000e+03
1.600000000000000089e+00,1.000000000000000000e+00,2.105871515677286698e+00,-4.980319137230887705e+00,0.000000000000000000e+00,0.000000000000000000e+00,5.000000000000000000e+03
1.649999999999999911e+00,1.000000000000000000e+00,2.130130139395010946e+00,-5.217790938363831899e+00,0.000000000000000000e+00,0.000000000000000000e+00,5.000000000000000000e+03
1.699999999999999956e+00,1.000000000000000000e+00,2.152353731411911220e+00,-5.459348251588302503e+00,0.000000000000000000e+00,0.000000000000000000e+00,5.000000000000000000e+03
1.750000000000000000e+00,1.000000000000000000e+00,2.172550376030983887e+00,-5.705700239155969911e+00,0.000000000000000000e+00,0.000000000000000000e+00,5.000000000000000000e+03
1.800000000000000044e+00,1.000000000000000000e+00,2.190570137274146401e+00,-5.958168299389118516e+00,0.000000000000000000e+00,0.000000000000000000e+00,5.000000000000000000e+03
1.850000000000000089e+00,1.000000000000000000e+00,2.205789838054586838e+00,-6.219278002353880730e+00,0.000000000000000000e+00,0.000000000000000000e+00,5.000000000000000000e+03
1.899999999999999911e+00,1.000000000000000000e+00,2.216125708960080765e+00,-6.494341938491364985e+00,0.000000000000000000e+00,0.000000000000000000e+00,5.000000000000000000e+03
1.949999999999999956e+00,1.000000000000000000e+00,2.214327840547395176e+00,-6.797879100904509642e+00,0.000000000000000000e+00,0.000000000000000000e+00,5.000000000000000000e+03
2.000000000000000000e+00,1.000000000000000000e+00,2.165233594404412099e+00,-7.210434315544609341e+00,0.000000000000000000e+00,1.000000000000000000e+00,5.000000000000000000e+03
2.049999999999999822e+00,1.000000000000000000e+00,2.178223551025427529e+00,-7.255430388085022386e+00,0.000000000000000000e+00,0.000000000000000000e+00,5.000000000000000000e+03
2.100000000000000089e+00,1.000000000000000000e+00,2.175714435233342847e+00,-7.409174046781065393e+00,0.000000000000000000e+00,0.000000000000000000e+00,5.000000000000000000e+03
2.149999999999999911e+00,1.000000000000000000e+00,2.177611999650233443e+00,-7.590850001090372778e+00,0.000000000000000000e+00,0.000000000000000000e+00,5.000000000000000000e+03
2.200000000000000178e+00,1.000000000000000000e+00,2.181734905414345782e+00,-7.785668796244937795e+00,0.000000000000000000e+00,0.000000000000000000e+00,5.000000000000000000e+03
2.250000000000000000e+00,1.000000000000000000e+00,2.186474196820112237e+00,-7.988047384427699349e+00,0.000000000000000000e+00,0.000000000000000000e+00,5.000000000000000000e+03
2.299999999999999822e+00,1.000000000000000000e+00,2.191091979745829921e+00,-8.195189743690246331e+00,0.000000000000000000e+00,0.000000000000000000e+00,5.000000000000000000e+03
2.350000000000000089e+00,1.000000000000000000e+00,2.195293237467606406e+00,-8.405504030249435488e+00,0.000000000000000000e+00,0.000000000000000000e+00,5.000000000000000000e+03
2.399999999999999911e+00,1.000000000000000000e+00,2.198985175251659374e+00,-8.618010643289045092e+00,0.000000000000000000e+00,0.000000000000000000e+00,5.000000000000000000e+03
2.450000000000000178e+00,1.000000000000000000e+00,2.202164037588377088e+00,-8.832071923138460789e+00,0.000000000000000000e+00,0.000000000000000000e+00,5.000000000000000000e+03
2.500000000000000000e+00,1.000000000000000000e+00,2.204863617676805276e+00,-9.047254479254977610e+00,0.000000000000000000e+00,0.000000000000000000e+00,5.000000000000000000e+03
2.549999999999999822e+00,1.000000000000000000e+00,2.207131911406348124e+00,-9.263253802160686945e+00,0.000000000000000000e+00,0.000000000000000000e+00,5.000000000000000000e+03
2.600000000000000089e+00,1.000000000000000000e+00,2.209020485294368452e+00,-9.479850556610381673e+00,0.000000000000000000e+00,0.000000000000000000e+00,5.000000000000000000e+03
2.649999999999999911e+00,1.000000000000000000e+00,2.210579629381855149e+00,-9.696883942609543894e+00,0.000000000000000000e+00,0.000000000000000000e+00,5.000000000000000000e+03
2.700000000000000178e+00,1.000000000000000000e+00,2.211856189038439613e+00,-9.914234700021200553e+00,0.000000000000000000e+00,0.000000000000000000e+00,5.000000000000000000e+03
2.750000000000000000e+00,1.000000000000000000e+00,2.212892670944034634e+00,-1.013181380365968209e+01,0.000000000000000000e+00,0.000000000000000000e+00,5.000000000000000000e+03
2.799999999999999822e+00,1.000000000000000000e+00,2.213726976473545882e+00,-1.034955465836043231e+01,0.000000000000000000e+00,0.000000000000000000e+00,5.000000000000000000e+03
2.850000000000000089e+00,1.000000000000000000e+00,2.214392455908816171e+00,-1.056740753478091932e+01,0.000000000000000000e+00,0.000000000000000000e+00,5.000000000000000000e+03
2.899999999999999911e+00,1.000000000000000000e+00,2.214918131672776624e+00,-1.078533549588343732e+01,0.000000000000000000e+00,0.000000000000000000e+00,5.000000000000000000e+03
2.950000000000000178e+00,1.000000000000000000e+00,2.215329010772509211e+00,-1.100331135137228422e+01,0.000000000000000000e+00,0.000000000000000000e+00,5.000000000000000000e+03
3.000000000000000000e+00,1.000000000000000000e+00,2.215646441346279083e+00,-1.122131534442314305e+01,0.000000000000000000e+00,0.000000000000000000e+00,5.000000000000000000e+03
3.049999999999999822e+00,1.000000000000000000e+00,2.215888485901887694e+00,-1.143933337507779413e+01,0.000000000000000000e+00,0.000000000000000000e+00,5.000000000000000000e+03
3.100000000000000089e+00,1.000000000000000000e+00,2.216070293591664964e+00,-1.165735562635438605e+01,0.000000000000000000e+00,0.000000000000000000e+00,5.000000000000000000e+03
3.149999999999999911e+00,1.000000000000000000e+00,2.216204459791123238e+00,-1.187537549829998440e+01,0.000000000000000000e+00,0.000000000000000000e+00,5.000000000000000000e+03
3.200000000000000178e+00,1.000000000000000000e+00,2.216301365197056672e+00,-1.209338878087113045e+01,0.000000000000000000e+00,0.000000000000000000e+00,5.000000000000000000e+03
3.250000000000000000e+00,1.000000000000000000e+00,2.216369489495070511e+00,-1.231139301387473850e+01,0.000000000000000000e+00,0.000000000000000000e+00,5.000000000000000000e+03
3.299999999999999822e+00,1.000000000000000000e+00,2.216415696771904642e+00,-1.252938699431597058e+01,0.000000000000000000e+00,0.000000000000000000e+00,5.000000000000000000e+03
3.350000000000000089e+00,1.000000000000000000e+00,2.216445491465355300e+00,-1.274737040023646095e+01,0.000000000000000000e+00,0.000000000000000000e+00,5.000000000000000000e+03
3.399999999999999911e+00,1.000000000000000000e+00,2.216463244865068738e+00,-1.296534350662350299e+01,0.000000000000000000e+00,0.000000000000000000e+00,5.000000000000000000e+03
3.450000000000000178e+00,1.000000000000000000e+00,2.216472393070211044e+00,-1.318330697393886375e+01,0.000000000000000000e+00,0.000000000000000000e+00,5.000000000000000000e+03
3.500000000000000000e+00,1.000000000000000000e+00,2.216475607924683011e+00,-1.340126169370393328e+01,0.000000000000000000e+00,0.000000000000000000e+00,5.000000000000000000e+03
3.549999999999999822e+00,1.000000000000000000e+00,2.216474942825397143e+00,-1.361920867867826246e+01,0.000000000000000000e+00,0.000000000000000000e+00,5.000000000000000000e+03
3.600000000000000089e+00,1.000000000000000000e+00,2.216471955460837417e+00,-1.383714898766996093e+01,0.000000000000000000e+00,0.000000000000000000e+00,5.000000000000000000e+03
3.649999999999999911e+00,1.000000000000000000e+00,2.216467809497817854e+00,-1.405508367704308270e+01,0.000000000000000000e+00,0.000000000000000000e+00,5.000000000000000000e+03
3.700000000000000178e+00,1.000000000000000000e+00,2.216463356984211597e+00,-1.427301377260677917e+01,0.000000000000000000e+00,0.000000000000000000e+00,5.000000000000000000e+03
3.750000000000000000e+00,1.000000000000000000e+00,2.216459202730146849e+00,-1.449094025678943076e+01,0.000000000000000000e+00,0.000000000000000000e+00,5.000000000000000000e+03
3.799999999999999822e+00,1.000000000000000000e+00,2.216455751082143877e+00,-1.470886406671217728e+01,0.000000000000000000e+00,0.000000000000000000e+00,5.000000000000000000e+03
3.850000000000000089e+00,1.000000000000000000e+00,2.216453234191760213e+00,-1.492678609861130035e+01,0.000000000000000000e+00,0.000000000000000000e+00,5.000000000000000000e+03
3.899999999999999911e+00,1.000000000000000000e+00,2.216451719094603146e+00,-1.514470721191315938e+01,0.000000000000000000e+00,0.000000000000000000e+00,5.000000000000000000e+03
3.950000000000000178e+00,1.000000000000000000e+00,2.216451089580888212e+00,-1.536262821841799031e+01,0.000000000000000000e+00,0.000000000000000000e+00,5.000000000000000000e+03
4.000000000000000000e+00,1.000000000000000000e+00,2.216451004683469339e+00,-1.558054981088186253e+01,0.000000000000000000e+00,0.000000000000000000e+00,5.000000000000000000e+03
