X,Y,UX,UY,BOUNDARY,FORCE,MODULUS
0.000000000000000000e+00,0.000000000000000000e+00,0.000000000000000000e+00,0.000000000000000000e+00,1.000000000000000000e+00,0.000000000000000000e+00,2.000000000000000000e+04
5.000000000000000278e-02,0.000000000000000000e+00,-1.825161293451102451e-03,-1.928721589044367314e-03,0.000000000000000000e+00,0.000000000000000000e+00,2.000000000000000000e+04
1.000000000000000056e-01,0.000000000000000000e+00,-3.094752629417452713e-03,-3.421969297614163314e-03,0.000000000000000000e+00,0.000000000000000000e+00,2.000000000000000000e+04
1.499999999999999944e-01,0.000000000000000000e+00,-4.076751379779267916e-03,-4.846023439351888722e-03,0.000000000000000000e+00,0.000000000000000000e+00,2.000000000000000000e+04
2.000000000000000111e-01,0.000000000000000000e+00,-4.860759552886609845e-03,-6.236868000822154423e-03,0.000000000000000000e+00,0.000000000000000000e+00,2.000000000000000000e+04
2.500000000000000000e-01,0.000000000000000000e+00,-5.492537261914986688e-03,-7.597679081348419732e-03,0.000000000000000000e+00,0.000000000000000000e+00,2.000000000000000000e+04
2.999999999999999889e-01,0.000000000000000000e+00,-6.000225131288088563e-03,-8.925598135024083793e-03,0.000000000000000000e+00,0.000000000000000000e+00,2.000000000000000000e+04
3.499999999999999778e-01,0.000000000000000000e+00,-6.403453188748508933e-03,-1.021637025854213281e-02,0.000000000000000000e+00,0.000000000000000000e+00,2.000000000000000000e+04
4.000000000000000222e-01,0.000000000000000000e+00,-6.717328793827531327e-03,-1.146562159879543907e-02,0.000000000000000000e+00,0.000000000000000000e+00,2.000000000000000000e+04
4.500000000000000111e-01,0.000000000000000000e+00,-6.954405851819293362e-03,-1.266935844040950956e-02,0.000000000000000000e+00,0.000000000000000000e+00,2.000000000000000000e+04
5.000000000000000000e-01,0.000000000000000000e+00,-7.125741336893359236e-03,-1.382422981211560951e-02,0.000000000000000000e+00,0.000000000000000000e+00,2.000000000000000000e+04
5.500000000000000444e-01,0.000000000000000000e+00,-7.241499450538898923e-03,-1.492771059614579274e-02,0.000000000000000000e+00,0.000000000000000000e+00,2.000000000000000000e+04
5.999999999999999778e-01,0.000000000000000000e+00,-7.311311841070787694e-03,-1.597826628222037346e-02,0.000000000000000000e+00,0.000000000000000000e+00,2.000000000000000000e+04
6.500000000000000222e-01,0.000000000000000000e+00,-7.344491364575084398e-03,-1.697553127621428612e-02,0.000000000000000000e+00,0.000000000000000000e+00,2.000000000000000000e+04
6.999999999999999556e-01,0.000000000000000000e+00,-7.350141486583077789e-03,-1.792052275423028709e-02,0.000000000000000000e+00,0.000000000000000000e+00,2.000000000000000000e+04
7.500000000000000000e-01,0.000000000000000000e+00,-7.337169291199460534e-03,-1.881590824246025945e-02,0.000000000000000000e+00,0.000000000000000000e+00,2.000000000000000000e+04
8.000000000000000444e-01,0.000000000000000000e+00,-7.314180035652370800e-03,-1.966634035129590993e-02,0.000000000000000000e+00,0.000000000000000000e+00,2.000000000000000000e+04
8.499999999999999778e-01,0.000000000000000000e+00,-7.289192355830377210e-03,-2.047885448246749771e-02,0.000000000000000000e+00,0.000000000000000000e+00,2.000000000000000000e+04
9.000000000000000222e-01,0.000000000000000000e+00,-7.269047779497156761e-03,-2.126325785293275289e-02,0.000000000000000000e+00,0.000000000000000000e+00,2.000000000000000000e+04
9.499999999999999556e-01,0.000000000000000000e+00,-7.258247948371460145e-03,-2.203217377803955157e-02,0.000000000000000000e+00,0.000000000000000000e+00,2.000000000000000000e+04
1.000000000000000000e+00,0.000000000000000000e+00,-7.256472304437695461e-03,-2.279916955010540675e-02,0.000000000000000000e+00,0.000000000000000000e+00,2.000000000000000000e+04
0.000000000000000000e+00,5.000000000000000278e-02,0.000000000000000000e+00,0.000000000000000000e+00,1.000000000000000000e+00,0.000000000000000000e+00,2.000000000000000000e+04
5.000000000000000278e-02,5.000000000000000278e-02,-9.827510534477952586e-04,-1.404010971815716682e-03,0.000000000000000000e+00,0.000000000000000000e+00,2.000000000000000000e+04
1.000000000000000056e-01,5.000000000000000278e-02,-2.038870092193724795e-03,-2.980197093821146566e-03,0.000000000000000000e+00,0.000000000000000000e+00,2.000000000000000000e+04
1.499999999999999944e-01,5.000000000000000278e-02,-2.934554388111916979e-03,-4.484666145061193092e-03,0.000000000000000000e+00,0.000000000000000000e+00,2.000000000000000000e+04
2.000000000000000111e-01,5.000000000000000278e-02,-3.684042663258698617e-03,-5.940495626738405595e-03,0.000000000000000000e+00,0.000000000000000000e+00,2.000000000000000000e+04
2.500000000000000000e-01,5.000000000000000278e-02,-4.308204882817739424e-03,-7.355140611878937737e-03,0.000000000000000000e+00,0.000000000000000000e+00,2.000000000000000000e+04
2.999999999999999889e-01,5.000000000000000278e-02,-4.824477930404750398e-03,-8.728759290669012294e-03,0.000000000000000000e+00,0.000000000000000000e+00,2.000000000000000000e+04
3.499999999999999778e-01,5.000000000000000278e-02,-5.247163968022308146e-03,-1.005889644069400159e-02,0.000000000000000000e+00,0.000000000000000000e+00,2.000000000000000000e+04
4.000000000000000222e-01,5.000000000000000278e-02,-5.588312378858337724e-03,-1.134226320535368544e-02,0.000000000000000000e+00,0.000000000000000000e+00,2.000000000000000000e+04
4.500000000000000111e-01,5.000000000000000278e-02,-5.858427140100235485e-03,-1.257553587211832080e-02,0.000000000000000000e+00,0.000000000000000000e+00,2.000000000000000000e+04
5.000000000000000000e-01,5.000000000000000278e-02,-6.066964478513324661e-03,-1.375578512995637333e-02,0.000000000000000000e+00,0.000000000000000000e+00,2.000000000000000000e+04
5.500000000000000444e-01,5.000000000000000278e-02,-6.222667778043333188e-03,-1.488075485839600656e-02,0.000000000000000000e+00,0.000000000000000000e+00,2.000000000000000000e+04
5.999999999999999778e-01,5.000000000000000278e-02,-6.333783970950397288e-03,-1.594908530678424557e-02,0.000000000000000000e+00,0.000000000000000000e+00,2.000000000000000000e+04
6.500000000000000222e-01,5.000000000000000278e-02,-6.408191354086402274e-03,-1.696053033868570245e-02,0.000000000000000000e+00,0.000000000000000000e+00,2.000000000000000000e+04
6.999999999999999556e-01,5.000000000000000278e-02,-6.453455720258205811e-03,-1.791620039838349651e-02,0.000000000000000000e+00,0.000000000000000000e+00,2.000000000000000000e+04
7.500000000000000000e-01,5.000000000000000278e-02,-6.476821761185392289e-03,-1.881885495752323376e-02,0.000000000000000000e+00,0.000000000000000000e+00,2.000000000000000000e+04
8.000000000000000444e-01,5.000000000000000278e-02,-6.485139925778139053e-03,-1.967326193577274493e-02,0.000000000000000000e+00,0.000000000000000000e+00,2.000000000000000000e+04
8.499999999999999778e-01,5.000000000000000278e-02,-6.484725161708090706e-03,-2.048662745282567657e-02,0.000000000000000000e+00,0.000000000000000000e+00,2.000000000000000000e+04
9.000000000000000222e-01,5.000000000000000278e-02,-6.481139926347619616e-03,-2.126905723304974363e-02,0.000000000000000000e+00,0.000000000000000000e+00,2.000000000000000000e+04
9.499999999999999556e-01,5.000000000000000278e-02,-6.478863453513047932e-03,-2.203388907915681399e-02,0.000000000000000000e+00,0.000000000000000000e+00,2.000000000000000000e+04
1.000000000000000000e+00,5.000000000000000278e-02,-6.480598312703005591e-03,-2.279739390617164033e-02,0.000000000000000000e+00,0.000000000000000000e+00,2.000000000000000000e+04
0.000000000000000000e+00,1.000000000000000056e-01,0.000000000000000000e+00,0.000000000000000000e+00,1.000000000000000000e+00,0.000000000000000000e+00,2.000000000000000000e+04
5.000000000000000278e-02,1.000000000000000056e-01,-6.949178049783582504e-04,-1.242949121387483102e-03,0.000000000000000000e+00,0.000000000000000000e+00,2.000000000000000000e+04
1.000000000000000056e-01,1.000000000000000056e-01,-1.437490416534657495e-03,-2.694753908559692577e-03,0.000000000000000000e+00,0.000000000000000000e+00,2.000000000000000000e+04
1.499999999999999944e-01,1.000000000000000056e-01,-2.166299414397200151e-03,-4.201899537030038753e-03,0.000000000000000000e+00,0.000000000000000000e+00,2.000000000000000000e+04
2.000000000000000111e-01,1.000000000000000056e-01,-2.820959878111160227e-03,-5.687509353002775762e-03,0.000000000000000000e+00,0.000000000000000000e+00,2.000000000000000000e+04
2.500000000000000000e-01,1.000000000000000056e-01,-3.391108511885379886e-03,-7.137175089997742708e-03,0.000000000000000000e+00,0.000000000000000000e+00,2.000000000000000000e+04
2.999999999999999889e-01,1.000000000000000056e-01,-3.879013840774892582e-03,-8.545260739163328470e-03,0.000000000000000000e+00,0.000000000000000000e+00,2.000000000000000000e+04
3.499999999999999778e-01,1.000000000000000056e-01,-4.290547103212316755e-03,-9.907515402985584557e-03,0.000000000000000000e+00,0.000000000000000000e+00,2.000000000000000000e+04
4.000000000000000222e-01,1.000000000000000056e-01,-4.632594057792246110e-03,-1.122008461139364748e-02,0.000000000000000000e+00,0.000000000000000000e+00,2.000000000000000000e+04
4.500000000000000111e-01,1.000000000000000056e-01,-4.912207853044364345e-03,-1.247949759749299690e-02,0.000000000000000000e+00,0.000000000000000000e+00,2.000000000000000000e+04
5.000000000000000000e-01,1.000000000000000056e-01,-5.136330193084154283e-03,-1.368282027437061135e-02,0.000000000000000000e+00,0.000000000000000000e+00,2.000000000000000000e+04
5.500000000000000444e-01,1.000000000000000056e-01,-5.311711748388161548e-03,-1.482783336719022994e-02,0.000000000000000000e+00,0.000000000000000000e+00,2.000000000000000000e+04
5.999999999999999778e-01,1.000000000000000056e-01,-5.444898289128667287e-03,-1.591321825544093904e-02,0.000000000000000000e+00,0.000000000000000000e+00,2.000000000000000000e+04
6.500000000000000222e-01,1.000000000000000056e-01,-5.542231215619015591e-03,-1.693875944174878800e-02,0.000000000000000000e+00,0.000000000000000000e+00,2.000000000000000000e+04
6.999999999999999556e-01,1.000000000000000056e-01,-5.609843586265375430e-03,-1.790557801342174474e-02,0.000000000000000000e+00,0.000000000000000000e+00,2.000000000000000000e+04
7.500000000000000000e-01,1.000000000000000056e-01,-5.653647864997064787e-03,-1.881641039569897922e-02,0.000000000000000000e+00,0.000000000000000000e+00,2.000000000000000000e+04
8.000000000000000444e-01,1.000000000000000056e-01,-5.679321433275414006e-03,-1.967594344971457590e-02,0.000000000000000000e+00,0.000000000000000000e+00,2.000000000000000000e+04
8.499999999999999778e-01,1.000000000000000056e-01,-5.692304615520825742e-03,-2.049120900371226295e-02,0.000000000000000000e+00,0.000000000000000000e+00,2.000000000000000000e+04
9.000000000000000222e-01,1.000000000000000056e-01,-5.697831028391962815e-03,-2.127202739932013489e-02,0.000000000000000000e+00,0.000000000000000000e+00,2.000000000000000000e+04
9.499999999999999556e-01,1.000000000000000056e-01,-5.700995360648691834e-03,-2.203148913644077320e-02,0.000000000000000000e+00,0.000000000000000000e+00,2.000000000000000000e+04
1.000000000000000000e+00,1.000000000000000056e-01,-5.706791159554543309e-03,-2.278663319119137581e-02,0.000000000000000000e+00,0.000000000000000000e+00,2.000000000000000000e+04
0.000000000000000000e+00,1.499999999999999944e-01,0.000000000000000000e+00,0.000000000000000000e+00,1.000000000000000000e+00,0.000000000000000000e+00,2.000000000000000000e+04
5.000000000000000278e-02,1.499999999999999944e-01,-5.400056664677927148e-04,-1.191327298980420987e-03,0.000000000000000000e+00,0.000000000000000000e+00,2.000000000000000000e+04
1.000000000000000056e-01,1.499999999999999944e-01,-1.096894915406465857e-03,-2.564423590195531906e-03,0.000000000000000000e+00,0.000000000000000000e+00,2.000000000000000000e+04
1.499999999999999944e-01,1.499999999999999944e-01,-1.660661640107711319e-03,-4.025861332216914071e-03,0.000000000000000000e+00,0.000000000000000000e+00,2.000000000000000000e+04
2.000000000000000111e-01,1.499999999999999944e-01,-2.200586522864928906e-03,-5.506316707035194963e-03,0.000000000000000000e+00,0.000000000000000000e+00,2.000000000000000000e+04
2.500000000000000000e-01,1.499999999999999944e-01,-2.693296073503646283e-03,-6.968667689644853815e-03,0.000000000000000000e+00,0.000000000000000000e+00,2.000000000000000000e+04
2.999999999999999889e-01,1.499999999999999944e-01,-3.129996318162230843e-03,-8.396586694592677799e-03,0.000000000000000000e+00,0.000000000000000000e+00,2.000000000000000000e+04
3.499999999999999778e-01,1.499999999999999944e-01,-3.509053468153717874e-03,-9.781058920491509864e-03,0.000000000000000000e+00,0.000000000000000000e+00,2.000000000000000000e+04
4.000000000000000222e-01,1.499999999999999944e-01,-3.832212807644979746e-03,-1.111597369330218424e-02,0.000000000000000000e+00,0.000000000000000000e+00,2.000000000000000000e+04
4.500000000000000111e-01,1.499999999999999944e-01,-4.102863544568154455e-03,-1.239672742503596797e-02,0.000000000000000000e+00,0.000000000000000000e+00,2.000000000000000000e+04
5.000000000000000000e-01,1.499999999999999944e-01,-4.325208411903870044e-03,-1.361978587430965129e-02,0.000000000000000000e+00,0.000000000000000000e+00,2.000000000000000000e+04
5.500000000000000444e-01,1.499999999999999944e-01,-4.503847357358120584e-03,-1.478258974195079470e-02,0.000000000000000000e+00,0.000000000000000000e+00,2.000000000000000000e+04
5.999999999999999778e-01,1.499999999999999944e-01,-4.643560181274025873e-03,-1.588360399569921019e-02,0.000000000000000000e+00,0.000000000000000000e+00,2.000000000000000000e+04
6.500000000000000222e-01,1.499999999999999944e-01,-4.749189905000831234e-03,-1.692244280287135555e-02,0.000000000000000000e+00,0.000000000000000000e+00,2.000000000000000000e+04
6.999999999999999556e-01,1.499999999999999944e-01,-4.825582901434248562e-03,-1.790004771422173263e-02,0.000000000000000000e+00,0.000000000000000000e+00,2.000000000000000000e+04
7.500000000000000000e-01,1.499999999999999944e-01,-4.877570287075101013e-03,-1.881891308255550718e-02,0.000000000000000000e+00,0.000000000000000000e+00,2.000000000000000000e+04
8.000000000000000444e-01,1.499999999999999944e-01,-4.909992783852045080e-03,-1.968335724808985970e-02,0.000000000000000000e+00,0.000000000000000000e+00,2.000000000000000000e+04
8.499999999999999778e-01,1.499999999999999944e-01,-4.927784166012576239e-03,-2.049983793275019298e-02,0.000000000000000000e+00,0.000000000000000000e+00,2.000000000000000000e+04
9.000000000000000222e-01,1.499999999999999944e-01,-4.936137700456351071e-03,-2.127731516831805197e-02,0.000000000000000000e+00,0.000000000000000000e+00,2.000000000000000000e+04
9.499999999999999556e-01,1.499999999999999944e-01,-4.940786423634204935e-03,-2.202770965975919468e-02,0.000000000000000000e+00,0.000000000000000000e+00,2.000000000000000000e+04
1.000000000000000000e+00,1.499999999999999944e-01,-4.948458258448298550e-03,-2.276672839219876648e-02,0.000000000000000000e+00,0.000000000000000000e+00,2.000000000000000000e+04
0.000000000000000000e+00,2.000000000000000111e-01,0.000000000000000000e+00,0.000000000000000000e+00,1.000000000000000000e+00,0.000000000000000000e+00,2.000000000000000000e+04
5.000000000000000278e-02,2.000000000000000111e-01,-4.402934632955502739e-04,-1.185212283558885514e-03,0.000000000000000000e+00,0.000000000000000000e+00,2.000000000000000000e+04
1.000000000000000056e-01,2.000000000000000111e-01,-8.792605973975621721e-04,-2.518496417991934744e-03,0.000000000000000000e+00,0.000000000000000000e+00,2.000000000000000000e+04
1.499999999999999944e-01,2.000000000000000111e-01,-1.321708714821836919e-03,-3.941016777339782264e-03,0.000000000000000000e+00,0.000000000000000000e+00,2.000000000000000000e+04
2.000000000000000111e-01,2.000000000000000111e-01,-1.756119544682059651e-03,-5.400589316847413668e-03,0.000000000000000000e+00,0.000000000000000000e+00,2.000000000000000000e+04
2.500000000000000000e-01,2.000000000000000111e-01,-2.166745473860992414e-03,-6.859572568892640873e-03,0.000000000000000000e+00,0.000000000000000000e+00,2.000000000000000000e+04
2.999999999999999889e-01,2.000000000000000111e-01,-2.542076000902658908e-03,-8.294622913978880185e-03,0.000000000000000000e+00,0.000000000000000000e+00,2.000000000000000000e+04
3.499999999999999778e-01,2.000000000000000111e-01,-2.876306919285088505e-03,-9.691784684880867459e-03,0.000000000000000000e+00,0.000000000000000000e+00,2.000000000000000000e+04
4.000000000000000222e-01,2.000000000000000111e-01,-3.167478042419232670e-03,-1.104199809606361792e-02,0.000000000000000000e+00,0.000000000000000000e+00,2.000000000000000000e+04
4.500000000000000111e-01,2.000000000000000111e-01,-3.415966328904486860e-03,-1.233891316264820910e-02,0.000000000000000000e+00,0.000000000000000000e+00,2.000000000000000000e+04
5.000000000000000000e-01,2.000000000000000111e-01,-3.623553932343271874e-03,-1.357792962688232109e-02,0.000000000000000000e+00,0.000000000000000000e+00,2.000000000000000000e+04
5.500000000000000444e-01,2.000000000000000111e-01,-3.792875188433513390e-03,-1.475580046209974336e-02,0.000000000000000000e+00,0.000000000000000000e+00,2.000000000000000000e+04
5.999999999999999778e-01,2.000000000000000111e-01,-3.927090146225896243e-03,-1.587050330364964471e-02,0.000000000000000000e+00,0.000000000000000000e+00,2.000000000000000000e+04
6.500000000000000222e-01,2.000000000000000111e-01,-4.029695954500263355e-03,-1.692125096760835334e-02,0.000000000000000000e+00,0.000000000000000000e+00,2.000000000000000000e+04
6.999999999999999556e-01,2.000000000000000111e-01,-4.104429820234208395e-03,-1.790858320642180895e-02,0.000000000000000000e+00,0.000000000000000000e+00,2.000000000000000000e+04
7.500000000000000000e-01,2.000000000000000111e-01,-4.155243998581014189e-03,-1.883451186239247163e-02,0.000000000000000000e+00,0.000000000000000000e+00,2.000000000000000000e+04
8.000000000000000444e-01,2.000000000000000111e-01,-4.186351290343131096e-03,-1.970270369914691941e-02,0.000000000000000000e+00,0.000000000000000000e+00,2.000000000000000000e+04
8.499999999999999778e-01,2.000000000000000111e-01,-4.202353101195322772e-03,-2.051869066848290360e-02,0.000000000000000000e+00,0.000000000000000000e+00,2.000000000000000000e+04
9.000000000000000222e-01,2.000000000000000111e-01,-4.208474536252574706e-03,-2.129010723924224316e-02,0.000000000000000000e+00,0.000000000000000000e+00,2.000000000000000000e+04
9.499999999999999556e-01,2.000000000000000111e-01,-4.210950287765634868e-03,-2.202699223128248493e-02,0.000000000000000000e+00,0.000000000000000000e+00,2.000000000000000000e+04
1.000000000000000000e+00,2.000000000000000111e-01,-4.217664603886231260e-03,-2.274231525590334271e-02,0.000000000000000000e+00,0.000000000000000000e+00,2.000000000000000000e+04
0.000000000000000000e+00,2.500000000000000000e-01,0.000000000000000000e+00,0.000000000000000000e+00,1.000000000000000000e+00,0.000000000000000000e+00,2.000000000000000000e+04
5.000000000000000278e-02,2.500000000000000000e-01,-3.704376886351986057e-04,-1.201198399487848076e-03,0.000000000000000000e+00,0.000000000000000000e+00,2.000000000000000000e+04
1.000000000000000056e-01,2.500000000000000000e-01,-7.287763774287287768e-04,-2.520426128274830518e-03,0.000000000000000000e+00,0.000000000000000000e+00,2.000000000000000000e+04
1.499999999999999944e-01,2.500000000000000000e-01,-1.083758358795653765e-03,-3.919291812670345175e-03,0.000000000000000000e+00,0.000000000000000000e+00,2.000000000000000000e+04
2.000000000000000111e-01,2.500000000000000000e-01,-1.433111199223475107e-03,-5.359484084623103960e-03,0.000000000000000000e+00,0.000000000000000000e+00,2.000000000000000000e+04
2.500000000000000000e-01,2.500000000000000000e-01,-1.768780568971602650e-03,-6.808780987707165576e-03,0.000000000000000000e+00,0.000000000000000000e+00,2.000000000000000000e+04
2.999999999999999889e-01,2.500000000000000000e-01,-2.082091132253379145e-03,-8.243157633539574189e-03,0.000000000000000000e+00,0.000000000000000000e+00,2.000000000000000000e+04
3.499999999999999778e-01,2.500000000000000000e-01,-2.366606827111563966e-03,-9.645918609660780046e-03,0.000000000000000000e+00,0.000000000000000000e+00,2.000000000000000000e+04
4.000000000000000222e-01,2.500000000000000000e-01,-2.618620020536589679e-03,-1.100557273717949099e-02,0.000000000000000000e+00,0.000000000000000000e+00,2.000000000000000000e+04
4.500000000000000111e-01,2.500000000000000000e-01,-2.836594531665068749e-03,-1.231399971333442533e-02,0.000000000000000000e+00,0.000000000000000000e+00,2.000000000000000000e+04
5.000000000000000000e-01,2.500000000000000000e-01,-3.020541190815074530e-03,-1.356535642050844294e-02,0.000000000000000000e+00,0.000000000000000000e+00,2.000000000000000000e+04
5.500000000000000444e-01,2.500000000000000000e-01,-3.171543699065929034e-03,-1.475550162291544218e-02,0.000000000000000000e+00,0.000000000000000000e+00,2.000000000000000000e+04
5.999999999999999778e-01,2.500000000000000000e-01,-3.291437507289442579e-03,-1.588172258847745516e-02,0.000000000000000000e+00,0.000000000000000000e+00,2.000000000000000000e+04
6.500000000000000222e-01,2.500000000000000000e-01,-3.382609388503604250e-03,-1.694263336639577691e-02,0.000000000000000000e+00,0.000000000000000000e+00,2.000000000000000000e+04
6.999999999999999556e-01,2.500000000000000000e-01,-3.447891654464999792e-03,-1.793817227993273547e-02,0.000000000000000000e+00,0.000000000000000000e+00,2.000000000000000000e+04
7.500000000000000000e-01,2.500000000000000000e-01,-3.490537802115140521e-03,-1.886965680077963559e-02,0.000000000000000000e+00,0.000000000000000000e+00,2.000000000000000000e+04
8.000000000000000444e-01,2.500000000000000000e-01,-3.514278512603702994e-03,-1.973986855871175464e-02,0.000000000000000000e+00,0.000000000000000000e+00,2.000000000000000000e+04
8.499999999999999778e-01,2.500000000000000000e-01,-3.523467878583745865e-03,-2.055314823075984204e-02,0.000000000000000000e+00,0.000000000000000000e+00,2.000000000000000000e+04
9.000000000000000222e-01,2.500000000000000000e-01,-3.523341689486802000e-03,-2.131548689530482141e-02,0.000000000000000000e+00,0.000000000000000000e+00,2.000000000000000000e+04
9.499999999999999556e-01,2.500000000000000000e-01,-3.520429564974148461e-03,-2.203461621212692359e-02,0.000000000000000000e+00,0.000000000000000000e+00,2.000000000000000000e+04
1.000000000000000000e+00,2.500000000000000000e-01,-3.523210480595847984e-03,-2.272012842478591393e-02,0.000000000000000000e+00,0.000000000000000000e+00,2.000000000000000000e+04
0.000000000000000000e+00,2.999999999999999889e-01,0.000000000000000000e+00,0.000000000000000000e+00,1.000000000000000000e+00,0.000000000000000000e+00,2.000000000000000000e+04
5.000000000000000278e-02,2.999999999999999889e-01,-3.191780265850502275e-04,-1.229126734740107387e-03,0.000000000000000000e+00,0.000000000000000000e+00,2.000000000000000000e+04
1.000000000000000056e-01,2.999999999999999889e-01,-6.195108124943916276e-04,-2.551368657066636816e-03,0.000000000000000000e+00,0.000000000000000000e+00,2.000000000000000000e+04
1.499999999999999944e-01,2.999999999999999889e-01,-9.101749828580173347e-04,-3.940714603875113652e-03,0.000000000000000000e+00,0.000000000000000000e+00,2.000000000000000000e+04
2.000000000000000111e-01,2.999999999999999889e-01,-1.193118972849626334e-03,-5.368829561338855916e-03,0.000000000000000000e+00,0.000000000000000000e+00,2.000000000000000000e+04
2.500000000000000000e-01,2.999999999999999889e-01,-1.465300642092940342e-03,-6.809407554613141830e-03,0.000000000000000000e+00,0.000000000000000000e+00,2.000000000000000000e+04
2.999999999999999889e-01,2.999999999999999889e-01,-1.721533155950775214e-03,-8.240487225103917610e-03,0.000000000000000000e+00,0.000000000000000000e+00,2.000000000000000000e+04
3.499999999999999778e-01,2.999999999999999889e-01,-1.956735708727601591e-03,-9.645006018187672961e-03,0.000000000000000000e+00,0.000000000000000000e+00,2.000000000000000000e+04
4.000000000000000222e-01,2.999999999999999889e-01,-2.167079850067322663e-03,-1.101020476546836317e-02,0.000000000000000000e+00,0.000000000000000000e+00,2.000000000000000000e+04
4.500000000000000111e-01,2.999999999999999889e-01,-2.350233327911534914e-03,-1.232664505458697796e-02,0.000000000000000000e+00,0.000000000000000000e+00,2.000000000000000000e+04
5.000000000000000000e-01,2.999999999999999889e-01,-2.505185364017301162e-03,-1.358735936294166828e-02,0.000000000000000000e+00,0.000000000000000000e+00,2.000000000000000000e+04
5.500000000000000444e-01,2.999999999999999889e-01,-2.631984803710631874e-03,-1.478728241314205237e-02,0.000000000000000000e+00,0.000000000000000000e+00,2.000000000000000000e+04
5.999999999999999778e-01,2.999999999999999889e-01,-2.731513786898995266e-03,-1.592291529638120706e-02,0.000000000000000000e+00,0.000000000000000000e+00,2.000000000000000000e+04
6.500000000000000222e-01,2.999999999999999889e-01,-2.805329383184332857e-03,-1.699214621107678416e-02,0.000000000000000000e+00,0.000000000000000000e+00,2.000000000000000000e+04
6.999999999999999556e-01,2.999999999999999889e-01,-2.855577819208992944e-03,-1.799416768481996304e-02,0.000000000000000000e+00,0.000000000000000000e+00,2.000000000000000000e+04
7.500000000000000000e-01,2.999999999999999889e-01,-2.884981352930069722e-03,-1.892944719780430621e-02,0.000000000000000000e+00,0.000000000000000000e+00,2.000000000000000000e+04
8.000000000000000444e-01,2.999999999999999889e-01,-2.896901020262110469e-03,-1.979971851708796707e-02,0.000000000000000000e+00,0.000000000000000000e+00,2.000000000000000000e+04
8.499999999999999778e-01,2.999999999999999889e-01,-2.895484359551106588e-03,-2.060796580426396685e-02,0.000000000000000000e+00,0.000000000000000000e+00,2.000000000000000000e+04
9.000000000000000222e-01,2.999999999999999889e-01,-2.885915389892649164e-03,-2.135837395744925177e-02,0.000000000000000000e+00,0.000000000000000000e+00,2.000000000000000000e+04
9.499999999999999556e-01,2.999999999999999889e-01,-2.874797630683308212e-03,-2.205621656191241245e-02,0.000000000000000000e+00,0.000000000000000000e+00,2.000000000000000000e+04
1.000000000000000000e+00,2.999999999999999889e-01,-2.870726272626245457e-03,-2.270763290661282838e-02,0.000000000000000000e+00,0.000000000000000000e+00,2.000000000000000000e+04
0.000000000000000000e+00,3.499999999999999778e-01,0.000000000000000000e+00,0.000000000000000000e+00,1.000000000000000000e+00,0.000000000000000000e+00,2.000000000000000000e+04
5.000000000000000278e-02,3.499999999999999778e-01,-2.805717522823005482e-04,-1.264165295421420870e-03,0.000000000000000000e+00,0.000000000000000000e+00,2.000000000000000000e+04
1.000000000000000056e-01,3.499999999999999778e-01,-5.377634189713019009e-04,-2.601122846189756269e-03,0.000000000000000000e+00,0.000000000000000000e+00,2.000000000000000000e+04
1.499999999999999944e-01,3.499999999999999778e-01,-7.800776237058824111e-04,-3.992512185857689626e-03,0.000000000000000000e+00,0.000000000000000000e+00,2.000000000000000000e+04
2.000000000000000111e-01,3.499999999999999778e-01,-1.011274801998724316e-03,-5.416974572521714680e-03,0.000000000000000000e+00,0.000000000000000000e+00,2.000000000000000000e+04
2.500000000000000000e-01,3.499999999999999778e-01,-1.231256196521930690e-03,-6.853245933961885257e-03,0.000000000000000000e+00,0.000000000000000000e+00,2.000000000000000000e+04
2.999999999999999889e-01,3.499999999999999778e-01,-1.437581994271647495e-03,-8.282153764295660178e-03,0.000000000000000000e+00,0.000000000000000000e+00,2.000000000000000000e+04
3.499999999999999778e-01,3.499999999999999778e-01,-1.626967845041312312e-03,-9.687567972049089884e-03,0.000000000000000000e+00,0.000000000000000000e+00,2.000000000000000000e+04
4.000000000000000222e-01,3.499999999999999778e-01,-1.796352438168205036e-03,-1.105652985063299010e-02,0.000000000000000000e+00,0.000000000000000000e+00,2.000000000000000000e+04
4.500000000000000111e-01,3.499999999999999778e-01,-1.943441175375271125e-03,-1.237890917092093583e-02,0.000000000000000000e+00,0.000000000000000000e+00,2.000000000000000000e+04
5.000000000000000000e-01,3.499999999999999778e-01,-2.066862459148520459e-03,-1.364691896220577086e-02,0.000000000000000000e+00,0.000000000000000000e+00,2.000000000000000000e+04
5.500000000000000444e-01,3.499999999999999778e-01,-2.166130889283071279e-03,-1.485468534363711818e-02,0.000000000000000000e+00,0.000000000000000000e+00,2.000000000000000000e+04
5.999999999999999778e-01,3.499999999999999778e-01,-2.241553081846276146e-03,-1.599793367255461507e-02,0.000000000000000000e+00,0.000000000000000000e+00,2.000000000000000000e+04
6.500000000000000222e-01,3.499999999999999778e-01,-2.294143206846633361e-03,-1.707377974063133130e-02,0.000000000000000000e+00,0.000000000000000000e+00,2.000000000000000000e+04
6.999999999999999556e-01,3.499999999999999778e-01,-2.325577562916155208e-03,-1.808059406314189294e-02,0.000000000000000000e+00,0.000000000000000000e+00,2.000000000000000000e+04
7.500000000000000000e-01,3.499999999999999778e-01,-2.338201769563869915e-03,-1.901790587919950995e-02,0.000000000000000000e+00,0.000000000000000000e+00,2.000000000000000000e+04
8.000000000000000444e-01,3.499999999999999778e-01,-2.335099409548001617e-03,-1.988631553957993098e-02,0.000000000000000000e+00,0.000000000000000000e+00,2.000000000000000000e+04
8.499999999999999778e-01,3.499999999999999778e-01,-2.320231238155585386e-03,-2.068738427862293339e-02,0.000000000000000000e+00,0.000000000000000000e+00,2.000000000000000000e+04
9.000000000000000222e-01,3.499999999999999778e-01,-2.298657079987198679e-03,-2.142346696362347827e-02,0.000000000000000000e+00,0.000000000000000000e+00,2.000000000000000000e+04
9.499999999999999556e-01,3.499999999999999778e-01,-2.276857897033645901e-03,-2.209744229843785268e-02,0.000000000000000000e+00,0.000000000000000000e+00,2.000000000000000000e+04
1.000000000000000000e+00,3.499999999999999778e-01,-2.263182098611601391e-03,-2.271226167175787944e-02,0.000000000000000000e+00,0.000000000000000000e+00,2.000000000000000000e+04
0.000000000000000000e+00,4.000000000000000222e-01,0.000000000000000000e+00,0.000000000000000000e+00,1.000000000000000000e+00,0.000000000000000000e+00,2.000000000000000000e+04
5.000000000000000278e-02,4.000000000000000222e-01,-2.511288864380980396e-04,-1.303884715824020881e-03,0.000000000000000000e+00,0.000000000000000000e+00,2.000000000000000000e+04
1.000000000000000056e-01,4.000000000000000222e-01,-4.755866159327165697e-04,-2.663937218805444585e-03,0.000000000000000000e+00,0.000000000000000000e+00,2.000000000000000000e+04
1.499999999999999944e-01,4.000000000000000222e-01,-6.809279949887640229e-04,-4.066611351116348159e-03,0.000000000000000000e+00,0.000000000000000000e+00,2.000000000000000000e+04
2.000000000000000111e-01,4.000000000000000222e-01,-8.715722681407535614e-04,-5.495399834609774291e-03,0.000000000000000000e+00,0.000000000000000000e+00,2.000000000000000000e+04
2.500000000000000000e-01,4.000000000000000222e-01,-1.049068592007244881e-03,-6.933014651810297073e-03,0.000000000000000000e+00,0.000000000000000000e+00,2.000000000000000000e+04
2.999999999999999889e-01,4.000000000000000222e-01,-1.212880541563120685e-03,-8.362979312098901830e-03,0.000000000000000000e+00,0.000000000000000000e+00,2.000000000000000000e+04
3.499999999999999778e-01,4.000000000000000222e-01,-1.361322782392988167e-03,-9.770597444377002866e-03,0.000000000000000000e+00,0.000000000000000000e+00,2.000000000000000000e+04
4.000000000000000222e-01,4.000000000000000222e-01,-1.492376889156499199e-03,-1.114336918886062004e-02,0.000000000000000000e+00,0.000000000000000000e+00,2.000000000000000000e+04
4.500000000000000111e-01,4.000000000000000222e-01,-1.604251312636743431e-03,-1.247101228411093797e-02,0.000000000000000000e+00,0.000000000000000000e+00,2.000000000000000000e+04
5.000000000000000000e-01,4.000000000000000222e-01,-1.695683769052687981e-03,-1.374527008200294650e-02,0.000000000000000000e+00,0.000000000000000000e+00,2.000000000000000000e+04
5.500000000000000444e-01,4.000000000000000222e-01,-1.766061421909956384e-03,-1.495965359887415150e-02,0.000000000000000000e+00,0.000000000000000000e+00,2.000000000000000000e+04
5.999999999999999778e-01,4.000000000000000222e-01,-1.815446156765556339e-03,-1.610920050411690507e-02,0.000000000000000000e+00,0.000000000000000000e+00,2.000000000000000000e+04
6.500000000000000222e-01,4.000000000000000222e-01,-1.844569205974824983e-03,-1.719027789171365117e-02,0.000000000000000000e+00,0.000000000000000000e+00,2.000000000000000000e+04
6.999999999999999556e-01,4.000000000000000222e-01,-1.854833489504526065e-03,-1.820042347347671299e-02,0.000000000000000000e+00,0.000000000000000000e+00,2.000000000000000000e+04
7.500000000000000000e-01,4.000000000000000222e-01,-1.848345291633651842e-03,-1.913820591284303915e-02,0.000000000000000000e+00,0.000000000000000000e+00,2.000000000000000000e+04
8.000000000000000444e-01,4.000000000000000222e-01,-1.827988196937606205e-03,-2.000307917245943562e-02,0.000000000000000000e+00,0.000000000000000000e+00,2.000000000000000000e+04
8.499999999999999778e-01,4.000000000000000222e-01,-1.797548280877933483e-03,-2.079520152377705572e-02,0.000000000000000000e+00,0.000000000000000000e+00,2.000000000000000000e+04
9.000000000000000222e-01,4.000000000000000222e-01,-1.761897918398476742e-03,-2.151518338858900842e-02,0.000000000000000000e+00,0.000000000000000000e+00,2.000000000000000000e+04
9.499999999999999556e-01,4.000000000000000222e-01,-1.727244231488179495e-03,-2.216371494233321943e-02,0.000000000000000000e+00,0.000000000000000000e+00,2.000000000000000000e+04
1.000000000000000000e+00,4.000000000000000222e-01,-1.701443285370048955e-03,-2.274099525413044581e-02,0.000000000000000000e+00,0.000000000000000000e+00,2.000000000000000000e+04
0.000000000000000000e+00,4.500000000000000111e-01,0.000000000000000000e+00,0.000000000000000000e+00,1.000000000000000000e+00,0.000000000000000000e+00,2.000000000000000000e+04
5.000000000000000278e-02,4.500000000000000111e-01,-2.286441067259921541e-04,-1.347022512678931446e-03,0.000000000000000000e+00,0.000000000000000000e+00,2.000000000000000000e+04
1.000000000000000056e-01,4.500000000000000111e-01,-4.280390182724244392e-04,-2.736468365793820294e-03,0.000000000000000000e+00,0.000000000000000000e+00,2.000000000000000000e+04
1.499999999999999944e-01,4.500000000000000111e-01,-6.048100628157533631e-04,-4.157869962817001275e-03,0.000000000000000000e+00,0.000000000000000000e+00,2.000000000000000000e+04
2.000000000000000111e-01,4.500000000000000111e-01,-7.634892306626711546e-04,-5.598100192963530522e-03,0.000000000000000000e+00,0.000000000000000000e+00,2.000000000000000000e+04
2.500000000000000000e-01,4.500000000000000111e-01,-9.065071231603795453e-04,-7.042907574230134089e-03,0.000000000000000000e+00,0.000000000000000000e+00,2.000000000000000000e+04
2.999999999999999889e-01,4.500000000000000111e-01,-1.034576496102514913e-03,-8.478144118293853837e-03,0.000000000000000000e+00,0.000000000000000000e+00,2.000000000000000000e+04
3.499999999999999778e-01,4.500000000000000111e-01,-1.147259884037848867e-03,-9.890622679251614979e-03,0.000000000000000000e+00,0.000000000000000000e+00,2.000000000000000000e+04
4.000000000000000222e-01,4.500000000000000111e-01,-1.243546575845996208e-03,-1.126861154316180849e-02,0.000000000000000000e+00,0.000000000000000000e+00,2.000000000000000000e+04
4.500000000000000111e-01,4.500000000000000111e-01,-1.322325960070288306e-03,-1.260203169714459344e-02,0.000000000000000000e+00,0.000000000000000000e+00,2.000000000000000000e+04
5.000000000000000000e-01,4.500000000000000111e-01,-1.382715328537484616e-03,-1.388245161971661534e-02,0.000000000000000000e+00,0.000000000000000000e+00,2.000000000000000000e+04
5.500000000000000444e-01,4.500000000000000111e-01,-1.424256063402551051e-03,-1.510297238028044005e-02,0.000000000000000000e+00,0.000000000000000000e+00,2.000000000000000000e+04
5.999999999999999778e-01,4.500000000000000111e-01,-1.447019391564308231e-03,-1.625807103339544854e-02,0.000000000000000000e+00,0.000000000000000000e+00,2.000000000000000000e+04
6.500000000000000222e-01,4.500000000000000111e-01,-1.451665158992486047e-03,-1.734343843657307899e-02,0.000000000000000000e+00,0.000000000000000000e+00,2.000000000000000000e+04
6.999999999999999556e-01,4.500000000000000111e-01,-1.439487260404369870e-03,-1.835582127960733861e-02,0.000000000000000000e+00,0.000000000000000000e+00,2.000000000000000000e+04
7.500000000000000000e-01,4.500000000000000111e-01,-1.412468140762477686e-03,-1.929286113219359777e-02,0.000000000000000000e+00,0.000000000000000000e+00,2.000000000000000000e+04
8.000000000000000444e-01,4.500000000000000111e-01,-1.373356274405310162e-03,-2.015291321796452984e-02,0.000000000000000000e+00,0.000000000000000000e+00,2.000000000000000000e+04
8.499999999999999778e-01,4.500000000000000111e-01,-1.325774664313195648e-03,-2.093482043780187790e-02,0.000000000000000000e+00,0.000000000000000000e+00,2.000000000000000000e+04
9.000000000000000222e-01,4.500000000000000111e-01,-1.274363762867531009e-03,-2.163761046774427890e-02,0.000000000000000000e+00,0.000000000000000000e+00,2.000000000000000000e+04
9.499999999999999556e-01,4.500000000000000111e-01,-1.224956697391255123e-03,-2.226007214523722036e-02,0.000000000000000000e+00,0.000000000000000000e+00,2.000000000000000000e+04
1.000000000000000000e+00,4.500000000000000111e-01,-1.184774483563286402e-03,-2.280014765872768676e-02,0.000000000000000000e+00,0.000000000000000000e+00,2.000000000000000000e+04
0.000000000000000000e+00,5.000000000000000000e-01,0.000000000000000000e+00,0.000000000000000000e+00,1.000000000000000000e+00,0.000000000000000000e+00,2.000000000000000000e+04
5.000000000000000278e-02,5.000000000000000000e-01,-2.116457938421699480e-04,-1.392913797566174092e-03,0.000000000000000000e+00,0.000000000000000000e+00,2.000000000000000000e+04
1.000000000000000056e-01,5.000000000000000000e-01,-3.918770462614107200e-04,-2.816730426866293109e-03,0.000000000000000000e+00,0.000000000000000000e+00,2.000000000000000000e+04
1.499999999999999944e-01,5.000000000000000000e-01,-5.464997541908254465e-04,-4.262977000845272028e-03,0.000000000000000000e+00,0.000000000000000000e+00,2.000000000000000000e+04
2.000000000000000111e-01,5.000000000000000000e-01,-6.799107563344596213e-04,-5.720890922191008629e-03,0.000000000000000000e+00,0.000000000000000000e+00,2.000000000000000000e+04
2.500000000000000000e-01,5.000000000000000000e-01,-7.949789947947754221e-04,-7.178504477262397619e-03,0.000000000000000000e+00,0.000000000000000000e+00,2.000000000000000000e+04
2.999999999999999889e-01,5.000000000000000000e-01,-8.932123231532167499e-04,-8.623577639630635241e-03,0.000000000000000000e+00,0.000000000000000000e+00,2.000000000000000000e+04
3.499999999999999778e-01,5.000000000000000000e-01,-9.750922717899657447e-04,-1.004431317682328087e-02,0.000000000000000000e+00,0.000000000000000000e+00,2.000000000000000000e+04
4.000000000000000222e-01,5.000000000000000000e-01,-1.040466838578949860e-03,-1.142983613232413133e-02,0.000000000000000000e+00,0.000000000000000000e+00,2.000000000000000000e+04
4.500000000000000111e-01,5.000000000000000000e-01,-1.088918348089352181e-03,-1.277045916728036801e-02,0.000000000000000000e+00,0.000000000000000000e+00,2.000000000000000000e+04
5.000000000000000000e-01,5.000000000000000000e-01,-1.120060381055173939e-03,-1.405777988277138145e-02,0.000000000000000000e+00,0.000000000000000000e+00,2.000000000000000000e+04
5.500000000000000444e-01,5.000000000000000000e-01,-1.133752702520516610e-03,-1.528466389831484307e-02,0.000000000000000000e+00,0.000000000000000000e+00,2.000000000000000000e+04
5.999999999999999778e-01,5.000000000000000000e-01,-1.130246972074793171e-03,-1.644516044840619792e-02,0.000000000000000000e+00,0.000000000000000000e+00,2.000000000000000000e+04
6.500000000000000222e-01,5.000000000000000000e-01,-1.110286266096520511e-03,-1.753438179719620654e-02,0.000000000000000000e+00,0.000000000000000000e+00,2.000000000000000000e+04
6.999999999999999556e-01,5.000000000000000000e-01,-1.075181413265812336e-03,-1.854836076622611366e-02,0.000000000000000000e+00,0.000000000000000000e+00,2.000000000000000000e+04
7.500000000000000000e-01,5.000000000000000000e-01,-1.026882162733330078e-03,-1.948388647092246656e-02,0.000000000000000000e+00,0.000000000000000000e+00,2.000000000000000000e+04
8.000000000000000444e-01,5.000000000000000000e-01,-9.680550973402091358e-04,-2.033830789600262270e-02,0.000000000000000000e+00,0.000000000000000000e+00,2.000000000000000000e+04
8.499999999999999778e-01,5.000000000000000000e-01,-9.021743805637164439e-04,-2.110928697576953256e-02,0.000000000000000000e+00,0.000000000000000000e+00,2.000000000000000000e+04
9.000000000000000222e-01,5.000000000000000000e-01,-8.336255780265153801e-04,-2.179447548672992785e-02,0.000000000000000000e+00,0.000000000000000000e+00,2.000000000000000000e+04
9.499999999999999556e-01,5.000000000000000000e-01,-7.678155019509594554e-04,-2.239108148182619371e-02,0.000000000000000000e+00,0.000000000000000000e+00,2.000000000000000000e+04
1.000000000000000000e+00,5.000000000000000000e-01,-7.112696235730091429e-04,-2.289528021602736663e-02,0.000000000000000000e+00,0.000000000000000000e+00,2.000000000000000000e+04
0.000000000000000000e+00,5.500000000000000444e-01,0.000000000000000000e+00,0.000000000000000000e+00,1.000000000000000000e+00,0.000000000000000000e+00,2.000000000000000000e+04
5.000000000000000278e-02,5.500000000000000444e-01,-1.991082941823849191e-04,-1.441212792279409488e-03,0.000000000000000000e+00,0.000000000000000000e+00,2.000000000000000000e+04
1.000000000000000056e-01,5.500000000000000444e-01,-3.648740065855097560e-04,-2.903530202097257852e-03,0.000000000000000000e+00,0.000000000000000000e+00,2.000000000000000000e+04
1.499999999999999944e-01,5.500000000000000444e-01,-5.024108182552544698e-04,-4.379782778594430714e-03,0.000000000000000000e+00,0.000000000000000000e+00,2.000000000000000000e+04
2.000000000000000111e-01,5.500000000000000444e-01,-6.158798079009128934e-04,-5.860867401033068372e-03,0.000000000000000000e+00,0.000000000000000000e+00,2.000000000000000000e+04
2.500000000000000000e-01,5.500000000000000444e-01,-7.083364061631704277e-04,-7.336518982502813688e-03,0.000000000000000000e+00,0.000000000000000000e+00,2.000000000000000000e+04
2.999999999999999889e-01,5.500000000000000444e-01,-7.817824165387071353e-04,-8.796015287564309948e-03,0.000000000000000000e+00,0.000000000000000000e+00,2.000000000000000000e+04
3.499999999999999778e-01,5.500000000000000444e-01,-8.373569554283113742e-04,-1.022875625660535706e-02,0.000000000000000000e+00,0.000000000000000000e+00,2.000000000000000000e+04
4.000000000000000222e-01,5.500000000000000444e-01,-8.755977966801680020e-04,-1.162469146833608642e-02,0.000000000000000000e+00,0.000000000000000000e+00,2.000000000000000000e+04
4.500000000000000111e-01,5.500000000000000444e-01,-8.967152764664773927e-04,-1.297459641578708155e-02,0.000000000000000000e+00,0.000000000000000000e+00,2.000000000000000000e+04
5.000000000000000000e-01,5.500000000000000444e-01,-9.008396602797659339e-04,-1.427021715234302705e-02,0.000000000000000000e+00,0.000000000000000000e+00,2.000000000000000000e+04
5.500000000000000444e-01,5.500000000000000444e-01,-8.882234589572815184e-04,-1.550431218580332338e-02,0.000000000000000000e+00,0.000000000000000000e+00,2.000000000000000000e+04
5.999999999999999778e-01,5.500000000000000444e-01,-8.593971598015837749e-04,-1.667062073241099354e-02,0.000000000000000000e+00,0.000000000000000000e+00,2.000000000000000000e+04
6.500000000000000222e-01,5.500000000000000444e-01,-8.152872402885694668e-04,-1.776378002994274605e-02,0.000000000000000000e+00,0.000000000000000000e+00,2.000000000000000000e+04
6.999999999999999556e-01,5.500000000000000444e-01,-7.573091227268940323e-04,-1.877920477087668960e-02,0.000000000000000000e+00,0.000000000000000000e+00,2.000000000000000000e+04
7.500000000000000000e-01,5.500000000000000444e-01,-6.874467874147720346e-04,-1.971293181786265905e-02,0.000000000000000000e+00,0.000000000000000000e+00,2.000000000000000000e+04
8.000000000000000444e-01,5.500000000000000444e-01,-6.083272536135111378e-04,-2.056142479027404241e-02,0.000000000000000000e+00,0.000000000000000000e+00,2.000000000000000000e+04
8.499999999999999778e-01,5.500000000000000444e-01,-5.232934066702894359e-04,-2.132132608793445988e-02,0.000000000000000000e+00,0.000000000000000000e+00,2.000000000000000000e+04
9.000000000000000222e-01,5.500000000000000444e-01,-4.364729581103049929e-04,-2.198913793121043403e-02,0.000000000000000000e+00,0.000000000000000000e+00,2.000000000000000000e+04
9.499999999999999556e-01,5.500000000000000444e-01,-3.528340044320005600e-04,-2.256080855925625406e-02,0.000000000000000000e+00,0.000000000000000000e+00,2.000000000000000000e+04
1.000000000000000000e+00,5.500000000000000444e-01,-2.782072710143874603e-04,-2.303119546396373285e-02,0.000000000000000000e+00,0.000000000000000000e+00,2.000000000000000000e+04
0.000000000000000000e+00,5.999999999999999778e-01,0.000000000000000000e+00,0.000000000000000000e+00,1.000000000000000000e+00,0.000000000000000000e+00,2.000000000000000000e+04
5.000000000000000278e-02,5.999999999999999778e-01,-1.902900563898974945e-04,-1.491750606795445942e-03,0.000000000000000000e+00,0.000000000000000000e+00,2.000000000000000000e+04
1.000000000000000056e-01,5.999999999999999778e-01,-3.454408789742118013e-04,-2.996152841388146412e-03,0.000000000000000000e+00,0.000000000000000000e+00,2.000000000000000000e+04
1.499999999999999944e-01,5.999999999999999778e-01,-4.699910779488219374e-04,-4.506889629769370367e-03,0.000000000000000000e+00,0.000000000000000000e+00,2.000000000000000000e+04
2.000000000000000111e-01,5.999999999999999778e-01,-5.678373215087883065e-04,-6.016022794853943291e-03,0.000000000000000000e+00,0.000000000000000000e+00,2.000000000000000000e+04
2.500000000000000000e-01,5.999999999999999778e-01,-6.420814031034446879e-04,-7.514547601471174842e-03,0.000000000000000000e+00,0.000000000000000000e+00,2.000000000000000000e+04
2.999999999999999889e-01,5.999999999999999778e-01,-6.950237563653841868e-04,-8.992925457759631119e-03,0.000000000000000000e+00,0.000000000000000000e+00,2.000000000000000000e+04
3.499999999999999778e-01,5.999999999999999778e-01,-7.282668197216480730e-04,-1.044154640711507896e-02,0.000000000000000000e+00,0.000000000000000000e+00,2.000000000000000000e+04
4.000000000000000222e-01,5.999999999999999778e-01,-7.428858785315052343e-04,-1.185109439585910023e-02,0.000000000000000000e+00,0.000000000000000000e+00,2.000000000000000000e+04
4.500000000000000111e-01,5.999999999999999778e-01,-7.396280390477576357e-04,-1.321280680018365600e-02,0.000000000000000000e+00,0.000000000000000000e+00,2.000000000000000000e+04
5.000000000000000000e-01,5.999999999999999778e-01,-7.191090408095960479e-04,-1.451863362560597802e-02,0.000000000000000000e+00,0.000000000000000000e+00,2.000000000000000000e+04
5.500000000000000444e-01,5.999999999999999778e-01,-6.819892807805226715e-04,-1.576131019533729902e-02,0.000000000000000000e+00,0.000000000000000000e+00,2.000000000000000000e+04
5.999999999999999778e-01,5.999999999999999778e-01,-6.291214721673561673e-04,-1.693435994565196598e-02,0.000000000000000000e+00,0.000000000000000000e+00,2.000000000000000000e+04
6.500000000000000222e-01,5.999999999999999778e-01,-5.616705187637409565e-04,-1.803204208395669736e-02,0.000000000000000000e+00,0.000000000000000000e+00,2.000000000000000000e+04
6.999999999999999556e-01,5.999999999999999778e-01,-4.812105604662864815e-04,-1.904925398725865540e-02,0.000000000000000000e+00,0.000000000000000000e+00,2.000000000000000000e+04
7.500000000000000000e-01,5.999999999999999778e-01,-3.898050521956280406e-04,-1.998139208941917405e-02,0.000000000000000000e+00,0.000000000000000000e+00,2.000000000000000000e+04
8.000000000000000444e-01,5.999999999999999778e-01,-2.900740739079839280e-04,-2.082416896323099897e-02,0.000000000000000000e+00,0.000000000000000000e+00,2.000000000000000000e+04
8.499999999999999778e-01,5.999999999999999778e-01,-1.852496548541679227e-04,-2.157337905914075149e-02,0.000000000000000000e+00,0.000000000000000000e+00,2.000000000000000000e+04
9.000000000000000222e-01,5.999999999999999778e-01,-7.921509465259669359e-05,-2.222460139138829685e-02,0.000000000000000000e+00,0.000000000000000000e+00,2.000000000000000000e+04
9.499999999999999556e-01,5.999999999999999778e-01,2.348208477141578470e-05,-2.277282469628304565e-02,0.000000000000000000e+00,0.000000000000000000e+00,2.000000000000000000e+04
1.000000000000000000e+00,5.999999999999999778e-01,1.176623287864586836e-04,-2.321198042465858966e-02,0.000000000000000000e+00,0.000000000000000000e+00,2.000000000000000000e+04
0.000000000000000000e+00,6.500000000000000222e-01,0.000000000000000000e+00,0.000000000000000000e+00,1.000000000000000000e+00,0.000000000000000000e+00,2.000000000000000000e+04
5.000000000000000278e-02,6.500000000000000222e-01,-1.846373698532669644e-04,-1.544460342151009668e-03,0.000000000000000000e+00,0.000000000000000000e+00,2.000000000000000000e+04
1.000000000000000056e-01,6.500000000000000222e-01,-3.324037496415898469e-04,-3.094182175878621571e-03,0.000000000000000000e+00,0.000000000000000000e+00,2.000000000000000000e+04
1.499999999999999944e-01,6.500000000000000222e-01,-4.473624488453578846e-04,-4.643399086969222066e-03,0.000000000000000000e+00,0.000000000000000000e+00,2.000000000000000000e+04
2.000000000000000111e-01,6.500000000000000222e-01,-5.331509068680294859e-04,-6.184986226368372787e-03,0.000000000000000000e+00,0.000000000000000000e+00,2.000000000000000000e+04
2.500000000000000000e-01,6.500000000000000222e-01,-5.928419157803179905e-04,-7.710863686441444577e-03,0.000000000000000000e+00,0.000000000000000000e+00,2.000000000000000000e+04
2.999999999999999889e-01,6.500000000000000222e-01,-6.289094411675442064e-04,-9.212400744324739793e-03,0.000000000000000000e+00,0.000000000000000000e+00,2.000000000000000000e+04
3.499999999999999778e-01,6.500000000000000222e-01,-6.432793613484140459e-04,-1.068078267820873201e-02,0.000000000000000000e+00,0.000000000000000000e+00,2.000000000000000000e+04
4.000000000000000222e-01,6.500000000000000222e-01,-6.374391265457586336e-04,-1.210731575750154630e-02,0.000000000000000000e+00,0.000000000000000000e+00,2.000000000000000000e+04
4.500000000000000111e-01,6.500000000000000222e-01,-6.125799215051800284e-04,-1.348365856710456376e-02,0.000000000000000000e+00,0.000000000000000000e+00,2.000000000000000000e+04
5.000000000000000000e-01,6.500000000000000222e-01,-5.697488345907387704e-04,-1.480197788426477340e-02,0.000000000000000000e+00,0.000000000000000000e+00,2.000000000000000000e+04
5.500000000000000444e-01,6.500000000000000222e-01,-5.099948620575691510e-04,-1.605503416754322163e-02,0.000000000000000000e+00,0.000000000000000000e+00,2.000000000000000000e+04
5.999999999999999778e-01,6.500000000000000222e-01,-4.344993722028600330e-04,-1.723620511005928557e-02,0.000000000000000000e+00,0.000000000000000000e+00,2.000000000000000000e+04
6.500000000000000222e-01,6.500000000000000222e-01,-3.446873545989249184e-04,-1.833945597993450263e-02,0.000000000000000000e+00,0.000000000000000000e+00,2.000000000000000000e+04
6.999999999999999556e-01,6.500000000000000222e-01,-2.423194606955320790e-04,-1.935926341027822614e-02,0.000000000000000000e+00,0.000000000000000000e+00,2.000000000000000000e+04
7.500000000000000000e-01,6.500000000000000222e-01,-1.295662554885728020e-04,-2.029049592000381833e-02,0.000000000000000000e+00,0.000000000000000000e+00,2.000000000000000000e+04
8.000000000000000444e-01,6.500000000000000222e-01,-9.065467559667985024e-06,-2.112825070387897713e-02,0.000000000000000000e+00,0.000000000000000000e+00,2.000000000000000000e+04
8.499999999999999778e-01,6.500000000000000222e-01,1.160392742209768091e-04,-2.186764287384781319e-02,0.000000000000000000e+00,0.000000000000000000e+00,2.000000000000000000e+04
9.000000000000000222e-01,6.500000000000000222e-01,2.420834131843630323e-04,-2.250354094486696141e-02,0.000000000000000000e+00,0.000000000000000000e+00,2.000000000000000000e+04
9.499999999999999556e-01,6.500000000000000222e-01,3.649003203268299817e-04,-2.303024161011638787e-02,0.000000000000000000e+00,0.000000000000000000e+00,2.000000000000000000e+04
1.000000000000000000e+00,6.500000000000000222e-01,4.798904524391451373e-04,-2.344107895957948939e-02,0.000000000000000000e+00,0.000000000000000000e+00,2.000000000000000000e+04
0.000000000000000000e+00,6.999999999999999556e-01,0.000000000000000000e+00,0.000000000000000000e+00,1.000000000000000000e+00,0.000000000000000000e+00,2.000000000000000000e+04
5.000000000000000278e-02,6.999999999999999556e-01,-1.817246464102355568e-04,-1.599336788247127756e-03,0.000000000000000000e+00,0.000000000000000000e+00,2.000000000000000000e+04
1.000000000000000056e-01,6.999999999999999556e-01,-3.248677294003532727e-04,-3.197395688326139587e-03,0.000000000000000000e+00,0.000000000000000000e+00,2.000000000000000000e+04
1.499999999999999944e-01,6.999999999999999556e-01,-4.330991112299979176e-04,-4.788753618645473151e-03,0.000000000000000000e+00,0.000000000000000000e+00,2.000000000000000000e+04
2.000000000000000111e-01,6.999999999999999556e-01,-5.098166778427585524e-04,-6.366845077451833458e-03,0.000000000000000000e+00,0.000000000000000000e+00,2.000000000000000000e+04
2.500000000000000000e-01,6.999999999999999556e-01,-5.580260409599118810e-04,-7.924259672227009638e-03,0.000000000000000000e+00,0.000000000000000000e+00,2.000000000000000000e+04
2.999999999999999889e-01,6.999999999999999556e-01,-5.802952384984934016e-04,-9.453050940522466500e-03,0.000000000000000000e+00,0.000000000000000000e+00,2.000000000000000000e+04
3.499999999999999778e-01,6.999999999999999556e-01,-5.787743387822068221e-04,-1.094502687736638447e-02,0.000000000000000000e+00,0.000000000000000000e+00,2.000000000000000000e+04
4.000000000000000222e-01,6.999999999999999556e-01,-5.552641322486967772e-04,-1.239200145743890764e-02,0.000000000000000000e+00,0.000000000000000000e+00,2.000000000000000000e+04
4.500000000000000111e-01,6.999999999999999556e-01,-5.113162893467114618e-04,-1.378599488700836366e-02,0.000000000000000000e+00,0.000000000000000000e+00,2.000000000000000000e+04
5.000000000000000000e-01,6.999999999999999556e-01,-4.483486135912191726e-04,-1.511937747982963938e-02,0.000000000000000000e+00,0.000000000000000000e+00,2.000000000000000000e+04
5.500000000000000444e-01,6.999999999999999556e-01,-3.677622135027727463e-04,-1.638495736292715915e-02,0.000000000000000000e+00,0.000000000000000000e+00,2.000000000000000000e+04
5.999999999999999778e-01,6.999999999999999556e-01,-2.710513838636652100e-04,-1.757601542426188990e-02,0.000000000000000000e+00,0.000000000000000000e+00,2.000000000000000000e+04
6.500000000000000222e-01,6.999999999999999556e-01,-1.599006861871633074e-04,-1.868629209033328964e-02,0.000000000000000000e+00,0.000000000000000000e+00,2.000000000000000000e+04
6.999999999999999556e-01,6.999999999999999556e-01,-3.626640773054548800e-05,-1.970993004614257985e-02,0.000000000000000000e+00,0.000000000000000000e+00,2.000000000000000000e+04
7.500000000000000000e-01,6.999999999999999556e-01,9.755912134136645794e-05,-2.064137546303177959e-02,0.000000000000000000e+00,0.000000000000000000e+00,2.000000000000000000e+04
8.000000000000000444e-01,6.999999999999999556e-01,2.389020264948752336e-04,-2.147523833506161106e-02,0.000000000000000000e+00,0.000000000000000000e+00,2.000000000000000000e+04
8.499999999999999778e-01,6.999999999999999556e-01,3.846833610062381169e-04,-2.220611077591696722e-02,0.000000000000000000e+00,0.000000000000000000e+00,2.000000000000000000e+04
9.000000000000000222e-01,6.999999999999999556e-01,5.314233426969229741e-04,-2.282834121115679543e-02,0.000000000000000000e+00,0.000000000000000000e+00,2.000000000000000000e+04
9.499999999999999556e-01,6.999999999999999556e-01,6.752827423331225201e-04,-2.333576302587653251e-02,0.000000000000000000e+00,0.000000000000000000e+00,2.000000000000000000e+04
1.000000000000000000e+00,6.999999999999999556e-01,8.121550994929667682e-04,-2.372137939406122886e-02,0.000000000000000000e+00,0.000000000000000000e+00,2.000000000000000000e+04
0.000000000000000000e+00,7.500000000000000000e-01,0.000000000000000000e+00,0.000000000000000000e+00,1.000000000000000000e+00,0.000000000000000000e+00,2.000000000000000000e+04
5.000000000000000278e-02,7.500000000000000000e-01,-1.812161470520688125e-04,-1.656414387936152102e-03,0.000000000000000000e+00,0.000000000000000000e+00,2.000000000000000000e+04
1.000000000000000056e-01,7.500000000000000000e-01,-3.221310339595732952e-04,-3.305701840227483809e-03,0.000000000000000000e+00,0.000000000000000000e+00,2.000000000000000000e+04
1.499999999999999944e-01,7.500000000000000000e-01,-4.260870979244503020e-04,-4.942636007604377449e-03,0.000000000000000000e+00,0.000000000000000000e+00,2.000000000000000000e+04
2.000000000000000111e-01,7.500000000000000000e-01,-4.962671587302977831e-04,-6.561024070341428364e-03,0.000000000000000000e+00,0.000000000000000000e+00,2.000000000000000000e+04
2.500000000000000000e-01,7.500000000000000000e-01,-5.355925074251383566e-04,-8.153929547566851968e-03,0.000000000000000000e+00,0.000000000000000000e+00,2.000000000000000000e+04
2.999999999999999889e-01,7.500000000000000000e-01,-5.466751211906696346e-04,-9.713910271751700215e-03,0.000000000000000000e+00,0.000000000000000000e+00,2.000000000000000000e+04
3.499999999999999778e-01,7.500000000000000000e-01,-5.318192363960440143e-04,-1.123324900220810767e-02,0.000000000000000000e+00,0.000000000000000000e+00,2.000000000000000000e+04
4.000000000000000222e-01,7.500000000000000000e-01,-4.930627432614160133e-04,-1.270415970226489166e-02,0.000000000000000000e+00,0.000000000000000000e+00,2.000000000000000000e+04
4.500000000000000111e-01,7.500000000000000000e-01,-4.322466668046034575e-04,-1.411895812863853995e-02,0.000000000000000000e+00,0.000000000000000000e+00,2.000000000000000000e+04
5.000000000000000000e-01,7.500000000000000000e-01,-3.511009174752028760e-04,-1.547019042579011495e-02,0.000000000000000000e+00,0.000000000000000000e+00,2.000000000000000000e+04
5.500000000000000444e-01,7.500000000000000000e-01,-2.513358928991057191e-04,-1.675071744145203295e-02,0.000000000000000000e+00,0.000000000000000000e+00,2.000000000000000000e+04
5.999999999999999778e-01,7.500000000000000000e-01,-1.347316754308665050e-04,-1.795375524334865205e-02,0.000000000000000000e+00,0.000000000000000000e+00,2.000000000000000000e+04
6.500000000000000222e-01,7.500000000000000000e-01,-3.218820073831635867e-06,-1.907287379718096768e-02,0.000000000000000000e+00,0.000000000000000000e+00,2.000000000000000000e+04
6.999999999999999556e-01,7.500000000000000000e-01,1.410534801574378776e-04,-2.010195614113965967e-02,0.000000000000000000e+00,0.000000000000000000e+00,2.000000000000000000e+04
7.500000000000000000e-01,7.500000000000000000e-01,2.956650791116889024e-04,-2.103512000222451314e-02,0.000000000000000000e+00,0.000000000000000000e+00,2.000000000000000000e+04
8.000000000000000444e-01,7.500000000000000000e-01,4.578916137741053630e-04,-2.186660308487151788e-02,0.000000000000000000e+00,0.000000000000000000e+00,2.000000000000000000e+04
8.499999999999999778e-01,7.500000000000000000e-01,6.246944182776480517e-04,-2.259061271435394008e-02,0.000000000000000000e+00,0.000000000000000000e+00,2.000000000000000000e+04
9.000000000000000222e-01,7.500000000000000000e-01,7.927395045751068356e-04,-2.320114066719827089e-02,0.000000000000000000e+00,0.000000000000000000e+00,2.000000000000000000e+04
9.499999999999999556e-01,7.500000000000000000e-01,9.584538963725706311e-04,-2.369174547383728555e-02,0.000000000000000000e+00,0.000000000000000000e+00,2.000000000000000000e+04
1.000000000000000000e+00,7.500000000000000000e-01,1.118130293972296758e-03,-2.405530795924440413e-02,0.000000000000000000e+00,0.000000000000000000e+00,2.000000000000000000e+04
0.000000000000000000e+00,8.000000000000000444e-01,0.000000000000000000e+00,0.000000000000000000e+00,1.000000000000000000e+00,0.000000000000000000e+00,2.000000000000000000e+04
5.000000000000000278e-02,8.000000000000000444e-01,-1.828408150573637009e-04,-1.715754997491468654e-03,0.000000000000000000e+00,0.000000000000000000e+00,2.000000000000000000e+04
1.000000000000000056e-01,8.000000000000000444e-01,-3.236293222132727472e-04,-3.419101844607788133e-03,0.000000000000000000e+00,0.000000000000000000e+00,2.000000000000000000e+04
1.499999999999999944e-01,8.000000000000000444e-01,-4.254334232512268360e-04,-5.104904177056137499e-03,0.000000000000000000e+00,0.000000000000000000e+00,2.000000000000000000e+04
2.000000000000000111e-01,8.000000000000000444e-01,-4.912455002537128744e-04,-6.767202140675052276e-03,0.000000000000000000e+00,0.000000000000000000e+00,2.000000000000000000e+04
2.500000000000000000e-01,8.000000000000000444e-01,-5.238970063214790952e-04,-8.399381919371902427e-03,0.000000000000000000e+00,0.000000000000000000e+00,2.000000000000000000e+04
2.999999999999999889e-01,8.000000000000000444e-01,-5.260124468392185851e-04,-9.994360992963682508e-03,0.000000000000000000e+00,0.000000000000000000e+00,2.000000000000000000e+04
3.499999999999999778e-01,8.000000000000000444e-01,-5.000008488486853628e-04,-1.154477210913404384e-02,0.000000000000000000e+00,0.000000000000000000e+00,2.000000000000000000e+04
4.000000000000000222e-01,8.000000000000000444e-01,-4.480790152763195334e-04,-1.304313234705930212e-02,0.000000000000000000e+00,0.000000000000000000e+00,2.000000000000000000e+04
4.500000000000000111e-01,8.000000000000000444e-01,-3.723187244555775676e-04,-1.448198735794905753e-02,0.000000000000000000e+00,0.000000000000000000e+00,2.000000000000000000e+04
5.000000000000000000e-01,8.000000000000000444e-01,-2.747093465537320972e-04,-1.585402439818521525e-02,0.000000000000000000e+00,0.000000000000000000e+00,2.000000000000000000e+04
5.500000000000000444e-01,8.000000000000000444e-01,-1.572277467263409080e-04,-1.715215078005195501e-02,0.000000000000000000e+00,0.000000000000000000e+00,2.000000000000000000e+04
5.999999999999999778e-01,8.000000000000000444e-01,-2.190839654787727248e-05,-1.836953664993746377e-02,0.000000000000000000e+00,0.000000000000000000e+00,2.000000000000000000e+04
6.500000000000000222e-01,8.000000000000000444e-01,1.290921175343189508e-04,-1.949962250565668090e-02,0.000000000000000000e+00,0.000000000000000000e+00,2.000000000000000000e+04
6.999999999999999556e-01,8.000000000000000444e-01,2.934408967446577605e-04,-2.053609266469818423e-02,0.000000000000000000e+00,0.000000000000000000e+00,2.000000000000000000e+04
7.500000000000000000e-01,8.000000000000000444e-01,4.685888875971460439e-04,-2.147281619701737337e-02,0.000000000000000000e+00,0.000000000000000000e+00,2.000000000000000000e+04
8.000000000000000444e-01,8.000000000000000444e-01,6.517493653072770196e-04,-2.230375693602369355e-02,0.000000000000000000e+00,0.000000000000000000e+00,2.000000000000000000e+04
8.499999999999999778e-01,8.000000000000000444e-01,8.398992615285956172e-04,-2.302285444184726249e-02,0.000000000000000000e+00,0.000000000000000000e+00,2.000000000000000000e+04
9.000000000000000222e-01,8.000000000000000444e-01,1.029808945881179267e-03,-2.362387862387111542e-02,0.000000000000000000e+00,0.000000000000000000e+00,2.000000000000000000e+04
9.499999999999999556e-01,8.000000000000000444e-01,1.218107517875462306e-03,-2.410026259184797418e-02,0.000000000000000000e+00,0.000000000000000000e+00,2.000000000000000000e+04
1.000000000000000000e+00,8.000000000000000444e-01,1.401392142468249440e-03,-2.444492167555291709e-02,0.000000000000000000e+00,0.000000000000000000e+00,2.000000000000000000e+04
0.000000000000000000e+00,8.499999999999999778e-01,0.000000000000000000e+00,0.000000000000000000e+00,1.000000000000000000e+00,0.000000000000000000e+00,2.000000000000000000e+04
5.000000000000000278e-02,8.499999999999999778e-01,-1.863753720381891728e-04,-1.777440921834125883e-03,0.000000000000000000e+00,0.000000000000000000e+00,2.000000000000000000e+04
1.000000000000000056e-01,8.499999999999999778e-01,-3.288988500843679098e-04,-3.537665710338774513e-03,0.000000000000000000e+00,0.000000000000000000e+00,2.000000000000000000e+04
1.499999999999999944e-01,8.499999999999999778e-01,-4.304061308263853005e-04,-5.275547993398493896e-03,0.000000000000000000e+00,0.000000000000000000e+00,2.000000000000000000e+04
2.000000000000000111e-01,8.499999999999999778e-01,-4.937218545256757225e-04,-6.985254353446559115e-03,0.000000000000000000e+00,0.000000000000000000e+00,2.000000000000000000e+04
2.500000000000000000e-01,8.499999999999999778e-01,-5.215882935083676966e-04,-8.660375419679922429e-03,0.000000000000000000e+00,0.000000000000000000e+00,2.000000000000000000e+04
2.999999999999999889e-01,8.499999999999999778e-01,-5.166229809289153534e-04,-1.029407174470791525e-02,0.000000000000000000e+00,0.000000000000000000e+00,2.000000000000000000e+04
3.499999999999999778e-01,8.499999999999999778e-01,-4.813048366329933511e-04,-1.187922165254158384e-02,0.000000000000000000e+00,0.000000000000000000e+00,2.000000000000000000e+04
4.000000000000000222e-01,8.499999999999999778e-01,-4.179853967041245776e-04,-1.340856026411668157e-02,0.000000000000000000e+00,0.000000000000000000e+00,2.000000000000000000e+04
4.500000000000000111e-01,8.499999999999999778e-01,-3.289198656131860554e-04,-1.487480132990309789e-02,0.000000000000000000e+00,0.000000000000000000e+00,2.000000000000000000e+04
5.000000000000000000e-01,8.499999999999999778e-01,-2.163117991963113800e-04,-1.627073596264492703e-02,0.000000000000000000e+00,0.000000000000000000e+00,2.000000000000000000e+04
5.500000000000000444e-01,8.499999999999999778e-01,-8.236509685602290529e-05,-1.758930460396736922e-02,0.000000000000000000e+00,0.000000000000000000e+00,2.000000000000000000e+04
5.999999999999999778e-01,8.499999999999999778e-01,7.066262736954838320e-05,-1.882364041158911608e-02,0.000000000000000000e+00,0.000000000000000000e+00,2.000000000000000000e+04
6.500000000000000222e-01,8.499999999999999778e-01,2.404105915844526595e-04,-1.996708365427743784e-02,0.000000000000000000e+00,0.000000000000000000e+00,2.000000000000000000e+04
6.999999999999999556e-01,8.499999999999999778e-01,4.243739871335566152e-04,-2.101316768294442597e-02,0.000000000000000000e+00,0.000000000000000000e+00,2.000000000000000000e+04
7.500000000000000000e-01,8.499999999999999778e-01,6.198759827547724007e-04,-2.195557773182015004e-02,0.000000000000000000e+00,0.000000000000000000e+00,2.000000000000000000e+04
8.000000000000000444e-01,8.499999999999999778e-01,8.240567859441262806e-04,-2.278808439213126855e-02,0.000000000000000000e+00,0.000000000000000000e+00,2.000000000000000000e+04
8.499999999999999778e-01,8.499999999999999778e-01,1.033884246446605632e-03,-2.350445434870978775e-02,0.000000000000000000e+00,0.000000000000000000e+00,2.000000000000000000e+04
9.000000000000000222e-01,8.499999999999999778e-01,1.246191082275401995e-03,-2.409834217449368862e-02,0.000000000000000000e+00,0.000000000000000000e+00,2.000000000000000000e+04
9.499999999999999556e-01,8.499999999999999778e-01,1.457744548036183242e-03,-2.456316895475831388e-02,0.000000000000000000e+00,0.000000000000000000e+00,2.000000000000000000e+04
1.000000000000000000e+00,8.499999999999999778e-01,1.665354970733621274e-03,-2.489199655132748670e-02,0.000000000000000000e+00,0.000000000000000000e+00,2.000000000000000000e+04
0.000000000000000000e+00,9.000000000000000222e-01,0.000000000000000000e+00,0.000000000000000000e+00,1.000000000000000000e+00,0.000000000000000000e+00,2.000000000000000000e+04
5.000000000000000278e-02,9.000000000000000222e-01,-1.916327440705420349e-04,-1.841570767277555783e-03,0.000000000000000000e+00,0.000000000000000000e+00,2.000000000000000000e+04
1.000000000000000056e-01,9.000000000000000222e-01,-3.375515927173139310e-04,-3.661516682575954602e-03,0.000000000000000000e+00,0.000000000000000000e+00,2.000000000000000000e+04
1.499999999999999944e-01,9.000000000000000222e-01,-4.403940087076569764e-04,-5.454659804889515871e-03,0.000000000000000000e+00,0.000000000000000000e+00,2.000000000000000000e+04
2.000000000000000111e-01,9.000000000000000222e-01,-5.028369046959456487e-04,-7.215210437800957492e-03,0.000000000000000000e+00,0.000000000000000000e+00,2.000000000000000000e+04
2.500000000000000000e-01,9.000000000000000222e-01,-5.275370916015111131e-04,-8.936870148092997471e-03,0.000000000000000000e+00,0.000000000000000000e+00,2.000000000000000000e+04
2.999999999999999889e-01,9.000000000000000222e-01,-5.170932003772592093e-04,-1.061294808123348574e-02,0.000000000000000000e+00,0.000000000000000000e+00,2.000000000000000000e+04
3.499999999999999778e-01,9.000000000000000222e-01,-4.740293055462431438e-04,-1.223648091815014369e-02,0.000000000000000000e+00,0.000000000000000000e+00,2.000000000000000000e+04
4.000000000000000222e-01,9.000000000000000222e-01,-4.007982267667624930e-04,-1.380034798093103705e-02,0.000000000000000000e+00,0.000000000000000000e+00,2.000000000000000000e+04
4.500000000000000111e-01,9.000000000000000222e-01,-2.998008993437478796e-04,-1.529737456941354136e-02,0.000000000000000000e+00,0.000000000000000000e+00,2.000000000000000000e+04
5.000000000000000000e-01,9.000000000000000222e-01,-1.734172704748303414e-04,-1.672041833211296638e-02,0.000000000000000000e+00,0.000000000000000000e+00,2.000000000000000000e+04
5.500000000000000444e-01,9.000000000000000222e-01,-2.404379576178867773e-05,-1.806243514660654456e-02,0.000000000000000000e+00,0.000000000000000000e+00,2.000000000000000000e+04
5.999999999999999778e-01,9.000000000000000222e-01,1.458673714168531291e-04,-1.931652247703051495e-02,0.000000000000000000e+00,0.000000000000000000e+00,2.000000000000000000e+04
6.500000000000000222e-01,9.000000000000000222e-01,3.337721602491900861e-04,-2.047593943005664857e-02,0.000000000000000000e+00,0.000000000000000000e+00,2.000000000000000000e+04
6.999999999999999556e-01,9.000000000000000222e-01,5.370056904921609656e-04,-2.153410375518197140e-02,0.000000000000000000e+00,0.000000000000000000e+00,2.000000000000000000e+04
7.500000000000000000e-01,9.000000000000000222e-01,7.527648371172491679e-04,-2.248456690500988051e-02,0.000000000000000000e+00,0.000000000000000000e+00,2.000000000000000000e+04
8.000000000000000444e-01,9.000000000000000222e-01,9.781063121696467570e-04,-2.332096911731914440e-02,0.000000000000000000e+00,0.000000000000000000e+00,2.000000000000000000e+04
8.499999999999999778e-01,9.000000000000000222e-01,1.209964437631652276e-03,-2.403697747754056716e-02,0.000000000000000000e+00,0.000000000000000000e+00,2.000000000000000000e+04
9.000000000000000222e-01,9.000000000000000222e-01,1.445193026054735624e-03,-2.462621126849684136e-02,0.000000000000000000e+00,0.000000000000000000e+00,2.000000000000000000e+04
9.499999999999999556e-01,9.000000000000000222e-01,1.680636025389493785e-03,-2.508216081471907610e-02,0.000000000000000000e+00,0.000000000000000000e+00,2.000000000000000000e+04
1.000000000000000000e+00,9.000000000000000222e-01,1.913231599105243760e-03,-2.539810863617721071e-02,0.000000000000000000e+00,0.000000000000000000e+00,2.000000000000000000e+04
0.000000000000000000e+00,9.499999999999999556e-01,0.000000000000000000e+00,0.000000000000000000e+00,1.000000000000000000e+00,0.000000000000000000e+00,2.000000000000000000e+04
5.000000000000000278e-02,9.499999999999999556e-01,-1.984539809790557372e-04,-1.908256769517279643e-03,0.000000000000000000e+00,0.000000000000000000e+00,2.000000000000000000e+04
1.000000000000000056e-01,9.499999999999999556e-01,-3.492581001471743761e-04,-3.790820654657875519e-03,0.000000000000000000e+00,0.000000000000000000e+00,2.000000000000000000e+04
1.499999999999999944e-01,9.499999999999999556e-01,-4.548789803595198870e-04,-5.642413649778154662e-03,0.000000000000000000e+00,0.000000000000000000e+00,2.000000000000000000e+04
2.000000000000000111e-01,9.499999999999999556e-01,-5.178630391078625902e-04,-7.457224424425037794e-03,0.000000000000000000e+00,0.000000000000000000e+00,2.000000000000000000e+04
2.500000000000000000e-01,9.499999999999999556e-01,-5.407866654648366871e-04,-9.228990579892012297e-03,0.000000000000000000e+00,0.000000000000000000e+00,2.000000000000000000e+04
2.999999999999999889e-01,9.499999999999999556e-01,-5.262224785583355553e-04,-1.095109266712116468e-02,0.000000000000000000e+00,0.000000000000000000e+00,2.000000000000000000e+04
3.499999999999999778e-01,9.499999999999999556e-01,-4.767221411372616615e-04,-1.261665265903808009e-02,0.000000000000000000e+00,0.000000000000000000e+00,2.000000000000000000e+04
4.000000000000000222e-01,9.499999999999999556e-01,-3.948145014192342632e-04,-1.421863021444946286e-02,0.000000000000000000e+00,0.000000000000000000e+00,2.000000000000000000e+04
4.500000000000000111e-01,9.499999999999999556e-01,-2.830165455141641436e-04,-1.574991109225620453e-02,0.000000000000000000e+00,0.000000000000000000e+00,2.000000000000000000e+04
5.000000000000000000e-01,9.499999999999999556e-01,-1.438537802735908222e-04,-1.720338328635618447e-02,0.000000000000000000e+00,0.000000000000000000e+00,2.000000000000000000e+04
5.500000000000000444e-01,9.499999999999999556e-01,2.011381079322814843e-05,-1.857199770843951173e-02,0.000000000000000000e+00,0.000000000000000000e+00,2.000000000000000000e+04
5.999999999999999778e-01,9.499999999999999556e-01,2.062642720860495755e-04,-1.984881144896466498e-02,0.000000000000000000e+00,0.000000000000000000e+00,2.000000000000000000e+04
6.500000000000000222e-01,9.499999999999999556e-01,4.118886542267207688e-04,-2.102701274511642113e-02,0.000000000000000000e+00,0.000000000000000000e+00,2.000000000000000000e+04
6.999999999999999556e-01,9.499999999999999556e-01,6.341723675172330219e-04,-2.209992777610396419e-02,0.000000000000000000e+00,0.000000000000000000e+00,2.000000000000000000e+04
7.500000000000000000e-01,9.499999999999999556e-01,8.701866955270025350e-04,-2.306101033427663052e-02,0.000000000000000000e+00,0.000000000000000000e+00,2.000000000000000000e+04
8.000000000000000444e-01,9.499999999999999556e-01,1.116894186576262039e-03,-2.390381636846800051e-02,0.000000000000000000e+00,0.000000000000000000e+00,2.000000000000000000e+04
8.499999999999999778e-01,9.499999999999999556e-01,1.371171631195678645e-03,-2.462196647638307048e-02,0.000000000000000000e+00,0.000000000000000000e+00,2.000000000000000000e+04
9.000000000000000222e-01,9.499999999999999556e-01,1.629854335279975900e-03,-2.520910076189063903e-02,0.000000000000000000e+00,0.000000000000000000e+00,2.000000000000000000e+04
9.499999999999999556e-01,9.499999999999999556e-01,1.889805304527048153e-03,-2.565883218584992867e-02,0.000000000000000000e+00,0.000000000000000000e+00,2.000000000000000000e+04
1.000000000000000000e+00,9.499999999999999556e-01,2.148012596133810209e-03,-2.596470669104460061e-02,0.000000000000000000e+00,0.000000000000000000e+00,2.000000000000000000e+04
0.000000000000000000e+00,1.000000000000000000e+00,0.000000000000000000e+00,0.000000000000000000e+00,1.000000000000000000e+00,0.000000000000000000e+00,2.000000000000000000e+04
5.000000000000000278e-02,1.000000000000000000e+00,-2.067024869720898370e-04,-1.977622871591777978e-03,0.000000000000000000e+00,0.000000000000000000e+00,2.000000000000000000e+04
1.000000000000000056e-01,1.000000000000000000e+00,-3.637353971956757228e-04,-3.925778552295658419e-03,0.000000000000000000e+00,0.000000000000000000e+00,2.000000000000000000e+04
1.499999999999999944e-01,1.000000000000000000e+00,-4.734167273465117909e-04,-5.839050014954990514e-03,0.000000000000000000e+00,0.000000000000000000e+00,2.000000000000000000e+04
2.000000000000000111e-01,1.000000000000000000e+00,-5.381770414446234840e-04,-7.711551796626257664e-03,0.000000000000000000e+00,0.000000000000000000e+00,2.000000000000000000e+04
2.500000000000000000e-01,1.000000000000000000e+00,-5.605177207694893001e-04,-9.536996726713748915e-03,0.000000000000000000e+00,0.000000000000000000e+00,2.000000000000000000e+04
2.999999999999999889e-01,1.000000000000000000e+00,-5.429813469382240238e-04,-1.130877306075263496e-02,0.000000000000000000e+00,0.000000000000000000e+00,2.000000000000000000e+04
3.499999999999999778e-01,1.000000000000000000e+00,-4.881347197665895227e-04,-1.302002644786263812e-02,0.000000000000000000e+00,0.000000000000000000e+00,2.000000000000000000e+04
4.000000000000000222e-01,1.000000000000000000e+00,-3.985637376205207602e-04,-1.466374150027458488e-02,0.000000000000000000e+00,0.000000000000000000e+00,2.000000000000000000e+04
4.500000000000000111e-01,1.000000000000000000e+00,-2.768783382789823957e-04,-1.623281840153549885e-02,0.000000000000000000e+00,0.000000000000000000e+00,2.000000000000000000e+04
5.000000000000000000e-01,1.000000000000000000e+00,-1.257249464632881862e-04,-1.772014085517513438e-02,0.000000000000000000e+00,0.000000000000000000e+00,2.000000000000000000e+04
5.500000000000000444e-01,1.000000000000000000e+00,5.219661143058129530e-05,-1.911863263305863675e-02,0.000000000000000000e+00,0.000000000000000000e+00,2.000000000000000000e+04
5.999999999999999778e-01,1.000000000000000000e+00,2.541150269243176089e-04,-2.042130095789271640e-02,0.000000000000000000e+00,0.000000000000000000e+00,2.000000000000000000e+04
6.500000000000000222e-01,1.000000000000000000e+00,4.771716630349923365e-04,-2.162126590565253623e-02,0.000000000000000000e+00,0.000000000000000000e+00,2.000000000000000000e+04
6.999999999999999556e-01,1.000000000000000000e+00,7.184103382195222145e-04,-2.271177593259860600e-02,0.000000000000000000e+00,0.000000000000000000e+00,2.000000000000000000e+04
7.500000000000000000e-01,1.000000000000000000e+00,9.747760845332558355e-04,-2.368621054106474430e-02,0.000000000000000000e+00,0.000000000000000000e+00,2.000000000000000000e+04
8.000000000000000444e-01,1.000000000000000000e+00,1.243126152072626407e-03,-2.453807204789913363e-02,0.000000000000000000e+00,0.000000000000000000e+00,2.000000000000000000e+04
8.499999999999999778e-01,1.000000000000000000e+00,1.520256438864549297e-03,-2.526096947680035731e-02,0.000000000000000000e+00,0.000000000000000000e+00,2.000000000000000000e+04
9.000000000000000222e-01,1.000000000000000000e+00,1.802946370274883820e-03,-2.584859883239982309e-02,0.000000000000000000e+00,0.000000000000000000e+00,2.000000000000000000e+04
9.499999999999999556e-01,1.000000000000000000e+00,2.088024950545246203e-03,-2.629472548487934297e-02,0.000000000000000000e+00,0.000000000000000000e+00,2.000000000000000000e+04
1.000000000000000000e+00,1.000000000000000000e+00,2.372460135343940762e-03,-2.659317610844861429e-02,0.000000000000000000e+00,0.000000000000000000e+00,2.000000000000000000e+04
0.000000000000000000e+00,1.050000000000000044e+00,0.000000000000000000e+00,0.000000000000000000e+00,1.000000000000000000e+00,0.000000000000000000e+00,2.000000000000000000e+04
5.000000000000000278e-02,1.050000000000000044e+00,-2.162597865311878401e-04,-2.049803173183667275e-03,0.000000000000000000e+00,0.000000000000000000e+00,2.000000000000000000e+04
1.000000000000000056e-01,1.050000000000000044e+00,-3.807381848233624922e-04,-4.066620531856009711e-03,0.000000000000000000e+00,0.000000000000000000e+00,2.000000000000000000e+04
1.499999999999999944e-01,1.050000000000000044e+00,-4.956226689711862050e-04,-6.044864230692408372e-03,0.000000000000000000e+00,0.000000000000000000e+00,2.000000000000000000e+04
2.000000000000000111e-01,1.050000000000000044e+00,-5.632402963516287917e-04,-7.978531834062108086e-03,0.000000000000000000e+00,0.000000000000000000e+00,2.000000000000000000e+04
2.500000000000000000e-01,1.050000000000000044e+00,-5.860227389367875803e-04,-9.861261332434102453e-03,0.000000000000000000e+00,0.000000000000000000e+00,2.000000000000000000e+04
2.999999999999999889e-01,1.050000000000000044e+00,-5.664805040603829080e-04,-1.168639547039952535e-02,0.000000000000000000e+00,0.000000000000000000e+00,2.000000000000000000e+04
3.499999999999999778e-01,1.050000000000000044e+00,-5.071867765134383671e-04,-1.344705108905901170e-02,0.000000000000000000e+00,0.000000000000000000e+00,2.000000000000000000e+04
4.000000000000000222e-01,1.050000000000000044e+00,-4.107703652353159214e-04,-1.513618935771227775e-02,0.000000000000000000e+00,0.000000000000000000e+00,2.000000000000000000e+04
4.500000000000000111e-01,1.050000000000000044e+00,-2.799164287274708506e-04,-1.674668321698913678e-02,0.000000000000000000e+00,0.000000000000000000e+00,2.000000000000000000e+04
5.000000000000000000e-01,1.050000000000000044e+00,-1.173730211571218877e-04,-1.827137898795529528e-02,0.000000000000000000e+00,0.000000000000000000e+00,2.000000000000000000e+04
5.500000000000000444e-01,1.050000000000000044e+00,7.403894864807225834e-05,-1.970314984451472864e-02,0.000000000000000000e+00,0.000000000000000000e+00,2.000000000000000000e+04
5.999999999999999778e-01,1.050000000000000044e+00,2.914150380187354589e-04,-2.103493964409239650e-02,0.000000000000000000e+00,0.000000000000000000e+00,2.000000000000000000e+04
6.500000000000000222e-01,1.050000000000000044e+00,5.317587146296075653e-04,-2.225979643027564681e-02,0.000000000000000000e+00,0.000000000000000000e+00,2.000000000000000000e+04
6.999999999999999556e-01,1.050000000000000044e+00,7.919778186367198514e-04,-2.337089574924955393e-02,0.000000000000000000e+00,0.000000000000000000e+00,2.000000000000000000e+04
7.500000000000000000e-01,1.050000000000000044e+00,1.068888916710077248e-03,-2.436155476869087538e-02,0.000000000000000000e+00,0.000000000000000000e+00,2.000000000000000000e+04
8.000000000000000444e-01,1.050000000000000044e+00,1.359232342986523012e-03,-2.522523907920003541e-02,0.000000000000000000e+00,0.000000000000000000e+00,2.000000000000000000e+04
8.499999999999999778e-01,1.050000000000000044e+00,1.659700576177109560e-03,-2.595556502969943724e-02,0.000000000000000000e+00,0.000000000000000000e+00,2.000000000000000000e+04
9.000000000000000222e-01,1.050000000000000044e+00,1.966982353722540773e-03,-2.654630153295925096e-02,0.000000000000000000e+00,0.000000000000000000e+00,2.000000000000000000e+04
9.499999999999999556e-01,1.050000000000000044e+00,2.277824508311554214e-03,-2.699137649091716551e-02,0.000000000000000000e+00,0.000000000000000000e+00,2.000000000000000000e+04
1.000000000000000000e+00,1.050000000000000044e+00,2.589112838582295802e-03,-2.728489430804403523e-02,0.000000000000000000e+00,0.000000000000000000e+00,2.000000000000000000e+04
0.000000000000000000e+00,1.100000000000000089e+00,0.000000000000000000e+00,0.000000000000000000e+00,1.000000000000000000e+00,0.000000000000000000e+00,2.000000000000000000e+04
5.000000000000000278e-02,1.100000000000000089e+00,-2.270223082211314883e-04,-2.124940568297345456e-03,0.000000000000000000e+00,0.000000000000000000e+00,2.000000000000000000e+04
1.000000000000000056e-01,1.100000000000000089e+00,-4.000521967022555286e-04,-4.213601334742358810e-03,0.000000000000000000e+00,0.000000000000000000e+00,2.000000000000000000e+04
1.499999999999999944e-01,1.100000000000000089e+00,-5.211614153374453376e-04,-6.260197335813512745e-03,0.000000000000000000e+00,0.000000000000000000e+00,2.000000000000000000e+04
2.000000000000000111e-01,1.100000000000000089e+00,-5.925838748199330078e-04,-8.258573658161544317e-03,0.000000000000000000e+00,0.000000000000000000e+00,2.000000000000000000e+04
2.500000000000000000e-01,1.100000000000000089e+00,-6.166864854628739722e-04,-1.020225159341286124e-02,0.000000000000000000e+00,0.000000000000000000e+00,2.000000000000000000e+04
2.999999999999999889e-01,1.100000000000000089e+00,-5.959469409279326583e-04,-1.208448327729911946e-02,0.000000000000000000e+00,0.000000000000000000e+00,2.000000000000000000e+04
3.499999999999999778e-01,1.100000000000000089e+00,-5.329387775633008008e-04,-1.389831144771327964e-02,0.000000000000000000e+00,0.000000000000000000e+00,2.000000000000000000e+04
4.000000000000000222e-01,1.100000000000000089e+00,-4.303233377833998630e-04,-1.563663104382194413e-02,0.000000000000000000e+00,0.000000000000000000e+00,2.000000000000000000e+04
4.500000000000000111e-01,1.100000000000000089e+00,-2.908476376272341635e-04,-1.729224968155408312e-02,0.000000000000000000e+00,0.000000000000000000e+00,2.000000000000000000e+04
5.000000000000000000e-01,1.100000000000000089e+00,-1.173466203601209097e-04,-1.885794451871828509e-02,0.000000000000000000e+00,0.000000000000000000e+00,2.000000000000000000e+04
5.500000000000000444e-01,1.100000000000000089e+00,8.725211651689964169e-05,-2.032651361260142189e-02,0.000000000000000000e+00,0.000000000000000000e+00,2.000000000000000000e+04
5.999999999999999778e-01,1.100000000000000089e+00,3.199233069565032990e-04,-2.169082053280757191e-02,0.000000000000000000e+00,0.000000000000000000e+00,2.000000000000000000e+04
6.500000000000000222e-01,1.100000000000000089e+00,5.775410660182716789e-04,-2.294383169479450452e-02,0.000000000000000000e+00,0.000000000000000000e+00,2.000000000000000000e+04
6.999999999999999556e-01,1.100000000000000089e+00,8.568804274658133654e-04,-2.407864661188973202e-02,0.000000000000000000e+00,0.000000000000000000e+00,2.000000000000000000e+04
7.500000000000000000e-01,1.100000000000000089e+00,1.154625785860336710e-03,-2.508852202541822160e-02,0.000000000000000000e+00,0.000000000000000000e+00,2.000000000000000000e+04
8.000000000000000444e-01,1.100000000000000089e+00,1.467388574714861230e-03,-2.596689167349960220e-02,0.000000000000000000e+00,0.000000000000000000e+00,2.000000000000000000e+04
8.499999999999999778e-01,1.100000000000000089e+00,1.791736337556830080e-03,-2.670738431233541169e-02,0.000000000000000000e+00,0.000000000000000000e+00,2.000000000000000000e+04
9.000000000000000222e-01,1.100000000000000089e+00,2.124235054175186831e-03,-2.730384351744434557e-02,0.000000000000000000e+00,0.000000000000000000e+00,2.000000000000000000e+04
9.499999999999999556e-01,1.100000000000000089e+00,2.461506121379465097e-03,-2.775035375706795190e-02,0.000000000000000000e+00,0.000000000000000000e+00,2.000000000000000000e+04
1.000000000000000000e+00,1.100000000000000089e+00,2.800298692982951081e-03,-2.804127820486655362e-02,0.000000000000000000e+00,0.000000000000000000e+00,2.000000000000000000e+04
0.000000000000000000e+00,1.149999999999999911e+00,0.000000000000000000e+00,0.000000000000000000e+00,1.000000000000000000e+00,0.000000000000000000e+00,2.000000000000000000e+04
5.000000000000000278e-02,1.149999999999999911e+00,-2.388988381059998589e-04,-2.203185497974501344e-03,0.000000000000000000e+00,0.000000000000000000e+00,2.000000000000000000e+04
1.000000000000000056e-01,1.149999999999999911e+00,-4.214889496013038135e-04,-4.366996438021916206e-03,0.000000000000000000e+00,0.000000000000000000e+00,2.000000000000000000e+04
1.499999999999999944e-01,1.149999999999999911e+00,-5.497384492456549188e-04,-6.485428714072892509e-03,0.000000000000000000e+00,0.000000000000000000e+00,2.000000000000000000e+04
2.000000000000000111e-01,1.149999999999999911e+00,-6.257967524321073668e-04,-8.552145029780175434e-03,0.000000000000000000e+00,0.000000000000000000e+00,2.000000000000000000e+04
2.500000000000000000e-01,1.149999999999999911e+00,-6.519705075966319161e-04,-1.056051438348879976e-02,0.000000000000000000e+00,0.000000000000000000e+00,2.000000000000000000e+04
2.999999999999999889e-01,1.149999999999999911e+00,-6.307047146238367206e-04,-1.250365944450767403e-02,0.000000000000000000e+00,0.000000000000000000e+00,2.000000000000000000e+04
3.499999999999999778e-01,1.149999999999999911e+00,-5.645692628303255458e-04,-1.437450913226144371e-02,0.000000000000000000e+00,0.000000000000000000e+00,2.000000000000000000e+04
4.000000000000000222e-01,1.149999999999999911e+00,-4.562506058095985623e-04,-1.616585376320446230e-02,0.000000000000000000e+00,0.000000000000000000e+00,2.000000000000000000e+04
4.500000000000000111e-01,1.149999999999999911e+00,-3.085478076924794122e-04,-1.787040036615225244e-02,0.000000000000000000e+00,0.000000000000000000e+00,2.000000000000000000e+04
5.000000000000000000e-01,1.149999999999999911e+00,-1.243717784350231931e-04,-1.948082614383944006e-02,0.000000000000000000e+00,0.000000000000000000e+00,2.000000000000000000e+04
5.500000000000000444e-01,1.149999999999999911e+00,9.325381832322615389e-05,-2.098982853933476292e-02,0.000000000000000000e+00,0.000000000000000000e+00,2.000000000000000000e+04
5.999999999999999778e-01,1.149999999999999911e+00,3.411917469600088404e-04,-2.239017091934243642e-02,0.000000000000000000e+00,0.000000000000000000e+00,2.000000000000000000e+04
6.500000000000000222e-01,1.149999999999999911e+00,6.161923922725897349e-04,-2.367472348969554621e-02,0.000000000000000000e+00,0.000000000000000000e+00,2.000000000000000000e+04
6.999999999999999556e-01,1.149999999999999911e+00,9.148989604260034103e-04,-2.483649969755977877e-02,0.000000000000000000e+00,0.000000000000000000e+00,2.000000000000000000e+04
7.500000000000000000e-01,1.149999999999999911e+00,1.233858683010345550e-03,-2.586868904372339323e-02,0.000000000000000000e+00,0.000000000000000000e+00,2.000000000000000000e+04
8.000000000000000444e-01,1.149999999999999911e+00,1.569541931603914489e-03,-2.676468792540540736e-02,0.000000000000000000e+00,0.000000000000000000e+00,2.000000000000000000e+04
8.499999999999999778e-01,1.149999999999999911e+00,1.918370965768847244e-03,-2.751813085396241296e-02,0.000000000000000000e+00,0.000000000000000000e+00,2.000000000000000000e+04
9.000000000000000222e-01,1.149999999999999911e+00,2.276759730929187563e-03,-2.812292513477468447e-02,0.000000000000000000e+00,0.000000000000000000e+00,2.000000000000000000e+04
9.499999999999999556e-01,1.149999999999999911e+00,2.641165658639020499e-03,-2.857329283523083602e-02,0.000000000000000000e+00,0.000000000000000000e+00,2.000000000000000000e+04
1.000000000000000000e+00,1.149999999999999911e+00,3.008153757801096135e-03,-2.886382455303485722e-02,0.000000000000000000e+00,0.000000000000000000e+00,2.000000000000000000e+04
0.000000000000000000e+00,1.199999999999999956e+00,0.000000000000000000e+00,0.000000000000000000e+00,1.000000000000000000e+00,0.000000000000000000e+00,2.000000000000000000e+04
5.000000000000000278e-02,1.199999999999999956e+00,-2.518084069156906082e-04,-2.284694804784030524e-03,0.000000000000000000e+00,0.000000000000000000e+00,2.000000000000000000e+04
1.000000000000000056e-01,1.199999999999999956e+00,-4.448813788971451026e-04,-4.527098818524379585e-03,0.000000000000000000e+00,0.000000000000000000e+00,2.000000000000000000e+04
1.499999999999999944e-01,1.199999999999999956e+00,-5.810932105003245021e-04,-6.720970093038187987e-03,0.000000000000000000e+00,0.000000000000000000e+00,2.000000000000000000e+04
2.000000000000000111e-01,1.199999999999999956e+00,-6.625159989760016606e-04,-8.859763301970595764e-03,0.000000000000000000e+00,0.000000000000000000e+00,2.000000000000000000e+04
2.500000000000000000e-01,1.199999999999999956e+00,-6.914001584344662849e-04,-1.093666430163599441e-02,0.000000000000000000e+00,0.000000000000000000e+00,2.000000000000000000e+04
2.999999999999999889e-01,1.199999999999999956e+00,-6.701586964923602219e-04,-1.294463217601880128e-02,0.000000000000000000e+00,0.000000000000000000e+00,2.000000000000000000e+04
3.499999999999999778e-01,1.199999999999999956e+00,-6.013554117015621966e-04,-1.487644656479986463e-02,0.000000000000000000e+00,0.000000000000000000e+00,2.000000000000000000e+04
4.000000000000000222e-01,1.199999999999999956e+00,-4.876967941855931310e-04,-1.672475812215611438e-02,0.000000000000000000e+00,0.000000000000000000e+00,2.000000000000000000e+04
4.500000000000000111e-01,1.199999999999999956e+00,-3.320270449119392775e-04,-1.848214014905960947e-02,0.000000000000000000e+00,0.000000000000000000e+00,2.000000000000000000e+04
5.000000000000000000e-01,1.199999999999999956e+00,-1.373252985581928072e-04,-2.014113975500071707e-02,0.000000000000000000e+00,0.000000000000000000e+00,2.000000000000000000e+04
5.500000000000000444e-01,1.199999999999999956e+00,9.329614136857592604e-05,-2.169432730933665981e-02,0.000000000000000000e+00,0.000000000000000000e+00,2.000000000000000000e+04
5.999999999999999778e-01,1.199999999999999956e+00,3.565939588859811347e-04,-2.313434341398327293e-02,0.000000000000000000e+00,0.000000000000000000e+00,2.000000000000000000e+04
6.500000000000000222e-01,1.199999999999999956e+00,6.491979209744474328e-04,-2.445394314876507894e-02,0.000000000000000000e+00,0.000000000000000000e+00,2.000000000000000000e+04
6.999999999999999556e-01,1.199999999999999956e+00,9.676185325577071937e-04,-2.564603789417550794e-02,0.000000000000000000e+00,0.000000000000000000e+00,2.000000000000000000e+04
7.500000000000000000e-01,1.199999999999999956e+00,1.308259869723563118e-03,-2.670373561331392323e-02,0.000000000000000000e+00,0.000000000000000000e+00,2.000000000000000000e+04
8.000000000000000444e-01,1.199999999999999956e+00,1.667439126140992343e-03,-2.762038106683721572e-02,0.000000000000000000e+00,0.000000000000000000e+00,2.000000000000000000e+04
8.499999999999999778e-01,1.199999999999999956e+00,2.041414228739612830e-03,-2.838959803151183334e-02,0.000000000000000000e+00,0.000000000000000000e+00,2.000000000000000000e+04
9.000000000000000222e-01,1.199999999999999956e+00,2.426420584963992922e-03,-2.900533617719705873e-02,0.000000000000000000e+00,0.000000000000000000e+00,2.000000000000000000e+04
9.499999999999999556e-01,1.199999999999999956e+00,2.818717590104607203e-03,-2.946192579891309185e-02,0.000000000000000000e+00,0.000000000000000000e+00,2.000000000000000000e+04
1.000000000000000000e+00,1.199999999999999956e+00,3.214644922093638866e-03,-2.975414405131568060e-02,0.000000000000000000e+00,0.000000000000000000e+00,2.000000000000000000e+04
0.000000000000000000e+00,1.250000000000000000e+00,0.000000000000000000e+00,0.000000000000000000e+00,1.000000000000000000e+00,0.000000000000000000e+00,2.000000000000000000e+04
5.000000000000000278e-02,1.250000000000000000e+00,-2.656784509576457236e-04,-2.369630707435069466e-03,0.000000000000000000e+00,0.000000000000000000e+00,2.000000000000000000e+04
1.000000000000000056e-01,1.250000000000000000e+00,-4.700800186081283832e-04,-4.694216251995939927e-03,0.000000000000000000e+00,0.000000000000000000e+00,2.000000000000000000e+04
1.499999999999999944e-01,1.250000000000000000e+00,-6.149930327929329591e-04,-6.967260677543869393e-03,0.000000000000000000e+00,0.000000000000000000e+00,2.000000000000000000e+04
2.000000000000000111e-01,1.250000000000000000e+00,-7.024181662618182330e-04,-9.181988159940101396e-03,0.000000000000000000e+00,0.000000000000000000e+00,2.000000000000000000e+04
2.500000000000000000e-01,1.250000000000000000e+00,-7.345531676632307237e-04,-1.133137409103503537e-02,0.000000000000000000e+00,0.000000000000000000e+00,2.000000000000000000e+04
2.999999999999999889e-01,1.250000000000000000e+00,-7.137801621481381373e-04,-1.340818337266992157e-02,0.000000000000000000e+00,0.000000000000000000e+00,2.000000000000000000e+04
3.499999999999999778e-01,1.250000000000000000e+00,-6.426556324160867355e-04,-1.540501406503357734e-02,0.000000000000000000e+00,0.000000000000000000e+00,2.000000000000000000e+04
4.000000000000000222e-01,1.250000000000000000e+00,-5.239029234904882086e-04,-1.731434459551839042e-02,0.000000000000000000e+00,0.000000000000000000e+00,2.000000000000000000e+04
4.500000000000000111e-01,1.250000000000000000e+00,-3.604068387245412263e-04,-1.912858291218705667e-02,0.000000000000000000e+00,0.000000000000000000e+00,2.000000000000000000e+04
5.000000000000000000e-01,1.250000000000000000e+00,-1.552096356810058917e-04,-2.084011624072221527e-02,0.000000000000000000e+00,0.000000000000000000e+00,2.000000000000000000e+04
5.500000000000000444e-01,1.250000000000000000e+00,8.849249463387296962e-05,-2.244136045520897516e-02,0.000000000000000000e+00,0.000000000000000000e+00,2.000000000000000000e+04
5.999999999999999778e-01,1.250000000000000000e+00,3.673535616684607693e-04,-2.392480848244472880e-02,0.000000000000000000e+00,0.000000000000000000e+00,2.000000000000000000e+04
6.500000000000000222e-01,1.250000000000000000e+00,6.778837456822447939e-04,-2.528307761007177190e-02,0.000000000000000000e+00,0.000000000000000000e+00,2.000000000000000000e+04
6.999999999999999556e-01,1.250000000000000000e+00,1.016458495256567559e-03,-2.650895604644370671e-02,0.000000000000000000e+00,0.000000000000000000e+00,2.000000000000000000e+04
7.500000000000000000e-01,1.250000000000000000e+00,1.379332043801872543e-03,-2.759544957212092114e-02,0.000000000000000000e+00,0.000000000000000000e+00,2.000000000000000000e+04
8.000000000000000444e-01,1.250000000000000000e+00,1.762656562951807381e-03,-2.853582961646588395e-02,0.000000000000000000e+00,0.000000000000000000e+00,2.000000000000000000e+04
8.499999999999999778e-01,1.250000000000000000e+00,2.162508009598807044e-03,-2.932368457242557833e-02,0.000000000000000000e+00,0.000000000000000000e+00,2.000000000000000000e+04
9.000000000000000222e-01,1.250000000000000000e+00,2.574919459618093751e-03,-2.995297660645606166e-02,0.000000000000000000e+00,0.000000000000000000e+00,2.000000000000000000e+04
9.499999999999999556e-01,1.250000000000000000e+00,2.995922337661883952e-03,-3.041810659676005835e-02,0.000000000000000000e+00,0.000000000000000000e+00,2.000000000000000000e+04
1.000000000000000000e+00,1.250000000000000000e+00,3.421595432430559608e-03,-3.071399009595169455e-02,0.000000000000000000e+00,0.000000000000000000e+00,2.000000000000000000e+04
0.000000000000000000e+00,1.300000000000000044e+00,0.000000000000000000e+00,0.000000000000000000e+00,1.000000000000000000e+00,0.000000000000000000e+00,2.000000000000000000e+04
5.000000000000000278e-02,1.300000000000000044e+00,-2.804431384136260043e-04,-2.458159929466487842e-03,0.000000000000000000e+00,0.000000000000000000e+00,2.000000000000000000e+04
1.000000000000000056e-01,1.300000000000000044e+00,-4.969494980564467812e-04,-4.868669129905156025e-03,0.000000000000000000e+00,0.000000000000000000e+00,2.000000000000000000e+04
1.499999999999999944e-01,1.300000000000000044e+00,-6.512275673571479070e-04,-7.224763302546595781e-03,0.000000000000000000e+00,0.000000000000000000e+00,2.000000000000000000e+04
2.000000000000000111e-01,1.300000000000000044e+00,-7.452113593740476282e-04,-9.519415930095993100e-03,0.000000000000000000e+00,0.000000000000000000e+00,2.000000000000000000e+04
2.500000000000000000e-01,1.300000000000000044e+00,-7.810491027014116339e-04,-1.174536713685489335e-02,0.000000000000000000e+00,0.000000000000000000e+00,2.000000000000000000e+04
2.999999999999999889e-01,1.300000000000000044e+00,-7.610934568331401227e-04,-1.389515956577893133e-02,0.000000000000000000e+00,0.000000000000000000e+00,2.000000000000000000e+04
3.499999999999999778e-01,1.300000000000000044e+00,-6.878933520089587335e-04,-1.596117965547461451e-02,0.000000000000000000e+00,0.000000000000000000e+00,2.000000000000000000e+04
4.000000000000000222e-01,1.300000000000000044e+00,-5.641873649472131397e-04,-1.793570278501609508e-02,0.000000000000000000e+00,0.000000000000000000e+00,2.000000000000000000e+04
4.500000000000000111e-01,1.300000000000000044e+00,-3.928983374646551020e-04,-1.981094093118771979e-02,0.000000000000000000e+00,0.000000000000000000e+00,2.000000000000000000e+04
5.000000000000000000e-01,1.300000000000000044e+00,-1.771287439752426609e-04,-2.157909173719295762e-02,0.000000000000000000e+00,0.000000000000000000e+00,2.000000000000000000e+04
5.500000000000000444e-01,1.300000000000000044e+00,7.984386850899398576e-05,-2.323238820850829361e-02,0.000000000000000000e+00,0.000000000000000000e+00,2.000000000000000000e+04
5.999999999999999778e-01,1.300000000000000044e+00,3.745721961502242008e-04,-2.476314861489629579e-02,0.000000000000000000e+00,0.000000000000000000e+00,2.000000000000000000e+04
6.500000000000000222e-01,1.300000000000000044e+00,7.034461901320964144e-04,-2.616382657283536708e-02,0.000000000000000000e+00,0.000000000000000000e+00,2.000000000000000000e+04
6.999999999999999556e-01,1.300000000000000044e+00,1.062702768856363129e-03,-2.742706169572525429e-02,0.000000000000000000e+00,0.000000000000000000e+00,2.000000000000000000e+04
7.500000000000000000e-01,1.300000000000000044e+00,1.448439242492177963e-03,-2.854573161628047237e-02,0.000000000000000000e+00,0.000000000000000000e+00,2.000000000000000000e+04
8.000000000000000444e-01,1.300000000000000044e+00,1.856631404184038315e-03,-2.951300659146921176e-02,0.000000000000000000e+00,0.000000000000000000e+00,2.000000000000000000e+04
8.499999999999999778e-01,1.300000000000000044e+00,2.283157108439369098e-03,-3.032240827713617720e-02,0.000000000000000000e+00,0.000000000000000000e+00,2.000000000000000000e+04
9.000000000000000222e-01,1.300000000000000044e+00,2.723825935498064895e-03,-3.096787458370908741e-02,0.000000000000000000e+00,0.000000000000000000e+00,2.000000000000000000e+04
9.499999999999999556e-01,1.300000000000000044e+00,3.174415219148989196e-03,-3.144383276511712733e-02,0.000000000000000000e+00,0.000000000000000000e+00,2.000000000000000000e+04
1.000000000000000000e+00,1.300000000000000044e+00,3.630712285552837367e-03,-3.174528300969435557e-02,0.000000000000000000e+00,0.000000000000000000e+00,2.000000000000000000e+04
0.000000000000000000e+00,1.350000000000000089e+00,0.000000000000000000e+00,0.000000000000000000e+00,1.000000000000000000e+00,0.000000000000000000e+00,2.000000000000000000e+04
5.000000000000000278e-02,1.350000000000000089e+00,-2.960417880542970371e-04,-2.550453023028306093e-03,0.000000000000000000e+00,0.000000000000000000e+00,2.000000000000000000e+04
1.000000000000000056e-01,1.350000000000000089e+00,-5.253652031782682320e-04,-5.050788812246057372e-03,0.000000000000000000e+00,0.000000000000000000e+00,2.000000000000000000e+04
1.499999999999999944e-01,1.350000000000000089e+00,-6.896034503157009651e-04,-7.493961561428830881e-03,0.000000000000000000e+00,0.000000000000000000e+00,2.000000000000000000e+04
2.000000000000000111e-01,1.350000000000000089e+00,-7.906276484277035849e-04,-9.872675339563893523e-03,0.000000000000000000e+00,0.000000000000000000e+00,2.000000000000000000e+04
2.500000000000000000e-01,1.350000000000000089e+00,-8.305392797658331513e-04,-1.217941186074718816e-02,0.000000000000000000e+00,0.000000000000000000e+00,2.000000000000000000e+04
2.999999999999999889e-01,1.350000000000000089e+00,-8.116632156366582803e-04,-1.440646511013405316e-02,0.000000000000000000e+00,0.000000000000000000e+00,2.000000000000000000e+04
3.499999999999999778e-01,1.350000000000000089e+00,-7.365414390592097326e-04,-1.654598136632231403e-02,0.000000000000000000e+00,0.000000000000000000e+00,2.000000000000000000e+04
4.000000000000000222e-01,1.350000000000000089e+00,-6.079274580743275697e-04,-1.859000327483104759e-02,0.000000000000000000e+00,0.000000000000000000e+00,2.000000000000000000e+04
4.500000000000000111e-01,1.350000000000000089e+00,-4.287812545355925678e-04,-2.053051681378796969e-02,0.000000000000000000e+00,0.000000000000000000e+00,2.000000000000000000e+04
5.000000000000000000e-01,1.350000000000000089e+00,-2.022644578170315047e-04,-2.235950024044477263e-02,0.000000000000000000e+00,0.000000000000000000e+00,2.000000000000000000e+04
5.500000000000000444e-01,1.350000000000000089e+00,6.826471545637416731e-05,-2.406897440303749566e-02,0.000000000000000000e+00,0.000000000000000000e+00,2.000000000000000000e+04
5.999999999999999778e-01,1.350000000000000089e+00,3.792573444300664765e-04,-2.565105413349434704e-02,0.000000000000000000e+00,0.000000000000000000e+00,2.000000000000000000e+04
6.500000000000000222e-01,1.350000000000000089e+00,7.269812002563076549e-04,-2.709800078907344256e-02,0.000000000000000000e+00,0.000000000000000000e+00,2.000000000000000000e+04
6.999999999999999556e-01,1.350000000000000089e+00,1.107530410701721346e-03,-2.840227637146952241e-02,0.000000000000000000e+00,0.000000000000000000e+00,2.000000000000000000e+04
7.500000000000000000e-01,1.350000000000000089e+00,1.516838167415540152e-03,-2.955660000585559263e-02,0.000000000000000000e+00,0.000000000000000000e+00,2.000000000000000000e+04
8.000000000000000444e-01,1.350000000000000089e+00,1.950693214887299015e-03,-3.055400789370970108e-02,0.000000000000000000e+00,0.000000000000000000e+00,2.000000000000000000e+04
8.499999999999999778e-01,1.350000000000000089e+00,2.404760761247301017e-03,-3.138791814328747987e-02,0.000000000000000000e+00,0.000000000000000000e+00,2.000000000000000000e+04
9.000000000000000222e-01,1.350000000000000089e+00,2.874608279456343767e-03,-3.205220210717645707e-02,0.000000000000000000e+00,0.000000000000000000e+00,2.000000000000000000e+04
9.499999999999999556e-01,1.350000000000000089e+00,3.355736415336224403e-03,-3.254126398896298178e-02,0.000000000000000000e+00,0.000000000000000000e+00,2.000000000000000000e+04
1.000000000000000000e+00,1.350000000000000089e+00,3.843614882036867995e-03,-3.285013048590445378e-02,0.000000000000000000e+00,0.000000000000000000e+00,2.000000000000000000e+04
0.000000000000000000e+00,1.399999999999999911e+00,0.000000000000000000e+00,0.000000000000000000e+00,1.000000000000000000e+00,0.000000000000000000e+00,2.000000000000000000e+04
5.000000000000000278e-02,1.399999999999999911e+00,-3.124173317906491550e-04,-2.646683931789494456e-03,0.000000000000000000e+00,0.000000000000000000e+00,2.000000000000000000e+04
1.000000000000000056e-01,1.399999999999999911e+00,-5.552100017641468715e-04,-5.240916556373794236e-03,0.000000000000000000e+00,0.000000000000000000e+00,2.000000000000000000e+04
1.499999999999999944e-01,1.399999999999999911e+00,-7.299390524452581842e-04,-7.775357912368548001e-03,0.000000000000000000e+00,0.000000000000000000e+00,2.000000000000000000e+04
2.000000000000000111e-01,1.399999999999999911e+00,-8.384155917977557807e-04,-1.024242467589667541e-02,0.000000000000000000e+00,0.000000000000000000e+00,2.000000000000000000e+04
2.500000000000000000e-01,1.399999999999999911e+00,-8.826968273805095707e-04,-1.263431791000802981e-02,0.000000000000000000e+00,0.000000000000000000e+00,2.000000000000000000e+04
2.999999999999999889e-01,1.399999999999999911e+00,-8.650817816457788845e-04,-1.494305749583875118e-02,0.000000000000000000e+00,0.000000000000000000e+00,2.000000000000000000e+04
3.499999999999999778e-01,1.399999999999999911e+00,-7.881068621093157995e-04,-1.716052188065486997e-02,0.000000000000000000e+00,0.000000000000000000e+00,2.000000000000000000e+04
4.000000000000000222e-01,1.399999999999999911e+00,-6.545413812637291585e-04,-1.927849192621195959e-02,0.000000000000000000e+00,0.000000000000000000e+00,2.000000000000000000e+04
4.500000000000000111e-01,1.399999999999999911e+00,-4.673830149048920253e-04,-2.128869784530258366e-02,0.000000000000000000e+00,0.000000000000000000e+00,2.000000000000000000e+04
5.000000000000000000e-01,1.399999999999999911e+00,-2.298530671223825454e-04,-2.318286846543891541e-02,0.000000000000000000e+00,0.000000000000000000e+00,2.000000000000000000e+04
5.500000000000000444e-01,1.399999999999999911e+00,5.460871254909037246e-05,-2.495278234536279713e-02,0.000000000000000000e+00,0.000000000000000000e+00,2.000000000000000000e+04
5.999999999999999778e-01,1.399999999999999911e+00,3.823501288540188687e-04,-2.659032058061932755e-02,0.000000000000000000e+00,0.000000000000000000e+00,2.000000000000000000e+04
6.500000000000000222e-01,1.399999999999999911e+00,7.495138233209789301e-04,-2.808752145623201468e-02,0.000000000000000000e+00,0.000000000000000000e+00,2.000000000000000000e+04
6.999999999999999556e-01,1.399999999999999911e+00,1.152046375952962875e-03,-2.943663742427410357e-02,0.000000000000000000e+00,0.000000000000000000e+00,2.000000000000000000e+04
7.500000000000000000e-01,1.399999999999999911e+00,1.585709798306495812e-03,-3.063019518743023001e-02,0.000000000000000000e+00,0.000000000000000000e+00,2.000000000000000000e+04
8.000000000000000444e-01,1.399999999999999911e+00,2.046095983073356172e-03,-3.166105994034980331e-02,0.000000000000000000e+00,0.000000000000000000e+00,2.000000000000000000e+04
8.499999999999999778e-01,1.399999999999999911e+00,2.528644617351272997e-03,-3.252250504013554089e-02,0.000000000000000000e+00,0.000000000000000000e+00,2.000000000000000000e+04
9.000000000000000222e-01,1.399999999999999911e+00,3.028664950855569984e-03,-3.320828852392785496e-02,0.000000000000000000e+00,0.000000000000000000e+00,2.000000000000000000e+04
9.499999999999999556e-01,1.399999999999999911e+00,3.541361631098441116e-03,-3.371273793982941525e-02,0.000000000000000000e+00,0.000000000000000000e+00,2.000000000000000000e+04
1.000000000000000000e+00,1.399999999999999911e+00,4.061864573351719500e-03,-3.403084487835054267e-02,0.000000000000000000e+00,0.000000000000000000e+00,2.000000000000000000e+04
0.000000000000000000e+00,1.449999999999999956e+00,0.000000000000000000e+00,0.000000000000000000e+00,1.000000000000000000e+00,0.000000000000000000e+00,2.000000000000000000e+04
5.000000000000000278e-02,1.449999999999999956e+00,-3.295147894105521073e-04,-2.747029838679163668e-03,0.000000000000000000e+00,0.000000000000000000e+00,2.000000000000000000e+04
1.000000000000000056e-01,1.449999999999999956e+00,-5.863709666521048358e-04,-5.439403076483458228e-03,0.000000000000000000e+00,0.000000000000000000e+00,2.000000000000000000e+04
1.499999999999999944e-01,1.449999999999999956e+00,-7.720592046059454290e-04,-8.069472798088679621e-03,0.000000000000000000e+00,0.000000000000000000e+00,2.000000000000000000e+04
2.000000000000000111e-01,1.449999999999999956e+00,-8.883327170029077079e-04,-1.062935034650004142e-02,0.000000000000000000e+00,0.000000000000000000e+00,2.000000000000000000e+04
2.500000000000000000e-01,1.449999999999999956e+00,-9.372066989209852129e-04,-1.311093410030553068e-02,0.000000000000000000e+00,0.000000000000000000e+00,2.000000000000000000e+04
2.999999999999999889e-01,1.449999999999999956e+00,-9.209565726635048424e-04,-1.550594470175650948e-02,0.000000000000000000e+00,0.000000000000000000e+00,2.000000000000000000e+04
3.499999999999999778e-01,1.449999999999999956e+00,-8.421152989477342400e-04,-1.780596541676674263e-02,0.000000000000000000e+00,0.000000000000000000e+00,2.000000000000000000e+04
4.000000000000000222e-01,1.449999999999999956e+00,-7.034699714863186602e-04,-2.000248649433086431e-02,0.000000000000000000e+00,0.000000000000000000e+00,2.000000000000000000e+04
4.500000000000000111e-01,1.449999999999999956e+00,-5.080578392949766349e-04,-2.208695262218369343e-02,0.000000000000000000e+00,0.000000000000000000e+00,2.000000000000000000e+04
5.000000000000000000e-01,1.449999999999999956e+00,-2.591618064697982175e-04,-2.405081283895598235e-02,0.000000000000000000e+00,0.000000000000000000e+00,2.000000000000000000e+04
5.500000000000000444e-01,1.449999999999999956e+00,3.969464583187776006e-05,-2.588557255065578391e-02,0.000000000000000000e+00,0.000000000000000000e+00,2.000000000000000000e+04
5.999999999999999778e-01,1.449999999999999956e+00,3.847532763143215692e-04,-2.758284760010690229e-02,0.000000000000000000e+00,0.000000000000000000e+00,2.000000000000000000e+04
6.500000000000000222e-01,1.449999999999999956e+00,7.720278983501787512e-04,-2.913442064020269756e-02,0.000000000000000000e+00,0.000000000000000000e+00,2.000000000000000000e+04
6.999999999999999556e-01,1.449999999999999956e+00,1.197312533358881872e-03,-3.053230035264489425e-02,0.000000000000000000e+00,0.000000000000000000e+00,2.000000000000000000e+04
7.500000000000000000e-01,1.449999999999999956e+00,1.656191301202412621e-03,-3.176878431909910261e-02,0.000000000000000000e+00,0.000000000000000000e+00,2.000000000000000000e+04
8.000000000000000444e-01,1.449999999999999956e+00,2.144050472404183255e-03,-3.283652657560992560e-02,0.000000000000000000e+00,0.000000000000000000e+00,2.000000000000000000e+04
8.499999999999999778e-01,1.449999999999999956e+00,2.656093095015915704e-03,-3.372861104587698139e-02,0.000000000000000000e+00,0.000000000000000000e+00,2.000000000000000000e+04
9.000000000000000222e-01,1.449999999999999956e+00,3.187356552709045329e-03,-3.443863213454373406e-02,0.000000000000000000e+00,0.000000000000000000e+00,2.000000000000000000e+04
9.499999999999999556e-01,1.449999999999999956e+00,3.732733306164638144e-03,-3.496078374577338971e-02,0.000000000000000000e+00,0.000000000000000000e+00,2.000000000000000000e+04
1.000000000000000000e+00,1.449999999999999956e+00,4.286994916367633385e-03,-3.528995785125181583e-02,0.000000000000000000e+00,0.000000000000000000e+00,2.000000000000000000e+04
0.000000000000000000e+00,1.500000000000000000e+00,0.000000000000000000e+00,0.000000000000000000e+00,1.000000000000000000e+00,0.000000000000000000e+00,2.000000000000000000e+04
5.000000000000000278e-02,1.500000000000000000e+00,-3.472797357801663204e-04,-2.851671346074911417e-03,0.000000000000000000e+00,0.000000000000000000e+00,2.000000000000000000e+04
1.000000000000000056e-01,1.500000000000000000e+00,-6.187360546846849959e-04,-5.646608800062968142e-03,0.000000000000000000e+00,0.000000000000000000e+00,2.000000000000000000e+04
1.499999999999999944e-01,1.500000000000000000e+00,-8.157898286141601748e-04,-8.376844839938092646e-03,0.000000000000000000e+00,0.000000000000000000e+00,2.000000000000000000e+04
2.000000000000000111e-01,1.500000000000000000e+00,-9.401378551314963899e-04,-1.103416687682022210e-02,0.000000000000000000e+00,0.000000000000000000e+00,2.000000000000000000e+04
2.500000000000000000e-01,1.500000000000000000e+00,-9.937554924827089395e-04,-1.361014812074461122e-02,0.000000000000000000e+00,0.000000000000000000e+00,2.000000000000000000e+04
2.999999999999999889e-01,1.500000000000000000e+00,-9.788972173771092085e-04,-1.609618456777602361e-02,0.000000000000000000e+00,0.000000000000000000e+00,2.000000000000000000e+04
3.499999999999999778e-01,1.500000000000000000e+00,-8.980954850517877024e-04,-1.848353679709250144e-02,0.000000000000000000e+00,0.000000000000000000e+00,2.000000000000000000e+04
4.000000000000000222e-01,1.500000000000000000e+00,-7.541582579277054509e-04,-2.076337549553780928e-02,0.000000000000000000e+00,0.000000000000000000e+00,2.000000000000000000e+04
4.500000000000000111e-01,1.500000000000000000e+00,-5.501655194747585940e-04,-2.292682988765236060e-02,0.000000000000000000e+00,0.000000000000000000e+00,2.000000000000000000e+04
5.000000000000000000e-01,1.500000000000000000e+00,-2.894650133013917611e-04,-2.496503853280544055e-02,0.000000000000000000e+00,0.000000000000000000e+00,2.000000000000000000e+04
5.500000000000000444e-01,1.500000000000000000e+00,2.433264683025757215e-05,-2.686920224841613664e-02,0.000000000000000000e+00,0.000000000000000000e+00,2.000000000000000000e+04
5.999999999999999778e-01,1.500000000000000000e+00,3.873594537921922886e-04,-2.863063921916999752e-02,0.000000000000000000e+00,0.000000000000000000e+00,2.000000000000000000e+04
6.500000000000000222e-01,1.500000000000000000e+00,7.954961329776927964e-04,-3.024084264543480671e-02,0.000000000000000000e+00,0.000000000000000000e+00,2.000000000000000000e+04
6.999999999999999556e-01,1.500000000000000000e+00,1.244379077826656679e-03,-3.169154155739655615e-02,0.000000000000000000e+00,0.000000000000000000e+00,2.000000000000000000e+04
7.500000000000000000e-01,1.500000000000000000e+00,1.729408340369432712e-03,-3.297476566103765133e-02,0.000000000000000000e+00,0.000000000000000000e+00,2.000000000000000000e+04
8.000000000000000444e-01,1.500000000000000000e+00,2.245756986881552834e-03,-3.408291527267032911e-02,0.000000000000000000e+00,0.000000000000000000e+00,2.000000000000000000e+04
8.499999999999999778e-01,1.500000000000000000e+00,2.788382167104123347e-03,-3.500883752341130140e-02,0.000000000000000000e+00,0.000000000000000000e+00,2.000000000000000000e+04
9.000000000000000222e-01,1.500000000000000000e+00,3.352038252203245593e-03,-3.574591005536348343e-02,0.000000000000000000e+00,0.000000000000000000e+00,2.000000000000000000e+04
9.499999999999999556e-01,1.500000000000000000e+00,3.931292368091192369e-03,-3.628813336796621325e-02,0.000000000000000000e+00,0.000000000000000000e+00,2.000000000000000000e+04
1.000000000000000000e+00,1.500000000000000000e+00,4.520542585977243948e-03,-3.663023278649754633e-02,0.000000000000000000e+00,0.000000000000000000e+00,2.000000000000000000e+04
0.000000000000000000e+00,1.550000000000000044e+00,0.000000000000000000e+00,0.000000000000000000e+00,1.000000000000000000e+00,0.000000000000000000e+00,2.000000000000000000e+04
5.000000000000000278e-02,1.550000000000000044e+00,-3.656567494656388115e-04,-2.960793039073632976e-03,0.000000000000000000e+00,0.000000000000000000e+00,2.000000000000000000e+04
1.000000000000000056e-01,1.550000000000000044e+00,-6.521907159816996841e-04,-5.862904899065067565e-03,0.000000000000000000e+00,0.000000000000000000e+00,2.000000000000000000e+04
1.499999999999999944e-01,1.550000000000000044e+00,-8.609524283553112974e-04,-8.698032190075003986e-03,0.000000000000000000e+00,0.000000000000000000e+00,2.000000000000000000e+04
2.000000000000000111e-01,1.550000000000000044e+00,-9.935832580864150092e-04,-1.145761842085487106e-02,0.000000000000000000e+00,0.000000000000000000e+00,2.000000000000000000e+04
2.500000000000000000e-01,1.550000000000000044e+00,-1.052020977282950610e-03,-1.413288805411257350e-02,0.000000000000000000e+00,0.000000000000000000e+00,2.000000000000000000e+04
2.999999999999999889e-01,1.550000000000000044e+00,-1.038502328057708778e-03,-1.671488621291334839e-02,0.000000000000000000e+00,0.000000000000000000e+00,2.000000000000000000e+04
3.499999999999999778e-01,1.550000000000000044e+00,-9.555631372225496063e-04,-1.919452270409101671e-02,0.000000000000000000e+00,0.000000000000000000e+00,2.000000000000000000e+04
4.000000000000000222e-01,1.550000000000000044e+00,-8.060365187212800058e-04,-2.156261930081324746e-02,0.000000000000000000e+00,0.000000000000000000e+00,2.000000000000000000e+04
4.500000000000000111e-01,1.550000000000000044e+00,-5.930496736038893624e-04,-2.380995952428568638e-02,0.000000000000000000e+00,0.000000000000000000e+00,2.000000000000000000e+04
5.000000000000000000e-01,1.550000000000000044e+00,-3.200197320003181616e-04,-2.592734047563473657e-02,0.000000000000000000e+00,0.000000000000000000e+00,2.000000000000000000e+04
5.500000000000000444e-01,1.550000000000000044e+00,9.351008292737689390e-06,-2.790562658445397762e-02,0.000000000000000000e+00,0.000000000000000000e+00,2.000000000000000000e+04
5.999999999999999778e-01,1.550000000000000044e+00,3.910801987161663276e-04,-2.973580545079305276e-02,0.000000000000000000e+00,0.000000000000000000e+00,2.000000000000000000e+04
6.500000000000000222e-01,1.550000000000000044e+00,8.209107809988637787e-04,-3.140904625193800814e-02,0.000000000000000000e+00,0.000000000000000000e+00,2.000000000000000000e+04
6.999999999999999556e-01,1.550000000000000044e+00,1.294316540814776642e-03,-3.291676145230339884e-02,0.000000000000000000e+00,0.000000000000000000e+00,2.000000000000000000e+04
7.500000000000000000e-01,1.550000000000000044e+00,1.806507979295317963e-03,-3.425067278078391259e-02,0.000000000000000000e+00,0.000000000000000000e+00,2.000000000000000000e+04
8.000000000000000444e-01,1.550000000000000044e+00,2.352438715363016318e-03,-3.540288261015096805e-02,0.000000000000000000e+00,0.000000000000000000e+00,2.000000000000000000e+04
8.499999999999999778e-01,1.550000000000000044e+00,2.926812724738512249e-03,-3.636595197136265056e-02,0.000000000000000000e+00,0.000000000000000000e+00,2.000000000000000000e+04
9.000000000000000222e-01,1.550000000000000044e+00,3.524092794363446485e-03,-3.713298644493218809e-02,0.000000000000000000e+00,0.000000000000000000e+00,2.000000000000000000e+04
9.499999999999999556e-01,1.550000000000000044e+00,4.138510619862917697e-03,-3.769773107459101213e-02,0.000000000000000000e+00,0.000000000000000000e+00,2.000000000000000000e+04
1.000000000000000000e+00,1.550000000000000044e+00,4.764078996469037208e-03,-3.805467522922012513e-02,0.000000000000000000e+00,0.000000000000000000e+00,2.000000000000000000e+04
0.000000000000000000e+00,1.600000000000000089e+00,0.000000000000000000e+00,0.000000000000000000e+00,1.000000000000000000e+00,0.000000000000000000e+00,2.000000000000000000e+04
5.000000000000000278e-02,1.600000000000000089e+00,-3.845878384135338396e-04,-3.074584487050927364e-03,0.000000000000000000e+00,0.000000000000000000e+00,2.000000000000000000e+04
1.000000000000000056e-01,1.600000000000000089e+00,-6.866144205698707006e-04,-6.088675186092523325e-03,0.000000000000000000e+00,0.000000000000000000e+00,2.000000000000000000e+04
1.499999999999999944e-01,1.600000000000000089e+00,-9.073584140461427852e-04,-9.033615148065015157e-03,0.000000000000000000e+00,0.000000000000000000e+00,2.000000000000000000e+04
2.000000000000000111e-01,1.600000000000000089e+00,-1.048406451528483430e-03,-1.190048189034934728e-02,0.000000000000000000e+00,0.000000000000000000e+00,2.000000000000000000e+04
2.500000000000000000e-01,1.600000000000000089e+00,-1.111661254241464803e-03,-1.468012580681638327e-02,0.000000000000000000e+00,0.000000000000000000e+00,2.000000000000000000e+04
2.999999999999999889e-01,1.600000000000000089e+00,-1.099345808596085107e-03,-1.736321357413820807e-02,0.000000000000000000e+00,0.000000000000000000e+00,2.000000000000000000e+04
3.499999999999999778e-01,1.600000000000000089e+00,-1.014004320933978602e-03,-1.994027517416805881e-02,0.000000000000000000e+00,0.000000000000000000e+00,2.000000000000000000e+04
4.000000000000000222e-01,1.600000000000000089e+00,-8.585006998870823138e-04,-2.240175348126167976e-02,0.000000000000000000e+00,0.000000000000000000e+00,2.000000000000000000e+04
4.500000000000000111e-01,1.600000000000000089e+00,-6.360152942623888443e-04,-2.473805570468455214e-02,0.000000000000000000e+00,0.000000000000000000e+00,2.000000000000000000e+04
5.000000000000000000e-01,1.600000000000000089e+00,-3.500405544784769975e-04,-2.693960632161353924e-02,0.000000000000000000e+00,0.000000000000000000e+00,2.000000000000000000e+04
5.500000000000000444e-01,1.600000000000000089e+00,-4.376194820878254556e-06,-2.899690147754398553e-02,0.000000000000000000e+00,0.000000000000000000e+00,2.000000000000000000e+04
5.999999999999999778e-01,1.600000000000000089e+00,3.968756812030915858e-04,-3.090056515937870604e-02,0.000000000000000000e+00,0.000000000000000000e+00,2.000000000000000000e+04
6.500000000000000222e-01,1.600000000000000089e+00,8.493151633642842405e-04,-3.264140775219476903e-02,0.000000000000000000e+00,0.000000000000000000e+00,2.000000000000000000e+04
6.999999999999999556e-01,1.600000000000000089e+00,1.348248641969346630e-03,-3.421048786224844401e-02,0.000000000000000000e+00,0.000000000000000000e+00,2.000000000000000000e+04
7.500000000000000000e-01,1.600000000000000089e+00,1.888692410082013894e-03,-3.559917851311945186e-02,0.000000000000000000e+00,0.000000000000000000e+00,2.000000000000000000e+04
8.000000000000000444e-01,1.600000000000000089e+00,2.465375886171138758e-03,-3.679923898437977015e-02,0.000000000000000000e+00,0.000000000000000000e+00,2.000000000000000000e+04
8.499999999999999778e-01,1.600000000000000089e+00,3.072744734361651433e-03,-3.780289364698027899e-02,0.000000000000000000e+00,0.000000000000000000e+00,2.000000000000000000e+04
9.000000000000000222e-01,1.600000000000000089e+00,3.704964302185586277e-03,-3.860291914036853567e-02,0.000000000000000000e+00,0.000000000000000000e+00,2.000000000000000000e+04
9.499999999999999556e-01,1.600000000000000089e+00,4.355923924460088602e-03,-3.919274111738831751e-02,0.000000000000000000e+00,0.000000000000000000e+00,2.000000000000000000e+04
1.000000000000000000e+00,1.600000000000000089e+00,5.019242752713947743e-03,-3.956654154032033383e-02,0.000000000000000000e+00,0.000000000000000000e+00,2.000000000000000000e+04
0.000000000000000000e+00,1.649999999999999911e+00,0.000000000000000000e+00,0.000000000000000000e+00,1.000000000000000000e+00,0.000000000000000000e+00,2.000000000000000000e+04
5.000000000000000278e-02,1.649999999999999911e+00,-4.040108439583122010e-04,-3.193241744979717547e-03,0.000000000000000000e+00,0.000000000000000000e+00,2.000000000000000000e+04
1.000000000000000056e-01,1.649999999999999911e+00,-7.218770997100265856e-04,-6.324318980286662388e-03,0.000000000000000000e+00,0.000000000000000000e+00,2.000000000000000000e+04
1.499999999999999944e-01,1.649999999999999911e+00,-9.548032471345893222e-04,-9.384200171871583465e-03,0.000000000000000000e+00,0.000000000000000000e+00,2.000000000000000000e+04
2.000000000000000111e-01,1.649999999999999911e+00,-1.104321794978433465e-03,-1.236357184205827235e-02,0.000000000000000000e+00,0.000000000000000000e+00,2.000000000000000000e+04
2.500000000000000000e-01,1.649999999999999911e+00,-1.172303500393541680e-03,-1.525288258436874496e-02,0.000000000000000000e+00,0.000000000000000000e+00,2.000000000000000000e+04
2.999999999999999889e-01,1.649999999999999911e+00,-1.160962620971891504e-03,-1.804239118852980078e-02,0.000000000000000000e+00,0.000000000000000000e+00,2.000000000000000000e+04
3.499999999999999778e-01,1.649999999999999911e+00,-1.072858154696634076e-03,-2.072221743221549020e-02,0.000000000000000000e+00,0.000000000000000000e+00,2.000000000000000000e+04
4.000000000000000222e-01,1.649999999999999911e+00,-9.108920585085612288e-04,-2.328239448389336774e-02,0.000000000000000000e+00,0.000000000000000000e+00,2.000000000000000000e+04
4.500000000000000111e-01,1.649999999999999911e+00,-6.783054202529784993e-04,-2.571292225179812319e-02,0.000000000000000000e+00,0.000000000000000000e+00,2.000000000000000000e+04
5.000000000000000000e-01,1.649999999999999911e+00,-3.786734993703294279e-04,-2.800382140015682600e-02,0.000000000000000000e+00,0.000000000000000000e+00,2.000000000000000000e+04
5.500000000000000444e-01,1.649999999999999911e+00,-1.590045551141806808e-05,-3.014518812822270660e-02,0.000000000000000000e+00,0.000000000000000000e+00,2.000000000000000000e+04
5.999999999999999778e-01,1.649999999999999911e+00,4.057855431197418669e-04,-3.212725016271051476e-02,0.000000000000000000e+00,0.000000000000000000e+00,2.000000000000000000e+04
6.500000000000000222e-01,1.649999999999999911e+00,8.818362937547132539e-04,-3.394042474075892324e-02,0.000000000000000000e+00,0.000000000000000000e+00,2.000000000000000000e+04
6.999999999999999556e-01,1.649999999999999911e+00,1.407386253532042419e-03,-3.557537964760434934e-02,0.000000000000000000e+00,0.000000000000000000e+00,2.000000000000000000e+04
7.500000000000000000e-01,1.649999999999999911e+00,1.977253786659833191e-03,-3.702309860773486672e-02,0.000000000000000000e+00,0.000000000000000000e+00,2.000000000000000000e+04
8.000000000000000444e-01,1.649999999999999911e+00,2.585941003811979833e-03,-3.827495249557170964e-02,0.000000000000000000e+00,0.000000000000000000e+00,2.000000000000000000e+04
8.499999999999999778e-01,1.649999999999999911e+00,3.227632448549929214e-03,-3.932277791562898556e-02,0.000000000000000000e+00,0.000000000000000000e+00,2.000000000000000000e+04
9.000000000000000222e-01,1.649999999999999911e+00,3.896193102676031791e-03,-4.015896468625410748e-02,0.000000000000000000e+00,0.000000000000000000e+00,2.000000000000000000e+04
9.499999999999999556e-01,1.649999999999999911e+00,4.585166394914584435e-03,-4.077655363005143474e-02,0.000000000000000000e+00,0.000000000000000000e+00,2.000000000000000000e+04
1.000000000000000000e+00,1.649999999999999911e+00,5.287773098747474559e-03,-4.116934581505054397e-02,0.000000000000000000e+00,0.000000000000000000e+00,2.000000000000000000e+04
0.000000000000000000e+00,1.699999999999999956e+00,0.000000000000000000e+00,0.000000000000000000e+00,1.000000000000000000e+00,0.000000000000000000e+00,2.000000000000000000e+04
5.000000000000000278e-02,1.699999999999999956e+00,-4.238578297237888389e-04,-3.316969423881389531e-03,0.000000000000000000e+00,0.000000000000000000e+00,2.000000000000000000e+04
1.000000000000000056e-01,1.699999999999999956e+00,-7.578355089448698609e-04,-6.570255064061458067e-03,0.000000000000000000e+00,0.000000000000000000e+00,2.000000000000000000e+04
1.499999999999999944e-01,1.699999999999999956e+00,-1.003060406925843995e-03,-9.750425438621304272e-03,0.000000000000000000e+00,0.000000000000000000e+00,2.000000000000000000e+04
2.000000000000000111e-01,1.699999999999999956e+00,-1.161011737699162811e-03,-1.284774729665932522e-02,0.000000000000000000e+00,0.000000000000000000e+00,2.000000000000000000e+04
2.500000000000000000e-01,1.699999999999999956e+00,-1.233532266955787845e-03,-1.585223659045128033e-02,0.000000000000000000e+00,0.000000000000000000e+00,2.000000000000000000e+04
2.999999999999999889e-01,1.699999999999999956e+00,-1.222833955467086302e-03,-1.875371238998368995e-02,0.000000000000000000e+00,0.000000000000000000e+00,2.000000000000000000e+04
3.499999999999999778e-01,1.699999999999999956e+00,-1.131498767573961084e-03,-2.154185222232473870e-02,0.000000000000000000e+00,0.000000000000000000e+00,2.000000000000000000e+04
4.000000000000000222e-01,1.699999999999999956e+00,-9.624759138322544049e-04,-2.420624777081091528e-02,0.000000000000000000e+00,0.000000000000000000e+00,2.000000000000000000e+04
4.500000000000000111e-01,1.699999999999999956e+00,-7.190767817359486769e-04,-2.673646031455867433e-02,0.000000000000000000e+00,0.000000000000000000e+00,2.000000000000000000e+04
5.000000000000000000e-01,1.699999999999999956e+00,-4.049687453096245801e-04,-2.912207572139737313e-02,0.000000000000000000e+00,0.000000000000000000e+00,2.000000000000000000e+04
5.500000000000000444e-01,1.699999999999999956e+00,-2.416893923145037554e-05,-3.135275922152911537e-02,0.000000000000000000e+00,0.000000000000000000e+00,2.000000000000000000e+04
5.999999999999999778e-01,1.699999999999999956e+00,4.189610596934344156e-04,-3.341831057882019979e-02,0.000000000000000000e+00,0.000000000000000000e+00,2.000000000000000000e+04
6.500000000000000222e-01,1.699999999999999956e+00,9.197188783477373494e-04,-3.530872063355181695e-02,0.000000000000000000e+00,0.000000000000000000e+00,2.000000000000000000e+04
6.999999999999999556e-01,1.699999999999999956e+00,1.473062764529450407e-03,-3.701423050412561144e-02,0.000000000000000000e+00,0.000000000000000000e+00,2.000000000000000000e+04
7.500000000000000000e-01,1.699999999999999956e+00,2.073610458376049827e-03,-3.852539499239344273e-02,0.000000000000000000e+00,0.000000000000000000e+00,2.000000000000000000e+04
8.000000000000000444e-01,1.699999999999999956e+00,2.715635464798946824e-03,-3.983315192234970770e-02,0.000000000000000000e+00,0.000000000000000000e+00,2.000000000000000000e+04
8.499999999999999778e-01,1.699999999999999956e+00,3.393060957891189371e-03,-4.092889923774762490e-02,0.000000000000000000e+00,0.000000000000000000e+00,2.000000000000000000e+04
9.000000000000000222e-01,1.699999999999999956e+00,4.099451845639869377e-03,-4.180458167332520847e-02,0.000000000000000000e+00,0.000000000000000000e+00,2.000000000000000000e+04
9.499999999999999556e-01,1.699999999999999956e+00,4.828005825433532086e-03,-4.245278868057923011e-02,0.000000000000000000e+00,0.000000000000000000e+00,2.000000000000000000e+04
1.000000000000000000e+00,1.699999999999999956e+00,5.571544558284759890e-03,-4.286686501931650378e-02,0.000000000000000000e+00,0.000000000000000000e+00,2.000000000000000000e+04
0.000000000000000000e+00,1.750000000000000000e+00,0.000000000000000000e+00,0.000000000000000000e+00,1.000000000000000000e+00,0.000000000000000000e+00,2.000000000000000000e+04
5.000000000000000278e-02,1.750000000000000000e+00,-4.440534675296618208e-04,-3.445983409116510753e-03,0.000000000000000000e+00,0.000000000000000000e+00,2.000000000000000000e+04
1.000000000000000056e-01,1.750000000000000000e+00,-7.943295302126672595e-04,-6.826926870170175153e-03,0.000000000000000000e+00,0.000000000000000000e+00,2.000000000000000000e+04
1.499999999999999944e-01,1.750000000000000000e+00,-1.051875194685472463e-03,-1.013296813770283439e-02,0.000000000000000000e+00,0.000000000000000000e+00,2.000000000000000000e+04
2.000000000000000111e-01,1.750000000000000000e+00,-1.218117777590772919e-03,-1.335392069857266849e-02,0.000000000000000000e+00,0.000000000000000000e+00,2.000000000000000000e+04
2.500000000000000000e-01,1.750000000000000000e+00,-1.294877322840354327e-03,-1.647933317102332276e-02,0.000000000000000000e+00,0.000000000000000000e+00,2.000000000000000000e+04
2.999999999999999889e-01,1.750000000000000000e+00,-1.284371774347114938e-03,-1.949855014170331566e-02,0.000000000000000000e+00,0.000000000000000000e+00,2.000000000000000000e+04
3.499999999999999778e-01,1.750000000000000000e+00,-1.189216451530053032e-03,-2.240077284509753297e-02,0.000000000000000000e+00,0.000000000000000000e+00,2.000000000000000000e+04
4.000000000000000222e-01,1.750000000000000000e+00,-1.012419415032186432e-03,-2.517511861244137172e-02,0.000000000000000000e+00,0.000000000000000000e+00,2.000000000000000000e+04
4.500000000000000111e-01,1.750000000000000000e+00,-7.573742910842179302e-04,-2.781067852207270638e-02,0.000000000000000000e+00,0.000000000000000000e+00,2.000000000000000000e+04
5.000000000000000000e-01,1.750000000000000000e+00,-4.278520527160824716e-04,-3.029657316690021265e-02,0.000000000000000000e+00,0.000000000000000000e+00,2.000000000000000000e+04
5.500000000000000444e-01,1.750000000000000000e+00,-2.799313961276675945e-05,-3.262200691440340916e-02,0.000000000000000000e+00,0.000000000000000000e+00,2.000000000000000000e+04
5.999999999999999778e-01,1.750000000000000000e+00,4.376988616104678510e-04,-3.477632146627044479e-02,0.000000000000000000e+00,0.000000000000000000e+00,2.000000000000000000e+04
6.500000000000000222e-01,1.750000000000000000e+00,9.643609576770183515e-04,-3.674904992171586227e-02,0.000000000000000000e+00,0.000000000000000000e+00,2.000000000000000000e+04
6.999999999999999556e-01,1.750000000000000000e+00,1.546771135552399770e-03,-3.852997290047225493e-02,0.000000000000000000e+00,0.000000000000000000e+00,2.000000000000000000e+04
7.500000000000000000e-01,1.750000000000000000e+00,2.179344908660946125e-03,-4.010917857449383672e-02,0.000000000000000000e+00,0.000000000000000000e+00,2.000000000000000000e+04
8.000000000000000444e-01,1.750000000000000000e+00,2.856127860552838162e-03,-4.147712867438136525e-02,0.000000000000000000e+00,0.000000000000000000e+00,2.000000000000000000e+04
8.499999999999999778e-01,1.750000000000000000e+00,3.570784383437905149e-03,-4.262473265814762519e-02,0.000000000000000000e+00,0.000000000000000000e+00,2.000000000000000000e+04
9.000000000000000222e-01,1.750000000000000000e+00,4.316583194163849634e-03,-4.354343223638696553e-02,0.000000000000000000e+00,0.000000000000000000e+00,2.000000000000000000e+04
9.499999999999999556e-01,1.750000000000000000e+00,5.086380610450009707e-03,-4.422529832086258272e-02,0.000000000000000000e+00,0.000000000000000000e+00,2.000000000000000000e+04
1.000000000000000000e+00,1.750000000000000000e+00,5.872602972248283822e-03,-4.466314218830236271e-02,0.000000000000000000e+00,0.000000000000000000e+00,2.000000000000000000e+04
0.000000000000000000e+00,1.800000000000000044e+00,0.000000000000000000e+00,0.000000000000000000e+00,1.000000000000000000e+00,0.000000000000000000e+00,2.000000000000000000e+04
5.000000000000000278e-02,1.800000000000000044e+00,-4.645134386878563347e-04,-3.580514315642917104e-03,0.000000000000000000e+00,0.000000000000000000e+00,2.000000000000000000e+04
1.000000000000000056e-01,1.800000000000000044e+00,-8.311784423996683479e-04,-7.094809058350242705e-03,0.000000000000000000e+00,0.000000000000000000e+00,2.000000000000000000e+04
1.499999999999999944e-01,1.800000000000000044e+00,-1.100958408427574935e-03,-1.053255370726250209e-02,0.000000000000000000e+00,0.000000000000000000e+00,2.000000000000000000e+04
2.000000000000000111e-01,1.800000000000000044e+00,-1.275231152832513506e-03,-1.388306926276255786e-02,0.000000000000000000e+00,0.000000000000000000e+00,2.000000000000000000e+04
2.500000000000000000e-01,1.800000000000000044e+00,-1.355801062311116564e-03,-1.713539766953730767e-02,0.000000000000000000e+00,0.000000000000000000e+00,2.000000000000000000e+04
2.999999999999999889e-01,1.800000000000000044e+00,-1.344902729004024281e-03,-2.027837077716953748e-02,0.000000000000000000e+00,0.000000000000000000e+00,2.000000000000000000e+04
3.499999999999999778e-01,1.800000000000000044e+00,-1.245197982529687138e-03,-2.330067716890137086e-02,0.000000000000000000e+00,0.000000000000000000e+00,2.000000000000000000e+04
4.000000000000000222e-01,1.800000000000000044e+00,-1.059768266909158398e-03,-2.619092578586345796e-02,0.000000000000000000e+00,0.000000000000000000e+00,2.000000000000000000e+04
4.500000000000000111e-01,1.800000000000000044e+00,-7.921042828708349005e-04,-2.893770584095579218e-02,0.000000000000000000e+00,0.000000000000000000e+00,2.000000000000000000e+04
5.000000000000000000e-01,1.800000000000000044e+00,-4.460947363640895653e-04,-3.152964305432550546e-02,0.000000000000000000e+00,0.000000000000000000e+00,2.000000000000000000e+04
5.500000000000000444e-01,1.800000000000000044e+00,-2.601590567922177120e-05,-3.395545275210515995e-02,0.000000000000000000e+00,0.000000000000000000e+00,2.000000000000000000e+04
5.999999999999999778e-01,1.800000000000000044e+00,4.634764375268105095e-04,-3.620399085078844503e-02,0.000000000000000000e+00,0.000000000000000000e+00,2.000000000000000000e+04
6.500000000000000222e-01,1.800000000000000044e+00,1.017351445947449647e-03,-3.826430419641865810e-02,0.000000000000000000e+00,0.000000000000000000e+00,2.000000000000000000e+04
6.999999999999999556e-01,1.800000000000000044e+00,1.630202927367874416e-03,-4.012568213067894268e-02,0.000000000000000000e+00,0.000000000000000000e+00,2.000000000000000000e+04
7.500000000000000000e-01,1.800000000000000044e+00,2.296243699803067820e-03,-4.177771149980480381e-02,0.000000000000000000e+00,0.000000000000000000e+00,2.000000000000000000e+04
8.000000000000000444e-01,1.800000000000000044e+00,3.009294274115381466e-03,-4.321033758721773421e-02,0.000000000000000000e+00,0.000000000000000000e+00,2.000000000000000000e+04
8.499999999999999778e-01,1.800000000000000044e+00,3.762766008887629635e-03,-4.441393361408060847e-02,0.000000000000000000e+00,0.000000000000000000e+00,2.000000000000000000e+04
9.000000000000000222e-01,1.800000000000000044e+00,4.549639364891487105e-03,-4.537938148982848668e-02,0.000000000000000000e+00,0.000000000000000000e+00,2.000000000000000000e+04
9.499999999999999556e-01,1.800000000000000044e+00,5.362438396252722228e-03,-4.609816638497391678e-02,0.000000000000000000e+00,0.000000000000000000e+00,2.000000000000000000e+04
1.000000000000000000e+00,1.800000000000000044e+00,6.193203134648198396e-03,-4.656248742325501400e-02,0.000000000000000000e+00,0.000000000000000000e+00,2.000000000000000000e+04
0.000000000000000000e+00,1.850000000000000089e+00,0.000000000000000000e+00,0.000000000000000000e+00,1.000000000000000000e+00,0.000000000000000000e+00,2.000000000000000000e+04
5.000000000000000278e-02,1.850000000000000089e+00,-4.851428765041988496e-04,-3.720811780386156821e-03,0.000000000000000000e+00,0.000000000000000000e+00,2.000000000000000000e+04
1.000000000000000056e-01,1.850000000000000089e+00,-8.681772043991523675e-04,-7.374415661173481899e-03,0.000000000000000000e+00,0.000000000000000000e+00,2.000000000000000000e+04
1.499999999999999944e-01,1.850000000000000089e+00,-1.149979943433422289e-03,-1.094996725409702609e-02,0.000000000000000000e+00,0.000000000000000000e+00,2.000000000000000000e+04
2.000000000000000111e-01,1.850000000000000089e+00,-1.331883324643411831e-03,-1.443624899175079482e-02,0.000000000000000000e+00,0.000000000000000000e+00,2.000000000000000000e+04
2.500000000000000000e-01,1.850000000000000089e+00,-1.415685530167247203e-03,-1.782175130443373889e-02,0.000000000000000000e+00,0.000000000000000000e+00,2.000000000000000000e+04
2.999999999999999889e-01,1.850000000000000089e+00,-1.403651490074306124e-03,-2.109475097483352879e-02,0.000000000000000000e+00,0.000000000000000000e+00,2.000000000000000000e+04
3.499999999999999778e-01,1.850000000000000089e+00,-1.298506126980390665e-03,-2.424338494135071936e-02,0.000000000000000000e+00,0.000000000000000000e+00,2.000000000000000000e+04
4.000000000000000222e-01,1.850000000000000089e+00,-1.103422398625553743e-03,-2.725571849282366205e-02,0.000000000000000000e+00,0.000000000000000000e+00,2.000000000000000000e+04
4.500000000000000111e-01,1.850000000000000089e+00,-8.220064492990110990e-04,-3.011980742599604938e-02,0.000000000000000000e+00,0.000000000000000000e+00,2.000000000000000000e+04
5.000000000000000000e-01,1.850000000000000089e+00,-4.582820910206426433e-04,-3.282375432910310253e-02,0.000000000000000000e+00,0.000000000000000000e+00,2.000000000000000000e+04
5.500000000000000444e-01,1.850000000000000089e+00,-1.667669636011458181e-05,-3.535575971723245448e-02,0.000000000000000000e+00,0.000000000000000000e+00,2.000000000000000000e+04
5.999999999999999778e-01,1.850000000000000089e+00,4.979896067787954001e-04,-3.770416928100704668e-02,0.000000000000000000e+00,0.000000000000000000e+00,2.000000000000000000e+04
6.500000000000000222e-01,1.850000000000000089e+00,1.080509798735800704e-03,-3.985751901709042033e-02,0.000000000000000000e+00,0.000000000000000000e+00,2.000000000000000000e+04
6.999999999999999556e-01,1.850000000000000089e+00,1.725289567419354851e-03,-4.180458047717970638e-02,0.000000000000000000e+00,0.000000000000000000e+00,2.000000000000000000e+04
7.500000000000000000e-01,1.850000000000000089e+00,2.426339709825360829e-03,-4.353440878423184279e-02,0.000000000000000000e+00,0.000000000000000000e+00,2.000000000000000000e+04
8.000000000000000444e-01,1.850000000000000089e+00,3.177260864965640672e-03,-4.503639639690056734e-02,0.000000000000000000e+00,0.000000000000000000e+00,2.000000000000000000e+04
8.499999999999999778e-01,1.850000000000000089e+00,3.971220640047450935e-03,-4.630033582735607750e-02,0.000000000000000000e+00,0.000000000000000000e+00,2.000000000000000000e+04
9.000000000000000222e-01,1.850000000000000089e+00,4.800923783831074175e-03,-4.731649460402392177e-02,0.000000000000000000e+00,0.000000000000000000e+00,2.000000000000000000e+04
9.499999999999999556e-01,1.850000000000000089e+00,5.658576695543321954e-03,-4.807570569123106874e-02,0.000000000000000000e+00,0.000000000000000000e+00,2.000000000000000000e+04
1.000000000000000000e+00,1.850000000000000089e+00,6.535848211380501128e-03,-4.856947630932854226e-02,0.000000000000000000e+00,0.000000000000000000e+00,2.000000000000000000e+04
0.000000000000000000e+00,1.899999999999999911e+00,0.000000000000000000e+00,0.000000000000000000e+00,1.000000000000000000e+00,0.000000000000000000e+00,2.000000000000000000e+04
5.000000000000000278e-02,1.899999999999999911e+00,-5.058348847859586196e-04,-3.867149702811320706e-03,0.000000000000000000e+00,0.000000000000000000e+00,2.000000000000000000e+04
1.000000000000000056e-01,1.899999999999999911e+00,-9.050928130342402204e-04,-7.666309998588958542e-03,0.000000000000000000e+00,0.000000000000000000e+00,2.000000000000000000e+04
1.499999999999999944e-01,1.899999999999999911e+00,-1.198562401318139766e-03,-1.138606742493393151e-02,0.000000000000000000e+00,0.000000000000000000e+00,2.000000000000000000e+04
2.000000000000000111e-01,1.899999999999999911e+00,-1.387536346530935435e-03,-1.501461168218130512e-02,0.000000000000000000e+00,0.000000000000000000e+00,2.000000000000000000e+04
2.500000000000000000e-01,1.899999999999999911e+00,-1.473819163187994928e-03,-1.853983042457045538e-02,0.000000000000000000e+00,0.000000000000000000e+00,2.000000000000000000e+04
2.999999999999999889e-01,1.899999999999999911e+00,-1.459723582203529537e-03,-2.194939834465733583e-02,0.000000000000000000e+00,0.000000000000000000e+00,2.000000000000000000e+04
3.499999999999999778e-01,1.899999999999999911e+00,-1.348058406954054074e-03,-2.523085878796255122e-02,0.000000000000000000e+00,0.000000000000000000e+00,2.000000000000000000e+04
4.000000000000000222e-01,1.899999999999999911e+00,-1.142110619599213299e-03,-2.837169687896236303e-02,0.000000000000000000e+00,0.000000000000000000e+00,2.000000000000000000e+04
4.500000000000000111e-01,1.899999999999999911e+00,-8.456244759476708216e-04,-3.135940382493885431e-02,0.000000000000000000e+00,0.000000000000000000e+00,2.000000000000000000e+04
5.000000000000000000e-01,1.899999999999999911e+00,-4.627802280827064598e-04,-3.418153270685457545e-02,0.000000000000000000e+00,0.000000000000000000e+00,2.000000000000000000e+04
5.500000000000000444e-01,1.899999999999999911e+00,1.825031150832810014e-06,-3.682574668119223404e-02,0.000000000000000000e+00,0.000000000000000000e+00,2.000000000000000000e+04
5.999999999999999778e-01,1.899999999999999911e+00,5.431921075612461099e-04,-3.927986111291006943e-02,0.000000000000000000e+00,0.000000000000000000e+00,2.000000000000000000e+04
6.500000000000000222e-01,1.899999999999999911e+00,1.155928002148829152e-03,-4.153188173781720283e-02,0.000000000000000000e+00,0.000000000000000000e+00,2.000000000000000000e+04
6.999999999999999556e-01,1.899999999999999911e+00,1.834246086654732965e-03,-4.357004150278737109e-02,0.000000000000000000e+00,0.000000000000000000e+00,2.000000000000000000e+04
7.500000000000000000e-01,1.899999999999999911e+00,2.571956920867188735e-03,-4.538283923378051005e-02,0.000000000000000000e+00,0.000000000000000000e+00,2.000000000000000000e+04
8.000000000000000444e-01,1.899999999999999911e+00,3.362449012870473777e-03,-4.695908370499459611e-02,0.000000000000000000e+00,0.000000000000000000e+00,2.000000000000000000e+04
8.499999999999999778e-01,1.899999999999999911e+00,4.198659456905166898e-03,-4.828794699167424098e-02,0.000000000000000000e+00,0.000000000000000000e+00,2.000000000000000000e+04
9.000000000000000222e-01,1.899999999999999911e+00,5.073035100268687494e-03,-4.935903114567285338e-02,0.000000000000000000e+00,0.000000000000000000e+00,2.000000000000000000e+04
9.499999999999999556e-01,1.899999999999999911e+00,5.977485669502479761e-03,-5.016245220015862899e-02,0.000000000000000000e+00,0.000000000000000000e+00,2.000000000000000000e+04
1.000000000000000000e+00,1.899999999999999911e+00,6.903331097177998685e-03,-5.068894525747903029e-02,0.000000000000000000e+00,0.000000000000000000e+00,2.000000000000000000e+04
0.000000000000000000e+00,1.949999999999999956e+00,0.000000000000000000e+00,0.000000000000000000e+00,1.000000000000000000e+00,0.000000000000000000e+00,2.000000000000000000e+04
5.000000000000000278e-02,1.949999999999999956e+00,-5.264691780789674831e-04,-4.019832554754083909e-03,0.000000000000000000e+00,0.000000000000000000e+00,2.000000000000000000e+04
1.000000000000000056e-01,1.949999999999999956e+00,-9.416608210231562333e-04,-7.971116578403053196e-03,0.000000000000000000e+00,0.000000000000000000e+00,2.000000000000000000e+04
1.499999999999999944e-01,1.949999999999999956e+00,-1.246274825783732750e-03,-1.184180302217492133e-02,0.000000000000000000e+00,0.000000000000000000e+00,2.000000000000000000e+04
2.000000000000000111e-01,1.949999999999999956e+00,-1.441573263093538088e-03,-1.561942527333526169e-02,0.000000000000000000e+00,0.000000000000000000e+00,2.000000000000000000e+04
2.500000000000000000e-01,1.949999999999999956e+00,-1.529383405608730024e-03,-1.929120954034680216e-02,0.000000000000000000e+00,0.000000000000000000e+00,2.000000000000000000e+04
2.999999999999999889e-01,1.949999999999999956e+00,-1.512087883541912876e-03,-2.284417605660376410e-02,0.000000000000000000e+00,0.000000000000000000e+00,2.000000000000000000e+04
3.499999999999999778e-01,1.949999999999999956e+00,-1.392605272665982993e-03,-2.626522934679660984e-02,0.000000000000000000e+00,0.000000000000000000e+00,2.000000000000000000e+04
4.000000000000000222e-01,1.949999999999999956e+00,-1.174364385088828020e-03,-2.954123660631280401e-02,0.000000000000000000e+00,0.000000000000000000e+00,2.000000000000000000e+04
4.500000000000000111e-01,1.949999999999999956e+00,-8.612754610631232237e-04,-3.265909397478043014e-02,0.000000000000000000e+00,0.000000000000000000e+00,2.000000000000000000e+04
5.000000000000000000e-01,1.949999999999999956e+00,-4.577013562551920955e-04,-3.560578116891618961e-02,0.000000000000000000e+00,0.000000000000000000e+00,2.000000000000000000e+04
5.500000000000000444e-01,1.949999999999999956e+00,3.156832339766926684e-05,-3.836840560338884709e-02,0.000000000000000000e+00,0.000000000000000000e+00,2.000000000000000000e+04
5.999999999999999778e-01,1.949999999999999956e+00,6.013373842023202057e-04,-4.093423778878235719e-02,0.000000000000000000e+00,0.000000000000000000e+00,2.000000000000000000e+04
6.500000000000000222e-01,1.949999999999999956e+00,1.246015023183687665e-03,-4.329074045732925202e-02,0.000000000000000000e+00,0.000000000000000000e+00,2.000000000000000000e+04
6.999999999999999556e-01,1.949999999999999956e+00,1.959617513708223832e-03,-4.542559451934444215e-02,0.000000000000000000e+00,0.000000000000000000e+00,2.000000000000000000e+04
7.500000000000000000e-01,1.949999999999999956e+00,2.735757979575082193e-03,-4.732672557088951626e-02,0.000000000000000000e+00,0.000000000000000000e+00,2.000000000000000000e+04
8.000000000000000444e-01,1.949999999999999956e+00,3.567623257117524121e-03,-4.898233521810976127e-02,0.000000000000000000e+00,0.000000000000000000e+00,2.000000000000000000e+04
8.499999999999999778e-01,1.949999999999999956e+00,4.447937590720900045e-03,-5.038094190900579972e-02,0.000000000000000000e+00,0.000000000000000000e+00,2.000000000000000000e+04
9.000000000000000222e-01,1.949999999999999956e+00,5.368913767424158406e-03,-5.151143621846739767e-02,0.000000000000000000e+00,0.000000000000000000e+00,2.000000000000000000e+04
9.499999999999999556e-01,1.949999999999999956e+00,6.322193244675535298e-03,-5.236315556863344739e-02,0.000000000000000000e+00,0.000000000000000000e+00,2.000000000000000000e+04
1.000000000000000000e+00,1.949999999999999956e+00,7.298777823829477943e-03,-5.292598314328317288e-02,0.000000000000000000e+00,0.000000000000000000e+00,2.000000000000000000e+04
0.000000000000000000e+00,2.000000000000000000e+00,0.000000000000000000e+00,0.000000000000000000e+00,1.000000000000000000e+00,0.000000000000000000e+00,2.000000000000000000e+04
5.000000000000000278e-02,2.000000000000000000e+00,-5.469109025980057291e-04,-4.179202888351096594e-03,0.000000000000000000e+00,0.000000000000000000e+00,2.000000000000000000e+04
1.000000000000000056e-01,2.000000000000000000e+00,-9.775821285013723636e-04,-8.289535213453861143e-03,0.000000000000000000e+00,0.000000000000000000e+00,2.000000000000000000e+04
1.499999999999999944e-01,2.000000000000000000e+00,-1.292626727804926197e-03,-1.231823267667707389e-02,0.000000000000000000e+00,0.000000000000000000e+00,2.000000000000000000e+04
2.000000000000000111e-01,2.000000000000000000e+00,-1.493288742396032187e-03,-1.625209791722819971e-02,0.000000000000000000e+00,0.000000000000000000e+00,2.000000000000000000e+04
2.500000000000000000e-01,2.000000000000000000e+00,-1.581439432464064147e-03,-2.007762856555977971e-02,0.000000000000000000e+00,0.000000000000000000e+00,2.000000000000000000e+04
2.999999999999999889e-01,2.000000000000000000e+00,-1.559559038720206804e-03,-2.378113199047628828e-02,0.000000000000000000e+00,0.000000000000000000e+00,2.000000000000000000e+04
3.499999999999999778e-01,2.000000000000000000e+00,-1.430707928384874865e-03,-2.734882505009263165e-02,0.000000000000000000e+00,0.000000000000000000e+00,2.000000000000000000e+04
4.000000000000000222e-01,2.000000000000000000e+00,-1.198490896482032895e-03,-3.076691800547906933e-02,0.000000000000000000e+00,0.000000000000000000e+00,2.000000000000000000e+04
4.500000000000000111e-01,2.000000000000000000e+00,-8.670183044332336122e-04,-3.402168251076338051e-02,0.000000000000000000e+00,0.000000000000000000e+00,2.000000000000000000e+04
5.000000000000000000e-01,2.000000000000000000e+00,-4.408676382691990555e-04,-3.709950430199452504e-02,0.000000000000000000e+00,0.000000000000000000e+00,2.000000000000000000e+04
5.500000000000000444e-01,2.000000000000000000e+00,7.495105555700781405e-05,-3.998692191073972835e-02,0.000000000000000000e+00,0.000000000000000000e+00,2.000000000000000000e+04
5.999999999999999778e-01,2.000000000000000000e+00,6.750225751109393971e-04,-4.267065345515332064e-02,0.000000000000000000e+00,0.000000000000000000e+00,2.000000000000000000e+04
6.500000000000000222e-01,2.000000000000000000e+00,1.353543789617052536e-03,-4.513761432033338433e-02,0.000000000000000000e+00,0.000000000000000000e+00,2.000000000000000000e+04
6.999999999999999556e-01,2.000000000000000000e+00,2.104328052300240455e-03,-4.737492931934854379e-02,0.000000000000000000e+00,0.000000000000000000e+00,2.000000000000000000e+04
7.500000000000000000e-01,2.000000000000000000e+00,2.920794697423894672e-03,-4.936994369403791688e-02,0.000000000000000000e+00,0.000000000000000000e+00,2.000000000000000000e+04
8.000000000000000444e-01,2.000000000000000000e+00,3.795942220762349439e-03,-5.111023802071058136e-02,0.000000000000000000e+00,0.000000000000000000e+00,2.000000000000000000e+04
8.499999999999999778e-01,2.000000000000000000e+00,4.722304614326992139e-03,-5.258365266808934929e-02,0.000000000000000000e+00,0.000000000000000000e+00,2.000000000000000000e+04
9.000000000000000222e-01,2.000000000000000000e+00,5.691891353219550968e-03,-5.377832784584652553e-02,0.000000000000000000e+00,0.000000000000000000e+00,2.000000000000000000e+04
9.499999999999999556e-01,2.000000000000000000e+00,6.696112682531611682e-03,-5.468276541699629290e-02,0.000000000000000000e+00,0.000000000000000000e+00,2.000000000000000000e+04
1.000000000000000000e+00,2.000000000000000000e+00,7.725693076941361759e-03,-5.528591847143934923e-02,0.000000000000000000e+00,0.000000000000000000e+00,2.000000000000000000e+04
0.000000000000000000e+00,2.049999999999999822e+00,0.000000000000000000e+00,0.000000000000000000e+00,1.000000000000000000e+00,0.000000000000000000e+00,2.000000000000000000e+04
5.000000000000000278e-02,2.049999999999999822e+00,-5.670097127448716322e-04,-4.345650174884013034e-03,0.000000000000000000e+00,0.000000000000000000e+00,2.000000000000000000e+04
1.000000000000000056e-01,2.049999999999999822e+00,-1.012520196507329332e-03,-8.622357592632488854e-03,0.000000000000000000e+00,0.000000000000000000e+00,2.000000000000000000e+04
1.499999999999999944e-01,2.049999999999999822e+00,-1.337062618797447066e-03,-1.281654790045918570e-02,0.000000000000000000e+00,0.000000000000000000e+00,2.000000000000000000e+04
2.000000000000000111e-01,2.049999999999999822e+00,-1.541880222999348184e-03,-1.691420616757676257e-02,0.000000000000000000e+00,0.000000000000000000e+00,2.000000000000000000e+04
2.500000000000000000e-01,2.049999999999999822e+00,-1.628915311485949974e-03,-2.090102473414150522e-02,0.000000000000000000e+00,0.000000000000000000e+00,2.000000000000000000e+04
2.999999999999999889e-01,2.049999999999999822e+00,-1.600780147488872892e-03,-2.476253293067802105e-02,0.000000000000000000e+00,0.000000000000000000e+00,2.000000000000000000e+04
3.499999999999999778e-01,2.049999999999999822e+00,-1.460716183348909113e-03,-2.848420712521865239e-02,0.000000000000000000e+00,0.000000000000000000e+00,2.000000000000000000e+04
4.000000000000000222e-01,2.049999999999999822e+00,-1.212545893165416612e-03,-3.205156041217450957e-02,0.000000000000000000e+00,0.000000000000000000e+00,2.000000000000000000e+04
4.500000000000000111e-01,2.049999999999999822e+00,-8.606213844422872482e-04,-3.545021200176512455e-02,0.000000000000000000e+00,0.000000000000000000e+00,2.000000000000000000e+04
5.000000000000000000e-01,2.049999999999999822e+00,-4.097738834911985976e-04,-3.866593707439107408e-02,0.000000000000000000e+00,0.000000000000000000e+00,2.000000000000000000e+04
5.500000000000000444e-01,2.049999999999999822e+00,1.347318930810897074e-04,-4.168469859292859431e-02,0.000000000000000000e+00,0.000000000000000000e+00,2.000000000000000000e+04
5.999999999999999778e-01,2.049999999999999822e+00,7.672345965427506288e-04,-4.449266335939905392e-02,0.000000000000000000e+00,0.000000000000000000e+00,2.000000000000000000e+04
6.500000000000000222e-01,2.049999999999999822e+00,1.481700674962188212e-03,-4.707620547584370763e-02,0.000000000000000000e+00,0.000000000000000000e+00,2.000000000000000000e+04
6.999999999999999556e-01,2.049999999999999822e+00,2.271733088206174742e-03,-4.942190130825093591e-02,0.000000000000000000e+00,0.000000000000000000e+00,2.000000000000000000e+04
7.500000000000000000e-01,2.049999999999999822e+00,3.130561590625880256e-03,-5.151652101462481786e-02,0.000000000000000000e+00,0.000000000000000000e+00,2.000000000000000000e+04
8.000000000000000444e-01,2.049999999999999822e+00,4.051012649121959845e-03,-5.334702261743716478e-02,0.000000000000000000e+00,0.000000000000000000e+00,2.000000000000000000e+04
8.499999999999999778e-01,2.049999999999999822e+00,5.025458077007671082e-03,-5.490055539376862553e-02,0.000000000000000000e+00,0.000000000000000000e+00,2.000000000000000000e+04
9.000000000000000222e-01,2.049999999999999822e+00,6.045742686709738335e-03,-5.616447993322091353e-02,0.000000000000000000e+00,0.000000000000000000e+00,2.000000000000000000e+04
9.499999999999999556e-01,2.049999999999999822e+00,7.103092656533340800e-03,-5.712641248740557565e-02,0.000000000000000000e+00,0.000000000000000000e+00,2.000000000000000000e+04
1.000000000000000000e+00,2.049999999999999822e+00,8.188007807247059747e-03,-5.777430113205499207e-02,0.000000000000000000e+00,0.000000000000000000e+00,2.000000000000000000e+04
0.000000000000000000e+00,2.100000000000000089e+00,0.000000000000000000e+00,0.000000000000000000e+00,1.000000000000000000e+00,0.000000000000000000e+00,2.000000000000000000e+04
5.000000000000000278e-02,2.100000000000000089e+00,-5.865991970888347670e-04,-4.519621105354040304e-03,0.000000000000000000e+00,0.000000000000000000e+00,2.000000000000000000e+04
1.000000000000000056e-01,2.100000000000000089e+00,-1.046098873388941544e-03,-8.970486538362682297e-03,0.000000000000000000e+00,0.000000000000000000e+00,2.000000000000000000e+04
1.499999999999999944e-01,2.100000000000000089e+00,-1.378957339413015154e-03,-1.333809983856569167e-02,0.000000000000000000e+00,0.000000000000000000e+00,2.000000000000000000e+04
2.000000000000000111e-01,2.100000000000000089e+00,-1.586439953087387259e-03,-1.760752768802835780e-02,0.000000000000000000e+00,0.000000000000000000e+00,2.000000000000000000e+04
2.500000000000000000e-01,2.100000000000000089e+00,-1.670594056117006513e-03,-2.176356967244170645e-02,0.000000000000000000e+00,0.000000000000000000e+00,2.000000000000000000e+04
2.999999999999999889e-01,2.100000000000000089e+00,-1.634206234512288521e-03,-2.579090436521203414e-02,0.000000000000000000e+00,0.000000000000000000e+00,2.000000000000000000e+04
3.499999999999999778e-01,2.100000000000000089e+00,-1.480746858091864723e-03,-2.967421044592894602e-02,0.000000000000000000e+00,0.000000000000000000e+00,2.000000000000000000e+04
4.000000000000000222e-01,2.100000000000000089e+00,-1.214306660144990604e-03,-3.339826237505925943e-02,0.000000000000000000e+00,0.000000000000000000e+00,2.000000000000000000e+04
4.500000000000000111e-01,2.100000000000000089e+00,-8.395300102647156254e-04,-3.694800082875448338e-02,0.000000000000000000e+00,0.000000000000000000e+00,2.000000000000000000e+04
5.000000000000000000e-01,2.100000000000000089e+00,-3.615494987943675348e-04,-4.030857875866172141e-02,0.000000000000000000e+00,0.000000000000000000e+00,2.000000000000000000e+04
5.500000000000000444e-01,2.100000000000000089e+00,2.140735529673629069e-04,-4.346538467147882667e-02,0.000000000000000000e+00,0.000000000000000000e+00,2.000000000000000000e+04
5.999999999999999778e-01,2.100000000000000089e+00,8.813980818410009155e-04,-4.640404558133698343e-02,0.000000000000000000e+00,0.000000000000000000e+00,2.000000000000000000e+04
6.500000000000000222e-01,2.100000000000000089e+00,1.634137345870133231e-03,-4.911041309669968158e-02,0.000000000000000000e+00,0.000000000000000000e+00,2.000000000000000000e+04
6.999999999999999556e-01,2.100000000000000089e+00,2.465673970938652652e-03,-5.157053724380130516e-02,0.000000000000000000e+00,0.000000000000000000e+00,2.000000000000000000e+04
7.500000000000000000e-01,2.100000000000000089e+00,3.369052472585075658e-03,-5.377063384393637041e-02,0.000000000000000000e+00,0.000000000000000000e+00,2.000000000000000000e+04
8.000000000000000444e-01,2.100000000000000089e+00,4.336946615364855803e-03,-5.569705246308388757e-02,0.000000000000000000e+00,0.000000000000000000e+00,2.000000000000000000e+04
8.499999999999999778e-01,2.100000000000000089e+00,5.361600143884437571e-03,-5.733625302787320049e-02,0.000000000000000000e+00,0.000000000000000000e+00,2.000000000000000000e+04
9.000000000000000222e-01,2.100000000000000089e+00,6.434740873352762930e-03,-5.867480003081550904e-02,0.000000000000000000e+00,0.000000000000000000e+00,2.000000000000000000e+04
9.499999999999999556e-01,2.100000000000000089e+00,7.547469812769315618e-03,-5.969938371416762951e-02,0.000000000000000000e+00,0.000000000000000000e+00,2.000000000000000000e+04
1.000000000000000000e+00,2.100000000000000089e+00,8.690128833130948000e-03,-6.039687762806189575e-02,0.000000000000000000e+00,0.000000000000000000e+00,2.000000000000000000e+04
0.000000000000000000e+00,2.149999999999999911e+00,0.000000000000000000e+00,0.000000000000000000e+00,1.000000000000000000e+00,0.000000000000000000e+00,2.000000000000000000e+04
5.000000000000000278e-02,2.149999999999999911e+00,-6.054967700355740057e-04,-4.701631472764104293e-03,0.000000000000000000e+00,0.000000000000000000e+00,2.000000000000000000e+04
1.000000000000000056e-01,2.149999999999999911e+00,-1.077901076435930318e-03,-9.334958162628937198e-03,0.000000000000000000e+00,0.000000000000000000e+00,2.000000000000000000e+04
1.499999999999999944e-01,2.149999999999999911e+00,-1.417612556265870774e-03,-1.388443001541237072e-02,0.000000000000000000e+00,0.000000000000000000e+00,2.000000000000000000e+04
2.000000000000000111e-01,2.149999999999999911e+00,-1.625948418326050339e-03,-1.833407886208806431e-02,0.000000000000000000e+00,0.000000000000000000e+00,2.000000000000000000e+04
2.500000000000000000e-01,2.149999999999999911e+00,-1.705103173819927332e-03,-2.266771210584112017e-02,0.000000000000000000e+00,0.000000000000000000e+00,2.000000000000000000e+04
2.999999999999999889e-01,2.149999999999999911e+00,-1.658089184708774928e-03,-2.686907647128149515e-02,0.000000000000000000e+00,0.000000000000000000e+00,2.000000000000000000e+04
3.499999999999999778e-01,2.149999999999999911e+00,-1.488663475239387869e-03,-3.092199091871011829e-02,0.000000000000000000e+00,0.000000000000000000e+00,2.000000000000000000e+04
4.000000000000000222e-01,2.149999999999999911e+00,-1.201245985043819606e-03,-3.481044850801457563e-02,0.000000000000000000e+00,0.000000000000000000e+00,2.000000000000000000e+04
4.500000000000000111e-01,2.149999999999999911e+00,-8.008343470774721739e-04,-3.851868753861348998e-02,0.000000000000000000e+00,0.000000000000000000e+00,2.000000000000000000e+04
5.000000000000000000e-01,2.149999999999999911e+00,-2.929203237596362413e-04,-4.203123284807606247e-02,0.000000000000000000e+00,0.000000000000000000e+00,2.000000000000000000e+04
5.500000000000000444e-01,2.149999999999999911e+00,3.165868382131339334e-04,-4.533290884869811688e-02,0.000000000000000000e+00,0.000000000000000000e+00,2.000000000000000000e+04
5.999999999999999778e-01,2.149999999999999911e+00,1.021424765803530125e-03,-4.840882680047763065e-02,0.000000000000000000e+00,0.000000000000000000e+00,2.000000000000000000e+04
6.500000000000000222e-01,2.149999999999999911e+00,1.815024680991924677e-03,-5.124434998981947098e-02,0.000000000000000000e+00,0.000000000000000000e+00,2.000000000000000000e+04
6.999999999999999556e-01,2.149999999999999911e+00,2.690535388180647757e-03,-5.382504188028441883e-02,0.000000000000000000e+00,0.000000000000000000e+00,2.000000000000000000e+04
7.500000000000000000e-01,2.149999999999999911e+00,3.640820003040935900e-03,-5.613660384775088358e-02,0.000000000000000000e+00,0.000000000000000000e+00,2.000000000000000000e+04
8.000000000000000444e-01,2.149999999999999911e+00,4.658421850412273850e-03,-5.816481068710798591e-02,0.000000000000000000e+00,0.000000000000000000e+00,2.000000000000000000e+04
8.499999999999999778e-01,2.149999999999999911e+00,5.735497310618238587e-03,-5.989545353067722566e-02,0.000000000000000000e+00,0.000000000000000000e+00,2.000000000000000000e+04
9.000000000000000222e-01,2.149999999999999911e+00,6.863715122333659963e-03,-6.131430098770386528e-02,0.000000000000000000e+00,0.000000000000000000e+00,2.000000000000000000e+04
9.499999999999999556e-01,2.149999999999999911e+00,8.034123692334428288e-03,-6.240709004529128301e-02,0.000000000000000000e+00,0.000000000000000000e+00,2.000000000000000000e+04
1.000000000000000000e+00,2.149999999999999911e+00,9.236990219749323383e-03,-6.315955843532763958e-02,0.000000000000000000e+00,0.000000000000000000e+00,2.000000000000000000e+04
0.000000000000000000e+00,2.200000000000000178e+00,0.000000000000000000e+00,0.000000000000000000e+00,1.000000000000000000e+00,0.000000000000000000e+00,2.000000000000000000e+04
5.000000000000000278e-02,2.200000000000000178e+00,-6.235041713792870491e-04,-4.892279732616166762e-03,0.000000000000000000e+00,0.000000000000000000e+00,2.000000000000000000e+04
1.000000000000000056e-01,2.200000000000000178e+00,-1.107468632314729130e-03,-9.716967090531965570e-03,0.000000000000000000e+00,0.000000000000000000e+00,2.000000000000000000e+04
1.499999999999999944e-01,2.200000000000000178e+00,-1.452254901526576309e-03,-1.445730531859092637e-02,0.000000000000000000e+00,0.000000000000000000e+00,2.000000000000000000e+04
2.000000000000000111e-01,2.200000000000000178e+00,-1.659269800937802301e-03,-1.909615763971525201e-02,0.000000000000000000e+00,0.000000000000000000e+00,2.000000000000000000e+04
2.500000000000000000e-01,2.200000000000000178e+00,-1.730906500395058660e-03,-2.361622665074245009e-02,0.000000000000000000e+00,0.000000000000000000e+00,2.000000000000000000e+04
2.999999999999999889e-01,2.200000000000000178e+00,-1.670465049264489724e-03,-2.800023687463942118e-02,0.000000000000000000e+00,0.000000000000000000e+00,2.000000000000000000e+04
3.499999999999999778e-01,2.200000000000000178e+00,-1.482058209303280510e-03,-3.223108013491366580e-02,0.000000000000000000e+00,0.000000000000000000e+00,2.000000000000000000e+04
4.000000000000000222e-01,2.200000000000000178e+00,-1.170508057073446238e-03,-3.629192385000663129e-02,0.000000000000000000e+00,0.000000000000000000e+00,2.000000000000000000e+04
4.500000000000000111e-01,2.200000000000000178e+00,-7.412387730174682535e-04,-4.016628263648495956e-02,0.000000000000000000e+00,0.000000000000000000e+00,2.000000000000000000e+04
5.000000000000000000e-01,2.200000000000000178e+00,-2.001712282599010708e-04,-4.383805397672618787e-02,0.000000000000000000e+00,0.000000000000000000e+00,2.000000000000000000e+04
5.500000000000000444e-01,2.200000000000000178e+00,4.463746846530296697e-04,-4.729151932239872985e-02,0.000000000000000000e+00,0.000000000000000000e+00,2.000000000000000000e+04
5.999999999999999778e-01,2.200000000000000178e+00,1.191763693105976456e-03,-5.051131297905794154e-02,0.000000000000000000e+00,0.000000000000000000e+00,2.000000000000000000e+04
6.500000000000000222e-01,2.200000000000000178e+00,2.029108286058476773e-03,-5.348236248642476709e-02,0.000000000000000000e+00,0.000000000000000000e+00,2.000000000000000000e+04
6.999999999999999556e-01,2.200000000000000178e+00,2.951304992745709937e-03,-5.618980593646730193e-02,0.000000000000000000e+00,0.000000000000000000e+00,2.000000000000000000e+04
7.500000000000000000e-01,2.200000000000000178e+00,3.951037962246160481e-03,-5.861889365190928874e-02,0.000000000000000000e+00,0.000000000000000000e+00,2.000000000000000000e+04
8.000000000000000444e-01,2.200000000000000178e+00,5.020745034879010339e-03,-6.075488371796542580e-02,0.000000000000000000e+00,0.000000000000000000e+00,2.000000000000000000e+04
8.499999999999999778e-01,2.200000000000000178e+00,6.152543052996364142e-03,-6.258294281679754878e-02,0.000000000000000000e+00,0.000000000000000000e+00,2.000000000000000000e+04
9.000000000000000222e-01,2.200000000000000178e+00,7.338111217076868226e-03,-6.408806543978616543e-02,0.000000000000000000e+00,0.000000000000000000e+00,2.000000000000000000e+04
9.499999999999999556e-01,2.200000000000000178e+00,8.568533771822192668e-03,-6.525502564309811071e-02,0.000000000000000000e+00,0.000000000000000000e+00,2.000000000000000000e+04
1.000000000000000000e+00,2.200000000000000178e+00,9.834106081324751197e-03,-6.606837589959686785e-02,0.000000000000000000e+00,0.000000000000000000e+00,2.000000000000000000e+04
0.000000000000000000e+00,2.250000000000000000e+00,0.000000000000000000e+00,0.000000000000000000e+00,1.000000000000000000e+00,0.000000000000000000e+00,2.000000000000000000e+04
5.000000000000000278e-02,2.250000000000000000e+00,-6.404087456298078679e-04,-5.092262297066726430e-03,0.000000000000000000e+00,0.000000000000000000e+00,2.000000000000000000e+04
1.000000000000000056e-01,2.250000000000000000e+00,-1.134303652106023177e-03,-1.011789484604777925e-02,0.000000000000000000e+00,0.000000000000000000e+00,2.000000000000000000e+04
1.499999999999999944e-01,2.250000000000000000e+00,-1.482036353352432761e-03,-1.505875737175184186e-02,0.000000000000000000e+00,0.000000000000000000e+00,2.000000000000000000e+04
2.000000000000000111e-01,2.250000000000000000e+00,-1.685150288978866503e-03,-1.989639186779025917e-02,0.000000000000000000e+00,0.000000000000000000e+00,2.000000000000000000e+04
2.500000000000000000e-01,2.250000000000000000e+00,-1.746299337908882067e-03,-2.461226907989647397e-02,0.000000000000000000e+00,0.000000000000000000e+00,2.000000000000000000e+04
2.999999999999999889e-01,2.250000000000000000e+00,-1.669144896611528955e-03,-2.918799074941426375e-02,0.000000000000000000e+00,0.000000000000000000e+00,2.000000000000000000e+04
3.499999999999999778e-01,2.250000000000000000e+00,-1.458237369600563511e-03,-3.360544805372463889e-02,0.000000000000000000e+00,0.000000000000000000e+00,2.000000000000000000e+04
4.000000000000000222e-01,2.250000000000000000e+00,-1.118887616706790719e-03,-3.784693668933745286e-02,0.000000000000000000e+00,0.000000000000000000e+00,2.000000000000000000e+04
4.500000000000000111e-01,2.250000000000000000e+00,-6.570339450282322189e-04,-4.189522892905749724e-02,0.000000000000000000e+00,0.000000000000000000e+00,2.000000000000000000e+04
5.000000000000000000e-01,2.250000000000000000e+00,-7.911065818702188619e-05,-4.573360304652714786e-02,0.000000000000000000e+00,0.000000000000000000e+00,2.000000000000000000e+04
5.500000000000000444e-01,2.250000000000000000e+00,6.080751728535019329e-04,-4.934583097191460460e-02,0.000000000000000000e+00,0.000000000000000000e+00,2.000000000000000000e+04
5.999999999999999778e-01,2.250000000000000000e+00,1.397451371438413522e-03,-5.271612606444385507e-02,0.000000000000000000e+00,0.000000000000000000e+00,2.000000000000000000e+04
6.500000000000000222e-01,2.250000000000000000e+00,2.281764903150116253e-03,-5.582905450435375616e-02,0.000000000000000000e+00,0.000000000000000000e+00,2.000000000000000000e+04
6.999999999999999556e-01,2.250000000000000000e+00,3.253634745920217126e-03,-5.866941596444865542e-02,0.000000000000000000e+00,0.000000000000000000e+00,2.000000000000000000e+04
7.500000000000000000e-01,2.250000000000000000e+00,4.305565849277330666e-03,-6.122210177507766971e-02,0.000000000000000000e+00,0.000000000000000000e+00,2.000000000000000000e+04
8.000000000000000444e-01,2.250000000000000000e+00,5.429917740989350858e-03,-6.347194152418984825e-02,0.000000000000000000e+00,0.000000000000000000e+00,2.000000000000000000e+04
8.499999999999999778e-01,2.250000000000000000e+00,6.618823131093454042e-03,-6.540355166099438844e-02,0.000000000000000000e+00,0.000000000000000000e+00,2.000000000000000000e+04
9.000000000000000222e-01,2.250000000000000000e+00,7.864054319202149618e-03,-6.700120190599215264e-02,0.000000000000000000e+00,0.000000000000000000e+00,2.000000000000000000e+04
9.499999999999999556e-01,2.250000000000000000e+00,9.156838225387377642e-03,-6.824871684310925002e-02,0.000000000000000000e+00,0.000000000000000000e+00,2.000000000000000000e+04
1.000000000000000000e+00,2.250000000000000000e+00,1.048762427886693223e-02,-6.912943076646572982e-02,0.000000000000000000e+00,0.000000000000000000e+00,2.000000000000000000e+04
0.000000000000000000e+00,2.299999999999999822e+00,0.000000000000000000e+00,0.000000000000000000e+00,1.000000000000000000e+00,0.000000000000000000e+00,2.000000000000000000e+04
5.000000000000000278e-02,2.299999999999999822e+00,-6.559857063223467361e-04,-5.302390553053890586e-03,0.000000000000000000e+00,0.000000000000000000e+00,2.000000000000000000e+04
1.000000000000000056e-01,2.299999999999999822e+00,-1.157871900714079047e-03,-1.053934137806082812e-02,0.000000000000000000e+00,0.000000000000000000e+00,2.000000000000000000e+04
1.499999999999999944e-01,2.299999999999999822e+00,-1.506037600849065164e-03,-1.569112630428968341e-02,0.000000000000000000e+00,0.000000000000000000e+00,2.000000000000000000e+04
2.000000000000000111e-01,2.299999999999999822e+00,-1.702220265918019107e-03,-2.073779320988231381e-02,0.000000000000000000e+00,0.000000000000000000e+00,2.000000000000000000e+04
2.500000000000000000e-01,2.299999999999999822e+00,-1.749408186530861760e-03,-2.565943833870594146e-02,0.000000000000000000e+00,0.000000000000000000e+00,2.000000000000000000e+04
2.999999999999999889e-01,2.299999999999999822e+00,-1.651710706796291226e-03,-3.043642877089481127e-02,0.000000000000000000e+00,0.000000000000000000e+00,2.000000000000000000e+04
3.499999999999999778e-01,2.299999999999999822e+00,-1.414212051342117384e-03,-3.504957449931232066e-02,0.000000000000000000e+00,0.000000000000000000e+00,2.000000000000000000e+04
4.000000000000000222e-01,2.299999999999999822e+00,-1.042814045481469483e-03,-3.948025090620545935e-02,0.000000000000000000e+00,0.000000000000000000e+00,2.000000000000000000e+04
4.500000000000000111e-01,2.299999999999999822e+00,-5.440732340769261974e-04,-4.371047170269002496e-02,0.000000000000000000e+00,0.000000000000000000e+00,2.000000000000000000e+04
5.000000000000000000e-01,2.299999999999999822e+00,7.496131430936888557e-05,-4.772291199574305726e-02,0.000000000000000000e+00,0.000000000000000000e+00,2.000000000000000000e+04
5.500000000000000444e-01,2.299999999999999822e+00,8.069021119622358899e-04,-5.150088138959899725e-02,0.000000000000000000e+00,0.000000000000000000e+00,2.000000000000000000e+04
5.999999999999999778e-01,2.299999999999999822e+00,1.644160677004734804e-03,-5.502824809226426056e-02,0.000000000000000000e+00,0.000000000000000000e+00,2.000000000000000000e+04
6.500000000000000222e-01,2.299999999999999822e+00,2.579058735305536903e-03,-5.828931693084623417e-02,0.000000000000000000e+00,0.000000000000000000e+00,2.000000000000000000e+04
6.999999999999999556e-01,2.299999999999999822e+00,3.603903199442197447e-03,-6.126866690141262450e-02,0.000000000000000000e+00,0.000000000000000000e+00,2.000000000000000000e+04
7.500000000000000000e-01,2.299999999999999822e+00,4.711015192295153579e-03,-6.395095719191089267e-02,0.000000000000000000e+00,0.000000000000000000e+00,2.000000000000000000e+04
8.000000000000000444e-01,2.299999999999999822e+00,5.892704523198730344e-03,-6.632071421801907785e-02,0.000000000000000000e+00,0.000000000000000000e+00,2.000000000000000000e+04
8.499999999999999778e-01,2.299999999999999822e+00,7.141183089670986514e-03,-6.836211572814467063e-02,0.000000000000000000e+00,0.000000000000000000e+00,2.000000000000000000e+04
9.000000000000000222e-01,2.299999999999999822e+00,8.448413616616997149e-03,-7.005879107396725813e-02,0.000000000000000000e+00,0.000000000000000000e+00,2.000000000000000000e+04
9.499999999999999556e-01,2.299999999999999822e+00,9.805893817423005573e-03,-7.139365895592113265e-02,0.000000000000000000e+00,0.000000000000000000e+00,2.000000000000000000e+04
1.000000000000000000e+00,2.299999999999999822e+00,1.120438026429616991e-02,-7.234882506867290619e-02,0.000000000000000000e+00,0.000000000000000000e+00,2.000000000000000000e+04
0.000000000000000000e+00,2.350000000000000089e+00,0.000000000000000000e+00,0.000000000000000000e+00,1.000000000000000000e+00,0.000000000000000000e+00,2.000000000000000000e+04
5.000000000000000278e-02,2.350000000000000089e+00,-6.700016269967608643e-04,-5.523609497127683274e-03,0.000000000000000000e+00,0.000000000000000000e+00,2.000000000000000000e+04
1.000000000000000056e-01,2.350000000000000089e+00,-1.177608716490965426e-03,-1.098315953156767631e-02,0.000000000000000000e+00,0.000000000000000000e+00,2.000000000000000000e+04
1.499999999999999944e-01,2.350000000000000089e+00,-1.523275307550276412e-03,-1.635710871195447322e-02,0.000000000000000000e+00,0.000000000000000000e+00,2.000000000000000000e+04
2.000000000000000111e-01,2.350000000000000089e+00,-1.709001659884196687e-03,-2.162381654784353499e-02,0.000000000000000000e+00,0.000000000000000000e+00,2.000000000000000000e+04
2.500000000000000000e-01,2.350000000000000089e+00,-1.738196684036025967e-03,-2.676184541796843702e-02,0.000000000000000000e+00,0.000000000000000000e+00,2.000000000000000000e+04
2.999999999999999889e-01,2.350000000000000089e+00,-1.615518192658019778e-03,-3.175020333530611388e-02,0.000000000000000000e+00,0.000000000000000000e+00,2.000000000000000000e+04
3.499999999999999778e-01,2.350000000000000089e+00,-1.346696018452134876e-03,-3.656853025252585626e-02,0.000000000000000000e+00,0.000000000000000000e+00,2.000000000000000000e+04
4.000000000000000222e-01,2.350000000000000089e+00,-9.383425369018232346e-04,-4.119722898815521978e-02,0.000000000000000000e+00,0.000000000000000000e+00,2.000000000000000000e+04
4.500000000000000111e-01,2.350000000000000089e+00,-3.977556445623032328e-04,-4.561754021876579523e-02,0.000000000000000000e+00,0.000000000000000000e+00,2.000000000000000000e+04
5.000000000000000000e-01,2.350000000000000089e+00,2.672794401937658108e-04,-4.981155992145384209e-02,0.000000000000000000e+00,0.000000000000000000e+00,2.000000000000000000e+04
5.500000000000000444e-01,2.350000000000000089e+00,1.048681391129394590e-03,-5.376219756038318892e-02,0.000000000000000000e+00,0.000000000000000000e+00,2.000000000000000000e+04
5.999999999999999778e-01,2.350000000000000089e+00,1.938246945286403213e-03,-5.745307441531770365e-02,0.000000000000000000e+00,0.000000000000000000e+00,2.000000000000000000e+04
6.500000000000000222e-01,2.350000000000000089e+00,2.927796372515445878e-03,-6.086836379505919381e-02,0.000000000000000000e+00,0.000000000000000000e+00,2.000000000000000000e+04
6.999999999999999556e-01,2.350000000000000089e+00,4.009277641267751900e-03,-6.399257834733748651e-02,0.000000000000000000e+00,0.000000000000000000e+00,2.000000000000000000e+04
7.500000000000000000e-01,2.350000000000000089e+00,5.174816693789943516e-03,-6.681031399841276530e-02,0.000000000000000000e+00,0.000000000000000000e+00,2.000000000000000000e+04
8.000000000000000444e-01,2.350000000000000089e+00,6.416702414757688953e-03,-6.930596481797501873e-02,0.000000000000000000e+00,0.000000000000000000e+00,2.000000000000000000e+04
8.499999999999999778e-01,2.350000000000000089e+00,7.727297266407002520e-03,-7.146342779817663193e-02,0.000000000000000000e+00,0.000000000000000000e+00,2.000000000000000000e+04
9.000000000000000222e-01,2.350000000000000089e+00,9.098868093611042068e-03,-7.326582063453143667e-02,0.000000000000000000e+00,0.000000000000000000e+00,2.000000000000000000e+04
9.499999999999999556e-01,2.350000000000000089e+00,1.052333608373419785e-02,-7.469523864613179798e-02,0.000000000000000000e+00,0.000000000000000000e+00,2.000000000000000000e+04
1.000000000000000000e+00,2.350000000000000089e+00,1.199195003734138121e-02,-7.573257864245527826e-02,0.000000000000000000e+00,0.000000000000000000e+00,2.000000000000000000e+04
0.000000000000000000e+00,2.399999999999999911e+00,0.000000000000000000e+00,0.000000000000000000e+00,1.000000000000000000e+00,0.000000000000000000e+00,2.000000000000000000e+04
5.000000000000000278e-02,2.399999999999999911e+00,-6.822194392020825482e-04,-5.757017738858158373e-03,0.000000000000000000e+00,0.000000000000000000e+00,2.000000000000000000e+04
1.000000000000000056e-01,2.399999999999999911e+00,-1.192928144733305202e-03,-1.145149202100679414e-02,0.000000000000000000e+00,0.000000000000000000e+00,2.000000000000000000e+04
1.499999999999999944e-01,2.399999999999999911e+00,-1.532714383322334069e-03,-1.705980929760586920e-02,0.000000000000000000e+00,0.000000000000000000e+00,2.000000000000000000e+04
2.000000000000000111e-01,2.399999999999999911e+00,-1.703922021967608147e-03,-2.255842445251141429e-02,0.000000000000000000e+00,0.000000000000000000e+00,2.000000000000000000e+04
2.500000000000000000e-01,2.399999999999999911e+00,-1.710479744687104725e-03,-2.792418893675594968e-02,0.000000000000000000e+00,0.000000000000000000e+00,2.000000000000000000e+04
2.999999999999999889e-01,2.399999999999999911e+00,-1.557708881329812394e-03,-3.313461330575915437e-02,0.000000000000000000e+00,0.000000000000000000e+00,2.000000000000000000e+04
3.499999999999999778e-01,2.399999999999999911e+00,-1.252113381944841650e-03,-3.816806848750010916e-02,0.000000000000000000e+00,0.000000000000000000e+00,2.000000000000000000e+04
4.000000000000000222e-01,2.399999999999999911e+00,-8.011550154885182465e-04,-4.300392697778548934e-02,0.000000000000000000e+00,0.000000000000000000e+00,2.000000000000000000e+04
4.500000000000000111e-01,2.399999999999999911e+00,-2.130178613482928995e-04,-4.762264224013658398e-02,0.000000000000000000e+00,0.000000000000000000e+00,2.000000000000000000e+04
5.000000000000000000e-01,2.399999999999999911e+00,5.036317349608781168e-04,-5.200576260242447540e-02,0.000000000000000000e+00,0.000000000000000000e+00,2.000000000000000000e+04
5.500000000000000444e-01,2.399999999999999911e+00,1.339880813247341321e-03,-5.613587539212780420e-02,0.000000000000000000e+00,0.000000000000000000e+00,2.000000000000000000e+04
5.999999999999999778e-01,2.399999999999999911e+00,2.286789237614979785e-03,-5.999647820536941484e-02,0.000000000000000000e+00,0.000000000000000000e+00,2.000000000000000000e+04
6.500000000000000222e-01,2.399999999999999911e+00,3.335578603170254695e-03,-6.357177709668093701e-02,0.000000000000000000e+00,0.000000000000000000e+00,2.000000000000000000e+04
6.999999999999999556e-01,2.399999999999999911e+00,4.477774665768317550e-03,-6.684641593882080512e-02,0.000000000000000000e+00,0.000000000000000000e+00,2.000000000000000000e+04
7.500000000000000000e-01,2.399999999999999911e+00,5.705287000276201663e-03,-6.980514686887988318e-02,0.000000000000000000e+00,0.000000000000000000e+00,2.000000000000000000e+04
8.000000000000000444e-01,2.399999999999999911e+00,7.010410775467184295e-03,-7.243245804350588457e-02,0.000000000000000000e+00,0.000000000000000000e+00,2.000000000000000000e+04
8.499999999999999778e-01,2.399999999999999911e+00,8.385738317173601838e-03,-7.471218117148224758e-02,0.000000000000000000e+00,0.000000000000000000e+00,2.000000000000000000e+04
9.000000000000000222e-01,2.399999999999999911e+00,9.823972393289350999e-03,-7.662710676853876079e-02,0.000000000000000000e+00,0.000000000000000000e+00,2.000000000000000000e+04
9.499999999999999556e-01,2.399999999999999911e+00,1.131763862899179580e-02,-7.815863920392791819e-02,0.000000000000000000e+00,0.000000000000000000e+00,2.000000000000000000e+04
1.000000000000000000e+00,2.399999999999999911e+00,1.285870081029946536e-02,-7.928652599151729541e-02,0.000000000000000000e+00,0.000000000000000000e+00,2.000000000000000000e+04
0.000000000000000000e+00,2.450000000000000178e+00,0.000000000000000000e+00,0.000000000000000000e+00,1.000000000000000000e+00,0.000000000000000000e+00,2.000000000000000000e+04
5.000000000000000278e-02,2.450000000000000178e+00,-6.924052570029137375e-04,-6.003888426637784756e-03,0.000000000000000000e+00,0.000000000000000000e+00,2.000000000000000000e+04
1.000000000000000056e-01,2.450000000000000178e+00,-1.203236066758816029e-03,-1.194681011685794561e-02,0.000000000000000000e+00,0.000000000000000000e+00,2.000000000000000000e+04
1.499999999999999944e-01,2.450000000000000178e+00,-1.533286595796796905e-03,-1.780279525815998964e-02,0.000000000000000000e+00,0.000000000000000000e+00,2.000000000000000000e+04
2.000000000000000111e-01,2.450000000000000178e+00,-1.685337234539513104e-03,-2.354615588733384793e-02,0.000000000000000000e+00,0.000000000000000000e+00,2.000000000000000000e+04
2.500000000000000000e-01,2.450000000000000178e+00,-1.663948323043718674e-03,-2.915183693676327500e-02,0.000000000000000000e+00,0.000000000000000000e+00,2.000000000000000000e+04
2.999999999999999889e-01,2.450000000000000178e+00,-1.475234305896416234e-03,-3.459569731849743146e-02,0.000000000000000000e+00,0.000000000000000000e+00,2.000000000000000000e+04
3.499999999999999778e-01,2.450000000000000178e+00,-1.126619209902035785e-03,-3.985472724073449435e-02,0.000000000000000000e+00,0.000000000000000000e+00,2.000000000000000000e+04
4.000000000000000222e-01,2.450000000000000178e+00,-6.265740706610245254e-04,-4.490720272272687164e-02,0.000000000000000000e+00,0.000000000000000000e+00,2.000000000000000000e+04
4.500000000000000111e-01,2.450000000000000178e+00,1.566133109682155464e-05,-4.973277357466824450e-02,0.000000000000000000e+00,0.000000000000000000e+00,2.000000000000000000e+04
5.000000000000000000e-01,2.450000000000000178e+00,7.903668224050004656e-04,-5.431247787067352423e-02,0.000000000000000000e+00,0.000000000000000000e+00,2.000000000000000000e+04
5.500000000000000444e-01,2.450000000000000178e+00,1.687630575450075254e-03,-5.862867478445502045e-02,0.000000000000000000e+00,0.000000000000000000e+00,2.000000000000000000e+04
5.999999999999999778e-01,2.450000000000000178e+00,2.697624260928635498e-03,-6.266488888801782786e-02,0.000000000000000000e+00,0.000000000000000000e+00,2.000000000000000000e+04
6.500000000000000222e-01,2.450000000000000178e+00,3.810846917999723658e-03,-6.640556264113568752e-02,0.000000000000000000e+00,0.000000000000000000e+00,2.000000000000000000e+04
6.999999999999999556e-01,2.450000000000000178e+00,5.018317282866526646e-03,-6.983571959076506630e-02,0.000000000000000000e+00,0.000000000000000000e+00,2.000000000000000000e+04
7.500000000000000000e-01,2.450000000000000178e+00,6.311693463154507966e-03,-7.294054826638814160e-02,0.000000000000000000e+00,0.000000000000000000e+00,2.000000000000000000e+04
8.000000000000000444e-01,2.450000000000000178e+00,7.683300027728522281e-03,-7.570492512105667093e-02,0.000000000000000000e+00,0.000000000000000000e+00,2.000000000000000000e+04
8.499999999999999778e-01,2.450000000000000178e+00,9.126045863547670167e-03,-7.811290315345392754e-02,0.000000000000000000e+00,0.000000000000000000e+00,2.000000000000000000e+04
9.000000000000000222e-01,2.450000000000000178e+00,1.063322132913519652e-02,-8.014720009556783320e-02,0.000000000000000000e+00,0.000000000000000000e+00,2.000000000000000000e+04
9.499999999999999556e-01,2.450000000000000178e+00,1.219816992705287546e-02,-8.178872552603208557e-02,0.000000000000000000e+00,0.000000000000000000e+00,2.000000000000000000e+04
1.000000000000000000e+00,2.450000000000000178e+00,1.381383748460379701e-02,-8.301618953977009385e-02,0.000000000000000000e+00,0.000000000000000000e+00,2.000000000000000000e+04
0.000000000000000000e+00,2.500000000000000000e+00,0.000000000000000000e+00,0.000000000000000000e+00,1.000000000000000000e+00,0.000000000000000000e+00,2.000000000000000000e+04
5.000000000000000278e-02,2.500000000000000000e+00,-7.003373841931955814e-04,-6.265690376548696712e-03,0.000000000000000000e+00,0.000000000000000000e+00,2.000000000000000000e+04
1.000000000000000056e-01,2.500000000000000000e+00,-1.207948231314753948e-03,-1.247195278376929915e-02,0.000000000000000000e+00,0.000000000000000000e+00,2.000000000000000000e+04
1.499999999999999944e-01,2.500000000000000000e+00,-1.523917096293963755e-03,-1.859015190898565678e-02,0.000000000000000000e+00,0.000000000000000000e+00,2.000000000000000000e+04
2.000000000000000111e-01,2.500000000000000000e+00,-1.651565121529965149e-03,-2.459219773586512545e-02,0.000000000000000000e+00,0.000000000000000000e+00,2.000000000000000000e+04
2.500000000000000000e-01,2.500000000000000000e+00,-1.596207715347500080e-03,-3.045091391215924009e-02,0.000000000000000000e+00,0.000000000000000000e+00,2.000000000000000000e+04
2.999999999999999889e-01,2.500000000000000000e+00,-1.364895735483472386e-03,-3.614033537337498631e-02,0.000000000000000000e+00,0.000000000000000000e+00,2.000000000000000000e+04
3.499999999999999778e-01,2.500000000000000000e+00,-9.661368428868267761e-04,-4.163594349963656988e-02,0.000000000000000000e+00,0.000000000000000000e+00,2.000000000000000000e+04
4.000000000000000222e-01,2.500000000000000000e+00,-4.095938365815006139e-04,-4.691483891820134172e-02,0.000000000000000000e+00,0.000000000000000000e+00,2.000000000000000000e+04
4.500000000000000111e-01,2.500000000000000000e+00,2.942403498434829337e-04,-5.195584494488447724e-02,0.000000000000000000e+00,0.000000000000000000e+00,2.000000000000000000e+04
5.000000000000000000e-01,2.500000000000000000e+00,1.134386448701876250e-03,-5.673952976308163643e-02,0.000000000000000000e+00,0.000000000000000000e+00,2.000000000000000000e+04
5.500000000000000444e-01,2.500000000000000000e+00,2.099730948614202553e-03,-6.124813350709130272e-02,0.000000000000000000e+00,0.000000000000000000e+00,2.000000000000000000e+04
5.999999999999999778e-01,2.500000000000000000e+00,3.179369836024481880e-03,-6.546538778615881848e-02,0.000000000000000000e+00,0.000000000000000000e+00,2.000000000000000000e+04
6.500000000000000222e-01,2.500000000000000000e+00,4.362921955007951699e-03,-6.937621981084035605e-02,0.000000000000000000e+00,0.000000000000000000e+00,2.000000000000000000e+04
6.999999999999999556e-01,2.500000000000000000e+00,5.640786136267907612e-03,-7.296634085823441862e-02,0.000000000000000000e+00,0.000000000000000000e+00,2.000000000000000000e+04
7.500000000000000000e-01,2.500000000000000000e+00,7.004314718552411348e-03,-7.622172869858985511e-02,0.000000000000000000e+00,0.000000000000000000e+00,2.000000000000000000e+04
8.000000000000000444e-01,2.500000000000000000e+00,8.445877277724399973e-03,-7.912802471771103463e-02,0.000000000000000000e+00,0.000000000000000000e+00,2.000000000000000000e+04
8.499999999999999778e-01,2.500000000000000000e+00,9.958792319833457626e-03,-8.166987742773980374e-02,0.000000000000000000e+00,0.000000000000000000e+00,2.000000000000000000e+04
9.000000000000000222e-01,2.500000000000000000e+00,1.153711103756135080e-02,-8.383027355671365810e-02,0.000000000000000000e+00,0.000000000000000000e+00,2.000000000000000000e+04
9.499999999999999556e-01,2.500000000000000000e+00,1.317524541221454411e-02,-8.558990503070917910e-02,0.000000000000000000e+00,0.000000000000000000e+00,2.000000000000000000e+04
1.000000000000000000e+00,2.500000000000000000e+00,1.486744238537357835e-02,-8.692662448602565817e-02,0.000000000000000000e+00,0.000000000000000000e+00,2.000000000000000000e+04
0.000000000000000000e+00,2.549999999999999822e+00,0.000000000000000000e+00,0.000000000000000000e+00,1.000000000000000000e+00,0.000000000000000000e+00,2.000000000000000000e+04
5.000000000000000278e-02,2.549999999999999822e+00,-7.058178903141039840e-04,-6.544108313760861780e-03,0.000000000000000000e+00,0.000000000000000000e+00,2.000000000000000000e+04
1.000000000000000056e-01,2.549999999999999822e+00,-1.206514221264336825e-03,-1.303016437172663418e-02,0.000000000000000000e+00,0.000000000000000000e+00,2.000000000000000000e+04
1.499999999999999944e-01,2.549999999999999822e+00,-1.503560695552529775e-03,-1.942653726962621091e-02,0.000000000000000000e+00,0.000000000000000000e+00,2.000000000000000000e+04
2.000000000000000111e-01,2.549999999999999822e+00,-1.600932636035057094e-03,-2.570245698486322769e-02,0.000000000000000000e+00,0.000000000000000000e+00,2.000000000000000000e+04
2.500000000000000000e-01,2.549999999999999822e+00,-1.504832842520468974e-03,-3.182839146941171538e-02,0.000000000000000000e+00,0.000000000000000000e+00,2.000000000000000000e+04
2.999999999999999889e-01,2.549999999999999822e+00,-1.223403500207541046e-03,-3.777635802217581967e-02,0.000000000000000000e+00,0.000000000000000000e+00,2.000000000000000000e+04
3.499999999999999778e-01,2.549999999999999822e+00,-7.664163753057481919e-04,-4.352017935649751812e-02,0.000000000000000000e+00,0.000000000000000000e+00,2.000000000000000000e+04
4.000000000000000222e-01,2.549999999999999822e+00,-1.449324574753146704e-04,-4.903568256987480417e-02,0.000000000000000000e+00,0.000000000000000000e+00,2.000000000000000000e+04
4.500000000000000111e-01,2.549999999999999822e+00,6.290732257371763059e-04,-5.430082888034193367e-02,0.000000000000000000e+00,0.000000000000000000e+00,2.000000000000000000e+04
5.000000000000000000e-01,2.549999999999999822e+00,1.543118755814995233e-03,-5.929575496432849119e-02,0.000000000000000000e+00,0.000000000000000000e+00,2.000000000000000000e+04
5.500000000000000444e-01,2.549999999999999822e+00,2.584643053575472367e-03,-6.400270385375032844e-02,0.000000000000000000e+00,0.000000000000000000e+00,2.000000000000000000e+04
5.999999999999999778e-01,2.549999999999999822e+00,3.741434169428383728e-03,-6.840582497302170883e-02,0.000000000000000000e+00,0.000000000000000000e+00,2.000000000000000000e+04
6.500000000000000222e-01,2.549999999999999822e+00,5.002030491392641179e-03,-7.249082887724993263e-02,0.000000000000000000e+00,0.000000000000000000e+00,2.000000000000000000e+04
6.999999999999999556e-01,2.549999999999999822e+00,6.356061739683839008e-03,-7.624449222695565964e-02,0.000000000000000000e+00,0.000000000000000000e+00,2.000000000000000000e+04
7.500000000000000000e-01,2.549999999999999822e+00,7.794494223449735179e-03,-7.965402169242682962e-02,0.000000000000000000e+00,0.000000000000000000e+00,2.000000000000000000e+04
8.000000000000000444e-01,2.549999999999999822e+00,9.309746096216648184e-03,-8.270630028170020132e-02,0.000000000000000000e+00,0.000000000000000000e+00,2.000000000000000000e+04
8.499999999999999778e-01,2.549999999999999822e+00,1.089564320499120283e-02,-8.538705403429720786e-02,0.000000000000000000e+00,0.000000000000000000e+00,2.000000000000000000e+04
9.000000000000000222e-01,2.549999999999999822e+00,1.254719398194581448e-02,-8.767998932046990046e-02,0.000000000000000000e+00,0.000000000000000000e+00,2.000000000000000000e+04
9.499999999999999556e-01,2.549999999999999822e+00,1.426017182778511160e-02,-8.956596003576301757e-02,0.000000000000000000e+00,0.000000000000000000e+00,2.000000000000000000e+04
1.000000000000000000e+00,2.549999999999999822e+00,1.603050481032023203e-02,-9.102222946769171485e-02,0.000000000000000000e+00,0.000000000000000000e+00,2.000000000000000000e+04
0.000000000000000000e+00,2.600000000000000089e+00,0.000000000000000000e+00,0.000000000000000000e+00,1.000000000000000000e+00,0.000000000000000000e+00,2.000000000000000000e+04
5.000000000000000278e-02,2.600000000000000089e+00,-7.086871578514046359e-04,-6.841060637128826630e-03,0.000000000000000000e+00,0.000000000000000000e+00,2.000000000000000000e+04
1.000000000000000056e-01,2.600000000000000089e+00,-1.198448506080569340e-03,-1.362512811496816023e-02,0.000000000000000000e+00,0.000000000000000000e+00,2.000000000000000000e+04
1.499999999999999944e-01,2.600000000000000089e+00,-1.471249989797330897e-03,-2.031723232488296185e-02,0.000000000000000000e+00,0.000000000000000000e+00,2.000000000000000000e+04
2.000000000000000111e-01,2.600000000000000089e+00,-1.531839722175559488e-03,-2.688363040610362506e-02,0.000000000000000000e+00,0.000000000000000000e+00,2.000000000000000000e+04
2.500000000000000000e-01,2.600000000000000089e+00,-1.387444515686835729e-03,-3.329218020017818414e-02,0.000000000000000000e+00,0.000000000000000000e+00,2.000000000000000000e+04
2.999999999999999889e-01,2.600000000000000089e+00,-1.047460620294463638e-03,-3.951266194452852931e-02,0.000000000000000000e+00,0.000000000000000000e+00,2.000000000000000000e+04
3.499999999999999778e-01,2.600000000000000089e+00,-5.231194666503066705e-04,-4.551706049426043621e-02,0.000000000000000000e+00,0.000000000000000000e+00,2.000000000000000000e+04
4.000000000000000222e-01,2.600000000000000089e+00,1.728885086448303315e-04,-5.127980267263731323e-02,0.000000000000000000e+00,0.000000000000000000e+00,2.000000000000000000e+04
4.500000000000000111e-01,2.600000000000000089e+00,1.026841821053384261e-03,-5.677792980097286918e-02,0.000000000000000000e+00,0.000000000000000000e+00,2.000000000000000000e+04
5.000000000000000000e-01,2.600000000000000089e+00,2.024467231644928780e-03,-6.199117574793635427e-02,0.000000000000000000e+00,0.000000000000000000e+00,2.000000000000000000e+04
5.500000000000000444e-01,2.600000000000000089e+00,3.151457973144792049e-03,-6.690191685605367811e-02,0.000000000000000000e+00,0.000000000000000000e+00,2.000000000000000000e+04
5.999999999999999778e-01,2.600000000000000089e+00,4.394006510833213183e-03,-7.149496217225810579e-02,0.000000000000000000e+00,0.000000000000000000e+00,2.000000000000000000e+04
6.500000000000000222e-01,2.600000000000000089e+00,5.739316866965956873e-03,-7.575716021979500558e-02,0.000000000000000000e+00,0.000000000000000000e+00,2.000000000000000000e+04
6.999999999999999556e-01,2.600000000000000089e+00,7.176053841837464267e-03,-7.967681175502037971e-02,0.000000000000000000e+00,0.000000000000000000e+00,2.000000000000000000e+04
7.500000000000000000e-01,2.600000000000000089e+00,8.694682997346098521e-03,-8.324289557649915128e-02,0.000000000000000000e+00,0.000000000000000000e+00,2.000000000000000000e+04
8.000000000000000444e-01,2.600000000000000089e+00,1.028765676033224774e-02,-8.644413424505888177e-02,0.000000000000000000e+00,0.000000000000000000e+00,2.000000000000000000e+04
8.499999999999999778e-01,2.600000000000000089e+00,1.194940820440506223e-02,-8.926794556482384180e-02,0.000000000000000000e+00,0.000000000000000000e+00,2.000000000000000000e+04
9.000000000000000222e-01,2.600000000000000089e+00,1.367612392866835586e-02,-9.169934137073731950e-02,0.000000000000000000e+00,0.000000000000000000e+00,2.000000000000000000e+04
9.499999999999999556e-01,2.600000000000000089e+00,1.546527966080852787e-02,-9.371984632357918676e-02,0.000000000000000000e+00,0.000000000000000000e+00,2.000000000000000000e+04
1.000000000000000000e+00,2.600000000000000089e+00,1.731493573720041187e-02,-9.530651603092085700e-02,0.000000000000000000e+00,0.000000000000000000e+00,2.000000000000000000e+04
0.000000000000000000e+00,2.649999999999999911e+00,0.000000000000000000e+00,0.000000000000000000e+00,1.000000000000000000e+00,0.000000000000000000e+00,2.000000000000000000e+04
5.000000000000000278e-02,2.649999999999999911e+00,-7.088417954407531807e-04,-7.158712453218659885e-03,0.000000000000000000e+00,0.000000000000000000e+00,2.000000000000000000e+04
1.000000000000000056e-01,2.649999999999999911e+00,-1.183369823942944559e-03,-1.426099157859066387e-02,0.000000000000000000e+00,0.000000000000000000e+00,2.000000000000000000e+04
1.499999999999999944e-01,2.649999999999999911e+00,-1.426157687653657920e-03,-2.126818236282971425e-02,0.000000000000000000e+00,0.000000000000000000e+00,2.000000000000000000e+04
2.000000000000000111e-01,2.649999999999999911e+00,-1.442843362026635743e-03,-2.814326731289382502e-02,0.000000000000000000e+00,0.000000000000000000e+00,2.000000000000000000e+04
2.500000000000000000e-01,2.649999999999999911e+00,-1.241811233819669355e-03,-3.485121932684375617e-02,0.000000000000000000e+00,0.000000000000000000e+00,2.000000000000000000e+04
2.999999999999999889e-01,2.649999999999999911e+00,-8.338760826632564448e-04,-4.135933005462507500e-02,0.000000000000000000e+00,0.000000000000000000e+00,2.000000000000000000e+04
3.499999999999999778e-01,2.649999999999999911e+00,-2.319363121105025055e-04,-4.763752706205023196e-02,0.000000000000000000e+00,0.000000000000000000e+00,2.000000000000000000e+04
4.000000000000000222e-01,2.649999999999999911e+00,5.494317414335424558e-04,-5.365866812234716676e-02,0.000000000000000000e+00,0.000000000000000000e+00,2.000000000000000000e+04
4.500000000000000111e-01,2.649999999999999911e+00,1.494455927796948212e-03,-5.939878104293555561e-02,0.000000000000000000e+00,0.000000000000000000e+00,2.000000000000000000e+04
5.000000000000000000e-01,2.649999999999999911e+00,2.586729663823672531e-03,-6.483720445608487370e-02,0.000000000000000000e+00,0.000000000000000000e+00,2.000000000000000000e+04
5.500000000000000444e-01,2.649999999999999911e+00,3.809838842446632273e-03,-6.995657979284766737e-02,0.000000000000000000e+00,0.000000000000000000e+00,2.000000000000000000e+04
5.999999999999999778e-01,2.649999999999999911e+00,5.148024119439249466e-03,-7.474264747947063914e-02,0.000000000000000000e+00,0.000000000000000000e+00,2.000000000000000000e+04
6.500000000000000222e-01,2.649999999999999911e+00,6.586833941135695689e-03,-7.918381063547966225e-02,0.000000000000000000e+00,0.000000000000000000e+00,2.000000000000000000e+04
6.999999999999999556e-01,2.649999999999999911e+00,8.113713076780512332e-03,-8.327044711874209693e-02,0.000000000000000000e+00,0.000000000000000000e+00,2.000000000000000000e+04
7.500000000000000000e-01,2.649999999999999911e+00,9.718466674551094059e-03,-8.699397456671673079e-02,0.000000000000000000e+00,0.000000000000000000e+00,2.000000000000000000e+04
8.000000000000000444e-01,2.649999999999999911e+00,1.139354194066611453e-02,-9.034569970285284690e-02,0.000000000000000000e+00,0.000000000000000000e+00,2.000000000000000000e+04
8.499999999999999778e-01,2.649999999999999911e+00,1.313407779990266068e-02,-9.331550806334877601e-02,0.000000000000000000e+00,0.000000000000000000e+00,2.000000000000000000e+04
9.000000000000000222e-01,2.649999999999999911e+00,1.493768548818191419e-02,-9.589046996349467888e-02,0.000000000000000000e+00,0.000000000000000000e+00,2.000000000000000000e+04
9.499999999999999556e-01,2.649999999999999911e+00,1.680393790952787458e-02,-9.805345170888379869e-02,0.000000000000000000e+00,0.000000000000000000e+00,2.000000000000000000e+04
1.000000000000000000e+00,2.649999999999999911e+00,1.873356137618617870e-02,-9.978182847513833442e-02,0.000000000000000000e+00,0.000000000000000000e+00,2.000000000000000000e+04
0.000000000000000000e+00,2.700000000000000178e+00,0.000000000000000000e+00,0.000000000000000000e+00,1.000000000000000000e+00,0.000000000000000000e+00,2.000000000000000000e+04
5.000000000000000278e-02,2.700000000000000178e+00,-7.062562651395417734e-04,-7.499480746842146495e-03,0.000000000000000000e+00,0.000000000000000000e+00,2.000000000000000000e+04
1.000000000000000056e-01,2.700000000000000178e+00,-1.161050181235479591e-03,-1.494237873786473728e-02,0.000000000000000000e+00,0.000000000000000000e+00,2.000000000000000000e+04
1.499999999999999944e-01,2.700000000000000178e+00,-1.367675689755143247e-03,-2.228602310444312978e-02,0.000000000000000000e+00,0.000000000000000000e+00,2.000000000000000000e+04
2.000000000000000111e-01,2.700000000000000178e+00,-1.332765681207462912e-03,-2.948981936693252995e-02,0.000000000000000000e+00,0.000000000000000000e+00,2.000000000000000000e+04
2.500000000000000000e-01,2.700000000000000178e+00,-1.065981547601337238e-03,-3.651555941579904402e-02,0.000000000000000000e+00,0.000000000000000000e+00,2.000000000000000000e+04
2.999999999999999889e-01,2.700000000000000178e+00,-5.797136526868924182e-04,-4.332775351144436959e-02,0.000000000000000000e+00,0.000000000000000000e+00,2.000000000000000000e+04
3.499999999999999778e-01,2.700000000000000178e+00,1.112588566405077809e-04,-4.989399678362444607e-02,0.000000000000000000e+00,0.000000000000000000e+00,2.000000000000000000e+04
4.000000000000000222e-01,2.700000000000000178e+00,9.901923661695545120e-04,-5.618534818997270031e-02,0.000000000000000000e+00,0.000000000000000000e+00,2.000000000000000000e+04
4.500000000000000111e-01,2.700000000000000178e+00,2.038914892680980962e-03,-6.217667331409307968e-02,0.000000000000000000e+00,0.000000000000000000e+00,2.000000000000000000e+04
5.000000000000000000e-01,2.700000000000000178e+00,3.238481030547037207e-03,-6.784688556055921971e-02,0.000000000000000000e+00,0.000000000000000000e+00,2.000000000000000000e+04
5.500000000000000444e-01,2.700000000000000178e+00,4.569930132337494087e-03,-7.317901381804124694e-02,0.000000000000000000e+00,0.000000000000000000e+00,2.000000000000000000e+04
5.999999999999999778e-01,2.700000000000000178e+00,6.015109899613860223e-03,-7.816002868792502889e-02,0.000000000000000000e+00,0.000000000000000000e+00,2.000000000000000000e+04
6.500000000000000222e-01,2.700000000000000178e+00,7.557507880992068126e-03,-8.278037273594104906e-02,0.000000000000000000e+00,0.000000000000000000e+00,2.000000000000000000e+04
6.999999999999999556e-01,2.700000000000000178e+00,9.183018930250533979e-03,-8.703316368233608713e-02,0.000000000000000000e+00,0.000000000000000000e+00,2.000000000000000000e+04
7.500000000000000000e-01,2.700000000000000178e+00,1.088057049865949477e-02,-9.091307197104739335e-02,0.000000000000000000e+00,0.000000000000000000e+00,2.000000000000000000e+04
8.000000000000000444e-01,2.700000000000000178e+00,1.264253103255826363e-02,-9.441491026957479771e-02,0.000000000000000000e+00,0.000000000000000000e+00,2.000000000000000000e+04
8.499999999999999778e-01,2.700000000000000178e+00,1.446483827315191151e-02,-9.753200495248122437e-02,0.000000000000000000e+00,0.000000000000000000e+00,2.000000000000000000e+04
9.000000000000000222e-01,2.700000000000000178e+00,1.634680067168829687e-02,-1.002544436354170787e-01,0.000000000000000000e+00,0.000000000000000000e+00,2.000000000000000000e+04
9.499999999999999556e-01,2.700000000000000178e+00,1.829054322687487591e-02,-1.025673074383548072e-01,0.000000000000000000e+00,0.000000000000000000e+00,2.000000000000000000e+04
1.000000000000000000e+00,2.700000000000000178e+00,2.030008698468541498e-02,-1.044490039938388015e-01,0.000000000000000000e+00,0.000000000000000000e+00,2.000000000000000000e+04
0.000000000000000000e+00,2.750000000000000000e+00,0.000000000000000000e+00,0.000000000000000000e+00,1.000000000000000000e+00,0.000000000000000000e+00,2.000000000000000000e+04
5.000000000000000278e-02,2.750000000000000000e+00,-7.010084624125664972e-04,-7.866027398021446793e-03,0.000000000000000000e+00,0.000000000000000000e+00,2.000000000000000000e+04
1.000000000000000056e-01,2.750000000000000000e+00,-1.131474712309071687e-03,-1.567438149068325209e-02,0.000000000000000000e+00,0.000000000000000000e+00,2.000000000000000000e+04
1.499999999999999944e-01,2.750000000000000000e+00,-1.295513570865879831e-03,-2.337808319379977920e-02,0.000000000000000000e+00,0.000000000000000000e+00,2.000000000000000000e+04
2.000000000000000111e-01,2.750000000000000000e+00,-1.200830227099374849e-03,-3.093266941853100443e-02,0.000000000000000000e+00,0.000000000000000000e+00,2.000000000000000000e+04
2.500000000000000000e-01,2.750000000000000000e+00,-8.584523541448308651e-04,-3.829643192376701311e-02,0.000000000000000000e+00,0.000000000000000000e+00,2.000000000000000000e+04
2.999999999999999889e-01,2.750000000000000000e+00,-2.824824539709598604e-04,-4.543075212194960105e-02,0.000000000000000000e+00,0.000000000000000000e+00,2.000000000000000000e+04
3.499999999999999778e-01,2.750000000000000000e+00,5.102070831468283330e-04,-5.230053996161359436e-02,0.000000000000000000e+00,0.000000000000000000e+00,2.000000000000000000e+04
4.000000000000000222e-01,2.750000000000000000e+00,1.500400039197603320e-03,-5.887473834997581507e-02,0.000000000000000000e+00,0.000000000000000000e+00,2.000000000000000000e+04
4.500000000000000111e-01,2.750000000000000000e+00,2.667124342598920905e-03,-6.512682001422920308e-02,0.000000000000000000e+00,0.000000000000000000e+00,2.000000000000000000e+04
5.000000000000000000e-01,2.750000000000000000e+00,3.988414239333665755e-03,-7.103518255698343387e-02,0.000000000000000000e+00,0.000000000000000000e+00,2.000000000000000000e+04
5.500000000000000444e-01,2.750000000000000000e+00,5.442228245557212060e-03,-7.658333975378764369e-02,0.000000000000000000e+00,0.000000000000000000e+00,2.000000000000000000e+04
5.999999999999999778e-01,2.750000000000000000e+00,7.007474729135389734e-03,-8.175981302497582759e-02,0.000000000000000000e+00,0.000000000000000000e+00,2.000000000000000000e+04
6.500000000000000222e-01,2.750000000000000000e+00,8.665070322805390468e-03,-8.655764412869378088e-02,0.000000000000000000e+00,0.000000000000000000e+00,2.000000000000000000e+04
6.999999999999999556e-01,2.750000000000000000e+00,1.039893674950112708e-02,-9.097348157471214780e-02,0.000000000000000000e+00,0.000000000000000000e+00,2.000000000000000000e+04
7.500000000000000000e-01,2.750000000000000000e+00,1.219683399873944252e-02,-9.500623842653678486e-02,0.000000000000000000e+00,0.000000000000000000e+00,2.000000000000000000e+04
8.000000000000000444e-01,2.750000000000000000e+00,1.405093391309733888e-02,-9.865536872847628647e-02,0.000000000000000000e+00,0.000000000000000000e+00,2.000000000000000000e+04
8.499999999999999778e-01,2.750000000000000000e+00,1.595805509151320203e-02,-1.019188520586545854e-01,0.000000000000000000e+00,0.000000000000000000e+00,2.000000000000000000e+04
9.000000000000000222e-01,2.750000000000000000e+00,1.791950191643069956e-02,-1.047910039375092722e-01,0.000000000000000000e+00,0.000000000000000000e+00,2.000000000000000000e+04
9.499999999999999556e-01,2.750000000000000000e+00,1.994047242183720481e-02,-1.072602442452664090e-01,0.000000000000000000e+00,0.000000000000000000e+00,2.000000000000000000e+04
1.000000000000000000e+00,2.750000000000000000e+00,2.202901926467768987e-02,-1.093069612126411905e-01,0.000000000000000000e+00,0.000000000000000000e+00,2.000000000000000000e+04
0.000000000000000000e+00,2.799999999999999822e+00,0.000000000000000000e+00,0.000000000000000000e+00,1.000000000000000000e+00,0.000000000000000000e+00,2.000000000000000000e+04
5.000000000000000278e-02,2.799999999999999822e+00,-6.933092792665612909e-04,-8.261234239014690964e-03,0.000000000000000000e+00,0.000000000000000000e+00,2.000000000000000000e+04
1.000000000000000056e-01,2.799999999999999822e+00,-1.094913444698702000e-03,-1.646252097987739235e-02,0.000000000000000000e+00,0.000000000000000000e+00,2.000000000000000000e+04
1.499999999999999944e-01,2.799999999999999822e+00,-1.209819019239389160e-03,-2.455235191605302861e-02,0.000000000000000000e+00,0.000000000000000000e+00,2.000000000000000000e+04
2.000000000000000111e-01,2.799999999999999822e+00,-1.046830536033433248e-03,-3.248212891694116783e-02,0.000000000000000000e+00,0.000000000000000000e+00,2.000000000000000000e+04
2.500000000000000000e-01,2.799999999999999822e+00,-6.183785228211190199e-04,-4.020629753122813288e-02,0.000000000000000000e+00,0.000000000000000000e+00,2.000000000000000000e+04
2.999999999999999889e-01,2.799999999999999822e+00,5.962447094231912860e-05,-4.768268865954908287e-02,0.000000000000000000e+00,0.000000000000000000e+00,2.000000000000000000e+04
3.499999999999999778e-01,2.799999999999999822e+00,9.680123118497429430e-04,-5.487306596107666828e-02,0.000000000000000000e+00,0.000000000000000000e+00,2.000000000000000000e+04
4.000000000000000222e-01,2.799999999999999822e+00,2.084768579195603235e-03,-6.174381495672463110e-02,0.000000000000000000e+00,0.000000000000000000e+00,2.000000000000000000e+04
4.500000000000000111e-01,2.799999999999999822e+00,3.385662107676029771e-03,-6.826666610512152622e-02,0.000000000000000000e+00,0.000000000000000000e+00,2.000000000000000000e+04
5.000000000000000000e-01,2.799999999999999822e+00,4.845133224439011378e-03,-7.441931842120370899e-02,0.000000000000000000e+00,0.000000000000000000e+00,2.000000000000000000e+04
5.500000000000000444e-01,2.799999999999999822e+00,6.437408024862742439e-03,-8.018582144934355282e-02,0.000000000000000000e+00,0.000000000000000000e+00,2.000000000000000000e+04
5.999999999999999778e-01,2.799999999999999822e+00,8.137778590981638652e-03,-8.555658205067123712e-02,0.000000000000000000e+00,0.000000000000000000e+00,2.000000000000000000e+04
6.500000000000000222e-01,2.799999999999999822e+00,9.923950862578462609e-03,-9.052788348720169909e-02,0.000000000000000000e+00,0.000000000000000000e+00,2.000000000000000000e+04
6.999999999999999556e-01,2.799999999999999822e+00,1.177733505493732367e-02,-9.510084668835798449e-02,0.000000000000000000e+00,0.000000000000000000e+00,2.000000000000000000e+04
7.500000000000000000e-01,2.799999999999999822e+00,1.368414467093881370e-02,-9.927982773262702954e-02,0.000000000000000000e+00,0.000000000000000000e+00,2.000000000000000000e+04
8.000000000000000444e-01,2.799999999999999822e+00,1.563618164624165294e-02,-1.030703146714835317e-01,0.000000000000000000e+00,0.000000000000000000e+00,2.000000000000000000e+04
8.499999999999999778e-01,2.799999999999999822e+00,1.763121082228528980e-02,-1.064764414196962966e-01,0.000000000000000000e+00,0.000000000000000000e+00,2.000000000000000000e+04
9.000000000000000222e-01,2.799999999999999822e+00,1.967285686195304958e-02,-1.094982675914124570e-01,0.000000000000000000e+00,0.000000000000000000e+00,2.000000000000000000e+04
9.499999999999999556e-01,2.799999999999999822e+00,2.176998306917115461e-02,-1.121289839692440060e-01,0.000000000000000000e+00,0.000000000000000000e+00,2.000000000000000000e+04
1.000000000000000000e+00,2.799999999999999822e+00,2.393553145727063056e-02,-1.143522033385118986e-01,0.000000000000000000e+00,0.000000000000000000e+00,2.000000000000000000e+04
0.000000000000000000e+00,2.850000000000000089e+00,0.000000000000000000e+00,0.000000000000000000e+00,1.000000000000000000e+00,0.000000000000000000e+00,2.000000000000000000e+04
5.000000000000000278e-02,2.850000000000000089e+00,-6.835358170766799501e-04,-8.688152367084202646e-03,0.000000000000000000e+00,0.000000000000000000e+00,2.000000000000000000e+04
1.000000000000000056e-01,2.850000000000000089e+00,-1.052005560362874112e-03,-1.731266600892513927e-02,0.000000000000000000e+00,0.000000000000000000e+00,2.000000000000000000e+04
1.499999999999999944e-01,2.850000000000000089e+00,-1.111322351527554335e-03,-2.581739764477631455e-02,0.000000000000000000e+00,0.000000000000000000e+00,2.000000000000000000e+04
2.000000000000000111e-01,2.850000000000000089e+00,-8.713346824516274118e-04,-3.414939046716421872e-02,0.000000000000000000e+00,0.000000000000000000e+00,2.000000000000000000e+04
2.500000000000000000e-01,2.850000000000000089e+00,-3.458287728836177384e-04,-4.225886311932477296e-02,0.000000000000000000e+00,0.000000000000000000e+00,2.000000000000000000e+04
2.999999999999999889e-01,2.850000000000000089e+00,4.474380376286152651e-04,-5.009957161902895556e-02,0.000000000000000000e+00,0.000000000000000000e+00,2.000000000000000000e+04
3.499999999999999778e-01,2.850000000000000089e+00,1.486831704776823363e-03,-5.762952087583976535e-02,0.000000000000000000e+00,0.000000000000000000e+00,2.000000000000000000e+04
4.000000000000000222e-01,2.850000000000000089e+00,2.747187986469298501e-03,-6.481192333503112135e-02,0.000000000000000000e+00,0.000000000000000000e+00,2.000000000000000000e+04
4.500000000000000111e-01,2.850000000000000089e+00,4.200488886215010716e-03,-7.161624890113958697e-02,0.000000000000000000e+00,0.000000000000000000e+00,2.000000000000000000e+04
5.000000000000000000e-01,2.850000000000000089e+00,5.816894486398952770e-03,-7.801918019103892821e-02,0.000000000000000000e+00,0.000000000000000000e+00,2.000000000000000000e+04
5.500000000000000444e-01,2.850000000000000089e+00,7.566101172161957857e-03,-8.400527758158463087e-02,0.000000000000000000e+00,0.000000000000000000e+00,2.000000000000000000e+04
5.999999999999999778e-01,2.850000000000000089e+00,9.418945425349255565e-03,-8.956717118991805449e-02,0.000000000000000000e+00,0.000000000000000000e+00,2.000000000000000000e+04
6.500000000000000222e-01,2.850000000000000089e+00,1.134912260051144581e-02,-9.470512044966435117e-02,0.000000000000000000e+00,0.000000000000000000e+00,2.000000000000000000e+04
6.999999999999999556e-01,2.850000000000000089e+00,1.333485281771711918e-02,-9.942583965466970930e-02,0.000000000000000000e+00,0.000000000000000000e+00,2.000000000000000000e+04
7.500000000000000000e-01,2.850000000000000089e+00,1.536031693000992904e-02,-1.037405816958751059e-01,0.000000000000000000e+00,0.000000000000000000e+00,2.000000000000000000e+04
8.000000000000000444e-01,2.850000000000000089e+00,1.741670729426131672e-02,-1.076625703178283877e-01,0.000000000000000000e+00,0.000000000000000000e+00,2.000000000000000000e+04
8.499999999999999778e-01,2.850000000000000089e+00,1.950277842618999835e-02,-1.112039409230986819e-01,0.000000000000000000e+00,0.000000000000000000e+00,2.000000000000000000e+04
9.000000000000000222e-01,2.850000000000000089e+00,2.162482440564242325e-02,-1.143723803934339894e-01,0.000000000000000000e+00,0.000000000000000000e+00,2.000000000000000000e+04
9.499999999999999556e-01,2.850000000000000089e+00,2.379604117773374480e-02,-1.171676570260785921e-01,0.000000000000000000e+00,0.000000000000000000e+00,2.000000000000000000e+04
1.000000000000000000e+00,2.850000000000000089e+00,2.603524958917014312e-02,-1.195782204007228983e-01,0.000000000000000000e+00,0.000000000000000000e+00,2.000000000000000000e+04
0.000000000000000000e+00,2.899999999999999911e+00,0.000000000000000000e+00,0.000000000000000000e+00,1.000000000000000000e+00,0.000000000000000000e+00,2.000000000000000000e+04
5.000000000000000278e-02,2.899999999999999911e+00,-6.722673048985775696e-04,-9.149915363600383961e-03,0.000000000000000000e+00,0.000000000000000000e+00,2.000000000000000000e+04
1.000000000000000056e-01,2.899999999999999911e+00,-1.003855858918560086e-03,-1.823089192397575262e-02,0.000000000000000000e+00,0.000000000000000000e+00,2.000000000000000000e+04
1.499999999999999944e-01,2.899999999999999911e+00,-1.001506196212935537e-03,-2.718221837847572056e-02,0.000000000000000000e+00,0.000000000000000000e+00,2.000000000000000000e+04
2.000000000000000111e-01,2.899999999999999911e+00,-6.759283473505160907e-04,-3.594641857994401724e-02,0.000000000000000000e+00,0.000000000000000000e+00,2.000000000000000000e+04
2.500000000000000000e-01,2.899999999999999911e+00,-4.209138467543910642e-05,-4.446905486919808942e-02,0.000000000000000000e+00,0.000000000000000000e+00,2.000000000000000000e+04
2.999999999999999889e-01,2.899999999999999911e+00,8.804634604907560442e-04,-5.269913996428901570e-02,0.000000000000000000e+00,0.000000000000000000e+00,2.000000000000000000e+04
3.499999999999999778e-01,2.899999999999999911e+00,2.067504996760005220e-03,-6.059009653323801925e-02,0.000000000000000000e+00,0.000000000000000000e+00,2.000000000000000000e+04
4.000000000000000222e-01,2.899999999999999911e+00,3.490356093494600530e-03,-6.810110547711502316e-02,0.000000000000000000e+00,0.000000000000000000e+00,2.000000000000000000e+04
4.500000000000000111e-01,2.899999999999999911e+00,5.116602003004164234e-03,-7.519862147003052166e-02,0.000000000000000000e+00,0.000000000000000000e+00,2.000000000000000000e+04
5.000000000000000000e-01,2.899999999999999911e+00,6.911296174999701294e-03,-8.185780057404548615e-02,0.000000000000000000e+00,0.000000000000000000e+00,2.000000000000000000e+04
5.500000000000000444e-01,2.899999999999999911e+00,8.838625374738486029e-03,-8.806357437170807267e-02,0.000000000000000000e+00,0.000000000000000000e+00,2.000000000000000000e+04
5.999999999999999778e-01,2.899999999999999911e+00,1.086392855888733758e-02,-9.381112365064557534e-02,0.000000000000000000e+00,0.000000000000000000e+00,2.000000000000000000e+04
6.500000000000000222e-01,2.899999999999999911e+00,1.295589386825737183e-02,-9.910552512425235827e-02,0.000000000000000000e+00,0.000000000000000000e+00,2.000000000000000000e+04
6.999999999999999556e-01,2.899999999999999911e+00,1.508870473205605085e-02,-1.039604246476140414e-01,0.000000000000000000e+00,0.000000000000000000e+00,2.000000000000000000e+04
7.500000000000000000e-01,2.899999999999999911e+00,1.724389876303346683e-02,-1.083957329124617258e-01,0.000000000000000000e+00,0.000000000000000000e+00,2.000000000000000000e+04
8.000000000000000444e-01,2.899999999999999911e+00,1.941174420493984795e-02,-1.124344817021247500e-01,0.000000000000000000e+00,0.000000000000000000e+00,2.000000000000000000e+04
8.499999999999999778e-01,2.899999999999999911e+00,2.159200360083804796e-02,-1.160990657839217899e-01,0.000000000000000000e+00,0.000000000000000000e+00,2.000000000000000000e+04
9.000000000000000222e-01,2.899999999999999911e+00,2.379401371723558270e-02,-1.194071170268607845e-01,0.000000000000000000e+00,0.000000000000000000e+00,2.000000000000000000e+04
9.499999999999999556e-01,2.899999999999999911e+00,2.603604700732465443e-02,-1.223672359945982002e-01,0.000000000000000000e+00,0.000000000000000000e+00,2.000000000000000000e+04
1.000000000000000000e+00,2.899999999999999911e+00,2.834393080020570360e-02,-1.249747738814183939e-01,0.000000000000000000e+00,0.000000000000000000e+00,2.000000000000000000e+04
0.000000000000000000e+00,2.950000000000000178e+00,0.000000000000000000e+00,0.000000000000000000e+00,1.000000000000000000e+00,0.000000000000000000e+00,2.000000000000000000e+04
5.000000000000000278e-02,2.950000000000000178e+00,-6.603217728659131498e-04,-9.649602773880475506e-03,0.000000000000000000e+00,0.000000000000000000e+00,2.000000000000000000e+04
1.000000000000000056e-01,2.950000000000000178e+00,-9.521415231050891831e-04,-1.922325845608337941e-02,0.000000000000000000e+00,0.000000000000000000e+00,2.000000000000000000e+04
1.499999999999999944e-01,2.950000000000000178e+00,-8.827994066064110594e-04,-2.865600070637594129e-02,0.000000000000000000e+00,0.000000000000000000e+00,2.000000000000000000e+04
2.000000000000000111e-01,2.950000000000000178e+00,-4.634965502773216294e-04,-3.788575751786801143e-02,0.000000000000000000e+00,0.000000000000000000e+00,2.000000000000000000e+04
2.500000000000000000e-01,2.950000000000000178e+00,2.899694132436052437e-04,-4.685293231629480276e-02,0.000000000000000000e+00,0.000000000000000000e+00,2.000000000000000000e+04
2.999999999999999889e-01,2.950000000000000178e+00,1.356472202197597701e-03,-5.550092257303604337e-02,0.000000000000000000e+00,0.000000000000000000e+00,2.000000000000000000e+04
3.499999999999999778e-01,2.950000000000000178e+00,2.709122820662691021e-03,-6.377745193676265245e-02,0.000000000000000000e+00,0.000000000000000000e+00,2.000000000000000000e+04
4.000000000000000222e-01,2.950000000000000178e+00,4.315351237372321708e-03,-7.163647596333999612e-02,0.000000000000000000e+00,0.000000000000000000e+00,2.000000000000000000e+04
4.500000000000000111e-01,2.950000000000000178e+00,6.137635334665329963e-03,-7.904035257682166804e-02,0.000000000000000000e+00,0.000000000000000000e+00,2.000000000000000000e+04
5.000000000000000000e-01,2.950000000000000178e+00,8.134918891897121793e-03,-8.596193256088796586e-02,0.000000000000000000e+00,0.000000000000000000e+00,2.000000000000000000e+04
5.500000000000000444e-01,2.950000000000000178e+00,1.026466776548284887e-02,-9.238621344475335395e-02,0.000000000000000000e+00,0.000000000000000000e+00,2.000000000000000000e+04
5.999999999999999778e-01,2.950000000000000178e+00,1.248542721285678982e-02,-9.831122802345641787e-02,0.000000000000000000e+00,0.000000000000000000e+00,2.000000000000000000e+04
6.500000000000000222e-01,2.950000000000000178e+00,1.475964070083377391e-02,-1.037478401934234656e-01,0.000000000000000000e+00,0.000000000000000000e+00,2.000000000000000000e+04
6.999999999999999556e-01,2.950000000000000178e+00,1.705641097506114742e-02,-1.087182355071893286e-01,0.000000000000000000e+00,0.000000000000000000e+00,2.000000000000000000e+04
7.500000000000000000e-01,2.950000000000000178e+00,1.935388377920079644e-02,-1.132531197847140569e-01,0.000000000000000000e+00,0.000000000000000000e+00,2.000000000000000000e+04
8.000000000000000444e-01,2.950000000000000178e+00,2.164101155813879726e-02,-1.173878488478509591e-01,0.000000000000000000e+00,0.000000000000000000e+00,2.000000000000000000e+04
8.499999999999999778e-01,2.950000000000000178e+00,2.391856024209238277e-02,-1.211578161871317005e-01,0.000000000000000000e+00,0.000000000000000000e+00,2.000000000000000000e+04
9.000000000000000222e-01,2.950000000000000178e+00,2.619930734211671497e-02,-1.245934211442271677e-01,0.000000000000000000e+00,0.000000000000000000e+00,2.000000000000000000e+04
9.499999999999999556e-01,2.950000000000000178e+00,2.850741963013009306e-02,-1.277148766763274712e-01,0.000000000000000000e+00,0.000000000000000000e+00,2.000000000000000000e+04
1.000000000000000000e+00,2.950000000000000178e+00,3.087699483726647279e-02,-1.305270470704441022e-01,0.000000000000000000e+00,0.000000000000000000e+00,2.000000000000000000e+04
0.000000000000000000e+00,3.000000000000000000e+00,0.000000000000000000e+00,0.000000000000000000e+00,1.000000000000000000e+00,0.000000000000000000e+00,2.000000000000000000e+04
5.000000000000000278e-02,3.000000000000000000e+00,-6.487898836160363360e-04,-1.019003603191546460e-02,0.000000000000000000e+00,0.000000000000000000e+00,2.000000000000000000e+04
1.000000000000000056e-01,3.000000000000000000e+00,-8.992244655161894069e-04,-2.029547905296692073e-02,0.000000000000000000e+00,0.000000000000000000e+00,2.000000000000000000e+04
1.499999999999999944e-01,3.000000000000000000e+00,-7.587905169540036564e-04,-3.024775758571827955e-02,0.000000000000000000e+00,0.000000000000000000e+00,2.000000000000000000e+04
2.000000000000000111e-01,3.000000000000000000e+00,-2.385397214204482152e-04,-3.998023035297963018e-02,0.000000000000000000e+00,0.000000000000000000e+00,2.000000000000000000e+04
2.500000000000000000e-01,3.000000000000000000e+00,6.455105363069778496e-04,-4.942752526694672854e-02,0.000000000000000000e+00,0.000000000000000000e+00,2.000000000000000000e+04
2.999999999999999889e-01,3.000000000000000000e+00,1.871040101021370335e-03,-5.852626438584333096e-02,0.000000000000000000e+00,0.000000000000000000e+00,2.000000000000000000e+04
3.499999999999999778e-01,3.000000000000000000e+00,3.408539832655877767e-03,-6.721694983624422470e-02,0.000000000000000000e+00,0.000000000000000000e+00,2.000000000000000000e+04
4.000000000000000222e-01,3.000000000000000000e+00,5.221153886129662781e-03,-7.544665825360109823e-02,0.000000000000000000e+00,0.000000000000000000e+00,2.000000000000000000e+04
4.500000000000000111e-01,3.000000000000000000e+00,7.265415784272154058e-03,-8.317212169391960397e-02,0.000000000000000000e+00,0.000000000000000000e+00,2.000000000000000000e+04
5.000000000000000000e-01,3.000000000000000000e+00,9.492930279047228151e-03,-9.036273723960484838e-02,0.000000000000000000e+00,0.000000000000000000e+00,2.000000000000000000e+04
5.500000000000000444e-01,3.000000000000000000e+00,1.185293402448423829e-02,-9.700303106541216525e-02,0.000000000000000000e+00,0.000000000000000000e+00,2.000000000000000000e+04
5.999999999999999778e-01,3.000000000000000000e+00,1.429556068719922170e-02,-1.030941472591250241e-01,0.000000000000000000e+00,0.000000000000000000e+00,2.000000000000000000e+04
6.500000000000000222e-01,3.000000000000000000e+00,1.677547760096418858e-02,-1.086538732993135581e-01,0.000000000000000000e+00,0.000000000000000000e+00,2.000000000000000000e+04
6.999999999999999556e-01,3.000000000000000000e+00,1.925543671443679522e-02,-1.137148889722635475e-01,0.000000000000000000e+00,0.000000000000000000e+00,2.000000000000000000e+04
7.500000000000000000e-01,3.000000000000000000e+00,2.170930057455197973e-02,-1.183213001402349945e-01,0.000000000000000000e+00,0.000000000000000000e+00,2.000000000000000000e+04
8.000000000000000444e-01,3.000000000000000000e+00,2.412424716196986257e-02,-1.225238325434772763e-01,0.000000000000000000e+00,0.000000000000000000e+00,2.000000000000000000e+04
8.499999999999999778e-01,3.000000000000000000e+00,2.650203046952716995e-02,-1.263741727438336404e-01,0.000000000000000000e+00,0.000000000000000000e+00,2.000000000000000000e+04
9.000000000000000222e-01,3.000000000000000000e+00,2.885929560552573034e-02,-1.299188808773878989e-01,0.000000000000000000e+00,0.000000000000000000e+00,2.000000000000000000e+04
9.499999999999999556e-01,3.000000000000000000e+00,3.122698709414049867e-02,-1.331931609325233412e-01,0.000000000000000000e+00,0.000000000000000000e+00,2.000000000000000000e+04
1.000000000000000000e+00,3.000000000000000000e+00,3.364885720147217651e-02,-1.362146468087856166e-01,0.000000000000000000e+00,0.000000000000000000e+00,2.000000000000000000e+04
0.000000000000000000e+00,3.049999999999999822e+00,0.000000000000000000e+00,0.000000000000000000e+00,1.000000000000000000e+00,0.000000000000000000e+00,2.000000000000000000e+04
5.000000000000000278e-02,3.049999999999999822e+00,-6.390596312042069391e-04,-1.077348388052474550e-02,0.000000000000000000e+00,0.000000000000000000e+00,2.000000000000000000e+04
1.000000000000000056e-01,3.049999999999999822e+00,-8.482596574374155676e-04,-2.145244717887524050e-02,0.000000000000000000e+00,0.000000000000000000e+00,2.000000000000000000e+04
1.499999999999999944e-01,3.049999999999999822e+00,-6.344493865849425889e-04,-3.196580845846449387e-02,0.000000000000000000e+00,0.000000000000000000e+00,2.000000000000000000e+04
2.000000000000000111e-01,3.049999999999999822e+00,-7.511853975996391579e-06,-4.224249790736021165e-02,0.000000000000000000e+00,0.000000000000000000e+00,2.000000000000000000e+04
2.500000000000000000e-01,3.049999999999999822e+00,1.017273395864601694e-03,-5.221057219057092386e-02,0.000000000000000000e+00,0.000000000000000000e+00,2.000000000000000000e+04
2.999999999999999889e-01,3.049999999999999822e+00,2.417045154638460067e-03,-6.179831064268608704e-02,0.000000000000000000e+00,0.000000000000000000e+00,2.000000000000000000e+04
3.499999999999999778e-01,3.049999999999999822e+00,4.159847619015288184e-03,-7.093691342214261675e-02,0.000000000000000000e+00,0.000000000000000000e+00,2.000000000000000000e+04
4.000000000000000222e-01,3.049999999999999822e+00,6.204134854851457020e-03,-7.956429847346822848e-02,0.000000000000000000e+00,0.000000000000000000e+00,2.000000000000000000e+04
4.500000000000000111e-01,3.049999999999999822e+00,8.499497337496008526e-03,-8.762943414405113818e-02,0.000000000000000000e+00,0.000000000000000000e+00,2.000000000000000000e+04
5.000000000000000000e-01,3.049999999999999822e+00,1.098867704820913165e-02,-9.509661101636440739e-02,0.000000000000000000e+00,0.000000000000000000e+00,2.000000000000000000e+04
5.500000000000000444e-01,3.049999999999999822e+00,1.361078595471978785e-02,-1.019490274880157088e-01,0.000000000000000000e+00,0.000000000000000000e+00,2.000000000000000000e+04
5.999999999999999778e-01,3.049999999999999822e+00,1.630551628535322276e-02,-1.081911434451523213e-01,0.000000000000000000e+00,0.000000000000000000e+00,2.000000000000000000e+04
6.500000000000000222e-01,3.049999999999999822e+00,1.901786932196175561e-02,-1.138490382723202632e-01,0.000000000000000000e+00,0.000000000000000000e+00,2.000000000000000000e+04
6.999999999999999556e-01,3.049999999999999822e+00,2.170272594378197528e-02,-1.189683020909238914e-01,0.000000000000000000e+00,0.000000000000000000e+00,2.000000000000000000e+04
7.500000000000000000e-01,3.049999999999999822e+00,2.432864439071036333e-02,-1.236096369822861085e-01,0.000000000000000000e+00,0.000000000000000000e+00,2.000000000000000000e+04
8.000000000000000444e-01,3.049999999999999822e+00,2.688053507265404651e-02,-1.278428157481750205e-01,0.000000000000000000e+00,0.000000000000000000e+00,2.000000000000000000e+04
8.499999999999999778e-01,3.049999999999999822e+00,2.936114443482259334e-02,-1.317397372702989178e-01,0.000000000000000000e+00,0.000000000000000000e+00,2.000000000000000000e+04
9.000000000000000222e-01,3.049999999999999822e+00,3.179145160911287654e-02,-1.353671366527016140e-01,0.000000000000000000e+00,0.000000000000000000e+00,2.000000000000000000e+04
9.499999999999999556e-01,3.049999999999999822e+00,3.421011151704662911e-02,-1.387792415108461686e-01,0.000000000000000000e+00,0.000000000000000000e+00,2.000000000000000000e+04
1.000000000000000000e+00,3.049999999999999822e+00,3.667199678263362295e-02,-1.420104485635972913e-01,0.000000000000000000e+00,0.000000000000000000e+00,2.000000000000000000e+04
0.000000000000000000e+00,3.100000000000000089e+00,0.000000000000000000e+00,0.000000000000000000e+00,1.000000000000000000e+00,0.000000000000000000e+00,2.000000000000000000e+04
5.000000000000000278e-02,3.100000000000000089e+00,-6.328212036527151255e-04,-1.140124832570348946e-02,0.000000000000000000e+00,0.000000000000000000e+00,2.000000000000000000e+04
1.000000000000000056e-01,3.100000000000000089e+00,-8.032814776426599980e-04,-2.269757720947522886e-02,0.000000000000000000e+00,0.000000000000000000e+00,2.000000000000000000e+04
1.499999999999999944e-01,3.100000000000000089e+00,-5.163340443294755491e-04,-3.381705774097813755e-02,0.000000000000000000e+00,0.000000000000000000e+00,2.000000000000000000e+04
2.000000000000000111e-01,3.100000000000000089e+00,2.208452487831074002e-04,-4.468444014546319593e-02,0.000000000000000000e+00,0.000000000000000000e+00,2.000000000000000000e+04
2.500000000000000000e-01,3.100000000000000089e+00,1.395140743423034946e-03,-5.522013474353989343e-02,0.000000000000000000e+00,0.000000000000000000e+00,2.000000000000000000e+04
2.999999999999999889e-01,3.100000000000000089e+00,2.984152607372639928e-03,-6.534193964182524739e-02,0.000000000000000000e+00,0.000000000000000000e+00,2.000000000000000000e+04
3.499999999999999778e-01,3.100000000000000089e+00,4.953836017992871606e-03,-7.496891098304518664e-02,0.000000000000000000e+00,0.000000000000000000e+00,2.000000000000000000e+04
4.000000000000000222e-01,3.100000000000000089e+00,7.257541468593437656e-03,-8.402668055549586401e-02,0.000000000000000000e+00,0.000000000000000000e+00,2.000000000000000000e+04
4.500000000000000111e-01,3.100000000000000089e+00,9.836708478330553548e-03,-9.245349079918967206e-02,0.000000000000000000e+00,0.000000000000000000e+00,2.000000000000000000e+04
5.000000000000000000e-01,3.100000000000000089e+00,1.262330433994554059e-02,-1.002061873499191791e-01,0.000000000000000000e+00,0.000000000000000000e+00,2.000000000000000000e+04
5.500000000000000444e-01,3.100000000000000089e+00,1.554390686901448333e-02,-1.072653486612350771e-01,0.000000000000000000e+00,0.000000000000000000e+00,2.000000000000000000e+04
5.999999999999999778e-01,3.100000000000000089e+00,1.852520092868652907e-02,-1.136388971473188403e-01,0.000000000000000000e+00,0.000000000000000000e+00,2.000000000000000000e+04
6.500000000000000222e-01,3.100000000000000089e+00,2.150019443859135099e-02,-1.193629190239366561e-01,0.000000000000000000e+00,0.000000000000000000e+00,2.000000000000000000e+04
6.999999999999999556e-01,3.100000000000000089e+00,2.441411431082365913e-02,-1.244989708106592624e-01,0.000000000000000000e+00,0.000000000000000000e+00,2.000000000000000000e+04
7.500000000000000000e-01,3.100000000000000089e+00,2.722910779062088366e-02,-1.291283099768278375e-01,0.000000000000000000e+00,0.000000000000000000e+00,2.000000000000000000e+04
8.000000000000000444e-01,3.100000000000000089e+00,2.992736021234652238e-02,-1.333441829443705873e-01,0.000000000000000000e+00,0.000000000000000000e+00,2.000000000000000000e+04
8.499999999999999778e-01,3.100000000000000089e+00,3.251269486117083773e-02,-1.372433001916840700e-01,0.000000000000000000e+00,0.000000000000000000e+00,2.000000000000000000e+04
9.000000000000000222e-01,3.100000000000000089e+00,3.501095377484843979e-02,-1.409172212951023129e-01,0.000000000000000000e+00,0.000000000000000000e+00,2.000000000000000000e+04
9.499999999999999556e-01,3.100000000000000089e+00,3.746945685292756706e-02,-1.444438994883188165e-01,0.000000000000000000e+00,0.000000000000000000e+00,2.000000000000000000e+04
1.000000000000000000e+00,3.100000000000000089e+00,3.995567217249997027e-02,-1.478792894698697513e-01,0.000000000000000000e+00,0.000000000000000000e+00,2.000000000000000000e+04
0.000000000000000000e+00,3.149999999999999911e+00,0.000000000000000000e+00,0.000000000000000000e+00,1.000000000000000000e+00,0.000000000000000000e+00,2.000000000000000000e+04
5.000000000000000278e-02,3.149999999999999911e+00,-6.320340684735876536e-04,-1.207309578865285553e-02,0.000000000000000000e+00,0.000000000000000000e+00,2.000000000000000000e+04
1.000000000000000056e-01,3.149999999999999911e+00,-7.692358738026593016e-04,-2.403190979640372482e-02,0.000000000000000000e+00,0.000000000000000000e+00,2.000000000000000000e+04
1.499999999999999944e-01,3.149999999999999911e+00,-4.127397168279385532e-04,-3.580602026217035577e-02,0.000000000000000000e+00,0.000000000000000000e+00,2.000000000000000000e+04
2.000000000000000111e-01,3.149999999999999911e+00,4.352209805097359010e-04,-4.731631581037693685e-02,0.000000000000000000e+00,0.000000000000000000e+00,2.000000000000000000e+04
2.500000000000000000e-01,3.149999999999999911e+00,1.765738064589471778e-03,-5.847405772031485927e-02,0.000000000000000000e+00,0.000000000000000000e+00,2.000000000000000000e+04
2.999999999999999889e-01,3.149999999999999911e+00,3.558337110563560002e-03,-6.918363211668772383e-02,0.000000000000000000e+00,0.000000000000000000e+00,2.000000000000000000e+04
3.499999999999999778e-01,3.149999999999999911e+00,5.777491302381197388e-03,-7.934807898278062321e-02,0.000000000000000000e+00,0.000000000000000000e+00,2.000000000000000000e+04
4.000000000000000222e-01,3.149999999999999911e+00,8.371031620454839547e-03,-8.887647521374147930e-02,0.000000000000000000e+00,0.000000000000000000e+00,2.000000000000000000e+04
4.500000000000000111e-01,3.149999999999999911e+00,1.127076816583223728e-02,-9.769226013238814510e-02,0.000000000000000000e+00,0.000000000000000000e+00,2.000000000000000000e+04
5.000000000000000000e-01,3.149999999999999911e+00,1.439546404455098981e-02,-1.057415617325985352e-01,0.000000000000000000e+00,0.000000000000000000e+00,2.000000000000000000e+04
5.500000000000000444e-01,3.149999999999999911e+00,1.765605676873626198e-02,-1.130004479646646021e-01,0.000000000000000000e+00,0.000000000000000000e+00,2.000000000000000000e+04
5.999999999999999778e-01,3.149999999999999911e+00,2.096294571025282202e-02,-1.194804110851141465e-01,0.000000000000000000e+00,0.000000000000000000e+00,2.000000000000000000e+04
6.500000000000000222e-01,3.149999999999999911e+00,2.423428286330677611e-02,-1.252298070040230860e-01,0.000000000000000000e+00,0.000000000000000000e+00,2.000000000000000000e+04
6.999999999999999556e-01,3.149999999999999911e+00,2.740360643004269639e-02,-1.303301362022813992e-01,0.000000000000000000e+00,0.000000000000000000e+00,2.000000000000000000e+04
7.500000000000000000e-01,3.149999999999999911e+00,3.042555724426775077e-02,-1.348881765032548252e-01,0.000000000000000000e+00,0.000000000000000000e+00,2.000000000000000000e+04
8.000000000000000444e-01,3.149999999999999911e+00,3.327930356350264351e-02,-1.390259590763799069e-01,0.000000000000000000e+00,0.000000000000000000e+00,2.000000000000000000e+04
8.499999999999999778e-01,3.149999999999999911e+00,3.597001691663998663e-02,-1.428703069270869375e-01,0.000000000000000000e+00,0.000000000000000000e+00,2.000000000000000000e+04
9.000000000000000222e-01,3.149999999999999911e+00,3.852903630779512534e-02,-1.465428375502015046e-01,0.000000000000000000e+00,0.000000000000000000e+00,2.000000000000000000e+04
9.499999999999999556e-01,3.149999999999999911e+00,4.101328183388131682e-02,-1.501505419764955496e-01,0.000000000000000000e+00,0.000000000000000000e+00,2.000000000000000000e+04
1.000000000000000000e+00,3.149999999999999911e+00,4.350418004394732141e-02,-1.537765366152141211e-01,0.000000000000000000e+00,0.000000000000000000e+00,2.000000000000000000e+04
0.000000000000000000e+00,3.200000000000000178e+00,0.000000000000000000e+00,0.000000000000000000e+00,1.000000000000000000e+00,0.000000000000000000e+00,2.000000000000000000e+04
5.000000000000000278e-02,3.200000000000000178e+00,-6.388265079498285735e-04,-1.278649283129084692e-02,0.000000000000000000e+00,0.000000000000000000e+00,2.000000000000000000e+04
1.000000000000000056e-01,3.200000000000000178e+00,-7.519020500514666996e-04,-2.545292605317269960e-02,0.000000000000000000e+00,0.000000000000000000e+00,2.000000000000000000e+04
1.499999999999999944e-01,3.200000000000000178e+00,-3.337129197716807538e-04,-3.793353626533978173e-02,0.000000000000000000e+00,0.000000000000000000e+00,2.000000000000000000e+04
2.000000000000000111e-01,3.200000000000000178e+00,6.215968693926295866e-04,-5.014564856794268694e-02,0.000000000000000000e+00,0.000000000000000000e+00,2.000000000000000000e+04
2.500000000000000000e-01,3.200000000000000178e+00,2.112169498057942657e-03,-6.198923534276186420e-02,0.000000000000000000e+00,0.000000000000000000e+00,2.000000000000000000e+04
2.999999999999999889e-01,3.200000000000000178e+00,4.121525951621811748e-03,-7.335125921041933672e-02,0.000000000000000000e+00,0.000000000000000000e+00,2.000000000000000000e+04
3.499999999999999778e-01,3.200000000000000178e+00,6.613607870024379443e-03,-8.411349445708055095e-02,0.000000000000000000e+00,0.000000000000000000e+00,2.000000000000000000e+04
4.000000000000000222e-01,3.200000000000000178e+00,9.530329827575538190e-03,-9.416266534328919524e-02,0.000000000000000000e+00,0.000000000000000000e+00,2.000000000000000000e+04
4.500000000000000111e-01,3.200000000000000178e+00,1.279204977527404787e-02,-1.034018194840835847e-01,0.000000000000000000e+00,0.000000000000000000e+00,2.000000000000000000e+04
5.000000000000000000e-01,3.200000000000000178e+00,1.630120151539465531e-02,-1.117618100802490189e-01,0.000000000000000000e+00,0.000000000000000000e+00,2.000000000000000000e+04
5.500000000000000444e-01,3.200000000000000178e+00,1.994900902987955735e-02,-1.192114646431310099e-01,0.000000000000000000e+00,0.000000000000000000e+00,2.000000000000000000e+04
5.999999999999999778e-01,3.200000000000000178e+00,2.362533793708964519e-02,-1.257659741404952014e-01,0.000000000000000000e+00,0.000000000000000000e+00,2.000000000000000000e+04
6.500000000000000222e-01,3.200000000000000178e+00,2.722996397630630602e-02,-1.314891283735595273e-01,0.000000000000000000e+00,0.000000000000000000e+00,2.000000000000000000e+04
6.999999999999999556e-01,3.200000000000000178e+00,3.068250401383253514e-02,-1.364877196384634006e-01,0.000000000000000000e+00,0.000000000000000000e+00,2.000000000000000000e+04
7.500000000000000000e-01,3.200000000000000178e+00,3.392919054049342575e-02,-1.409003631925272726e-01,0.000000000000000000e+00,0.000000000000000000e+00,2.000000000000000000e+04
8.000000000000000444e-01,3.200000000000000178e+00,3.694626979898893437e-02,-1.448842191189381456e-01,0.000000000000000000e+00,0.000000000000000000e+00,2.000000000000000000e+04
8.499999999999999778e-01,3.200000000000000178e+00,3.974089642621946722e-02,-1.486021833664538938e-01,0.000000000000000000e+00,0.000000000000000000e+00,2.000000000000000000e+04
9.000000000000000222e-01,3.200000000000000178e+00,4.235071850208680516e-02,-1.522115862559130228e-01,0.000000000000000000e+00,0.000000000000000000e+00,2.000000000000000000e+04
9.499999999999999556e-01,3.200000000000000178e+00,4.484311345495318318e-02,-1.558541940693937422e-01,0.000000000000000000e+00,0.000000000000000000e+00,2.000000000000000000e+04
1.000000000000000000e+00,3.200000000000000178e+00,4.731452828017147089e-02,-1.596465953022726814e-01,0.000000000000000000e+00,0.000000000000000000e+00,2.000000000000000000e+04
0.000000000000000000e+00,3.250000000000000000e+00,0.000000000000000000e+00,0.000000000000000000e+00,1.000000000000000000e+00,0.000000000000000000e+00,2.000000000000000000e+04
5.000000000000000278e-02,3.250000000000000000e+00,-6.552786630471320881e-04,-1.353560497861110677e-02,0.000000000000000000e+00,0.000000000000000000e+00,2.000000000000000000e+04
1.000000000000000056e-01,3.250000000000000000e+00,-7.576071600893418334e-04,-2.695301608973304716e-02,0.000000000000000000e+00,0.000000000000000000e+00,2.000000000000000000e+04
1.499999999999999944e-01,3.250000000000000000e+00,-2.907961173928802056e-04,-4.019511702340586995e-02,0.000000000000000000e+00,0.000000000000000000e+00,2.000000000000000000e+04
2.000000000000000111e-01,3.250000000000000000e+00,7.634036845256570326e-04,-5.317577942874301966e-02,0.000000000000000000e+00,0.000000000000000000e+00,2.000000000000000000e+04
2.500000000000000000e-01,3.250000000000000000e+00,2.414041488194290565e-03,-6.578063014076881987e-02,0.000000000000000000e+00,0.000000000000000000e+00,2.000000000000000000e+04
2.999999999999999889e-01,3.250000000000000000e+00,4.651500163011042417e-03,-7.787375629859528969e-02,0.000000000000000000e+00,0.000000000000000000e+00,2.000000000000000000e+04
3.499999999999999778e-01,3.250000000000000000e+00,7.440629761471058770e-03,-8.930860167178503173e-02,0.000000000000000000e+00,0.000000000000000000e+00,2.000000000000000000e+04
4.000000000000000222e-01,3.250000000000000000e+00,1.071710937720786114e-02,-9.994170054608415843e-02,0.000000000000000000e+00,0.000000000000000000e+00,2.000000000000000000e+04
4.500000000000000111e-01,3.250000000000000000e+00,1.438760049418986824e-02,-1.096480594780527701e-01,0.000000000000000000e+00,0.000000000000000000e+00,2.000000000000000000e+04
5.000000000000000000e-01,3.250000000000000000e+00,1.833414379465291358e-02,-1.183369051584316073e-01,0.000000000000000000e+00,0.000000000000000000e+00,2.000000000000000000e+04
5.500000000000000444e-01,3.250000000000000000e+00,2.242279746659897599e-02,-1.259658707403102651e-01,0.000000000000000000e+00,0.000000000000000000e+00,2.000000000000000000e+04
5.999999999999999778e-01,3.250000000000000000e+00,2.651728590349128681e-02,-1.325541407469500443e-01,0.000000000000000000e+00,0.000000000000000000e+00,2.000000000000000000e+04
6.500000000000000222e-01,3.250000000000000000e+00,3.049467770858134766e-02,-1.381856251643701072e-01,0.000000000000000000e+00,0.000000000000000000e+00,2.000000000000000000e+04
6.999999999999999556e-01,3.250000000000000000e+00,3.425836966498423813e-02,-1.429998434058059043e-01,0.000000000000000000e+00,0.000000000000000000e+00,2.000000000000000000e+04
7.500000000000000000e-01,3.250000000000000000e+00,3.774579447943195859e-02,-1.471754095166908083e-01,0.000000000000000000e+00,0.000000000000000000e+00,2.000000000000000000e+04
8.000000000000000444e-01,3.250000000000000000e+00,4.093111490106426248e-02,-1.509121383533185146e-01,0.000000000000000000e+00,0.000000000000000000e+00,2.000000000000000000e+04
8.499999999999999778e-01,3.250000000000000000e+00,4.382474098301988863e-02,-1.544154649732778495e-01,0.000000000000000000e+00,0.000000000000000000e+00,2.000000000000000000e+04
9.000000000000000222e-01,3.250000000000000000e+00,4.647173516722841180e-02,-1.578841707598880317e-01,0.000000000000000000e+00,0.000000000000000000e+00,2.000000000000000000e+04
9.499999999999999556e-01,3.250000000000000000e+00,4.895063160973794902e-02,-1.615005779393014484e-01,0.000000000000000000e+00,0.000000000000000000e+00,2.000000000000000000e+04
1.000000000000000000e+00,3.250000000000000000e+00,5.137338071932132100e-02,-1.654214806545495631e-01,0.000000000000000000e+00,0.000000000000000000e+00,2.000000000000000000e+04
0.000000000000000000e+00,3.299999999999999822e+00,0.000000000000000000e+00,0.000000000000000000e+00,1.000000000000000000e+00,0.000000000000000000e+00,2.000000000000000000e+04
5.000000000000000278e-02,3.299999999999999822e+00,-6.830096894954998041e-04,-1.431002771832510720e-02,0.000000000000000000e+00,0.000000000000000000e+00,2.000000000000000000e+04
1.000000000000000056e-01,3.299999999999999822e+00,-7.925714667292294274e-04,-2.851756404985970883e-02,0.000000000000000000e+00,0.000000000000000000e+00,2.000000000000000000e+04
1.499999999999999944e-01,3.299999999999999822e+00,-2.962734250658332269e-04,-4.257887044827911305e-02,0.000000000000000000e+00,0.000000000000000000e+00,2.000000000000000000e+04
2.000000000000000111e-01,3.299999999999999822e+00,8.422371088275952848e-04,-5.640401536989093217e-02,0.000000000000000000e+00,0.000000000000000000e+00,2.000000000000000000e+04
2.500000000000000000e-01,3.299999999999999822e+00,2.648029770066187560e-03,-6.985996367141793228e-02,0.000000000000000000e+00,0.000000000000000000e+00,2.000000000000000000e+04
2.999999999999999889e-01,3.299999999999999822e+00,5.122272077918085809e-03,-8.278061736464094322e-02,0.000000000000000000e+00,0.000000000000000000e+00,2.000000000000000000e+04
3.499999999999999778e-01,3.299999999999999822e+00,8.232893965450863161e-03,-9.498167719667707787e-02,0.000000000000000000e+00,0.000000000000000000e+00,2.000000000000000000e+04
4.000000000000000222e-01,3.299999999999999822e+00,1.190923997054289286e-02,-1.062789398428493071e-01,0.000000000000000000e+00,0.000000000000000000e+00,2.000000000000000000e+04
4.500000000000000111e-01,3.299999999999999822e+00,1.604155293859130249e-02,-1.165088838251761849e-01,0.000000000000000000e+00,0.000000000000000000e+00,2.000000000000000000e+04
5.000000000000000000e-01,3.299999999999999822e+00,2.048615065733061860e-02,-1.255501922085161537e-01,0.000000000000000000e+00,0.000000000000000000e+00,2.000000000000000000e+04
5.500000000000000444e-01,3.299999999999999822e+00,2.507644621145934880e-02,-1.333434634130694629e-01,0.000000000000000000e+00,0.000000000000000000e+00,2.000000000000000000e+04
5.999999999999999778e-01,3.299999999999999822e+00,2.964245444232330162e-02,-1.399126479890747676e-01,0.000000000000000000e+00,0.000000000000000000e+00,2.000000000000000000e+04
6.500000000000000222e-01,3.299999999999999822e+00,3.403321202623111469e-02,-1.453690777861172401e-01,0.000000000000000000e+00,0.000000000000000000e+00,2.000000000000000000e+04
6.999999999999999556e-01,3.299999999999999822e+00,3.813380160259546153e-02,-1.498956627351730742e-01,0.000000000000000000e+00,0.000000000000000000e+00,2.000000000000000000e+04
7.500000000000000000e-01,3.299999999999999822e+00,4.187350036739526105e-02,-1.537217069012193071e-01,0.000000000000000000e+00,0.000000000000000000e+00,2.000000000000000000e+04
8.000000000000000444e-01,3.299999999999999822e+00,4.522651565085684944e-02,-1.570985024403625807e-01,0.000000000000000000e+00,0.000000000000000000e+00,2.000000000000000000e+04
8.499999999999999778e-01,3.299999999999999822e+00,4.820882438379950341e-02,-1.602806565171843167e-01,0.000000000000000000e+00,0.000000000000000000e+00,2.000000000000000000e+04
9.000000000000000222e-01,3.299999999999999822e+00,5.087447027043452696e-02,-1.635136216928423925e-01,0.000000000000000000e+00,0.000000000000000000e+00,2.000000000000000000e+04
9.499999999999999556e-01,3.299999999999999822e+00,5.331358171998742262e-02,-1.670254270487990522e-01,0.000000000000000000e+00,0.000000000000000000e+00,2.000000000000000000e+04
1.000000000000000000e+00,3.299999999999999822e+00,5.565312843944703047e-02,-1.710196634302930674e-01,0.000000000000000000e+00,0.000000000000000000e+00,2.000000000000000000e+04
0.000000000000000000e+00,3.350000000000000089e+00,0.000000000000000000e+00,0.000000000000000000e+00,1.000000000000000000e+00,0.000000000000000000e+00,2.000000000000000000e+04
5.000000000000000278e-02,3.350000000000000089e+00,-7.224429334610594318e-04,-1.509325425284130037e-02,0.000000000000000000e+00,0.000000000000000000e+00,2.000000000000000000e+04
1.000000000000000056e-01,3.350000000000000089e+00,-8.616161682327098253e-04,-3.012266022498109874e-02,0.000000000000000000e+00,0.000000000000000000e+00,2.000000000000000000e+04
1.499999999999999944e-01,3.350000000000000089e+00,-3.615337908847408724e-04,-4.506298458000893015e-02,0.000000000000000000e+00,0.000000000000000000e+00,2.000000000000000000e+04
2.000000000000000111e-01,3.350000000000000089e+00,8.395705417939510525e-04,-5.981929256860148841e-02,0.000000000000000000e+00,0.000000000000000000e+00,2.000000000000000000e+04
2.500000000000000000e-01,3.350000000000000089e+00,2.789410696165233947e-03,-7.423394831735177779e-02,0.000000000000000000e+00,0.000000000000000000e+00,2.000000000000000000e+04
2.999999999999999889e-01,3.350000000000000089e+00,5.505285582601009489e-03,-8.810107754697256432e-02,0.000000000000000000e+00,0.000000000000000000e+00,2.000000000000000000e+04
3.499999999999999778e-01,3.350000000000000089e+00,8.961526273749567326e-03,-1.011862659385392993e-01,0.000000000000000000e+00,0.000000000000000000e+00,2.000000000000000000e+04
4.000000000000000222e-01,3.350000000000000089e+00,1.308157924859399898e-02,-1.132504361384861769e-01,0.000000000000000000e+00,0.000000000000000000e+00,2.000000000000000000e+04
4.500000000000000111e-01,3.350000000000000089e+00,1.773609049305125557e-02,-1.240770907929906325e-01,0.000000000000000000e+00,0.000000000000000000e+00,2.000000000000000000e+04
5.000000000000000000e-01,3.350000000000000089e+00,2.274862921946945241e-02,-1.335016795159535696e-01,0.000000000000000000e+00,0.000000000000000000e+00,2.000000000000000000e+04
5.500000000000000444e-01,3.350000000000000089e+00,2.790940133288033129e-02,-1.414388193162050278e-01,0.000000000000000000e+00,0.000000000000000000e+00,2.000000000000000000e+04
5.999999999999999778e-01,3.350000000000000089e+00,3.300423542377665942e-02,-1.479191388656427020e-01,0.000000000000000000e+00,0.000000000000000000e+00,2.000000000000000000e+04
6.500000000000000222e-01,3.350000000000000089e+00,3.784762356698340158e-02,-1.530932422359396472e-01,0.000000000000000000e+00,0.000000000000000000e+00,2.000000000000000000e+04
6.999999999999999556e-01,3.350000000000000089e+00,4.230496460475111076e-02,-1.572031131627332767e-01,0.000000000000000000e+00,0.000000000000000000e+00,2.000000000000000000e+04
7.500000000000000000e-01,3.350000000000000089e+00,4.629990019812153107e-02,-1.605428812004142392e-01,0.000000000000000000e+00,0.000000000000000000e+00,2.000000000000000000e+04
8.000000000000000444e-01,3.350000000000000089e+00,4.981089799077455249e-02,-1.634254400908596305e-01,0.000000000000000000e+00,0.000000000000000000e+00,2.000000000000000000e+04
8.499999999999999778e-01,3.350000000000000089e+00,5.286340466969805668e-02,-1.661607343958128591e-01,0.000000000000000000e+00,0.000000000000000000e+00,2.000000000000000000e+04
9.000000000000000222e-01,3.350000000000000089e+00,5.552269852163675690e-02,-1.690446136530422416e-01,0.000000000000000000e+00,0.000000000000000000e+00,2.000000000000000000e+04
9.499999999999999556e-01,3.350000000000000089e+00,5.789054528928957305e-02,-1.723542577145178445e-01,0.000000000000000000e+00,0.000000000000000000e+00,2.000000000000000000e+04
1.000000000000000000e+00,3.350000000000000089e+00,6.010697017955446420e-02,-1.763455254424495799e-01,0.000000000000000000e+00,0.000000000000000000e+00,2.000000000000000000e+04
0.000000000000000000e+00,3.399999999999999911e+00,0.000000000000000000e+00,0.000000000000000000e+00,1.000000000000000000e+00,0.000000000000000000e+00,2.000000000000000000e+04
5.000000000000000278e-02,3.399999999999999911e+00,-7.715559196467372842e-04,-1.586096958475885152e-02,0.000000000000000000e+00,0.000000000000000000e+00,2.000000000000000000e+04
1.000000000000000056e-01,3.399999999999999911e+00,-9.658059022902145763e-04,-3.173256038493671438e-02,0.000000000000000000e+00,0.000000000000000000e+00,2.000000000000000000e+04
1.499999999999999944e-01,3.399999999999999911e+00,-4.939262035580083404e-04,-4.761281478725106625e-02,0.000000000000000000e+00,0.000000000000000000e+00,2.000000000000000000e+04
2.000000000000000111e-01,3.399999999999999911e+00,7.401857117225041490e-04,-6.339926065667779442e-02,0.000000000000000000e+00,0.000000000000000000e+00,2.000000000000000000e+04
2.500000000000000000e-01,3.399999999999999911e+00,2.815244765658882382e-03,-7.890183902875633204e-02,0.000000000000000000e+00,0.000000000000000000e+00,2.000000000000000000e+04
2.999999999999999889e-01,3.399999999999999911e+00,5.771987926976530382e-03,-9.386272057565009375e-02,0.000000000000000000e+00,0.000000000000000000e+00,2.000000000000000000e+04
3.499999999999999778e-01,3.399999999999999911e+00,9.596355338866727203e-03,-1.079814087557689484e-01,0.000000000000000000e+00,0.000000000000000000e+00,2.000000000000000000e+04
4.000000000000000222e-01,3.399999999999999911e+00,1.420752636782833186e-02,-1.209450821959884431e-01,0.000000000000000000e+00,0.000000000000000000e+00,2.000000000000000000e+04
4.500000000000000111e-01,3.399999999999999911e+00,1.945313753940230289e-02,-1.324641987245807895e-01,0.000000000000000000e+00,0.000000000000000000e+00,2.000000000000000000e+04
5.000000000000000000e-01,3.399999999999999911e+00,2.511474794275071407e-02,-1.423125613183696958e-01,0.000000000000000000e+00,0.000000000000000000e+00,2.000000000000000000e+04
5.500000000000000444e-01,3.399999999999999911e+00,3.092392449625383857e-02,-1.503643863914916889e-01,0.000000000000000000e+00,0.000000000000000000e+00,2.000000000000000000e+04
5.999999999999999778e-01,3.399999999999999911e+00,3.660741710924025893e-02,-1.566614653157525905e-01,0.000000000000000000e+00,0.000000000000000000e+00,2.000000000000000000e+04
6.500000000000000222e-01,3.399999999999999911e+00,4.193734605501962115e-02,-1.614135056222946452e-01,0.000000000000000000e+00,0.000000000000000000e+00,2.000000000000000000e+04
6.999999999999999556e-01,3.399999999999999911e+00,4.675974760097708488e-02,-1.649450198384318222e-01,0.000000000000000000e+00,0.000000000000000000e+00,2.000000000000000000e+04
7.500000000000000000e-01,3.399999999999999911e+00,5.099832691644137772e-02,-1.676336626493190041e-01,0.000000000000000000e+00,0.000000000000000000e+00,2.000000000000000000e+04
8.000000000000000444e-01,3.399999999999999911e+00,5.464322058192334214e-02,-1.698650933361958715e-01,0.000000000000000000e+00,0.000000000000000000e+00,2.000000000000000000e+04
8.499999999999999778e-01,3.399999999999999911e+00,5.773553674881143349e-02,-1.720092013723893698e-01,0.000000000000000000e+00,0.000000000000000000e+00,2.000000000000000000e+04
9.000000000000000222e-01,3.399999999999999911e+00,6.035499009084463462e-02,-1.744129859205017508e-01,0.000000000000000000e+00,0.000000000000000000e+00,2.000000000000000000e+04
9.499999999999999556e-01,3.399999999999999911e+00,6.261446559691774549e-02,-1.774029147188100897e-01,0.000000000000000000e+00,0.000000000000000000e+00,2.000000000000000000e+04
1.000000000000000000e+00,3.399999999999999911e+00,6.466296785025348048e-02,-1.812899278751976817e-01,0.000000000000000000e+00,0.000000000000000000e+00,2.000000000000000000e+04
0.000000000000000000e+00,3.450000000000000178e+00,0.000000000000000000e+00,0.000000000000000000e+00,1.000000000000000000e+00,0.000000000000000000e+00,2.000000000000000000e+04
5.000000000000000278e-02,3.450000000000000178e+00,-8.238369311672193857e-04,-1.657943630856244938e-02,0.000000000000000000e+00,0.000000000000000000e+00,2.000000000000000000e+04
1.000000000000000056e-01,3.450000000000000178e+00,-1.098373058008902513e-03,-3.329723398016405655e-02,0.000000000000000000e+00,0.000000000000000000e+00,2.000000000000000000e+04
1.499999999999999944e-01,3.450000000000000178e+00,-6.911201109349571128e-04,-5.017776472496332518e-02,0.000000000000000000e+00,0.000000000000000000e+00,2.000000000000000000e+04
2.000000000000000111e-01,3.450000000000000178e+00,5.384829019675984414e-04,-6.710668955767584709e-02,0.000000000000000000e+00,0.000000000000000000e+00,2.000000000000000000e+04
2.500000000000000000e-01,3.450000000000000178e+00,2.710330651604293904e-03,-8.385192765340991616e-02,0.000000000000000000e+00,0.000000000000000000e+00,2.000000000000000000e+04
2.999999999999999889e-01,3.450000000000000178e+00,5.898651610306149783e-03,-1.000890035308043824e-01,0.000000000000000000e+00,0.000000000000000000e+00,2.000000000000000000e+04
3.499999999999999778e-01,3.450000000000000178e+00,1.010938784802918426e-02,-1.154312563664166430e-01,0.000000000000000000e+00,0.000000000000000000e+00,2.000000000000000000e+04
4.000000000000000222e-01,3.450000000000000178e+00,1.526159378589975711e-02,-1.294670429011201829e-01,0.000000000000000000e+00,0.000000000000000000e+00,2.000000000000000000e+04
4.500000000000000111e-01,3.450000000000000178e+00,2.117692238741726921e-02,-1.418055848278241826e-01,0.000000000000000000e+00,0.000000000000000000e+00,2.000000000000000000e+04
5.000000000000000000e-01,3.450000000000000178e+00,2.758280859643491220e-02,-1.521316736378246215e-01,0.000000000000000000e+00,0.000000000000000000e+00,2.000000000000000000e+04
5.500000000000000444e-01,3.450000000000000178e+00,3.412872890418274657e-02,-1.602544636048764681e-01,0.000000000000000000e+00,0.000000000000000000e+00,2.000000000000000000e+04
5.999999999999999778e-01,3.450000000000000178e+00,4.046064854466227545e-02,-1.662371672184642657e-01,0.000000000000000000e+00,0.000000000000000000e+00,2.000000000000000000e+04
6.500000000000000222e-01,3.450000000000000178e+00,4.629933934146120839e-02,-1.703825096819700513e-01,0.000000000000000000e+00,0.000000000000000000e+00,2.000000000000000000e+04
6.999999999999999556e-01,3.450000000000000178e+00,5.147525309781832148e-02,-1.731328268810852222e-01,0.000000000000000000e+00,0.000000000000000000e+00,2.000000000000000000e+04
7.500000000000000000e-01,3.450000000000000178e+00,5.592299580836600226e-02,-1.749737021577401352e-01,0.000000000000000000e+00,0.000000000000000000e+00,2.000000000000000000e+04
8.000000000000000444e-01,3.450000000000000178e+00,5.965639861919130177e-02,-1.763749319903440416e-01,0.000000000000000000e+00,0.000000000000000000e+00,2.000000000000000000e+04
8.499999999999999778e-01,3.450000000000000178e+00,6.274147993737666518e-02,-1.777676355909383887e-01,0.000000000000000000e+00,0.000000000000000000e+00,2.000000000000000000e+04
9.000000000000000222e-01,3.450000000000000178e+00,6.527677327850328615e-02,-1.795456393857782218e-01,0.000000000000000000e+00,0.000000000000000000e+00,2.000000000000000000e+04
9.499999999999999556e-01,3.450000000000000178e+00,6.738499204852622937e-02,-1.820793182472759675e-01,0.000000000000000000e+00,0.000000000000000000e+00,2.000000000000000000e+04
1.000000000000000000e+00,3.450000000000000178e+00,6.921722331759082303e-02,-1.857326064743503868e-01,0.000000000000000000e+00,0.000000000000000000e+00,2.000000000000000000e+04
0.000000000000000000e+00,3.500000000000000000e+00,0.000000000000000000e+00,0.000000000000000000e+00,1.000000000000000000e+00,0.000000000000000000e+00,2.000000000000000000e+04
5.000000000000000278e-02,3.500000000000000000e+00,-8.650910666772161726e-04,-1.720456547753296261e-02,0.000000000000000000e+00,0.000000000000000000e+00,2.000000000000000000e+04
1.000000000000000056e-01,3.500000000000000000e+00,-1.238002245099683154e-03,-3.475076017825085711e-02,0.000000000000000000e+00,0.000000000000000000e+00,2.000000000000000000e+04
1.499999999999999944e-01,3.500000000000000000e+00,-9.314894072628132887e-04,-5.268844383349245708e-02,0.000000000000000000e+00,0.000000000000000000e+00,2.000000000000000000e+04
2.000000000000000111e-01,3.500000000000000000e+00,2.494973059159113636e-04,-7.088513219687946065e-02,0.000000000000000000e+00,0.000000000000000000e+00,2.000000000000000000e+04
2.500000000000000000e-01,3.500000000000000000e+00,2.477743035323568856e-03,-8.905635036314592246e-02,0.000000000000000000e+00,0.000000000000000000e+00,2.000000000000000000e+04
2.999999999999999889e-01,3.500000000000000000e+00,5.874880961884256132e-03,-1.067947527004864117e-01,0.000000000000000000e+00,0.000000000000000000e+00,2.000000000000000000e+04
3.499999999999999778e-01,3.500000000000000000e+00,1.048068636947513226e-02,-1.236032265214560555e-01,0.000000000000000000e+00,0.000000000000000000e+00,2.000000000000000000e+04
4.000000000000000222e-01,3.500000000000000000e+00,1.622329356508284137e-02,-1.389381763709061912e-01,0.000000000000000000e+00,0.000000000000000000e+00,2.000000000000000000e+04
4.500000000000000111e-01,3.500000000000000000e+00,2.289747531232359801e-02,-1.522674545502269161e-01,0.000000000000000000e+00,0.000000000000000000e+00,2.000000000000000000e+04
5.000000000000000000e-01,3.500000000000000000e+00,3.016103573168116975e-02,-1.631450937246291533e-01,0.000000000000000000e+00,0.000000000000000000e+00,2.000000000000000000e+04
5.500000000000000444e-01,3.500000000000000000e+00,3.754410290797955546e-02,-1.712703861371638325e-01,0.000000000000000000e+00,0.000000000000000000e+00,2.000000000000000000e+04
5.999999999999999778e-01,3.500000000000000000e+00,4.457957660437061181e-02,-1.767513786651648822e-01,0.000000000000000000e+00,0.000000000000000000e+00,2.000000000000000000e+04
6.500000000000000222e-01,3.500000000000000000e+00,5.092777817678011132e-02,-1.800426129764673422e-01,0.000000000000000000e+00,0.000000000000000000e+00,2.000000000000000000e+04
6.999999999999999556e-01,3.500000000000000000e+00,5.641398772810612278e-02,-1.817570087444836113e-01,0.000000000000000000e+00,0.000000000000000000e+00,2.000000000000000000e+04
7.500000000000000000e-01,3.500000000000000000e+00,6.100251418837188133e-02,-1.825187854166513968e-01,0.000000000000000000e+00,0.000000000000000000e+00,2.000000000000000000e+04
8.000000000000000444e-01,3.500000000000000000e+00,6.474915975024593540e-02,-1.828915106547299996e-01,0.000000000000000000e+00,0.000000000000000000e+00,2.000000000000000000e+04
8.499999999999999778e-01,3.500000000000000000e+00,6.775778296614601293e-02,-1.833627814052349314e-01,0.000000000000000000e+00,0.000000000000000000e+00,2.000000000000000000e+04
9.000000000000000222e-01,3.500000000000000000e+00,7.015134377946495581e-02,-1.843610711720725659e-01,0.000000000000000000e+00,0.000000000000000000e+00,2.000000000000000000e+04
9.499999999999999556e-01,3.500000000000000000e+00,7.206004190257082886e-02,-1.862869518383948597e-01,0.000000000000000000e+00,0.000000000000000000e+00,2.000000000000000000e+04
1.000000000000000000e+00,3.500000000000000000e+00,7.362666157557544444e-02,-1.895473437215455526e-01,0.000000000000000000e+00,0.000000000000000000e+00,2.000000000000000000e+04
0.000000000000000000e+00,3.549999999999999822e+00,0.000000000000000000e+00,0.000000000000000000e+00,1.000000000000000000e+00,0.000000000000000000e+00,2.000000000000000000e+04
5.000000000000000278e-02,3.549999999999999822e+00,-8.687393821454684724e-04,-1.768281695325584629e-02,0.000000000000000000e+00,0.000000000000000000e+00,2.000000000000000000e+04
1.000000000000000056e-01,3.549999999999999822e+00,-1.338350587603334783e-03,-3.601207082814990995e-02,0.000000000000000000e+00,0.000000000000000000e+00,2.000000000000000000e+04
1.499999999999999944e-01,3.549999999999999822e+00,-1.158475069492400289e-03,-5.505516937547106499e-02,0.000000000000000000e+00,0.000000000000000000e+00,2.000000000000000000e+04
2.000000000000000111e-01,3.549999999999999822e+00,-7.261446690162172814e-05,-7.465393858665152205e-02,0.000000000000000000e+00,0.000000000000000000e+00,2.000000000000000000e+04
2.500000000000000000e-01,3.549999999999999822e+00,2.156889906125017409e-03,-9.446321752627183377e-02,0.000000000000000000e+00,0.000000000000000000e+00,2.000000000000000000e+04
2.999999999999999889e-01,3.549999999999999822e+00,5.718221659265650646e-03,-1.139779255347741493e-01,0.000000000000000000e+00,0.000000000000000000e+00,2.000000000000000000e+04
3.499999999999999778e-01,3.549999999999999822e+00,1.070805354679704204e-02,-1.325630309193248924e-01,0.000000000000000000e+00,0.000000000000000000e+00,2.000000000000000000e+04
4.000000000000000222e-01,3.549999999999999822e+00,1.708270827524354177e-02,-1.494996597145656914e-01,0.000000000000000000e+00,0.000000000000000000e+00,2.000000000000000000e+04
4.500000000000000111e-01,3.549999999999999822e+00,2.461493107548924988e-02,-1.640563552684944360e-01,0.000000000000000000e+00,0.000000000000000000e+00,2.000000000000000000e+04
5.000000000000000000e-01,3.549999999999999822e+00,3.287401393361018276e-02,-1.755910407428145636e-01,0.000000000000000000e+00,0.000000000000000000e+00,2.000000000000000000e+04
5.500000000000000444e-01,3.549999999999999822e+00,4.120860489794098830e-02,-1.836072025637278948e-01,0.000000000000000000e+00,0.000000000000000000e+00,2.000000000000000000e+04
5.999999999999999778e-01,3.549999999999999822e+00,4.898999472212939993e-02,-1.883117332914373554e-01,0.000000000000000000e+00,0.000000000000000000e+00,2.000000000000000000e+04
6.500000000000000222e-01,3.549999999999999822e+00,5.581203656806944802e-02,-1.904135087876184795e-01,0.000000000000000000e+00,0.000000000000000000e+00,2.000000000000000000e+04
6.999999999999999556e-01,3.549999999999999822e+00,6.151748355578674776e-02,-1.907730906935809212e-01,0.000000000000000000e+00,0.000000000000000000e+00,2.000000000000000000e+04
7.500000000000000000e-01,3.549999999999999822e+00,6.613093918436198371e-02,-1.901890850997929872e-01,0.000000000000000000e+00,0.000000000000000000e+00,2.000000000000000000e+04
8.000000000000000444e-01,3.549999999999999822e+00,6.977616583709143894e-02,-1.893227677196493985e-01,0.000000000000000000e+00,0.000000000000000000e+00,2.000000000000000000e+04
8.499999999999999778e-01,3.549999999999999822e+00,7.261148223337772489e-02,-1.887034764605854398e-01,0.000000000000000000e+00,0.000000000000000000e+00,2.000000000000000000e+04
9.000000000000000222e-01,3.549999999999999822e+00,7.479065423699904347e-02,-1.887709413410550985e-01,0.000000000000000000e+00,0.000000000000000000e+00,2.000000000000000000e+04
9.499999999999999556e-01,3.549999999999999822e+00,7.644758507902739419e-02,-1.899307124680410797e-01,0.000000000000000000e+00,0.000000000000000000e+00,2.000000000000000000e+04
1.000000000000000000e+00,3.549999999999999822e+00,7.770249008028831672e-02,-1.926110775440132983e-01,0.000000000000000000e+00,0.000000000000000000e+00,2.000000000000000000e+04
0.000000000000000000e+00,3.600000000000000089e+00,0.000000000000000000e+00,0.000000000000000000e+00,1.000000000000000000e+00,0.000000000000000000e+00,2.000000000000000000e+04
5.000000000000000278e-02,3.600000000000000089e+00,-7.894847679433557351e-04,-1.795587186715295186e-02,0.000000000000000000e+00,0.000000000000000000e+00,2.000000000000000000e+04
1.000000000000000056e-01,3.600000000000000089e+00,-1.312848493734539287e-03,-3.699075550478571339e-02,0.000000000000000000e+00,0.000000000000000000e+00,2.000000000000000000e+04
1.499999999999999944e-01,3.600000000000000089e+00,-1.256549935783648738e-03,-5.717003805302129510e-02,0.000000000000000000e+00,0.000000000000000000e+00,2.000000000000000000e+04
2.000000000000000111e-01,3.600000000000000089e+00,-3.047147027789142565e-04,-7.830327924541644058e-02,0.000000000000000000e+00,0.000000000000000000e+00,2.000000000000000000e+04
2.500000000000000000e-01,3.600000000000000089e+00,1.853819516767676433e-03,-9.998468912401588249e-02,0.000000000000000000e+00,0.000000000000000000e+00,2.000000000000000000e+04
2.999999999999999889e-01,3.600000000000000089e+00,5.499128298325500416e-03,-1.216046792153565315e-01,0.000000000000000000e+00,0.000000000000000000e+00,2.000000000000000000e+04
3.499999999999999778e-01,3.600000000000000089e+00,1.082311062974049450e-02,-1.423633320583823081e-01,0.000000000000000000e+00,0.000000000000000000e+00,2.000000000000000000e+04
4.000000000000000222e-01,3.600000000000000089e+00,1.784834848212609945e-02,-1.613109851691016394e-01,0.000000000000000000e+00,0.000000000000000000e+00,2.000000000000000000e+04
4.500000000000000111e-01,3.600000000000000089e+00,2.634413506693715490e-02,-1.774321727756550116e-01,0.000000000000000000e+00,0.000000000000000000e+00,2.000000000000000000e+04
5.000000000000000000e-01,3.600000000000000089e+00,3.577093581726639021e-02,-1.897840476200433613e-01,0.000000000000000000e+00,0.000000000000000000e+00,2.000000000000000000e+04
5.500000000000000444e-01,3.600000000000000089e+00,4.518695302542943132e-02,-1.975017407838081940e-01,0.000000000000000000e+00,0.000000000000000000e+00,2.000000000000000000e+04
5.999999999999999778e-01,3.600000000000000089e+00,5.372913520886728883e-02,-2.010175158207618828e-01,0.000000000000000000e+00,0.000000000000000000e+00,2.000000000000000000e+04
6.500000000000000222e-01,3.600000000000000089e+00,6.093025487033248977e-02,-2.014725566733223949e-01,0.000000000000000000e+00,0.000000000000000000e+00,2.000000000000000000e+04
6.999999999999999556e-01,3.600000000000000089e+00,6.669493252109132131e-02,-2.000822997201613385e-01,0.000000000000000000e+00,0.000000000000000000e+00,2.000000000000000000e+04
7.500000000000000000e-01,3.600000000000000089e+00,7.115503653042741516e-02,-1.978546946929287675e-01,0.000000000000000000e+00,0.000000000000000000e+00,2.000000000000000000e+04
8.000000000000000444e-01,3.600000000000000089e+00,7.453635233374639180e-02,-1.955396563264331367e-01,0.000000000000000000e+00,0.000000000000000000e+00,2.000000000000000000e+04
8.499999999999999778e-01,3.600000000000000089e+00,7.707047685326051667e-02,-1.936782032953980326e-01,0.000000000000000000e+00,0.000000000000000000e+00,2.000000000000000000e+04
9.000000000000000222e-01,3.600000000000000089e+00,7.894764957061618793e-02,-1.926832621680957258e-01,0.000000000000000000e+00,0.000000000000000000e+00,2.000000000000000000e+04
9.499999999999999556e-01,3.600000000000000089e+00,8.029967606211761699e-02,-1.929257308298557572e-01,0.000000000000000000e+00,0.000000000000000000e+00,2.000000000000000000e+04
1.000000000000000000e+00,3.600000000000000089e+00,8.120634515371620565e-02,-1.948181713363222878e-01,0.000000000000000000e+00,0.000000000000000000e+00,2.000000000000000000e+04
0.000000000000000000e+00,3.649999999999999911e+00,0.000000000000000000e+00,0.000000000000000000e+00,1.000000000000000000e+00,0.000000000000000000e+00,2.000000000000000000e+04
5.000000000000000278e-02,3.649999999999999911e+00,-5.558377968564943072e-04,-1.797188903306306054e-02,0.000000000000000000e+00,0.000000000000000000e+00,2.000000000000000000e+04
1.000000000000000056e-01,3.649999999999999911e+00,-1.014952414829522033e-03,-3.760237056033259584e-02,0.000000000000000000e+00,0.000000000000000000e+00,2.000000000000000000e+04
1.499999999999999944e-01,3.649999999999999911e+00,-1.017177147112024137e-03,-5.891699292833627033e-02,0.000000000000000000e+00,0.000000000000000000e+00,2.000000000000000000e+04
2.000000000000000111e-01,3.649999999999999911e+00,-2.087566848782820622e-04,-8.169151093393807461e-02,0.000000000000000000e+00,0.000000000000000000e+00,2.000000000000000000e+04
2.500000000000000000e-01,3.649999999999999911e+00,1.791232736536765846e-03,-1.054796525966624071e-01,0.000000000000000000e+00,0.000000000000000000e+00,2.000000000000000000e+04
2.999999999999999889e-01,3.649999999999999911e+00,5.384153091494627008e-03,-1.295828674099565592e-01,0.000000000000000000e+00,0.000000000000000000e+00,2.000000000000000000e+04
3.499999999999999778e-01,3.649999999999999911e+00,1.091910523508990774e-02,-1.530198186330314625e-01,0.000000000000000000e+00,0.000000000000000000e+00,2.000000000000000000e+04
4.000000000000000222e-01,3.649999999999999911e+00,1.855871207740387649e-02,-1.745421897619183205e-01,0.000000000000000000e+00,0.000000000000000000e+00,2.000000000000000000e+04
4.500000000000000111e-01,3.649999999999999911e+00,2.811840472212939410e-02,-1.927256682145006561e-01,0.000000000000000000e+00,0.000000000000000000e+00,2.000000000000000000e+04
5.000000000000000000e-01,3.649999999999999911e+00,3.893568968688009002e-02,-2.061559432007108450e-01,0.000000000000000000e+00,0.000000000000000000e+00,2.000000000000000000e+04
5.500000000000000444e-01,3.649999999999999911e+00,4.957753202796404135e-02,-2.132405186651081253e-01,0.000000000000000000e+00,0.000000000000000000e+00,2.000000000000000000e+04
5.999999999999999778e-01,3.649999999999999911e+00,5.884062451753607065e-02,-2.149378089900168820e-01,0.000000000000000000e+00,0.000000000000000000e+00,2.000000000000000000e+04
6.500000000000000222e-01,3.649999999999999911e+00,6.623299426404294366e-02,-2.131245095293547442e-01,0.000000000000000000e+00,0.000000000000000000e+00,2.000000000000000000e+04
6.999999999999999556e-01,3.649999999999999911e+00,7.180248977161945989e-02,-2.095065664629945923e-01,0.000000000000000000e+00,0.000000000000000000e+00,2.000000000000000000e+04
7.500000000000000000e-01,3.649999999999999911e+00,7.585564626416436973e-02,-2.053200807270807449e-01,0.000000000000000000e+00,0.000000000000000000e+00,2.000000000000000000e+04
8.000000000000000444e-01,3.649999999999999911e+00,7.875974105015741411e-02,-2.013692447273190411e-01,0.000000000000000000e+00,0.000000000000000000e+00,2.000000000000000000e+04
8.499999999999999778e-01,3.649999999999999911e+00,8.083620411093676850e-02,-1.981549388637872389e-01,0.000000000000000000e+00,0.000000000000000000e+00,2.000000000000000000e+04
9.000000000000000222e-01,3.649999999999999911e+00,8.231340268206566169e-02,-1.960080805726473197e-01,0.000000000000000000e+00,0.000000000000000000e+00,2.000000000000000000e+04
9.499999999999999556e-01,3.649999999999999911e+00,8.331234950811348960e-02,-1.952095520320531186e-01,0.000000000000000000e+00,0.000000000000000000e+00,2.000000000000000000e+04
1.000000000000000000e+00,3.649999999999999911e+00,8.385254837907607506e-02,-1.961007602543425044e-01,0.000000000000000000e+00,0.000000000000000000e+00,2.000000000000000000e+04
0.000000000000000000e+00,3.700000000000000178e+00,0.000000000000000000e+00,0.000000000000000000e+00,1.000000000000000000e+00,0.000000000000000000e+00,2.000000000000000000e+04
5.000000000000000278e-02,3.700000000000000178e+00,-6.280813799416531506e-05,-1.770650600296717198e-02,0.000000000000000000e+00,0.000000000000000000e+00,2.000000000000000000e+04
1.000000000000000056e-01,3.700000000000000178e+00,-2.166162805056639855e-04,-3.779930141542067051e-02,0.000000000000000000e+00,0.000000000000000000e+00,2.000000000000000000e+04
1.499999999999999944e-01,3.700000000000000178e+00,-9.689320930363422063e-05,-6.019796961805613800e-02,0.000000000000000000e+00,0.000000000000000000e+00,2.000000000000000000e+04
2.000000000000000111e-01,3.700000000000000178e+00,6.332281335757456277e-04,-8.465168326784472397e-02,0.000000000000000000e+00,0.000000000000000000e+00,2.000000000000000000e+04
2.500000000000000000e-01,3.700000000000000178e+00,2.388965058537791206e-03,-1.107317626435128100e-01,0.000000000000000000e+00,0.000000000000000000e+00,2.000000000000000000e+04
2.999999999999999889e-01,3.700000000000000178e+00,5.712499139853901252e-03,-1.377167075683874697e-01,0.000000000000000000e+00,0.000000000000000000e+00,2.000000000000000000e+04
3.499999999999999778e-01,3.700000000000000178e+00,1.120265433659988451e-02,-1.644627800818457830e-01,0.000000000000000000e+00,0.000000000000000000e+00,2.000000000000000000e+04
4.000000000000000222e-01,3.700000000000000178e+00,1.930175693904513309e-02,-1.893499295840242735e-01,0.000000000000000000e+00,0.000000000000000000e+00,2.000000000000000000e+04
4.500000000000000111e-01,3.700000000000000178e+00,2.999026509480812522e-02,-2.103610752782823223e-01,0.000000000000000000e+00,0.000000000000000000e+00,2.000000000000000000e+04
5.000000000000000000e-01,3.700000000000000178e+00,4.249843377636721570e-02,-2.253283904885231004e-01,0.000000000000000000e+00,0.000000000000000000e+00,2.000000000000000000e+04
5.500000000000000444e-01,3.700000000000000178e+00,5.451477706558353203e-02,-2.311617186407304569e-01,0.000000000000000000e+00,0.000000000000000000e+00,2.000000000000000000e+04
5.999999999999999778e-01,3.700000000000000178e+00,6.435299817474553208e-02,-2.300689599088411030e-01,0.000000000000000000e+00,0.000000000000000000e+00,2.000000000000000000e+04
6.500000000000000222e-01,3.700000000000000178e+00,7.160638748545486432e-02,-2.251568289584739702e-01,0.000000000000000000e+00,0.000000000000000000e+00,2.000000000000000000e+04
6.999999999999999556e-01,3.700000000000000178e+00,7.660594442807397431e-02,-2.187597013984923788e-01,0.000000000000000000e+00,0.000000000000000000e+00,2.000000000000000000e+04
7.500000000000000000e-01,3.700000000000000178e+00,7.992027986761833513e-02,-2.123118704584303351e-01,0.000000000000000000e+00,0.000000000000000000e+00,2.000000000000000000e+04
8.000000000000000444e-01,3.700000000000000178e+00,8.209377231147735321e-02,-2.065937614847783987e-01,0.000000000000000000e+00,0.000000000000000000e+00,2.000000000000000000e+04
8.499999999999999778e-01,3.700000000000000178e+00,8.354247989697159704e-02,-2.019863984598414264e-01,0.000000000000000000e+00,0.000000000000000000e+00,2.000000000000000000e+04
9.000000000000000222e-01,3.700000000000000178e+00,8.452452526221000684e-02,-1.986668912528636866e-01,0.000000000000000000e+00,0.000000000000000000e+00,2.000000000000000000e+04
9.499999999999999556e-01,3.700000000000000178e+00,8.513728840678252974e-02,-1.967574705648361122e-01,0.000000000000000000e+00,0.000000000000000000e+00,2.000000000000000000e+04
1.000000000000000000e+00,3.700000000000000178e+00,8.532182887914488423e-02,-1.964549940773797909e-01,0.000000000000000000e+00,0.000000000000000000e+00,2.000000000000000000e+04
0.000000000000000000e+00,3.750000000000000000e+00,0.000000000000000000e+00,0.000000000000000000e+00,1.000000000000000000e+00,0.000000000000000000e+00,2.000000000000000000e+04
5.000000000000000278e-02,3.750000000000000000e+00,8.340223205087885817e-04,-1.719587684320017518e-02,0.000000000000000000e+00,0.000000000000000000e+00,2.000000000000000000e+04
1.000000000000000056e-01,3.750000000000000000e+00,1.409526883644922780e-03,-3.762229591281353314e-02,0.000000000000000000e+00,0.000000000000000000e+00,2.000000000000000000e+04
1.499999999999999944e-01,3.750000000000000000e+00,2.021619909984474165e-03,-6.098678325252428895e-02,0.000000000000000000e+00,0.000000000000000000e+00,2.000000000000000000e+04
2.000000000000000111e-01,3.750000000000000000e+00,2.895773252397030283e-03,-8.702414957356148506e-02,0.000000000000000000e+00,0.000000000000000000e+00,2.000000000000000000e+04
2.500000000000000000e-01,3.750000000000000000e+00,4.385324998485546320e-03,-1.154332051751680854e-01,0.000000000000000000e+00,0.000000000000000000e+00,2.000000000000000000e+04
2.999999999999999889e-01,3.750000000000000000e+00,7.135134973073518037e-03,-1.456349465192477710e-01,0.000000000000000000e+00,0.000000000000000000e+00,2.000000000000000000e+04
3.499999999999999778e-01,3.750000000000000000e+00,1.209989513313069164e-02,-1.764412598722175096e-01,0.000000000000000000e+00,0.000000000000000000e+00,2.000000000000000000e+04
4.000000000000000222e-01,3.750000000000000000e+00,2.025610762976220655e-02,-2.058152941759872900e-01,0.000000000000000000e+00,0.000000000000000000e+00,2.000000000000000000e+04
4.500000000000000111e-01,3.750000000000000000e+00,3.202566633465756679e-02,-2.308810417095040202e-01,0.000000000000000000e+00,0.000000000000000000e+00,2.000000000000000000e+04
5.000000000000000000e-01,3.750000000000000000e+00,4.664672134679758581e-02,-2.482465718440347580e-01,0.000000000000000000e+00,0.000000000000000000e+00,2.000000000000000000e+04
5.500000000000000444e-01,3.750000000000000000e+00,6.015304666233752678e-02,-2.516341834584066572e-01,0.000000000000000000e+00,0.000000000000000000e+00,2.000000000000000000e+04
5.999999999999999778e-01,3.750000000000000000e+00,7.021943887384049510e-02,-2.462547495818627197e-01,0.000000000000000000e+00,0.000000000000000000e+00,2.000000000000000000e+04
6.500000000000000222e-01,3.750000000000000000e+00,7.679519030193054929e-02,-2.371783922861347704e-01,0.000000000000000000e+00,0.000000000000000000e+00,2.000000000000000000e+04
6.999999999999999556e-01,3.750000000000000000e+00,8.071561330857217331e-02,-2.274216932612567743e-01,0.000000000000000000e+00,0.000000000000000000e+00,2.000000000000000000e+04
7.500000000000000000e-01,3.750000000000000000e+00,8.290412400535626669e-02,-2.184793979854418311e-01,0.000000000000000000e+00,0.000000000000000000e+00,2.000000000000000000e+04
8.000000000000000444e-01,3.750000000000000000e+00,8.409228090319781357e-02,-2.109636422554464208e-01,0.000000000000000000e+00,0.000000000000000000e+00,2.000000000000000000e+04
8.499999999999999778e-01,3.750000000000000000e+00,8.476720682678241803e-02,-2.050257364652987302e-01,0.000000000000000000e+00,0.000000000000000000e+00,2.000000000000000000e+04
9.000000000000000222e-01,3.750000000000000000e+00,8.518935186800194459e-02,-2.006073931180306913e-01,0.000000000000000000e+00,0.000000000000000000e+00,2.000000000000000000e+04
9.499999999999999556e-01,3.750000000000000000e+00,8.541407275148688027e-02,-1.975995943484944728e-01,0.000000000000000000e+00,0.000000000000000000e+00,2.000000000000000000e+04
1.000000000000000000e+00,3.750000000000000000e+00,8.529412696823260309e-02,-1.959704628831114848e-01,0.000000000000000000e+00,0.000000000000000000e+00,2.000000000000000000e+04
0.000000000000000000e+00,3.799999999999999822e+00,0.000000000000000000e+00,0.000000000000000000e+00,1.000000000000000000e+00,0.000000000000000000e+00,2.000000000000000000e+04
5.000000000000000278e-02,3.799999999999999822e+00,2.324976082815240208e-03,-1.658261276747376861e-02,0.000000000000000000e+00,0.000000000000000000e+00,2.000000000000000000e+04
1.000000000000000056e-01,3.799999999999999822e+00,4.300706203892623765e-03,-3.727110991925347561e-02,0.000000000000000000e+00,0.000000000000000000e+00,2.000000000000000000e+04
1.499999999999999944e-01,3.799999999999999822e+00,6.046235765994262441e-03,-6.141645022365166406e-02,0.000000000000000000e+00,0.000000000000000000e+00,2.000000000000000000e+04
2.000000000000000111e-01,3.799999999999999822e+00,7.560711680976228005e-03,-8.874664848199532996e-02,0.000000000000000000e+00,0.000000000000000000e+00,2.000000000000000000e+04
2.500000000000000000e-01,3.799999999999999822e+00,8.983674139594995806e-03,-1.192170815904523701e-01,0.000000000000000000e+00,0.000000000000000000e+00,2.000000000000000000e+04
2.999999999999999889e-01,3.799999999999999822e+00,1.086463276119637410e-02,-1.527001611093213862e-01,0.000000000000000000e+00,0.000000000000000000e+00,2.000000000000000000e+04
3.499999999999999778e-01,3.799999999999999822e+00,1.449830642489089751e-02,-1.883370281263224144e-01,0.000000000000000000e+00,0.000000000000000000e+00,2.000000000000000000e+04
4.000000000000000222e-01,3.799999999999999822e+00,2.180249841730396917e-02,-2.237878245291725632e-01,0.000000000000000000e+00,0.000000000000000000e+00,2.000000000000000000e+04
4.500000000000000111e-01,3.799999999999999822e+00,3.428838194323304694e-02,-2.549576887216964960e-01,0.000000000000000000e+00,0.000000000000000000e+00,2.000000000000000000e+04
5.000000000000000000e-01,3.799999999999999822e+00,5.162691811376998730e-02,-2.764346581722343932e-01,0.000000000000000000e+00,0.000000000000000000e+00,2.000000000000000000e+04
5.500000000000000444e-01,3.799999999999999822e+00,6.659375620612789648e-02,-2.749683390690698670e-01,0.000000000000000000e+00,0.000000000000000000e+00,2.000000000000000000e+04
5.999999999999999778e-01,3.799999999999999822e+00,7.616926421893820132e-02,-2.630447609966873879e-01,0.000000000000000000e+00,0.000000000000000000e+00,2.000000000000000000e+04
6.500000000000000222e-01,3.799999999999999822e+00,8.125112668638857782e-02,-2.485479923688601045e-01,0.000000000000000000e+00,0.000000000000000000e+00,2.000000000000000000e+04
6.999999999999999556e-01,3.799999999999999822e+00,8.347941710650989833e-02,-2.349343069636732895e-01,0.000000000000000000e+00,0.000000000000000000e+00,2.000000000000000000e+04
7.500000000000000000e-01,3.799999999999999822e+00,8.418032588954836581e-02,-2.234255366191052750e-01,0.000000000000000000e+00,0.000000000000000000e+00,2.000000000000000000e+04
8.000000000000000444e-01,3.799999999999999822e+00,8.421565026543130494e-02,-2.142371407849870124e-01,0.000000000000000000e+00,0.000000000000000000e+00,2.000000000000000000e+04
8.499999999999999778e-01,3.799999999999999822e+00,8.406832141175492323e-02,-2.071597236396738873e-01,0.000000000000000000e+00,0.000000000000000000e+00,2.000000000000000000e+04
9.000000000000000222e-01,3.799999999999999822e+00,8.394491574215760810e-02,-2.018252467111239512e-01,0.000000000000000000e+00,0.000000000000000000e+00,2.000000000000000000e+04
9.499999999999999556e-01,3.799999999999999822e+00,8.383455745004053661e-02,-1.978360862549119747e-01,0.000000000000000000e+00,0.000000000000000000e+00,2.000000000000000000e+04
1.000000000000000000e+00,3.799999999999999822e+00,8.350981851492200736e-02,-1.948552264872474293e-01,0.000000000000000000e+00,0.000000000000000000e+00,2.000000000000000000e+04
0.000000000000000000e+00,3.850000000000000089e+00,0.000000000000000000e+00,0.000000000000000000e+00,1.000000000000000000e+00,0.000000000000000000e+00,2.000000000000000000e+04
5.000000000000000278e-02,3.850000000000000089e+00,4.665220471843087476e-03,-1.617727195715959465e-02,0.000000000000000000e+00,0.000000000000000000e+00,2.000000000000000000e+04
1.000000000000000056e-01,3.850000000000000089e+00,9.016889481213027913e-03,-3.718057699317681847e-02,0.000000000000000000e+00,0.000000000000000000e+00,2.000000000000000000e+04
1.499999999999999944e-01,3.850000000000000089e+00,1.285749659642169626e-02,-6.187928081593471741e-02,0.000000000000000000e+00,0.000000000000000000e+00,2.000000000000000000e+04
2.000000000000000111e-01,3.850000000000000089e+00,1.587928047803394485e-02,-9.001099187718990258e-02,0.000000000000000000e+00,0.000000000000000000e+00,2.000000000000000000e+04
2.500000000000000000e-01,3.850000000000000089e+00,1.789127280710388693e-02,-1.218552596653062620e-01,0.000000000000000000e+00,0.000000000000000000e+00,2.000000000000000000e+04
2.999999999999999889e-01,3.850000000000000089e+00,1.904098249129934986e-02,-1.580067505547956830e-01,0.000000000000000000e+00,0.000000000000000000e+00,2.000000000000000000e+04
3.499999999999999778e-01,3.850000000000000089e+00,2.034238710160761118e-02,-1.988273630684522231e-01,0.000000000000000000e+00,0.000000000000000000e+00,2.000000000000000000e+04
4.000000000000000222e-01,3.850000000000000089e+00,2.489359582553147404e-02,-2.424815926356481965e-01,0.000000000000000000e+00,0.000000000000000000e+00,2.000000000000000000e+04
4.500000000000000111e-01,3.850000000000000089e+00,3.682621979663031758e-02,-2.833191963194852669e-01,0.000000000000000000e+00,0.000000000000000000e+00,2.000000000000000000e+04
5.000000000000000000e-01,3.850000000000000089e+00,5.769172499221322803e-02,-3.124995743117753300e-01,0.000000000000000000e+00,0.000000000000000000e+00,2.000000000000000000e+04
5.500000000000000444e-01,3.850000000000000089e+00,7.364157455496690707e-02,-3.011487493628792755e-01,0.000000000000000000e+00,0.000000000000000000e+00,2.000000000000000000e+04
5.999999999999999778e-01,3.850000000000000089e+00,8.136027572839277244e-02,-2.794690648293387536e-01,0.000000000000000000e+00,0.000000000000000000e+00,2.000000000000000000e+04
6.500000000000000222e-01,3.850000000000000089e+00,8.385048872009402687e-02,-2.583271818018277322e-01,0.000000000000000000e+00,0.000000000000000000e+00,2.000000000000000000e+04
6.999999999999999556e-01,3.850000000000000089e+00,8.382598485964515289e-02,-2.406586465156167753e-01,0.000000000000000000e+00,0.000000000000000000e+00,2.000000000000000000e+04
7.500000000000000000e-01,3.850000000000000089e+00,8.289579065637388278e-02,-2.267964051316837537e-01,0.000000000000000000e+00,0.000000000000000000e+00,2.000000000000000000e+04
8.000000000000000444e-01,3.850000000000000089e+00,8.186426021532415553e-02,-2.162622583323896286e-01,0.000000000000000000e+00,0.000000000000000000e+00,2.000000000000000000e+04
8.499999999999999778e-01,3.850000000000000089e+00,8.106308008466397985e-02,-2.083662447185613553e-01,0.000000000000000000e+00,0.000000000000000000e+00,2.000000000000000000e+04
9.000000000000000222e-01,3.850000000000000089e+00,8.055937629837219005e-02,-2.023931793309473037e-01,0.000000000000000000e+00,0.000000000000000000e+00,2.000000000000000000e+04
9.499999999999999556e-01,3.850000000000000089e+00,8.025104316978669272e-02,-1.976438024586087694e-01,0.000000000000000000e+00,0.000000000000000000e+00,2.000000000000000000e+04
1.000000000000000000e+00,3.850000000000000089e+00,7.986745199348989355e-02,-1.934408393941698667e-01,0.000000000000000000e+00,0.000000000000000000e+00,2.000000000000000000e+04
0.000000000000000000e+00,3.899999999999999911e+00,0.000000000000000000e+00,0.000000000000000000e+00,1.000000000000000000e+00,0.000000000000000000e+00,2.000000000000000000e+04
5.000000000000000278e-02,3.899999999999999911e+00,8.246519602841721752e-03,-1.655034654963224994e-02,0.000000000000000000e+00,0.000000000000000000e+00,2.000000000000000000e+04
1.000000000000000056e-01,3.899999999999999911e+00,1.629833381407306409e-02,-3.807389209461546631e-02,0.000000000000000000e+00,0.000000000000000000e+00,2.000000000000000000e+04
1.499999999999999944e-01,3.899999999999999911e+00,2.347409554742465113e-02,-6.307902357391602377e-02,0.000000000000000000e+00,0.000000000000000000e+00,2.000000000000000000e+04
2.000000000000000111e-01,3.899999999999999911e+00,2.921056173068280887e-02,-9.140893655920204197e-02,0.000000000000000000e+00,0.000000000000000000e+00,2.000000000000000000e+04
2.500000000000000000e-01,3.899999999999999911e+00,3.305937507770066036e-02,-1.236344451617614332e-01,0.000000000000000000e+00,0.000000000000000000e+00,2.000000000000000000e+04
2.999999999999999889e-01,3.899999999999999911e+00,3.466065415302701375e-02,-1.610061128484133186e-01,0.000000000000000000e+00,0.000000000000000000e+00,2.000000000000000000e+04
3.499999999999999778e-01,3.899999999999999911e+00,3.396836897487669898e-02,-2.055377173298652826e-01,0.000000000000000000e+00,0.000000000000000000e+00,2.000000000000000000e+04
4.000000000000000222e-01,3.899999999999999911e+00,3.253479448901148985e-02,-2.593331738757713167e-01,0.000000000000000000e+00,0.000000000000000000e+00,2.000000000000000000e+04
4.500000000000000111e-01,3.899999999999999911e+00,3.980897779612575793e-02,-3.162753880915546989e-01,0.000000000000000000e+00,0.000000000000000000e+00,2.000000000000000000e+04
5.000000000000000000e-01,3.899999999999999911e+00,6.476707768128793508e-02,-3.611560301379658222e-01,0.000000000000000000e+00,0.000000000000000000e+00,2.000000000000000000e+04
5.500000000000000444e-01,3.899999999999999911e+00,8.002130698866562197e-02,-3.291463975239007911e-01,0.000000000000000000e+00,0.000000000000000000e+00,2.000000000000000000e+04
5.999999999999999778e-01,3.899999999999999911e+00,8.358217505217467591e-02,-2.937695346138618491e-01,0.000000000000000000e+00,0.000000000000000000e+00,2.000000000000000000e+04
6.500000000000000222e-01,3.899999999999999911e+00,8.241270075332486622e-02,-2.653687013901419589e-01,0.000000000000000000e+00,0.000000000000000000e+00,2.000000000000000000e+04
6.999999999999999556e-01,3.899999999999999911e+00,8.009304899663555188e-02,-2.440743533172147761e-01,0.000000000000000000e+00,0.000000000000000000e+00,2.000000000000000000e+04
7.500000000000000000e-01,3.899999999999999911e+00,7.799651249478956050e-02,-2.284674259614876690e-01,0.000000000000000000e+00,0.000000000000000000e+00,2.000000000000000000e+04
8.000000000000000444e-01,3.899999999999999911e+00,7.649898719599249053e-02,-2.171112143930512550e-01,0.000000000000000000e+00,0.000000000000000000e+00,2.000000000000000000e+04
8.499999999999999778e-01,3.899999999999999911e+00,7.558191626776310235e-02,-2.087948262381099374e-01,0.000000000000000000e+00,0.000000000000000000e+00,2.000000000000000000e+04
9.000000000000000222e-01,3.899999999999999911e+00,7.509219157327734484e-02,-2.024925530913947447e-01,0.000000000000000000e+00,0.000000000000000000e+00,2.000000000000000000e+04
9.499999999999999556e-01,3.899999999999999911e+00,7.483114256735401426e-02,-1.972634862946504308e-01,0.000000000000000000e+00,0.000000000000000000e+00,2.000000000000000000e+04
1.000000000000000000e+00,3.899999999999999911e+00,7.455616664441053199e-02,-1.921409080550032789e-01,0.000000000000000000e+00,0.000000000000000000e+00,2.000000000000000000e+04
0.000000000000000000e+00,3.950000000000000178e+00,0.000000000000000000e+00,0.000000000000000000e+00,1.000000000000000000e+00,0.000000000000000000e+00,2.000000000000000000e+04
5.000000000000000278e-02,3.950000000000000178e+00,1.386696716596739522e-02,-1.869942641013000104e-02,0.000000000000000000e+00,0.000000000000000000e+00,2.000000000000000000e+04
1.000000000000000056e-01,3.950000000000000178e+00,2.728885619295111711e-02,-4.093604101183310334e-02,0.000000000000000000e+00,0.000000000000000000e+00,2.000000000000000000e+04
1.499999999999999944e-01,3.950000000000000178e+00,3.906247615607638668e-02,-6.593524748091872389e-02,0.000000000000000000e+00,0.000000000000000000e+00,2.000000000000000000e+04
2.000000000000000111e-01,3.950000000000000178e+00,4.876176014323990032e-02,-9.390613059551936037e-02,0.000000000000000000e+00,0.000000000000000000e+00,2.000000000000000000e+04
2.500000000000000000e-01,3.950000000000000178e+00,5.609026587448516510e-02,-1.256239430605015361e-01,0.000000000000000000e+00,0.000000000000000000e+00,2.000000000000000000e+04
2.999999999999999889e-01,3.950000000000000178e+00,6.056052592553557573e-02,-1.626115047929242996e-01,0.000000000000000000e+00,0.000000000000000000e+00,2.000000000000000000e+04
3.499999999999999778e-01,3.950000000000000178e+00,6.124150381459544934e-02,-2.077251126561036332e-01,0.000000000000000000e+00,0.000000000000000000e+00,2.000000000000000000e+04
4.000000000000000222e-01,3.950000000000000178e+00,5.654841575026244710e-02,-2.666516895457724523e-01,0.000000000000000000e+00,0.000000000000000000e+00,2.000000000000000000e+04
4.500000000000000111e-01,3.950000000000000178e+00,4.563220480672511292e-02,-3.509323366814049439e-01,0.000000000000000000e+00,0.000000000000000000e+00,2.000000000000000000e+04
5.000000000000000000e-01,3.950000000000000178e+00,7.036160671015935508e-02,-4.314957098232871657e-01,0.000000000000000000e+00,0.000000000000000000e+00,2.000000000000000000e+04
5.500000000000000444e-01,3.950000000000000178e+00,8.072404840514178781e-02,-3.554303166091419830e-01,0.000000000000000000e+00,0.000000000000000000e+00,2.000000000000000000e+04
5.999999999999999778e-01,3.950000000000000178e+00,7.748831107506173876e-02,-3.034292570676617729e-01,0.000000000000000000e+00,0.000000000000000000e+00,2.000000000000000000e+04
6.500000000000000222e-01,3.950000000000000178e+00,7.306340110915850172e-02,-2.688280329651195899e-01,0.000000000000000000e+00,0.000000000000000000e+00,2.000000000000000000e+04
6.999999999999999556e-01,3.950000000000000178e+00,7.005849832631159957e-02,-2.452429288645331940e-01,0.000000000000000000e+00,0.000000000000000000e+00,2.000000000000000000e+04
7.500000000000000000e-01,3.950000000000000178e+00,6.851507878248304373e-02,-2.288452451632322915e-01,0.000000000000000000e+00,0.000000000000000000e+00,2.000000000000000000e+04
8.000000000000000444e-01,3.950000000000000178e+00,6.796350385352725731e-02,-2.172452264945492206e-01,0.000000000000000000e+00,0.000000000000000000e+00,2.000000000000000000e+04
8.499999999999999778e-01,3.950000000000000178e+00,6.794244342818288318e-02,-2.088400070878326797e-01,0.000000000000000000e+00,0.000000000000000000e+00,2.000000000000000000e+04
9.000000000000000222e-01,3.950000000000000178e+00,6.810637966233486218e-02,-2.024280307185694072e-01,0.000000000000000000e+00,0.000000000000000000e+00,2.000000000000000000e+04
9.499999999999999556e-01,3.950000000000000178e+00,6.823100747141844225e-02,-1.969535618602229476e-01,0.000000000000000000e+00,0.000000000000000000e+00,2.000000000000000000e+04
1.000000000000000000e+00,3.950000000000000178e+00,6.819103511417659580e-02,-1.913274905825229077e-01,0.000000000000000000e+00,0.000000000000000000e+00,2.000000000000000000e+04
0.000000000000000000e+00,4.000000000000000000e+00,0.000000000000000000e+00,0.000000000000000000e+00,1.000000000000000000e+00,0.000000000000000000e+00,2.000000000000000000e+04
5.000000000000000278e-02,4.000000000000000000e+00,2.393070621161128356e-02,-2.431887036876872327e-02,0.000000000000000000e+00,0.000000000000000000e+00,2.000000000000000000e+04
1.000000000000000056e-01,4.000000000000000000e+00,4.427891770352262307e-02,-4.671481950683439160e-02,0.000000000000000000e+00,0.000000000000000000e+00,2.000000000000000000e+04
1.499999999999999944e-01,4.000000000000000000e+00,6.105909916259592840e-02,-7.118543484575133584e-02,0.000000000000000000e+00,0.000000000000000000e+00,2.000000000000000000e+04
2.000000000000000111e-01,4.000000000000000000e+00,7.524096391832160724e-02,-9.848069615616852901e-02,0.000000000000000000e+00,0.000000000000000000e+00,2.000000000000000000e+04
2.500000000000000000e-01,4.000000000000000000e+00,8.742083559409630222e-02,-1.294617636652847514e-01,0.000000000000000000e+00,0.000000000000000000e+00,2.000000000000000000e+04
2.999999999999999889e-01,4.000000000000000000e+00,9.780250625179251478e-02,-1.655936767690005251e-01,0.000000000000000000e+00,0.000000000000000000e+00,2.000000000000000000e+04
3.499999999999999778e-01,4.000000000000000000e+00,1.059703241581164135e-01,-2.095550873758343924e-01,0.000000000000000000e+00,0.000000000000000000e+00,2.000000000000000000e+04
4.000000000000000222e-01,4.000000000000000000e+00,1.099535705495435778e-01,-2.668168246173177605e-01,0.000000000000000000e+00,0.000000000000000000e+00,2.000000000000000000e+04
4.500000000000000111e-01,4.000000000000000000e+00,1.025506637055688397e-01,-3.520548341778395596e-01,0.000000000000000000e+00,0.000000000000000000e+00,2.000000000000000000e+04
5.000000000000000000e-01,4.000000000000000000e+00,4.860017760309114088e-02,-5.459636758819889080e-01,0.000000000000000000e+00,1.000000000000000000e+00,2.000000000000000000e+04
5.500000000000000444e-01,4.000000000000000000e+00,5.744750604044653736e-02,-3.721032964799558251e-01,0.000000000000000000e+00,0.000000000000000000e+00,2.000000000000000000e+04
5.999999999999999778e-01,4.000000000000000000e+00,5.144439346049754780e-02,-3.068996692434435847e-01,0.000000000000000000e+00,0.000000000000000000e+00,2.000000000000000000e+04
6.500000000000000222e-01,4.000000000000000000e+00,5.040588846088306374e-02,-2.696329154820766849e-01,0.000000000000000000e+00,0.000000000000000000e+00,2.000000000000000000e+04
6.999999999999999556e-01,4.000000000000000000e+00,5.203685998419662478e-02,-2.455776519695826443e-01,0.000000000000000000e+00,0.000000000000000000e+00,2.000000000000000000e+04
7.500000000000000000e-01,4.000000000000000000e+00,5.459384094760107164e-02,-2.291732072277594401e-01,0.000000000000000000e+00,0.000000000000000000e+00,2.000000000000000000e+04
8.000000000000000444e-01,4.000000000000000000e+00,5.718768110251386261e-02,-2.175892665282336547e-01,0.000000000000000000e+00,0.000000000000000000e+00,2.000000000000000000e+04
8.499999999999999778e-01,4.000000000000000000e+00,5.936458792702335036e-02,-2.091210233050370682e-01,0.000000000000000000e+00,0.000000000000000000e+00,2.000000000000000000e+04
9.000000000000000222e-01,4.000000000000000000e+00,6.088744711720117664e-02,-2.025651627048752901e-01,0.000000000000000000e+00,0.000000000000000000e+00,2.000000000000000000e+04
9.499999999999999556e-01,4.000000000000000000e+00,6.167305221194790965e-02,-1.969038369715322978e-01,0.000000000000000000e+00,0.000000000000000000e+00,2.000000000000000000e+04
1.000000000000000000e+00,4.000000000000000000e+00,6.185467983227962985e-02,-1.910960311588953964e-01,0.000000000000000000e+00,0.000000000000000000e+00,2.000000000000000000e+04
