X,Y,UX,UY,BOUNDARY,FORCE,MODULUS
0.000000000000000000e+00,0.000000000000000000e+00,0.000000000000000000e+00,0.000000000000000000e+00,1.000000000000000000e+00,0.000000000000000000e+00,2.000000000000000000e+04
2.000000000000000042e-02,0.000000000000000000e+00,-2.064753118534023643e-02,-2.020244085615442026e-02,0.000000000000000000e+00,0.000000000000000000e+00,2.000000000000000000e+04
4.000000000000000083e-02,0.000000000000000000e+00,-3.578293959207575620e-02,-3.462827409618425556e-02,0.000000000000000000e+00,0.000000000000000000e+00,2.000000000000000000e+04
5.999999999999999778e-02,0.000000000000000000e+00,-4.840442457895904882e-02,-4.791391272395601614e-02,0.000000000000000000e+00,0.000000000000000000e+00,2.000000000000000000e+04
8.000000000000000167e-02,0.000000000000000000e+00,-5.944607293118309155e-02,-6.076325739716430946e-02,0.000000000000000000e+00,0.000000000000000000e+00,2.000000000000000000e+04
1.000000000000000056e-01,0.000000000000000000e+00,-6.933964370837381042e-02,-7.340931138704009928e-02,0.000000000000000000e+00,0.000000000000000000e+00,2.000000000000000000e+04
1.199999999999999956e-01,0.000000000000000000e+00,-7.832077032333331634e-02,-8.595949905975022731e-02,0.000000000000000000e+00,0.000000000000000000e+00,2.000000000000000000e+04
1.400000000000000133e-01,0.000000000000000000e+00,-8.653298250339150344e-02,-9.846886136903526543e-02,0.000000000000000000e+00,0.000000000000000000e+00,2.000000000000000000e+04
1.600000000000000033e-01,0.000000000000000000e+00,-9.407165738728265336e-02,-1.109653965839486195e-01,0.000000000000000000e+00,0.000000000000000000e+00,2.000000000000000000e+04
1.799999999999999933e-01,0.000000000000000000e+00,-1.010048671593218456e-01,-1.234615982184311817e-01,0.000000000000000000e+00,0.000000000000000000e+00,2.000000000000000000e+04
2.000000000000000111e-01,0.000000000000000000e+00,-1.073841315154381720e-01,-1.359605376195076876e-01,0.000000000000000000e+00,0.000000000000000000e+00,2.000000000000000000e+04
2.200000000000000011e-01,0.000000000000000000e+00,-1.132503746535371281e-01,-1.484593497238392013e-01,0.000000000000000000e+00,0.000000000000000000e+00,2.000000000000000000e+04
2.399999999999999911e-01,0.000000000000000000e+00,-1.186374452641078825e-01,-1.609513460796872242e-01,0.000000000000000000e+00,0.000000000000000000e+00,2.000000000000000000e+04
2.600000000000000089e-01,0.000000000000000000e+00,-1.235743196970027213e-01,-1.734273563348609770e-01,0.000000000000000000e+00,0.000000000000000000e+00,2.000000000000000000e+04
2.800000000000000266e-01,0.000000000000000000e+00,-1.280865507310777196e-01,-1.858766183245800507e-01,0.000000000000000000e+00,0.000000000000000000e+00,2.000000000000000000e+04
2.999999999999999889e-01,0.000000000000000000e+00,-1.321972592491580945e-01,-1.982873958514669854e-01,0.000000000000000000e+00,0.000000000000000000e+00,2.000000000000000000e+04
3.200000000000000067e-01,0.000000000000000000e+00,-1.359278339094462662e-01,-2.106474276559520131e-01,0.000000000000000000e+00,0.000000000000000000e+00,2.000000000000000000e+04
3.400000000000000244e-01,0.000000000000000000e+00,-1.392984349314640435e-01,-2.229442687668406753e-01,0.000000000000000000e+00,0.000000000000000000e+00,2.000000000000000000e+04
3.599999999999999867e-01,0.000000000000000000e+00,-1.423283605472946689e-01,-2.351655609878827713e-01,0.000000000000000000e+00,0.000000000000000000e+00,2.000000000000000000e+04
3.800000000000000044e-01,0.000000000000000000e+00,-1.450363133576803853e-01,-2.472992548120388212e-01,0.000000000000000000e+00,0.000000000000000000e+00,2.000000000000000000e+04
4.000000000000000222e-01,0.000000000000000000e+00,-1.474405912826268206e-01,-2.593337963196291618e-01,0.000000000000000000e+00,0.000000000000000000e+00,2.000000000000000000e+04
4.199999999999999845e-01,0.000000000000000000e+00,-1.495592201551123879e-01,-2.712582872599224593e-01,0.000000000000000000e+00,0.000000000000000000e+00,2.000000000000000000e+04
4.400000000000000022e-01,0.000000000000000000e+00,-1.514100402169109849e-01,-2.830626232022717681e-01,0.000000000000000000e+00,0.000000000000000000e+00,2.000000000000000000e+04
4.600000000000000200e-01,0.000000000000000000e+00,-1.530107556960615678e-01,-2.947376125958330317e-01,0.000000000000000000e+00,0.000000000000000000e+00,2.000000000000000000e+04
4.799999999999999822e-01,0.000000000000000000e+00,-1.543789546189135997e-01,-3.062750783341300354e-01,0.000000000000000000e+00,0.000000000000000000e+00,2.000000000000000000e+04
5.000000000000000000e-01,0.000000000000000000e+00,-1.555321046436148880e-01,-3.176679427010192791e-01,0.000000000000000000e+00,0.000000000000000000e+00,2.000000000000000000e+04
5.200000000000000178e-01,0.000000000000000000e+00,-1.564875297541540033e-01,-3.289102962020713505e-01,0.000000000000000000e+00,0.000000000000000000e+00,2.000000000000000000e+04
5.400000000000000355e-01,0.000000000000000000e+00,-1.572623719704190903e-01,-3.399974506467620117e-01,0.000000000000000000e+00,0.000000000000000000e+00,2.000000000000000000e+04
5.600000000000000533e-01,0.000000000000000000e+00,-1.578735417093534987e-01,-3.509259768665151102e-01,0.000000000000000000e+00,0.000000000000000000e+00,2.000000000000000000e+04
5.799999999999999600e-01,0.000000000000000000e+00,-1.583376600077962271e-01,-3.616937275789220974e-01,0.000000000000000000e+00,0.000000000000000000e+00,2.000000000000000000e+04
5.999999999999999778e-01,0.000000000000000000e+00,-1.586709954431896608e-01,-3.722998461012069216e-01,0.000000000000000000e+00,0.000000000000000000e+00,2.000000000000000000e+04
6.199999999999999956e-01,0.000000000000000000e+00,-1.588893982323787979e-01,-3.827447618472407664e-01,0.000000000000000000e+00,0.000000000000000000e+00,2.000000000000000000e+04
6.400000000000000133e-01,0.000000000000000000e+00,-1.590082336287819975e-01,-3.930301737893694414e-01,0.000000000000000000e+00,0.000000000000000000e+00,2.000000000000000000e+04
6.600000000000000311e-01,0.000000000000000000e+00,-1.590423163574379850e-01,-4.031590233103720666e-01,0.000000000000000000e+00,0.000000000000000000e+00,2.000000000000000000e+04
6.800000000000000488e-01,0.000000000000000000e+00,-1.590058474113802689e-01,-4.131354580960435730e-01,0.000000000000000000e+00,0.000000000000000000e+00,2.000000000000000000e+04
6.999999999999999556e-01,0.000000000000000000e+00,-1.589123540663569534e-01,-4.229647889100770497e-01,0.000000000000000000e+00,0.000000000000000000e+00,2.000000000000000000e+04
7.199999999999999734e-01,0.000000000000000000e+00,-1.587746334347620303e-01,-4.326534412334979152e-01,0.000000000000000000e+00,0.000000000000000000e+00,2.000000000000000000e+04
7.399999999999999911e-01,0.000000000000000000e+00,-1.586046992457256499e-01,-4.422089038182537846e-01,0.000000000000000000e+00,0.000000000000000000e+00,2.000000000000000000e+04
7.600000000000000089e-01,0.000000000000000000e+00,-1.584137307640621495e-01,-4.516396761625018907e-01,0.000000000000000000e+00,0.000000000000000000e+00,2.000000000000000000e+04
7.800000000000000266e-01,0.000000000000000000e+00,-1.582120217809984963e-01,-4.609552166993292621e-01,0.000000000000000000e+00,0.000000000000000000e+00,2.000000000000000000e+04
8.000000000000000444e-01,0.000000000000000000e+00,-1.580089263258938337e-01,-4.701658929816976973e-01,0.000000000000000000e+00,0.000000000000000000e+00,2.000000000000000000e+04
8.199999999999999512e-01,0.000000000000000000e+00,-1.578127960153292986e-01,-4.792829341172967217e-01,0.000000000000000000e+00,0.000000000000000000e+00,2.000000000000000000e+04
8.399999999999999689e-01,0.000000000000000000e+00,-1.576309015685222747e-01,-4.883183837190226972e-01,0.000000000000000000e+00,0.000000000000000000e+00,2.000000000000000000e+04
8.599999999999999867e-01,0.000000000000000000e+00,-1.574693277067684138e-01,-4.972850478261416907e-01,0.000000000000000000e+00,0.000000000000000000e+00,2.000000000000000000e+04
8.800000000000000044e-01,0.000000000000000000e+00,-1.573328261254657856e-01,-5.061964248769370567e-01,0.000000000000000000e+00,0.000000000000000000e+00,2.000000000000000000e+04
9.000000000000000222e-01,0.000000000000000000e+00,-1.572246053307117530e-01,-5.150665902618823955e-01,0.000000000000000000e+00,0.000000000000000000e+00,2.000000000000000000e+04
9.200000000000000400e-01,0.000000000000000000e+00,-1.571460293905434236e-01,-5.239099784682464955e-01,0.000000000000000000e+00,0.000000000000000000e+00,2.000000000000000000e+04
9.399999999999999467e-01,0.000000000000000000e+00,-1.570961927058073526e-01,-5.327409437532462100e-01,0.000000000000000000e+00,0.000000000000000000e+00,2.000000000000000000e+04
9.599999999999999645e-01,0.000000000000000000e+00,-1.570713435127170099e-01,-5.415728440739363547e-01,0.000000000000000000e+00,0.000000000000000000e+00,2.000000000000000000e+04
9.799999999999999822e-01,0.000000000000000000e+00,-1.570641784236760374e-01,-5.504160925929716397e-01,0.000000000000000000e+00,0.000000000000000000e+00,2.000000000000000000e+04
1.000000000000000000e+00,0.000000000000000000e+00,-1.570634907784634882e-01,-5.592743918772972167e-01,0.000000000000000000e+00,0.000000000000000000e+00,2.000000000000000000e+04
0.000000000000000000e+00,2.000000000000000042e-02,0.000000000000000000e+00,0.000000000000000000e+00,1.000000000000000000e+00,0.000000000000000000e+00,2.000000000000000000e+04
2.000000000000000042e-02,2.000000000000000042e-02,-1.215724551953857764e-02,-1.399602211026308891e-02,0.000000000000000000e+00,0.000000000000000000e+00,2.000000000000000000e+04
4.000000000000000083e-02,2.000000000000000042e-02,-2.551150570597421341e-02,-2.907974613450714160e-02,0.000000000000000000e+00,0.000000000000000000e+00,2.000000000000000000e+04
5.999999999999999778e-02,2.000000000000000042e-02,-3.747081079428535993e-02,-4.301743591183263687e-02,0.000000000000000000e+00,0.000000000000000000e+00,2.000000000000000000e+04
8.000000000000000167e-02,2.000000000000000042e-02,-4.819923179881588360e-02,-5.637144958091078878e-02,0.000000000000000000e+00,0.000000000000000000e+00,2.000000000000000000e+04
1.000000000000000056e-01,2.000000000000000042e-02,-5.791004925720063395e-02,-6.942412561649326241e-02,0.000000000000000000e+00,0.000000000000000000e+00,2.000000000000000000e+04
1.199999999999999956e-01,2.000000000000000042e-02,-6.676322412126745043e-02,-8.231691401223129034e-02,0.000000000000000000e+00,0.000000000000000000e+00,2.000000000000000000e+04
1.400000000000000133e-01,2.000000000000000042e-02,-7.487500130273812282e-02,-9.512497349923278167e-02,0.000000000000000000e+00,0.000000000000000000e+00,2.000000000000000000e+04
1.600000000000000033e-01,2.000000000000000042e-02,-8.233116082145530701e-02,-1.078884868796233798e-01,0.000000000000000000e+00,0.000000000000000000e+00,2.000000000000000000e+04
1.799999999999999933e-01,2.000000000000000042e-02,-8.919672040421935955e-02,-1.206276421836022100e-01,0.000000000000000000e+00,0.000000000000000000e+00,2.000000000000000000e+04
2.000000000000000111e-01,2.000000000000000042e-02,-9.552248207432578742e-02,-1.333505661568291922e-01,0.000000000000000000e+00,0.000000000000000000e+00,2.000000000000000000e+04
2.200000000000000011e-01,2.000000000000000042e-02,-1.013493917300932884e-01,-1.460578269171118326e-01,0.000000000000000000e+00,0.000000000000000000e+00,2.000000000000000000e+04
2.399999999999999911e-01,2.000000000000000042e-02,-1.067114642496920507e-01,-1.587451277661826310e-01,0.000000000000000000e+00,0.000000000000000000e+00,2.000000000000000000e+04
2.600000000000000089e-01,2.000000000000000042e-02,-1.116377773745902413e-01,-1.714049948372266818e-01,0.000000000000000000e+00,0.000000000000000000e+00,2.000000000000000000e+04
2.800000000000000266e-01,2.000000000000000042e-02,-1.161538566280414519e-01,-1.840278825452665024e-01,0.000000000000000000e+00,0.000000000000000000e+00,2.000000000000000000e+04
2.999999999999999889e-01,2.000000000000000042e-02,-1.202826553820397770e-01,-1.966029310703323318e-01,0.000000000000000000e+00,0.000000000000000000e+00,2.000000000000000000e+04
3.200000000000000067e-01,2.000000000000000042e-02,-1.240452598114447913e-01,-2.091185096368726182e-01,0.000000000000000000e+00,0.000000000000000000e+00,2.000000000000000000e+04
3.400000000000000244e-01,2.000000000000000042e-02,-1.274614021549399789e-01,-2.215626239535915254e-01,0.000000000000000000e+00,0.000000000000000000e+00,2.000000000000000000e+04
3.599999999999999867e-01,2.000000000000000042e-02,-1.305498368210977478e-01,-2.339232346317424716e-01,0.000000000000000000e+00,0.000000000000000000e+00,2.000000000000000000e+04
3.800000000000000044e-01,2.000000000000000042e-02,-1.333286157317010723e-01,-2.461885149463997058e-01,0.000000000000000000e+00,0.000000000000000000e+00,2.000000000000000000e+04
4.000000000000000222e-01,2.000000000000000042e-02,-1.358152877658641566e-01,-2.583470652616899343e-01,0.000000000000000000e+00,0.000000000000000000e+00,2.000000000000000000e+04
4.199999999999999845e-01,2.000000000000000042e-02,-1.380270397490393763e-01,-2.703880947096850007e-01,0.000000000000000000e+00,0.000000000000000000e+00,2.000000000000000000e+04
4.400000000000000022e-01,2.000000000000000042e-02,-1.399807915901095101e-01,-2.823015765587976733e-01,0.000000000000000000e+00,0.000000000000000000e+00,2.000000000000000000e+04
4.600000000000000200e-01,2.000000000000000042e-02,-1.416932549659334628e-01,-2.940783811351432853e-01,0.000000000000000000e+00,0.000000000000000000e+00,2.000000000000000000e+04
4.799999999999999822e-01,2.000000000000000042e-02,-1.431809627996209755e-01,-3.057103885836174317e-01,0.000000000000000000e+00,0.000000000000000000e+00,2.000000000000000000e+04
5.000000000000000000e-01,2.000000000000000042e-02,-1.444602753057886158e-01,-3.171905828212773781e-01,0.000000000000000000e+00,0.000000000000000000e+00,2.000000000000000000e+04
5.200000000000000178e-01,2.000000000000000042e-02,-1.455473673447962579e-01,-3.285131275252410332e-01,0.000000000000000000e+00,0.000000000000000000e+00,2.000000000000000000e+04
5.400000000000000355e-01,2.000000000000000042e-02,-1.464582010826483982e-01,-3.396734247711045152e-01,0.000000000000000000e+00,0.000000000000000000e+00,2.000000000000000000e+04
5.600000000000000533e-01,2.000000000000000042e-02,-1.472084873902791691e-01,-3.506681569035596246e-01,0.000000000000000000e+00,0.000000000000000000e+00,2.000000000000000000e+04
5.799999999999999600e-01,2.000000000000000042e-02,-1.478136389655094196e-01,-3.614953123150504988e-01,0.000000000000000000e+00,0.000000000000000000e+00,2.000000000000000000e+04
5.999999999999999778e-01,2.000000000000000042e-02,-1.482887177754902974e-01,-3.721541959855569903e-01,0.000000000000000000e+00,0.000000000000000000e+00,2.000000000000000000e+04
6.199999999999999956e-01,2.000000000000000042e-02,-1.486483790642502412e-01,-3.826454258631087901e-01,0.000000000000000000e+00,0.000000000000000000e+00,2.000000000000000000e+04
6.400000000000000133e-01,2.000000000000000042e-02,-1.489068138264300623e-01,-3.929709164143754818e-01,0.000000000000000000e+00,0.000000000000000000e+00,2.000000000000000000e+04
6.600000000000000311e-01,2.000000000000000042e-02,-1.490776912984842217e-01,-4.031338509268531656e-01,0.000000000000000000e+00,0.000000000000000000e+00,2.000000000000000000e+04
6.800000000000000488e-01,2.000000000000000042e-02,-1.491741026508533186e-01,-4.131386443816171816e-01,0.000000000000000000e+00,0.000000000000000000e+00,2.000000000000000000e+04
6.999999999999999556e-01,2.000000000000000042e-02,-1.492085066695272577e-01,-4.229908989227418870e-01,0.000000000000000000e+00,0.000000000000000000e+00,2.000000000000000000e+04
7.199999999999999734e-01,2.000000000000000042e-02,-1.491926777846867835e-01,-4.326973541098452225e-01,0.000000000000000000e+00,0.000000000000000000e+00,2.000000000000000000e+04
7.399999999999999911e-01,2.000000000000000042e-02,-1.491376563297228397e-01,-4.422658342318085412e-01,0.000000000000000000e+00,0.000000000000000000e+00,2.000000000000000000e+04
7.600000000000000089e-01,2.000000000000000042e-02,-1.490537003887293654e-01,-4.517051949469352845e-01,0.000000000000000000e+00,0.000000000000000000e+00,2.000000000000000000e+04
7.800000000000000266e-01,2.000000000000000042e-02,-1.489502380110569457e-01,-4.610252713335588615e-01,0.000000000000000000e+00,0.000000000000000000e+00,2.000000000000000000e+04
8.000000000000000444e-01,2.000000000000000042e-02,-1.488358179447945018e-01,-4.702368289650594724e-01,0.000000000000000000e+00,0.000000000000000000e+00,2.000000000000000000e+04
8.199999999999999512e-01,2.000000000000000042e-02,-1.487180563989266013e-01,-4.793515186359948443e-01,0.000000000000000000e+00,0.000000000000000000e+00,2.000000000000000000e+04
8.399999999999999689e-01,2.000000000000000042e-02,-1.486035767677370834e-01,-4.883818334266525896e-01,0.000000000000000000e+00,0.000000000000000000e+00,2.000000000000000000e+04
8.599999999999999867e-01,2.000000000000000042e-02,-1.484979389075991862e-01,-4.973410630717875480e-01,0.000000000000000000e+00,0.000000000000000000e+00,2.000000000000000000e+04
8.800000000000000044e-01,2.000000000000000042e-02,-1.484055547268516850e-01,-5.062432335061206601e-01,0.000000000000000000e+00,0.000000000000000000e+00,2.000000000000000000e+04
9.000000000000000222e-01,2.000000000000000042e-02,-1.483295878623573372e-01,-5.151030059344928747e-01,0.000000000000000000e+00,0.000000000000000000e+00,2.000000000000000000e+04
9.200000000000000400e-01,2.000000000000000042e-02,-1.482718369512653622e-01,-5.239354838825968086e-01,0.000000000000000000e+00,0.000000000000000000e+00,2.000000000000000000e+04
9.399999999999999467e-01,2.000000000000000042e-02,-1.482326018498361653e-01,-5.327558267648683232e-01,0.000000000000000000e+00,0.000000000000000000e+00,2.000000000000000000e+04
9.599999999999999645e-01,2.000000000000000042e-02,-1.482105177366233595e-01,-5.415784710397553159e-01,0.000000000000000000e+00,0.000000000000000000e+00,2.000000000000000000e+04
9.799999999999999822e-01,2.000000000000000042e-02,-1.482022664332298678e-01,-5.504155628981065584e-01,0.000000000000000000e+00,0.000000000000000000e+00,2.000000000000000000e+04
1.000000000000000000e+00,2.000000000000000042e-02,-1.482017532680753591e-01,-5.592737042320847785e-01,0.000000000000000000e+00,0.000000000000000000e+00,2.000000000000000000e+04
0.000000000000000000e+00,4.000000000000000083e-02,0.000000000000000000e+00,0.000000000000000000e+00,1.000000000000000000e+00,0.000000000000000000e+00,2.000000000000000000e+04
2.000000000000000042e-02,4.000000000000000083e-02,-9.289488916705062813e-03,-1.163925232220660612e-02,0.000000000000000000e+00,0.000000000000000000e+00,2.000000000000000000e+04
4.000000000000000083e-02,4.000000000000000083e-02,-1.948485615581998370e-02,-2.507973077465570910e-02,0.000000000000000000e+00,0.000000000000000000e+00,2.000000000000000000e+04
5.999999999999999778e-02,4.000000000000000083e-02,-2.980630157685400586e-02,-3.886957657375770397e-02,0.000000000000000000e+00,0.000000000000000000e+00,2.000000000000000000e+04
8.000000000000000167e-02,4.000000000000000083e-02,-3.956771443921894282e-02,-5.240273087407399527e-02,0.000000000000000000e+00,0.000000000000000000e+00,2.000000000000000000e+04
1.000000000000000056e-01,4.000000000000000083e-02,-4.864817984572687021e-02,-6.570776882477867564e-02,0.000000000000000000e+00,0.000000000000000000e+00,2.000000000000000000e+04
1.199999999999999956e-01,4.000000000000000083e-02,-5.705929699974488650e-02,-7.886115440714072666e-02,0.000000000000000000e+00,0.000000000000000000e+00,2.000000000000000000e+04
1.400000000000000133e-01,4.000000000000000083e-02,-6.484369782029794638e-02,-9.191963141794899650e-02,0.000000000000000000e+00,0.000000000000000000e+00,2.000000000000000000e+04
1.600000000000000033e-01,4.000000000000000083e-02,-7.204800101503890108e-02,-1.049188349017623062e-01,0.000000000000000000e+00,0.000000000000000000e+00,2.000000000000000000e+04
1.799999999999999933e-01,4.000000000000000083e-02,-7.871524079000655205e-02,-1.178788224534038781e-01,0.000000000000000000e+00,0.000000000000000000e+00,2.000000000000000000e+04
2.000000000000000111e-01,4.000000000000000083e-02,-8.488325606102410659e-02,-1.308088931998642734e-01,0.000000000000000000e+00,0.000000000000000000e+00,2.000000000000000000e+04
2.200000000000000011e-01,4.000000000000000083e-02,-9.058496315715904024e-02,-1.437110162858969142e-01,0.000000000000000000e+00,0.000000000000000000e+00,2.000000000000000000e+04
2.399999999999999911e-01,4.000000000000000083e-02,-9.584914299662389281e-02,-1.565821689798816418e-01,0.000000000000000000e+00,0.000000000000000000e+00,2.000000000000000000e+04
2.600000000000000089e-01,4.000000000000000083e-02,-1.007012745587452518e-01,-1.694159300537864676e-01,0.000000000000000000e+00,0.000000000000000000e+00,2.000000000000000000e+04
2.800000000000000266e-01,4.000000000000000083e-02,-1.051642678108529044e-01,-1.822035841807534695e-01,0.000000000000000000e+00,0.000000000000000000e+00,2.000000000000000000e+04
2.999999999999999889e-01,4.000000000000000083e-02,-1.092590649304129996e-01,-1.949349081572886722e-01,0.000000000000000000e+00,0.000000000000000000e+00,2.000000000000000000e+04
3.200000000000000067e-01,4.000000000000000083e-02,-1.130051178600661871e-01,-2.075987491021183129e-01,0.000000000000000000e+00,0.000000000000000000e+00,2.000000000000000000e+04
3.400000000000000244e-01,4.000000000000000083e-02,-1.164207608781914483e-01,-2.201834647800313960e-01,0.000000000000000000e+00,0.000000000000000000e+00,2.000000000000000000e+04
3.599999999999999867e-01,4.000000000000000083e-02,-1.195234973425972624e-01,-2.326772705490764981e-01,0.000000000000000000e+00,0.000000000000000000e+00,2.000000000000000000e+04
3.800000000000000044e-01,4.000000000000000083e-02,-1.223302171279405381e-01,-2.450685211240203609e-01,0.000000000000000000e+00,0.000000000000000000e+00,2.000000000000000000e+04
4.000000000000000222e-01,4.000000000000000083e-02,-1.248573581402522281e-01,-2.573459449850672986e-01,0.000000000000000000e+00,0.000000000000000000e+00,2.000000000000000000e+04
4.199999999999999845e-01,4.000000000000000083e-02,-1.271210225203613098e-01,-2.694988426552081817e-01,0.000000000000000000e+00,0.000000000000000000e+00,2.000000000000000000e+04
4.400000000000000022e-01,4.000000000000000083e-02,-1.291370559417182040e-01,-2.815172558525975144e-01,0.000000000000000000e+00,0.000000000000000000e+00,2.000000000000000000e+04
4.600000000000000200e-01,4.000000000000000083e-02,-1.309210967321170205e-01,-2.933921118421410901e-01,0.000000000000000000e+00,0.000000000000000000e+00,2.000000000000000000e+04
4.799999999999999822e-01,4.000000000000000083e-02,-1.324886003019030978e-01,-3.051153456287636900e-01,0.000000000000000000e+00,0.000000000000000000e+00,2.000000000000000000e+04
5.000000000000000000e-01,4.000000000000000083e-02,-1.338548434380421037e-01,-3.166800016160426501e-01,0.000000000000000000e+00,0.000000000000000000e+00,2.000000000000000000e+04
5.200000000000000178e-01,4.000000000000000083e-02,-1.350349123339202873e-01,-3.280803157812198223e-01,0.000000000000000000e+00,0.000000000000000000e+00,2.000000000000000000e+04
5.400000000000000355e-01,4.000000000000000083e-02,-1.360436776979185858e-01,-3.393117791486215395e-01,0.000000000000000000e+00,0.000000000000000000e+00,2.000000000000000000e+04
5.600000000000000533e-01,4.000000000000000083e-02,-1.368957598658003816e-01,-3.503711832820915473e-01,0.000000000000000000e+00,0.000000000000000000e+00,2.000000000000000000e+04
5.799999999999999600e-01,4.000000000000000083e-02,-1.376054864929407151e-01,-3.612566485959257667e-01,0.000000000000000000e+00,0.000000000000000000e+00,2.000000000000000000e+04
5.999999999999999778e-01,4.000000000000000083e-02,-1.381868450936306891e-01,-3.719676364542722768e-01,0.000000000000000000e+00,0.000000000000000000e+00,2.000000000000000000e+04
6.199999999999999956e-01,4.000000000000000083e-02,-1.386534324059436885e-01,-3.825049462543494427e-01,0.000000000000000000e+00,0.000000000000000000e+00,2.000000000000000000e+04
6.400000000000000133e-01,4.000000000000000083e-02,-1.390184022785373452e-01,-3.928706989406649530e-01,0.000000000000000000e+00,0.000000000000000000e+00,2.000000000000000000e+04
6.600000000000000311e-01,4.000000000000000083e-02,-1.392944134922523558e-01,-4.030683086527889758e-01,0.000000000000000000e+00,0.000000000000000000e+00,2.000000000000000000e+04
6.800000000000000488e-01,4.000000000000000083e-02,-1.394935786409205181e-01,-4.131024444490188907e-01,0.000000000000000000e+00,0.000000000000000000e+00,2.000000000000000000e+04
6.999999999999999556e-01,4.000000000000000083e-02,-1.396274149029608502e-01,-4.229789842549226409e-01,0.000000000000000000e+00,0.000000000000000000e+00,2.000000000000000000e+04
7.199999999999999734e-01,4.000000000000000083e-02,-1.397067972429952287e-01,-4.327049633405648521e-01,0.000000000000000000e+00,0.000000000000000000e+00,2.000000000000000000e+04
7.399999999999999911e-01,4.000000000000000083e-02,-1.397419143011460196e-01,-4.422885197084845399e-01,0.000000000000000000e+00,0.000000000000000000e+00,2.000000000000000000e+04
7.600000000000000089e-01,4.000000000000000083e-02,-1.397422269748099799e-01,-4.517388387373458825e-01,0.000000000000000000e+00,0.000000000000000000e+00,2.000000000000000000e+04
7.800000000000000266e-01,4.000000000000000083e-02,-1.397164295025342950e-01,-4.610660992066611952e-01,0.000000000000000000e+00,0.000000000000000000e+00,2.000000000000000000e+04
8.000000000000000444e-01,4.000000000000000083e-02,-1.396724127661356785e-01,-4.702814223072826483e-01,0.000000000000000000e+00,0.000000000000000000e+00,2.000000000000000000e+04
8.199999999999999512e-01,4.000000000000000083e-02,-1.396172295950659226e-01,-4.793968242100291044e-01,0.000000000000000000e+00,0.000000000000000000e+00,2.000000000000000000e+04
8.399999999999999689e-01,4.000000000000000083e-02,-1.395570621484607809e-01,-4.884251708542175496e-01,0.000000000000000000e+00,0.000000000000000000e+00,2.000000000000000000e+04
8.599999999999999867e-01,4.000000000000000083e-02,-1.394971919733060672e-01,-4.973801302062692553e-01,0.000000000000000000e+00,0.000000000000000000e+00,2.000000000000000000e+04
8.800000000000000044e-01,4.000000000000000083e-02,-1.394419738708428946e-01,-5.062761113083925624e-01,0.000000000000000000e+00,0.000000000000000000e+00,2.000000000000000000e+04
9.000000000000000222e-01,4.000000000000000083e-02,-1.393948143259144401e-01,-5.151281694336340422e-01,0.000000000000000000e+00,0.000000000000000000e+00,2.000000000000000000e+04
9.200000000000000400e-01,4.000000000000000083e-02,-1.393581511544920715e-01,-5.239518405232549414e-01,0.000000000000000000e+00,0.000000000000000000e+00,2.000000000000000000e+04
9.399999999999999467e-01,4.000000000000000083e-02,-1.393334156429909543e-01,-5.327628440827274492e-01,0.000000000000000000e+00,0.000000000000000000e+00,2.000000000000000000e+04
9.599999999999999645e-01,4.000000000000000083e-02,-1.393209127749151233e-01,-5.415765642740361097e-01,0.000000000000000000e+00,0.000000000000000000e+00,2.000000000000000000e+04
9.799999999999999822e-01,4.000000000000000083e-02,-1.393194327731792359e-01,-5.504072036591878270e-01,0.000000000000000000e+00,0.000000000000000000e+00,2.000000000000000000e+04
1.000000000000000000e+00,4.000000000000000083e-02,-1.393250889652245805e-01,-5.592665722024643404e-01,0.000000000000000000e+00,0.000000000000000000e+00,2.000000000000000000e+04
0.000000000000000000e+00,5.999999999999999778e-02,0.000000000000000000e+00,0.000000000000000000e+00,1.000000000000000000e+00,0.000000000000000000e+00,2.000000000000000000e+04
2.000000000000000042e-02,5.999999999999999778e-02,-7.696286778914163303e-03,-1.048736640926943228e-02,0.000000000000000000e+00,0.000000000000000000e+00,2.000000000000000000e+04
4.000000000000000083e-02,5.999999999999999778e-02,-1.594475486633454078e-02,-2.272851177499332978e-02,0.000000000000000000e+00,0.000000000000000000e+00,2.000000000000000000e+04
5.999999999999999778e-02,5.999999999999999778e-02,-2.452896954883763275e-02,-3.581934562798174543e-02,0.000000000000000000e+00,0.000000000000000000e+00,2.000000000000000000e+04
8.000000000000000167e-02,5.999999999999999778e-02,-3.306023577907116900e-02,-4.915869331926295271e-02,0.000000000000000000e+00,0.000000000000000000e+00,2.000000000000000000e+04
1.000000000000000056e-01,5.999999999999999778e-02,-4.126109518176183932e-02,-6.249201255556977030e-02,0.000000000000000000e+00,0.000000000000000000e+00,2.000000000000000000e+04
1.199999999999999956e-01,5.999999999999999778e-02,-4.902220481931490736e-02,-7.576738353177440988e-02,0.000000000000000000e+00,0.000000000000000000e+00,2.000000000000000000e+04
1.400000000000000133e-01,5.999999999999999778e-02,-5.631102176393208009e-02,-8.898660113678646955e-02,0.000000000000000000e+00,0.000000000000000000e+00,2.000000000000000000e+04
1.600000000000000033e-01,5.999999999999999778e-02,-6.312764710084690922e-02,-1.021607585082074388e-01,0.000000000000000000e+00,0.000000000000000000e+00,2.000000000000000000e+04
1.799999999999999933e-01,5.999999999999999778e-02,-6.948570430947093035e-02,-1.152985888180121377e-01,0.000000000000000000e+00,0.000000000000000000e+00,2.000000000000000000e+04
2.000000000000000111e-01,5.999999999999999778e-02,-7.540393176697142430e-02,-1.284041014209282572e-01,0.000000000000000000e+00,0.000000000000000000e+00,2.000000000000000000e+04
2.200000000000000011e-01,5.999999999999999778e-02,-8.090247609205641899e-02,-1.414768192479996523e-01,0.000000000000000000e+00,0.000000000000000000e+00,2.000000000000000000e+04
2.399999999999999911e-01,5.999999999999999778e-02,-8.600131674350326716e-02,-1.545126327286453216e-01,0.000000000000000000e+00,0.000000000000000000e+00,2.000000000000000000e+04
2.600000000000000089e-01,5.999999999999999778e-02,-9.071967118364139548e-02,-1.675046811342400521e-01,0.000000000000000000e+00,0.000000000000000000e+00,2.000000000000000000e+04
2.800000000000000266e-01,5.999999999999999778e-02,-9.507584713717340263e-02,-1.804441089737915949e-01,0.000000000000000000e+00,0.000000000000000000e+00,2.000000000000000000e+04
2.999999999999999889e-01,5.999999999999999778e-02,-9.908728953727921618e-02,-1.933206811877255793e-01,0.000000000000000000e+00,0.000000000000000000e+00,2.000000000000000000e+04
3.200000000000000067e-01,5.999999999999999778e-02,-1.027707018849895598e-01,-2.061232783660308376e-01,0.000000000000000000e+00,0.000000000000000000e+00,2.000000000000000000e+04
3.400000000000000244e-01,5.999999999999999778e-02,-1.061421851801322147e-01,-2.188402986368909731e-01,0.000000000000000000e+00,0.000000000000000000e+00,2.000000000000000000e+04
3.599999999999999867e-01,5.999999999999999778e-02,-1.092173684118269150e-01,-2.314599889322046800e-01,0.000000000000000000e+00,0.000000000000000000e+00,2.000000000000000000e+04
3.800000000000000044e-01,5.999999999999999778e-02,-1.120115196499794352e-01,-2.439707226794455008e-01,0.000000000000000000e+00,0.000000000000000000e+00,2.000000000000000000e+04
4.000000000000000222e-01,5.999999999999999778e-02,-1.145396341008155378e-01,-2.563612359440547439e-01,0.000000000000000000e+00,0.000000000000000000e+00,2.000000000000000000e+04
4.199999999999999845e-01,5.999999999999999778e-02,-1.168164989957930083e-01,-2.686208301696663692e-01,0.000000000000000000e+00,0.000000000000000000e+00,2.000000000000000000e+04
4.400000000000000022e-01,5.999999999999999778e-02,-1.188567368053998347e-01,-2.807395468661281202e-01,0.000000000000000000e+00,0.000000000000000000e+00,2.000000000000000000e+04
4.600000000000000200e-01,5.999999999999999778e-02,-1.206748289665421081e-01,-2.927083176644191820e-01,0.000000000000000000e+00,0.000000000000000000e+00,2.000000000000000000e+04
4.799999999999999822e-01,5.999999999999999778e-02,-1.222851225613060394e-01,-3.045190918809662084e-01,0.000000000000000000e+00,0.000000000000000000e+00,2.000000000000000000e+04
5.000000000000000000e-01,5.999999999999999778e-02,-1.237018224210638950e-01,-3.161649429386119703e-01,0.000000000000000000e+00,0.000000000000000000e+00,2.000000000000000000e+04
5.200000000000000178e-01,5.999999999999999778e-02,-1.249389710668007830e-01,-3.276401545462857001e-01,0.000000000000000000e+00,0.000000000000000000e+00,2.000000000000000000e+04
5.400000000000000355e-01,5.999999999999999778e-02,-1.260104187867053527e-01,-3.389402873467320942e-01,0.000000000000000000e+00,0.000000000000000000e+00,2.000000000000000000e+04
5.600000000000000533e-01,5.999999999999999778e-02,-1.269297860179250947e-01,-3.500622267289765777e-01,0.000000000000000000e+00,0.000000000000000000e+00,2.000000000000000000e+04
5.799999999999999600e-01,5.999999999999999778e-02,-1.277104200491341324e-01,-3.610042126145893704e-01,0.000000000000000000e+00,0.000000000000000000e+00,2.000000000000000000e+04
5.999999999999999778e-01,5.999999999999999778e-02,-1.283653478964968397e-01,-3.717658522216440442e-01,0.000000000000000000e+00,0.000000000000000000e+00,2.000000000000000000e+04
6.199999999999999956e-01,5.999999999999999778e-02,-1.289072270284780108e-01,-3.823481170535559803e-01,0.000000000000000000e+00,0.000000000000000000e+00,2.000000000000000000e+04
6.400000000000000133e-01,5.999999999999999778e-02,-1.293482954262240026e-01,-3.927533256238874282e-01,0.000000000000000000e+00,0.000000000000000000e+00,2.000000000000000000e+04
6.600000000000000311e-01,5.999999999999999778e-02,-1.297003222694658453e-01,-4.029851136893592978e-01,0.000000000000000000e+00,0.000000000000000000e+00,2.000000000000000000e+04
6.800000000000000488e-01,5.999999999999999778e-02,-1.299745603394109883e-01,-4.130483940013176536e-01,0.000000000000000000e+00,0.000000000000000000e+00,2.000000000000000000e+04
6.999999999999999556e-01,5.999999999999999778e-02,-1.301817010397014474e-01,-4.229493077815747459e-01,0.000000000000000000e+00,0.000000000000000000e+00,2.000000000000000000e+04
7.199999999999999734e-01,5.999999999999999778e-02,-1.303318327680590694e-01,-4.326951702614093009e-01,0.000000000000000000e+00,0.000000000000000000e+00,2.000000000000000000e+04
7.399999999999999911e-01,5.999999999999999778e-02,-1.304344032431628553e-01,-4.422944126666595310e-01,0.000000000000000000e+00,0.000000000000000000e+00,2.000000000000000000e+04
7.600000000000000089e-01,5.999999999999999778e-02,-1.304981863267618836e-01,-4.517565229496524060e-01,0.000000000000000000e+00,0.000000000000000000e+00,2.000000000000000000e+04
7.800000000000000266e-01,5.999999999999999778e-02,-1.305312539061572186e-01,-4.610919873011669612e-01,0.000000000000000000e+00,0.000000000000000000e+00,2.000000000000000000e+04
8.000000000000000444e-01,5.999999999999999778e-02,-1.305409535393867171e-01,-4.703122339289245168e-01,0.000000000000000000e+00,0.000000000000000000e+00,2.000000000000000000e+04
8.199999999999999512e-01,5.999999999999999778e-02,-1.305338928143807697e-01,-4.794295796181012315e-01,0.000000000000000000e+00,0.000000000000000000e+00,2.000000000000000000e+04
8.399999999999999689e-01,5.999999999999999778e-02,-1.305159316645176371e-01,-4.884571779834372962e-01,0.000000000000000000e+00,0.000000000000000000e+00,2.000000000000000000e+04
8.599999999999999867e-01,5.999999999999999778e-02,-1.304921839738543421e-01,-4.974089658136313097e-01,0.000000000000000000e+00,0.000000000000000000e+00,2.000000000000000000e+04
8.800000000000000044e-01,5.999999999999999778e-02,-1.304670290622859108e-01,-5.062996002574284837e-01,0.000000000000000000e+00,0.000000000000000000e+00,2.000000000000000000e+04
9.000000000000000222e-01,5.999999999999999778e-02,-1.304441306096398578e-01,-5.151443749158207686e-01,0.000000000000000000e+00,0.000000000000000000e+00,2.000000000000000000e+04
9.200000000000000400e-01,5.999999999999999778e-02,-1.304264521946209843e-01,-5.239590986066207101e-01,0.000000000000000000e+00,0.000000000000000000e+00,2.000000000000000000e+04
9.399999999999999467e-01,5.999999999999999778e-02,-1.304162389279878154e-01,-5.327599221072749636e-01,0.000000000000000000e+00,0.000000000000000000e+00,2.000000000000000000e+04
9.599999999999999645e-01,5.999999999999999778e-02,-1.304148931857881111e-01,-5.415631226263182274e-01,0.000000000000000000e+00,0.000000000000000000e+00,2.000000000000000000e+04
9.799999999999999822e-01,5.999999999999999778e-02,-1.304225942534353588e-01,-5.503849537712310891e-01,0.000000000000000000e+00,0.000000000000000000e+00,2.000000000000000000e+04
1.000000000000000000e+00,5.999999999999999778e-02,-1.304373896346297246e-01,-5.592419973328743854e-01,0.000000000000000000e+00,0.000000000000000000e+00,2.000000000000000000e+04
0.000000000000000000e+00,8.000000000000000167e-02,0.000000000000000000e+00,0.000000000000000000e+00,1.000000000000000000e+00,0.000000000000000000e+00,2.000000000000000000e+04
2.000000000000000042e-02,8.000000000000000167e-02,-6.610679000384944194e-03,-9.869425055267578087e-03,0.000000000000000000e+00,0.000000000000000000e+00,2.000000000000000000e+04
4.000000000000000083e-02,8.000000000000000167e-02,-1.355428129541375211e-02,-2.131027318270190679e-02,0.000000000000000000e+00,0.000000000000000000e+00,2.000000000000000000e+04
5.999999999999999778e-02,8.000000000000000167e-02,-2.079329919916109853e-02,-3.374064748133220187e-02,0.000000000000000000e+00,0.000000000000000000e+00,2.000000000000000000e+04
8.000000000000000167e-02,8.000000000000000167e-02,-2.814269325973741548e-02,-4.669393344240990729e-02,0.000000000000000000e+00,0.000000000000000000e+00,2.000000000000000000e+04
1.000000000000000056e-01,8.000000000000000167e-02,-3.539654456025651680e-02,-5.987424949222067139e-02,0.000000000000000000e+00,0.000000000000000000e+00,2.000000000000000000e+04
1.199999999999999956e-01,8.000000000000000167e-02,-4.240923783330109720e-02,-7.313461129124065874e-02,0.000000000000000000e+00,0.000000000000000000e+00,2.000000000000000000e+04
1.400000000000000133e-01,8.000000000000000167e-02,-4.910218881380597200e-02,-8.641496288709754614e-02,0.000000000000000000e+00,0.000000000000000000e+00,2.000000000000000000e+04
1.600000000000000033e-01,8.000000000000000167e-02,-5.543854852540349570e-02,-9.969144168088950320e-02,0.000000000000000000e+00,0.000000000000000000e+00,2.000000000000000000e+04
1.799999999999999933e-01,8.000000000000000167e-02,-6.140481845568320635e-02,-1.129533045913019146e-01,0.000000000000000000e+00,0.000000000000000000e+00,2.000000000000000000e+04
2.000000000000000111e-01,8.000000000000000167e-02,-6.700022430072995194e-02,-1.261935772378023346e-01,0.000000000000000000e+00,0.000000000000000000e+00,2.000000000000000000e+04
2.200000000000000011e-01,8.000000000000000167e-02,-7.223084299173943013e-02,-1.394054725169324715e-01,0.000000000000000000e+00,0.000000000000000000e+00,2.000000000000000000e+04
2.399999999999999911e-01,8.000000000000000167e-02,-7.710638903225226770e-02,-1.525811783708973801e-01,0.000000000000000000e+00,0.000000000000000000e+00,2.000000000000000000e+04
2.600000000000000089e-01,8.000000000000000167e-02,-8.163846541868156892e-02,-1.657116085479997947e-01,0.000000000000000000e+00,0.000000000000000000e+00,2.000000000000000000e+04
2.800000000000000266e-01,8.000000000000000167e-02,-8.583962121377418375e-02,-1.787865307302431706e-01,0.000000000000000000e+00,0.000000000000000000e+00,2.000000000000000000e+04
2.999999999999999889e-01,8.000000000000000167e-02,-8.972285391539214228e-02,-1.917948273809617354e-01,0.000000000000000000e+00,0.000000000000000000e+00,2.000000000000000000e+04
3.200000000000000067e-01,8.000000000000000167e-02,-9.330135615522197612e-02,-2.047247886515779769e-01,0.000000000000000000e+00,0.000000000000000000e+00,2.000000000000000000e+04
3.400000000000000244e-01,8.000000000000000167e-02,-9.658839469768686070e-02,-2.175643978399046385e-01,0.000000000000000000e+00,0.000000000000000000e+00,2.000000000000000000e+04
3.599999999999999867e-01,8.000000000000000167e-02,-9.959725866357013735e-02,-2.303015955474345400e-01,0.000000000000000000e+00,0.000000000000000000e+00,2.000000000000000000e+04
3.800000000000000044e-01,8.000000000000000167e-02,-1.023412413230073287e-01,-2.429245190043137492e-01,0.000000000000000000e+00,0.000000000000000000e+00,2.000000000000000000e+04
4.000000000000000222e-01,8.000000000000000167e-02,-1.048336353526988646e-01,-2.554217167803206623e-01,0.000000000000000000e+00,0.000000000000000000e+00,2.000000000000000000e+04
4.199999999999999845e-01,8.000000000000000167e-02,-1.070877303839707778e-01,-2.677823401257178326e-01,0.000000000000000000e+00,0.000000000000000000e+00,2.000000000000000000e+04
4.400000000000000022e-01,8.000000000000000167e-02,-1.091168068655677670e-01,-2.799963121755497109e-01,0.000000000000000000e+00,0.000000000000000000e+00,2.000000000000000000e+04
4.600000000000000200e-01,8.000000000000000167e-02,-1.109341233285016798e-01,-2.920544759332797669e-01,0.000000000000000000e+00,0.000000000000000000e+00,2.000000000000000000e+04
4.799999999999999822e-01,8.000000000000000167e-02,-1.125528959674865215e-01,-3.039487216249112111e-01,0.000000000000000000e+00,0.000000000000000000e+00,2.000000000000000000e+04
5.000000000000000000e-01,8.000000000000000167e-02,-1.139862705525080538e-01,-3.156720937932271931e-01,0.000000000000000000e+00,0.000000000000000000e+00,2.000000000000000000e+04
5.200000000000000178e-01,8.000000000000000167e-02,-1.152472873448754653e-01,-3.272188784110547366e-01,0.000000000000000000e+00,0.000000000000000000e+00,2.000000000000000000e+04
5.400000000000000355e-01,8.000000000000000167e-02,-1.163488400815346907e-01,-3.385846703251796930e-01,0.000000000000000000e+00,0.000000000000000000e+00,2.000000000000000000e+04
5.600000000000000533e-01,8.000000000000000167e-02,-1.173036303064654701e-01,-3.497664214778630210e-01,0.000000000000000000e+00,0.000000000000000000e+00,2.000000000000000000e+04
5.799999999999999600e-01,8.000000000000000167e-02,-1.181241184260386351e-01,-3.607624705655990693e-01,0.000000000000000000e+00,0.000000000000000000e+00,2.000000000000000000e+04
5.999999999999999778e-01,8.000000000000000167e-02,-1.188224728816106579e-01,-3.715725550590758264e-01,0.000000000000000000e+00,0.000000000000000000e+00,2.000000000000000000e+04
6.199999999999999956e-01,8.000000000000000167e-02,-1.194105187908653526e-01,-3.821978067995497330e-01,0.000000000000000000e+00,0.000000000000000000e+00,2.000000000000000000e+04
6.400000000000000133e-01,8.000000000000000167e-02,-1.198996873272036023e-01,-3.926407326820222643e-01,0.000000000000000000e+00,0.000000000000000000e+00,2.000000000000000000e+04
6.600000000000000311e-01,8.000000000000000167e-02,-1.203009669994266478e-01,-4.029051822134550598e-01,0.000000000000000000e+00,0.000000000000000000e+00,2.000000000000000000e+04
6.800000000000000488e-01,8.000000000000000167e-02,-1.206248578775853258e-01,-4.129963039750985110e-01,0.000000000000000000e+00,0.000000000000000000e+00,2.000000000000000000e+04
6.999999999999999556e-01,8.000000000000000167e-02,-1.208813297018104388e-01,-4.229204932029134167e-01,0.000000000000000000e+00,0.000000000000000000e+00,2.000000000000000000e+04
7.199999999999999734e-01,8.000000000000000167e-02,-1.210797847271340849e-01,-4.326853328095119910e-01,0.000000000000000000e+00,0.000000000000000000e+00,2.000000000000000000e+04
7.399999999999999911e-01,8.000000000000000167e-02,-1.212290261172593309e-01,-4.422995301824711456e-01,0.000000000000000000e+00,0.000000000000000000e+00,2.000000000000000000e+04
7.600000000000000089e-01,8.000000000000000167e-02,-1.213372327203276480e-01,-4.517728519786831098e-01,0.000000000000000000e+00,0.000000000000000000e+00,2.000000000000000000e+04
7.800000000000000266e-01,8.000000000000000167e-02,-1.214119411481448113e-01,-4.611160588545449857e-01,0.000000000000000000e+00,0.000000000000000000e+00,2.000000000000000000e+04
8.000000000000000444e-01,8.000000000000000167e-02,-1.214600362238669184e-01,-4.703408415786761720e-01,0.000000000000000000e+00,0.000000000000000000e+00,2.000000000000000000e+04
8.199999999999999512e-01,8.000000000000000167e-02,-1.214877510013904760e-01,-4.794597592147932796e-01,0.000000000000000000e+00,0.000000000000000000e+00,2.000000000000000000e+04
8.399999999999999689e-01,8.000000000000000167e-02,-1.215006775364006336e-01,-4.884861790091428735e-01,0.000000000000000000e+00,0.000000000000000000e+00,2.000000000000000000e+04
8.599999999999999867e-01,8.000000000000000167e-02,-1.215037890669490861e-01,-4.974342163477686873e-01,0.000000000000000000e+00,0.000000000000000000e+00,2.000000000000000000e+04
8.800000000000000044e-01,8.000000000000000167e-02,-1.215014725850353666e-01,-5.063186720579202493e-01,0.000000000000000000e+00,0.000000000000000000e+00,2.000000000000000000e+04
9.000000000000000222e-01,8.000000000000000167e-02,-1.214975667857421254e-01,-5.151549646246108560e-01,0.000000000000000000e+00,0.000000000000000000e+00,2.000000000000000000e+04
9.200000000000000400e-01,8.000000000000000167e-02,-1.214953922180255913e-01,-5.239590597630019442e-01,0.000000000000000000e+00,0.000000000000000000e+00,2.000000000000000000e+04
9.399999999999999467e-01,8.000000000000000167e-02,-1.214977457426624496e-01,-5.327474170603769821e-01,0.000000000000000000e+00,0.000000000000000000e+00,2.000000000000000000e+04
9.599999999999999645e-01,8.000000000000000167e-02,-1.215068087409304221e-01,-5.415370217460825364e-01,0.000000000000000000e+00,0.000000000000000000e+00,2.000000000000000000e+04
9.799999999999999822e-01,8.000000000000000167e-02,-1.215238940330548995e-01,-5.503456933802742812e-01,0.000000000000000000e+00,0.000000000000000000e+00,2.000000000000000000e+04
1.000000000000000000e+00,8.000000000000000167e-02,-1.215489678198822948e-01,-5.591931704647331580e-01,0.000000000000000000e+00,0.000000000000000000e+00,2.000000000000000000e+04
0.000000000000000000e+00,1.000000000000000056e-01,0.000000000000000000e+00,0.000000000000000000e+00,1.000000000000000000e+00,0.000000000000000000e+00,2.000000000000000000e+04
2.000000000000000042e-02,1.000000000000000056e-01,-5.793391630966693989e-03,-9.530549546094500488e-03,0.000000000000000000e+00,0.000000000000000000e+00,2.000000000000000000e+04
4.000000000000000083e-02,1.000000000000000056e-01,-1.178407888127075594e-02,-2.044249747523909852e-02,0.000000000000000000e+00,0.000000000000000000e+00,2.000000000000000000e+04
5.999999999999999778e-02,1.000000000000000056e-01,-1.799504556293276061e-02,-3.234978838232480808e-02,0.000000000000000000e+00,0.000000000000000000e+00,2.000000000000000000e+04
8.000000000000000167e-02,1.000000000000000056e-01,-2.434535773890893554e-02,-4.490454728788097205e-02,0.000000000000000000e+00,0.000000000000000000e+00,2.000000000000000000e+04
1.000000000000000056e-01,1.000000000000000056e-01,-3.070841071559124447e-02,-5.784227919725121181e-02,0.000000000000000000e+00,0.000000000000000000e+00,2.000000000000000000e+04
1.199999999999999956e-01,1.000000000000000056e-01,-3.696385573997706953e-02,-7.098975323822387384e-02,0.000000000000000000e+00,0.000000000000000000e+00,2.000000000000000000e+04
1.400000000000000133e-01,1.000000000000000056e-01,-4.302307152247346334e-02,-8.424632451622476870e-02,0.000000000000000000e+00,0.000000000000000000e+00,2.000000000000000000e+04
1.600000000000000033e-01,1.000000000000000056e-01,-4.882999577915041189e-02,-9.755635234507756270e-02,0.000000000000000000e+00,0.000000000000000000e+00,2.000000000000000000e+04
1.799999999999999933e-01,1.000000000000000056e-01,-5.435238706523422281e-02,-1.108877085574567073e-01,0.000000000000000000e+00,0.000000000000000000e+00,2.000000000000000000e+04
2.000000000000000111e-01,1.000000000000000056e-01,-5.957372545973290551e-02,-1.242196044713307912e-01,0.000000000000000000e+00,0.000000000000000000e+00,2.000000000000000000e+04
2.200000000000000011e-01,1.000000000000000056e-01,-6.448752369045993027e-02,-1.375363768379854468e-01,0.000000000000000000e+00,0.000000000000000000e+00,2.000000000000000000e+04
2.399999999999999911e-01,1.000000000000000056e-01,-6.909364395924440239e-02,-1.508244576220524047e-01,0.000000000000000000e+00,0.000000000000000000e+00,2.000000000000000000e+04
2.600000000000000089e-01,1.000000000000000056e-01,-7.339598139316942660e-02,-1.640709643466749246e-01,0.000000000000000000e+00,0.000000000000000000e+00,2.000000000000000000e+04
2.800000000000000266e-01,1.000000000000000056e-01,-7.740102216009500657e-02,-1.772631050215951465e-01,0.000000000000000000e+00,0.000000000000000000e+00,2.000000000000000000e+04
2.999999999999999889e-01,1.000000000000000056e-01,-8.111694834765054152e-02,-1.903879904955748659e-01,0.000000000000000000e+00,0.000000000000000000e+00,2.000000000000000000e+04
3.200000000000000067e-01,1.000000000000000056e-01,-8.455308121019435019e-02,-2.034326485790970418e-01,0.000000000000000000e+00,0.000000000000000000e+00,2.000000000000000000e+04
3.400000000000000244e-01,1.000000000000000056e-01,-8.771953252885006380e-02,-2.163841353999426398e-01,0.000000000000000000e+00,0.000000000000000000e+00,2.000000000000000000e+04
3.599999999999999867e-01,1.000000000000000056e-01,-9.062698303238049535e-02,-2.292296903535475106e-01,0.000000000000000000e+00,0.000000000000000000e+00,2.000000000000000000e+04
3.800000000000000044e-01,1.000000000000000056e-01,-9.328653742367708224e-02,-2.419569067626057002e-01,0.000000000000000000e+00,0.000000000000000000e+00,2.000000000000000000e+04
4.000000000000000222e-01,1.000000000000000056e-01,-9.570962456319596912e-02,-2.545539034501486109e-01,0.000000000000000000e+00,0.000000000000000000e+00,2.000000000000000000e+04
4.199999999999999845e-01,1.000000000000000056e-01,-9.790792322612659748e-02,-2.670094891128320103e-01,0.000000000000000000e+00,0.000000000000000000e+00,2.000000000000000000e+04
4.400000000000000022e-01,1.000000000000000056e-01,-9.989330132090594450e-02,-2.793133148187856296e-01,0.000000000000000000e+00,0.000000000000000000e+00,2.000000000000000000e+04
4.600000000000000200e-01,1.000000000000000056e-01,-1.016777612108511197e-01,-2.914560117592661093e-01,0.000000000000000000e+00,0.000000000000000000e+00,2.000000000000000000e+04
4.799999999999999822e-01,1.000000000000000056e-01,-1.032733868409711764e-01,-3.034293123822042193e-01,0.000000000000000000e+00,0.000000000000000000e+00,2.000000000000000000e+04
5.000000000000000000e-01,1.000000000000000056e-01,-1.046922903630506940e-01,-3.152261536526896335e-01,0.000000000000000000e+00,0.000000000000000000e+00,2.000000000000000000e+04
5.200000000000000178e-01,1.000000000000000056e-01,-1.059465572569733977e-01,-3.268407616360000656e-01,0.000000000000000000e+00,0.000000000000000000e+00,2.000000000000000000e+04
5.400000000000000355e-01,1.000000000000000056e-01,-1.070481898014706695e-01,-3.382687169887352852e-01,0.000000000000000000e+00,0.000000000000000000e+00,2.000000000000000000e+04
5.600000000000000533e-01,1.000000000000000056e-01,-1.080090493004983165e-01,-3.495070013204940595e-01,0.000000000000000000e+00,0.000000000000000000e+00,2.000000000000000000e+04
5.799999999999999600e-01,1.000000000000000056e-01,-1.088407978158330153e-01,-3.605540247683989286e-01,0.000000000000000000e+00,0.000000000000000000e+00,2.000000000000000000e+04
5.999999999999999778e-01,1.000000000000000056e-01,-1.095548403534352816e-01,-3.714096355086435874e-01,0.000000000000000000e+00,0.000000000000000000e+00,2.000000000000000000e+04
6.199999999999999956e-01,1.000000000000000056e-01,-1.101622685429024945e-01,-3.820751123030151630e-01,0.000000000000000000e+00,0.000000000000000000e+00,2.000000000000000000e+04
6.400000000000000133e-01,1.000000000000000056e-01,-1.106738068674478492e-01,-3.925531415293717630e-01,0.000000000000000000e+00,0.000000000000000000e+00,2.000000000000000000e+04
6.600000000000000311e-01,1.000000000000000056e-01,-1.110997624721093008e-01,-4.028477804567742182e-01,0.000000000000000000e+00,0.000000000000000000e+00,2.000000000000000000e+04
6.800000000000000488e-01,1.000000000000000056e-01,-1.114499795232927887e-01,-4.129644087816592979e-01,0.000000000000000000e+00,0.000000000000000000e+00,2.000000000000000000e+04
6.999999999999999556e-01,1.000000000000000056e-01,-1.117337990345829840e-01,-4.229096706247768567e-01,0.000000000000000000e+00,0.000000000000000000e+00,2.000000000000000000e+04
7.199999999999999734e-01,1.000000000000000056e-01,-1.119600250314752438e-01,-4.326914092842104043e-01,0.000000000000000000e+00,0.000000000000000000e+00,2.000000000000000000e+04
7.399999999999999911e-01,1.000000000000000056e-01,-1.121368979170769414e-01,-4.423185970327483951e-01,0.000000000000000000e+00,0.000000000000000000e+00,2.000000000000000000e+04
7.600000000000000089e-01,1.000000000000000056e-01,-1.122720759300189775e-01,-4.518012621244337224e-01,0.000000000000000000e+00,0.000000000000000000e+00,2.000000000000000000e+04
7.800000000000000266e-01,1.000000000000000056e-01,-1.123726256478306401e-01,-4.611504149248795148e-01,0.000000000000000000e+00,0.000000000000000000e+00,2.000000000000000000e+04
8.000000000000000444e-01,1.000000000000000056e-01,-1.124450225490372657e-01,-4.703779747043707604e-01,0.000000000000000000e+00,0.000000000000000000e+00,2.000000000000000000e+04
8.199999999999999512e-01,1.000000000000000056e-01,-1.124951626218386735e-01,-4.794966981665184091e-01,0.000000000000000000e+00,0.000000000000000000e+00,2.000000000000000000e+04
8.399999999999999689e-01,1.000000000000000056e-01,-1.125283857336403931e-01,-4.885201103462142869e-01,0.000000000000000000e+00,0.000000000000000000e+00,2.000000000000000000e+04
8.599999999999999867e-01,1.000000000000000056e-01,-1.125495106720709737e-01,-4.974624384080338912e-01,0.000000000000000000e+00,0.000000000000000000e+00,2.000000000000000000e+04
8.800000000000000044e-01,1.000000000000000056e-01,-1.125628799985678719e-01,-5.063385498350264635e-01,0.000000000000000000e+00,0.000000000000000000e+00,2.000000000000000000e+04
9.000000000000000222e-01,1.000000000000000056e-01,-1.125724095498688015e-01,-5.151639001113988980e-01,0.000000000000000000e+00,0.000000000000000000e+00,2.000000000000000000e+04
9.200000000000000400e-01,1.000000000000000056e-01,-1.125816320930442538e-01,-5.239545046226573577e-01,0.000000000000000000e+00,0.000000000000000000e+00,2.000000000000000000e+04
9.399999999999999467e-01,1.000000000000000056e-01,-1.125937176740247764e-01,-5.327269719325601338e-01,0.000000000000000000e+00,0.000000000000000000e+00,2.000000000000000000e+04
9.599999999999999645e-01,1.000000000000000056e-01,-1.126114481969311548e-01,-5.414986842020274027e-01,0.000000000000000000e+00,0.000000000000000000e+00,2.000000000000000000e+04
9.799999999999999822e-01,1.000000000000000056e-01,-1.126371338484941503e-01,-5.502883101260719334e-01,0.000000000000000000e+00,0.000000000000000000e+00,2.000000000000000000e+04
1.000000000000000000e+00,1.000000000000000056e-01,-1.126725230677168565e-01,-5.591170269074274835e-01,0.000000000000000000e+00,0.000000000000000000e+00,2.000000000000000000e+04
0.000000000000000000e+00,1.199999999999999956e-01,0.000000000000000000e+00,0.000000000000000000e+00,1.000000000000000000e+00,0.000000000000000000e+00,2.000000000000000000e+04
2.000000000000000042e-02,1.199999999999999956e-01,-5.141510355458309665e-03,-9.352859035786909719e-03,0.000000000000000000e+00,0.000000000000000000e+00,2.000000000000000000e+04
4.000000000000000083e-02,1.199999999999999956e-01,-1.039304827191716955e-02,-1.991892986483207242e-02,0.000000000000000000e+00,0.000000000000000000e+00,2.000000000000000000e+04
5.999999999999999778e-02,1.199999999999999956e-01,-1.579687294419486118e-02,-3.143500111857377988e-02,0.000000000000000000e+00,0.000000000000000000e+00,2.000000000000000000e+04
8.000000000000000167e-02,1.199999999999999956e-01,-2.132426080476219551e-02,-4.364261121760251022e-02,0.000000000000000000e+00,0.000000000000000000e+00,2.000000000000000000e+04
1.000000000000000056e-01,1.199999999999999956e-01,-2.690315702709215537e-02,-5.632220507117172842e-02,0.000000000000000000e+00,0.000000000000000000e+00,2.000000000000000000e+04
1.199999999999999956e-01,1.199999999999999956e-01,-3.244829739714100852e-02,-6.930726139408209530e-02,0.000000000000000000e+00,0.000000000000000000e+00,2.000000000000000000e+04
1.400000000000000133e-01,1.199999999999999956e-01,-3.788285825382368965e-02,-8.248230330703047730e-02,0.000000000000000000e+00,0.000000000000000000e+00,2.000000000000000000e+04
1.600000000000000033e-01,1.199999999999999956e-01,-4.314782441512785699e-02,-9.577140450788747261e-02,0.000000000000000000e+00,0.000000000000000000e+00,2.000000000000000000e+04
1.799999999999999933e-01,1.199999999999999956e-01,-4.820219225317005918e-02,-1.091247988970821120e-01,0.000000000000000000e+00,0.000000000000000000e+00,2.000000000000000000e+04
2.000000000000000111e-01,1.199999999999999956e-01,-5.301945568495118610e-02,-1.225083603427200990e-01,0.000000000000000000e+00,0.000000000000000000e+00,2.000000000000000000e+04
2.200000000000000011e-01,1.199999999999999956e-01,-5.758378001799118601e-02,-1.358968386475895573e-01,0.000000000000000000e+00,0.000000000000000000e+00,2.000000000000000000e+04
2.399999999999999911e-01,1.199999999999999956e-01,-6.188691304518521147e-02,-1.492698801345225812e-01,0.000000000000000000e+00,0.000000000000000000e+00,2.000000000000000000e+04
2.600000000000000089e-01,1.199999999999999956e-01,-6.592593436671176366e-02,-1.626097925394905941e-01,0.000000000000000000e+00,0.000000000000000000e+00,2.000000000000000000e+04
2.800000000000000266e-01,1.199999999999999956e-01,-6.970168422231004524e-02,-1.759003377352454656e-01,0.000000000000000000e+00,0.000000000000000000e+00,2.000000000000000000e+04
2.999999999999999889e-01,1.199999999999999956e-01,-7.321768601634973117e-02,-1.891261166460692367e-01,0.000000000000000000e+00,0.000000000000000000e+00,2.000000000000000000e+04
3.200000000000000067e-01,1.199999999999999956e-01,-7.647941080485526344e-02,-2.022722926272105815e-01,0.000000000000000000e+00,0.000000000000000000e+00,2.000000000000000000e+04
3.400000000000000244e-01,1.199999999999999956e-01,-7.949377297327381298e-02,-2.153245073262861076e-01,0.000000000000000000e+00,0.000000000000000000e+00,2.000000000000000000e+04
3.599999999999999867e-01,1.199999999999999956e-01,-8.226877996875057997e-02,-2.282689048391143005e-01,0.000000000000000000e+00,0.000000000000000000e+00,2.000000000000000000e+04
3.800000000000000044e-01,1.199999999999999956e-01,-8.481328355556710941e-02,-2.410922150623044935e-01,0.000000000000000000e+00,0.000000000000000000e+00,2.000000000000000000e+04
4.000000000000000222e-01,1.199999999999999956e-01,-8.713679722449939324e-02,-2.537818670776698649e-01,0.000000000000000000e+00,0.000000000000000000e+00,2.000000000000000000e+04
4.199999999999999845e-01,1.199999999999999956e-01,-8.924935611594865537e-02,-2.663261148026194736e-01,0.000000000000000000e+00,0.000000000000000000e+00,2.000000000000000000e+04
4.400000000000000022e-01,1.199999999999999956e-01,-9.116140377696878294e-02,-2.787141637439772834e-01,0.000000000000000000e+00,0.000000000000000000e+00,2.000000000000000000e+04
4.600000000000000200e-01,1.199999999999999956e-01,-9.288369547663336001e-02,-2.909362916012922518e-01,0.000000000000000000e+00,0.000000000000000000e+00,2.000000000000000000e+04
4.799999999999999822e-01,1.199999999999999956e-01,-9.442721148886502880e-02,-3.029839578622439134e-01,0.000000000000000000e+00,0.000000000000000000e+00,2.000000000000000000e+04
5.000000000000000000e-01,1.199999999999999956e-01,-9.580307627808110071e-02,-3.148498990844089129e-01,0.000000000000000000e+00,0.000000000000000000e+00,2.000000000000000000e+04
5.200000000000000178e-01,1.199999999999999956e-01,-9.702248126236658055e-02,-3.265282076407984846e-01,0.000000000000000000e+00,0.000000000000000000e+00,2.000000000000000000e+04
5.400000000000000355e-01,1.199999999999999956e-01,-9.809661002618012826e-02,-3.380143925318062625e-01,0.000000000000000000e+00,0.000000000000000000e+00,2.000000000000000000e+04
5.600000000000000533e-01,1.199999999999999956e-01,-9.903656567150810608e-02,-3.493054215484508451e-01,0.000000000000000000e+00,0.000000000000000000e+00,2.000000000000000000e+04
5.799999999999999600e-01,1.199999999999999956e-01,-9.985330054091744179e-02,-3.603997446700389906e-01,0.000000000000000000e+00,0.000000000000000000e+00,2.000000000000000000e+04
5.999999999999999778e-01,1.199999999999999956e-01,-1.005575488921352650e-01,-3.712972991195334638e-01,0.000000000000000000e+00,0.000000000000000000e+00,2.000000000000000000e+04
6.199999999999999956e-01,1.199999999999999956e-01,-1.011597633045681621e-01,-3.819994969884147329e-01,0.000000000000000000e+00,0.000000000000000000e+00,2.000000000000000000e+04
6.400000000000000133e-01,1.199999999999999956e-01,-1.016700556938976846e-01,-3.925091967749517186e-01,0.000000000000000000e+00,0.000000000000000000e+00,2.000000000000000000e+04
6.600000000000000311e-01,1.199999999999999956e-01,-1.020981438344695652e-01,-4.028306605451805744e-01,0.000000000000000000e+00,0.000000000000000000e+00,2.000000000000000000e+04
6.800000000000000488e-01,1.199999999999999956e-01,-1.024533042689849960e-01,-4.129694987120920979e-01,0.000000000000000000e+00,0.000000000000000000e+00,2.000000000000000000e+04
6.999999999999999556e-01,1.199999999999999956e-01,-1.027443324458223312e-01,-4.229326046236819847e-01,0.000000000000000000e+00,0.000000000000000000e+00,2.000000000000000000e+04
7.199999999999999734e-01,1.199999999999999956e-01,-1.029795108868805098e-01,-4.327280812453536685e-01,0.000000000000000000e+00,0.000000000000000000e+00,2.000000000000000000e+04
7.399999999999999911e-01,1.199999999999999956e-01,-1.031665861675840484e-01,-4.423651622118188187e-01,0.000000000000000000e+00,0.000000000000000000e+00,2.000000000000000000e+04
7.600000000000000089e-01,1.199999999999999956e-01,-1.033127554899112149e-01,-4.518541294108209816e-01,0.000000000000000000e+00,0.000000000000000000e+00,2.000000000000000000e+04
7.800000000000000266e-01,1.199999999999999956e-01,-1.034246636370582673e-01,-4.612062290619980409e-01,0.000000000000000000e+00,0.000000000000000000e+00,2.000000000000000000e+04
8.000000000000000444e-01,1.199999999999999956e-01,-1.035084110780380290e-01,-4.704335880117659907e-01,0.000000000000000000e+00,0.000000000000000000e+00,2.000000000000000000e+04
8.199999999999999512e-01,1.199999999999999956e-01,-1.035695738704683899e-01,-4.795491317750237847e-01,0.000000000000000000e+00,0.000000000000000000e+00,2.000000000000000000e+04
8.399999999999999689e-01,1.199999999999999956e-01,-1.036132356739691007e-01,-4.885665059169432833e-01,0.000000000000000000e+00,0.000000000000000000e+00,2.000000000000000000e+04
8.599999999999999867e-01,1.199999999999999956e-01,-1.036440314756666009e-01,-4.975000030843845233e-01,0.000000000000000000e+00,0.000000000000000000e+00,2.000000000000000000e+04
8.800000000000000044e-01,1.199999999999999956e-01,-1.036662013771042778e-01,-5.063645001428183079e-01,0.000000000000000000e+00,0.000000000000000000e+00,2.000000000000000000e+04
9.000000000000000222e-01,1.199999999999999956e-01,-1.036836509545703833e-01,-5.151754149008955785e-01,0.000000000000000000e+00,0.000000000000000000e+00,2.000000000000000000e+04
9.200000000000000400e-01,1.199999999999999956e-01,-1.037000127116592674e-01,-5.239487024127631454e-01,0.000000000000000000e+00,0.000000000000000000e+00,2.000000000000000000e+04
9.399999999999999467e-01,1.199999999999999956e-01,-1.037187027375704035e-01,-5.327009312490678106e-01,0.000000000000000000e+00,0.000000000000000000e+00,2.000000000000000000e+04
9.599999999999999645e-01,1.199999999999999956e-01,-1.037429727923741135e-01,-5.414495171628678216e-01,0.000000000000000000e+00,0.000000000000000000e+00,2.000000000000000000e+04
9.799999999999999822e-01,1.199999999999999956e-01,-1.037759825819281889e-01,-5.502132530313581515e-01,0.000000000000000000e+00,0.000000000000000000e+00,2.000000000000000000e+04
1.000000000000000000e+00,1.199999999999999956e-01,-1.038209855092955686e-01,-5.590133583990178900e-01,0.000000000000000000e+00,0.000000000000000000e+00,2.000000000000000000e+04
0.000000000000000000e+00,1.400000000000000133e-01,0.000000000000000000e+00,0.000000000000000000e+00,1.000000000000000000e+00,0.000000000000000000e+00,2.000000000000000000e+04
2.000000000000000042e-02,1.400000000000000133e-01,-4.601720804854136579e-03,-9.274969973359291700e-03,0.000000000000000000e+00,0.000000000000000000e+00,2.000000000000000000e+04
4.000000000000000083e-02,1.400000000000000133e-01,-9.255126508150860604e-03,-1.962098076198712585e-02,0.000000000000000000e+00,0.000000000000000000e+00,2.000000000000000000e+04
5.999999999999999778e-02,1.400000000000000133e-01,-1.400636835334270573e-02,-3.085403912306571364e-02,0.000000000000000000e+00,0.000000000000000000e+00,2.000000000000000000e+04
8.000000000000000167e-02,1.400000000000000133e-01,-1.885295639598442291e-02,-4.278075752591882497e-02,0.000000000000000000e+00,0.000000000000000000e+00,2.000000000000000000e+04
1.000000000000000056e-01,1.400000000000000133e-01,-2.375695927002549612e-02,-5.522344275278496389e-02,0.000000000000000000e+00,0.000000000000000000e+00,2.000000000000000000e+04
1.199999999999999956e-01,1.400000000000000133e-01,-2.866221335741424292e-02,-6.803390877273747528e-02,0.000000000000000000e+00,0.000000000000000000e+00,2.000000000000000000e+04
1.400000000000000133e-01,1.400000000000000133e-01,-3.350950057257157111e-02,-8.109741159868595617e-02,0.000000000000000000e+00,0.000000000000000000e+00,2.000000000000000000e+04
1.600000000000000033e-01,1.400000000000000133e-01,-3.824631162698313019e-02,-9.432942284173731484e-02,0.000000000000000000e+00,0.000000000000000000e+00,2.000000000000000000e+04
1.799999999999999933e-01,1.400000000000000133e-01,-4.283089773081655977e-02,-1.076688923033589790e-01,0.000000000000000000e+00,0.000000000000000000e+00,2.000000000000000000e+04
2.000000000000000111e-01,1.400000000000000133e-01,-4.723244237886062985e-02,-1.210711876779438645e-01,0.000000000000000000e+00,0.000000000000000000e+00,2.000000000000000000e+04
2.200000000000000011e-01,1.400000000000000133e-01,-5.142950808849668792e-02,-1.345024247525716254e-01,0.000000000000000000e+00,0.000000000000000000e+00,2.000000000000000000e+04
2.399999999999999911e-01,1.400000000000000133e-01,-5.540811644066867547e-02,-1.479355185632791891e-01,0.000000000000000000e+00,0.000000000000000000e+00,2.000000000000000000e+04
2.600000000000000089e-01,1.400000000000000133e-01,-5.916002370375587210e-02,-1.613476355936158402e-01,0.000000000000000000e+00,0.000000000000000000e+00,2.000000000000000000e+04
2.800000000000000266e-01,1.400000000000000133e-01,-6.268134182745599414e-02,-1.747186261228229343e-01,0.000000000000000000e+00,0.000000000000000000e+00,2.000000000000000000e+04
2.999999999999999889e-01,1.400000000000000133e-01,-6.597149167377119872e-02,-1.880300986508315619e-01,0.000000000000000000e+00,0.000000000000000000e+00,2.000000000000000000e+04
3.200000000000000067e-01,1.400000000000000133e-01,-6.903242680758829575e-02,-2.012649024196466463e-01,0.000000000000000000e+00,0.000000000000000000e+00,2.000000000000000000e+04
3.400000000000000244e-01,1.400000000000000133e-01,-7.186806199159459507e-02,-2.144068654308889099e-01,0.000000000000000000e+00,0.000000000000000000e+00,2.000000000000000000e+04
3.599999999999999867e-01,1.400000000000000133e-01,-7.448385058718023921e-02,-2.274406906906065451e-01,0.000000000000000000e+00,0.000000000000000000e+00,2.000000000000000000e+04
3.800000000000000044e-01,1.400000000000000133e-01,-7.688646768916941598e-02,-2.403519489531744380e-01,0.000000000000000000e+00,0.000000000000000000e+00,2.000000000000000000e+04
4.000000000000000222e-01,1.400000000000000133e-01,-7.908356707356237192e-02,-2.531271285231136980e-01,0.000000000000000000e+00,0.000000000000000000e+00,2.000000000000000000e+04
4.199999999999999845e-01,1.400000000000000133e-01,-8.108358897774750607e-02,-2.657537165469857632e-01,0.000000000000000000e+00,0.000000000000000000e+00,2.000000000000000000e+04
4.400000000000000022e-01,1.400000000000000133e-01,-8.289560248430188905e-02,-2.782202948936976505e-01,0.000000000000000000e+00,0.000000000000000000e+00,2.000000000000000000e+04
4.600000000000000200e-01,1.400000000000000133e-01,-8.452917125627998352e-02,-2.905166392063877057e-01,0.000000000000000000e+00,0.000000000000000000e+00,2.000000000000000000e+04
4.799999999999999822e-01,1.400000000000000133e-01,-8.599423499928846026e-02,-3.026338132642257817e-01,0.000000000000000000e+00,0.000000000000000000e+00,2.000000000000000000e+04
5.000000000000000000e-01,1.400000000000000133e-01,-8.730100165598414508e-02,-3.145642531827971822e-01,0.000000000000000000e+00,0.000000000000000000e+00,2.000000000000000000e+04
5.200000000000000178e-01,1.400000000000000133e-01,-8.845984723908058289e-02,-3.263018376710149493e-01,0.000000000000000000e+00,0.000000000000000000e+00,2.000000000000000000e+04
5.400000000000000355e-01,1.400000000000000133e-01,-8.948122157366630858e-02,-3.378419418292081811e-01,0.000000000000000000e+00,0.000000000000000000e+00,2.000000000000000000e+04
5.600000000000000533e-01,1.400000000000000133e-01,-9.037555918704133495e-02,-3.491814729811185680e-01,0.000000000000000000e+00,0.000000000000000000e+00,2.000000000000000000e+04
5.799999999999999600e-01,1.400000000000000133e-01,-9.115319525300573378e-02,-3.603188878747742296e-01,0.000000000000000000e+00,0.000000000000000000e+00,2.000000000000000000e+04
5.999999999999999778e-01,1.400000000000000133e-01,-9.182428693915625773e-02,-3.712541913119185577e-01,0.000000000000000000e+00,0.000000000000000000e+00,2.000000000000000000e+04
6.199999999999999956e-01,1.400000000000000133e-01,-9.239874077427645549e-02,-3.819889168934909596e-01,0.000000000000000000e+00,0.000000000000000000e+00,2.000000000000000000e+04
6.400000000000000133e-01,1.400000000000000133e-01,-9.288614679142137565e-02,-3.925260911037737888e-01,0.000000000000000000e+00,0.000000000000000000e+00,2.000000000000000000e+04
6.600000000000000311e-01,1.400000000000000133e-01,-9.329572024717804057e-02,-4.028701823934847659e-01,0.000000000000000000e+00,0.000000000000000000e+00,2.000000000000000000e+04
6.800000000000000488e-01,1.400000000000000133e-01,-9.363625170072376047e-02,-4.130270372542495516e-01,0.000000000000000000e+00,0.000000000000000000e+00,2.000000000000000000e+04
6.999999999999999556e-01,1.400000000000000133e-01,-9.391606618565750964e-02,-4.230038054964742611e-01,0.000000000000000000e+00,0.000000000000000000e+00,2.000000000000000000e+04
7.199999999999999734e-01,1.400000000000000133e-01,-9.414299214621849043e-02,-4.328088570469789675e-01,0.000000000000000000e+00,0.000000000000000000e+00,2.000000000000000000e+04
7.399999999999999911e-01,1.400000000000000133e-01,-9.432434075357247483e-02,-4.424516925770528020e-01,0.000000000000000000e+00,0.000000000000000000e+00,2.000000000000000000e+04
7.600000000000000089e-01,1.400000000000000133e-01,-9.446689617350977064e-02,-4.519428501731969638e-01,0.000000000000000000e+00,0.000000000000000000e+00,2.000000000000000000e+04
7.800000000000000266e-01,1.400000000000000133e-01,-9.457691731676252933e-02,-4.612938101085964915e-01,0.000000000000000000e+00,0.000000000000000000e+00,2.000000000000000000e+04
8.000000000000000444e-01,1.400000000000000133e-01,-9.466015154299020629e-02,-4.705168996325201358e-01,0.000000000000000000e+00,0.000000000000000000e+00,2.000000000000000000e+04
8.199999999999999512e-01,1.400000000000000133e-01,-9.472186066744983646e-02,-4.796251996926783057e-01,0.000000000000000000e+00,0.000000000000000000e+00,2.000000000000000000e+04
8.399999999999999689e-01,1.400000000000000133e-01,-9.476685938277500110e-02,-4.886324558638091564e-01,0.000000000000000000e+00,0.000000000000000000e+00,2.000000000000000000e+04
8.599999999999999867e-01,1.400000000000000133e-01,-9.479956581917231562e-02,-4.975529968592942720e-01,0.000000000000000000e+00,0.000000000000000000e+00,2.000000000000000000e+04
8.800000000000000044e-01,1.400000000000000133e-01,-9.482406346858261725e-02,-5.064016665009062335e-01,0.000000000000000000e+00,0.000000000000000000e+00,2.000000000000000000e+04
9.000000000000000222e-01,1.400000000000000133e-01,-9.484417337056431918e-02,-5.151937799643091509e-01,0.000000000000000000e+00,0.000000000000000000e+00,2.000000000000000000e+04
9.200000000000000400e-01,1.400000000000000133e-01,-9.486353613148890140e-02,-5.239451240824940514e-01,0.000000000000000000e+00,0.000000000000000000e+00,2.000000000000000000e+04
9.399999999999999467e-01,1.400000000000000133e-01,-9.488570702098689247e-02,-5.326720365245153355e-01,0.000000000000000000e+00,0.000000000000000000e+00,2.000000000000000000e+04
9.599999999999999645e-01,1.400000000000000133e-01,-9.491427828383203202e-02,-5.413916214551176553e-01,0.000000000000000000e+00,0.000000000000000000e+00,2.000000000000000000e+04
9.799999999999999822e-01,1.400000000000000133e-01,-9.495306884978994832e-02,-5.501221877051627462e-01,0.000000000000000000e+00,0.000000000000000000e+00,2.000000000000000000e+04
1.000000000000000000e+00,1.400000000000000133e-01,-9.500647508798006069e-02,-5.588840123149576566e-01,0.000000000000000000e+00,0.000000000000000000e+00,2.000000000000000000e+04
0.000000000000000000e+00,1.600000000000000033e-01,0.000000000000000000e+00,0.000000000000000000e+00,1.000000000000000000e+00,0.000000000000000000e+00,2.000000000000000000e+04
2.000000000000000042e-02,1.600000000000000033e-01,-4.142889872227929066e-03,-9.262098911229199594e-03,0.000000000000000000e+00,0.000000000000000000e+00,2.000000000000000000e+04
4.000000000000000083e-02,1.600000000000000033e-01,-8.297202073080926776e-03,-1.947651415226304972e-02,0.000000000000000000e+00,0.000000000000000000e+00,2.000000000000000000e+04
5.999999999999999778e-02,1.600000000000000033e-01,-1.250718709273584278e-02,-3.051169349349552168e-02,0.000000000000000000e+00,0.000000000000000000e+00,2.000000000000000000e+04
8.000000000000000167e-02,1.600000000000000033e-01,-1.678330410441779275e-02,-4.222139677195582697e-02,0.000000000000000000e+00,0.000000000000000000e+00,2.000000000000000000e+04
1.000000000000000056e-01,1.600000000000000033e-01,-2.110835311155619468e-02,-5.446289047331048100e-02,0.000000000000000000e+00,0.000000000000000000e+00,2.000000000000000000e+04
1.199999999999999956e-01,1.600000000000000033e-01,-2.544728780381053448e-02,-6.710868844371470354e-02,0.000000000000000000e+00,0.000000000000000000e+00,2.000000000000000000e+04
1.400000000000000133e-01,1.600000000000000033e-01,-2.975726143833003212e-02,-8.005216202597062458e-02,0.000000000000000000e+00,0.000000000000000000e+00,2.000000000000000000e+04
1.600000000000000033e-01,1.600000000000000033e-01,-3.399554142082285985e-02,-9.320815076850154368e-02,0.000000000000000000e+00,0.000000000000000000e+00,2.000000000000000000e+04
1.799999999999999933e-01,1.600000000000000033e-01,-3.812432919653231667e-02,-1.065103459839600863e-01,0.000000000000000000e+00,0.000000000000000000e+00,2.000000000000000000e+04
2.000000000000000111e-01,1.600000000000000033e-01,-4.211278608030693399e-02,-1.199073015718727236e-01,0.000000000000000000e+00,0.000000000000000000e+00,2.000000000000000000e+04
2.200000000000000011e-01,1.600000000000000033e-01,-4.593721484927136556e-02,-1.333584601390664925e-01,0.000000000000000000e+00,0.000000000000000000e+00,2.000000000000000000e+04
2.399999999999999911e-01,1.600000000000000033e-01,-4.958033844774757670e-02,-1.468308928286998494e-01,0.000000000000000000e+00,0.000000000000000000e+00,2.000000000000000000e+04
2.600000000000000089e-01,1.600000000000000033e-01,-5.303029146749411310e-02,-1.602969056954231253e-01,0.000000000000000000e+00,0.000000000000000000e+00,2.000000000000000000e+04
2.800000000000000266e-01,1.600000000000000033e-01,-5.627962911702791976e-02,-1.737323984481901618e-01,0.000000000000000000e+00,0.000000000000000000e+00,2.000000000000000000e+04
2.999999999999999889e-01,1.600000000000000033e-01,-5.932447007038886555e-02,-1.871157930718835016e-01,0.000000000000000000e+00,0.000000000000000000e+00,2.000000000000000000e+04
3.200000000000000067e-01,1.600000000000000033e-01,-6.216379739367437762e-02,-2.004273662271515433e-01,0.000000000000000000e+00,0.000000000000000000e+00,2.000000000000000000e+04
3.400000000000000244e-01,1.600000000000000033e-01,-6.479890359623496909e-02,-2.136488576435080500e-01,0.000000000000000000e+00,0.000000000000000000e+00,2.000000000000000000e+04
3.599999999999999867e-01,1.600000000000000033e-01,-6.723295387500714815e-02,-2.267632629695809643e-01,0.000000000000000000e+00,0.000000000000000000e+00,2.000000000000000000e+04
3.800000000000000044e-01,1.600000000000000033e-01,-6.947064097765739965e-02,-2.397547475318118626e-01,0.000000000000000000e+00,0.000000000000000000e+00,2.000000000000000000e+04
4.000000000000000222e-01,1.600000000000000033e-01,-7.151790867523184769e-02,-2.526086373477342550e-01,0.000000000000000000e+00,0.000000000000000000e+00,2.000000000000000000e+04
4.199999999999999845e-01,1.600000000000000033e-01,-7.338172543911583579e-02,-2.653114573595292125e-01,0.000000000000000000e+00,0.000000000000000000e+00,2.000000000000000000e+04
4.400000000000000022e-01,1.600000000000000033e-01,-7.506989428376645290e-02,-2.778509960410291413e-01,0.000000000000000000e+00,0.000000000000000000e+00,2.000000000000000000e+04
4.600000000000000200e-01,1.600000000000000033e-01,-7.659088844411682251e-02,-2.902163817314736827e-01,0.000000000000000000e+00,0.000000000000000000e+00,2.000000000000000000e+04
4.799999999999999822e-01,1.600000000000000033e-01,-7.795370554272018637e-02,-3.023981602884991404e-01,0.000000000000000000e+00,0.000000000000000000e+00,2.000000000000000000e+04
5.000000000000000000e-01,1.600000000000000033e-01,-7.916773523763623310e-02,-3.143883666254534970e-01,0.000000000000000000e+00,0.000000000000000000e+00,2.000000000000000000e+04
5.200000000000000178e-01,1.600000000000000033e-01,-8.024263713358573136e-02,-3.261805848603436253e-01,0.000000000000000000e+00,0.000000000000000000e+00,2.000000000000000000e+04
5.400000000000000355e-01,1.600000000000000033e-01,-8.118822708786622988e-02,-3.377699934483060495e-01,0.000000000000000000e+00,0.000000000000000000e+00,2.000000000000000000e+04
5.600000000000000533e-01,1.600000000000000033e-01,-8.201437103474813750e-02,-3.491533929790499036e-01,0.000000000000000000e+00,0.000000000000000000e+00,2.000000000000000000e+04
5.799999999999999600e-01,1.600000000000000033e-01,-8.273088615653066691e-02,-3.603292154044508422e-01,0.000000000000000000e+00,0.000000000000000000e+00,2.000000000000000000e+04
5.999999999999999778e-01,1.600000000000000033e-01,-8.334744970149873811e-02,-3.712975143798571964e-01,0.000000000000000000e+00,0.000000000000000000e+00,2.000000000000000000e+04
6.199999999999999956e-01,1.600000000000000033e-01,-8.387351603459500260e-02,-3.820599371844075609e-01,0.000000000000000000e+00,0.000000000000000000e+00,2.000000000000000000e+04
6.400000000000000133e-01,1.600000000000000033e-01,-8.431824264573212213e-02,-3.926196793398419871e-01,0.000000000000000000e+00,0.000000000000000000e+00,2.000000000000000000e+04
6.600000000000000311e-01,1.600000000000000033e-01,-8.469042586984273924e-02,-4.029814235722647964e-01,0.000000000000000000e+00,0.000000000000000000e+00,2.000000000000000000e+04
6.800000000000000488e-01,1.600000000000000033e-01,-8.499844702602808721e-02,-4.131512651517735280e-01,0.000000000000000000e+00,0.000000000000000000e+00,2.000000000000000000e+04
6.999999999999999556e-01,1.600000000000000033e-01,-8.525022959173740589e-02,-4.231366258974056938e-01,0.000000000000000000e+00,0.000000000000000000e+00,2.000000000000000000e+04
7.199999999999999734e-01,1.600000000000000033e-01,-8.545320791878810440e-02,-4.329461592525236102e-01,0.000000000000000000e+00,0.000000000000000000e+00,2.000000000000000000e+04
7.399999999999999911e-01,1.600000000000000033e-01,-8.561430789201135427e-02,-4.425896488321586775e-01,0.000000000000000000e+00,0.000000000000000000e+00,2.000000000000000000e+04
7.600000000000000089e-01,1.600000000000000033e-01,-8.573993984080209574e-02,-4.520779027475006484e-01,0.000000000000000000e+00,0.000000000000000000e+00,2.000000000000000000e+04
7.800000000000000266e-01,1.600000000000000033e-01,-8.583600394164420111e-02,-4.614226458735199987e-01,0.000000000000000000e+00,0.000000000000000000e+00,2.000000000000000000e+04
8.000000000000000444e-01,1.600000000000000033e-01,-8.590790828963747183e-02,-4.706364121247493260e-01,0.000000000000000000e+00,0.000000000000000000e+00,2.000000000000000000e+04
8.199999999999999512e-01,1.600000000000000033e-01,-8.596059975973101286e-02,-4.797324388703462783e-01,0.000000000000000000e+00,0.000000000000000000e+00,2.000000000000000000e+04
8.399999999999999689e-01,1.600000000000000033e-01,-8.599860772621192861e-02,-4.887245660539132341e-01,0.000000000000000000e+00,0.000000000000000000e+00,2.000000000000000000e+04
8.599999999999999867e-01,1.600000000000000033e-01,-8.602610071023575333e-02,-4.976271436934803227e-01,0.000000000000000000e+00,0.000000000000000000e+00,2.000000000000000000e+04
8.800000000000000044e-01,1.600000000000000033e-01,-8.604695624207336913e-02,-5.064549536725663215e-01,0.000000000000000000e+00,0.000000000000000000e+00,2.000000000000000000e+04
9.000000000000000222e-01,1.600000000000000033e-01,-8.606484506064827900e-02,-5.152231556999812279e-01,0.000000000000000000e+00,0.000000000000000000e+00,2.000000000000000000e+04
9.200000000000000400e-01,1.600000000000000033e-01,-8.608333309090952790e-02,-5.239472736885285586e-01,0.000000000000000000e+00,0.000000000000000000e+00,2.000000000000000000e+04
9.399999999999999467e-01,1.600000000000000033e-01,-8.610601009585305832e-02,-5.326432479325542424e-01,0.000000000000000000e+00,0.000000000000000000e+00,2.000000000000000000e+04
9.599999999999999645e-01,1.600000000000000033e-01,-8.613666533298967865e-02,-5.413275891789077754e-01,0.000000000000000000e+00,0.000000000000000000e+00,2.000000000000000000e+04
9.799999999999999822e-01,1.600000000000000033e-01,-8.617955202703921069e-02,-5.500176771172753387e-01,0.000000000000000000e+00,0.000000000000000000e+00,2.000000000000000000e+04
1.000000000000000000e+00,1.600000000000000033e-01,-8.623981753376422366e-02,-5.587322299357554423e-01,0.000000000000000000e+00,0.000000000000000000e+00,2.000000000000000000e+04
0.000000000000000000e+00,1.799999999999999933e-01,0.000000000000000000e+00,0.000000000000000000e+00,1.000000000000000000e+00,0.000000000000000000e+00,2.000000000000000000e+04
2.000000000000000042e-02,1.799999999999999933e-01,-3.745243012919240427e-03,-9.293195727716125829e-03,0.000000000000000000e+00,0.000000000000000000e+00,2.000000000000000000e+04
4.000000000000000083e-02,1.799999999999999933e-01,-7.473423022427053142e-03,-1.943955225207586943e-02,0.000000000000000000e+00,0.000000000000000000e+00,2.000000000000000000e+04
5.999999999999999778e-02,1.799999999999999933e-01,-1.122487707766354169e-02,-3.034312694072409736e-02,0.000000000000000000e+00,0.000000000000000000e+00,2.000000000000000000e+04
8.000000000000000167e-02,1.799999999999999933e-01,-1.501605035006362693e-02,-4.189204266492720097e-02,0.000000000000000000e+00,0.000000000000000000e+00,2.000000000000000000e+04
1.000000000000000056e-01,1.799999999999999933e-01,-1.884211943843016115e-02,-5.397162307362658729e-02,0.000000000000000000e+00,0.000000000000000000e+00,2.000000000000000000e+04
1.199999999999999956e-01,1.799999999999999933e-01,-2.268256691893402038e-02,-6.647383466294308485e-02,0.000000000000000000e+00,0.000000000000000000e+00,2.000000000000000000e+04
1.400000000000000133e-01,1.799999999999999933e-01,-2.650769312400357014e-02,-7.930290352142309318e-02,0.000000000000000000e+00,0.000000000000000000e+00,2.000000000000000000e+04
1.600000000000000033e-01,1.799999999999999933e-01,-3.028449956804434365e-02,-9.237752707738920710e-02,0.000000000000000000e+00,0.000000000000000000e+00,2.000000000000000000e+04
1.799999999999999933e-01,1.799999999999999933e-01,-3.398103776738491122e-02,-1.056305402896562384e-01,0.000000000000000000e+00,0.000000000000000000e+00,2.000000000000000000e+04
2.000000000000000111e-01,1.799999999999999933e-01,-3.756901093105399075e-02,-1.190070749370401859e-01,0.000000000000000000e+00,0.000000000000000000e+00,2.000000000000000000e+04
2.200000000000000011e-01,1.799999999999999933e-01,-4.102491856139534737e-02,-1.324621470929340794e-01,0.000000000000000000e+00,0.000000000000000000e+00,2.000000000000000000e+04
2.399999999999999911e-01,1.799999999999999933e-01,-4.433023541394788547e-02,-1.459583152062890465e-01,0.000000000000000000e+00,0.000000000000000000e+00,2.000000000000000000e+04
2.600000000000000089e-01,1.799999999999999933e-01,-4.747107433164644841e-02,-1.594637268472324787e-01,0.000000000000000000e+00,0.000000000000000000e+00,2.000000000000000000e+04
2.800000000000000266e-01,1.799999999999999933e-01,-5.043763937568071509e-02,-1.729506347198773164e-01,0.000000000000000000e+00,0.000000000000000000e+00,2.000000000000000000e+04
2.999999999999999889e-01,1.799999999999999933e-01,-5.322364025677108618e-02,-1.863943394940301423e-01,0.000000000000000000e+00,0.000000000000000000e+00,2.000000000000000000e+04
3.200000000000000067e-01,1.799999999999999933e-01,-5.582574804468629776e-02,-1.997724752860129127e-01,0.000000000000000000e+00,0.000000000000000000e+00,2.000000000000000000e+04
3.400000000000000244e-01,1.799999999999999933e-01,-5.824312074510965692e-02,-2.130645524020056414e-01,0.000000000000000000e+00,0.000000000000000000e+00,2.000000000000000000e+04
3.599999999999999867e-01,1.799999999999999933e-01,-6.047700174909491355e-02,-2.262516854741843664e-01,0.000000000000000000e+00,0.000000000000000000e+00,2.000000000000000000e+04
3.800000000000000044e-01,1.799999999999999933e-01,-6.253038314787097429e-02,-2.393164511941929251e-01,0.000000000000000000e+00,0.000000000000000000e+00,2.000000000000000000e+04
4.000000000000000222e-01,1.799999999999999933e-01,-6.440772240734994603e-02,-2.522428339392841501e-01,0.000000000000000000e+00,0.000000000000000000e+00,2.000000000000000000e+04
4.199999999999999845e-01,1.799999999999999933e-01,-6.611470095395215185e-02,-2.650162286150703483e-01,0.000000000000000000e+00,0.000000000000000000e+00,2.000000000000000000e+04
4.400000000000000022e-01,1.799999999999999933e-01,-6.765801476274586890e-02,-2.776234782397268286e-01,0.000000000000000000e+00,0.000000000000000000e+00,2.000000000000000000e+04
4.600000000000000200e-01,1.799999999999999933e-01,-6.904518903401971053e-02,-2.900529297678119955e-01,0.000000000000000000e+00,0.000000000000000000e+00,2.000000000000000000e+04
4.799999999999999822e-01,1.799999999999999933e-01,-7.028441101947897895e-02,-3.022944959983218660e-01,0.000000000000000000e+00,0.000000000000000000e+00,2.000000000000000000e+04
5.000000000000000000e-01,1.799999999999999933e-01,-7.138437681531917267e-02,-3.143397146197516867e-01,0.000000000000000000e+00,0.000000000000000000e+00,2.000000000000000000e+04
5.200000000000000178e-01,1.799999999999999933e-01,-7.235414941010274992e-02,-3.261817978765407244e-01,0.000000000000000000e+00,0.000000000000000000e+00,2.000000000000000000e+04
5.400000000000000355e-01,1.799999999999999933e-01,-7.320302645384151041e-02,-3.378156682488945850e-01,0.000000000000000000e+00,0.000000000000000000e+00,2.000000000000000000e+04
5.600000000000000533e-01,1.799999999999999933e-01,-7.394041711863050259e-02,-3.492379770891652635e-01,0.000000000000000000e+00,0.000000000000000000e+00,2.000000000000000000e+04
5.799999999999999600e-01,1.799999999999999933e-01,-7.457572807706537577e-02,-3.604471044570707328e-01,0.000000000000000000e+00,0.000000000000000000e+00,2.000000000000000000e+04
5.999999999999999778e-01,1.799999999999999933e-01,-7.511825906197033831e-02,-3.714431395022043114e-01,0.000000000000000000e+00,0.000000000000000000e+00,2.000000000000000000e+04
6.199999999999999956e-01,1.799999999999999933e-01,-7.557710872059082707e-02,-3.822278416832305958e-01,0.000000000000000000e+00,0.000000000000000000e+00,2.000000000000000000e+04
6.400000000000000133e-01,1.799999999999999933e-01,-7.596109157090830122e-02,-3.928045838966308101e-01,0.000000000000000000e+00,0.000000000000000000e+00,2.000000000000000000e+04
6.600000000000000311e-01,1.799999999999999933e-01,-7.627866684141969278e-02,-4.031782792108841162e-01,0.000000000000000000e+00,0.000000000000000000e+00,2.000000000000000000e+04
6.800000000000000488e-01,1.799999999999999933e-01,-7.653787986403265409e-02,-4.133552933587417155e-01,0.000000000000000000e+00,0.000000000000000000e+00,2.000000000000000000e+04
6.999999999999999556e-01,1.799999999999999933e-01,-7.674631652775987245e-02,-4.233433454288025310e-01,0.000000000000000000e+00,0.000000000000000000e+00,2.000000000000000000e+04
7.199999999999999734e-01,1.799999999999999933e-01,-7.691107112114284328e-02,-4.331513993248028438e-01,0.000000000000000000e+00,0.000000000000000000e+00,2.000000000000000000e+04
7.399999999999999911e-01,1.799999999999999933e-01,-7.703872772140672731e-02,-4.427895485467138181e-01,0.000000000000000000e+00,0.000000000000000000e+00,2.000000000000000000e+04
7.600000000000000089e-01,1.799999999999999933e-01,-7.713535514930593140e-02,-4.522688967281403571e-01,0.000000000000000000e+00,0.000000000000000000e+00,2.000000000000000000e+04
7.800000000000000266e-01,1.799999999999999933e-01,-7.720651541501226400e-02,-4.616014361962488266e-01,0.000000000000000000e+00,0.000000000000000000e+00,2.000000000000000000e+04
8.000000000000000444e-01,1.799999999999999933e-01,-7.725728554339489351e-02,-4.707999266860461440e-01,0.000000000000000000e+00,0.000000000000000000e+00,2.000000000000000000e+04
8.199999999999999512e-01,1.799999999999999933e-01,-7.729229270283984043e-02,-4.798777763567687593e-01,0.000000000000000000e+00,0.000000000000000000e+00,2.000000000000000000e+04
8.399999999999999689e-01,1.799999999999999933e-01,-7.731576270879858548e-02,-4.888489275843501680e-01,0.000000000000000000e+00,0.000000000000000000e+00,2.000000000000000000e+04
8.599999999999999867e-01,1.799999999999999933e-01,-7.733158232393504139e-02,-4.977277508510412063e-01,0.000000000000000000e+00,0.000000000000000000e+00,2.000000000000000000e+04
8.800000000000000044e-01,1.799999999999999933e-01,-7.734337653108178112e-02,-5.065289516740578701e-01,0.000000000000000000e+00,0.000000000000000000e+00,2.000000000000000000e+04
9.000000000000000222e-01,1.799999999999999933e-01,-7.735460350503851890e-02,-5.152674981487203043e-01,0.000000000000000000e+00,0.000000000000000000e+00,2.000000000000000000e+04
9.200000000000000400e-01,1.799999999999999933e-01,-7.736867305321347421e-02,-5.239585803770886452e-01,0.000000000000000000e+00,0.000000000000000000e+00,2.000000000000000000e+04
9.399999999999999467e-01,1.799999999999999933e-01,-7.738909995336519521e-02,-5.326176172193353153e-01,0.000000000000000000e+00,0.000000000000000000e+00,2.000000000000000000e+04
9.599999999999999645e-01,1.799999999999999933e-01,-7.741971341271788876e-02,-5.412603281874261985e-01,0.000000000000000000e+00,0.000000000000000000e+00,2.000000000000000000e+04
9.799999999999999822e-01,1.799999999999999933e-01,-7.746495918162596417e-02,-5.499028829062297952e-01,0.000000000000000000e+00,0.000000000000000000e+00,2.000000000000000000e+04
1.000000000000000000e+00,1.799999999999999933e-01,-7.753035080101358667e-02,-5.585621141790263477e-01,0.000000000000000000e+00,0.000000000000000000e+00,2.000000000000000000e+04
0.000000000000000000e+00,2.000000000000000111e-01,0.000000000000000000e+00,0.000000000000000000e+00,1.000000000000000000e+00,0.000000000000000000e+00,2.000000000000000000e+04
2.000000000000000042e-02,2.000000000000000111e-01,-3.395408425054001478e-03,-9.354820400476677664e-03,0.000000000000000000e+00,0.000000000000000000e+00,2.000000000000000000e+04
4.000000000000000083e-02,2.000000000000000111e-01,-6.753228658989466303e-03,-1.947960670074673148e-02,0.000000000000000000e+00,0.000000000000000000e+00,2.000000000000000000e+04
5.999999999999999778e-02,2.000000000000000111e-01,-1.010939459733785697e-02,-3.030320502825573081e-02,0.000000000000000000e+00,0.000000000000000000e+00,2.000000000000000000e+04
8.000000000000000167e-02,2.000000000000000111e-01,-1.348262101286396009e-02,-4.173904956918771808e-02,0.000000000000000000e+00,0.000000000000000000e+00,2.000000000000000000e+04
1.000000000000000056e-01,2.000000000000000111e-01,-1.687529126130574847e-02,-5.369464971371463308e-02,0.000000000000000000e+00,0.000000000000000000e+00,2.000000000000000000e+04
1.199999999999999956e-01,2.000000000000000111e-01,-2.027659040472653065e-02,-6.607899070090059168e-02,0.000000000000000000e+00,0.000000000000000000e+00,2.000000000000000000e+04
1.400000000000000133e-01,2.000000000000000111e-01,-2.366669051377427030e-02,-7.880755001514914981e-02,0.000000000000000000e+00,0.000000000000000000e+00,2.000000000000000000e+04
1.600000000000000033e-01,2.000000000000000111e-01,-2.702096663410986921e-02,-9.180502106249407990e-02,0.000000000000000000e+00,0.000000000000000000e+00,2.000000000000000000e+04
1.799999999999999933e-01,2.000000000000000111e-01,-3.031353715345347366e-02,-1.050061434114112902e-01,0.000000000000000000e+00,0.000000000000000000e+00,2.000000000000000000e+04
2.000000000000000111e-01,2.000000000000000111e-01,-3.351979806043307863e-02,-1.183552095096939982e-01,0.000000000000000000e+00,0.000000000000000000e+00,2.000000000000000000e+04
2.200000000000000011e-01,2.000000000000000111e-01,-3.661794802311026109e-02,-1.318048362765286974e-01,0.000000000000000000e+00,0.000000000000000000e+00,2.000000000000000000e+04
2.399999999999999911e-01,2.000000000000000111e-01,-3.958970300508153628e-02,-1.453144843793195418e-01,0.000000000000000000e+00,0.000000000000000000e+00,2.000000000000000000e+04
2.600000000000000089e-01,2.000000000000000111e-01,-4.242046281939714641e-02,-1.588490423141858676e-01,0.000000000000000000e+00,0.000000000000000000e+00,2.000000000000000000e+04
2.800000000000000266e-01,2.000000000000000111e-01,-4.509916089771487391e-02,-1.723776337599918773e-01,0.000000000000000000e+00,0.000000000000000000e+00,2.000000000000000000e+04
2.999999999999999889e-01,2.000000000000000111e-01,-4.761796111150167626e-02,-1.858726940598047495e-01,0.000000000000000000e+00,0.000000000000000000e+00,2.000000000000000000e+04
3.200000000000000067e-01,2.000000000000000111e-01,-4.997190135526548976e-02,-1.993092998275397543e-01,0.000000000000000000e+00,0.000000000000000000e+00,2.000000000000000000e+04
3.400000000000000244e-01,2.000000000000000111e-01,-5.215853718038801490e-02,-2.126647104241412845e-01,0.000000000000000000e+00,0.000000000000000000e+00,2.000000000000000000e+04
3.599999999999999867e-01,2.000000000000000111e-01,-5.417760978337469308e-02,-2.259180751175878799e-01,0.000000000000000000e+00,0.000000000000000000e+00,2.000000000000000000e+04
3.800000000000000044e-01,2.000000000000000111e-01,-5.603074635003366111e-02,-2.390502638579227457e-01,0.000000000000000000e+00,0.000000000000000000e+00,2.000000000000000000e+04
4.000000000000000222e-01,2.000000000000000111e-01,-5.772119248954432624e-02,-2.520437866097090529e-01,0.000000000000000000e+00,0.000000000000000000e+00,2.000000000000000000e+04
4.199999999999999845e-01,2.000000000000000111e-01,-5.925357290883639938e-02,-2.648827732723202932e-01,0.000000000000000000e+00,0.000000000000000000e+00,2.000000000000000000e+04
4.400000000000000022e-01,2.000000000000000111e-01,-6.063367545103153650e-02,-2.775529923468107452e-01,0.000000000000000000e+00,0.000000000000000000e+00,2.000000000000000000e+04
4.600000000000000200e-01,2.000000000000000111e-01,-6.186825389193818803e-02,-2.900418914693499439e-01,0.000000000000000000e+00,0.000000000000000000e+00,2.000000000000000000e+04
4.799999999999999822e-01,2.000000000000000111e-01,-6.296484574197590278e-02,-3.023386468480876443e-01,0.000000000000000000e+00,0.000000000000000000e+00,2.000000000000000000e+04
5.000000000000000000e-01,2.000000000000000111e-01,-6.393160234638352313e-02,-3.144342117303760564e-01,0.000000000000000000e+00,0.000000000000000000e+00,2.000000000000000000e+04
5.200000000000000178e-01,2.000000000000000111e-01,-6.477712960624316951e-02,-3.263213565029431384e-01,0.000000000000000000e+00,0.000000000000000000e+00,2.000000000000000000e+04
5.400000000000000355e-01,2.000000000000000111e-01,-6.551033855012082519e-02,-3.379946950606246836e-01,0.000000000000000000e+00,0.000000000000000000e+00,2.000000000000000000e+04
5.600000000000000533e-01,2.000000000000000111e-01,-6.614030571992136898e-02,-3.494506937933201107e-01,0.000000000000000000e+00,0.000000000000000000e+00,2.000000000000000000e+04
5.799999999999999600e-01,2.000000000000000111e-01,-6.667614387503055517e-02,-3.606876610155634322e-01,0.000000000000000000e+00,0.000000000000000000e+00,2.000000000000000000e+04
5.999999999999999778e-01,2.000000000000000111e-01,-6.712688386505583082e-02,-3.717057159421317536e-01,0.000000000000000000e+00,0.000000000000000000e+00,2.000000000000000000e+04
6.199999999999999956e-01,2.000000000000000111e-01,-6.750136868580070004e-02,-3.825067374129362818e-01,0.000000000000000000e+00,0.000000000000000000e+00,2.000000000000000000e+04
6.400000000000000133e-01,2.000000000000000111e-01,-6.780816073822332202e-02,-3.930942934897377339e-01,0.000000000000000000e+00,0.000000000000000000e+00,2.000000000000000000e+04
6.600000000000000311e-01,2.000000000000000111e-01,-6.805546318718130872e-02,-4.034735537757712653e-01,0.000000000000000000e+00,0.000000000000000000e+00,2.000000000000000000e+04
6.800000000000000488e-01,2.000000000000000111e-01,-6.825105610296039460e-02,-4.136511868365661537e-01,0.000000000000000000e+00,0.000000000000000000e+00,2.000000000000000000e+04
6.999999999999999556e-01,2.000000000000000111e-01,-6.840224780409935590e-02,-4.236352454224196484e-01,0.000000000000000000e+00,0.000000000000000000e+00,2.000000000000000000e+04
7.199999999999999734e-01,2.000000000000000111e-01,-6.851584154449577579e-02,-4.334350423187014467e-01,0.000000000000000000e+00,0.000000000000000000e+00,2.000000000000000000e+04
7.399999999999999911e-01,2.000000000000000111e-01,-6.859811743716474897e-02,-4.430610196036647297e-01,0.000000000000000000e+00,0.000000000000000000e+00,2.000000000000000000e+04
7.600000000000000089e-01,2.000000000000000111e-01,-6.865482931170244218e-02,-4.525246139163462411e-01,0.000000000000000000e+00,0.000000000000000000e+00,2.000000000000000000e+04
7.800000000000000266e-01,2.000000000000000111e-01,-6.869121608777040144e-02,-4.618381200893963423e-01,0.000000000000000000e+00,0.000000000000000000e+00,2.000000000000000000e+04
8.000000000000000444e-01,2.000000000000000111e-01,-6.871202723676536617e-02,-4.710145552620988441e-01,0.000000000000000000e+00,0.000000000000000000e+00,2.000000000000000000e+04
8.199999999999999512e-01,2.000000000000000111e-01,-6.872156202976394124e-02,-4.800675254555886173e-01,0.000000000000000000e+00,0.000000000000000000e+00,2.000000000000000000e+04
8.399999999999999689e-01,2.000000000000000111e-01,-6.872372258617120977e-02,-4.890110966807534321e-01,0.000000000000000000e+00,0.000000000000000000e+00,2.000000000000000000e+04
8.599999999999999867e-01,2.000000000000000111e-01,-6.872208134583659978e-02,-4.978596730819034311e-01,0.000000000000000000e+00,0.000000000000000000e+00,2.000000000000000000e+04
8.800000000000000044e-01,2.000000000000000111e-01,-6.871996467156672728e-02,-5.066278854936052678e-01,0.000000000000000000e+00,0.000000000000000000e+00,2.000000000000000000e+04
9.000000000000000222e-01,2.000000000000000111e-01,-6.872055615834134212e-02,-5.153304950960880815e-01,0.000000000000000000e+00,0.000000000000000000e+00,2.000000000000000000e+04
9.200000000000000400e-01,2.000000000000000111e-01,-6.872702635201037580e-02,-5.239823183022676023e-01,0.000000000000000000e+00,0.000000000000000000e+00,2.000000000000000000e+04
9.399999999999999467e-01,2.000000000000000111e-01,-6.874270058061331123e-02,-5.325981796499636989e-01,0.000000000000000000e+00,0.000000000000000000e+00,2.000000000000000000e+04
9.599999999999999645e-01,2.000000000000000111e-01,-6.877128404130912476e-02,-5.411928970382824389e-01,0.000000000000000000e+00,0.000000000000000000e+00,2.000000000000000000e+04
9.799999999999999822e-01,2.000000000000000111e-01,-6.881717302888468168e-02,-5.497812935295033343e-01,0.000000000000000000e+00,0.000000000000000000e+00,2.000000000000000000e+04
1.000000000000000000e+00,2.000000000000000111e-01,-6.888589079412704708e-02,-5.583782042863832951e-01,0.000000000000000000e+00,0.000000000000000000e+00,2.000000000000000000e+04
0.000000000000000000e+00,2.200000000000000011e-01,0.000000000000000000e+00,0.000000000000000000e+00,1.000000000000000000e+00,0.000000000000000000e+00,2.000000000000000000e+04
2.000000000000000042e-02,2.200000000000000011e-01,-3.083892953696007119e-03,-9.437994980963383337e-03,0.000000000000000000e+00,0.000000000000000000e+00,2.000000000000000000e+04
4.000000000000000083e-02,2.200000000000000011e-01,-6.115235314028774453e-03,-1.957574825039899366e-02,0.000000000000000000e+00,0.000000000000000000e+00,2.000000000000000000e+04
5.999999999999999778e-02,2.200000000000000011e-01,-9.125667523410428347e-03,-3.035978801485999731e-02,0.000000000000000000e+00,0.000000000000000000e+00,2.000000000000000000e+04
8.000000000000000167e-02,2.200000000000000011e-01,-1.213417136768291278e-02,-4.172243525571499301e-02,0.000000000000000000e+00,0.000000000000000000e+00,2.000000000000000000e+04
1.000000000000000056e-01,2.200000000000000011e-01,-1.514712339977595038e-02,-5.358868009773419538e-02,0.000000000000000000e+00,0.000000000000000000e+00,2.000000000000000000e+04
1.199999999999999956e-01,2.200000000000000011e-01,-1.816001822598613605e-02,-6.588191219067568438e-02,0.000000000000000000e+00,0.000000000000000000e+00,2.000000000000000000e+04
1.400000000000000133e-01,2.200000000000000011e-01,-2.116014874537752027e-02,-7.852817593492567028e-02,0.000000000000000000e+00,0.000000000000000000e+00,2.000000000000000000e+04
1.600000000000000033e-01,2.200000000000000011e-01,-2.412957918231662183e-02,-9.145889502143000893e-02,0.000000000000000000e+00,0.000000000000000000e+00,2.000000000000000000e+04
1.799999999999999933e-01,2.200000000000000011e-01,-2.704789505738063038e-02,-1.046122291760329809e-01,0.000000000000000000e+00,0.000000000000000000e+00,2.000000000000000000e+04
2.000000000000000111e-01,2.200000000000000011e-01,-2.989441724483840601e-02,-1.179333662379979109e-01,0.000000000000000000e+00,0.000000000000000000e+00,2.000000000000000000e+04
2.200000000000000011e-01,2.200000000000000011e-01,-3.264976889354333917e-02,-1.313741065539596742e-01,0.000000000000000000e+00,0.000000000000000000e+00,2.000000000000000000e+04
2.399999999999999911e-01,2.200000000000000011e-01,-3.529683741167206901e-02,-1.448920728648117051e-01,0.000000000000000000e+00,0.000000000000000000e+00,2.000000000000000000e+04
2.600000000000000089e-01,2.200000000000000011e-01,-3.782125715601616228e-02,-1.584498038273125520e-01,0.000000000000000000e+00,0.000000000000000000e+00,2.000000000000000000e+04
2.800000000000000266e-01,2.200000000000000011e-01,-4.021155859968000151e-02,-1.720138971608952683e-01,0.000000000000000000e+00,0.000000000000000000e+00,2.000000000000000000e+04
2.999999999999999889e-01,2.200000000000000011e-01,-4.245911048576886393e-02,-1.855542869642888559e-01,0.000000000000000000e+00,0.000000000000000000e+00,2.000000000000000000e+04
3.200000000000000067e-01,2.200000000000000011e-01,-4.455794767411193347e-02,-1.990436823067990024e-01,0.000000000000000000e+00,0.000000000000000000e+00,2.000000000000000000e+04
3.400000000000000244e-01,2.200000000000000011e-01,-4.650454495464254739e-02,-2.124571608932301625e-01,0.000000000000000000e+00,0.000000000000000000e+00,2.000000000000000000e+04
3.599999999999999867e-01,2.200000000000000011e-01,-4.829757230398531304e-02,-2.257718960568674271e-01,0.000000000000000000e+00,0.000000000000000000e+00,2.000000000000000000e+04
3.800000000000000044e-01,2.200000000000000011e-01,-4.993765040567986480e-02,-2.389669904885874385e-01,0.000000000000000000e+00,0.000000000000000000e+00,2.000000000000000000e+04
4.000000000000000222e-01,2.200000000000000011e-01,-5.142711506072909777e-02,-2.520233907332760093e-01,0.000000000000000000e+00,0.000000000000000000e+00,2.000000000000000000e+04
4.199999999999999845e-01,2.200000000000000011e-01,-5.276979340253173251e-02,-2.649238594146118841e-01,0.000000000000000000e+00,0.000000000000000000e+00,2.000000000000000000e+04
4.400000000000000022e-01,2.200000000000000011e-01,-5.397079198441689235e-02,-2.776529857271000101e-01,0.000000000000000000e+00,0.000000000000000000e+00,2.000000000000000000e+04
4.600000000000000200e-01,2.200000000000000011e-01,-5.503629568850834652e-02,-2.901972182073331852e-01,0.000000000000000000e+00,0.000000000000000000e+00,2.000000000000000000e+04
4.799999999999999822e-01,2.200000000000000011e-01,-5.597337626190804216e-02,-3.025449068951284737e-01,0.000000000000000000e+00,0.000000000000000000e+00,2.000000000000000000e+04
5.000000000000000000e-01,2.200000000000000011e-01,-5.678980964652687036e-02,-3.146863446790055252e-01,0.000000000000000000e+00,0.000000000000000000e+00,2.000000000000000000e+04
5.200000000000000178e-01,2.200000000000000011e-01,-5.749390183918270947e-02,-3.266137999401851344e-01,0.000000000000000000e+00,0.000000000000000000e+00,2.000000000000000000e+04
5.400000000000000355e-01,2.200000000000000011e-01,-5.809432361954255941e-02,-3.383215346373990018e-01,0.000000000000000000e+00,0.000000000000000000e+00,2.000000000000000000e+04
5.600000000000000533e-01,2.200000000000000011e-01,-5.859995500706986077e-02,-3.498058037736687109e-01,0.000000000000000000e+00,0.000000000000000000e+00,2.000000000000000000e+04
5.799999999999999600e-01,2.200000000000000011e-01,-5.901974069218647589e-02,-3.610648337959369014e-01,0.000000000000000000e+00,0.000000000000000000e+00,2.000000000000000000e+04
5.999999999999999778e-01,2.200000000000000011e-01,-5.936255790081101241e-02,-3.720987789150498881e-01,0.000000000000000000e+00,0.000000000000000000e+00,2.000000000000000000e+04
6.199999999999999956e-01,2.200000000000000011e-01,-5.963709818867303503e-02,-3.829096555922694156e-01,0.000000000000000000e+00,0.000000000000000000e+00,2.000000000000000000e+04
6.400000000000000133e-01,2.200000000000000011e-01,-5.985176453521781625e-02,-3.935012565004649687e-01,0.000000000000000000e+00,0.000000000000000000e+00,2.000000000000000000e+04
6.600000000000000311e-01,2.200000000000000011e-01,-6.001458484534857168e-02,-4.038790461090548400e-01,0.000000000000000000e+00,0.000000000000000000e+00,2.000000000000000000e+04
6.800000000000000488e-01,2.200000000000000011e-01,-6.013314261136229466e-02,-4.140500406410457801e-01,0.000000000000000000e+00,0.000000000000000000e+00,2.000000000000000000e+04
6.999999999999999556e-01,2.200000000000000011e-01,-6.021452508465431619e-02,-4.240226754993751679e-01,0.000000000000000000e+00,0.000000000000000000e+00,2.000000000000000000e+04
7.199999999999999734e-01,2.200000000000000011e-01,-6.026528890594879534e-02,-4.338066633665709215e-01,0.000000000000000000e+00,0.000000000000000000e+00,2.000000000000000000e+04
7.399999999999999911e-01,2.200000000000000011e-01,-6.029144278954147451e-02,-4.434128460744097278e-01,0.000000000000000000e+00,0.000000000000000000e+00,2.000000000000000000e+04
7.600000000000000089e-01,2.200000000000000011e-01,-6.029844659087667952e-02,-4.528530430655116623e-01,0.000000000000000000e+00,0.000000000000000000e+00,2.000000000000000000e+04
7.800000000000000266e-01,2.200000000000000011e-01,-6.029122594132484136e-02,-4.621398988896002202e-01,0.000000000000000000e+00,0.000000000000000000e+00,2.000000000000000000e+04
8.000000000000000444e-01,2.200000000000000011e-01,-6.027420164047930101e-02,-4.712867317685288659e-01,0.000000000000000000e+00,0.000000000000000000e+00,2.000000000000000000e+04
8.199999999999999512e-01,2.200000000000000011e-01,-6.025133319117911834e-02,-4.803073849076282542e-01,0.000000000000000000e+00,0.000000000000000000e+00,2.000000000000000000e+04
8.399999999999999689e-01,2.200000000000000011e-01,-6.022617629967675495e-02,-4.892160820048891412e-01,0.000000000000000000e+00,0.000000000000000000e+00,2.000000000000000000e+04
8.599999999999999867e-01,2.200000000000000011e-01,-6.020195493045474300e-02,-4.980272883704268683e-01,0.000000000000000000e+00,0.000000000000000000e+00,2.000000000000000000e+04
8.800000000000000044e-01,2.200000000000000011e-01,-6.018164974176367504e-02,-5.067555792125152392e-01,0.000000000000000000e+00,0.000000000000000000e+00,2.000000000000000000e+04
9.000000000000000222e-01,2.200000000000000011e-01,-6.016810663911603685e-02,-5.154155168316191249e-01,0.000000000000000000e+00,0.000000000000000000e+00,2.000000000000000000e+04
9.200000000000000400e-01,2.200000000000000011e-01,-6.016417203015245879e-02,-5.240215382686967960e-01,0.000000000000000000e+00,0.000000000000000000e+00,2.000000000000000000e+04
9.399999999999999467e-01,2.200000000000000011e-01,-6.017286538454789946e-02,-5.325878534372899820e-01,0.000000000000000000e+00,0.000000000000000000e+00,2.000000000000000000e+04
9.599999999999999645e-01,2.200000000000000011e-01,-6.019760488554035810e-02,-5.411283491289499148e-01,0.000000000000000000e+00,0.000000000000000000e+00,2.000000000000000000e+04
9.799999999999999822e-01,2.200000000000000011e-01,-6.024250751797949333e-02,-5.496564835521681180e-01,0.000000000000000000e+00,0.000000000000000000e+00,2.000000000000000000e+04
1.000000000000000000e+00,2.200000000000000011e-01,-6.031278833373140275e-02,-5.581851354456949243e-01,0.000000000000000000e+00,0.000000000000000000e+00,2.000000000000000000e+04
0.000000000000000000e+00,2.399999999999999911e-01,0.000000000000000000e+00,0.000000000000000000e+00,1.000000000000000000e+00,0.000000000000000000e+00,2.000000000000000000e+04
2.000000000000000042e-02,2.399999999999999911e-01,-2.803688162753411803e-03,-9.536478511732386643e-03,0.000000000000000000e+00,0.000000000000000000e+00,2.000000000000000000e+04
4.000000000000000083e-02,2.399999999999999911e-01,-5.543874302875975886e-03,-1.971315031776603097e-02,0.000000000000000000e+00,0.000000000000000000e+00,2.000000000000000000e+04
5.999999999999999778e-02,2.399999999999999911e-01,-8.248225740238607911e-03,-3.048946566867829014e-02,0.000000000000000000e+00,0.000000000000000000e+00,2.000000000000000000e+04
8.000000000000000167e-02,2.399999999999999911e-01,-1.093491226416341833e-02,-4.181204266228247951e-02,0.000000000000000000e+00,0.000000000000000000e+00,2.000000000000000000e+04
1.000000000000000056e-01,2.399999999999999911e-01,-1.361228797046617513e-02,-5.361967744515187123e-02,0.000000000000000000e+00,0.000000000000000000e+00,2.000000000000000000e+04
1.199999999999999956e-01,2.399999999999999911e-01,-1.627980371477263932e-02,-6.584775907129705730e-02,0.000000000000000000e+00,0.000000000000000000e+00,2.000000000000000000e+04
1.400000000000000133e-01,2.399999999999999911e-01,-1.892972213595852521e-02,-7.843178563486263855e-02,0.000000000000000000e+00,0.000000000000000000e+00,2.000000000000000000e+04
1.600000000000000033e-01,2.399999999999999911e-01,-2.154920330430124681e-02,-9.130986839504975916e-02,0.000000000000000000e+00,0.000000000000000000e+00,2.000000000000000000e+04
1.799999999999999933e-01,2.399999999999999911e-01,-2.412239444716823833e-02,-1.044242660247212684e-01,0.000000000000000000e+00,0.000000000000000000e+00,2.000000000000000000e+04
2.000000000000000111e-01,2.399999999999999911e-01,-2.663226591762971052e-02,-1.177221004176095404e-01,0.000000000000000000e+00,0.000000000000000000e+00,2.000000000000000000e+04
2.200000000000000011e-01,2.399999999999999911e-01,-2.906205681899736576e-02,-1.311554636876882396e-01,0.000000000000000000e+00,0.000000000000000000e+00,2.000000000000000000e+04
2.399999999999999911e-01,2.399999999999999911e-01,-3.139629965755280638e-02,-1.446811355710098113e-01,0.000000000000000000e+00,0.000000000000000000e+00,2.000000000000000000e+04
2.600000000000000089e-01,2.399999999999999911e-01,-3.362146632644388844e-02,-1.582601026206143235e-01,0.000000000000000000e+00,0.000000000000000000e+00,2.000000000000000000e+04
2.800000000000000266e-01,2.399999999999999911e-01,-3.572631355872431247e-02,-1.718570223014202758e-01,0.000000000000000000e+00,0.000000000000000000e+00,2.000000000000000000e+04
2.999999999999999889e-01,2.399999999999999911e-01,-3.770201203267787432e-02,-1.854397231725837536e-01,0.000000000000000000e+00,0.000000000000000000e+00,2.000000000000000000e+04
3.200000000000000067e-01,2.399999999999999911e-01,-3.954213186675534925e-02,-1.989787884270881047e-01,0.000000000000000000e+00,0.000000000000000000e+00,2.000000000000000000e+04
3.400000000000000244e-01,2.399999999999999911e-01,-4.124253941268681695e-02,-2.124472388815815682e-01,0.000000000000000000e+00,0.000000000000000000e+00,2.000000000000000000e+04
3.599999999999999867e-01,2.399999999999999911e-01,-4.280124299092177842e-02,-2.258203125156833246e-01,0.000000000000000000e+00,0.000000000000000000e+00,2.000000000000000000e+04
3.800000000000000044e-01,2.399999999999999911e-01,-4.421821147709237287e-02,-2.390753278375670199e-01,0.000000000000000000e+00,0.000000000000000000e+00,2.000000000000000000e+04
4.000000000000000222e-01,2.399999999999999911e-01,-4.549517993544954092e-02,-2.521916144288641748e-01,0.000000000000000000e+00,0.000000000000000000e+00,2.000000000000000000e+04
4.199999999999999845e-01,2.399999999999999911e-01,-4.663545021073658287e-02,-2.651504934515598322e-01,0.000000000000000000e+00,0.000000000000000000e+00,2.000000000000000000e+04
4.400000000000000022e-01,2.399999999999999911e-01,-4.764369066015183840e-02,-2.779352920214845923e-01,0.000000000000000000e+00,0.000000000000000000e+00,2.000000000000000000e+04
4.600000000000000200e-01,2.399999999999999911e-01,-4.852573723089077112e-02,-2.905313772076628664e-01,0.000000000000000000e+00,0.000000000000000000e+00,2.000000000000000000e+04
4.799999999999999822e-01,2.399999999999999911e-01,-4.928839724048619114e-02,-3.029261975070512980e-01,0.000000000000000000e+00,0.000000000000000000e+00,2.000000000000000000e+04
5.000000000000000000e-01,2.399999999999999911e-01,-4.993925704320834047e-02,-3.151093217435404492e-01,0.000000000000000000e+00,0.000000000000000000e+00,2.000000000000000000e+04
5.200000000000000178e-01,2.399999999999999911e-01,-5.048649494927646281e-02,-3.270724673633971791e-01,0.000000000000000000e+00,0.000000000000000000e+00,2.000000000000000000e+04
5.400000000000000355e-01,2.399999999999999911e-01,-5.093870108729620094e-02,-3.388095120247043290e-01,0.000000000000000000e+00,0.000000000000000000e+00,2.000000000000000000e+04
5.600000000000000533e-01,2.399999999999999911e-01,-5.130470621761025474e-02,-3.503164842027073900e-01,0.000000000000000000e+00,0.000000000000000000e+00,2.000000000000000000e+04
5.799999999999999600e-01,2.399999999999999911e-01,-5.159342171986843611e-02,-3.615915302494377426e-01,0.000000000000000000e+00,0.000000000000000000e+00,2.000000000000000000e+04
5.999999999999999778e-01,2.399999999999999911e-01,-5.181369303625312644e-02,-3.726348569342826100e-01,0.000000000000000000e+00,0.000000000000000000e+00,2.000000000000000000e+04
6.199999999999999956e-01,2.399999999999999911e-01,-5.197416872935090026e-02,-3.834486499173427876e-01,0.000000000000000000e+00,0.000000000000000000e+00,2.000000000000000000e+04
6.400000000000000133e-01,2.399999999999999911e-01,-5.208318701592525718e-02,-3.940369698245674290e-01,0.000000000000000000e+00,0.000000000000000000e+00,2.000000000000000000e+04
6.600000000000000311e-01,2.399999999999999911e-01,-5.214868119416772585e-02,-4.044056285567518838e-01,0.000000000000000000e+00,0.000000000000000000e+00,2.000000000000000000e+04
6.800000000000000488e-01,2.399999999999999911e-01,-5.217810483993060022e-02,-4.145620491371927452e-01,0.000000000000000000e+00,0.000000000000000000e+00,2.000000000000000000e+04
6.999999999999999556e-01,2.399999999999999911e-01,-5.217837706524967867e-02,-4.245151127678138403e-01,0.000000000000000000e+00,0.000000000000000000e+00,2.000000000000000000e+04
7.199999999999999734e-01,2.399999999999999911e-01,-5.215584757114557352e-02,-4.342749968280943396e-01,0.000000000000000000e+00,0.000000000000000000e+00,2.000000000000000000e+04
7.399999999999999911e-01,2.399999999999999911e-01,-5.211628074309544723e-02,-4.438530073475893123e-01,0.000000000000000000e+00,0.000000000000000000e+00,2.000000000000000000e+04
7.600000000000000089e-01,2.399999999999999911e-01,-5.206485768008081022e-02,-4.532614090651946315e-01,0.000000000000000000e+00,0.000000000000000000e+00,2.000000000000000000e+04
7.800000000000000266e-01,2.399999999999999911e-01,-5.200619485589429852e-02,-4.625132556253226945e-01,0.000000000000000000e+00,0.000000000000000000e+00,2.000000000000000000e+04
8.000000000000000444e-01,2.399999999999999911e-01,-5.194437811734554933e-02,-4.716222218280232692e-01,0.000000000000000000e+00,0.000000000000000000e+00,2.000000000000000000e+04
8.199999999999999512e-01,2.399999999999999911e-01,-5.188301096116789551e-02,-4.806024392180475169e-01,0.000000000000000000e+00,0.000000000000000000e+00,2.000000000000000000e+04
8.399999999999999689e-01,2.399999999999999911e-01,-5.182527654197147809e-02,-4.894683357210059538e-01,0.000000000000000000e+00,0.000000000000000000e+00,2.000000000000000000e+04
8.599999999999999867e-01,2.399999999999999911e-01,-5.177401370849209900e-02,-4.982344795290311046e-01,0.000000000000000000e+00,0.000000000000000000e+00,2.000000000000000000e+04
8.800000000000000044e-01,2.399999999999999911e-01,-5.173180863122327222e-02,-5.069154269465098173e-01,0.000000000000000000e+00,0.000000000000000000e+00,2.000000000000000000e+04
9.000000000000000222e-01,2.399999999999999911e-01,-5.170110537914878596e-02,-5.155255732388954737e-01,0.000000000000000000e+00,0.000000000000000000e+00,2.000000000000000000e+04
9.200000000000000400e-01,2.399999999999999911e-01,-5.168434122434256706e-02,-5.240790042696304996e-01,0.000000000000000000e+00,0.000000000000000000e+00,2.000000000000000000e+04
9.399999999999999467e-01,2.399999999999999911e-01,-5.168411549954431139e-02,-5.325893440970819182e-01,0.000000000000000000e+00,0.000000000000000000e+00,2.000000000000000000e+04
9.599999999999999645e-01,2.399999999999999911e-01,-5.170340421338806558e-02,-5.410695885085233803e-01,0.000000000000000000e+00,0.000000000000000000e+00,2.000000000000000000e+04
9.799999999999999822e-01,2.399999999999999911e-01,-5.174583541134780001e-02,-5.495319050734568389e-01,0.000000000000000000e+00,0.000000000000000000e+00,2.000000000000000000e+04
1.000000000000000000e+00,2.399999999999999911e-01,-5.181604040984465892e-02,-5.579873653982910797e-01,0.000000000000000000e+00,0.000000000000000000e+00,2.000000000000000000e+04
0.000000000000000000e+00,2.600000000000000089e-01,0.000000000000000000e+00,0.000000000000000000e+00,1.000000000000000000e+00,0.000000000000000000e+00,2.000000000000000000e+04
2.000000000000000042e-02,2.600000000000000089e-01,-2.549449196137331276e-03,-9.645768421158206277e-03,0.000000000000000000e+00,0.000000000000000000e+00,2.000000000000000000e+04
4.000000000000000083e-02,2.600000000000000089e-01,-5.027427631522391784e-03,-1.988098970032800214e-02,0.000000000000000000e+00,0.000000000000000000e+00,2.000000000000000000e+04
5.999999999999999778e-02,2.600000000000000089e-01,-7.457995970646502659e-03,-3.067479221053066515e-02,0.000000000000000000e+00,0.000000000000000000e+00,2.000000000000000000e+04
8.000000000000000167e-02,2.600000000000000089e-01,-9.857937065941424840e-03,-4.198478576444572563e-02,0.000000000000000000e+00,0.000000000000000000e+00,2.000000000000000000e+04
1.000000000000000056e-01,2.600000000000000089e-01,-1.223630391351151342e-02,-5.376073395966967511e-02,0.000000000000000000e+00,0.000000000000000000e+00,2.000000000000000000e+04
1.199999999999999956e-01,2.600000000000000089e-01,-1.459487284110751702e-02,-6.594795244067018503e-02,0.000000000000000000e+00,0.000000000000000000e+00,2.000000000000000000e+04
1.400000000000000133e-01,2.600000000000000089e-01,-1.692924422575568452e-02,-7.849017506573098546e-02,0.000000000000000000e+00,0.000000000000000000e+00,2.000000000000000000e+04
1.600000000000000033e-01,2.600000000000000089e-01,-1.923030928839896889e-02,-9.133176035519043057e-02,0.000000000000000000e+00,0.000000000000000000e+00,2.000000000000000000e+04
1.799999999999999933e-01,2.600000000000000089e-01,-2.148582576201631816e-02,-1.044192208928207688e-01,0.000000000000000000e+00,0.000000000000000000e+00,2.000000000000000000e+04
2.000000000000000111e-01,2.600000000000000089e-01,-2.368190209974994215e-02,-1.177021413533275856e-01,0.000000000000000000e+00,0.000000000000000000e+00,2.000000000000000000e+04
2.200000000000000011e-01,2.600000000000000089e-01,-2.580426169926386057e-02,-1.311336028784824137e-01,0.000000000000000000e+00,0.000000000000000000e+00,2.000000000000000000e+04
2.399999999999999911e-01,2.600000000000000089e-01,-2.783922863477896956e-02,-1.446702528197114090e-01,0.000000000000000000e+00,0.000000000000000000e+00,2.000000000000000000e+04
2.600000000000000089e-01,2.600000000000000089e-01,-2.977443213120741297e-02,-1.582721541868301607e-01,0.000000000000000000e+00,0.000000000000000000e+00,2.000000000000000000e+04
2.800000000000000266e-01,2.600000000000000089e-01,-3.159926256982023562e-02,-1.719025268955736707e-01,0.000000000000000000e+00,0.000000000000000000e+00,2.000000000000000000e+04
2.999999999999999889e-01,2.600000000000000089e-01,-3.330512783271191712e-02,-1.855274627011879729e-01,0.000000000000000000e+00,0.000000000000000000e+00,2.000000000000000000e+04
3.200000000000000067e-01,2.600000000000000089e-01,-3.488556027538619597e-02,-1.991156656770752265e-01,0.000000000000000000e+00,0.000000000000000000e+00,2.000000000000000000e+04
3.400000000000000244e-01,2.600000000000000089e-01,-3.633621785243734692e-02,-2.126382452535934831e-01,0.000000000000000000e+00,0.000000000000000000e+00,2.000000000000000000e+04
3.599999999999999867e-01,2.600000000000000089e-01,-3.765481314733554186e-02,-2.260685709438183533e-01,0.000000000000000000e+00,0.000000000000000000e+00,2.000000000000000000e+04
3.800000000000000044e-01,2.600000000000000089e-01,-3.884099454029477094e-02,-2.393821864774358377e-01,0.000000000000000000e+00,0.000000000000000000e+00,2.000000000000000000e+04
4.000000000000000222e-01,2.600000000000000089e-01,-3.989619598415502372e-02,-2.525567746630150157e-01,0.000000000000000000e+00,0.000000000000000000e+00,2.000000000000000000e+04
4.199999999999999845e-01,2.600000000000000089e-01,-4.082346620304039275e-02,-2.655721613125106018e-01,0.000000000000000000e+00,0.000000000000000000e+00,2.000000000000000000e+04
4.400000000000000022e-01,2.600000000000000089e-01,-4.162728437398055537e-02,-2.784103457062374609e-01,0.000000000000000000e+00,0.000000000000000000e+00,2.000000000000000000e+04
4.600000000000000200e-01,2.600000000000000089e-01,-4.231336709115621209e-02,-2.910555454647977824e-01,0.000000000000000000e+00,0.000000000000000000e+00,2.000000000000000000e+04
4.799999999999999822e-01,2.600000000000000089e-01,-4.288847022448164653e-02,-3.034942447751368677e-01,0.000000000000000000e+00,0.000000000000000000e+00,2.000000000000000000e+04
5.000000000000000000e-01,2.600000000000000089e-01,-4.336018880407269127e-02,-3.157152363749444746e-01,0.000000000000000000e+00,0.000000000000000000e+00,2.000000000000000000e+04
5.200000000000000178e-01,2.600000000000000089e-01,-4.373675799811025527e-02,-3.277096493614740647e-01,0.000000000000000000e+00,0.000000000000000000e+00,2.000000000000000000e+04
5.400000000000000355e-01,2.600000000000000089e-01,-4.402685837993612628e-02,-3.394709566636475717e-01,0.000000000000000000e+00,0.000000000000000000e+00,2.000000000000000000e+04
5.600000000000000533e-01,2.600000000000000089e-01,-4.423942883464757753e-02,-3.509949578392241309e-01,0.000000000000000000e+00,0.000000000000000000e+00,2.000000000000000000e+04
5.799999999999999600e-01,2.600000000000000089e-01,-4.438349051819832913e-02,-3.622797346775796790e-01,0.000000000000000000e+00,0.000000000000000000e+00,2.000000000000000000e+04
5.999999999999999778e-01,2.600000000000000089e-01,-4.446798517795437500e-02,-3.733255788418900489e-01,0.000000000000000000e+00,0.000000000000000000e+00,2.000000000000000000e+04
6.199999999999999956e-01,2.600000000000000089e-01,-4.450163083727086411e-02,-3.841348923994145625e-01,0.000000000000000000e+00,0.000000000000000000e+00,2.000000000000000000e+04
6.400000000000000133e-01,2.600000000000000089e-01,-4.449279733968252576e-02,-3.947120634852703813e-01,0.000000000000000000e+00,0.000000000000000000e+00,2.000000000000000000e+04
6.600000000000000311e-01,2.600000000000000089e-01,-4.444940357544670262e-02,-4.050633204473153004e-01,0.000000000000000000e+00,0.000000000000000000e+00,2.000000000000000000e+04
6.800000000000000488e-01,2.600000000000000089e-01,-4.437883743446726509e-02,-4.151965685691364483e-01,0.000000000000000000e+00,0.000000000000000000e+00,2.000000000000000000e+04
6.999999999999999556e-01,2.600000000000000089e-01,-4.428789871966220398e-02,-4.251212138357753356e-01,0.000000000000000000e+00,0.000000000000000000e+00,2.000000000000000000e+04
7.199999999999999734e-01,2.600000000000000089e-01,-4.418276449114046101e-02,-4.348479781990953197e-01,0.000000000000000000e+00,0.000000000000000000e+00,2.000000000000000000e+04
7.399999999999999911e-01,2.600000000000000089e-01,-4.406897566458019971e-02,-4.443887104567159074e-01,0.000000000000000000e+00,0.000000000000000000e+00,2.000000000000000000e+04
7.600000000000000089e-01,2.600000000000000089e-01,-4.395144321406956739e-02,-4.537561962462212106e-01,0.000000000000000000e+00,0.000000000000000000e+00,2.000000000000000000e+04
7.800000000000000266e-01,2.600000000000000089e-01,-4.383447207245315391e-02,-4.629639698552992511e-01,0.000000000000000000e+00,0.000000000000000000e+00,2.000000000000000000e+04
8.000000000000000444e-01,2.600000000000000089e-01,-4.372180081056954021e-02,-4.720261296405832696e-01,0.000000000000000000e+00,0.000000000000000000e+00,2.000000000000000000e+04
8.199999999999999512e-01,2.600000000000000089e-01,-4.361665543365184777e-02,-4.809571579031104993e-01,0.000000000000000000e+00,0.000000000000000000e+00,2.000000000000000000e+04
8.399999999999999689e-01,2.600000000000000089e-01,-4.352181618198265600e-02,-4.897717451296005886e-01,0.000000000000000000e+00,0.000000000000000000e+00,2.000000000000000000e+04
8.599999999999999867e-01,2.600000000000000089e-01,-4.343969709320645578e-02,-4.984846175737474572e-01,0.000000000000000000e+00,0.000000000000000000e+00,2.000000000000000000e+04
8.800000000000000044e-01,2.600000000000000089e-01,-4.337243931151931603e-02,-5.071103661460076850e-01,0.000000000000000000e+00,0.000000000000000000e+00,2.000000000000000000e+04
9.000000000000000222e-01,2.600000000000000089e-01,-4.332202074468821662e-02,-5.156632733197897833e-01,0.000000000000000000e+00,0.000000000000000000e+00,2.000000000000000000e+04
9.200000000000000400e-01,2.600000000000000089e-01,-4.329038666249766104e-02,-5.241571329044867333e-01,0.000000000000000000e+00,0.000000000000000000e+00,2.000000000000000000e+04
9.399999999999999467e-01,2.600000000000000089e-01,-4.327960807118555464e-02,-5.326050545390861313e-01,0.000000000000000000e+00,0.000000000000000000e+00,2.000000000000000000e+04
9.599999999999999645e-01,2.600000000000000089e-01,-4.329207680683611753e-02,-5.410192398981562567e-01,0.000000000000000000e+00,0.000000000000000000e+00,2.000000000000000000e+04
9.799999999999999822e-01,2.600000000000000089e-01,-4.333074744098470987e-02,-5.494107101753029632e-01,0.000000000000000000e+00,0.000000000000000000e+00,2.000000000000000000e+04
1.000000000000000000e+00,2.600000000000000089e-01,-4.339943484047890238e-02,-5.577889544079033257e-01,0.000000000000000000e+00,0.000000000000000000e+00,2.000000000000000000e+04
0.000000000000000000e+00,2.800000000000000266e-01,0.000000000000000000e+00,0.000000000000000000e+00,1.000000000000000000e+00,0.000000000000000000e+00,2.000000000000000000e+04
2.000000000000000042e-02,2.800000000000000266e-01,-2.316984431765598765e-03,-9.762494010588743457e-03,0.000000000000000000e+00,0.000000000000000000e+00,2.000000000000000000e+04
4.000000000000000083e-02,2.800000000000000266e-01,-4.556819643344252151e-03,-2.007112414864359665e-02,0.000000000000000000e+00,0.000000000000000000e+00,2.000000000000000000e+04
5.999999999999999778e-02,2.800000000000000266e-01,-6.740304518269436829e-03,-3.090245450870041447e-02,0.000000000000000000e+00,0.000000000000000000e+00,2.000000000000000000e+04
8.000000000000000167e-02,2.800000000000000266e-01,-8.882535759144325957e-03,-4.222268653227471968e-02,0.000000000000000000e+00,0.000000000000000000e+00,2.000000000000000000e+04
1.000000000000000056e-01,2.800000000000000266e-01,-1.099244285843310916e-02,-5.399036694767740674e-02,0.000000000000000000e+00,0.000000000000000000e+00,2.000000000000000000e+04
1.199999999999999956e-01,2.800000000000000266e-01,-1.307299029036881541e-02,-6.615900779074979088e-02,0.000000000000000000e+00,0.000000000000000000e+00,2.000000000000000000e+04
1.400000000000000133e-01,2.800000000000000266e-01,-1.512189163050130236e-02,-7.867940802286806090e-02,0.000000000000000000e+00,0.000000000000000000e+00,2.000000000000000000e+04
1.600000000000000033e-01,2.800000000000000266e-01,-1.713265172461083535e-02,-9.150155470048730588e-02,0.000000000000000000e+00,0.000000000000000000e+00,2.000000000000000000e+04
1.799999999999999933e-01,2.800000000000000266e-01,-1.909575742695367520e-02,-1.045760595964266432e-01,0.000000000000000000e+00,0.000000000000000000e+00,2.000000000000000000e+04
2.000000000000000111e-01,2.800000000000000266e-01,-2.099986575621804949e-02,-1.178551492493775943e-01,0.000000000000000000e+00,0.000000000000000000e+00,2.000000000000000000e+04
2.200000000000000011e-01,2.800000000000000266e-01,-2.283288014781198125e-02,-1.312932695944508676e-01,0.000000000000000000e+00,0.000000000000000000e+00,2.000000000000000000e+04
2.399999999999999911e-01,2.800000000000000266e-01,-2.458285058183351177e-02,-1.448473898851750929e-01,0.000000000000000000e+00,0.000000000000000000e+00,2.000000000000000000e+04
2.600000000000000089e-01,2.800000000000000266e-01,-2.623867335365683354e-02,-1.584770964479664257e-01,0.000000000000000000e+00,0.000000000000000000e+00,2.000000000000000000e+04
2.800000000000000266e-01,2.800000000000000266e-01,-2.779059594565547534e-02,-1.721445590669308245e-01,0.000000000000000000e+00,0.000000000000000000e+00,2.000000000000000000e+04
2.999999999999999889e-01,2.800000000000000266e-01,-2.923055030854816716e-02,-1.858144368448353401e-01,0.000000000000000000e+00,0.000000000000000000e+00,2.000000000000000000e+04
3.200000000000000067e-01,2.800000000000000266e-01,-3.055234530394484310e-02,-1.994537714422387753e-01,0.000000000000000000e+00,0.000000000000000000e+00,2.000000000000000000e+04
3.400000000000000244e-01,2.800000000000000266e-01,-3.175174914940123022e-02,-2.130318976251766028e-01,0.000000000000000000e+00,0.000000000000000000e+00,2.000000000000000000e+04
3.599999999999999867e-01,2.800000000000000266e-01,-3.282648872341506485e-02,-2.265203862976344074e-01,0.000000000000000000e+00,0.000000000000000000e+00,2.000000000000000000e+04
3.800000000000000044e-01,2.800000000000000266e-01,-3.377618713309022552e-02,-2.398930243648251803e-01,0.000000000000000000e+00,0.000000000000000000e+00,2.000000000000000000e+04
4.000000000000000222e-01,2.800000000000000266e-01,-3.460225565553497196e-02,-2.531258285724733437e-01,0.000000000000000000e+00,0.000000000000000000e+00,2.000000000000000000e+04
4.199999999999999845e-01,2.800000000000000266e-01,-3.530775182692305614e-02,-2.661970861594772364e-01,0.000000000000000000e+00,0.000000000000000000e+00,2.000000000000000000e+04
4.400000000000000022e-01,2.800000000000000266e-01,-3.589721229803522623e-02,-2.790874129553876370e-01,0.000000000000000000e+00,0.000000000000000000e+00,2.000000000000000000e+04
4.600000000000000200e-01,2.800000000000000266e-01,-3.637646702150645894e-02,-2.917798187925059183e-01,0.000000000000000000e+00,0.000000000000000000e+00,2.000000000000000000e+04
4.799999999999999822e-01,2.800000000000000266e-01,-3.675244016936723285e-02,-3.042597703091758365e-01,0.000000000000000000e+00,0.000000000000000000e+00,2.000000000000000000e+04
5.000000000000000000e-01,2.800000000000000266e-01,-3.703294264898359528e-02,-3.165152420797770483e-01,0.000000000000000000e+00,0.000000000000000000e+00,2.000000000000000000e+04
5.200000000000000178e-01,2.800000000000000266e-01,-3.722646095117446152e-02,-3.285367483153006640e-01,0.000000000000000000e+00,0.000000000000000000e+00,2.000000000000000000e+04
5.400000000000000355e-01,2.800000000000000266e-01,-3.734194711641642545e-02,-3.403173490016097036e-01,0.000000000000000000e+00,0.000000000000000000e+00,2.000000000000000000e+04
5.600000000000000533e-01,2.800000000000000266e-01,-3.738861467134715899e-02,-3.518526261771680597e-01,0.000000000000000000e+00,0.000000000000000000e+00,2.000000000000000000e+04
5.799999999999999600e-01,2.800000000000000266e-01,-3.737574533628072043e-02,-3.631406280014701782e-01,0.000000000000000000e+00,0.000000000000000000e+00,2.000000000000000000e+04
5.999999999999999778e-01,2.800000000000000266e-01,-3.731251104588518414e-02,-3.741817802249783886e-01,0.000000000000000000e+00,0.000000000000000000e+00,2.000000000000000000e+04
6.199999999999999956e-01,2.800000000000000266e-01,-3.720781531591314806e-02,-3.849787665232846656e-01,0.000000000000000000e+00,0.000000000000000000e+00,2.000000000000000000e+04
6.400000000000000133e-01,2.800000000000000266e-01,-3.707015723240614929e-02,-3.955363807774317508e-01,0.000000000000000000e+00,0.000000000000000000e+00,2.000000000000000000e+04
6.600000000000000311e-01,2.800000000000000266e-01,-3.690752038329889878e-02,-4.058613556522852051e-01,0.000000000000000000e+00,0.000000000000000000e+00,2.000000000000000000e+04
6.800000000000000488e-01,2.800000000000000266e-01,-3.672728797663854516e-02,-4.159621726578694445e-01,0.000000000000000000e+00,0.000000000000000000e+00,2.000000000000000000e+04
6.999999999999999556e-01,2.800000000000000266e-01,-3.653618429371090215e-02,-4.258488592317318244e-01,0.000000000000000000e+00,0.000000000000000000e+00,2.000000000000000000e+04
7.199999999999999734e-01,2.800000000000000266e-01,-3.634024160958246319e-02,-4.355327782617317567e-01,0.000000000000000000e+00,0.000000000000000000e+00,2.000000000000000000e+04
7.399999999999999911e-01,2.800000000000000266e-01,-3.614479086541990543e-02,-4.450264149320634077e-01,0.000000000000000000e+00,0.000000000000000000e+00,2.000000000000000000e+04
7.600000000000000089e-01,2.800000000000000266e-01,-3.595447376249395061e-02,-4.543431649070200917e-01,0.000000000000000000e+00,0.000000000000000000e+00,2.000000000000000000e+04
7.800000000000000266e-01,2.800000000000000266e-01,-3.577327360935388806e-02,-4.634971267677457374e-01,0.000000000000000000e+00,0.000000000000000000e+00,2.000000000000000000e+04
8.000000000000000444e-01,2.800000000000000266e-01,-3.560456221301976781e-02,-4.725029003845544473e-01,0.000000000000000000e+00,0.000000000000000000e+00,2.000000000000000000e+04
8.199999999999999512e-01,2.800000000000000266e-01,-3.545116036969092610e-02,-4.813753916192126114e-01,0.000000000000000000e+00,0.000000000000000000e+00,2.000000000000000000e+04
8.399999999999999689e-01,2.800000000000000266e-01,-3.531541008068261878e-02,-4.901296224516599187e-01,0.000000000000000000e+00,0.000000000000000000e+00,2.000000000000000000e+04
8.599999999999999867e-01,2.800000000000000266e-01,-3.519925749255350261e-02,-4.987805443092234725e-01,0.000000000000000000e+00,0.000000000000000000e+00,2.000000000000000000e+04
8.800000000000000044e-01,2.800000000000000266e-01,-3.510434672954442642e-02,-5.073428509738060477e-01,0.000000000000000000e+00,0.000000000000000000e+00,2.000000000000000000e+04
9.000000000000000222e-01,2.800000000000000266e-01,-3.503212622667337822e-02,-5.158307858010265923e-01,0.000000000000000000e+00,0.000000000000000000e+00,2.000000000000000000e+04
9.200000000000000400e-01,2.800000000000000266e-01,-3.498397080954678690e-02,-5.242579358541771262e-01,0.000000000000000000e+00,0.000000000000000000e+00,2.000000000000000000e+04
9.399999999999999467e-01,2.800000000000000266e-01,-3.496132442416067382e-02,-5.326370025932395391e-01,0.000000000000000000e+00,0.000000000000000000e+00,2.000000000000000000e+04
9.599999999999999645e-01,2.800000000000000266e-01,-3.496586973273251020e-02,-5.409795346045989106e-01,0.000000000000000000e+00,0.000000000000000000e+00,2.000000000000000000e+04
9.799999999999999822e-01,2.800000000000000266e-01,-3.499973112354568677e-02,-5.492956023523637432e-01,0.000000000000000000e+00,0.000000000000000000e+00,2.000000000000000000e+04
1.000000000000000000e+00,2.800000000000000266e-01,-3.506571611188738502e-02,-5.575933886074441181e-01,0.000000000000000000e+00,0.000000000000000000e+00,2.000000000000000000e+04
0.000000000000000000e+00,2.999999999999999889e-01,0.000000000000000000e+00,0.000000000000000000e+00,1.000000000000000000e+00,0.000000000000000000e+00,2.000000000000000000e+04
2.000000000000000042e-02,2.999999999999999889e-01,-2.102923344357776701e-03,-9.884032098807367731e-03,0.000000000000000000e+00,0.000000000000000000e+00,2.000000000000000000e+04
4.000000000000000083e-02,2.999999999999999889e-01,-4.124839421728641528e-03,-2.027723152238400037e-02,0.000000000000000000e+00,0.000000000000000000e+00,2.000000000000000000e+04
5.999999999999999778e-02,2.999999999999999889e-01,-6.083583151669185937e-03,-3.116203175293545680e-02,0.000000000000000000e+00,0.000000000000000000e+00,2.000000000000000000e+04
8.000000000000000167e-02,2.999999999999999889e-01,-7.992414676946200253e-03,-4.251147003337498592e-02,0.000000000000000000e+00,0.000000000000000000e+00,2.000000000000000000e+04
1.000000000000000056e-01,2.999999999999999889e-01,-9.859601264032841553e-03,-5.429119539588032201e-02,0.000000000000000000e+00,0.000000000000000000e+00,2.000000000000000000e+04
1.199999999999999956e-01,2.999999999999999889e-01,-1.168849281356770277e-02,-6.646149551882007955e-02,0.000000000000000000e+00,0.000000000000000000e+00,2.000000000000000000e+04
1.400000000000000133e-01,2.999999999999999889e-01,-1.347799747974985814e-02,-7.897917438676546609e-02,0.000000000000000000e+00,0.000000000000000000e+00,2.000000000000000000e+04
1.600000000000000033e-01,2.999999999999999889e-01,-1.522333692304552073e-02,-9.179917219058911226e-02,0.000000000000000000e+00,0.000000000000000000e+00,2.000000000000000000e+04
1.799999999999999933e-01,2.999999999999999889e-01,-1.691695621381233972e-02,-1.048758737855371576e-01,0.000000000000000000e+00,0.000000000000000000e+00,2.000000000000000000e+04
2.000000000000000111e-01,2.999999999999999889e-01,-1.854947614932881544e-02,-1.181640980272618269e-01,0.000000000000000000e+00,0.000000000000000000e+00,2.000000000000000000e+04
2.200000000000000011e-01,2.999999999999999889e-01,-2.011059952655828292e-02,-1.316197948160540976e-01,0.000000000000000000e+00,0.000000000000000000e+00,2.000000000000000000e+04
2.399999999999999911e-01,2.999999999999999889e-01,-2.158991139620173097e-02,-1.452004986239040785e-01,0.000000000000000000e+00,0.000000000000000000e+00,2.000000000000000000e+04
2.600000000000000089e-01,2.999999999999999889e-01,-2.297754096672212018e-02,-1.588655971975043157e-01,0.000000000000000000e+00,0.000000000000000000e+00,2.000000000000000000e+04
2.800000000000000266e-01,2.999999999999999889e-01,-2.426467567086285082e-02,-1.725764740118125584e-01,0.000000000000000000e+00,0.000000000000000000e+00,2.000000000000000000e+04
2.999999999999999889e-01,2.999999999999999889e-01,-2.544393398734881573e-02,-1.862965758414951434e-01,0.000000000000000000e+00,0.000000000000000000e+00,2.000000000000000000e+04
3.200000000000000067e-01,2.999999999999999889e-01,-2.650961283871076934e-02,-1.999914457332256645e-01,0.000000000000000000e+00,0.000000000000000000e+00,2.000000000000000000e+04
3.400000000000000244e-01,2.999999999999999889e-01,-2.745782899071167946e-02,-2.136287495095143540e-01,0.000000000000000000e+00,0.000000000000000000e+00,2.000000000000000000e+04
3.599999999999999867e-01,2.999999999999999889e-01,-2.828657366899144446e-02,-2.271783127001143765e-01,0.000000000000000000e+00,0.000000000000000000e+00,2.000000000000000000e+04
3.800000000000000044e-01,2.999999999999999889e-01,-2.899569734750555294e-02,-2.406121755496230530e-01,0.000000000000000000e+00,0.000000000000000000e+00,2.000000000000000000e+04
4.000000000000000222e-01,2.999999999999999889e-01,-2.958683870812474012e-02,-2.539046668106471616e-01,0.000000000000000000e+00,0.000000000000000000e+00,2.000000000000000000e+04
4.199999999999999845e-01,2.999999999999999889e-01,-3.006330897704160773e-02,-2.670324922535727286e-01,0.000000000000000000e+00,0.000000000000000000e+00,2.000000000000000000e+04
4.400000000000000022e-01,2.999999999999999889e-01,-3.042994063656509485e-02,-2.799748308517585604e-01,0.000000000000000000e+00,0.000000000000000000e+00,2.000000000000000000e+04
4.600000000000000200e-01,2.999999999999999889e-01,-3.069290801468058799e-02,-2.927134300485078611e-01,0.000000000000000000e+00,0.000000000000000000e+00,2.000000000000000000e+04
4.799999999999999822e-01,2.999999999999999889e-01,-3.085952641338177496e-02,-3.052326910480698818e-01,0.000000000000000000e+00,0.000000000000000000e+00,2.000000000000000000e+04
5.000000000000000000e-01,2.999999999999999889e-01,-3.093803610172379814e-02,-3.175197354441214870e-01,0.000000000000000000e+00,0.000000000000000000e+00,2.000000000000000000e+04
5.200000000000000178e-01,2.999999999999999889e-01,-3.093737748531849227e-02,-3.295644455193794675e-01,0.000000000000000000e+00,0.000000000000000000e+00,2.000000000000000000e+04
5.400000000000000355e-01,2.999999999999999889e-01,-3.086696388107310063e-02,-3.413594720752875511e-01,0.000000000000000000e+00,0.000000000000000000e+00,2.000000000000000000e+04
5.600000000000000533e-01,2.999999999999999889e-01,-3.073645840118544373e-02,-3.529002055530407467e-01,0.000000000000000000e+00,0.000000000000000000e+00,2.000000000000000000e+04
5.799999999999999600e-01,2.999999999999999889e-01,-3.055556134070441104e-02,-3.641847083548421793e-01,0.000000000000000000e+00,0.000000000000000000e+00,2.000000000000000000e+04
5.999999999999999778e-01,2.999999999999999889e-01,-3.033381406701387076e-02,-3.752136085182521952e-01,0.000000000000000000e+00,0.000000000000000000e+00,2.000000000000000000e+04
6.199999999999999956e-01,2.999999999999999889e-01,-3.008042467883573906e-02,-3.859899570656166179e-01,0.000000000000000000e+00,0.000000000000000000e+00,2.000000000000000000e+04
6.400000000000000133e-01,2.999999999999999889e-01,-2.980411964825204971e-02,-3.965190532614557561e-01,0.000000000000000000e+00,0.000000000000000000e+00,2.000000000000000000e+04
6.600000000000000311e-01,2.999999999999999889e-01,-2.951302435128362947e-02,-4.068082434932007718e-01,0.000000000000000000e+00,0.000000000000000000e+00,2.000000000000000000e+04
6.800000000000000488e-01,2.999999999999999889e-01,-2.921457394426269644e-02,-4.168667004190192427e-01,0.000000000000000000e+00,0.000000000000000000e+00,2.000000000000000000e+04
6.999999999999999556e-01,2.999999999999999889e-01,-2.891545458962675036e-02,-4.267051893423048914e-01,0.000000000000000000e+00,0.000000000000000000e+00,2.000000000000000000e+04
7.199999999999999734e-01,2.999999999999999889e-01,-2.862157370778569895e-02,-4.363358284909498730e-01,0.000000000000000000e+00,0.000000000000000000e+00,2.000000000000000000e+04
7.399999999999999911e-01,2.999999999999999889e-01,-2.833805684053564838e-02,-4.457718490788882826e-01,0.000000000000000000e+00,0.000000000000000000e+00,2.000000000000000000e+04
7.600000000000000089e-01,2.999999999999999889e-01,-2.806926793137531212e-02,-4.550273598262506436e-01,0.000000000000000000e+00,0.000000000000000000e+00,2.000000000000000000e+04
7.800000000000000266e-01,2.999999999999999889e-01,-2.781884939842702020e-02,-4.641171191457587053e-01,0.000000000000000000e+00,0.000000000000000000e+00,2.000000000000000000e+04
8.000000000000000444e-01,2.999999999999999889e-01,-2.758977830516387564e-02,-4.730563165901252587e-01,0.000000000000000000e+00,0.000000000000000000e+00,2.000000000000000000e+04
8.199999999999999512e-01,2.999999999999999889e-01,-2.738443520952733856e-02,-4.818603634930889723e-01,0.000000000000000000e+00,0.000000000000000000e+00,2.000000000000000000e+04
8.399999999999999689e-01,2.999999999999999889e-01,-2.720468286693173213e-02,-4.905446910782699788e-01,0.000000000000000000e+00,0.000000000000000000e+00,2.000000000000000000e+04
8.599999999999999867e-01,2.999999999999999889e-01,-2.705195284330611655e-02,-4.991245526573758751e-01,0.000000000000000000e+00,0.000000000000000000e+00,2.000000000000000000e+04
8.800000000000000044e-01,2.999999999999999889e-01,-2.692733921854150239e-02,-5.076148248370813132e-01,0.000000000000000000e+00,0.000000000000000000e+00,2.000000000000000000e+04
9.000000000000000222e-01,2.999999999999999889e-01,-2.683169986754602859e-02,-5.160298007868154846e-01,0.000000000000000000e+00,0.000000000000000000e+00,2.000000000000000000e+04
9.200000000000000400e-01,2.999999999999999889e-01,-2.676576719296987553e-02,-5.243829664193330187e-01,0.000000000000000000e+00,0.000000000000000000e+00,2.000000000000000000e+04
9.399999999999999467e-01,2.999999999999999889e-01,-2.673027147048789853e-02,-5.326867476119694356e-01,0.000000000000000000e+00,0.000000000000000000e+00,2.000000000000000000e+04
9.599999999999999645e-01,2.999999999999999889e-01,-2.672608085448295243e-02,-5.409522132211018741e-01,0.000000000000000000e+00,0.000000000000000000e+00,2.000000000000000000e+04
9.799999999999999822e-01,2.999999999999999889e-01,-2.675436213508133182e-02,-5.491887147296183880e-01,0.000000000000000000e+00,0.000000000000000000e+00,2.000000000000000000e+04
1.000000000000000000e+00,2.999999999999999889e-01,-2.681676500036433639e-02,-5.574034395778213469e-01,0.000000000000000000e+00,0.000000000000000000e+00,2.000000000000000000e+04
0.000000000000000000e+00,3.200000000000000067e-01,0.000000000000000000e+00,0.000000000000000000e+00,1.000000000000000000e+00,0.000000000000000000e+00,2.000000000000000000e+04
2.000000000000000042e-02,3.200000000000000067e-01,-1.904491294000370833e-03,-1.000825409939717914e-02,0.000000000000000000e+00,0.000000000000000000e+00,2.000000000000000000e+04
4.000000000000000083e-02,3.200000000000000067e-01,-3.725619644324316450e-03,-2.049423255267820640e-02,0.000000000000000000e+00,0.000000000000000000e+00,2.000000000000000000e+04
5.999999999999999778e-02,3.200000000000000067e-01,-5.478499624542166636e-03,-3.144513771514376166e-02,0.000000000000000000e+00,0.000000000000000000e+00,2.000000000000000000e+04
8.000000000000000167e-02,3.200000000000000067e-01,-7.174481444568290948e-03,-4.283955002656794631e-02,0.000000000000000000e+00,0.000000000000000000e+00,2.000000000000000000e+04
1.000000000000000056e-01,3.200000000000000067e-01,-8.820807903740684672e-03,-5.464892467928494230e-02,0.000000000000000000e+00,0.000000000000000000e+00,2.000000000000000000e+04
1.199999999999999956e-01,3.200000000000000067e-01,-1.042063781856531618e-02,-6.683916737298058186e-02,0.000000000000000000e+00,0.000000000000000000e+00,2.000000000000000000e+04
1.400000000000000133e-01,3.200000000000000067e-01,-1.197337981809135782e-02,-7.937215624900717525e-02,0.000000000000000000e+00,0.000000000000000000e+00,2.000000000000000000e+04
1.600000000000000033e-01,3.200000000000000067e-01,-1.347525739127080312e-02,-9.220711684981153233e-02,0.000000000000000000e+00,0.000000000000000000e+00,2.000000000000000000e+04
1.799999999999999933e-01,3.200000000000000067e-01,-1.492001822641398669e-02,-1.053017955298034269e-01,0.000000000000000000e+00,0.000000000000000000e+00,2.000000000000000000e+04
2.000000000000000111e-01,3.200000000000000067e-01,-1.629970530164914083e-02,-1.186134106866260501e-01,0.000000000000000000e+00,0.000000000000000000e+00,2.000000000000000000e+04
2.200000000000000011e-01,3.200000000000000067e-01,-1.760542016682838107e-02,-1.320993882424805754e-01,0.000000000000000000e+00,0.000000000000000000e+00,2.000000000000000000e+04
2.399999999999999911e-01,3.200000000000000067e-01,-1.882802646208519073e-02,-1.457179068186334747e-01,0.000000000000000000e+00,0.000000000000000000e+00,2.000000000000000000e+04
2.600000000000000089e-01,3.200000000000000067e-01,-1.995876030758230238e-02,-1.594282889114403690e-01,0.000000000000000000e+00,0.000000000000000000e+00,2.000000000000000000e+04
2.800000000000000266e-01,3.200000000000000067e-01,-2.098973092014498262e-02,-1.731912779585668416e-01,0.000000000000000000e+00,0.000000000000000000e+00,2.000000000000000000e+04
2.999999999999999889e-01,3.200000000000000067e-01,-2.191430790694619268e-02,-1.869692390590792508e-01,0.000000000000000000e+00,0.000000000000000000e+00,2.000000000000000000e+04
3.200000000000000067e-01,3.200000000000000067e-01,-2.272740053648844918e-02,-2.007263152087415681e-01,0.000000000000000000e+00,0.000000000000000000e+00,2.000000000000000000e+04
3.400000000000000244e-01,3.200000000000000067e-01,-2.342563920819651369e-02,-2.144285631185047225e-01,0.000000000000000000e+00,0.000000000000000000e+00,2.000000000000000000e+04
3.599999999999999867e-01,3.200000000000000067e-01,-2.400747121945503298e-02,-2.280440845412335382e-01,0.000000000000000000e+00,0.000000000000000000e+00,2.000000000000000000e+04
3.800000000000000044e-01,3.200000000000000067e-01,-2.447318283838709890e-02,-2.415431615880342109e-01,0.000000000000000000e+00,0.000000000000000000e+00,2.000000000000000000e+04
4.000000000000000222e-01,3.200000000000000067e-01,-2.482485861083800691e-02,-2.548983983356732930e-01,0.000000000000000000e+00,0.000000000000000000e+00,2.000000000000000000e+04
4.199999999999999845e-01,3.200000000000000067e-01,-2.506628749287299548e-02,-2.680848663018906564e-01,0.000000000000000000e+00,0.000000000000000000e+00,2.000000000000000000e+04
4.400000000000000022e-01,3.200000000000000067e-01,-2.520282425883636421e-02,-2.810802480578860063e-01,0.000000000000000000e+00,0.000000000000000000e+00,2.000000000000000000e+04
4.600000000000000200e-01,3.200000000000000067e-01,-2.524121390237234891e-02,-2.938649712133090119e-01,0.000000000000000000e+00,0.000000000000000000e+00,2.000000000000000000e+04
4.799999999999999822e-01,3.200000000000000067e-01,-2.518938645954178074e-02,-3.064223240799863190e-01,0.000000000000000000e+00,0.000000000000000000e+00,2.000000000000000000e+04
5.000000000000000000e-01,3.200000000000000067e-01,-2.505622975938971361e-02,-3.187385443404351371e-01,0.000000000000000000e+00,0.000000000000000000e+00,2.000000000000000000e+04
5.200000000000000178e-01,3.200000000000000067e-01,-2.485134790138001162e-02,-3.308028728795945339e-01,0.000000000000000000e+00,0.000000000000000000e+00,2.000000000000000000e+04
5.400000000000000355e-01,3.200000000000000067e-01,-2.458481359402937827e-02,-3.426075664561866740e-01,0.000000000000000000e+00,0.000000000000000000e+00,2.000000000000000000e+04
5.600000000000000533e-01,3.200000000000000067e-01,-2.426692268593346261e-02,-3.541478649574997251e-01,0.000000000000000000e+00,0.000000000000000000e+00,2.000000000000000000e+04
5.799999999999999600e-01,3.200000000000000067e-01,-2.390795912099100487e-02,-3.654219114388397860e-01,0.000000000000000000e+00,0.000000000000000000e+00,2.000000000000000000e+04
5.999999999999999778e-01,3.200000000000000067e-01,-2.351797803767752271e-02,-3.764306258010469697e-01,0.000000000000000000e+00,0.000000000000000000e+00,2.000000000000000000e+04
6.199999999999999956e-01,3.200000000000000067e-01,-2.310661375497385928e-02,-3.871775355694469511e-01,0.000000000000000000e+00,0.000000000000000000e+00,2.000000000000000000e+04
6.400000000000000133e-01,3.200000000000000067e-01,-2.268291797162112072e-02,-3.976685695443909485e-01,0.000000000000000000e+00,0.000000000000000000e+00,2.000000000000000000e+04
6.600000000000000311e-01,3.200000000000000067e-01,-2.225523175605402526e-02,-4.079118218543025254e-01,0.000000000000000000e+00,0.000000000000000000e+00,2.000000000000000000e+04
6.800000000000000488e-01,3.200000000000000067e-01,-2.183109298511434412e-02,-4.179172949819479621e-01,0.000000000000000000e+00,0.000000000000000000e+00,2.000000000000000000e+04
6.999999999999999556e-01,3.200000000000000067e-01,-2.141717898788361024e-02,-4.276966305797393342e-01,0.000000000000000000e+00,0.000000000000000000e+00,2.000000000000000000e+04
7.199999999999999734e-01,3.200000000000000067e-01,-2.101928244225199222e-02,-4.372628363732627421e-01,0.000000000000000000e+00,0.000000000000000000e+00,2.000000000000000000e+04
7.399999999999999911e-01,3.200000000000000067e-01,-2.064231719261425471e-02,-4.466300162926909456e-01,0.000000000000000000e+00,0.000000000000000000e+00,2.000000000000000000e+04
7.600000000000000089e-01,3.200000000000000067e-01,-2.029034969146395820e-02,-4.558131093382251642e-01,0.000000000000000000e+00,0.000000000000000000e+00,2.000000000000000000e+04
7.800000000000000266e-01,3.200000000000000067e-01,-1.996665124735226213e-02,-4.648276407589683190e-01,0.000000000000000000e+00,0.000000000000000000e+00,2.000000000000000000e+04
8.000000000000000444e-01,3.200000000000000067e-01,-1.967376617546050602e-02,-4.736894870655523060e-01,0.000000000000000000e+00,0.000000000000000000e+00,2.000000000000000000e+04
8.199999999999999512e-01,3.200000000000000067e-01,-1.941359125427709331e-02,-4.824146543250817931e-01,0.000000000000000000e+00,0.000000000000000000e+00,2.000000000000000000e+04
8.399999999999999689e-01,3.200000000000000067e-01,-1.918746253548956476e-02,-4.910190671695119913e-01,0.000000000000000000e+00,0.000000000000000000e+00,2.000000000000000000e+04
8.599999999999999867e-01,3.200000000000000067e-01,-1.899624646934273270e-02,-4.995183639969210665e-01,0.000000000000000000e+00,0.000000000000000000e+00,2.000000000000000000e+04
8.800000000000000044e-01,3.200000000000000067e-01,-1.884043342369565860e-02,-5.079276919180463201e-01,0.000000000000000000e+00,0.000000000000000000e+00,2.000000000000000000e+04
9.000000000000000222e-01,3.200000000000000067e-01,-1.872023290890244274e-02,-5.162614930131783630e-01,0.000000000000000000e+00,0.000000000000000000e+00,2.000000000000000000e+04
9.200000000000000400e-01,3.200000000000000067e-01,-1.863567106261595011e-02,-5.245332713088212140e-01,0.000000000000000000e+00,0.000000000000000000e+00,2.000000000000000000e+04
9.399999999999999467e-01,3.200000000000000067e-01,-1.858669204135827285e-02,-5.327553274672484074e-01,0.000000000000000000e+00,0.000000000000000000e+00,2.000000000000000000e+04
9.599999999999999645e-01,3.200000000000000067e-01,-1.857326568691504420e-02,-5.409384455050365581e-01,0.000000000000000000e+00,0.000000000000000000e+00,2.000000000000000000e+04
9.799999999999999822e-01,3.200000000000000067e-01,-1.859550390377409657e-02,-5.490915131367452018e-01,0.000000000000000000e+00,0.000000000000000000e+00,2.000000000000000000e+04
1.000000000000000000e+00,3.200000000000000067e-01,-1.865378732388098607e-02,-5.572210551813541191e-01,0.000000000000000000e+00,0.000000000000000000e+00,2.000000000000000000e+04
0.000000000000000000e+00,3.400000000000000244e-01,0.000000000000000000e+00,0.000000000000000000e+00,1.000000000000000000e+00,0.000000000000000000e+00,2.000000000000000000e+04
2.000000000000000042e-02,3.400000000000000244e-01,-1.719350901545574004e-03,-1.013335396329101065e-02,0.000000000000000000e+00,0.000000000000000000e+00,2.000000000000000000e+04
4.000000000000000083e-02,3.400000000000000244e-01,-3.354273801868608469e-03,-2.071789333195412849e-02,0.000000000000000000e+00,0.000000000000000000e+00,2.000000000000000000e+04
5.999999999999999778e-02,3.400000000000000244e-01,-4.917352844636915798e-03,-3.174481575305347636e-02,0.000000000000000000e+00,0.000000000000000000e+00,2.000000000000000000e+04
8.000000000000000167e-02,3.400000000000000244e-01,-6.417990883254900795e-03,-4.319728858332294585e-02,0.000000000000000000e+00,0.000000000000000000e+00,2.000000000000000000e+04
1.000000000000000056e-01,3.400000000000000244e-01,-7.862153196670305239e-03,-5.505157007859411838e-02,0.000000000000000000e+00,0.000000000000000000e+00,2.000000000000000000e+04
1.199999999999999956e-01,3.400000000000000244e-01,-9.252383682093504383e-03,-6.727824288367437178e-02,0.000000000000000000e+00,0.000000000000000000e+00,2.000000000000000000e+04
1.400000000000000133e-01,3.400000000000000244e-01,-1.058806013217199367e-02,-7.984345466495672283e-02,0.000000000000000000e+00,0.000000000000000000e+00,2.000000000000000000e+04
1.600000000000000033e-01,3.400000000000000244e-01,-1.186583664180348649e-02,-9.271008727085908174e-02,0.000000000000000000e+00,0.000000000000000000e+00,2.000000000000000000e+04
1.799999999999999933e-01,3.400000000000000244e-01,-1.308021275060246291e-02,-1.058388029945258879e-01,0.000000000000000000e+00,0.000000000000000000e+00,2.000000000000000000e+04
2.000000000000000111e-01,3.400000000000000244e-01,-1.422416908271949276e-02,-1.191889415847776773e-01,0.000000000000000000e+00,0.000000000000000000e+00,2.000000000000000000e+04
2.200000000000000011e-01,3.400000000000000244e-01,-1.528981582035016974e-02,-1.327192627106907608e-01,0.000000000000000000e+00,0.000000000000000000e+00,2.000000000000000000e+04
2.399999999999999911e-01,3.400000000000000244e-01,-1.626901089442425730e-02,-1.463885445049628586e-01,0.000000000000000000e+00,0.000000000000000000e+00,2.000000000000000000e+04
2.600000000000000089e-01,3.400000000000000244e-01,-1.715391692450518243e-02,-1.601560591956295299e-01,0.000000000000000000e+00,0.000000000000000000e+00,2.000000000000000000e+04
2.800000000000000266e-01,3.400000000000000244e-01,-1.793747770192672189e-02,-1.739819519549156146e-01,0.000000000000000000e+00,0.000000000000000000e+00,2.000000000000000000e+04
2.999999999999999889e-01,3.400000000000000244e-01,-1.861380499873254574e-02,-1.878275497487422729e-01,0.000000000000000000e+00,0.000000000000000000e+00,2.000000000000000000e+04
3.200000000000000067e-01,3.400000000000000244e-01,-1.917847399681859091e-02,-2.016556242901487439e-01,0.000000000000000000e+00,0.000000000000000000e+00,2.000000000000000000e+04
3.400000000000000244e-01,3.400000000000000244e-01,-1.962873058577073102e-02,-2.154306284138738092e-01,0.000000000000000000e+00,0.000000000000000000e+00,2.000000000000000000e+04
3.599999999999999867e-01,3.400000000000000244e-01,-1.996361654508946662e-02,-2.291189194243155314e-01,0.000000000000000000e+00,0.000000000000000000e+00,2.000000000000000000e+04
3.800000000000000044e-01,3.400000000000000244e-01,-2.018401981428934178e-02,-2.426889771173647015e-01,0.000000000000000000e+00,0.000000000000000000e+00,2.000000000000000000e+04
4.000000000000000222e-01,3.400000000000000244e-01,-2.029265731107767964e-02,-2.561116188498425705e-01,0.000000000000000000e+00,0.000000000000000000e+00,2.000000000000000000e+04
4.199999999999999845e-01,3.400000000000000244e-01,-2.029399763681770039e-02,-2.693602095845884503e-01,0.000000000000000000e+00,0.000000000000000000e+00,2.000000000000000000e+04
4.400000000000000022e-01,3.400000000000000244e-01,-2.019413090157650206e-02,-2.824108614398018746e-01,0.000000000000000000e+00,0.000000000000000000e+00,2.000000000000000000e+04
4.600000000000000200e-01,3.400000000000000244e-01,-2.000059302692332869e-02,-2.952426149638370800e-01,0.000000000000000000e+00,0.000000000000000000e+00,2.000000000000000000e+04
4.799999999999999822e-01,3.400000000000000244e-01,-1.972215230963357546e-02,-3.078375931241797425e-01,0.000000000000000000e+00,0.000000000000000000e+00,2.000000000000000000e+04
5.000000000000000000e-01,3.400000000000000244e-01,-1.936856670162051541e-02,-3.201811187948679915e-01,0.000000000000000000e+00,0.000000000000000000e+00,2.000000000000000000e+04
5.200000000000000178e-01,3.400000000000000244e-01,-1.895032104640258230e-02,-3.322617872839797593e-01,0.000000000000000000e+00,0.000000000000000000e+00,2.000000000000000000e+04
5.400000000000000355e-01,3.400000000000000244e-01,-1.847835422703487246e-02,-3.440714870716562457e-01,0.000000000000000000e+00,0.000000000000000000e+00,2.000000000000000000e+04
5.600000000000000533e-01,3.400000000000000244e-01,-1.796378662547096217e-02,-3.556053642983326157e-01,0.000000000000000000e+00,0.000000000000000000e+00,2.000000000000000000e+04
5.799999999999999600e-01,3.400000000000000244e-01,-1.741765828286774911e-02,-3.668617294714515698e-01,0.000000000000000000e+00,0.000000000000000000e+00,2.000000000000000000e+04
5.999999999999999778e-01,3.400000000000000244e-01,-1.685068754320304119e-02,-3.778419081002868385e-01,0.000000000000000000e+00,0.000000000000000000e+00,2.000000000000000000e+04
6.199999999999999956e-01,3.400000000000000244e-01,-1.627305869912144126e-02,-3.885500402002926568e-01,0.000000000000000000e+00,0.000000000000000000e+00,2.000000000000000000e+04
6.400000000000000133e-01,3.400000000000000244e-01,-1.569424528941606306e-02,-3.989928364616108780e-01,0.000000000000000000e+00,0.000000000000000000e+00,2.000000000000000000e+04
6.600000000000000311e-01,3.400000000000000244e-01,-1.512287338264675998e-02,-4.091793010070770564e-01,0.000000000000000000e+00,0.000000000000000000e+00,2.000000000000000000e+04
6.800000000000000488e-01,3.400000000000000244e-01,-1.456662665943527814e-02,-4.191204318341414381e-01,0.000000000000000000e+00,0.000000000000000000e+00,2.000000000000000000e+04
6.999999999999999556e-01,3.400000000000000244e-01,-1.403219264006443957e-02,-4.288289101569452422e-01,0.000000000000000000e+00,0.000000000000000000e+00,2.000000000000000000e+04
7.199999999999999734e-01,3.400000000000000244e-01,-1.352524722908150963e-02,-4.383187890083464766e-01,0.000000000000000000e+00,0.000000000000000000e+00,2.000000000000000000e+04
7.399999999999999911e-01,3.400000000000000244e-01,-1.305047303475285504e-02,-4.476051898122228589e-01,0.000000000000000000e+00,0.000000000000000000e+00,2.000000000000000000e+04
7.600000000000000089e-01,3.400000000000000244e-01,-1.261160575906366058e-02,-4.567040134384544592e-01,0.000000000000000000e+00,0.000000000000000000e+00,2.000000000000000000e+04
7.800000000000000266e-01,3.400000000000000244e-01,-1.221150235966225912e-02,-4.656316697553086192e-01,0.000000000000000000e+00,0.000000000000000000e+00,2.000000000000000000e+04
8.000000000000000444e-01,3.400000000000000244e-01,-1.185222461749482932e-02,-4.744048271077340728e-01,0.000000000000000000e+00,0.000000000000000000e+00,2.000000000000000000e+04
8.199999999999999512e-01,3.400000000000000244e-01,-1.153513212566865086e-02,-4.830401806256724995e-01,0.000000000000000000e+00,0.000000000000000000e+00,2.000000000000000000e+04
8.399999999999999689e-01,3.400000000000000244e-01,-1.126097945243475194e-02,-4.915542358855150007e-01,0.000000000000000000e+00,0.000000000000000000e+00,2.000000000000000000e+04
8.599999999999999867e-01,3.400000000000000244e-01,-1.103001322676658638e-02,-4.999631022275710657e-01,0.000000000000000000e+00,0.000000000000000000e+00,2.000000000000000000e+04
8.800000000000000044e-01,3.400000000000000244e-01,-1.084206605357577666e-02,-5.082822879378841030e-01,0.000000000000000000e+00,0.000000000000000000e+00,2.000000000000000000e+04
9.000000000000000222e-01,3.400000000000000244e-01,-1.069664539161806031e-02,-5.165264874654249549e-01,0.000000000000000000e+00,0.000000000000000000e+00,2.000000000000000000e+04
9.200000000000000400e-01,3.400000000000000244e-01,-1.059301671624668026e-02,-5.247093487907636966e-01,0.000000000000000000e+00,0.000000000000000000e+00,2.000000000000000000e+04
9.399999999999999467e-01,3.400000000000000244e-01,-1.053028131759882989e-02,-5.328432069487972766e-01,0.000000000000000000e+00,0.000000000000000000e+00,2.000000000000000000e+04
9.599999999999999645e-01,3.400000000000000244e-01,-1.050744980488964656e-02,-5.409387675894180569e-01,0.000000000000000000e+00,0.000000000000000000e+00,2.000000000000000000e+04
9.799999999999999822e-01,3.400000000000000244e-01,-1.052351264379872836e-02,-5.490047225643911455e-01,0.000000000000000000e+00,0.000000000000000000e+00,2.000000000000000000e+04
1.000000000000000000e+00,3.400000000000000244e-01,-1.057750873987178993e-02,-5.570472783396483996e-01,0.000000000000000000e+00,0.000000000000000000e+00,2.000000000000000000e+04
0.000000000000000000e+00,3.599999999999999867e-01,0.000000000000000000e+00,0.000000000000000000e+00,1.000000000000000000e+00,0.000000000000000000e+00,2.000000000000000000e+04
2.000000000000000042e-02,3.599999999999999867e-01,-1.545486144602370654e-03,-1.025772774024140063e-02,0.000000000000000000e+00,0.000000000000000000e+00,2.000000000000000000e+04
4.000000000000000083e-02,3.599999999999999867e-01,-3.006634156524145857e-03,-2.094454514002453902e-02,0.000000000000000000e+00,0.000000000000000000e+00,2.000000000000000000e+04
5.999999999999999778e-02,3.599999999999999867e-01,-4.393637326719841869e-03,-3.205510448920601690e-02,0.000000000000000000e+00,0.000000000000000000e+00,2.000000000000000000e+04
8.000000000000000167e-02,3.599999999999999867e-01,-5.713926020371419209e-03,-4.357644986287206174e-02,0.000000000000000000e+00,0.000000000000000000e+00,2.000000000000000000e+04
1.000000000000000056e-01,3.599999999999999867e-01,-6.972001559370012355e-03,-5.548886231112126755e-02,0.000000000000000000e+00,0.000000000000000000e+00,2.000000000000000000e+04
1.199999999999999956e-01,3.599999999999999867e-01,-8.169472009692747144e-03,-6.776683493620942744e-02,0.000000000000000000e+00,0.000000000000000000e+00,2.000000000000000000e+04
1.400000000000000133e-01,3.599999999999999867e-01,-9.305270391055617610e-03,-8.038009393381551071e-02,0.000000000000000000e+00,0.000000000000000000e+00,2.000000000000000000e+04
1.600000000000000033e-01,3.599999999999999867e-01,-1.037602140229291862e-02,-9.329459951187134281e-02,0.000000000000000000e+00,0.000000000000000000e+00,2.000000000000000000e+04
1.799999999999999933e-01,3.599999999999999867e-01,-1.137651498452723307e-02,-1.064734799448058128e-01,0.000000000000000000e+00,0.000000000000000000e+00,2.000000000000000000e+04
2.000000000000000111e-01,3.599999999999999867e-01,-1.230024319015954673e-02,-1.198778706983031628e-01,0.000000000000000000e+00,0.000000000000000000e+00,2.000000000000000000e+04
2.200000000000000011e-01,3.599999999999999867e-01,-1.313995963933260042e-02,-1.334676469942529531e-01,0.000000000000000000e+00,0.000000000000000000e+00,2.000000000000000000e+04
2.399999999999999911e-01,3.599999999999999867e-01,-1.388822682328262441e-02,-1.472020513440564227e-01,0.000000000000000000e+00,0.000000000000000000e+00,2.000000000000000000e+04
2.600000000000000089e-01,3.599999999999999867e-01,-1.453792412969126362e-02,-1.610402269425694199e-01,0.000000000000000000e+00,0.000000000000000000e+00,2.000000000000000000e+04
2.800000000000000266e-01,3.599999999999999867e-01,-1.508269737193172581e-02,-1.749416733408314661e-01,0.000000000000000000e+00,0.000000000000000000e+00,2.000000000000000000e+04
2.999999999999999889e-01,3.599999999999999867e-01,-1.551733778545871974e-02,-1.888666428576438461e-01,0.000000000000000000e+00,0.000000000000000000e+00,2.000000000000000000e+04
3.200000000000000067e-01,3.599999999999999867e-01,-1.583808430160855638e-02,-2.027764953861996844e-01,0.000000000000000000e+00,0.000000000000000000e+00,2.000000000000000000e+04
3.400000000000000244e-01,3.599999999999999867e-01,-1.604284721515937540e-02,-2.166340263881875727e-01,0.000000000000000000e+00,0.000000000000000000e+00,2.000000000000000000e+04
3.599999999999999867e-01,3.599999999999999867e-01,-1.613135424681537769e-02,-2.304037787461892806e-01,0.000000000000000000e+00,0.000000000000000000e+00,2.000000000000000000e+04
3.800000000000000044e-01,3.599999999999999867e-01,-1.610522179325220293e-02,-2.440523444829852673e-01,0.000000000000000000e+00,0.000000000000000000e+00,2.000000000000000000e+04
4.000000000000000222e-01,3.599999999999999867e-01,-1.596795526661761930e-02,-2.575486577295182933e-01,0.000000000000000000e+00,0.000000000000000000e+00,2.000000000000000000e+04
4.199999999999999845e-01,3.599999999999999867e-01,-1.572488324278770166e-02,-2.708642761541205091e-01,0.000000000000000000e+00,0.000000000000000000e+00,2.000000000000000000e+04
4.400000000000000022e-01,3.599999999999999867e-01,-1.538303096433164298e-02,-2.839736446419325322e-01,0.000000000000000000e+00,0.000000000000000000e+00,2.000000000000000000e+04
4.600000000000000200e-01,3.599999999999999867e-01,-1.495093975922404811e-02,-2.968543325210912243e-01,0.000000000000000000e+00,0.000000000000000000e+00,2.000000000000000000e+04
4.799999999999999822e-01,3.599999999999999867e-01,-1.443844019224422431e-02,-3.094872341860041565e-01,0.000000000000000000e+00,0.000000000000000000e+00,2.000000000000000000e+04
5.000000000000000000e-01,3.599999999999999867e-01,-1.385638820104739648e-02,-3.218567226310372620e-01,0.000000000000000000e+00,0.000000000000000000e+00,2.000000000000000000e+04
5.200000000000000178e-01,3.599999999999999867e-01,-1.321637493008997154e-02,-3.339507461963261425e-01,0.000000000000000000e+00,0.000000000000000000e+00,2.000000000000000000e+04
5.400000000000000355e-01,3.599999999999999867e-01,-1.253042224678794711e-02,-3.457608607027380376e-01,0.000000000000000000e+00,0.000000000000000000e+00,2.000000000000000000e+04
5.600000000000000533e-01,3.599999999999999867e-01,-1.181067676232684834e-02,-3.572821919990813444e-01,0.000000000000000000e+00,0.000000000000000000e+00,2.000000000000000000e+04
5.799999999999999600e-01,3.599999999999999867e-01,-1.106911534827367989e-02,-3.685133275638922123e-01,0.000000000000000000e+00,0.000000000000000000e+00,2.000000000000000000e+04
5.999999999999999778e-01,3.599999999999999867e-01,-1.031727445417640436e-02,-3.794561398898974036e-01,0.000000000000000000e+00,0.000000000000000000e+00,2.000000000000000000e+04
6.199999999999999956e-01,3.599999999999999867e-01,-9.566013916472135975e-03,-3.901155484912840476e-01,0.000000000000000000e+00,0.000000000000000000e+00,2.000000000000000000e+04
6.400000000000000133e-01,3.599999999999999867e-01,-8.825323490687531774e-03,-4.004992309861802324e-01,0.000000000000000000e+00,0.000000000000000000e+00,2.000000000000000000e+04
6.600000000000000311e-01,3.599999999999999867e-01,-8.104177282374835922e-03,-4.106172963302698875e-01,0.000000000000000000e+00,0.000000000000000000e+00,2.000000000000000000e+04
6.800000000000000488e-01,3.599999999999999867e-01,-7.410437947915359674e-03,-4.204819345893096028e-01,0.000000000000000000e+00,0.000000000000000000e+00,2.000000000000000000e+04
6.999999999999999556e-01,3.599999999999999867e-01,-6.750809355896568269e-03,-4.301070575506132365e-01,0.000000000000000000e+00,0.000000000000000000e+00,2.000000000000000000e+04
7.199999999999999734e-01,3.599999999999999867e-01,-6.130833658082253217e-03,-4.395079431225947797e-01,0.000000000000000000e+00,0.000000000000000000e+00,2.000000000000000000e+04
7.399999999999999911e-01,3.599999999999999867e-01,-5.554926625464477047e-03,-4.487008941482244495e-01,0.000000000000000000e+00,0.000000000000000000e+00,2.000000000000000000e+04
7.600000000000000089e-01,3.599999999999999867e-01,-5.026443750467006477e-03,-4.577029193189590117e-01,0.000000000000000000e+00,0.000000000000000000e+00,2.000000000000000000e+04
7.800000000000000266e-01,3.599999999999999867e-01,-4.547768988336521774e-03,-4.665314406624667121e-01,0.000000000000000000e+00,0.000000000000000000e+00,2.000000000000000000e+04
8.000000000000000444e-01,3.599999999999999867e-01,-4.120418022712847919e-03,-4.752040288654347799e-01,0.000000000000000000e+00,0.000000000000000000e+00,2.000000000000000000e+04
8.199999999999999512e-01,3.599999999999999867e-01,-3.745148465300492373e-03,-4.837381646660293133e-01,0.000000000000000000e+00,0.000000000000000000e+00,2.000000000000000000e+04
8.399999999999999689e-01,3.599999999999999867e-01,-3.422070297841445230e-03,-4.921510218008124937e-01,0.000000000000000000e+00,0.000000000000000000e+00,2.000000000000000000e+04
8.599999999999999867e-01,3.599999999999999867e-01,-3.150751002824843470e-03,-5.004592645315028010e-01,0.000000000000000000e+00,0.000000000000000000e+00,2.000000000000000000e+04
8.800000000000000044e-01,3.599999999999999867e-01,-2.930311089361998383e-03,-5.086788505653246917e-01,0.000000000000000000e+00,0.000000000000000000e+00,2.000000000000000000e+04
9.000000000000000222e-01,3.599999999999999867e-01,-2.759506999877499485e-03,-5.168248281475005257e-01,0.000000000000000000e+00,0.000000000000000000e+00,2.000000000000000000e+04
9.200000000000000400e-01,3.599999999999999867e-01,-2.636799589912613116e-03,-5.249111141775536504e-01,0.000000000000000000e+00,0.000000000000000000e+00,2.000000000000000000e+04
9.399999999999999467e-01,3.599999999999999867e-01,-2.560407420622382198e-03,-5.329502383550371869e-01,0.000000000000000000e+00,0.000000000000000000e+00,2.000000000000000000e+04
9.599999999999999645e-01,3.599999999999999867e-01,-2.528344910099317600e-03,-5.409530366539969659e-01,0.000000000000000000e+00,0.000000000000000000e+00,2.000000000000000000e+04
9.799999999999999822e-01,3.599999999999999867e-01,-2.538445895239816157e-03,-5.489282760518179316e-01,0.000000000000000000e+00,0.000000000000000000e+00,2.000000000000000000e+04
1.000000000000000000e+00,3.599999999999999867e-01,-2.588373361650203857e-03,-5.568821917546187272e-01,0.000000000000000000e+00,0.000000000000000000e+00,2.000000000000000000e+04
0.000000000000000000e+00,3.800000000000000044e-01,0.000000000000000000e+00,0.000000000000000000e+00,1.000000000000000000e+00,0.000000000000000000e+00,2.000000000000000000e+04
2.000000000000000042e-02,3.800000000000000044e-01,-1.381114483732841019e-03,-1.037988733347091838e-02,0.000000000000000000e+00,0.000000000000000000e+00,2.000000000000000000e+04
4.000000000000000083e-02,3.800000000000000044e-01,-2.679055239382889444e-03,-2.117088325095039733e-02,0.000000000000000000e+00,0.000000000000000000e+00,2.000000000000000000e+04
5.999999999999999778e-02,3.800000000000000044e-01,-3.901718090465870238e-03,-3.237072154328231310e-02,0.000000000000000000e+00,0.000000000000000000e+00,2.000000000000000000e+04
8.000000000000000167e-02,3.800000000000000044e-01,-5.054534546915911281e-03,-4.396979349785927471e-02,0.000000000000000000e+00,0.000000000000000000e+00,2.000000000000000000e+04
1.000000000000000056e-01,3.800000000000000044e-01,-6.140395175987791929e-03,-5.595179152419783170e-02,0.000000000000000000e+00,0.000000000000000000e+00,2.000000000000000000e+04
1.199999999999999956e-01,3.800000000000000044e-01,-7.159720713717734712e-03,-6.829449124146592942e-02,0.000000000000000000e+00,0.000000000000000000e+00,2.000000000000000000e+04
1.400000000000000133e-01,3.800000000000000044e-01,-8.110670124546739621e-03,-8.097060391101114363e-02,0.000000000000000000e+00,0.000000000000000000e+00,2.000000000000000000e+04
1.600000000000000033e-01,3.800000000000000044e-01,-8.989463956796705721e-03,-9.394864332940885965e-02,0.000000000000000000e+00,0.000000000000000000e+00,2.000000000000000000e+04
1.799999999999999933e-01,3.800000000000000044e-01,-9.790794739251543893e-03,-1.071937653561867709e-01,0.000000000000000000e+00,0.000000000000000000e+00,2.000000000000000000e+04
2.000000000000000111e-01,3.800000000000000044e-01,-1.050829352391549794e-02,-1.206685524382623970e-01,0.000000000000000000e+00,0.000000000000000000e+00,2.000000000000000000e+04
2.200000000000000011e-01,3.800000000000000044e-01,-1.113502231159693191e-02,-1.343337285079999333e-01,0.000000000000000000e+00,0.000000000000000000e+00,2.000000000000000000e+04
2.399999999999999911e-01,3.800000000000000044e-01,-1.166396509640410875e-02,-1.481488005477657188e-01,0.000000000000000000e+00,0.000000000000000000e+00,2.000000000000000000e+04
2.600000000000000089e-01,3.800000000000000044e-01,-1.208849467304501726e-02,-1.620726313724527023e-01,0.000000000000000000e+00,0.000000000000000000e+00,2.000000000000000000e+04
2.800000000000000266e-01,3.800000000000000044e-01,-1.240279728691707703e-02,-1.760639535720052162e-01,0.000000000000000000e+00,0.000000000000000000e+00,2.000000000000000000e+04
2.999999999999999889e-01,3.800000000000000044e-01,-1.260224197406270043e-02,-1.900818371742550861e-01,0.000000000000000000e+00,0.000000000000000000e+00,2.000000000000000000e+04
3.200000000000000067e-01,3.800000000000000044e-01,-1.268368558250978530e-02,-2.040861237709790388e-01,0.000000000000000000e+00,0.000000000000000000e+00,2.000000000000000000e+04
3.400000000000000244e-01,3.800000000000000044e-01,-1.264570779081234352e-02,-2.180378380922056714e-01,0.000000000000000000e+00,0.000000000000000000e+00,2.000000000000000000e+04
3.599999999999999867e-01,3.800000000000000044e-01,-1.248877296988688823e-02,-2.318995848842386742e-01,0.000000000000000000e+00,0.000000000000000000e+00,2.000000000000000000e+04
3.800000000000000044e-01,3.800000000000000044e-01,-1.221531765565955774e-02,-2.456359350150119358e-01,0.000000000000000000e+00,0.000000000000000000e+00,2.000000000000000000e+04
4.000000000000000222e-01,3.800000000000000044e-01,-1.182976397806114084e-02,-2.592138005156425784e-01,0.000000000000000000e+00,0.000000000000000000e+00,2.000000000000000000e+04
4.199999999999999845e-01,3.800000000000000044e-01,-1.133846089714312007e-02,-2.726027942136135529e-01,0.000000000000000000e+00,0.000000000000000000e+00,2.000000000000000000e+04
4.400000000000000022e-01,3.800000000000000044e-01,-1.074955674579822391e-02,-2.857755660858142255e-01,0.000000000000000000e+00,0.000000000000000000e+00,2.000000000000000000e+04
4.600000000000000200e-01,3.800000000000000044e-01,-1.007280849392562690e-02,-2.987081057520294403e-01,0.000000000000000000e+00,0.000000000000000000e+00,2.000000000000000000e+04
4.799999999999999822e-01,3.800000000000000044e-01,-9.319335342482165663e-03,-3.113799988731405510e-01,0.000000000000000000e+00,0.000000000000000000e+00,2.000000000000000000e+04
5.000000000000000000e-01,3.800000000000000044e-01,-8.501326626005939816e-03,-3.237746247873091732e-01,0.000000000000000000e+00,0.000000000000000000e+00,2.000000000000000000e+04
5.200000000000000178e-01,3.800000000000000044e-01,-7.631716345740288156e-03,-3.358792836211577648e-01,0.000000000000000000e+00,0.000000000000000000e+00,2.000000000000000000e+04
5.400000000000000355e-01,3.800000000000000044e-01,-6.723838690321464265e-03,-3.476852433803871989e-01,0.000000000000000000e+00,0.000000000000000000e+00,2.000000000000000000e+04
5.600000000000000533e-01,3.800000000000000044e-01,-5.791080307460688519e-03,-3.591877010622162580e-01,0.000000000000000000e+00,0.000000000000000000e+00,2.000000000000000000e+04
5.799999999999999600e-01,3.800000000000000044e-01,-4.846545546850482278e-03,-3.703856564335957224e-01,0.000000000000000000e+00,0.000000000000000000e+00,2.000000000000000000e+04
5.999999999999999778e-01,3.800000000000000044e-01,-3.902750138912290494e-03,-3.812817024054958037e-01,0.000000000000000000e+00,0.000000000000000000e+00,2.000000000000000000e+04
6.199999999999999956e-01,3.800000000000000044e-01,-2.971356702568951885e-03,-3.918817412928019550e-01,0.000000000000000000e+00,0.000000000000000000e+00,2.000000000000000000e+04
6.400000000000000133e-01,3.800000000000000044e-01,-2.062962226125517832e-03,-4.021946409179456006e-01,0.000000000000000000e+00,0.000000000000000000e+00,2.000000000000000000e+04
6.600000000000000311e-01,3.800000000000000044e-01,-1.186943614387981879e-03,-4.122318477922027880e-01,0.000000000000000000e+00,0.000000000000000000e+00,2.000000000000000000e+04
6.800000000000000488e-01,3.800000000000000044e-01,-3.513630610399715699e-04,-4.220069760600021480e-01,0.000000000000000000e+00,0.000000000000000000e+00,2.000000000000000000e+04
6.999999999999999556e-01,3.800000000000000044e-01,4.370690850100271202e-04,-4.315353904507808758e-01,0.000000000000000000e+00,0.000000000000000000e+00,2.000000000000000000e+04
7.199999999999999734e-01,3.800000000000000044e-01,1.172979716917455732e-03,-4.408337994058810216e-01,0.000000000000000000e+00,0.000000000000000000e+00,2.000000000000000000e+04
7.399999999999999911e-01,3.800000000000000044e-01,1.852274898927845680e-03,-4.499198712915802867e-01,0.000000000000000000e+00,0.000000000000000000e+00,2.000000000000000000e+04
7.600000000000000089e-01,3.800000000000000044e-01,2.472048112312336642e-03,-4.588118826913078485e-01,0.000000000000000000e+00,0.000000000000000000e+00,2.000000000000000000e+04
7.800000000000000266e-01,3.800000000000000044e-01,3.030465190516549567e-03,-4.675284036576313196e-01,0.000000000000000000e+00,0.000000000000000000e+00,2.000000000000000000e+04
8.000000000000000444e-01,3.800000000000000044e-01,3.526636127397718336e-03,-4.760880208497484389e-01,0.000000000000000000e+00,0.000000000000000000e+00,2.000000000000000000e+04
8.199999999999999512e-01,3.800000000000000044e-01,3.960483173973084955e-03,-4.845090959010713849e-01,0.000000000000000000e+00,0.000000000000000000e+00,2.000000000000000000e+04
8.399999999999999689e-01,3.800000000000000044e-01,4.332613488314713233e-03,-4.928095532444534133e-01,0.000000000000000000e+00,0.000000000000000000e+00,2.000000000000000000e+04
8.599999999999999867e-01,3.800000000000000044e-01,4.644203245192076238e-03,-5.010066889626145770e-01,0.000000000000000000e+00,0.000000000000000000e+00,2.000000000000000000e+04
8.800000000000000044e-01,3.800000000000000044e-01,4.896898687915205058e-03,-5.091169899587120184e-01,0.000000000000000000e+00,0.000000000000000000e+00,2.000000000000000000e+04
9.000000000000000222e-01,3.800000000000000044e-01,5.092738220461896434e-03,-5.171559507606904305e-01,0.000000000000000000e+00,0.000000000000000000e+00,2.000000000000000000e+04
9.200000000000000400e-01,3.800000000000000044e-01,5.234098368321355582e-03,-5.251378734963331185e-01,0.000000000000000000e+00,0.000000000000000000e+00,2.000000000000000000e+04
9.399999999999999467e-01,3.800000000000000044e-01,5.323665330533740997e-03,-5.330756349607329581e-01,0.000000000000000000e+00,0.000000000000000000e+00,2.000000000000000000e+04
9.599999999999999645e-01,3.800000000000000044e-01,5.364432926070308687e-03,-5.409804032790387351e-01,0.000000000000000000e+00,0.000000000000000000e+00,2.000000000000000000e+04
9.799999999999999822e-01,3.800000000000000044e-01,5.359726991501695403e-03,-5.488612855837662341e-01,0.000000000000000000e+00,0.000000000000000000e+00,2.000000000000000000e+04
1.000000000000000000e+00,3.800000000000000044e-01,5.313255639965592907e-03,-5.567248876267095747e-01,0.000000000000000000e+00,0.000000000000000000e+00,2.000000000000000000e+04
0.000000000000000000e+00,4.000000000000000222e-01,0.000000000000000000e+00,0.000000000000000000e+00,1.000000000000000000e+00,0.000000000000000000e+00,2.000000000000000000e+04
2.000000000000000042e-02,4.000000000000000222e-01,-1.224617645566034117e-03,-1.049839785554085650e-02,0.000000000000000000e+00,0.000000000000000000e+00,2.000000000000000000e+04
4.000000000000000083e-02,4.000000000000000222e-01,-2.368260594125569558e-03,-2.139382076026045271e-02,0.000000000000000000e+00,0.000000000000000000e+00,2.000000000000000000e+04
5.999999999999999778e-02,4.000000000000000222e-01,-3.436578486122601837e-03,-3.268683125017667751e-02,0.000000000000000000e+00,0.000000000000000000e+00,2.000000000000000000e+04
8.000000000000000167e-02,4.000000000000000222e-01,-4.432968903998765406e-03,-4.437077046104684341e-02,0.000000000000000000e+00,0.000000000000000000e+00,2.000000000000000000e+04
1.000000000000000056e-01,4.000000000000000222e-01,-5.358587593901980271e-03,-5.643225755870264621e-02,0.000000000000000000e+00,0.000000000000000000e+00,2.000000000000000000e+04
1.199999999999999956e-01,4.000000000000000222e-01,-6.212463588815934912e-03,-6.885183091260167754e-02,0.000000000000000000e+00,0.000000000000000000e+00,2.000000000000000000e+04
1.400000000000000133e-01,4.000000000000000222e-01,-6.991714125954178079e-03,-8.160467430843101888e-02,0.000000000000000000e+00,0.000000000000000000e+00,2.000000000000000000e+04
1.600000000000000033e-01,4.000000000000000222e-01,-7.691846353028173981e-03,-9.466138026057786814e-02,0.000000000000000000e+00,0.000000000000000000e+00,2.000000000000000000e+04
1.799999999999999933e-01,4.000000000000000222e-01,-8.307127509598256909e-03,-1.079887131130581046e-01,0.000000000000000000e+00,0.000000000000000000e+00,2.000000000000000000e+04
2.000000000000000111e-01,4.000000000000000222e-01,-8.831002482430565237e-03,-1.215503457826068723e-01,0.000000000000000000e+00,0.000000000000000000e+00,2.000000000000000000e+04
2.200000000000000011e-01,4.000000000000000222e-01,-9.256537008672217903e-03,-1.353075546155099451e-01,0.000000000000000000e+00,0.000000000000000000e+00,2.000000000000000000e+04
2.399999999999999911e-01,4.000000000000000222e-01,-9.576865816412082413e-03,-1.492198660696870960e-01,0.000000000000000000e+00,0.000000000000000000e+00,2.000000000000000000e+04
2.600000000000000089e-01,4.000000000000000222e-01,-9.785627073264949530e-03,-1.632456562297681935e-01,0.000000000000000000e+00,0.000000000000000000e+00,2.000000000000000000e+04
2.800000000000000266e-01,4.000000000000000222e-01,-9.877367120202054651e-03,-1.773427092134065575e-01,0.000000000000000000e+00,0.000000000000000000e+00,2.000000000000000000e+04
2.999999999999999889e-01,4.000000000000000222e-01,-9.847902164921013002e-03,-1.914687432745604267e-01,0.000000000000000000e+00,0.000000000000000000e+00,2.000000000000000000e+04
3.200000000000000067e-01,4.000000000000000222e-01,-9.694626109826381954e-03,-2.055819140043992910e-01,0.000000000000000000e+00,0.000000000000000000e+00,2.000000000000000000e+04
3.400000000000000244e-01,4.000000000000000222e-01,-9.416755870035155643e-03,-2.196413027807302687e-01,0.000000000000000000e+00,0.000000000000000000e+00,2.000000000000000000e+04
3.599999999999999867e-01,4.000000000000000222e-01,-9.015507421095520293e-03,-2.336073959325071780e-01,0.000000000000000000e+00,0.000000000000000000e+00,2.000000000000000000e+04
3.800000000000000044e-01,4.000000000000000222e-01,-8.494197539843574563e-03,-2.474425564279847389e-01,0.000000000000000000e+00,0.000000000000000000e+00,2.000000000000000000e+04
4.000000000000000222e-01,4.000000000000000222e-01,-7.858267960374561503e-03,-2.611114857346558682e-01,0.000000000000000000e+00,0.000000000000000000e+00,2.000000000000000000e+04
4.199999999999999845e-01,4.000000000000000222e-01,-7.115230660459227405e-03,-2.745816692911283718e-01,0.000000000000000000e+00,0.000000000000000000e+00,2.000000000000000000e+04
4.400000000000000022e-01,4.000000000000000222e-01,-6.274535376357472452e-03,-2.878237951999870203e-01,0.000000000000000000e+00,0.000000000000000000e+00,2.000000000000000000e+04
4.600000000000000200e-01,4.000000000000000222e-01,-5.347363285347132150e-03,-3.008121326840172416e-01,0.000000000000000000e+00,0.000000000000000000e+00,2.000000000000000000e+04
4.799999999999999822e-01,4.000000000000000222e-01,-4.346354053812600399e-03,-3.135248548914945088e-01,0.000000000000000000e+00,0.000000000000000000e+00,2.000000000000000000e+04
5.000000000000000000e-01,4.000000000000000222e-01,-3.285276959944889372e-03,-3.259442900826828304e-01,0.000000000000000000e+00,0.000000000000000000e+00,2.000000000000000000e+04
5.200000000000000178e-01,4.000000000000000222e-01,-2.178660279730759621e-03,-3.380570862988220293e-01,0.000000000000000000e+00,0.000000000000000000e+00,2.000000000000000000e+04
5.400000000000000355e-01,4.000000000000000222e-01,-1.041396185384118418e-03,-3.498542774252485499e-01,0.000000000000000000e+00,0.000000000000000000e+00,2.000000000000000000e+04
5.600000000000000533e-01,4.000000000000000222e-01,1.116593916334933178e-04,-3.613312430498740735e-01,0.000000000000000000e+00,0.000000000000000000e+00,2.000000000000000000e+04
5.799999999999999600e-01,4.000000000000000222e-01,1.266071594149340311e-03,-3.724875604888488456e-01,0.000000000000000000e+00,0.000000000000000000e+00,2.000000000000000000e+04
5.999999999999999778e-01,4.000000000000000222e-01,2.408176655485743094e-03,-3.833267543383598874e-01,0.000000000000000000e+00,0.000000000000000000e+00,2.000000000000000000e+04
6.199999999999999956e-01,4.000000000000000222e-01,3.525380278656249818e-03,-3.938559560426129202e-01,0.000000000000000000e+00,0.000000000000000000e+00,2.000000000000000000e+04
6.400000000000000133e-01,4.000000000000000222e-01,4.606391901950238066e-03,-4.040854921079748974e-01,0.000000000000000000e+00,0.000000000000000000e+00,2.000000000000000000e+04
6.600000000000000311e-01,4.000000000000000222e-01,5.641387785457640212e-03,-4.140284237216191321e-01,0.000000000000000000e+00,0.000000000000000000e+00,2.000000000000000000e+04
6.800000000000000488e-01,4.000000000000000222e-01,6.622101559168330591e-03,-4.237000620812472196e-01,0.000000000000000000e+00,0.000000000000000000e+00,2.000000000000000000e+04
6.999999999999999556e-01,4.000000000000000222e-01,7.541846126260911068e-03,-4.331174827094981805e-01,0.000000000000000000e+00,0.000000000000000000e+00,2.000000000000000000e+04
7.199999999999999734e-01,4.000000000000000222e-01,8.395475059533136566e-03,-4.422990588757994002e-01,0.000000000000000000e+00,0.000000000000000000e+00,2.000000000000000000e+04
7.399999999999999911e-01,4.000000000000000222e-01,9.179294574499003226e-03,-4.512640296927610817e-01,0.000000000000000000e+00,0.000000000000000000e+00,2.000000000000000000e+04
7.600000000000000089e-01,4.000000000000000222e-01,9.890938771622741557e-03,-4.600321132412096281e-01,0.000000000000000000e+00,0.000000000000000000e+00,2.000000000000000000e+04
7.800000000000000266e-01,4.000000000000000222e-01,1.052922126186320306e-02,-4.686231698372602672e-01,0.000000000000000000e+00,0.000000000000000000e+00,2.000000000000000000e+04
8.000000000000000444e-01,4.000000000000000222e-01,1.109397577980561836e-02,-4.770569157248521486e-01,0.000000000000000000e+00,0.000000000000000000e+00,2.000000000000000000e+04
8.199999999999999512e-01,4.000000000000000222e-01,1.158589723670058573e-02,-4.853526832960072812e-01,0.000000000000000000e+00,0.000000000000000000e+00,2.000000000000000000e+04
8.399999999999999689e-01,4.000000000000000222e-01,1.200639314322835688e-02,-4.935292204771697389e-01,0.000000000000000000e+00,0.000000000000000000e+00,2.000000000000000000e+04
8.599999999999999867e-01,4.000000000000000222e-01,1.235745366245799212e-02,-5.016045191208381437e-01,0.000000000000000000e+00,0.000000000000000000e+00,2.000000000000000000e+04
8.800000000000000044e-01,4.000000000000000222e-01,1.264154690158001554e-02,-5.095956599852318192e-01,0.000000000000000000e+00,0.000000000000000000e+00,2.000000000000000000e+04
9.000000000000000222e-01,4.000000000000000222e-01,1.286154452234225358e-02,-5.175186600255506919e-01,0.000000000000000000e+00,0.000000000000000000e+00,2.000000000000000000e+04
9.200000000000000400e-01,4.000000000000000222e-01,1.302068139874814137e-02,-5.253883061294990497e-01,0.000000000000000000e+00,0.000000000000000000e+00,2.000000000000000000e+04
9.399999999999999467e-01,4.000000000000000222e-01,1.312255188635532907e-02,-5.332179580262513818e-01,0.000000000000000000e+00,0.000000000000000000e+00,2.000000000000000000e+04
9.599999999999999645e-01,4.000000000000000222e-01,1.317114425959709997e-02,-5.410193018746812799e-01,0.000000000000000000e+00,0.000000000000000000e+00,2.000000000000000000e+04
9.799999999999999822e-01,4.000000000000000222e-01,1.317091394683475060e-02,-5.488020350736541042e-01,0.000000000000000000e+00,0.000000000000000000e+00,2.000000000000000000e+04
1.000000000000000000e+00,4.000000000000000222e-01,1.312689521753015835e-02,-5.565734622970552881e-01,0.000000000000000000e+00,0.000000000000000000e+00,2.000000000000000000e+04
0.000000000000000000e+00,4.199999999999999845e-01,0.000000000000000000e+00,0.000000000000000000e+00,1.000000000000000000e+00,0.000000000000000000e+00,2.000000000000000000e+04
2.000000000000000042e-02,4.199999999999999845e-01,-1.074484881275826519e-03,-1.061183211668764378e-02,0.000000000000000000e+00,0.000000000000000000e+00,2.000000000000000000e+04
4.000000000000000083e-02,4.199999999999999845e-01,-2.071218159244014780e-03,-2.161038239185422011e-02,0.000000000000000000e+00,0.000000000000000000e+00,2.000000000000000000e+04
5.999999999999999778e-02,4.199999999999999845e-01,-2.993616247779851483e-03,-3.299887428460472616e-02,0.000000000000000000e+00,0.000000000000000000e+00,2.000000000000000000e+04
8.000000000000000167e-02,4.199999999999999845e-01,-3.842995330884582846e-03,-4.477329633262860237e-02,0.000000000000000000e+00,0.000000000000000000e+00,2.000000000000000000e+04
1.000000000000000056e-01,4.199999999999999845e-01,-4.618664806429481108e-03,-5.692280335647306733e-02,0.000000000000000000e+00,0.000000000000000000e+00,2.000000000000000000e+04
1.199999999999999956e-01,4.199999999999999845e-01,-5.318090398373775951e-03,-6.943025934933411136e-02,0.000000000000000000e+00,0.000000000000000000e+00,2.000000000000000000e+04
1.400000000000000133e-01,4.199999999999999845e-01,-5.937125901113110907e-03,-8.227287324273681313e-02,0.000000000000000000e+00,0.000000000000000000e+00,2.000000000000000000e+04
1.600000000000000033e-01,4.199999999999999845e-01,-6.470307053543418625e-03,-9.542288551777823591e-02,0.000000000000000000e+00,0.000000000000000000e+00,2.000000000000000000e+04
1.799999999999999933e-01,4.199999999999999845e-01,-6.911196982134773341e-03,-1.088482721904932837e-01,0.000000000000000000e+00,0.000000000000000000e+00,2.000000000000000000e+04
2.000000000000000111e-01,4.199999999999999845e-01,-7.252770029618053199e-03,-1.225134419870537311e-01,0.000000000000000000e+00,0.000000000000000000e+00,2.000000000000000000e+04
2.200000000000000011e-01,4.199999999999999845e-01,-7.487819428721209300e-03,-1.363799116119995547e-01,0.000000000000000000e+00,0.000000000000000000e+00,2.000000000000000000e+04
2.399999999999999911e-01,4.199999999999999845e-01,-7.609373911738977724e-03,-1.504069521364374273e-01,0.000000000000000000e+00,0.000000000000000000e+00,2.000000000000000000e+04
2.600000000000000089e-01,4.199999999999999845e-01,-7.611108655414980211e-03,-1.645522061243355760e-01,0.000000000000000000e+00,0.000000000000000000e+00,2.000000000000000000e+04
2.800000000000000266e-01,4.199999999999999845e-01,-7.487736658989083832e-03,-1.787722798148000114e-01,0.000000000000000000e+00,0.000000000000000000e+00,2.000000000000000000e+04
2.999999999999999889e-01,4.199999999999999845e-01,-7.235367520652632480e-03,-1.930233173336771413e-01,0.000000000000000000e+00,0.000000000000000000e+00,2.000000000000000000e+04
3.200000000000000067e-01,4.199999999999999845e-01,-6.851821488364797513e-03,-2.072615645521914685e-01,0.000000000000000000e+00,0.000000000000000000e+00,2.000000000000000000e+04
3.400000000000000244e-01,4.199999999999999845e-01,-6.336887594680122235e-03,-2.214439290315803888e-01,0.000000000000000000e+00,0.000000000000000000e+00,2.000000000000000000e+04
3.599999999999999867e-01,4.199999999999999845e-01,-5.692515718966056383e-03,-2.355285397975307449e-01,0.000000000000000000e+00,0.000000000000000000e+00,2.000000000000000000e+04
3.800000000000000044e-01,4.199999999999999845e-01,-4.922933703853902242e-03,-2.494753068664093687e-01,0.000000000000000000e+00,0.000000000000000000e+00,2.000000000000000000e+04
4.000000000000000222e-01,4.199999999999999845e-01,-4.034682371189757255e-03,-2.632464759395229392e-01,0.000000000000000000e+00,0.000000000000000000e+00,2.000000000000000000e+04
4.199999999999999845e-01,4.199999999999999845e-01,-3.036563612913332870e-03,-2.768071689644031608e-01,0.000000000000000000e+00,0.000000000000000000e+00,2.000000000000000000e+04
4.400000000000000022e-01,4.199999999999999845e-01,-1.939499797772110436e-03,-2.901258968191717802e-01,0.000000000000000000e+00,0.000000000000000000e+00,2.000000000000000000e+04
4.600000000000000200e-01,4.199999999999999845e-01,-7.563065653479344747e-04,-3.031750266932037308e-01,0.000000000000000000e+00,0.000000000000000000e+00,2.000000000000000000e+04
4.799999999999999822e-01,4.199999999999999845e-01,4.986144219636615832e-04,-3.159311842854701236e-01,0.000000000000000000e+00,0.000000000000000000e+00,2.000000000000000000e+04
5.000000000000000000e-01,4.199999999999999845e-01,1.809651274449695403e-03,-3.283755701545108541e-01,0.000000000000000000e+00,0.000000000000000000e+00,2.000000000000000000e+04
5.200000000000000178e-01,4.199999999999999845e-01,3.160409771305461649e-03,-3.404941707900670522e-01,0.000000000000000000e+00,0.000000000000000000e+00,2.000000000000000000e+04
5.400000000000000355e-01,4.199999999999999845e-01,4.534172471959345245e-03,-3.522778484817953304e-01,0.000000000000000000e+00,0.000000000000000000e+00,2.000000000000000000e+04
5.600000000000000533e-01,4.199999999999999845e-01,5.914364841328431481e-03,-3.637222998126276030e-01,0.000000000000000000e+00,0.000000000000000000e+00,2.000000000000000000e+04
5.799999999999999600e-01,4.199999999999999845e-01,7.285002671434734692e-03,-3.748278804606816061e-01,0.000000000000000000e+00,0.000000000000000000e+00,2.000000000000000000e+04
5.999999999999999778e-01,4.199999999999999845e-01,8.631095985716492891e-03,-3.855993033963236449e-01,0.000000000000000000e+00,0.000000000000000000e+00,2.000000000000000000e+04
6.199999999999999956e-01,4.199999999999999845e-01,9.938988189560583539e-03,-3.960452272247671490e-01,0.000000000000000000e+00,0.000000000000000000e+00,2.000000000000000000e+04
6.400000000000000133e-01,4.199999999999999845e-01,1.119661512547613993e-02,-4.061777596172714278e-01,0.000000000000000000e+00,0.000000000000000000e+00,2.000000000000000000e+04
6.600000000000000311e-01,4.199999999999999845e-01,1.239367599470699022e-02,-4.160119059956551291e-01,0.000000000000000000e+00,0.000000000000000000e+00,2.000000000000000000e+04
6.800000000000000488e-01,4.199999999999999845e-01,1.352171565836906252e-02,-4.255649951559882238e-01,0.000000000000000000e+00,0.000000000000000000e+00,2.000000000000000000e+04
6.999999999999999556e-01,4.199999999999999845e-01,1.457412456978511919e-02,-4.348561114970738717e-01,0.000000000000000000e+00,0.000000000000000000e+00,2.000000000000000000e+04
7.199999999999999734e-01,4.199999999999999845e-01,1.554606779325778954e-02,-4.439055587730245112e-01,0.000000000000000000e+00,0.000000000000000000e+00,2.000000000000000000e+04
7.399999999999999911e-01,4.199999999999999845e-01,1.643435792384525737e-02,-4.527343739204146567e-01,0.000000000000000000e+00,0.000000000000000000e+00,2.000000000000000000e+04
7.600000000000000089e-01,4.199999999999999845e-01,1.723728828732720014e-02,-4.613639025866629884e-01,0.000000000000000000e+00,0.000000000000000000e+00,2.000000000000000000e+04
7.800000000000000266e-01,4.199999999999999845e-01,1.795444285945508797e-02,-4.698154413398347162e-01,0.000000000000000000e+00,0.000000000000000000e+00,2.000000000000000000e+04
8.000000000000000444e-01,4.199999999999999845e-01,1.858649830284145668e-02,-4.781099456962610295e-01,0.000000000000000000e+00,0.000000000000000000e+00,2.000000000000000000e+04
8.199999999999999512e-01,4.199999999999999845e-01,1.913503179518051545e-02,-4.862677982975104896e-01,0.000000000000000000e+00,0.000000000000000000e+00,2.000000000000000000e+04
8.399999999999999689e-01,4.199999999999999845e-01,1.960234627778191172e-02,-4.943086278144148138e-01,0.000000000000000000e+00,0.000000000000000000e+00,2.000000000000000000e+04
8.599999999999999867e-01,4.199999999999999845e-01,1.999132266751086490e-02,-5.022511663195800002e-01,0.000000000000000000e+00,0.000000000000000000e+00,2.000000000000000000e+04
8.800000000000000044e-01,4.199999999999999845e-01,2.030530663431049862e-02,-5.101131307443946827e-01,0.000000000000000000e+00,0.000000000000000000e+00,2.000000000000000000e+04
9.000000000000000222e-01,4.199999999999999845e-01,2.054803585081341200e-02,-5.179111124002626632e-01,0.000000000000000000e+00,0.000000000000000000e+00,2.000000000000000000e+04
9.200000000000000400e-01,4.199999999999999845e-01,2.072361219749098427e-02,-5.256604572029451861e-01,0.000000000000000000e+00,0.000000000000000000e+00,2.000000000000000000e+04
9.399999999999999467e-01,4.199999999999999845e-01,2.083652222357763525e-02,-5.333751180574084483e-01,0.000000000000000000e+00,0.000000000000000000e+00,2.000000000000000000e+04
9.599999999999999645e-01,4.199999999999999845e-01,2.089170813655481795e-02,-5.410674597783831086e-01,0.000000000000000000e+00,0.000000000000000000e+00,2.000000000000000000e+04
9.799999999999999822e-01,4.199999999999999845e-01,2.089469058908732801e-02,-5.487479959611650804e-01,0.000000000000000000e+00,0.000000000000000000e+00,2.000000000000000000e+04
1.000000000000000000e+00,4.199999999999999845e-01,2.085174337086427923e-02,-5.564250364735385812e-01,0.000000000000000000e+00,0.000000000000000000e+00,2.000000000000000000e+04
0.000000000000000000e+00,4.400000000000000022e-01,0.000000000000000000e+00,0.000000000000000000e+00,1.000000000000000000e+00,0.000000000000000000e+00,2.000000000000000000e+04
2.000000000000000042e-02,4.400000000000000022e-01,-9.292644990985554111e-04,-1.071873838167659507e-02,0.000000000000000000e+00,0.000000000000000000e+00,2.000000000000000000e+04
4.000000000000000083e-02,4.400000000000000022e-01,-1.785034403815754936e-03,-2.181762897926742620e-02,0.000000000000000000e+00,0.000000000000000000e+00,2.000000000000000000e+04
5.999999999999999778e-02,4.400000000000000022e-01,-2.568470992581334180e-03,-3.330244508841890411e-02,0.000000000000000000e+00,0.000000000000000000e+00,2.000000000000000000e+04
8.000000000000000167e-02,4.400000000000000022e-01,-3.278748000647398100e-03,-4.517158536230021781e-02,0.000000000000000000e+00,0.000000000000000000e+00,2.000000000000000000e+04
1.000000000000000056e-01,4.400000000000000022e-01,-3.913223987655677256e-03,-5.741641545585691314e-02,0.000000000000000000e+00,0.000000000000000000e+00,2.000000000000000000e+04
1.199999999999999956e-01,4.400000000000000022e-01,-4.467653974227423809e-03,-7.002174882165203285e-02,0.000000000000000000e+00,0.000000000000000000e+00,2.000000000000000000e+04
1.400000000000000133e-01,4.400000000000000022e-01,-4.936442659863840739e-03,-8.296642291282993464e-02,0.000000000000000000e+00,0.000000000000000000e+00,2.000000000000000000e+04
1.600000000000000033e-01,4.400000000000000022e-01,-5.312938081177536603e-03,-9.622393288428986169e-02,0.000000000000000000e+00,0.000000000000000000e+00,2.000000000000000000e+04
1.799999999999999933e-01,4.400000000000000022e-01,-5.589761660202497220e-03,-1.097630923991642915e-01,0.000000000000000000e+00,0.000000000000000000e+00,2.000000000000000000e+04
2.000000000000000111e-01,4.400000000000000022e-01,-5.759168269128005745e-03,-1.235486994781675035e-01,0.000000000000000000e+00,0.000000000000000000e+00,2.000000000000000000e+04
2.200000000000000011e-01,4.400000000000000022e-01,-5.813428128204738317e-03,-1.375421936377080878e-01,0.000000000000000000e+00,0.000000000000000000e+00,2.000000000000000000e+04
2.399999999999999911e-01,4.400000000000000022e-01,-5.745220936954562214e-03,-1.517022981115946356e-01,0.000000000000000000e+00,0.000000000000000000e+00,2.000000000000000000e+04
2.600000000000000089e-01,4.400000000000000022e-01,-5.548031491044941831e-03,-1.659856471554781165e-01,0.000000000000000000e+00,0.000000000000000000e+00,2.000000000000000000e+04
2.800000000000000266e-01,4.400000000000000022e-01,-5.216535063333038041e-03,-1.803474028876269064e-01,0.000000000000000000e+00,0.000000000000000000e+00,2.000000000000000000e+04
2.999999999999999889e-01,4.400000000000000022e-01,-4.746959985615684802e-03,-1.947418686045820357e-01,0.000000000000000000e+00,0.000000000000000000e+00,2.000000000000000000e+04
3.200000000000000067e-01,4.400000000000000022e-01,-4.137414183667164659e-03,-2.091231059810518267e-01,0.000000000000000000e+00,0.000000000000000000e+00,2.000000000000000000e+04
3.400000000000000244e-01,4.400000000000000022e-01,-3.388161991485101263e-03,-2.234455621302653128e-01,0.000000000000000000e+00,0.000000000000000000e+00,2.000000000000000000e+04
3.599999999999999867e-01,4.400000000000000022e-01,-2.501837566477920806e-03,-2.376647094051120290e-01,0.000000000000000000e+00,0.000000000000000000e+00,2.000000000000000000e+04
3.800000000000000044e-01,4.400000000000000022e-01,-1.483581856636147960e-03,-2.517376964104188763e-01,0.000000000000000000e+00,0.000000000000000000e+00,2.000000000000000000e+04
4.000000000000000222e-01,4.400000000000000022e-01,-3.410915588071920519e-04,-2.656240034082595347e-01,0.000000000000000000e+00,0.000000000000000000e+00,2.000000000000000000e+04
4.199999999999999845e-01,4.400000000000000022e-01,9.154289465219385500e-04,-2.792860896369699919e-01,0.000000000000000000e+00,0.000000000000000000e+00,2.000000000000000000e+04
4.400000000000000022e-01,4.400000000000000022e-01,2.273417965230630899e-03,-2.926900145920639518e-01,0.000000000000000000e+00,0.000000000000000000e+00,2.000000000000000000e+04
4.600000000000000200e-01,4.400000000000000022e-01,3.718209512406424680e-03,-3.058060106361121244e-01,0.000000000000000000e+00,0.000000000000000000e+00,2.000000000000000000e+04
4.799999999999999822e-01,4.400000000000000022e-01,5.233383347313308627e-03,-3.186089810382655152e-01,0.000000000000000000e+00,0.000000000000000000e+00,2.000000000000000000e+04
5.000000000000000000e-01,4.400000000000000022e-01,6.801199670137002273e-03,-3.310788963046643607e-01,0.000000000000000000e+00,0.000000000000000000e+00,2.000000000000000000e+04
5.200000000000000178e-01,4.400000000000000022e-01,8.403099240898308925e-03,-3.432010629956374625e-01,0.000000000000000000e+00,0.000000000000000000e+00,2.000000000000000000e+04
5.400000000000000355e-01,4.400000000000000022e-01,1.002024336995845435e-02,-3.549662435734290411e-01,0.000000000000000000e+00,0.000000000000000000e+00,2.000000000000000000e+04
5.600000000000000533e-01,4.400000000000000022e-01,1.163406334254585110e-02,-3.663706132038865304e-01,0.000000000000000000e+00,0.000000000000000000e+00,2.000000000000000000e+04
5.799999999999999600e-01,4.400000000000000022e-01,1.322678639389270050e-02,-3.774155498770160877e-01,0.000000000000000000e+00,0.000000000000000000e+00,2.000000000000000000e+04
5.999999999999999778e-01,4.400000000000000022e-01,1.478190635525854224e-02,-3.881072670754083798e-01,0.000000000000000000e+00,0.000000000000000000e+00,2.000000000000000000e+04
6.199999999999999956e-01,4.400000000000000022e-01,1.628457195953759637e-02,-3.984563115399443745e-01,0.000000000000000000e+00,0.000000000000000000e+00,2.000000000000000000e+04
6.400000000000000133e-01,4.400000000000000022e-01,1.772187393849284504e-02,-4.084769597453163925e-01,0.000000000000000000e+00,0.000000000000000000e+00,2.000000000000000000e+04
6.600000000000000311e-01,4.400000000000000022e-01,1.908302201630076439e-02,-4.181865532814331710e-01,0.000000000000000000e+00,0.000000000000000000e+00,2.000000000000000000e+04
6.800000000000000488e-01,4.400000000000000022e-01,2.035941295267578235e-02,-4.276048145513098309e-01,0.000000000000000000e+00,0.000000000000000000e+00,2.000000000000000000e+04
6.999999999999999556e-01,4.400000000000000022e-01,2.154459941636788223e-02,-4.367531805414860413e-01,0.000000000000000000e+00,0.000000000000000000e+00,2.000000000000000000e+04
7.199999999999999734e-01,4.400000000000000022e-01,2.263417576255079625e-02,-4.456541853008075260e-01,0.000000000000000000e+00,0.000000000000000000e+00,2.000000000000000000e+04
7.399999999999999911e-01,4.400000000000000022e-01,2.362560046565069169e-02,-4.543309128669243413e-01,0.000000000000000000e+00,0.000000000000000000e+00,2.000000000000000000e+04
7.600000000000000089e-01,4.400000000000000022e-01,2.451797624139452972e-02,-4.628065332088161510e-01,0.000000000000000000e+00,0.000000000000000000e+00,2.000000000000000000e+04
7.800000000000000266e-01,4.400000000000000022e-01,2.531180829146197075e-02,-4.711039253790872405e-01,0.000000000000000000e+00,0.000000000000000000e+00,2.000000000000000000e+04
8.000000000000000444e-01,4.400000000000000022e-01,2.600875923826335284e-02,-4.792453850854487829e-01,0.000000000000000000e+00,0.000000000000000000e+00,2.000000000000000000e+04
8.199999999999999512e-01,4.400000000000000022e-01,2.661141677079787576e-02,-4.872524084848402492e-01,0.000000000000000000e+00,0.000000000000000000e+00,2.000000000000000000e+04
8.399999999999999689e-01,4.400000000000000022e-01,2.712308727079361728e-02,-4.951455400780945260e-01,0.000000000000000000e+00,0.000000000000000000e+00,2.000000000000000000e+04
8.599999999999999867e-01,4.400000000000000022e-01,2.754762606907489031e-02,-5.029442698742413453e-01,0.000000000000000000e+00,0.000000000000000000e+00,2.000000000000000000e+04
8.800000000000000044e-01,4.400000000000000022e-01,2.788931269767049026e-02,-5.106669631705665902e-01,0.000000000000000000e+00,0.000000000000000000e+00,2.000000000000000000e+04
9.000000000000000222e-01,4.400000000000000022e-01,2.815277763896419441e-02,-5.183308050296863145e-01,0.000000000000000000e+00,0.000000000000000000e+00,2.000000000000000000e+04
9.200000000000000400e-01,4.400000000000000022e-01,2.834298562054504700e-02,-5.259517405490529152e-01,0.000000000000000000e+00,0.000000000000000000e+00,2.000000000000000000e+04
9.399999999999999467e-01,4.400000000000000022e-01,2.846527938123680906e-02,-5.335443911065759215e-01,0.000000000000000000e+00,0.000000000000000000e+00,2.000000000000000000e+04
9.599999999999999645e-01,4.400000000000000022e-01,2.852548689937309256e-02,-5.411219258094823736e-01,0.000000000000000000e+00,0.000000000000000000e+00,2.000000000000000000e+04
9.799999999999999822e-01,4.400000000000000022e-01,2.853009413832865299e-02,-5.486958663391627855e-01,0.000000000000000000e+00,0.000000000000000000e+00,2.000000000000000000e+04
1.000000000000000000e+00,4.400000000000000022e-01,2.848648419184655542e-02,-5.562758023152026832e-01,0.000000000000000000e+00,0.000000000000000000e+00,2.000000000000000000e+04
0.000000000000000000e+00,4.600000000000000200e-01,0.000000000000000000e+00,0.000000000000000000e+00,1.000000000000000000e+00,0.000000000000000000e+00,2.000000000000000000e+04
2.000000000000000042e-02,4.600000000000000200e-01,-7.875207399914606809e-04,-1.081761926362793599e-02,0.000000000000000000e+00,0.000000000000000000e+00,2.000000000000000000e+04
4.000000000000000083e-02,4.600000000000000200e-01,-1.506860326659854605e-03,-2.201260716204147053e-02,0.000000000000000000e+00,0.000000000000000000e+00,2.000000000000000000e+04
5.999999999999999778e-02,4.600000000000000200e-01,-2.156871412417551374e-03,-3.359320849081534610e-02,0.000000000000000000e+00,0.000000000000000000e+00,2.000000000000000000e+04
8.000000000000000167e-02,4.600000000000000200e-01,-2.734511312439700647e-03,-4.556003483422650657e-02,0.000000000000000000e+00,0.000000000000000000e+00,2.000000000000000000e+04
1.000000000000000056e-01,4.600000000000000200e-01,-3.235088280433279142e-03,-5.790638104726397728e-02,0.000000000000000000e+00,0.000000000000000000e+00,2.000000000000000000e+04
1.199999999999999956e-01,4.600000000000000200e-01,-3.652519360085904141e-03,-7.061867605532802517e-02,0.000000000000000000e+00,0.000000000000000000e+00,2.000000000000000000e+04
1.400000000000000133e-01,4.600000000000000200e-01,-3.979605338986139280e-03,-8.367702696818693497e-02,0.000000000000000000e+00,0.000000000000000000e+00,2.000000000000000000e+04
1.600000000000000033e-01,4.600000000000000200e-01,-4.208326594438161102e-03,-9.705582114567805341e-02,0.000000000000000000e+00,0.000000000000000000e+00,2.000000000000000000e+04
1.799999999999999933e-01,4.600000000000000200e-01,-4.330161764193856538e-03,-1.107243581340412730e-01,0.000000000000000000e+00,0.000000000000000000e+00,2.000000000000000000e+04
2.000000000000000111e-01,4.600000000000000200e-01,-4.336429198006002371e-03,-1.246474915464246686e-01,0.000000000000000000e+00,0.000000000000000000e+00,2.000000000000000000e+04
2.200000000000000011e-01,4.600000000000000200e-01,-4.218649015209245852e-03,-1.387862691716046093e-01,0.000000000000000000e+00,0.000000000000000000e+00,2.000000000000000000e+04
2.399999999999999911e-01,4.600000000000000200e-01,-3.968921289582707894e-03,-1.530985671017949246e-01,0.000000000000000000e+00,0.000000000000000000e+00,2.000000000000000000e+04
2.600000000000000089e-01,4.600000000000000200e-01,-3.580313419823200841e-03,-1.675397198473461136e-01,0.000000000000000000e+00,0.000000000000000000e+00,2.000000000000000000e+04
2.800000000000000266e-01,4.600000000000000200e-01,-3.047247181053619903e-03,-1.820631527980374476e-01,0.000000000000000000e+00,0.000000000000000000e+00,2.000000000000000000e+04
2.999999999999999889e-01,4.600000000000000200e-01,-2.365873401543251882e-03,-1.966210257226221614e-01,0.000000000000000000e+00,0.000000000000000000e+00,2.000000000000000000e+04
3.200000000000000067e-01,4.600000000000000200e-01,-1.534419839385298872e-03,-2.111648961680895609e-01,0.000000000000000000e+00,0.000000000000000000e+00,2.000000000000000000e+04
3.400000000000000244e-01,4.600000000000000200e-01,-5.534958757725868140e-04,-2.256464096836688915e-01,0.000000000000000000e+00,0.000000000000000000e+00,2.000000000000000000e+04
3.599999999999999867e-01,4.600000000000000200e-01,5.736636244556948079e-04,-2.400180199506152523e-01,0.000000000000000000e+00,0.000000000000000000e+00,2.000000000000000000e+04
3.800000000000000044e-01,4.600000000000000200e-01,1.841033195553417809e-03,-2.542337364753189943e-01,0.000000000000000000e+00,0.000000000000000000e+00,2.000000000000000000e+04
4.000000000000000222e-01,4.600000000000000200e-01,3.239727251173535067e-03,-2.682498909470730220e-01,0.000000000000000000e+00,0.000000000000000000e+00,2.000000000000000000e+04
4.199999999999999845e-01,4.600000000000000200e-01,4.758040372248550400e-03,-2.820259062301355701e-01,0.000000000000000000e+00,0.000000000000000000e+00,2.000000000000000000e+04
4.400000000000000022e-01,4.600000000000000200e-01,6.381607202687834476e-03,-2.955250449118952405e-01,0.000000000000000000e+00,0.000000000000000000e+00,2.000000000000000000e+04
4.600000000000000200e-01,4.600000000000000200e-01,8.093685548889150913e-03,-3.087151081148895582e-01,0.000000000000000000e+00,0.000000000000000000e+00,2.000000000000000000e+04
4.799999999999999822e-01,4.600000000000000200e-01,9.875558455961093093e-03,-3.215690507196565240e-01,0.000000000000000000e+00,0.000000000000000000e+00,2.000000000000000000e+04
5.000000000000000000e-01,4.600000000000000200e-01,1.170704202265350491e-02,-3.340654770889739389e-01,0.000000000000000000e+00,0.000000000000000000e+00,2.000000000000000000e+04
5.200000000000000178e-01,4.600000000000000200e-01,1.356707623837286047e-02,-3.461889826422776539e-01,0.000000000000000000e+00,0.000000000000000000e+00,2.000000000000000000e+04
5.400000000000000355e-01,4.600000000000000200e-01,1.543436723797658901e-02,-3.579303119501944797e-01,0.000000000000000000e+00,0.000000000000000000e+00,2.000000000000000000e+04
5.600000000000000533e-01,4.600000000000000200e-01,1.728804222265950194e-02,-3.692863134324803620e-01,0.000000000000000000e+00,0.000000000000000000e+00,2.000000000000000000e+04
5.799999999999999600e-01,4.600000000000000200e-01,1.910827444946274628e-02,-3.802596847296278448e-01,0.000000000000000000e+00,0.000000000000000000e+00,2.000000000000000000e+04
5.999999999999999778e-01,4.600000000000000200e-01,2.087683683137453450e-02,-3.908585207174872234e-01,0.000000000000000000e+00,0.000000000000000000e+00,2.000000000000000000e+04
6.199999999999999956e-01,4.600000000000000200e-01,2.257754949786716300e-02,-4.010956948046892068e-01,0.000000000000000000e+00,0.000000000000000000e+00,2.000000000000000000e+04
6.400000000000000133e-01,4.600000000000000200e-01,2.419659812784488717e-02,-4.109881192377440873e-01,0.000000000000000000e+00,0.000000000000000000e+00,2.000000000000000000e+04
6.600000000000000311e-01,4.600000000000000200e-01,2.572271364747988343e-02,-4.205559383388486339e-01,0.000000000000000000e+00,0.000000000000000000e+00,2.000000000000000000e+04
6.800000000000000488e-01,4.600000000000000200e-01,2.714721732286995773e-02,-4.298217089426484283e-01,0.000000000000000000e+00,0.000000000000000000e+00,2.000000000000000000e+04
6.999999999999999556e-01,4.600000000000000200e-01,2.846394627893656520e-02,-4.388096159604785163e-01,0.000000000000000000e+00,0.000000000000000000e+00,2.000000000000000000e+04
7.199999999999999734e-01,4.600000000000000200e-01,2.966908193698413951e-02,-4.475447603544726038e-01,0.000000000000000000e+00,0.000000000000000000e+00,2.000000000000000000e+04
7.399999999999999911e-01,4.600000000000000200e-01,3.076090763528033928e-02,-4.560525444006985896e-01,0.000000000000000000e+00,0.000000000000000000e+00,2.000000000000000000e+04
7.600000000000000089e-01,4.600000000000000200e-01,3.173952230347223957e-02,-4.643581670295263697e-01,0.000000000000000000e+00,0.000000000000000000e+00,2.000000000000000000e+04
7.800000000000000266e-01,4.600000000000000200e-01,3.260653535994091634e-02,-4.724862315786689249e-01,0.000000000000000000e+00,0.000000000000000000e+00,2.000000000000000000e+04
8.000000000000000444e-01,4.600000000000000200e-01,3.336476490659687211e-02,-4.804604600879637255e-01,0.000000000000000000e+00,0.000000000000000000e+00,2.000000000000000000e+04
8.199999999999999512e-01,4.600000000000000200e-01,3.401795760745714159e-02,-4.883035023638017669e-01,0.000000000000000000e+00,0.000000000000000000e+00,2.000000000000000000e+04
8.399999999999999689e-01,4.600000000000000200e-01,3.457054495891542095e-02,-4.960368241566393555e-01,0.000000000000000000e+00,0.000000000000000000e+00,2.000000000000000000e+04
8.599999999999999867e-01,4.600000000000000200e-01,3.502744738373732986e-02,-5.036806564677240861e-01,0.000000000000000000e+00,0.000000000000000000e+00,2.000000000000000000e+04
8.800000000000000044e-01,4.600000000000000200e-01,3.539393491262168845e-02,-5.112539867284265904e-01,0.000000000000000000e+00,0.000000000000000000e+00,2.000000000000000000e+04
9.000000000000000222e-01,4.600000000000000200e-01,3.567555121108063887e-02,-5.187745719128635802e-01,0.000000000000000000e+00,0.000000000000000000e+00,2.000000000000000000e+04
9.200000000000000400e-01,4.600000000000000200e-01,3.587810630657752020e-02,-5.262589531689548794e-01,0.000000000000000000e+00,0.000000000000000000e+00,2.000000000000000000e+04
9.399999999999999467e-01,4.600000000000000200e-01,3.600774242951606391e-02,-5.337224510016865819e-01,0.000000000000000000e+00,0.000000000000000000e+00,2.000000000000000000e+04
9.599999999999999645e-01,4.600000000000000200e-01,3.607107669799348298e-02,-5.411791192348743840e-01,0.000000000000000000e+00,0.000000000000000000e+00,2.000000000000000000e+04
9.799999999999999822e-01,4.600000000000000200e-01,3.607542369722899211e-02,-5.486416348295585221e-01,0.000000000000000000e+00,0.000000000000000000e+00,2.000000000000000000e+04
1.000000000000000000e+00,4.600000000000000200e-01,3.602910003612502798e-02,-5.561210991472016474e-01,0.000000000000000000e+00,0.000000000000000000e+00,2.000000000000000000e+04
0.000000000000000000e+00,4.799999999999999822e-01,0.000000000000000000e+00,0.000000000000000000e+00,1.000000000000000000e+00,0.000000000000000000e+00,2.000000000000000000e+04
2.000000000000000042e-02,4.799999999999999822e-01,-6.477939121725329518e-04,-1.090692084332782648e-02,0.000000000000000000e+00,0.000000000000000000e+00,2.000000000000000000e+04
4.000000000000000083e-02,4.799999999999999822e-01,-1.233804396423614442e-03,-2.219232154406407601e-02,0.000000000000000000e+00,0.000000000000000000e+00,2.000000000000000000e+04
5.999999999999999778e-02,4.799999999999999822e-01,-1.754493698045862197e-03,-3.386685085702945824e-02,0.000000000000000000e+00,0.000000000000000000e+00,2.000000000000000000e+04
8.000000000000000167e-02,4.799999999999999822e-01,-2.204517990676604141e-03,-4.593315380824408711e-02,0.000000000000000000e+00,0.000000000000000000e+00,2.000000000000000000e+04
1.000000000000000056e-01,4.799999999999999822e-01,-2.577041565157403916e-03,-5.838619546827601703e-02,0.000000000000000000e+00,0.000000000000000000e+00,2.000000000000000000e+04
1.199999999999999956e-01,4.799999999999999822e-01,-2.864035904909686264e-03,-7.121371165065676356e-02,0.000000000000000000e+00,0.000000000000000000e+00,2.000000000000000000e+04
1.400000000000000133e-01,4.799999999999999822e-01,-3.056572654265468213e-03,-8.439674627618119762e-02,0.000000000000000000e+00,0.000000000000000000e+00,2.000000000000000000e+04
1.600000000000000033e-01,4.799999999999999822e-01,-3.145119297363685364e-03,-9.791024114872065587e-02,0.000000000000000000e+00,0.000000000000000000e+00,2.000000000000000000e+04
1.799999999999999933e-01,4.799999999999999822e-01,-3.119845507651169796e-03,-1.117236516192705031e-01,0.000000000000000000e+00,0.000000000000000000e+00,2.000000000000000000e+04
2.000000000000000111e-01,4.799999999999999822e-01,-2.970946510530210471e-03,-1.258015703072343228e-01,0.000000000000000000e+00,0.000000000000000000e+00,2.000000000000000000e+04
2.200000000000000011e-01,4.799999999999999822e-01,-2.688987393462618277e-03,-1.401043498186220482e-01,0.000000000000000000e+00,0.000000000000000000e+00,2.000000000000000000e+04
2.399999999999999911e-01,4.799999999999999822e-01,-2.265269148962874898e-03,-1.545887234100973007e-01,0.000000000000000000e+00,0.000000000000000000e+00,2.000000000000000000e+04
2.600000000000000089e-01,4.799999999999999822e-01,-1.692213470605119030e-03,-1.692084290975155170e-01,0.000000000000000000e+00,0.000000000000000000e+00,2.000000000000000000e+04
2.800000000000000266e-01,4.799999999999999822e-01,-9.637591283296928057e-04,-1.839148472821644786e-01,0.000000000000000000e+00,0.000000000000000000e+00,2.000000000000000000e+04
2.999999999999999889e-01,4.799999999999999822e-01,-7.575837435680483477e-05,-1.986576642386363722e-01,0.000000000000000000e+00,0.000000000000000000e+00,2.000000000000000000e+04
3.200000000000000067e-01,4.799999999999999822e-01,9.736424170417275811e-04,-2.133855736223785882e-01,0.000000000000000000e+00,0.000000000000000000e+00,2.000000000000000000e+04
3.400000000000000244e-01,4.799999999999999822e-01,2.183657424838492383e-03,-2.280470255227496634e-01,0.000000000000000000e+00,0.000000000000000000e+00,2.000000000000000000e+04
3.599999999999999867e-01,4.799999999999999822e-01,3.550573754626403910e-03,-2.425910276737725524e-01,0.000000000000000000e+00,0.000000000000000000e+00,2.000000000000000000e+04
3.800000000000000044e-01,4.799999999999999822e-01,5.067545354140416333e-03,-2.569679965562008950e-01,0.000000000000000000e+00,0.000000000000000000e+00,2.000000000000000000e+04
4.000000000000000222e-01,4.799999999999999822e-01,6.724491950893704897e-03,-2.711306477503386825e-01,0.000000000000000000e+00,0.000000000000000000e+00,2.000000000000000000e+04
4.199999999999999845e-01,4.799999999999999822e-01,8.508123903690366710e-03,-2.850349056545530835e-01,0.000000000000000000e+00,0.000000000000000000e+00,2.000000000000000000e+04
4.400000000000000022e-01,4.799999999999999822e-01,1.040210876484764721e-02,-2.986408033527527817e-01,0.000000000000000000e+00,0.000000000000000000e+00,2.000000000000000000e+04
4.600000000000000200e-01,4.799999999999999822e-01,1.238738765517946420e-02,-3.119133349329770710e-01,0.000000000000000000e+00,0.000000000000000000e+00,2.000000000000000000e+04
4.799999999999999822e-01,4.799999999999999822e-01,1.444263943471256993e-02,-3.248232160050818496e-01,0.000000000000000000e+00,0.000000000000000000e+00,2.000000000000000000e+04
5.000000000000000000e-01,4.799999999999999822e-01,1.654487863217595639e-02,-3.373475047148060124e-01,0.000000000000000000e+00,0.000000000000000000e+00,2.000000000000000000e+04
5.200000000000000178e-01,4.799999999999999822e-01,1.867016010747857627e-02,-3.494700363880712257e-01,0.000000000000000000e+00,0.000000000000000000e+00,2.000000000000000000e+04
5.400000000000000355e-01,4.799999999999999822e-01,2.079435094344440904e-02,-3.611816313258386923e-01,0.000000000000000000e+00,0.000000000000000000e+00,2.000000000000000000e+04
5.600000000000000533e-01,4.799999999999999822e-01,2.289391959393903900e-02,-3.724800471061806006e-01,0.000000000000000000e+00,0.000000000000000000e+00,2.000000000000000000e+04
5.799999999999999600e-01,4.799999999999999822e-01,2.494668630683394978e-02,-3.833696656223695709e-01,0.000000000000000000e+00,0.000000000000000000e+00,2.000000000000000000e+04
5.999999999999999778e-01,4.799999999999999822e-01,2.693248017822163012e-02,-3.938609304619558604e-01,0.000000000000000000e+00,0.000000000000000000e+00,2.000000000000000000e+04
6.199999999999999956e-01,4.799999999999999822e-01,2.883365799033326890e-02,-4.039695768531019748e-01,0.000000000000000000e+00,0.000000000000000000e+00,2.000000000000000000e+04
6.400000000000000133e-01,4.799999999999999822e-01,3.063545642904959981e-02,-4.137157171245583465e-01,0.000000000000000000e+00,0.000000000000000000e+00,2.000000000000000000e+04
6.600000000000000311e-01,4.799999999999999822e-01,3.232616853638443921e-02,-4.231228545785025164e-01,0.000000000000000000e+00,0.000000000000000000e+00,2.000000000000000000e+04
6.800000000000000488e-01,4.799999999999999822e-01,3.389715328237050129e-02,-4.322168970596089177e-01,0.000000000000000000e+00,0.000000000000000000e+00,2.000000000000000000e+04
6.999999999999999556e-01,4.799999999999999822e-01,3.534270106238682208e-02,-4.410252308008552613e-01,0.000000000000000000e+00,0.000000000000000000e+00,2.000000000000000000e+04
7.199999999999999734e-01,4.799999999999999822e-01,3.665978650886646262e-02,-4.495758992694472989e-01,0.000000000000000000e+00,0.000000000000000000e+00,2.000000000000000000e+04
7.399999999999999911e-01,4.799999999999999822e-01,3.784774342874965697e-02,-4.578969145116563721e-01,0.000000000000000000e+00,0.000000000000000000e+00,2.000000000000000000e+04
7.600000000000000089e-01,4.799999999999999822e-01,3.890789598394060050e-02,-4.660157126751543477e-01,0.000000000000000000e+00,0.000000000000000000e+00,2.000000000000000000e+04
7.800000000000000266e-01,4.799999999999999822e-01,3.984317679398242940e-02,-4.739587525192486828e-01,0.000000000000000000e+00,0.000000000000000000e+00,2.000000000000000000e+04
8.000000000000000444e-01,4.799999999999999822e-01,4.065775777715473216e-02,-4.817512463146461643e-01,0.000000000000000000e+00,0.000000000000000000e+00,2.000000000000000000e+04
8.199999999999999512e-01,4.799999999999999822e-01,4.135671431906335488e-02,-4.894170063811025817e-01,0.000000000000000000e+00,0.000000000000000000e+00,2.000000000000000000e+04
8.399999999999999689e-01,4.799999999999999822e-01,4.194573850314489011e-02,-4.969783870191253894e-01,0.000000000000000000e+00,0.000000000000000000e+00,2.000000000000000000e+04
8.599999999999999867e-01,4.799999999999999822e-01,4.243091308613728546e-02,-5.044563000209308923e-01,0.000000000000000000e+00,0.000000000000000000e+00,2.000000000000000000e+04
8.800000000000000044e-01,4.799999999999999822e-01,4.281855483540152052e-02,-5.118702815682604212e-01,0.000000000000000000e+00,0.000000000000000000e+00,2.000000000000000000e+04
9.000000000000000222e-01,4.799999999999999822e-01,4.311513376208578330e-02,-5.192385885093916409e-01,0.000000000000000000e+00,0.000000000000000000e+00,2.000000000000000000e+04
9.200000000000000400e-01,4.799999999999999822e-01,4.332727355512273892e-02,-5.265783022549825887e-01,0.000000000000000000e+00,0.000000000000000000e+00,2.000000000000000000e+04
9.399999999999999467e-01,4.799999999999999822e-01,4.346183793060950235e-02,-5.339054184778364576e-01,0.000000000000000000e+00,0.000000000000000000e+00,2.000000000000000000e+04
9.599999999999999645e-01,4.799999999999999822e-01,4.352610738411472752e-02,-5.412349002055758529e-01,0.000000000000000000e+00,0.000000000000000000e+00,2.000000000000000000e+04
9.799999999999999822e-01,4.799999999999999822e-01,4.352805064907300930e-02,-5.485806706261021626e-01,0.000000000000000000e+00,0.000000000000000000e+00,2.000000000000000000e+04
1.000000000000000000e+00,4.799999999999999822e-01,4.347669466326898463e-02,-5.559555199441461593e-01,0.000000000000000000e+00,0.000000000000000000e+00,2.000000000000000000e+04
0.000000000000000000e+00,5.000000000000000000e-01,0.000000000000000000e+00,0.000000000000000000e+00,1.000000000000000000e+00,0.000000000000000000e+00,2.000000000000000000e+04
2.000000000000000042e-02,5.000000000000000000e-01,-5.085622920523435184e-04,-1.098503201430292217e-02,0.000000000000000000e+00,0.000000000000000000e+00,2.000000000000000000e+04
4.000000000000000083e-02,5.000000000000000000e-01,-9.628488626250422330e-04,-2.235372856736035987e-02,0.000000000000000000e+00,0.000000000000000000e+00,2.000000000000000000e+04
5.999999999999999778e-02,5.000000000000000000e-01,-1.356824981315007299e-03,-3.411906407221362847e-02,0.000000000000000000e+00,0.000000000000000000e+00,2.000000000000000000e+04
8.000000000000000167e-02,5.000000000000000000e-01,-1.682753770365758537e-03,-4.628553386630025746e-02,0.000000000000000000e+00,0.000000000000000000e+00,2.000000000000000000e+04
1.000000000000000056e-01,5.000000000000000000e-01,-1.931570949876130735e-03,-5.884951764818673742e-02,0.000000000000000000e+00,0.000000000000000000e+00,2.000000000000000000e+04
1.199999999999999956e-01,5.000000000000000000e-01,-2.093217340345928171e-03,-7.179975936081722798e-02,0.000000000000000000e+00,0.000000000000000000e+00,2.000000000000000000e+04
1.400000000000000133e-01,5.000000000000000000e-01,-2.156942153558362874e-03,-8.511792215264518680e-02,0.000000000000000000e+00,0.000000000000000000e+00,2.000000000000000000e+04
1.600000000000000033e-01,5.000000000000000000e-01,-2.111591436873867713e-03,-9.877918386282945329e-02,0.000000000000000000e+00,0.000000000000000000e+00,2.000000000000000000e+04
1.799999999999999933e-01,5.000000000000000000e-01,-1.945896190121407243e-03,-1.127528473009333232e-01,0.000000000000000000e+00,0.000000000000000000e+00,2.000000000000000000e+04
2.000000000000000111e-01,5.000000000000000000e-01,-1.648773428523611423e-03,-1.270029495362437755e-01,0.000000000000000000e+00,0.000000000000000000e+00,2.000000000000000000e+04
2.200000000000000011e-01,5.000000000000000000e-01,-1.209650772690374623e-03,-1.414888644235263448e-01,0.000000000000000000e+00,0.000000000000000000e+00,2.000000000000000000e+04
2.399999999999999911e-01,5.000000000000000000e-01,-6.188211163084910262e-04,-1.561659016848243875e-01,0.000000000000000000e+00,0.000000000000000000e+00,2.000000000000000000e+04
2.600000000000000089e-01,5.000000000000000000e-01,1.321712259196764589e-04,-1.709859132393878600e-01,0.000000000000000000e+00,0.000000000000000000e+00,2.000000000000000000e+04
2.800000000000000266e-01,5.000000000000000000e-01,1.050117454149536054e-03,-1.858979225389845447e-01,0.000000000000000000e+00,0.000000000000000000e+00,2.000000000000000000e+04
2.999999999999999889e-01,5.000000000000000000e-01,2.139715285615972646e-03,-2.008487950380560272e-01,0.000000000000000000e+00,0.000000000000000000e+00,2.000000000000000000e+04
3.200000000000000067e-01,5.000000000000000000e-01,3.403141437902980956e-03,-2.157839674009318365e-01,0.000000000000000000e+00,0.000000000000000000e+00,2.000000000000000000e+04
3.400000000000000244e-01,5.000000000000000000e-01,4.839648937701392442e-03,-2.306482495804904609e-01,0.000000000000000000e+00,0.000000000000000000e+00,2.000000000000000000e+04
3.599999999999999867e-01,5.000000000000000000e-01,6.445217436074666441e-03,-2.453867076180983875e-01,0.000000000000000000e+00,0.000000000000000000e+00,2.000000000000000000e+04
3.800000000000000044e-01,5.000000000000000000e-01,8.212287810424627119e-03,-2.599456262127052275e-01,0.000000000000000000e+00,0.000000000000000000e+00,2.000000000000000000e+04
4.000000000000000222e-01,5.000000000000000000e-01,1.012961303987209433e-02,-2.742735392795463412e-01,0.000000000000000000e+00,0.000000000000000000e+00,2.000000000000000000e+04
4.199999999999999845e-01,5.000000000000000000e-01,1.218225505223439510e-02,-2.883223045697050901e-01,0.000000000000000000e+00,0.000000000000000000e+00,2.000000000000000000e+04
4.400000000000000022e-01,5.000000000000000000e-01,1.435175149091431034e-02,-3.020481858838444666e-01,0.000000000000000000e+00,0.000000000000000000e+00,2.000000000000000000e+04
4.600000000000000200e-01,5.000000000000000000e-01,1.661646690880259902e-02,-3.154128946604428663e-01,0.000000000000000000e+00,0.000000000000000000e+00,2.000000000000000000e+04
4.799999999999999822e-01,5.000000000000000000e-01,1.895212988396839660e-02,-3.283845331629476894e-01,0.000000000000000000e+00,0.000000000000000000e+00,2.000000000000000000e+04
5.000000000000000000e-01,5.000000000000000000e-01,2.133254156189910711e-02,-3.409383757519423019e-01,0.000000000000000000e+00,0.000000000000000000e+00,2.000000000000000000e+04
5.200000000000000178e-01,5.000000000000000000e-01,2.373042332891531561e-02,-3.530574245189112004e-01,0.000000000000000000e+00,0.000000000000000000e+00,2.000000000000000000e+04
5.400000000000000355e-01,5.000000000000000000e-01,2.611835379502880014e-02,-3.647326830284390309e-01,0.000000000000000000e+00,0.000000000000000000e+00,2.000000000000000000e+04
5.600000000000000533e-01,5.000000000000000000e-01,2.846972979869764539e-02,-3.759631063765043191e-01,0.000000000000000000e+00,0.000000000000000000e+00,2.000000000000000000e+04
5.799999999999999600e-01,5.000000000000000000e-01,3.075967670500414849e-02,-3.867552114361409998e-01,0.000000000000000000e+00,0.000000000000000000e+00,2.000000000000000000e+04
5.999999999999999778e-01,5.000000000000000000e-01,3.296583492790087361e-02,-3.971223679331047918e-01,0.000000000000000000e+00,0.000000000000000000e+00,2.000000000000000000e+04
6.199999999999999956e-01,5.000000000000000000e-01,3.506896412648918132e-02,-4.070838296288170066e-01,0.000000000000000000e+00,0.000000000000000000e+00,2.000000000000000000e+04
6.400000000000000133e-01,5.000000000000000000e-01,3.705333056028119881e-02,-4.166635934657740847e-01,0.000000000000000000e+00,0.000000000000000000e+00,2.000000000000000000e+04
6.600000000000000311e-01,5.000000000000000000e-01,3.890687027719219593e-02,-4.258891860174702781e-01,0.000000000000000000e+00,0.000000000000000000e+00,2.000000000000000000e+04
6.800000000000000488e-01,5.000000000000000000e-01,4.062114501528645699e-02,-4.347904710154830710e-01,0.000000000000000000e+00,0.000000000000000000e+00,2.000000000000000000e+04
6.999999999999999556e-01,5.000000000000000000e-01,4.219112508177682436e-02,-4.433985539934393594e-01,0.000000000000000000e+00,0.000000000000000000e+00,2.000000000000000000e+04
7.199999999999999734e-01,5.000000000000000000e-01,4.361484287236308544e-02,-4.517448365934647603e-01,0.000000000000000000e+00,0.000000000000000000e+00,2.000000000000000000e+04
7.399999999999999911e-01,5.000000000000000000e-01,4.489296296802747221e-02,-4.598602493198972740e-01,0.000000000000000000e+00,0.000000000000000000e+00,2.000000000000000000e+04
7.600000000000000089e-01,5.000000000000000000e-01,4.602831179105520976e-02,-4.677746710629206994e-01,0.000000000000000000e+00,0.000000000000000000e+00,2.000000000000000000e+04
7.800000000000000266e-01,5.000000000000000000e-01,4.702540373656140943e-02,-4.755165281872442140e-01,0.000000000000000000e+00,0.000000000000000000e+00,2.000000000000000000e+04
8.000000000000000444e-01,5.000000000000000000e-01,4.788999336396756318e-02,-4.831125555792855075e-01,0.000000000000000000e+00,0.000000000000000000e+00,2.000000000000000000e+04
8.199999999999999512e-01,5.000000000000000000e-01,4.862867599248626993e-02,-4.905876960971047307e-01,0.000000000000000000e+00,0.000000000000000000e+00,2.000000000000000000e+04
8.399999999999999689e-01,5.000000000000000000e-01,4.924855274913552544e-02,-4.979651123120467648e-01,0.000000000000000000e+00,0.000000000000000000e+00,2.000000000000000000e+04
8.599999999999999867e-01,5.000000000000000000e-01,4.975697119574988558e-02,-5.052662841470262345e-01,0.000000000000000000e+00,0.000000000000000000e+00,2.000000000000000000e+04
8.800000000000000044e-01,5.000000000000000000e-01,5.016134922735131230e-02,-5.125111669949664606e-01,0.000000000000000000e+00,0.000000000000000000e+00,2.000000000000000000e+04
9.000000000000000222e-01,5.000000000000000000e-01,5.046908789193884498e-02,-5.197183863215828481e-01,0.000000000000000000e+00,0.000000000000000000e+00,2.000000000000000000e+04
9.200000000000000400e-01,5.000000000000000000e-01,5.068757790417463549e-02,-5.269054459993450790e-01,0.000000000000000000e+00,0.000000000000000000e+00,2.000000000000000000e+04
9.399999999999999467e-01,5.000000000000000000e-01,5.082430460726952703e-02,-5.340889282439640340e-01,0.000000000000000000e+00,0.000000000000000000e+00,2.000000000000000000e+04
9.599999999999999645e-01,5.000000000000000000e-01,5.088705662407239094e-02,-5.412846627404862554e-01,0.000000000000000000e+00,0.000000000000000000e+00,2.000000000000000000e+04
9.799999999999999822e-01,5.000000000000000000e-01,5.088424403801647400e-02,-5.485078411815984545e-01,0.000000000000000000e+00,0.000000000000000000e+00,2.000000000000000000e+04
1.000000000000000000e+00,5.000000000000000000e-01,5.082533222957124480e-02,-5.557730509213453240e-01,0.000000000000000000e+00,0.000000000000000000e+00,2.000000000000000000e+04
0.000000000000000000e+00,5.200000000000000178e-01,0.000000000000000000e+00,0.000000000000000000e+00,1.000000000000000000e+00,0.000000000000000000e+00,2.000000000000000000e+04
2.000000000000000042e-02,5.200000000000000178e-01,-3.682047387197464119e-04,-1.105029477220833070e-02,0.000000000000000000e+00,0.000000000000000000e+00,2.000000000000000000e+04
4.000000000000000083e-02,5.200000000000000178e-01,-6.907668550041652254e-04,-2.249375292100359858e-02,0.000000000000000000e+00,0.000000000000000000e+00,2.000000000000000000e+04
5.999999999999999778e-02,5.200000000000000178e-01,-9.590272009644062404e-04,-3.434556301786519106e-02,0.000000000000000000e+00,0.000000000000000000e+00,2.000000000000000000e+04
8.000000000000000167e-02,5.200000000000000178e-01,-1.162761696251937184e-03,-4.661186239394951580e-02,0.000000000000000000e+00,0.000000000000000000e+00,2.000000000000000000e+04
1.000000000000000056e-01,5.200000000000000178e-01,-1.290607474241849389e-03,-5.929017412271941206e-02,0.000000000000000000e+00,0.000000000000000000e+00,2.000000000000000000e+04
1.199999999999999956e-01,5.200000000000000178e-01,-1.330417890145472060e-03,-7.236994621109134329e-02,0.000000000000000000e+00,0.000000000000000000e+00,2.000000000000000000e+04
1.400000000000000133e-01,5.200000000000000178e-01,-1.269564196964325644e-03,-8.583314859749957559e-02,0.000000000000000000e+00,0.000000000000000000e+00,2.000000000000000000e+04
1.600000000000000033e-01,5.200000000000000178e-01,-1.095204690245154015e-03,-9.965489158980120332e-02,0.000000000000000000e+00,0.000000000000000000e+00,2.000000000000000000e+04
1.799999999999999933e-01,5.200000000000000178e-01,-7.945433849237580008e-04,-1.138040399833617489e-01,0.000000000000000000e+00,0.000000000000000000e+00,2.000000000000000000e+04
2.000000000000000111e-01,5.200000000000000178e-01,-3.550994404570701726e-04,-1.282438090828193766e-01,0.000000000000000000e+00,0.000000000000000000e+00,2.000000000000000000e+04
2.200000000000000011e-01,5.200000000000000178e-01,2.349944616620737567e-04,-1.429323408514626415e-01,0.000000000000000000e+00,0.000000000000000000e+00,2.000000000000000000e+04
2.399999999999999911e-01,5.200000000000000178e-01,9.866515829802500765e-04,-1.578232692292661221e-01,0.000000000000000000e+00,0.000000000000000000e+00,2.000000000000000000e+04
2.600000000000000089e-01,5.200000000000000178e-01,1.909441903139694110e-03,-1.728662923676838881e-01,0.000000000000000000e+00,0.000000000000000000e+00,2.000000000000000000e+04
2.800000000000000266e-01,5.200000000000000178e-01,3.011155625511685585e-03,-1.880077754654962685e-01,0.000000000000000000e+00,0.000000000000000000e+00,2.000000000000000000e+04
2.999999999999999889e-01,5.200000000000000178e-01,4.297329605739912128e-03,-2.031914106097887640e-01,0.000000000000000000e+00,0.000000000000000000e+00,2.000000000000000000e+04
3.200000000000000067e-01,5.200000000000000178e-01,5.770755934053841026e-03,-2.183589592564835202e-01,0.000000000000000000e+00,0.000000000000000000e+00,2.000000000000000000e+04
3.400000000000000244e-01,5.200000000000000178e-01,7.431000541905924753e-03,-2.334510986101722974e-01,0.000000000000000000e+00,0.000000000000000000e+00,2.000000000000000000e+04
3.599999999999999867e-01,5.200000000000000178e-01,9.273967156151852881e-03,-2.484083852376756107e-01,0.000000000000000000e+00,0.000000000000000000e+00,2.000000000000000000e+04
3.800000000000000044e-01,5.200000000000000178e-01,1.129154729821965977e-02,-2.631723380293352066e-01,0.000000000000000000e+00,0.000000000000000000e+00,2.000000000000000000e+04
4.000000000000000222e-01,5.200000000000000178e-01,1.347139937897050797e-02,-2.776866286034795350e-01,0.000000000000000000e+00,0.000000000000000000e+00,2.000000000000000000e+04
4.199999999999999845e-01,5.200000000000000178e-01,1.579689836252497551e-02,-2.918983512131927416e-01,0.000000000000000000e+00,0.000000000000000000e+00,2.000000000000000000e+04
4.400000000000000022e-01,5.200000000000000178e-01,1.824729120016302039e-02,-3.057593272644741345e-01,0.000000000000000000e+00,0.000000000000000000e+00,2.000000000000000000e+04
4.600000000000000200e-01,5.200000000000000178e-01,2.079808178920213371e-02,-3.192273831534618855e-01,0.000000000000000000e+00,0.000000000000000000e+00,2.000000000000000000e+04
4.799999999999999822e-01,5.200000000000000178e-01,2.342165256108494700e-02,-3.322675261213908771e-01,0.000000000000000000e+00,0.000000000000000000e+00,2.000000000000000000e+04
5.000000000000000000e-01,5.200000000000000178e-01,2.608810855419135821e-02,-3.448529334300157734e-01,0.000000000000000000e+00,0.000000000000000000e+00,2.000000000000000000e+04
5.200000000000000178e-01,5.200000000000000178e-01,2.876630537774373109e-02,-3.569656678172087871e-01,0.000000000000000000e+00,0.000000000000000000e+00,2.000000000000000000e+04
5.400000000000000355e-01,5.200000000000000178e-01,3.142499781507164525e-02,-3.685970406524184950e-01,0.000000000000000000e+00,0.000000000000000000e+00,2.000000000000000000e+04
5.600000000000000533e-01,5.200000000000000178e-01,3.403402263928342192e-02,-3.797475608686449733e-01,0.000000000000000000e+00,0.000000000000000000e+00,2.000000000000000000e+04
5.799999999999999600e-01,5.200000000000000178e-01,3.656541418276160887e-02,-3.904264429966055050e-01,0.000000000000000000e+00,0.000000000000000000e+00,2.000000000000000000e+04
5.999999999999999778e-01,5.200000000000000178e-01,3.899435345284801846e-02,-4.006507023002437440e-01,0.000000000000000000e+00,0.000000000000000000e+00,2.000000000000000000e+04
6.199999999999999956e-01,5.200000000000000178e-01,4.129987376769719137e-02,-4.104439220907292740e-01,0.000000000000000000e+00,0.000000000000000000e+00,2.000000000000000000e+04
6.400000000000000133e-01,5.200000000000000178e-01,4.346528164936051819e-02,-4.198348176857324421e-01,0.000000000000000000e+00,0.000000000000000000e+00,2.000000000000000000e+04
6.600000000000000311e-01,5.200000000000000178e-01,4.547829040346626495e-02,-4.288557334309390789e-01,0.000000000000000000e+00,0.000000000000000000e+00,2.000000000000000000e+04
6.800000000000000488e-01,5.200000000000000178e-01,4.733089621764001442e-02,-4.375411960988859761e-01,0.000000000000000000e+00,0.000000000000000000e+00,2.000000000000000000e+04
6.999999999999999556e-01,5.200000000000000178e-01,4.901904783305691127e-02,-4.459266190549949216e-01,0.000000000000000000e+00,0.000000000000000000e+00,2.000000000000000000e+04
7.199999999999999734e-01,5.200000000000000178e-01,5.054217026794452505e-02,-4.540472170312911393e-01,0.000000000000000000e+00,0.000000000000000000e+00,2.000000000000000000e+04
7.399999999999999911e-01,5.200000000000000178e-01,5.190260283929366142e-02,-4.619371589061768701e-01,0.000000000000000000e+00,0.000000000000000000e+00,2.000000000000000000e+04
7.600000000000000089e-01,5.200000000000000178e-01,5.310500507832031231e-02,-4.696289598671850585e-01,0.000000000000000000e+00,0.000000000000000000e+00,2.000000000000000000e+04
7.800000000000000266e-01,5.200000000000000178e-01,5.415577422722243905e-02,-4.771530961390430536e-01,0.000000000000000000e+00,0.000000000000000000e+00,2.000000000000000000e+04
8.000000000000000444e-01,5.200000000000000178e-01,5.506250732798609326e-02,-4.845378145986407592e-01,0.000000000000000000e+00,0.000000000000000000e+00,2.000000000000000000e+04
8.199999999999999512e-01,5.200000000000000178e-01,5.583353112609848456e-02,-4.918091046246956810e-01,0.000000000000000000e+00,0.000000000000000000e+00,2.000000000000000000e+04
8.399999999999999689e-01,5.200000000000000178e-01,5.647751502628361314e-02,-4.989907987151915858e-01,0.000000000000000000e+00,0.000000000000000000e+00,2.000000000000000000e+04
8.599999999999999867e-01,5.200000000000000178e-01,5.700317650498509109e-02,-5.061047701300800394e-01,0.000000000000000000e+00,0.000000000000000000e+00,2.000000000000000000e+04
8.800000000000000044e-01,5.200000000000000178e-01,5.741908468281566036e-02,-5.131711987425078281e-01,0.000000000000000000e+00,0.000000000000000000e+00,2.000000000000000000e+04
9.000000000000000222e-01,5.200000000000000178e-01,5.773356594634598132e-02,-5.202088793916863629e-01,0.000000000000000000e+00,0.000000000000000000e+00,2.000000000000000000e+04
9.200000000000000400e-01,5.200000000000000178e-01,5.795471522374891216e-02,-5.272355495970221240e-01,0.000000000000000000e+00,0.000000000000000000e+00,2.000000000000000000e+04
9.399999999999999467e-01,5.200000000000000178e-01,5.809051735041093761e-02,-5.342682150202928693e-01,0.000000000000000000e+00,0.000000000000000000e+00,2.000000000000000000e+04
9.599999999999999645e-01,5.200000000000000178e-01,5.814908446969137973e-02,-5.413234512266172915e-01,0.000000000000000000e+00,0.000000000000000000e+00,2.000000000000000000e+04
9.799999999999999822e-01,5.200000000000000178e-01,5.813901713942731808e-02,-5.484176588954714493e-01,0.000000000000000000e+00,0.000000000000000000e+00,2.000000000000000000e+04
1.000000000000000000e+00,5.200000000000000178e-01,5.806989826435904334e-02,-5.555672465619161393e-01,0.000000000000000000e+00,0.000000000000000000e+00,2.000000000000000000e+04
0.000000000000000000e+00,5.400000000000000355e-01,0.000000000000000000e+00,0.000000000000000000e+00,1.000000000000000000e+00,0.000000000000000000e+00,2.000000000000000000e+04
2.000000000000000042e-02,5.400000000000000355e-01,-2.249633198454840900e-04,-1.110102675254477297e-02,0.000000000000000000e+00,0.000000000000000000e+00,2.000000000000000000e+04
4.000000000000000083e-02,5.400000000000000355e-01,-4.140384653860487989e-04,-2.260932857868688112e-02,0.000000000000000000e+00,0.000000000000000000e+00,2.000000000000000000e+04
5.999999999999999778e-02,5.400000000000000355e-01,-5.557980558693293794e-04,-3.454213914231613752e-02,0.000000000000000000e+00,0.000000000000000000e+00,2.000000000000000000e+04
8.000000000000000167e-02,5.400000000000000355e-01,-6.374407998702289390e-04,-4.690698140007127509e-02,0.000000000000000000e+00,0.000000000000000000e+00,2.000000000000000000e+04
1.000000000000000056e-01,5.400000000000000355e-01,-6.452576497518790286e-04,-5.970221501309110751e-02,0.000000000000000000e+00,0.000000000000000000e+00,2.000000000000000000e+04
1.199999999999999956e-01,5.400000000000000355e-01,-5.649948151451733439e-04,-7.291766724750575746e-02,0.000000000000000000e+00,0.000000000000000000e+00,2.000000000000000000e+04
1.400000000000000133e-01,5.400000000000000355e-01,-3.821371369083298376e-04,-8.653529766344981999e-02,0.000000000000000000e+00,0.000000000000000000e+00,2.000000000000000000e+04
1.600000000000000033e-01,5.400000000000000355e-01,-8.214031279978289794e-05,-1.005298566218471856e-01,0.000000000000000000e+00,0.000000000000000000e+00,2.000000000000000000e+04
1.799999999999999933e-01,5.400000000000000355e-01,3.493569777019466319e-04,-1.148695108740299120e-01,0.000000000000000000e+00,0.000000000000000000e+00,2.000000000000000000e+04
2.000000000000000111e-01,5.400000000000000355e-01,9.263104113886862050e-04,-1.295164244535801645e-01,0.000000000000000000e+00,0.000000000000000000e+00,2.000000000000000000e+04
2.200000000000000011e-01,5.400000000000000355e-01,1.662009573706048262e-03,-1.444272979305265825e-01,0.000000000000000000e+00,0.000000000000000000e+00,2.000000000000000000e+04
2.399999999999999911e-01,5.400000000000000355e-01,2.568758559223801360e-03,-1.595538823428798159e-01,0.000000000000000000e+00,0.000000000000000000e+00,2.000000000000000000e+04
2.600000000000000089e-01,5.400000000000000355e-01,3.657484816619719671e-03,-1.748434947431114217e-01,0.000000000000000000e+00,0.000000000000000000e+00,2.000000000000000000e+04
2.800000000000000266e-01,5.400000000000000355e-01,4.937273620544395218e-03,-1.902395695722727542e-01,0.000000000000000000e+00,0.000000000000000000e+00,2.000000000000000000e+04
2.999999999999999889e-01,5.400000000000000355e-01,6.414837048555601870e-03,-2.056822834992836080e-01,0.000000000000000000e+00,0.000000000000000000e+00,2.000000000000000000e+04
3.200000000000000067e-01,5.400000000000000355e-01,8.093938519763158035e-03,-2.211092905735503322e-01,0.000000000000000000e+00,0.000000000000000000e+00,2.000000000000000000e+04
3.400000000000000244e-01,5.400000000000000355e-01,9.974806009426165701e-03,-2.364565992977738507e-01,0.000000000000000000e+00,0.000000000000000000e+00,2.000000000000000000e+04
3.599999999999999867e-01,5.400000000000000355e-01,1.205357797684506772e-02,-2.516596134597023915e-01,0.000000000000000000e+00,0.000000000000000000e+00,2.000000000000000000e+04
3.800000000000000044e-01,5.400000000000000355e-01,1.432183462122411412e-02,-2.666543444198608004e-01,0.000000000000000000e+00,0.000000000000000000e+00,2.000000000000000000e+04
4.000000000000000222e-01,5.400000000000000355e-01,1.676627196715222562e-02,-2.813787844934323989e-01,0.000000000000000000e+00,0.000000000000000000e+00,2.000000000000000000e+04
4.199999999999999845e-01,5.400000000000000355e-01,1.936857611271374999e-02,-2.957744099229591694e-01,0.000000000000000000e+00,0.000000000000000000e+00,2.000000000000000000e+04
4.400000000000000022e-01,5.400000000000000355e-01,2.210554851799467757e-02,-3.097877589980385649e-01,0.000000000000000000e+00,0.000000000000000000e+00,2.000000000000000000e+04
4.600000000000000200e-01,5.400000000000000355e-01,2.494951956645741903e-02,-3.233720079406737780e-01,0.000000000000000000e+00,0.000000000000000000e+00,2.000000000000000000e+04
4.799999999999999822e-01,5.400000000000000355e-01,2.786906645408183947e-02,-3.364884466256605755e-01,0.000000000000000000e+00,0.000000000000000000e+00,2.000000000000000000e+04
5.000000000000000000e-01,5.400000000000000355e-01,3.083002325134237206e-02,-3.491077410609914056e-01,0.000000000000000000e+00,0.000000000000000000e+00,2.000000000000000000e+04
5.200000000000000178e-01,5.400000000000000355e-01,3.379673729069948562e-02,-3.612108632176900258e-01,0.000000000000000000e+00,0.000000000000000000e+00,2.000000000000000000e+04
5.400000000000000355e-01,5.400000000000000355e-01,3.673349131601887779e-02,-3.727895780425490302e-01,0.000000000000000000e+00,0.000000000000000000e+00,2.000000000000000000e+04
5.600000000000000533e-01,5.400000000000000355e-01,3.960597541905184343e-02,-3.838463942010917340e-01,0.000000000000000000e+00,0.000000000000000000e+00,2.000000000000000000e+04
5.799999999999999600e-01,5.400000000000000355e-01,4.238266842423123876e-02,-3.943939342261831849e-01,0.000000000000000000e+00,0.000000000000000000e+00,2.000000000000000000e+04
5.999999999999999778e-01,5.400000000000000355e-01,4.503599187120525815e-02,-4.044537635069704318e-01,0.000000000000000000e+00,0.000000000000000000e+00,2.000000000000000000e+04
6.199999999999999956e-01,5.400000000000000355e-01,4.754313467918762359e-02,-4.140548033308450449e-01,0.000000000000000000e+00,0.000000000000000000e+00,2.000000000000000000e+04
6.400000000000000133e-01,5.400000000000000355e-01,4.988650066717406628e-02,-4.232315070343803387e-01,0.000000000000000000e+00,0.000000000000000000e+00,2.000000000000000000e+04
6.600000000000000311e-01,5.400000000000000355e-01,5.205378645390079662e-02,-4.320219878073668363e-01,0.000000000000000000e+00,0.000000000000000000e+00,2.000000000000000000e+04
6.800000000000000488e-01,5.400000000000000355e-01,5.403774026535757002e-02,-4.404662597893223563e-01,0.000000000000000000e+00,0.000000000000000000e+00,2.000000000000000000e+04
6.999999999999999556e-01,5.400000000000000355e-01,5.583567713491869450e-02,-4.486047075952689922e-01,0.000000000000000000e+00,0.000000000000000000e+00,2.000000000000000000e+04
7.199999999999999734e-01,5.400000000000000355e-01,5.744883377744031822e-02,-4.564768491283960894e-01,0.000000000000000000e+00,0.000000000000000000e+00,2.000000000000000000e+04
7.399999999999999911e-01,5.400000000000000355e-01,5.888164146933910770e-02,-4.641204129002348133e-01,0.000000000000000000e+00,0.000000000000000000e+00,2.000000000000000000e+04
7.600000000000000089e-01,5.400000000000000355e-01,6.014098284335789996e-02,-4.715707187893102836e-01,0.000000000000000000e+00,0.000000000000000000e+00,2.000000000000000000e+04
7.800000000000000266e-01,5.400000000000000355e-01,6.123548315495155187e-02,-4.788603307730526781e-01,0.000000000000000000e+00,0.000000000000000000e+00,2.000000000000000000e+04
8.000000000000000444e-01,5.400000000000000355e-01,6.217487151269935480e-02,-4.860189398999824606e-01,0.000000000000000000e+00,0.000000000000000000e+00,2.000000000000000000e+04
8.199999999999999512e-01,5.400000000000000355e-01,6.296943468018342815e-02,-4.930734329876133581e-01,0.000000000000000000e+00,0.000000000000000000e+00,2.000000000000000000e+04
8.399999999999999689e-01,5.400000000000000355e-01,6.362957620124257141e-02,-5.000481045920556200e-01,0.000000000000000000e+00,0.000000000000000000e+00,2.000000000000000000e+04
8.599999999999999867e-01,5.400000000000000355e-01,6.416548692233549345e-02,-5.069649744694846305e-01,0.000000000000000000e+00,0.000000000000000000e+00,2.000000000000000000e+04
8.800000000000000044e-01,5.400000000000000355e-01,6.458692922389287772e-02,-5.138441783460570011e-01,0.000000000000000000e+00,0.000000000000000000e+00,2.000000000000000000e+04
9.000000000000000222e-01,5.400000000000000355e-01,6.490313596741632829e-02,-5.207044051391972461e-01,0.000000000000000000e+00,0.000000000000000000e+00,2.000000000000000000e+04
9.200000000000000400e-01,5.400000000000000355e-01,6.512282578754187423e-02,-5.275633580341447804e-01,0.000000000000000000e+00,0.000000000000000000e+00,2.000000000000000000e+04
9.399999999999999467e-01,5.400000000000000355e-01,6.525433837383377844e-02,-5.344382195031425198e-01,0.000000000000000000e+00,0.000000000000000000e+00,2.000000000000000000e+04
9.599999999999999645e-01,5.400000000000000355e-01,6.530589627424727983e-02,-5.413461011343716489e-01,0.000000000000000000e+00,0.000000000000000000e+00,2.000000000000000000e+04
9.799999999999999822e-01,5.400000000000000355e-01,6.528600299207408530e-02,-5.483044578018488879e-01,0.000000000000000000e+00,0.000000000000000000e+00,2.000000000000000000e+04
1.000000000000000000e+00,5.400000000000000355e-01,6.520399019829839493e-02,-5.553314421160887582e-01,0.000000000000000000e+00,0.000000000000000000e+00,2.000000000000000000e+04
0.000000000000000000e+00,5.600000000000000533e-01,0.000000000000000000e+00,0.000000000000000000e+00,1.000000000000000000e+00,0.000000000000000000e+00,2.000000000000000000e+04
2.000000000000000042e-02,5.600000000000000533e-01,-7.690554555366438763e-05,-1.113555779921768935e-02,0.000000000000000000e+00,0.000000000000000000e+00,2.000000000000000000e+04
4.000000000000000083e-02,5.600000000000000533e-01,-1.287646653484949297e-04,-2.269746761741117322e-02,0.000000000000000000e+00,0.000000000000000000e+00,2.000000000000000000e+04
5.999999999999999778e-02,5.600000000000000533e-01,-1.412267696711022895e-04,-3.470475438618953606e-02,0.000000000000000000e+00,0.000000000000000000e+00,2.000000000000000000e+04
8.000000000000000167e-02,5.600000000000000533e-01,-9.883537946532888112e-05,-4.716599706021017829e-02,0.000000000000000000e+00,0.000000000000000000e+00,2.000000000000000000e+04
1.000000000000000056e-01,5.600000000000000533e-01,1.447973482601685803e-05,-6.008002791431162753e-02,0.000000000000000000e+00,0.000000000000000000e+00,2.000000000000000000e+04
1.199999999999999956e-01,5.600000000000000533e-01,2.150501688169982454e-04,-7.343669142911407599e-02,0.000000000000000000e+00,0.000000000000000000e+00,2.000000000000000000e+04
1.400000000000000133e-01,5.600000000000000533e-01,5.192259483098039504e-04,-8.721760478834926500e-02,0.000000000000000000e+00,0.000000000000000000e+00,2.000000000000000000e+04
1.600000000000000033e-01,5.600000000000000533e-01,9.432041863831558751e-04,-1.013968741457813294e-01,0.000000000000000000e+00,0.000000000000000000e+00,2.000000000000000000e+04
1.799999999999999933e-01,5.600000000000000533e-01,1.502887371810414331e-03,-1.159417378351592781e-01,0.000000000000000000e+00,0.000000000000000000e+00,2.000000000000000000e+04
2.000000000000000111e-01,5.600000000000000533e-01,2.213729279502360710e-03,-1.308131267821915633e-01,0.000000000000000000e+00,0.000000000000000000e+00,2.000000000000000000e+04
2.200000000000000011e-01,5.600000000000000533e-01,3.090530352498231312e-03,-1.459661510322254607e-01,0.000000000000000000e+00,0.000000000000000000e+00,2.000000000000000000e+04
2.399999999999999911e-01,5.600000000000000533e-01,4.147151689521265568e-03,-1.613505377746351777e-01,0.000000000000000000e+00,0.000000000000000000e+00,2.000000000000000000e+04
2.600000000000000089e-01,5.600000000000000533e-01,5.396126963817048094e-03,-1.769110594248190227e-01,0.000000000000000000e+00,0.000000000000000000e+00,2.000000000000000000e+04
2.800000000000000266e-01,5.600000000000000533e-01,6.848164231233245559e-03,-1.925879995094208486e-01,0.000000000000000000e+00,0.000000000000000000e+00,2.000000000000000000e+04
2.999999999999999889e-01,5.600000000000000533e-01,8.511544181011816007e-03,-2.083177087450499010e-01,0.000000000000000000e+00,0.000000000000000000e+00,2.000000000000000000e+04
3.200000000000000067e-01,5.600000000000000533e-01,1.039143731980117329e-02,-2.240333033092604398e-01,0.000000000000000000e+00,0.000000000000000000e+00,2.000000000000000000e+04
3.400000000000000244e-01,5.600000000000000533e-01,1.248917895873686776e-02,-2.396655514290503552e-01,0.000000000000000000e+00,0.000000000000000000e+00,2.000000000000000000e+04
3.599999999999999867e-01,5.600000000000000533e-01,1.480155643679821262e-02,-2.551439827435929564e-01,0.000000000000000000e+00,0.000000000000000000e+00,2.000000000000000000e+04
3.800000000000000044e-01,5.600000000000000533e-01,1.732017613980628770e-02,-2.703982373762223723e-01,0.000000000000000000e+00,0.000000000000000000e+00,2.000000000000000000e+04
4.000000000000000222e-01,5.600000000000000533e-01,2.003098665849444363e-02,-2.853596486020946732e-01,0.000000000000000000e+00,0.000000000000000000e+00,2.000000000000000000e+04
4.199999999999999845e-01,5.600000000000000533e-01,2.291403683602939376e-02,-2.999630252536960029e-01,0.000000000000000000e+00,0.000000000000000000e+00,2.000000000000000000e+04
4.400000000000000022e-01,5.600000000000000533e-01,2.594354153446289460e-02,-3.141485690146775256e-01,0.000000000000000000e+00,0.000000000000000000e+00,2.000000000000000000e+04
4.600000000000000200e-01,5.600000000000000533e-01,2.908831210193582942e-02,-3.278638296933329421e-01,0.000000000000000000e+00,0.000000000000000000e+00,2.000000000000000000e+04
4.799999999999999822e-01,5.600000000000000533e-01,3.231258182726953060e-02,-3.410655714809036065e-01,0.000000000000000000e+00,0.000000000000000000e+00,2.000000000000000000e+04
5.000000000000000000e-01,5.600000000000000533e-01,3.557721929178961351e-02,-3.537213991303105320e-01,0.000000000000000000e+00,0.000000000000000000e+00,2.000000000000000000e+04
5.200000000000000178e-01,5.600000000000000533e-01,3.884127593144839213e-02,-3.658109795128104413e-01,0.000000000000000000e+00,0.000000000000000000e+00,2.000000000000000000e+04
5.400000000000000355e-01,5.600000000000000533e-01,4.206376538048094832e-02,-3.773267039110927978e-01,0.000000000000000000e+00,0.000000000000000000e+00,2.000000000000000000e+04
5.600000000000000533e-01,5.600000000000000533e-01,4.520551670202616057e-02,-3.882736467483960396e-01,0.000000000000000000e+00,0.000000000000000000e+00,2.000000000000000000e+04
5.799999999999999600e-01,5.600000000000000533e-01,4.823090332322504947e-02,-3.986687465597462676e-01,0.000000000000000000e+00,0.000000000000000000e+00,2.000000000000000000e+04
5.999999999999999778e-01,5.600000000000000533e-01,5.110925580421357695e-02,-4.085392677064464961e-01,0.000000000000000000e+00,0.000000000000000000e+00,2.000000000000000000e+04
6.199999999999999956e-01,5.600000000000000533e-01,5.381582324947555701e-02,-4.179207321757167359e-01,0.000000000000000000e+00,0.000000000000000000e+00,2.000000000000000000e+04
6.400000000000000133e-01,5.600000000000000533e-01,5.633223114137350662e-02,-4.268545828769123029e-01,0.000000000000000000e+00,0.000000000000000000e+00,2.000000000000000000e+04
6.600000000000000311e-01,5.600000000000000533e-01,5.864646266021320692e-02,-4.353858401429481773e-01,0.000000000000000000e+00,0.000000000000000000e+00,2.000000000000000000e+04
6.800000000000000488e-01,5.600000000000000533e-01,6.075244669185314583e-02,-4.435609616910699549e-01,0.000000000000000000e+00,0.000000000000000000e+00,2.000000000000000000e+04
6.999999999999999556e-01,5.600000000000000533e-01,6.264936321499608995e-02,-4.514260426487224920e-01,0.000000000000000000e+00,0.000000000000000000e+00,2.000000000000000000e+04
7.199999999999999734e-01,5.600000000000000533e-01,6.434077982201999446e-02,-4.590254201188739835e-01,0.000000000000000000e+00,0.000000000000000000e+00,2.000000000000000000e+04
7.399999999999999911e-01,5.600000000000000533e-01,6.583371999869848390e-02,-4.664006893002046739e-01,0.000000000000000000e+00,0.000000000000000000e+00,2.000000000000000000e+04
7.600000000000000089e-01,5.600000000000000533e-01,6.713774268250996546e-02,-4.735900995217142140e-01,0.000000000000000000e+00,0.000000000000000000e+00,2.000000000000000000e+04
7.800000000000000266e-01,5.600000000000000533e-01,6.826408980362490275e-02,-4.806282772618904464e-01,0.000000000000000000e+00,0.000000000000000000e+00,2.000000000000000000e+04
8.000000000000000444e-01,5.600000000000000533e-01,6.922493790674905112e-02,-4.875462153829231426e-01,0.000000000000000000e+00,0.000000000000000000e+00,2.000000000000000000e+04
8.199999999999999512e-01,5.600000000000000533e-01,7.003277349428775611e-02,-4.943714690379524268e-01,0.000000000000000000e+00,0.000000000000000000e+00,2.000000000000000000e+04
8.399999999999999689e-01,5.600000000000000533e-01,7.069989998420299349e-02,-5.011285051788446632e-01,0.000000000000000000e+00,0.000000000000000000e+00,2.000000000000000000e+04
8.599999999999999867e-01,5.600000000000000533e-01,7.123807689060013271e-02,-5.078391613888227907e-01,0.000000000000000000e+00,0.000000000000000000e+00,2.000000000000000000e+04
8.800000000000000044e-01,5.600000000000000533e-01,7.165828837289450748e-02,-5.145231788688866548e-01,0.000000000000000000e+00,0.000000000000000000e+00,2.000000000000000000e+04
9.000000000000000222e-01,5.600000000000000533e-01,7.197063789992981520e-02,-5.211987825217270220e-01,0.000000000000000000e+00,0.000000000000000000e+00,2.000000000000000000e+04
9.200000000000000400e-01,5.600000000000000533e-01,7.218436769956031174e-02,-5.278832874163528199e-01,0.000000000000000000e+00,0.000000000000000000e+00,2.000000000000000000e+04
9.399999999999999467e-01,5.600000000000000533e-01,7.230800524861002998e-02,-5.345937150195846366e-01,0.000000000000000000e+00,0.000000000000000000e+00,2.000000000000000000e+04
9.599999999999999645e-01,5.600000000000000533e-01,7.234964371323560073e-02,-5.413474041657097002e-01,0.000000000000000000e+00,0.000000000000000000e+00,2.000000000000000000e+04
9.799999999999999822e-01,5.600000000000000533e-01,7.231736842496101769e-02,-5.481626006045853261e-01,0.000000000000000000e+00,0.000000000000000000e+00,2.000000000000000000e+04
1.000000000000000000e+00,5.600000000000000533e-01,7.221984661030951547e-02,-5.550590049519071867e-01,0.000000000000000000e+00,0.000000000000000000e+00,2.000000000000000000e+04
0.000000000000000000e+00,5.799999999999999600e-01,0.000000000000000000e+00,0.000000000000000000e+00,1.000000000000000000e+00,0.000000000000000000e+00,2.000000000000000000e+04
2.000000000000000042e-02,5.799999999999999600e-01,7.811393036153728366e-05,-1.115228272072991793e-02,0.000000000000000000e+00,0.000000000000000000e+00,2.000000000000000000e+04
4.000000000000000083e-02,5.799999999999999600e-01,1.694215010056152797e-04,-2.275536084567392203e-02,0.000000000000000000e+00,0.000000000000000000e+00,2.000000000000000000e+04
5.999999999999999778e-02,5.799999999999999600e-01,2.913566621128130295e-04,-3.482968115877638215e-02,0.000000000000000000e+00,0.000000000000000000e+00,2.000000000000000000e+04
8.000000000000000167e-02,5.799999999999999600e-01,4.620875707493403363e-04,-4.738444712879592846e-02,0.000000000000000000e+00,0.000000000000000000e+00,2.000000000000000000e+04
1.000000000000000056e-01,5.799999999999999600e-01,7.000154385498638622e-04,-6.041851801791926074e-02,0.000000000000000000e+00,0.000000000000000000e+00,2.000000000000000000e+04
1.199999999999999956e-01,5.799999999999999600e-01,1.023456203612606438e-03,-7.392133784211585290e-02,0.000000000000000000e+00,0.000000000000000000e+00,2.000000000000000000e+04
1.400000000000000133e-01,5.799999999999999600e-01,1.450466507169128824e-03,-8.787382372903511374e-02,0.000000000000000000e+00,0.000000000000000000e+00,2.000000000000000000e+04
1.600000000000000033e-01,5.799999999999999600e-01,1.998764526745947304e-03,-1.022491590061144762e-01,0.000000000000000000e+00,0.000000000000000000e+00,2.000000000000000000e+04
1.799999999999999933e-01,5.799999999999999600e-01,2.685690305682458204e-03,-1.170134588219925997e-01,0.000000000000000000e+00,0.000000000000000000e+00,2.000000000000000000e+04
2.000000000000000111e-01,5.799999999999999600e-01,3.528149796543355969e-03,-1.321263007859816707e-01,0.000000000000000000e+00,0.000000000000000000e+00,2.000000000000000000e+04
2.200000000000000011e-01,5.799999999999999600e-01,4.542491328435899200e-03,-1.475411366505263167e-01,0.000000000000000000e+00,0.000000000000000000e+00,2.000000000000000000e+04
2.399999999999999911e-01,5.799999999999999600e-01,5.744271795166536361e-03,-1.632056215168410929e-01,0.000000000000000000e+00,0.000000000000000000e+00,2.000000000000000000e+04
2.600000000000000089e-01,5.799999999999999600e-01,7.147881913437553920e-03,-1.790619134416104596e-01,0.000000000000000000e+00,0.000000000000000000e+00,2.000000000000000000e+04
2.800000000000000266e-01,5.799999999999999600e-01,8.766015049723302130e-03,-1.950470080989358257e-01,0.000000000000000000e+00,0.000000000000000000e+00,2.000000000000000000e+04
2.999999999999999889e-01,5.799999999999999600e-01,1.060898208345935172e-02,-2.110931797559799372e-01,0.000000000000000000e+00,0.000000000000000000e+00,2.000000000000000000e+04
3.200000000000000067e-01,5.799999999999999600e-01,1.268389510580498515e-02,-2.271286005567955402e-01,0.000000000000000000e+00,0.000000000000000000e+00,2.000000000000000000e+04
3.400000000000000244e-01,5.799999999999999600e-01,1.499376455473220605e-02,-2.430782041758239864e-01,0.000000000000000000e+00,0.000000000000000000e+00,2.000000000000000000e+04
3.599999999999999867e-01,5.799999999999999600e-01,1.753657616271528386e-02,-2.588648465616996130e-01,0.000000000000000000e+00,0.000000000000000000e+00,2.000000000000000000e+04
3.800000000000000044e-01,5.799999999999999600e-01,2.030443370535552766e-02,-2.744107952843369835e-01,0.000000000000000000e+00,0.000000000000000000e+00,2.000000000000000000e+04
4.000000000000000222e-01,5.799999999999999600e-01,2.328286830491742287e-02,-2.896395499592162581e-01,0.000000000000000000e+00,0.000000000000000000e+00,2.000000000000000000e+04
4.199999999999999845e-01,5.799999999999999600e-01,2.645042194596186613e-02,-3.044779600673523934e-01,0.000000000000000000e+00,0.000000000000000000e+00,2.000000000000000000e+04
4.400000000000000022e-01,5.799999999999999600e-01,2.977860885210079425e-02,-3.188585647740687090e-01,0.000000000000000000e+00,0.000000000000000000e+00,2.000000000000000000e+04
4.600000000000000200e-01,5.799999999999999600e-01,3.323234074026665957e-02,-3.327220346410683094e-01,0.000000000000000000e+00,0.000000000000000000e+00,2.000000000000000000e+04
4.799999999999999822e-01,5.799999999999999600e-01,3.677086877993540615e-02,-3.460195512169105259e-01,0.000000000000000000e+00,0.000000000000000000e+00,2.000000000000000000e+04
5.000000000000000000e-01,5.799999999999999600e-01,4.034924576235271454e-02,-3.587149226970378635e-01,0.000000000000000000e+00,0.000000000000000000e+00,2.000000000000000000e+04
5.200000000000000178e-01,5.799999999999999600e-01,4.392024731396992898e-02,-3.707862078999429878e-01,0.000000000000000000e+00,0.000000000000000000e+00,2.000000000000000000e+04
5.400000000000000355e-01,5.799999999999999600e-01,4.743662323296155003e-02,-3.822266321320887950e-01,0.000000000000000000e+00,0.000000000000000000e+00,2.000000000000000000e+04
5.600000000000000533e-01,5.799999999999999600e-01,5.085346046887691956e-02,-3.930445656694192547e-01,0.000000000000000000e+00,0.000000000000000000e+00,2.000000000000000000e+04
5.799999999999999600e-01,5.799999999999999600e-01,5.413037129721439550e-02,-4.032624396281403456e-01,0.000000000000000000e+00,0.000000000000000000e+00,2.000000000000000000e+04
5.999999999999999778e-01,5.799999999999999600e-01,5.723323328799005683e-02,-4.129146918559896684e-01,0.000000000000000000e+00,0.000000000000000000e+00,2.000000000000000000e+04
6.199999999999999956e-01,5.799999999999999600e-01,6.013530221748150661e-02,-4.220450371999270311e-01,0.000000000000000000e+00,0.000000000000000000e+00,2.000000000000000000e+04
6.400000000000000133e-01,5.799999999999999600e-01,6.281764775978825044e-02,-4.307034488244822490e-01,0.000000000000000000e+00,0.000000000000000000e+00,2.000000000000000000e+04
6.600000000000000311e-01,5.799999999999999600e-01,6.526897492069440310e-02,-4.389432141636669393e-01,0.000000000000000000e+00,0.000000000000000000e+00,2.000000000000000000e+04
6.800000000000000488e-01,5.799999999999999600e-01,6.748496536427567305e-02,-4.468183350979151869e-01,0.000000000000000000e+00,0.000000000000000000e+00,2.000000000000000000e+04
6.999999999999999556e-01,5.799999999999999600e-01,6.946729940913290435e-02,-4.543814272623515893e-01,0.000000000000000000e+00,0.000000000000000000e+00,2.000000000000000000e+04
7.199999999999999734e-01,5.799999999999999600e-01,7.122251234106599660e-02,-4.616821719069111318e-01,0.000000000000000000e+00,0.000000000000000000e+00,2.000000000000000000e+04
7.399999999999999911e-01,5.799999999999999600e-01,7.276081215535165625e-02,-4.687663003258233374e-01,0.000000000000000000e+00,0.000000000000000000e+00,2.000000000000000000e+04
7.600000000000000089e-01,5.799999999999999600e-01,7.409495213834507710e-02,-4.756750470596483038e-01,0.000000000000000000e+00,0.000000000000000000e+00,2.000000000000000000e+04
7.800000000000000266e-01,5.799999999999999600e-01,7.523921902008499918e-02,-4.824449885851867514e-01,0.000000000000000000e+00,0.000000000000000000e+00,2.000000000000000000e+04
8.000000000000000444e-01,5.799999999999999600e-01,7.620857015485642261e-02,-4.891081817536406251e-01,0.000000000000000000e+00,0.000000000000000000e+00,2.000000000000000000e+04
8.199999999999999512e-01,5.799999999999999600e-01,7.701793290999073283e-02,-4.956925240541742994e-01,0.000000000000000000e+00,0.000000000000000000e+00,2.000000000000000000e+04
8.399999999999999689e-01,5.799999999999999600e-01,7.768166607301318916e-02,-5.022222706356010979e-01,0.000000000000000000e+00,0.000000000000000000e+00,2.000000000000000000e+04
8.599999999999999867e-01,5.799999999999999600e-01,7.821317570173189071e-02,-5.087186573199582451e-01,0.000000000000000000e+00,0.000000000000000000e+00,2.000000000000000000e+04
8.800000000000000044e-01,5.799999999999999600e-01,7.862467524782351669e-02,-5.152005923542789523e-01,0.000000000000000000e+00,0.000000000000000000e+00,2.000000000000000000e+04
9.000000000000000222e-01,5.799999999999999600e-01,7.892708082751856424e-02,-5.216853911096445140e-01,0.000000000000000000e+00,0.000000000000000000e+00,2.000000000000000000e+04
9.200000000000000400e-01,5.799999999999999600e-01,7.913003621215156103e-02,-5.281895367038972333e-01,0.000000000000000000e+00,0.000000000000000000e+00,2.000000000000000000e+04
9.399999999999999467e-01,5.799999999999999600e-01,7.924206768352336228e-02,-5.347294552862831285e-01,0.000000000000000000e+00,0.000000000000000000e+00,2.000000000000000000e+04
9.599999999999999645e-01,5.799999999999999600e-01,7.927087572042308683e-02,-5.413222973098963386e-01,0.000000000000000000e+00,0.000000000000000000e+00,2.000000000000000000e+04
9.799999999999999822e-01,5.799999999999999600e-01,7.922377801811467113e-02,-5.479867153803152924e-01,0.000000000000000000e+00,0.000000000000000000e+00,2.000000000000000000e+04
1.000000000000000000e+00,5.799999999999999600e-01,7.910832606070314355e-02,-5.547436250105969302e-01,0.000000000000000000e+00,0.000000000000000000e+00,2.000000000000000000e+04
0.000000000000000000e+00,5.999999999999999778e-01,0.000000000000000000e+00,0.000000000000000000e+00,1.000000000000000000e+00,0.000000000000000000e+00,2.000000000000000000e+04
2.000000000000000042e-02,5.999999999999999778e-01,2.424920600535059186e-04,-1.114973264998906678e-02,0.000000000000000000e+00,0.000000000000000000e+00,2.000000000000000000e+04
4.000000000000000083e-02,5.999999999999999778e-01,4.854464998450317391e-04,-2.278051496923336888e-02,0.000000000000000000e+00,0.000000000000000000e+00,2.000000000000000000e+04
5.999999999999999778e-02,5.999999999999999778e-01,7.495392278708244444e-04,-3.491369529487029638e-02,0.000000000000000000e+00,0.000000000000000000e+00,2.000000000000000000e+04
8.000000000000000167e-02,5.999999999999999778e-01,1.055674014431011009e-03,-4.755853512082713203e-02,0.000000000000000000e+00,0.000000000000000000e+00,2.000000000000000000e+04
1.000000000000000056e-01,5.999999999999999778e-01,1.424492484731163270e-03,-6.071336499438433065e-02,0.000000000000000000e+00,0.000000000000000000e+00,2.000000000000000000e+04
1.199999999999999956e-01,5.999999999999999778e-01,1.876118888344246224e-03,-7.436673396985922502e-02,0.000000000000000000e+00,0.000000000000000000e+00,2.000000000000000000e+04
1.400000000000000133e-01,5.999999999999999778e-01,2.430090912283482032e-03,-8.849846357511576000e-02,0.000000000000000000e+00,0.000000000000000000e+00,2.000000000000000000e+04
1.600000000000000033e-01,5.999999999999999778e-01,3.105412455030042394e-03,-1.030805390063720128e-01,0.000000000000000000e+00,0.000000000000000000e+00,2.000000000000000000e+04
1.799999999999999933e-01,5.999999999999999778e-01,3.920656475290149913e-03,-1.180778006991469453e-01,0.000000000000000000e+00,0.000000000000000000e+00,2.000000000000000000e+04
2.000000000000000111e-01,5.999999999999999778e-01,4.894045584029258628e-03,-1.334484315186126313e-01,0.000000000000000000e+00,0.000000000000000000e+00,2.000000000000000000e+04
2.200000000000000011e-01,5.999999999999999778e-01,6.043443493951595677e-03,-1.491442642974450394e-01,0.000000000000000000e+00,0.000000000000000000e+00,2.000000000000000000e+04
2.399999999999999911e-01,5.999999999999999778e-01,7.386200383331391686e-03,-1.651109595184580836e-01,0.000000000000000000e+00,0.000000000000000000e+00,2.000000000000000000e+04
2.600000000000000089e-01,5.999999999999999778e-01,8.938808945009694973e-03,-1.812881231296512019e-01,0.000000000000000000e+00,0.000000000000000000e+00,2.000000000000000000e+04
2.800000000000000266e-01,5.999999999999999778e-01,1.071634530286319845e-02,-1.976094496283935797e-01,0.000000000000000000e+00,0.000000000000000000e+00,2.000000000000000000e+04
2.999999999999999889e-01,5.999999999999999778e-01,1.273169029934478370e-02,-2.140029851732949406e-01,0.000000000000000000e+00,0.000000000000000000e+00,2.000000000000000000e+04
3.200000000000000067e-01,5.999999999999999778e-01,1.499455189062766196e-02,-2.303916085715525530e-01,0.000000000000000000e+00,0.000000000000000000e+00,2.000000000000000000e+04
3.400000000000000244e-01,5.999999999999999778e-01,1.751033785879014745e-02,-2.466938231474594401e-01,0.000000000000000000e+00,0.000000000000000000e+00,2.000000000000000000e+04
3.599999999999999867e-01,5.999999999999999778e-01,2.027895809987269315e-02,-2.628249382459033057e-01,0.000000000000000000e+00,0.000000000000000000e+00,2.000000000000000000e+04
3.800000000000000044e-01,5.999999999999999778e-01,2.329366460707167630e-02,-2.786986942832399006e-01,0.000000000000000000e+00,0.000000000000000000e+00,2.000000000000000000e+04
4.000000000000000222e-01,5.999999999999999778e-01,2.654006118300179448e-02,-2.942293492964254686e-01,0.000000000000000000e+00,0.000000000000000000e+00,2.000000000000000000e+04
4.199999999999999845e-01,5.999999999999999778e-01,2.999542943402330394e-02,-3.093341982570350090e-01,0.000000000000000000e+00,0.000000000000000000e+00,2.000000000000000000e+04
4.400000000000000022e-01,5.999999999999999778e-01,3.362851800838940336e-02,-3.239364405519838952e-01,0.000000000000000000e+00,0.000000000000000000e+00,2.000000000000000000e+04
4.600000000000000200e-01,5.999999999999999778e-01,3.739992386894374493e-02,-3.379682488938451357e-01,0.000000000000000000e+00,0.000000000000000000e+00,2.000000000000000000e+04
4.799999999999999822e-01,5.999999999999999778e-01,4.126315400911036158e-02,-3.513738290978283829e-01,0.000000000000000000e+00,0.000000000000000000e+00,2.000000000000000000e+04
5.000000000000000000e-01,5.999999999999999778e-01,4.516639140637101341e-02,-3.641122014505875915e-01,0.000000000000000000e+00,0.000000000000000000e+00,2.000000000000000000e+04
5.200000000000000178e-01,5.999999999999999778e-01,4.905489894141532720e-02,-3.761593869552963265e-01,0.000000000000000000e+00,0.000000000000000000e+00,2.000000000000000000e+04
5.400000000000000355e-01,5.999999999999999778e-01,5.287390304285908421e-02,-3.875096987916242797e-01,0.000000000000000000e+00,0.000000000000000000e+00,2.000000000000000000e+04
5.600000000000000533e-01,5.999999999999999778e-01,5.657164888087459764e-02,-3.981757617484113498e-01,0.000000000000000000e+00,0.000000000000000000e+00,2.000000000000000000e+04
5.799999999999999600e-01,5.999999999999999778e-01,6.010220217426791994e-02,-4.081870467820046255e-01,0.000000000000000000e+00,0.000000000000000000e+00,2.000000000000000000e+04
5.999999999999999778e-01,5.999999999999999778e-01,6.342760201252407859e-02,-4.175870784397612834e-01,0.000000000000000000e+00,0.000000000000000000e+00,2.000000000000000000e+04
6.199999999999999956e-01,5.999999999999999778e-01,6.651913074093843137e-02,-4.264297851235596681e-01,0.000000000000000000e+00,0.000000000000000000e+00,2.000000000000000000e+04
6.400000000000000133e-01,5.999999999999999778e-01,6.935766794189265894e-02,-4.347755700336918827e-01,0.000000000000000000e+00,0.000000000000000000e+00,2.000000000000000000e+04
6.600000000000000311e-01,5.999999999999999778e-01,7.193325515668444470e-02,-4.426876058325467933e-01,0.000000000000000000e+00,0.000000000000000000e+00,2.000000000000000000e+04
6.800000000000000488e-01,5.999999999999999778e-01,7.424408384910098635e-02,-4.502286902655431855e-01,0.000000000000000000e+00,0.000000000000000000e+00,2.000000000000000000e+04
6.999999999999999556e-01,5.999999999999999778e-01,7.629513739636052672e-02,-4.574588249773483550e-01,0.000000000000000000e+00,0.000000000000000000e+00,2.000000000000000000e+04
7.199999999999999734e-01,5.999999999999999778e-01,7.809669147450663818e-02,-4.644335407334088672e-01,0.000000000000000000e+00,0.000000000000000000e+00,2.000000000000000000e+04
7.399999999999999911e-01,5.999999999999999778e-01,7.966282969105531464e-02,-4.712029025400160109e-01,0.000000000000000000e+00,0.000000000000000000e+00,2.000000000000000000e+04
7.600000000000000089e-01,5.999999999999999778e-01,8.101008001637929890e-02,-4.778110828118817266e-01,0.000000000000000000e+00,0.000000000000000000e+00,2.000000000000000000e+04
7.800000000000000266e-01,5.999999999999999778e-01,8.215623243234571049e-02,-4.842963778793544782e-01,0.000000000000000000e+00,0.000000000000000000e+00,2.000000000000000000e+04
8.000000000000000444e-01,5.999999999999999778e-01,8.311936343926396020e-02,-4.906915505275746270e-01,0.000000000000000000e+00,0.000000000000000000e+00,2.000000000000000000e+04
8.199999999999999512e-01,5.999999999999999778e-01,8.391706919742086823e-02,-4.970243991467430678e-01,0.000000000000000000e+00,0.000000000000000000e+00,2.000000000000000000e+04
8.399999999999999689e-01,5.999999999999999778e-01,8.456589483133317153e-02,-5.033184757221339511e-01,0.000000000000000000e+00,0.000000000000000000e+00,2.000000000000000000e+04
8.599999999999999867e-01,5.999999999999999778e-01,8.508094083266413976e-02,-5.095938962055140964e-01,0.000000000000000000e+00,0.000000000000000000e+00,2.000000000000000000e+04
8.800000000000000044e-01,5.999999999999999778e-01,8.547562660877988661e-02,-5.158682055899403984e-01,0.000000000000000000e+00,0.000000000000000000e+00,2.000000000000000000e+04
9.000000000000000222e-01,5.999999999999999778e-01,8.576159440226832631e-02,-5.221572752739606083e-01,0.000000000000000000e+00,0.000000000000000000e+00,2.000000000000000000e+04
9.200000000000000400e-01,5.999999999999999778e-01,8.594874281926764836e-02,-5.284762217372431792e-01,0.000000000000000000e+00,0.000000000000000000e+00,2.000000000000000000e+04
9.399999999999999467e-01,5.999999999999999778e-01,8.604538718438707601e-02,-5.348403431384901596e-01,0.000000000000000000e+00,0.000000000000000000e+00,2.000000000000000000e+04
9.599999999999999645e-01,5.999999999999999778e-01,8.605855329137095111e-02,-5.412660742191881535e-01,0.000000000000000000e+00,0.000000000000000000e+00,2.000000000000000000e+04
9.799999999999999822e-01,5.999999999999999778e-01,8.599442139652593853e-02,-5.477719597933442541e-01,0.000000000000000000e+00,0.000000000000000000e+00,2.000000000000000000e+04
1.000000000000000000e+00,5.999999999999999778e-01,8.585894808547568646e-02,-5.543796429060000586e-01,0.000000000000000000e+00,0.000000000000000000e+00,2.000000000000000000e+04
0.000000000000000000e+00,6.199999999999999956e-01,0.000000000000000000e+00,0.000000000000000000e+00,1.000000000000000000e+00,0.000000000000000000e+00,2.000000000000000000e+04
2.000000000000000042e-02,6.199999999999999956e-01,4.189163677030513012e-04,-1.112666755447300031e-02,0.000000000000000000e+00,0.000000000000000000e+00,2.000000000000000000e+04
4.000000000000000083e-02,6.199999999999999956e-01,8.248903438361893364e-04,-2.277093155009067213e-02,0.000000000000000000e+00,0.000000000000000000e+00,2.000000000000000000e+04
5.999999999999999778e-02,6.199999999999999956e-01,1.241989488262616520e-03,-3.495432996460465236e-02,0.000000000000000000e+00,0.000000000000000000e+00,2.000000000000000000e+04
8.000000000000000167e-02,6.199999999999999956e-01,1.693831802353334189e-03,-4.768544169763032359e-02,0.000000000000000000e+00,0.000000000000000000e+00,2.000000000000000000e+04
1.000000000000000056e-01,6.199999999999999956e-01,2.203130470171702111e-03,-6.096136910511464058e-02,0.000000000000000000e+00,0.000000000000000000e+00,2.000000000000000000e+04
1.199999999999999956e-01,6.199999999999999956e-01,2.791537528761942836e-03,-7.476917006083926009e-02,0.000000000000000000e+00,0.000000000000000000e+00,2.000000000000000000e+04
1.400000000000000133e-01,6.199999999999999956e-01,3.479724315038833140e-03,-8.908712301627956520e-02,0.000000000000000000e+00,0.000000000000000000e+00,2.000000000000000000e+04
1.600000000000000033e-01,6.199999999999999956e-01,4.287615664435423177e-03,-1.038857405799718525e-01,0.000000000000000000e+00,0.000000000000000000e+00,2.000000000000000000e+04
1.799999999999999933e-01,6.199999999999999956e-01,5.234685576099169443e-03,-1.191284892805048734e-01,0.000000000000000000e+00,0.000000000000000000e+00,2.000000000000000000e+04
2.000000000000000111e-01,6.199999999999999956e-01,6.340222516637132773e-03,-1.347722148157759758e-01,0.000000000000000000e+00,0.000000000000000000e+00,2.000000000000000000e+04
2.200000000000000011e-01,6.199999999999999956e-01,7.623479556865249938e-03,-1.507673082985424018e-01,0.000000000000000000e+00,0.000000000000000000e+00,2.000000000000000000e+04
2.399999999999999911e-01,6.199999999999999956e-01,9.103635813659759907e-03,-1.670576788656668865e-01,0.000000000000000000e+00,0.000000000000000000e+00,2.000000000000000000e+04
2.600000000000000089e-01,6.199999999999999956e-01,1.079951043248997440e-02,-1.835806222783283592e-01,0.000000000000000000e+00,0.000000000000000000e+00,2.000000000000000000e+04
2.800000000000000266e-01,6.199999999999999956e-01,1.272898914675728646e-02,-2.002666944846640540e-01,0.000000000000000000e+00,0.000000000000000000e+00,2.000000000000000000e+04
2.999999999999999889e-01,6.199999999999999956e-01,1.490814747367377388e-02,-2.170397132489103598e-01,0.000000000000000000e+00,0.000000000000000000e+00,2.000000000000000000e+04
3.200000000000000067e-01,6.199999999999999956e-01,1.735008482813716127e-02,-2.338170183915091460e-01,0.000000000000000000e+00,0.000000000000000000e+00,2.000000000000000000e+04
3.400000000000000244e-01,6.199999999999999956e-01,2.006352022404039523e-02,-2.505101195473865006e-01,0.000000000000000000e+00,0.000000000000000000e+00,2.000000000000000000e+04
3.599999999999999867e-01,6.199999999999999956e-01,2.305124116313368721e-02,-2.670258469020819758e-01,0.000000000000000000e+00,0.000000000000000000e+00,2.000000000000000000e+04
3.800000000000000044e-01,6.199999999999999956e-01,2.630853930987711586e-02,-2.832680926728591286e-01,0.000000000000000000e+00,0.000000000000000000e+00,2.000000000000000000e+04
4.000000000000000222e-01,6.199999999999999956e-01,2.982180439593305754e-02,-2.991401876046642094e-01,0.000000000000000000e+00,0.000000000000000000e+00,2.000000000000000000e+04
4.199999999999999845e-01,6.199999999999999956e-01,3.356747494740779797e-02,-3.145478971851006778e-01,0.000000000000000000e+00,0.000000000000000000e+00,2.000000000000000000e+04
4.400000000000000022e-01,6.199999999999999956e-01,3.751155364673998405e-02,-3.294029479531992433e-01,0.000000000000000000e+00,0.000000000000000000e+00,2.000000000000000000e+04
4.600000000000000200e-01,6.199999999999999956e-01,4.160987922183668336e-02,-3.436269082938044894e-01,0.000000000000000000e+00,0.000000000000000000e+00,2.000000000000000000e+04
4.799999999999999822e-01,6.199999999999999956e-01,4.580929929142321666e-02,-3.571551557852132297e-01,0.000000000000000000e+00,0.000000000000000000e+00,2.000000000000000000e+04
5.000000000000000000e-01,6.199999999999999956e-01,5.004980496531453993e-02,-3.699405728722048869e-01,0.000000000000000000e+00,0.000000000000000000e+00,2.000000000000000000e+04
5.200000000000000178e-01,6.199999999999999956e-01,5.426756207766436635e-02,-3.819565282220160896e-01,0.000000000000000000e+00,0.000000000000000000e+00,2.000000000000000000e+04
5.400000000000000355e-01,6.199999999999999956e-01,5.839865545280160247e-02,-3.931987393495016136e-01,0.000000000000000000e+00,0.000000000000000000e+00,2.000000000000000000e+04
5.600000000000000533e-01,6.199999999999999956e-01,6.238310092008836349e-02,-4.036853696445436568e-01,0.000000000000000000e+00,0.000000000000000000e+00,2.000000000000000000e+04
5.799999999999999600e-01,6.199999999999999956e-01,6.616847636081932271e-02,-4.134549970355108628e-01,0.000000000000000000e+00,0.000000000000000000e+00,2.000000000000000000e+04
5.999999999999999778e-01,6.199999999999999956e-01,6.971259171234768515e-02,-4.225627425916094748e-01,0.000000000000000000e+00,0.000000000000000000e+00,2.000000000000000000e+04
6.199999999999999956e-01,6.199999999999999956e-01,7.298489980473002459e-02,-4.310753275181749000e-01,0.000000000000000000e+00,0.000000000000000000e+00,2.000000000000000000e+04
6.400000000000000133e-01,6.199999999999999956e-01,7.596666430657794677e-02,-4.390659272438252603e-01,0.000000000000000000e+00,0.000000000000000000e+00,2.000000000000000000e+04
6.600000000000000311e-01,6.199999999999999956e-01,7.865012137628665800e-02,-4.466095107419132959e-01,0.000000000000000000e+00,0.000000000000000000e+00,2.000000000000000000e+04
6.800000000000000488e-01,6.199999999999999956e-01,8.103696599549348178e-02,-4.537790696394788381e-01,0.000000000000000000e+00,0.000000000000000000e+00,2.000000000000000000e+04
6.999999999999999556e-01,6.199999999999999956e-01,8.313648929462727488e-02,-4.606428813753501994e-01,0.000000000000000000e+00,0.000000000000000000e+00,2.000000000000000000e+04
7.199999999999999734e-01,6.199999999999999956e-01,8.496363301818926628e-02,-4.672627671993554999e-01,0.000000000000000000e+00,0.000000000000000000e+00,2.000000000000000000e+04
7.399999999999999911e-01,6.199999999999999956e-01,8.653714831941852759e-02,-4.736932034101824507e-01,0.000000000000000000e+00,0.000000000000000000e+00,2.000000000000000000e+04
7.600000000000000089e-01,6.199999999999999956e-01,8.787797125141282029e-02,-4.799811050730513617e-01,0.000000000000000000e+00,0.000000000000000000e+00,2.000000000000000000e+04
7.800000000000000266e-01,6.199999999999999956e-01,8.900786738655482033e-02,-4.861661031418814671e-01,0.000000000000000000e+00,0.000000000000000000e+00,2.000000000000000000e+04
8.000000000000000444e-01,6.199999999999999956e-01,8.994835563525052646e-02,-4.922811595363908999e-01,0.000000000000000000e+00,0.000000000000000000e+00,2.000000000000000000e+04
8.199999999999999512e-01,6.199999999999999956e-01,9.071989495568974493e-02,-4.983533971085248870e-01,0.000000000000000000e+00,0.000000000000000000e+00,2.000000000000000000e+04
8.399999999999999689e-01,6.199999999999999956e-01,9.134130398535404705e-02,-5.044050545940672592e-01,0.000000000000000000e+00,0.000000000000000000e+00,2.000000000000000000e+04
8.599999999999999867e-01,6.199999999999999956e-01,9.182937924130760154e-02,-5.104545064288160683e-01,0.000000000000000000e+00,0.000000000000000000e+00,2.000000000000000000e+04
8.800000000000000044e-01,6.199999999999999956e-01,9.219867951133645101e-02,-5.165173120057863221e-01,0.000000000000000000e+00,0.000000000000000000e+00,2.000000000000000000e+04
9.000000000000000222e-01,6.199999999999999956e-01,9.246145021899222771e-02,-5.226072782216246715e-01,0.000000000000000000e+00,0.000000000000000000e+00,2.000000000000000000e+04
9.200000000000000400e-01,6.199999999999999956e-01,9.262767043898098573e-02,-5.287375332956624208e-01,0.000000000000000000e+00,0.000000000000000000e+00,2.000000000000000000e+04
9.399999999999999467e-01,6.199999999999999956e-01,9.270521599231100474e-02,-5.349216192926934399e-01,0.000000000000000000e+00,0.000000000000000000e+00,2.000000000000000000e+04
9.599999999999999645e-01,6.199999999999999956e-01,9.270014419469611855e-02,-5.411746158773994564e-01,0.000000000000000000e+00,0.000000000000000000e+00,2.000000000000000000e+04
9.799999999999999822e-01,6.199999999999999956e-01,9.261711912150745463e-02,-5.475143086552509697e-01,0.000000000000000000e+00,0.000000000000000000e+00,2.000000000000000000e+04
1.000000000000000000e+00,6.199999999999999956e-01,9.246001049065068200e-02,-5.539624117760512112e-01,0.000000000000000000e+00,0.000000000000000000e+00,2.000000000000000000e+04
0.000000000000000000e+00,6.400000000000000133e-01,0.000000000000000000e+00,0.000000000000000000e+00,1.000000000000000000e+00,0.000000000000000000e+00,2.000000000000000000e+04
2.000000000000000042e-02,6.400000000000000133e-01,6.104038782322423855e-04,-1.108219244688919865e-02,0.000000000000000000e+00,0.000000000000000000e+00,2.000000000000000000e+04
4.000000000000000083e-02,6.400000000000000133e-01,1.194082665841923654e-03,-2.272533340393090642e-02,0.000000000000000000e+00,0.000000000000000000e+00,2.000000000000000000e+04
5.999999999999999778e-02,6.400000000000000133e-01,1.778628573395982368e-03,-3.495019939570439410e-02,0.000000000000000000e+00,0.000000000000000000e+00,2.000000000000000000e+04
8.000000000000000167e-02,6.400000000000000133e-01,2.390292457718519361e-03,-4.776372497470626061e-02,0.000000000000000000e+00,0.000000000000000000e+00,2.000000000000000000e+04
1.000000000000000056e-01,6.400000000000000133e-01,3.053590898336928407e-03,-6.116090055951341198e-02,0.000000000000000000e+00,0.000000000000000000e+00,2.000000000000000000e+04
1.199999999999999956e-01,6.400000000000000133e-01,3.791293160272932779e-03,-7.512656542965190365e-02,0.000000000000000000e+00,0.000000000000000000e+00,2.000000000000000000e+04
1.400000000000000133e-01,6.400000000000000133e-01,4.624706869276474716e-03,-8.963693923523974316e-02,0.000000000000000000e+00,0.000000000000000000e+00,2.000000000000000000e+04
1.600000000000000033e-01,6.400000000000000133e-01,5.574154120766741660e-03,-1.046607855466692855e-01,0.000000000000000000e+00,0.000000000000000000e+00,2.000000000000000000e+04
1.799999999999999933e-01,6.400000000000000133e-01,6.659520635926344072e-03,-1.201601602866550766e-01,0.000000000000000000e+00,0.000000000000000000e+00,2.000000000000000000e+04
2.000000000000000111e-01,6.400000000000000133e-01,7.900763942269635465e-03,-1.360907512622304971e-01,0.000000000000000000e+00,0.000000000000000000e+00,2.000000000000000000e+04
2.200000000000000011e-01,6.400000000000000133e-01,9.318276326710141916e-03,-1.524018579027436315e-01,0.000000000000000000e+00,0.000000000000000000e+00,2.000000000000000000e+04
2.399999999999999911e-01,6.400000000000000133e-01,1.093301080937594642e-02,-1.690360941378650228e-01,0.000000000000000000e+00,0.000000000000000000e+00,2.000000000000000000e+04
2.600000000000000089e-01,6.400000000000000133e-01,1.276629292719104643e-02,-1.859289252704252882e-01,0.000000000000000000e+00,0.000000000000000000e+00,2.000000000000000000e+04
2.800000000000000266e-01,6.400000000000000133e-01,1.483925938082090827e-02,-2.030081739482931247e-01,0.000000000000000000e+00,0.000000000000000000e+00,2.000000000000000000e+04
2.999999999999999889e-01,6.400000000000000133e-01,1.717188949825609184e-02,-2.201936510324995766e-01,0.000000000000000000e+00,0.000000000000000000e+00,2.000000000000000000e+04
3.200000000000000067e-01,6.400000000000000133e-01,1.978162980729327239e-02,-2.373970821130872433e-01,0.000000000000000000e+00,0.000000000000000000e+00,2.000000000000000000e+04
3.400000000000000244e-01,6.400000000000000133e-01,2.268165717517866761e-02,-2.545225056739724989e-01,0.000000000000000000e+00,0.000000000000000000e+00,2.000000000000000000e+04
3.599999999999999867e-01,6.400000000000000133e-01,2.587888088023052383e-02,-2.714673096383400375e-01,0.000000000000000000e+00,0.000000000000000000e+00,2.000000000000000000e+04
3.800000000000000044e-01,6.400000000000000133e-01,2.937184448605060366e-02,-2.881240446573544722e-01,0.000000000000000000e+00,0.000000000000000000e+00,2.000000000000000000e+04
4.000000000000000222e-01,6.400000000000000133e-01,3.314874732703754906e-02,-3.043831016644883980e-01,0.000000000000000000e+00,0.000000000000000000e+00,2.000000000000000000e+04
4.199999999999999845e-01,6.400000000000000133e-01,3.718585319173087211e-02,-3.201362664040166006e-01,0.000000000000000000e+00,0.000000000000000000e+00,2.000000000000000000e+04
4.400000000000000022e-01,6.400000000000000133e-01,4.144657935511989605e-02,-3.352810655510395921e-01,0.000000000000000000e+00,0.000000000000000000e+00,2.000000000000000000e+04
4.600000000000000200e-01,6.400000000000000133e-01,4.588155101380546330e-02,-3.497257007266593165e-01,0.000000000000000000e+00,0.000000000000000000e+00,2.000000000000000000e+04
4.799999999999999822e-01,6.400000000000000133e-01,5.042985358159932791e-02,-3.633942339551561873e-01,0.000000000000000000e+00,0.000000000000000000e+00,2.000000000000000000e+04
5.000000000000000000e-01,6.400000000000000133e-01,5.502160915369903177e-02,-3.762315506530663489e-01,0.000000000000000000e+00,0.000000000000000000e+00,2.000000000000000000e+04
5.200000000000000178e-01,6.400000000000000133e-01,5.958182640555748782e-02,-3.882074777998817949e-01,0.000000000000000000e+00,0.000000000000000000e+00,2.000000000000000000e+04
5.400000000000000355e-01,6.400000000000000133e-01,6.403533809673646326e-02,-3.993195415713846064e-01,0.000000000000000000e+00,0.000000000000000000e+00,2.000000000000000000e+04
5.600000000000000533e-01,6.400000000000000133e-01,6.831216228359041076e-02,-4.095932026204817666e-01,0.000000000000000000e+00,0.000000000000000000e+00,2.000000000000000000e+04
5.799999999999999600e-01,6.400000000000000133e-01,7.235226599524710589e-02,-4.190789540582683936e-01,0.000000000000000000e+00,0.000000000000000000e+00,2.000000000000000000e+04
5.999999999999999778e-01,6.400000000000000133e-01,7.610887268544555551e-02,-4.278468413655271974e-01,0.000000000000000000e+00,0.000000000000000000e+00,2.000000000000000000e+04
6.199999999999999956e-01,6.400000000000000133e-01,7.954995370272308075e-02,-4.359796850867612705e-01,0.000000000000000000e+00,0.000000000000000000e+00,2.000000000000000000e+04
6.400000000000000133e-01,6.400000000000000133e-01,8.265803316699020520e-02,-4.435663123835089094e-01,0.000000000000000000e+00,0.000000000000000000e+00,2.000000000000000000e+04
6.600000000000000311e-01,6.400000000000000133e-01,8.542872815649610319e-02,-4.506957182526704075e-01,0.000000000000000000e+00,0.000000000000000000e+00,2.000000000000000000e+04
6.800000000000000488e-01,6.400000000000000133e-01,8.786853052426105148e-02,-4.574526070380833254e-01,0.000000000000000000e+00,0.000000000000000000e+00,2.000000000000000000e+04
6.999999999999999556e-01,6.400000000000000133e-01,8.999228263632187697e-02,-4.639143905190806771e-01,0.000000000000000000e+00,0.000000000000000000e+00,2.000000000000000000e+04
7.199999999999999734e-01,6.400000000000000133e-01,9.182068356655669061e-02,-4.701494896621611908e-01,0.000000000000000000e+00,0.000000000000000000e+00,2.000000000000000000e+04
7.399999999999999911e-01,6.400000000000000133e-01,9.337803832303311069e-02,-4.762166834262590576e-01,0.000000000000000000e+00,0.000000000000000000e+00,2.000000000000000000e+04
7.600000000000000089e-01,6.400000000000000133e-01,9.469035814052821631e-02,-4.821652291512513733e-01,0.000000000000000000e+00,0.000000000000000000e+00,2.000000000000000000e+04
7.800000000000000266e-01,6.400000000000000133e-01,9.578384388145197437e-02,-4.880355073211574690e-01,0.000000000000000000e+00,0.000000000000000000e+00,2.000000000000000000e+04
8.000000000000000444e-01,6.400000000000000133e-01,9.668373603841325103e-02,-4.938599918648103326e-01,0.000000000000000000e+00,0.000000000000000000e+00,2.000000000000000000e+04
8.199999999999999512e-01,6.400000000000000133e-01,9.741348835406359041e-02,-4.996643992572778470e-01,0.000000000000000000e+00,0.000000000000000000e+00,2.000000000000000000e+04
8.399999999999999689e-01,6.400000000000000133e-01,9.799421147569060964e-02,-5.054689170877686433e-01,0.000000000000000000e+00,0.000000000000000000e+00,2.000000000000000000e+04
8.599999999999999867e-01,6.400000000000000133e-01,9.844433295620824698e-02,-5.112894521150282978e-01,0.000000000000000000e+00,0.000000000000000000e+00,2.000000000000000000e+04
8.800000000000000044e-01,6.400000000000000133e-01,9.877942626154018191e-02,-5.171388686250462108e-01,0.000000000000000000e+00,0.000000000000000000e+00,2.000000000000000000e+04
9.000000000000000222e-01,6.400000000000000133e-01,9.901217155593580732e-02,-5.230282109518138434e-01,0.000000000000000000e+00,0.000000000000000000e+00,2.000000000000000000e+04
9.200000000000000400e-01,6.400000000000000133e-01,9.915242333938691088e-02,-5.289679205447417321e-01,0.000000000000000000e+00,0.000000000000000000e+00,2.000000000000000000e+04
9.399999999999999467e-01,6.400000000000000133e-01,9.920737376197079349e-02,-5.349690690889272737e-01,0.000000000000000000e+00,0.000000000000000000e+00,2.000000000000000000e+04
9.599999999999999645e-01,6.400000000000000133e-01,9.918181544396940941e-02,-5.410446356645918220e-01,0.000000000000000000e+00,0.000000000000000000e+00,2.000000000000000000e+04
9.799999999999999822e-01,6.400000000000000133e-01,9.907852399104377650e-02,-5.472108580435871561e-01,0.000000000000000000e+00,0.000000000000000000e+00,2.000000000000000000e+04
1.000000000000000000e+00,6.400000000000000133e-01,9.889879828689164543e-02,-5.534886857148648698e-01,0.000000000000000000e+00,0.000000000000000000e+00,2.000000000000000000e+04
0.000000000000000000e+00,6.600000000000000311e-01,0.000000000000000000e+00,0.000000000000000000e+00,1.000000000000000000e+00,0.000000000000000000e+00,2.000000000000000000e+04
2.000000000000000042e-02,6.600000000000000311e-01,8.203399796352407736e-04,-1.101589976545667635e-02,0.000000000000000000e+00,0.000000000000000000e+00,2.000000000000000000e+04
4.000000000000000083e-02,6.600000000000000311e-01,1.600200858061301889e-03,-2.264344444903806583e-02,0.000000000000000000e+00,0.000000000000000000e+00,2.000000000000000000e+04
5.999999999999999778e-02,6.600000000000000311e-01,2.370807717471612886e-03,-3.490140211140269760e-02,0.000000000000000000e+00,0.000000000000000000e+00,2.000000000000000000e+04
8.000000000000000167e-02,6.600000000000000311e-01,3.160885705325110814e-03,-4.779382249525059717e-02,0.000000000000000000e+00,0.000000000000000000e+00,2.000000000000000000e+04
1.000000000000000056e-01,6.600000000000000311e-01,3.996362462067453575e-03,-6.131246706550311232e-02,0.000000000000000000e+00,0.000000000000000000e+00,2.000000000000000000e+04
1.199999999999999956e-01,6.600000000000000311e-01,4.900554523923049584e-03,-7.543906336646026556e-02,0.000000000000000000e+00,0.000000000000000000e+00,2.000000000000000000e+04
1.400000000000000133e-01,6.600000000000000311e-01,5.894727368328139469e-03,-9.014716989513467393e-02,0.000000000000000000e+00,0.000000000000000000e+00,2.000000000000000000e+04
1.600000000000000033e-01,6.600000000000000311e-01,6.998886136382489673e-03,-1.054035196312307771e-01,0.000000000000000000e+00,0.000000000000000000e+00,2.000000000000000000e+04
1.799999999999999933e-01,6.600000000000000311e-01,8.232649022312531900e-03,-1.211687944091809771e-01,0.000000000000000000e+00,0.000000000000000000e+00,2.000000000000000000e+04
2.000000000000000111e-01,6.600000000000000311e-01,9.616065439483593644e-03,-1.373978490218651649e-01,0.000000000000000000e+00,0.000000000000000000e+00,2.000000000000000000e+04
2.200000000000000011e-01,6.600000000000000311e-01,1.117025566697348732e-02,-1.540394516980114203e-01,0.000000000000000000e+00,0.000000000000000000e+00,2.000000000000000000e+04
2.399999999999999911e-01,6.600000000000000311e-01,1.291776221609949177e-02,-1.710356427067517004e-01,0.000000000000000000e+00,0.000000000000000000e+00,2.000000000000000000e+04
2.600000000000000089e-01,6.600000000000000311e-01,1.488251525672200891e-02,-1.883208426785389633e-01,0.000000000000000000e+00,0.000000000000000000e+00,2.000000000000000000e+04
2.800000000000000266e-01,6.600000000000000311e-01,1.708932861245950063e-02,-2.058208716446532360e-01,0.000000000000000000e+00,0.000000000000000000e+00,2.000000000000000000e+04
2.999999999999999889e-01,6.600000000000000311e-01,1.956286476724969012e-02,-2.234520697140424950e-01,0.000000000000000000e+00,0.000000000000000000e+00,2.000000000000000000e+04
3.200000000000000067e-01,6.600000000000000311e-01,2.232604299714337562e-02,-2.411207376066845098e-01,0.000000000000000000e+00,0.000000000000000000e+00,2.000000000000000000e+04
3.400000000000000244e-01,6.600000000000000311e-01,2.539791835634660350e-02,-2.587231335629111562e-01,0.000000000000000000e+00,0.000000000000000000e+00,2.000000000000000000e+04
3.599999999999999867e-01,6.600000000000000311e-01,2.879113134678976463e-02,-2.761462642503608733e-01,0.000000000000000000e+00,0.000000000000000000e+00,2.000000000000000000e+04
3.800000000000000044e-01,6.600000000000000311e-01,3.250911428250459478e-02,-2.932696829814240846e-01,0.000000000000000000e+00,0.000000000000000000e+00,2.000000000000000000e+04
4.000000000000000222e-01,6.600000000000000311e-01,3.654333100571812570e-02,-3.099684522950123533e-01,0.000000000000000000e+00,0.000000000000000000e+00,2.000000000000000000e+04
4.199999999999999845e-01,6.600000000000000311e-01,4.087090769935484286e-02,-3.261173360236501173e-01,0.000000000000000000e+00,0.000000000000000000e+00,2.000000000000000000e+04
4.400000000000000022e-01,6.600000000000000311e-01,4.545306719753064439e-02,-3.415961578585701153e-01,0.000000000000000000e+00,0.000000000000000000e+00,2.000000000000000000e+04
4.600000000000000200e-01,6.600000000000000311e-01,5.023478940216828670e-02,-3.562961017493205262e-01,0.000000000000000000e+00,0.000000000000000000e+00,2.000000000000000000e+04
4.799999999999999822e-01,6.600000000000000311e-01,5.514606838013229317e-02,-3.701265399654215527e-01,0.000000000000000000e+00,0.000000000000000000e+00,2.000000000000000000e+04
5.000000000000000000e-01,6.600000000000000311e-01,6.010500618245860627e-02,-3.830217677449851421e-01,0.000000000000000000e+00,0.000000000000000000e+00,2.000000000000000000e+04
5.200000000000000178e-01,6.600000000000000311e-01,6.502273196619337559e-02,-3.949467622565065450e-01,0.000000000000000000e+00,0.000000000000000000e+00,2.000000000000000000e+04
5.400000000000000355e-01,6.600000000000000311e-01,6.981003047813795492e-02,-4.059013916472966055e-01,0.000000000000000000e+00,0.000000000000000000e+00,2.000000000000000000e+04
5.600000000000000533e-01,6.600000000000000311e-01,7.438464816230627719e-02,-4.159208828302398131e-01,0.000000000000000000e+00,0.000000000000000000e+00,2.000000000000000000e+04
5.799999999999999600e-01,6.600000000000000311e-01,7.867761772004348841e-02,-4.250715257955899884e-01,0.000000000000000000e+00,0.000000000000000000e+00,2.000000000000000000e+04
5.999999999999999778e-01,6.600000000000000311e-01,8.263732603567347512e-02,-4.334427470682411521e-01,0.000000000000000000e+00,0.000000000000000000e+00,2.000000000000000000e+04
6.199999999999999956e-01,6.600000000000000311e-01,8.623094024608927988e-02,-4.411377150558398741e-01,0.000000000000000000e+00,0.000000000000000000e+00,2.000000000000000000e+04
6.400000000000000133e-01,6.600000000000000311e-01,8.944355636725077885e-02,-4.482644253257882516e-01,0.000000000000000000e+00,0.000000000000000000e+00,2.000000000000000000e+04
6.600000000000000311e-01,6.600000000000000311e-01,9.227579709953573350e-02,-4.549284505663996891e-01,0.000000000000000000e+00,0.000000000000000000e+00,2.000000000000000000e+04
6.800000000000000488e-01,6.600000000000000311e-01,9.474061732882628484e-02,-4.612277873701290387e-01,0.000000000000000000e+00,0.000000000000000000e+00,2.000000000000000000e+04
6.999999999999999556e-01,6.600000000000000311e-01,9.685992766243392560e-02,-4.672497180679464623e-01,0.000000000000000000e+00,0.000000000000000000e+00,2.000000000000000000e+04
7.199999999999999734e-01,6.600000000000000311e-01,9.866144384378656984e-02,-4.730693435043221151e-01,0.000000000000000000e+00,0.000000000000000000e+00,2.000000000000000000e+04
7.399999999999999911e-01,6.600000000000000311e-01,1.001759849525988982e-01,-4.787493624459110975e-01,0.000000000000000000e+00,0.000000000000000000e+00,2.000000000000000000e+04
7.600000000000000089e-01,6.600000000000000311e-01,1.014353040935736527e-01,-4.843406980892459024e-01,0.000000000000000000e+00,0.000000000000000000e+00,2.000000000000000000e+04
7.800000000000000266e-01,6.600000000000000311e-01,1.024704445123518215e-01,-4.898836440337726583e-01,0.000000000000000000e+00,0.000000000000000000e+00,2.000000000000000000e+04
8.000000000000000444e-01,6.600000000000000311e-01,1.033105632558786874e-01,-4.954092857500566605e-01,0.000000000000000000e+00,0.000000000000000000e+00,2.000000000000000000e+04
8.199999999999999512e-01,6.600000000000000311e-01,1.039821423014315321e-01,-5.009410308891526498e-01,0.000000000000000000e+00,0.000000000000000000e+00,2.000000000000000000e+04
8.399999999999999689e-01,6.600000000000000311e-01,1.045085033310070161e-01,-5.064961455952404767e-01,0.000000000000000000e+00,0.000000000000000000e+00,2.000000000000000000e+04
8.599999999999999867e-01,6.600000000000000311e-01,1.049095493155337705e-01,-5.120872431744288855e-01,0.000000000000000000e+00,0.000000000000000000e+00,2.000000000000000000e+04
8.800000000000000044e-01,6.600000000000000311e-01,1.052016686274357266e-01,-5.177237077169560830e-01,0.000000000000000000e+00,0.000000000000000000e+00,2.000000000000000000e+04
9.000000000000000222e-01,6.600000000000000311e-01,1.053977524633480378e-01,-5.234130611726075522e-01,0.000000000000000000e+00,0.000000000000000000e+00,2.000000000000000000e+04
9.200000000000000400e-01,6.600000000000000311e-01,1.055072924466796958e-01,-5.291623004803361896e-01,0.000000000000000000e+00,0.000000000000000000e+00,2.000000000000000000e+04
9.399999999999999467e-01,6.600000000000000311e-01,1.055365419890496037e-01,-5.349792436607128110e-01,0.000000000000000000e+00,0.000000000000000000e+00,2.000000000000000000e+04
9.599999999999999645e-01,6.600000000000000311e-01,1.054887425985215205e-01,-5.408739315815198623e-01,0.000000000000000000e+00,0.000000000000000000e+00,2.000000000000000000e+04
9.799999999999999822e-01,6.600000000000000311e-01,1.053644354719063952e-01,-5.468601359159921405e-01,0.000000000000000000e+00,0.000000000000000000e+00,2.000000000000000000e+04
1.000000000000000000e+00,6.600000000000000311e-01,1.051619001367083694e-01,-5.529570233717526762e-01,0.000000000000000000e+00,0.000000000000000000e+00,2.000000000000000000e+04
0.000000000000000000e+00,6.800000000000000488e-01,0.000000000000000000e+00,0.000000000000000000e+00,1.000000000000000000e+00,0.000000000000000000e+00,2.000000000000000000e+04
2.000000000000000042e-02,6.800000000000000488e-01,1.052517841042265772e-03,-1.092804035783924779e-02,0.000000000000000000e+00,0.000000000000000000e+00,2.000000000000000000e+04
4.000000000000000083e-02,6.800000000000000488e-01,2.051371719247358037e-03,-2.252632964747067548e-02,0.000000000000000000e+00,0.000000000000000000e+00,2.000000000000000000e+04
5.999999999999999778e-02,6.800000000000000488e-01,3.031494500179139889e-03,-3.481001446522487275e-02,0.000000000000000000e+00,0.000000000000000000e+00,2.000000000000000000e+04
8.000000000000000167e-02,6.800000000000000488e-01,4.023828700109809663e-03,-4.777866844902803334e-02,0.000000000000000000e+00,0.000000000000000000e+00,2.000000000000000000e+04
1.000000000000000056e-01,6.800000000000000488e-01,5.055166315497591420e-03,-6.141941456506577052e-02,0.000000000000000000e+00,0.000000000000000000e+00,2.000000000000000000e+04
1.199999999999999956e-01,6.800000000000000488e-01,6.148608227797294767e-03,-7.570977056665435800e-02,0.000000000000000000e+00,0.000000000000000000e+00,2.000000000000000000e+04
1.400000000000000133e-01,6.800000000000000488e-01,7.324485391936490578e-03,-9.061992572782802402e-02,0.000000000000000000e+00,0.000000000000000000e+00,2.000000000000000000e+04
1.600000000000000033e-01,6.800000000000000488e-01,8.601550074362354290e-03,-1.061142933467008193e-01,0.000000000000000000e+00,0.000000000000000000e+00,2.000000000000000000e+04
1.799999999999999933e-01,6.800000000000000488e-01,9.998252443755352784e-03,-1.221523017679277262e-01,0.000000000000000000e+00,0.000000000000000000e+00,2.000000000000000000e+04
2.000000000000000111e-01,6.800000000000000488e-01,1.153394141936173525e-02,-1.386884662581676364e-01,0.000000000000000000e+00,0.000000000000000000e+00,2.000000000000000000e+04
2.200000000000000011e-01,6.800000000000000488e-01,1.322985152146311134e-02,-1.556718315522291063e-01,0.000000000000000000e+00,0.000000000000000000e+00,2.000000000000000000e+04
2.399999999999999911e-01,6.800000000000000488e-01,1.510975185867479038e-02,-1.730449054372984741e-01,0.000000000000000000e+00,0.000000000000000000e+00,2.000000000000000000e+04
2.600000000000000089e-01,6.800000000000000488e-01,1.720013965592269434e-02,-1.907422314003383579e-01,0.000000000000000000e+00,0.000000000000000000e+00,2.000000000000000000e+04
2.800000000000000266e-01,6.800000000000000488e-01,1.952986496263442451e-02,-2.086887820652834069e-01,0.000000000000000000e+00,0.000000000000000000e+00,2.000000000000000000e+04
2.999999999999999889e-01,6.800000000000000488e-01,2.212908512589286530e-02,-2.267983973786028562e-01,0.000000000000000000e+00,0.000000000000000000e+00,2.000000000000000000e+04
3.200000000000000067e-01,6.800000000000000488e-01,2.502747832948229445e-02,-2.449725381680714353e-01,0.000000000000000000e+00,0.000000000000000000e+00,2.000000000000000000e+04
3.400000000000000244e-01,6.800000000000000488e-01,2.825170440850790707e-02,-2.630996669883013950e-01,0.000000000000000000e+00,0.000000000000000000e+00,2.000000000000000000e+04
3.599999999999999867e-01,6.800000000000000488e-01,3.182219269467569805e-02,-2.810555905446759928e-01,0.000000000000000000e+00,0.000000000000000000e+00,2.000000000000000000e+04
3.800000000000000044e-01,6.800000000000000488e-01,3.574945749031411407e-02,-2.987050871044790168e-01,0.000000000000000000e+00,0.000000000000000000e+00,2.000000000000000000e+04
4.000000000000000222e-01,6.800000000000000488e-01,4.003027958681205228e-02,-3.159050860400993144e-01,0.000000000000000000e+00,0.000000000000000000e+00,2.000000000000000000e+04
4.199999999999999845e-01,6.800000000000000488e-01,4.464422665103853077e-02,-3.325095573013983064e-01,0.000000000000000000e+00,0.000000000000000000e+00,2.000000000000000000e+04
4.400000000000000022e-01,6.800000000000000488e-01,4.955109044801651180e-02,-3.483761035551657947e-01,0.000000000000000000e+00,0.000000000000000000e+00,2.000000000000000000e+04
4.600000000000000200e-01,6.800000000000000488e-01,5.468986645191315638e-02,-3.633740286625725124e-01,0.000000000000000000e+00,0.000000000000000000e+00,2.000000000000000000e+04
4.799999999999999822e-01,6.800000000000000488e-01,5.997986283786011646e-02,-3.773933880579620759e-01,0.000000000000000000e+00,0.000000000000000000e+00,2.000000000000000000e+04
5.000000000000000000e-01,6.800000000000000488e-01,6.532437371115644431e-02,-3.903542192854916881e-01,0.000000000000000000e+00,0.000000000000000000e+00,2.000000000000000000e+04
5.200000000000000178e-01,6.800000000000000488e-01,7.061698710627649367e-02,-4.022146854632541180e-01,0.000000000000000000e+00,0.000000000000000000e+00,2.000000000000000000e+04
5.400000000000000355e-01,6.800000000000000488e-01,7.575067349010410067e-02,-4.129777307918836016e-01,0.000000000000000000e+00,0.000000000000000000e+00,2.000000000000000000e+04
5.600000000000000533e-01,6.800000000000000488e-01,8.062796317951950731e-02,-4.226919105422178857e-01,0.000000000000000000e+00,0.000000000000000000e+00,2.000000000000000000e+04
5.799999999999999600e-01,6.800000000000000488e-01,8.516943367208362758e-02,-4.314447719305125051e-01,0.000000000000000000e+00,0.000000000000000000e+00,2.000000000000000000e+04
5.999999999999999778e-01,6.800000000000000488e-01,8.931862710075641476e-02,-4.393511415794948971e-01,0.000000000000000000e+00,0.000000000000000000e+00,2.000000000000000000e+04
6.199999999999999956e-01,6.800000000000000488e-01,9.304310572161060555e-02,-4.465399902789858322e-01,0.000000000000000000e+00,0.000000000000000000e+00,2.000000000000000000e+04
6.400000000000000133e-01,6.800000000000000488e-01,9.633246918690088756e-02,-4.531427247783811896e-01,0.000000000000000000e+00,0.000000000000000000e+00,2.000000000000000000e+04
6.600000000000000311e-01,6.800000000000000488e-01,9.919454746769988673e-02,-4.592843276524492535e-01,0.000000000000000000e+00,0.000000000000000000e+00,2.000000000000000000e+04
6.800000000000000488e-01,6.800000000000000488e-01,1.016508765672023140e-01,-4.650776128164434975e-01,0.000000000000000000e+00,0.000000000000000000e+00,2.000000000000000000e+04
6.999999999999999556e-01,6.800000000000000488e-01,1.037322504745067236e-01,-4.706202057350808432e-01,0.000000000000000000e+00,0.000000000000000000e+00,2.000000000000000000e+04
7.199999999999999734e-01,6.800000000000000488e-01,1.054748125563111788e-01,-4.759936025570911111e-01,0.000000000000000000e+00,0.000000000000000000e+00,2.000000000000000000e+04
7.399999999999999911e-01,6.800000000000000488e-01,1.069168878078782664e-01,-4.812636517505078371e-01,0.000000000000000000e+00,0.000000000000000000e+00,2.000000000000000000e+04
7.600000000000000089e-01,6.800000000000000488e-01,1.080965827557573838e-01,-4.864819056869771896e-01,0.000000000000000000e+00,0.000000000000000000e+00,2.000000000000000000e+04
7.800000000000000266e-01,6.800000000000000488e-01,1.090500803392715767e-01,-4.916874274583218907e-01,0.000000000000000000e+00,0.000000000000000000e+00,2.000000000000000000e+04
8.000000000000000444e-01,6.800000000000000488e-01,1.098105118157645388e-01,-4.969087688660972502e-01,0.000000000000000000e+00,0.000000000000000000e+00,2.000000000000000000e+04
8.199999999999999512e-01,6.800000000000000488e-01,1.104072768592261888e-01,-5.021659427521707464e-01,0.000000000000000000e+00,0.000000000000000000e+00,2.000000000000000000e+04
8.399999999999999689e-01,6.800000000000000488e-01,1.108656914596939241e-01,-5.074722937552347268e-01,0.000000000000000000e+00,0.000000000000000000e+00,2.000000000000000000e+04
8.599999999999999867e-01,6.800000000000000488e-01,1.112068608618148186e-01,-5.128362293513860637e-01,0.000000000000000000e+00,0.000000000000000000e+00,2.000000000000000000e+04
8.800000000000000044e-01,6.800000000000000488e-01,1.114476955695369170e-01,-5.182628128081997465e-01,0.000000000000000000e+00,0.000000000000000000e+00,2.000000000000000000e+04
9.000000000000000222e-01,6.800000000000000488e-01,1.116010093275126014e-01,-5.237552465595355367e-01,0.000000000000000000e+00,0.000000000000000000e+00,2.000000000000000000e+04
9.200000000000000400e-01,6.800000000000000488e-01,1.116756579161637120e-01,-5.293162927165563358e-01,0.000000000000000000e+00,0.000000000000000000e+00,2.000000000000000000e+04
9.399999999999999467e-01,6.800000000000000488e-01,1.116766967985228648e-01,-5.349496900371920605e-01,0.000000000000000000e+00,0.000000000000000000e+00,2.000000000000000000e+04
9.599999999999999645e-01,6.800000000000000488e-01,1.116055551336938845e-01,-5.406616355756088677e-01,0.000000000000000000e+00,0.000000000000000000e+00,2.000000000000000000e+04
9.799999999999999822e-01,6.800000000000000488e-01,1.114602448265889501e-01,-5.464624052083912886e-01,0.000000000000000000e+00,0.000000000000000000e+00,2.000000000000000000e+04
1.000000000000000000e+00,6.800000000000000488e-01,1.112356476380948200e-01,-5.523681900236986353e-01,0.000000000000000000e+00,0.000000000000000000e+00,2.000000000000000000e+04
0.000000000000000000e+00,6.999999999999999556e-01,0.000000000000000000e+00,0.000000000000000000e+00,1.000000000000000000e+00,0.000000000000000000e+00,2.000000000000000000e+04
2.000000000000000042e-02,6.999999999999999556e-01,1.311180377843738616e-03,-1.081972580673502132e-02,0.000000000000000000e+00,0.000000000000000000e+00,2.000000000000000000e+04
4.000000000000000083e-02,6.999999999999999556e-01,2.556781138312505704e-03,-2.237680314835534257e-02,0.000000000000000000e+00,0.000000000000000000e+00,2.000000000000000000e+04
5.999999999999999778e-02,6.999999999999999556e-01,3.775474588829215005e-03,-3.468068713399751618e-02,0.000000000000000000e+00,0.000000000000000000e+00,2.000000000000000000e+04
8.000000000000000167e-02,6.999999999999999556e-01,5.000037081938865126e-03,-4.772444058036203612e-02,0.000000000000000000e+00,0.000000000000000000e+00,2.000000000000000000e+04
1.000000000000000056e-01,6.999999999999999556e-01,6.257385488195490834e-03,-6.148877496935988701e-02,0.000000000000000000e+00,0.000000000000000000e+00,2.000000000000000000e+04
1.199999999999999956e-01,6.999999999999999556e-01,7.569410583538571137e-03,-7.594565371193083558e-02,0.000000000000000000e+00,0.000000000000000000e+00,2.000000000000000000e+04
1.400000000000000133e-01,6.999999999999999556e-01,8.954369871132421624e-03,-9.106106679911728230e-02,0.000000000000000000e+00,0.000000000000000000e+00,2.000000000000000000e+04
1.600000000000000033e-01,6.999999999999999556e-01,1.042857886805222643e-02,-1.067968120011635463e-01,0.000000000000000000e+00,0.000000000000000000e+00,2.000000000000000000e+04
1.799999999999999933e-01,6.999999999999999556e-01,1.200817379413654171e-02,-1.231112799476897779e-01,0.000000000000000000e+00,0.000000000000000000e+00,2.000000000000000000e+04
2.000000000000000111e-01,6.999999999999999556e-01,1.371076644033327255e-02,-1.399593276352011639e-01,0.000000000000000000e+00,0.000000000000000000e+00,2.000000000000000000e+04
2.200000000000000011e-01,6.999999999999999556e-01,1.555684822110400649e-02,-1.572913614387676795e-01,0.000000000000000000e+00,0.000000000000000000e+00,2.000000000000000000e+04
2.399999999999999911e-01,6.999999999999999556e-01,1.757081564700879381e-02,-1.750517660403516640e-01,0.000000000000000000e+00,0.000000000000000000e+00,2.000000000000000000e+04
2.600000000000000089e-01,6.999999999999999556e-01,1.978148536156522710e-02,-1.931768333317710473e-01,0.000000000000000000e+00,0.000000000000000000e+00,2.000000000000000000e+04
2.800000000000000266e-01,6.999999999999999556e-01,2.222195266014898377e-02,-2.115923800771156993e-01,0.000000000000000000e+00,0.000000000000000000e+00,2.000000000000000000e+04
2.999999999999999889e-01,6.999999999999999556e-01,2.492863784649880163e-02,-2.302113003678069592e-01,0.000000000000000000e+00,0.000000000000000000e+00,2.000000000000000000e+04
3.200000000000000067e-01,6.999999999999999556e-01,2.793937833154132300e-02,-2.489313743158423076e-01,0.000000000000000000e+00,0.000000000000000000e+00,2.000000000000000000e+04
3.400000000000000244e-01,6.999999999999999556e-01,3.129047950335554079e-02,-2.676337340262431863e-01,0.000000000000000000e+00,0.000000000000000000e+00,2.000000000000000000e+04
3.599999999999999867e-01,6.999999999999999556e-01,3.501274697376082629e-02,-2.861824501327615566e-01,0.000000000000000000e+00,0.000000000000000000e+00,2.000000000000000000e+04
3.800000000000000044e-01,6.999999999999999556e-01,3.912668809897412725e-02,-3.044257223951168934e-01,0.000000000000000000e+00,0.000000000000000000e+00,2.000000000000000000e+04
4.000000000000000222e-01,6.999999999999999556e-01,4.363727750543418965e-02,-3.221991138650846520e-01,0.000000000000000000e+00,0.000000000000000000e+00,2.000000000000000000e+04
4.199999999999999845e-01,6.999999999999999556e-01,4.852890048063480954e-02,-3.393311448840140021e-01,0.000000000000000000e+00,0.000000000000000000e+00,2.000000000000000000e+04
4.400000000000000022e-01,6.999999999999999556e-01,5.376127955462710328e-02,-3.556513543591546256e-01,0.000000000000000000e+00,0.000000000000000000e+00,2.000000000000000000e+04
4.600000000000000200e-01,6.999999999999999556e-01,5.926730864333398796e-02,-3.710006419119860621e-01,0.000000000000000000e+00,0.000000000000000000e+00,2.000000000000000000e+04
4.799999999999999822e-01,6.999999999999999556e-01,6.495372040166016991e-02,-3.852433292738009496e-01,0.000000000000000000e+00,0.000000000000000000e+00,2.000000000000000000e+04
5.000000000000000000e-01,6.999999999999999556e-01,7.070535207792029431e-02,-3.982799303714779637e-01,0.000000000000000000e+00,0.000000000000000000e+00,2.000000000000000000e+04
5.200000000000000178e-01,6.999999999999999556e-01,7.639322708959939146e-02,-4.100587688328335978e-01,0.000000000000000000e+00,0.000000000000000000e+00,2.000000000000000000e+04
5.400000000000000355e-01,6.999999999999999556e-01,8.188733763866552773e-02,-4.205869347381950840e-01,0.000000000000000000e+00,0.000000000000000000e+00,2.000000000000000000e+04
5.600000000000000533e-01,6.999999999999999556e-01,8.707116843839023124e-02,-4.299316047156120923e-01,0.000000000000000000e+00,0.000000000000000000e+00,2.000000000000000000e+04
5.799999999999999600e-01,6.999999999999999556e-01,9.185317832804014426e-02,-4.382093959786583781e-01,0.000000000000000000e+00,0.000000000000000000e+00,2.000000000000000000e+04
5.999999999999999778e-01,6.999999999999999556e-01,9.617253558746174935e-02,-4.455687143889335289e-01,0.000000000000000000e+00,0.000000000000000000e+00,2.000000000000000000e+04
6.199999999999999956e-01,6.999999999999999556e-01,9.999921157059692145e-02,-4.521712991874989318e-01,0.000000000000000000e+00,0.000000000000000000e+00,2.000000000000000000e+04
6.400000000000000133e-01,6.999999999999999556e-01,1.033301135844008761e-01,-4.581769828381950793e-01,0.000000000000000000e+00,0.000000000000000000e+00,2.000000000000000000e+04
6.600000000000000311e-01,6.999999999999999556e-01,1.061832233210275866e-01,-4.637331482285207418e-01,0.000000000000000000e+00,0.000000000000000000e+00,2.000000000000000000e+04
6.800000000000000488e-01,6.999999999999999556e-01,1.085913024760181284e-01,-4.689686984395591840e-01,0.000000000000000000e+00,0.000000000000000000e+00,2.000000000000000000e+04
6.999999999999999556e-01,6.999999999999999556e-01,1.105961422118697524e-01,-4.739916017961288142e-01,0.000000000000000000e+00,0.000000000000000000e+00,2.000000000000000000e+04
7.199999999999999734e-01,6.999999999999999556e-01,1.122438273456334706e-01,-4.788889184261511667e-01,0.000000000000000000e+00,0.000000000000000000e+00,2.000000000000000000e+04
7.399999999999999911e-01,6.999999999999999556e-01,1.135811376794888944e-01,-4.837283499707070722e-01,0.000000000000000000e+00,0.000000000000000000e+00,2.000000000000000000e+04
7.600000000000000089e-01,6.999999999999999556e-01,1.146530072427422026e-01,-4.885605864180875835e-01,0.000000000000000000e+00,0.000000000000000000e+00,2.000000000000000000e+04
7.800000000000000266e-01,6.999999999999999556e-01,1.155008680607140237e-01,-4.934219539359173679e-01,0.000000000000000000e+00,0.000000000000000000e+00,2.000000000000000000e+04
8.000000000000000444e-01,6.999999999999999556e-01,1.161616786301449405e-01,-4.983370559328332283e-01,0.000000000000000000e+00,0.000000000000000000e+00,2.000000000000000000e+04
8.199999999999999512e-01,6.999999999999999556e-01,1.166674479852262414e-01,-5.033212387185235226e-01,0.000000000000000000e+00,0.000000000000000000e+00,2.000000000000000000e+04
8.399999999999999689e-01,6.999999999999999556e-01,1.170450937707137457e-01,-5.083828089887911794e-01,0.000000000000000000e+00,0.000000000000000000e+00,2.000000000000000000e+04
8.599999999999999867e-01,6.999999999999999556e-01,1.173165050823866129e-01,-5.135249930784616668e-01,0.000000000000000000e+00,0.000000000000000000e+00,2.000000000000000000e+04
8.800000000000000044e-01,6.999999999999999556e-01,1.174987118013757076e-01,-5.187476675134286008e-01,0.000000000000000000e+00,0.000000000000000000e+00,2.000000000000000000e+04
9.000000000000000222e-01,6.999999999999999556e-01,1.176040893183079861e-01,-5.240489151229783538e-01,0.000000000000000000e+00,0.000000000000000000e+00,2.000000000000000000e+04
9.200000000000000400e-01,6.999999999999999556e-01,1.176405508036845599e-01,-5.294264770115104657e-01,0.000000000000000000e+00,0.000000000000000000e+00,2.000000000000000000e+04
9.399999999999999467e-01,6.999999999999999556e-01,1.176116997760720539e-01,-5.348791822396663509e-01,0.000000000000000000e+00,0.000000000000000000e+00,2.000000000000000000e+04
9.599999999999999645e-01,6.999999999999999556e-01,1.175169356582645708e-01,-5.404084466401580800e-01,0.000000000000000000e+00,0.000000000000000000e+00,2.000000000000000000e+04
9.799999999999999822e-01,6.999999999999999556e-01,1.173515266982406990e-01,-5.460199408484767147e-01,0.000000000000000000e+00,0.000000000000000000e+00,2.000000000000000000e+04
1.000000000000000000e+00,6.999999999999999556e-01,1.171066906097786020e-01,-5.517255351111602923e-01,0.000000000000000000e+00,0.000000000000000000e+00,2.000000000000000000e+04
0.000000000000000000e+00,7.199999999999999734e-01,0.000000000000000000e+00,0.000000000000000000e+00,1.000000000000000000e+00,0.000000000000000000e+00,2.000000000000000000e+04
2.000000000000000042e-02,7.199999999999999734e-01,1.601069315003257739e-03,-1.069316606309378415e-02,0.000000000000000000e+00,0.000000000000000000e+00,2.000000000000000000e+04
4.000000000000000083e-02,7.199999999999999734e-01,3.126802227475162545e-03,-2.219991614745486092e-02,0.000000000000000000e+00,0.000000000000000000e+00,2.000000000000000000e+04
5.999999999999999778e-02,7.199999999999999734e-01,4.619584705947222918e-03,-3.452136094932036631e-02,0.000000000000000000e+00,0.000000000000000000e+00,2.000000000000000000e+04
8.000000000000000167e-02,7.199999999999999734e-01,6.113475308390382834e-03,-4.764145256983149529e-02,0.000000000000000000e+00,0.000000000000000000e+00,2.000000000000000000e+04
1.000000000000000056e-01,7.199999999999999734e-01,7.634531778354029623e-03,-6.153227192877747803e-02,0.000000000000000000e+00,0.000000000000000000e+00,2.000000000000000000e+04
1.199999999999999956e-01,7.199999999999999734e-01,9.202163920032582420e-03,-7.615859882179887297e-02,0.000000000000000000e+00,0.000000000000000000e+00,2.000000000000000000e+04
1.400000000000000133e-01,7.199999999999999734e-01,1.083114100113166146e-02,-9.148126569090732352e-02,0.000000000000000000e+00,0.000000000000000000e+00,2.000000000000000000e+04
1.600000000000000033e-01,7.199999999999999734e-01,1.253389546388665628e-02,-1.074591614736961492e-01,0.000000000000000000e+00,0.000000000000000000e+00,2.000000000000000000e+04
1.799999999999999933e-01,7.199999999999999734e-01,1.432285056165615196e-02,-1.240499626804252853e-01,0.000000000000000000e+00,0.000000000000000000e+00,2.000000000000000000e+04
2.000000000000000111e-01,7.199999999999999734e-01,1.621258719227529344e-02,-1.412097487926628481e-01,0.000000000000000000e+00,0.000000000000000000e+00,2.000000000000000000e+04
2.200000000000000011e-01,7.199999999999999734e-01,1.822172158049826379e-02,-1.588916655605414618e-01,0.000000000000000000e+00,0.000000000000000000e+00,2.000000000000000000e+04
2.399999999999999911e-01,7.199999999999999734e-01,2.037438182480610926e-02,-1.770437827867984426e-01,0.000000000000000000e+00,0.000000000000000000e+00,2.000000000000000000e+04
2.600000000000000089e-01,7.199999999999999734e-01,2.270115180403949745e-02,-1.956062876814983753e-01,0.000000000000000000e+00,0.000000000000000000e+00,2.000000000000000000e+04
2.800000000000000266e-01,7.199999999999999734e-01,2.523930751967982944e-02,-2.145081829232055037e-01,0.000000000000000000e+00,0.000000000000000000e+00,2.000000000000000000e+04
2.999999999999999889e-01,7.199999999999999734e-01,2.803212308635605679e-02,-2.336637309488552861e-01,0.000000000000000000e+00,0.000000000000000000e+00,2.000000000000000000e+04
3.200000000000000067e-01,7.199999999999999734e-01,3.112699873134591386e-02,-2.529690007712592781e-01,0.000000000000000000e+00,0.000000000000000000e+00,2.000000000000000000e+04
3.400000000000000244e-01,7.199999999999999734e-01,3.457219409300835850e-02,-2.722990135642507359e-01,0.000000000000000000e+00,0.000000000000000000e+00,2.000000000000000000e+04
3.599999999999999867e-01,7.199999999999999734e-01,3.841206658770324189e-02,-2.915061160124975959e-01,0.000000000000000000e+00,0.000000000000000000e+00,2.000000000000000000e+04
3.800000000000000044e-01,7.199999999999999734e-01,4.268093106996973668e-02,-3.104202942260572140e-01,0.000000000000000000e+00,0.000000000000000000e+00,2.000000000000000000e+04
4.000000000000000222e-01,7.199999999999999734e-01,4.739596182579233763e-02,-3.288521350708321078e-01,0.000000000000000000e+00,0.000000000000000000e+00,2.000000000000000000e+04
4.199999999999999845e-01,7.199999999999999734e-01,5.254991059633377232e-02,-3.465990166692764496e-01,0.000000000000000000e+00,0.000000000000000000e+00,2.000000000000000000e+04
4.400000000000000022e-01,7.199999999999999734e-01,5.810475229173158590e-02,-3.634548524922854296e-01,0.000000000000000000e+00,0.000000000000000000e+00,2.000000000000000000e+04
4.600000000000000200e-01,7.199999999999999734e-01,6.398762108717365171e-02,-3.792233237693395931e-01,0.000000000000000000e+00,0.000000000000000000e+00,2.000000000000000000e+04
4.799999999999999822e-01,7.199999999999999734e-01,7.009049171010815760e-02,-3.937340163625989709e-01,0.000000000000000000e+00,0.000000000000000000e+00,2.000000000000000000e+04
5.000000000000000000e-01,7.199999999999999734e-01,7.627492744696288962e-02,-4.068602362597842359e-01,0.000000000000000000e+00,0.000000000000000000e+00,2.000000000000000000e+04
5.200000000000000178e-01,7.199999999999999734e-01,8.238233699311717229e-02,-4.185356637919888101e-01,0.000000000000000000e+00,0.000000000000000000e+00,2.000000000000000000e+04
5.400000000000000355e-01,7.199999999999999734e-01,8.825252033164004972e-02,-4.287732128545966859e-01,0.000000000000000000e+00,0.000000000000000000e+00,2.000000000000000000e+04
5.600000000000000533e-01,7.199999999999999734e-01,9.374493790002345894e-02,-4.376667937926561058e-01,0.000000000000000000e+00,0.000000000000000000e+00,2.000000000000000000e+04
5.799999999999999600e-01,7.199999999999999734e-01,9.875428943808774174e-02,-4.453734476426201572e-01,0.000000000000000000e+00,0.000000000000000000e+00,2.000000000000000000e+04
5.999999999999999778e-01,7.199999999999999734e-01,1.032167263424916132e-01,-4.520863019767772939e-01,0.000000000000000000e+00,0.000000000000000000e+00,2.000000000000000000e+04
6.199999999999999956e-01,7.199999999999999734e-01,1.071078929850444311e-01,-4.580086562551077267e-01,0.000000000000000000e+00,0.000000000000000000e+00,2.000000000000000000e+04
6.400000000000000133e-01,7.199999999999999734e-01,1.104360115637396805e-01,-4.633344971449707139e-01,0.000000000000000000e+00,0.000000000000000000e+00,2.000000000000000000e+04
6.600000000000000311e-01,7.199999999999999734e-01,1.132330856350479836e-01,-4.682364978733707384e-01,0.000000000000000000e+00,0.000000000000000000e+00,2.000000000000000000e+04
6.800000000000000488e-01,7.199999999999999734e-01,1.155463225833611024e-01,-4.728603491081245780e-01,0.000000000000000000e+00,0.000000000000000000e+00,2.000000000000000000e+04
6.999999999999999556e-01,7.199999999999999734e-01,1.174308769074093733e-01,-4.773235924028825239e-01,0.000000000000000000e+00,0.000000000000000000e+00,2.000000000000000000e+04
7.199999999999999734e-01,7.199999999999999734e-01,1.189442915593641736e-01,-4.817172400756678519e-01,0.000000000000000000e+00,0.000000000000000000e+00,2.000000000000000000e+04
7.399999999999999911e-01,7.199999999999999734e-01,1.201425869581666250e-01,-4.861088619119953158e-01,0.000000000000000000e+00,0.000000000000000000e+00,2.000000000000000000e+04
7.600000000000000089e-01,7.199999999999999734e-01,1.210777437804398532e-01,-4.905462413762042284e-01,0.000000000000000000e+00,0.000000000000000000e+00,2.000000000000000000e+04
7.800000000000000266e-01,7.199999999999999734e-01,1.217962626750150740e-01,-4.950610515369044951e-01,0.000000000000000000e+00,0.000000000000000000e+00,2.000000000000000000e+04
8.000000000000000444e-01,7.199999999999999734e-01,1.223384967387551869e-01,-4.996722526057081337e-01,0.000000000000000000e+00,0.000000000000000000e+00,2.000000000000000000e+04
8.199999999999999512e-01,7.199999999999999734e-01,1.227384985291075509e-01,-5.043890804374625558e-01,0.000000000000000000e+00,0.000000000000000000e+00,2.000000000000000000e+04
8.399999999999999689e-01,7.199999999999999734e-01,1.230241780978789112e-01,-5.092135993475558342e-01,0.000000000000000000e+00,0.000000000000000000e+00,2.000000000000000000e+04
8.599999999999999867e-01,7.199999999999999734e-01,1.232176196306375704e-01,-5.141428532562578591e-01,0.000000000000000000e+00,0.000000000000000000e+00,2.000000000000000000e+04
8.800000000000000044e-01,7.199999999999999734e-01,1.233354467783296660e-01,-5.191706826003342767e-01,0.000000000000000000e+00,0.000000000000000000e+00,2.000000000000000000e+04
9.000000000000000222e-01,7.199999999999999734e-01,1.233891598923567146e-01,-5.242892924620641271e-01,0.000000000000000000e+00,0.000000000000000000e+00,2.000000000000000000e+04
9.200000000000000400e-01,7.199999999999999734e-01,1.233853936137632584e-01,-5.294906680706293889e-01,0.000000000000000000e+00,0.000000000000000000e+00,2.000000000000000000e+04
9.399999999999999467e-01,7.199999999999999734e-01,1.233260633007859652e-01,-5.347679424689499861e-01,0.000000000000000000e+00,0.000000000000000000e+00,2.000000000000000000e+04
9.599999999999999645e-01,7.199999999999999734e-01,1.232083869058860637e-01,-5.401168307471075902e-01,0.000000000000000000e+00,0.000000000000000000e+00,2.000000000000000000e+04
9.799999999999999822e-01,7.199999999999999734e-01,1.230247887638238197e-01,-5.455372571135860271e-01,0.000000000000000000e+00,0.000000000000000000e+00,2.000000000000000000e+04
1.000000000000000000e+00,7.199999999999999734e-01,1.227627171218387409e-01,-5.510353149962514685e-01,0.000000000000000000e+00,0.000000000000000000e+00,2.000000000000000000e+04
0.000000000000000000e+00,7.399999999999999911e-01,0.000000000000000000e+00,0.000000000000000000e+00,1.000000000000000000e+00,0.000000000000000000e+00,2.000000000000000000e+04
2.000000000000000042e-02,7.399999999999999911e-01,1.927490442739584597e-03,-1.055194961192154092e-02,0.000000000000000000e+00,0.000000000000000000e+00,2.000000000000000000e+04
4.000000000000000083e-02,7.399999999999999911e-01,3.773162853978975252e-03,-2.200354326529751353e-02,0.000000000000000000e+00,0.000000000000000000e+00,2.000000000000000000e+04
5.999999999999999778e-02,7.399999999999999911e-01,5.583008486932241471e-03,-3.434412573909564892e-02,0.000000000000000000e+00,0.000000000000000000e+00,2.000000000000000000e+04
8.000000000000000167e-02,7.399999999999999911e-01,7.391582244803326755e-03,-4.754521022159610699e-02,0.000000000000000000e+00,0.000000000000000000e+00,2.000000000000000000e+04
1.000000000000000056e-01,7.399999999999999911e-01,9.222780650607787997e-03,-6.156749080342197034e-02,0.000000000000000000e+00,0.000000000000000000e+00,2.000000000000000000e+04
1.199999999999999956e-01,7.399999999999999911e-01,1.109193211847487627e-02,-7.636662667297317020e-02,0.000000000000000000e+00,0.000000000000000000e+00,2.000000000000000000e+04
1.400000000000000133e-01,7.399999999999999911e-01,1.300860580976550933e-02,-9.189722311156725554e-02,0.000000000000000000e+00,0.000000000000000000e+00,2.000000000000000000e+04
1.600000000000000033e-01,7.399999999999999911e-01,1.497964949079516085e-02,-1.081149967239783682e-01,0.000000000000000000e+00,0.000000000000000000e+00,2.000000000000000000e+04
1.799999999999999933e-01,7.399999999999999911e-01,1.701214363958066661e-02,-1.249773590728647799e-01,0.000000000000000000e+00,0.000000000000000000e+00,2.000000000000000000e+04
2.000000000000000111e-01,7.399999999999999911e-01,1.911610627009273713e-02,-1.424426932652022859e-01,0.000000000000000000e+00,0.000000000000000000e+00,2.000000000000000000e+04
2.200000000000000011e-01,7.399999999999999911e-01,2.130686648062402044e-02,-1.604685439903458244e-01,0.000000000000000000e+00,0.000000000000000000e+00,2.000000000000000000e+04
2.399999999999999911e-01,7.399999999999999911e-01,2.360704254666783075e-02,-1.790088678819136137e-01,0.000000000000000000e+00,0.000000000000000000e+00,2.000000000000000000e+04
2.600000000000000089e-01,7.399999999999999911e-01,2.604802121852412347e-02,-1.980104430449834141e-01,0.000000000000000000e+00,0.000000000000000000e+00,2.000000000000000000e+04
2.800000000000000266e-01,7.399999999999999911e-01,2.867075178561461282e-02,-2.174085431229576260e-01,0.000000000000000000e+00,0.000000000000000000e+00,2.000000000000000000e+04
2.999999999999999889e-01,7.399999999999999911e-01,3.152556175264296934e-02,-2.371220617602684821e-01,0.000000000000000000e+00,0.000000000000000000e+00,2.000000000000000000e+04
3.200000000000000067e-01,7.399999999999999911e-01,3.467060509973118182e-02,-2.570484348081356063e-01,0.000000000000000000e+00,0.000000000000000000e+00,2.000000000000000000e+04
3.400000000000000244e-01,7.399999999999999911e-01,3.816852090600254127e-02,-2.770589357083062532e-01,0.000000000000000000e+00,0.000000000000000000e+00,2.000000000000000000e+04
3.599999999999999867e-01,7.399999999999999911e-01,4.208097023198776460e-02,-2.969951708251263311e-01,0.000000000000000000e+00,0.000000000000000000e+00,2.000000000000000000e+04
3.800000000000000044e-01,7.399999999999999911e-01,4.646097931431483752e-02,-3.166678074864314185e-01,0.000000000000000000e+00,0.000000000000000000e+00,2.000000000000000000e+04
4.000000000000000222e-01,7.399999999999999911e-01,5.134345282047084180e-02,-3.358586521646387268e-01,0.000000000000000000e+00,0.000000000000000000e+00,2.000000000000000000e+04
4.199999999999999845e-01,7.399999999999999911e-01,5.673478133115076455e-02,-3.543271001689449196e-01,0.000000000000000000e+00,0.000000000000000000e+00,2.000000000000000000e+04
4.400000000000000022e-01,7.399999999999999911e-01,6.260305341119647149e-02,-3.718216740973311341e-01,0.000000000000000000e+00,0.000000000000000000e+00,2.000000000000000000e+04
4.600000000000000200e-01,7.399999999999999911e-01,6.887087366983082881e-02,-3.880968576125293223e-01,0.000000000000000000e+00,0.000000000000000000e+00,2.000000000000000000e+04
4.799999999999999822e-01,7.399999999999999911e-01,7.541306719933489611e-02,-4.029347237095987078e-01,0.000000000000000000e+00,0.000000000000000000e+00,2.000000000000000000e+04
5.000000000000000000e-01,7.399999999999999911e-01,8.206152263768670685e-02,-4.161699640389388555e-01,0.000000000000000000e+00,0.000000000000000000e+00,2.000000000000000000e+04
5.200000000000000178e-01,7.399999999999999911e-01,8.861787552563767101e-02,-4.277137152950185039e-01,0.000000000000000000e+00,0.000000000000000000e+00,2.000000000000000000e+04
5.400000000000000355e-01,7.399999999999999911e-01,9.488145987685597804e-02,-4.375875848086110964e-01,0.000000000000000000e+00,0.000000000000000000e+00,2.000000000000000000e+04
5.600000000000000533e-01,7.399999999999999911e-01,1.006812929014594682e-01,-4.459250439148265688e-01,0.000000000000000000e+00,0.000000000000000000e+00,2.000000000000000000e+04
5.799999999999999600e-01,7.399999999999999911e-01,1.058970869267429060e-01,-4.529402703510969075e-01,0.000000000000000000e+00,0.000000000000000000e+00,2.000000000000000000e+04
5.999999999999999778e-01,7.399999999999999911e-01,1.104649014947277769e-01,-4.588862502269729360e-01,0.000000000000000000e+00,0.000000000000000000e+00,2.000000000000000000e+04
6.199999999999999956e-01,7.399999999999999911e-01,1.143711983022214912e-01,-4.640186993660033177e-01,0.000000000000000000e+00,0.000000000000000000e+00,2.000000000000000000e+04
6.400000000000000133e-01,7.399999999999999911e-01,1.176411364319282365e-01,-4.685719353194836567e-01,0.000000000000000000e+00,0.000000000000000000e+00,2.000000000000000000e+04
6.600000000000000311e-01,7.399999999999999911e-01,1.203257086388382496e-01,-4.727462356991131154e-01,0.000000000000000000e+00,0.000000000000000000e+00,2.000000000000000000e+04
6.800000000000000488e-01,7.399999999999999911e-01,1.224903485640518874e-01,-4.767037162032221054e-01,0.000000000000000000e+00,0.000000000000000000e+00,2.000000000000000000e+04
6.999999999999999556e-01,7.399999999999999911e-01,1.242060647370712839e-01,-4.805695518250014397e-01,0.000000000000000000e+00,0.000000000000000000e+00,2.000000000000000000e+04
7.199999999999999734e-01,7.399999999999999911e-01,1.255432009862735843e-01,-4.844360309850345159e-01,0.000000000000000000e+00,0.000000000000000000e+00,2.000000000000000000e+04
7.399999999999999911e-01,7.399999999999999911e-01,1.265674601252980980e-01,-4.883677440403152992e-01,0.000000000000000000e+00,0.000000000000000000e+00,2.000000000000000000e+04
7.600000000000000089e-01,7.399999999999999911e-01,1.273376745086181316e-01,-4.924068843092339609e-01,0.000000000000000000e+00,0.000000000000000000e+00,2.000000000000000000e+04
7.800000000000000266e-01,7.399999999999999911e-01,1.279048170311224697e-01,-4.965781206079357690e-01,0.000000000000000000e+00,0.000000000000000000e+00,2.000000000000000000e+04
8.000000000000000444e-01,7.399999999999999911e-01,1.283118258608645923e-01,-5.008928093009759053e-01,0.000000000000000000e+00,0.000000000000000000e+00,2.000000000000000000e+04
8.199999999999999512e-01,7.399999999999999911e-01,1.285939136299677488e-01,-5.053524965061563234e-01,0.000000000000000000e+00,0.000000000000000000e+00,2.000000000000000000e+04
8.399999999999999689e-01,7.399999999999999911e-01,1.287791218054523679e-01,-5.099517597953414638e-01,0.000000000000000000e+00,0.000000000000000000e+00,2.000000000000000000e+04
8.599999999999999867e-01,7.399999999999999911e-01,1.288889538030723592e-01,-5.146804860677085536e-01,0.000000000000000000e+00,0.000000000000000000e+00,2.000000000000000000e+04
8.800000000000000044e-01,7.399999999999999911e-01,1.289389744522111692e-01,-5.195257010139147091e-01,0.000000000000000000e+00,0.000000000000000000e+00,2.000000000000000000e+04
9.000000000000000222e-01,7.399999999999999911e-01,1.289393008663465845e-01,-5.244730708298144251e-01,0.000000000000000000e+00,0.000000000000000000e+00,2.000000000000000000e+04
9.200000000000000400e-01,7.399999999999999911e-01,1.288949344683860410e-01,-5.295081982068148285e-01,0.000000000000000000e+00,0.000000000000000000e+00,2.000000000000000000e+04
9.399999999999999467e-01,7.399999999999999911e-01,1.288059003669702607e-01,-5.346178380244628325e-01,0.000000000000000000e+00,0.000000000000000000e+00,2.000000000000000000e+04
9.599999999999999645e-01,7.399999999999999911e-01,1.286671732747471930e-01,-5.397911669362488452e-01,0.000000000000000000e+00,0.000000000000000000e+00,2.000000000000000000e+04
9.799999999999999822e-01,7.399999999999999911e-01,1.284683837105705939e-01,-5.450212566299982297e-01,0.000000000000000000e+00,0.000000000000000000e+00,2.000000000000000000e+04
1.000000000000000000e+00,7.399999999999999911e-01,1.281933195672217973e-01,-5.503069228596511042e-01,0.000000000000000000e+00,0.000000000000000000e+00,2.000000000000000000e+04
0.000000000000000000e+00,7.600000000000000089e-01,0.000000000000000000e+00,0.000000000000000000e+00,1.000000000000000000e+00,0.000000000000000000e+00,2.000000000000000000e+04
2.000000000000000042e-02,7.600000000000000089e-01,2.296412085127777936e-03,-1.040138075069790835e-02,0.000000000000000000e+00,0.000000000000000000e+00,2.000000000000000000e+04
4.000000000000000083e-02,7.600000000000000089e-01,4.509191853650521865e-03,-2.179910077876707347e-02,0.000000000000000000e+00,0.000000000000000000e+00,2.000000000000000000e+04
5.999999999999999778e-02,7.600000000000000089e-01,6.687694151929363291e-03,-3.416625940288336299e-02,0.000000000000000000e+00,0.000000000000000000e+00,2.000000000000000000e+04
8.000000000000000167e-02,7.600000000000000089e-01,8.865839209515965699e-03,-4.745765447043075180e-02,0.000000000000000000e+00,0.000000000000000000e+00,2.000000000000000000e+04
1.000000000000000056e-01,7.600000000000000089e-01,1.106363381114879377e-02,-6.161921122712048920e-02,0.000000000000000000e+00,0.000000000000000000e+00,2.000000000000000000e+04
1.199999999999999956e-01,7.600000000000000089e-01,1.329033191070662888e-02,-7.659523787819684515e-02,0.000000000000000000e+00,0.000000000000000000e+00,2.000000000000000000e+04
1.400000000000000133e-01,7.600000000000000089e-01,1.554828812238122707e-02,-9.233299284087859160e-02,0.000000000000000000e+00,0.000000000000000000e+00,2.000000000000000000e+04
1.600000000000000033e-01,7.600000000000000089e-01,1.783685139649691248e-02,-1.087848468582588296e-01,0.000000000000000000e+00,0.000000000000000000e+00,2.000000000000000000e+04
1.799999999999999933e-01,7.600000000000000089e-01,2.015596899138305531e-02,-1.259085509902740652e-01,0.000000000000000000e+00,0.000000000000000000e+00,2.000000000000000000e+04
2.000000000000000111e-01,7.600000000000000089e-01,2.250939751555535578e-02,-1.436660616083910713e-01,0.000000000000000000e+00,0.000000000000000000e+00,2.000000000000000000e+04
2.200000000000000011e-01,7.600000000000000089e-01,2.490753179025606556e-02,-1.620212152116045634e-01,0.000000000000000000e+00,0.000000000000000000e+00,2.000000000000000000e+04
2.399999999999999911e-01,7.600000000000000089e-01,2.736988038320316632e-02,-1.809363858689475857e-01,0.000000000000000000e+00,0.000000000000000000e+00,2.000000000000000000e+04
2.600000000000000089e-01,7.600000000000000089e-01,2.992715634789777299e-02,-2.003681433547204738e-01,0.000000000000000000e+00,0.000000000000000000e+00,2.000000000000000000e+04
2.800000000000000266e-01,7.600000000000000089e-01,3.262282400379452191e-02,-2.202618910428919830e-01,0.000000000000000000e+00,0.000000000000000000e+00,2.000000000000000000e+04
2.999999999999999889e-01,7.600000000000000089e-01,3.551375958335211552e-02,-2.405455295255579939e-01,0.000000000000000000e+00,0.000000000000000000e+00,2.000000000000000000e+04
3.200000000000000067e-01,7.600000000000000089e-01,3.866947552938668903e-02,-2.611223927574695125e-01,0.000000000000000000e+00,0.000000000000000000e+00,2.000000000000000000e+04
3.400000000000000244e-01,7.600000000000000089e-01,4.216919287028332575e-02,-2.818640445669060024e-01,0.000000000000000000e+00,0.000000000000000000e+00,2.000000000000000000e+04
3.599999999999999867e-01,7.600000000000000089e-01,4.609603192570247560e-02,-3.026039615527750248e-01,0.000000000000000000e+00,0.000000000000000000e+00,2.000000000000000000e+04
3.800000000000000044e-01,7.600000000000000089e-01,5.052784597438301356e-02,-3.231335593028081266e-01,0.000000000000000000e+00,0.000000000000000000e+00,2.000000000000000000e+04
4.000000000000000222e-01,7.600000000000000089e-01,5.552480925080664070e-02,-3.432023006525693476e-01,0.000000000000000000e+00,0.000000000000000000e+00,2.000000000000000000e+04
4.199999999999999845e-01,7.600000000000000089e-01,6.111474557557920045e-02,-3.625236311846359860e-01,0.000000000000000000e+00,0.000000000000000000e+00,2.000000000000000000e+04
4.400000000000000022e-01,7.600000000000000089e-01,6.727819169961370138e-02,-3.807881555090735781e-01,0.000000000000000000e+00,0.000000000000000000e+00,2.000000000000000000e+04
4.600000000000000200e-01,7.600000000000000089e-01,7.393611670180007256e-02,-3.976848055541045701e-01,0.000000000000000000e+00,0.000000000000000000e+00,2.000000000000000000e+04
4.799999999999999822e-01,7.600000000000000089e-01,8.094386430908792618e-02,-4.129297969309146943e-01,0.000000000000000000e+00,0.000000000000000000e+00,2.000000000000000000e+04
5.000000000000000000e-01,7.600000000000000089e-01,8.809512067477202890e-02,-4.263019743976396714e-01,0.000000000000000000e+00,0.000000000000000000e+00,2.000000000000000000e+04
5.200000000000000178e-01,7.600000000000000089e-01,9.513665382534639003e-02,-4.376764203575309042e-01,0.000000000000000000e+00,0.000000000000000000e+00,2.000000000000000000e+04
5.400000000000000355e-01,7.600000000000000089e-01,1.018124194073296851e-01,-4.470888060581476586e-01,0.000000000000000000e+00,0.000000000000000000e+00,2.000000000000000000e+04
5.600000000000000533e-01,7.600000000000000089e-01,1.079129011207977246e-01,-4.547330569870635109e-01,0.000000000000000000e+00,0.000000000000000000e+00,2.000000000000000000e+04
5.799999999999999600e-01,7.600000000000000089e-01,1.133028298140913298e-01,-4.609052986314030598e-01,0.000000000000000000e+00,0.000000000000000000e+00,2.000000000000000000e+04
5.999999999999999778e-01,7.600000000000000089e-01,1.179237802476628821e-01,-4.659387197594914709e-01,0.000000000000000000e+00,0.000000000000000000e+00,2.000000000000000000e+04
6.199999999999999956e-01,7.600000000000000089e-01,1.217809343926030269e-01,-4.701543565079864817e-01,0.000000000000000000e+00,0.000000000000000000e+00,2.000000000000000000e+04
6.400000000000000133e-01,7.600000000000000089e-01,1.249240910959728695e-01,-4.738328379215266950e-01,0.000000000000000000e+00,0.000000000000000000e+00,2.000000000000000000e+04
6.600000000000000311e-01,7.600000000000000089e-01,1.274293956898744085e-01,-4.772029824903928352e-01,0.000000000000000000e+00,0.000000000000000000e+00,2.000000000000000000e+04
6.800000000000000488e-01,7.600000000000000089e-01,1.293847066825741521e-01,-4.804412041923188381e-01,0.000000000000000000e+00,0.000000000000000000e+00,2.000000000000000000e+04
6.999999999999999556e-01,7.600000000000000089e-01,1.308792424760271966e-01,-4.836766897488640748e-01,0.000000000000000000e+00,0.000000000000000000e+00,2.000000000000000000e+04
7.199999999999999734e-01,7.600000000000000089e-01,1.319970315117443560e-01,-4.869989447226232837e-01,0.000000000000000000e+00,0.000000000000000000e+00,2.000000000000000000e+04
7.399999999999999911e-01,7.600000000000000089e-01,1.328133000887401494e-01,-4.904657072610070223e-01,0.000000000000000000e+00,0.000000000000000000e+00,2.000000000000000000e+04
7.600000000000000089e-01,7.600000000000000089e-01,1.333929195613886565e-01,-4.941102044320486164e-01,0.000000000000000000e+00,0.000000000000000000e+00,2.000000000000000000e+04
7.800000000000000266e-01,7.600000000000000089e-01,1.337901774780694553e-01,-4.979473301754306913e-01,0.000000000000000000e+00,0.000000000000000000e+00,2.000000000000000000e+04
8.000000000000000444e-01,7.600000000000000089e-01,1.340493179854510275e-01,-5.019786632634071211e-01,0.000000000000000000e+00,0.000000000000000000e+00,2.000000000000000000e+04
8.199999999999999512e-01,7.600000000000000089e-01,1.342054621463220077e-01,-5.061964142765434937e-01,0.000000000000000000e+00,0.000000000000000000e+00,2.000000000000000000e+04
8.399999999999999689e-01,7.600000000000000089e-01,1.342856499750010313e-01,-5.105864620625657491e-01,0.000000000000000000e+00,0.000000000000000000e+00,2.000000000000000000e+04
8.599999999999999867e-01,7.600000000000000089e-01,1.343098408468809679e-01,-5.151306582273997847e-01,0.000000000000000000e+00,0.000000000000000000e+00,2.000000000000000000e+04
8.800000000000000044e-01,7.600000000000000089e-01,1.342917721453022462e-01,-5.198085713312925460e-01,0.000000000000000000e+00,0.000000000000000000e+00,2.000000000000000000e+04
9.000000000000000222e-01,7.600000000000000089e-01,1.342396142843794715e-01,-5.245988277024206115e-01,0.000000000000000000e+00,0.000000000000000000e+00,2.000000000000000000e+04
9.200000000000000400e-01,7.600000000000000089e-01,1.341563804487870271e-01,-5.294801932066161010e-01,0.000000000000000000e+00,0.000000000000000000e+00,2.000000000000000000e+04
9.399999999999999467e-01,7.600000000000000089e-01,1.340400580373814765e-01,-5.344325357867770743e-01,0.000000000000000000e+00,0.000000000000000000e+00,2.000000000000000000e+04
9.599999999999999645e-01,7.600000000000000089e-01,1.338834321879485145e-01,-5.394378153883564453e-01,0.000000000000000000e+00,0.000000000000000000e+00,2.000000000000000000e+04
9.799999999999999822e-01,7.600000000000000089e-01,1.336735762829715513e-01,-5.444812675624801646e-01,0.000000000000000000e+00,0.000000000000000000e+00,2.000000000000000000e+04
1.000000000000000000e+00,7.600000000000000089e-01,1.333909967554539056e-01,-5.495529797437027630e-01,0.000000000000000000e+00,0.000000000000000000e+00,2.000000000000000000e+04
0.000000000000000000e+00,7.800000000000000266e-01,0.000000000000000000e+00,0.000000000000000000e+00,1.000000000000000000e+00,0.000000000000000000e+00,2.000000000000000000e+04
2.000000000000000042e-02,7.800000000000000266e-01,2.714627731894648458e-03,-1.024890390582803949e-02,0.000000000000000000e+00,0.000000000000000000e+00,2.000000000000000000e+04
4.000000000000000083e-02,7.800000000000000266e-01,5.350214925716720998e-03,-2.160245751212967399e-02,0.000000000000000000e+00,0.000000000000000000e+00,2.000000000000000000e+04
5.999999999999999778e-02,7.800000000000000266e-01,7.958998559250475904e-03,-3.401150810278556758e-02,0.000000000000000000e+00,0.000000000000000000e+00,2.000000000000000000e+04
8.000000000000000167e-02,7.800000000000000266e-01,1.057259820737692195e-02,-4.740862173993572876e-02,0.000000000000000000e+00,0.000000000000000000e+00,2.000000000000000000e+04
1.000000000000000056e-01,7.800000000000000266e-01,1.320481531848504385e-02,-6.172088826142661799e-02,0.000000000000000000e+00,0.000000000000000000e+00,2.000000000000000000e+04
1.199999999999999956e-01,7.800000000000000266e-01,1.585637164742502436e-02,-7.687883120926530811e-02,0.000000000000000000e+00,0.000000000000000000e+00,2.000000000000000000e+04
1.400000000000000133e-01,7.800000000000000266e-01,1.852011382905841691e-02,-9.282133005993815911e-02,0.000000000000000000e+00,0.000000000000000000e+00,2.000000000000000000e+04
1.600000000000000033e-01,7.800000000000000266e-01,2.118586279784396773e-02,-1.094974400433149919e-01,0.000000000000000000e+00,0.000000000000000000e+00,2.000000000000000000e+04
1.799999999999999933e-01,7.800000000000000266e-01,2.384462143352382782e-02,-1.268660634650345953e-01,0.000000000000000000e+00,0.000000000000000000e+00,2.000000000000000000e+04
2.000000000000000111e-01,7.800000000000000266e-01,2.649216926106049558e-02,-1.448941645742947981e-01,0.000000000000000000e+00,0.000000000000000000e+00,2.000000000000000000e+04
2.200000000000000011e-01,7.800000000000000266e-01,2.913220897377990018e-02,-1.635539022532423725e-01,0.000000000000000000e+00,0.000000000000000000e+00,2.000000000000000000e+04
2.399999999999999911e-01,7.800000000000000266e-01,3.177924144292236519e-02,-1.828187796227186690e-01,0.000000000000000000e+00,0.000000000000000000e+00,2.000000000000000000e+04
2.600000000000000089e-01,7.800000000000000266e-01,3.446126649032174583e-02,-2.026587055621564548e-01,0.000000000000000000e+00,0.000000000000000000e+00,2.000000000000000000e+04
2.800000000000000266e-01,7.800000000000000266e-01,3.722224232885570916e-02,-2.230337476734311486e-01,0.000000000000000000e+00,0.000000000000000000e+00,2.000000000000000000e+04
2.999999999999999889e-01,7.800000000000000266e-01,4.012397784489598468e-02,-2.438863656176553096e-01,0.000000000000000000e+00,0.000000000000000000e+00,2.000000000000000000e+04
3.200000000000000067e-01,7.800000000000000266e-01,4.324677929285949268e-02,-2.651321103750150510e-01,0.000000000000000000e+00,0.000000000000000000e+00,2.000000000000000000e+04
3.400000000000000244e-01,7.800000000000000266e-01,4.668778196782207707e-02,-2.866492225730748467e-01,0.000000000000000000e+00,0.000000000000000000e+00,2.000000000000000000e+04
3.599999999999999867e-01,7.800000000000000266e-01,5.055562524295514892e-02,-3.082682631569473863e-01,0.000000000000000000e+00,0.000000000000000000e+00,2.000000000000000000e+04
3.800000000000000044e-01,7.800000000000000266e-01,5.496022462779898837e-02,-3.297637343178937974e-01,0.000000000000000000e+00,0.000000000000000000e+00,2.000000000000000000e+04
4.000000000000000222e-01,7.800000000000000266e-01,5.999708277403759116e-02,-3.508503420112861759e-01,0.000000000000000000e+00,0.000000000000000000e+00,2.000000000000000000e+04
4.199999999999999845e-01,7.800000000000000266e-01,6.572690071258785460e-02,-3.711868340814921674e-01,0.000000000000000000e+00,0.000000000000000000e+00,2.000000000000000000e+04
4.400000000000000022e-01,7.800000000000000266e-01,7.215297532368791789e-02,-3.903900560301667433e-01,0.000000000000000000e+00,0.000000000000000000e+00,2.000000000000000000e+04
4.600000000000000200e-01,7.800000000000000266e-01,7.920060036454218411e-02,-4.080610128064973141e-01,0.000000000000000000e+00,0.000000000000000000e+00,2.000000000000000000e+04
4.799999999999999822e-01,7.800000000000000266e-01,8.670404236399033293e-02,-4.238234334523771074e-01,0.000000000000000000e+00,0.000000000000000000e+00,2.000000000000000000e+04
5.000000000000000000e-01,7.800000000000000266e-01,9.440747076423235129e-02,-4.373738149189900226e-01,0.000000000000000000e+00,0.000000000000000000e+00,2.000000000000000000e+04
5.200000000000000178e-01,7.800000000000000266e-01,1.019795422374260713e-01,-4.485271003810890611e-01,0.000000000000000000e+00,0.000000000000000000e+00,2.000000000000000000e+04
5.400000000000000355e-01,7.800000000000000266e-01,1.090868092402935557e-01,-4.573439302757359992e-01,0.000000000000000000e+00,0.000000000000000000e+00,2.000000000000000000e+04
5.600000000000000533e-01,7.800000000000000266e-01,1.154715302161801599e-01,-4.641136144277769326e-01,0.000000000000000000e+00,0.000000000000000000e+00,2.000000000000000000e+04
5.799999999999999600e-01,7.800000000000000266e-01,1.209863270246824274e-01,-4.692511324937636563e-01,0.000000000000000000e+00,0.000000000000000000e+00,2.000000000000000000e+04
5.999999999999999778e-01,7.800000000000000266e-01,1.255883420069947021e-01,-4.731966027451549595e-01,0.000000000000000000e+00,0.000000000000000000e+00,2.000000000000000000e+04
6.199999999999999956e-01,7.800000000000000266e-01,1.293132904514784909e-01,-4.763507150383864408e-01,0.000000000000000000e+00,0.000000000000000000e+00,2.000000000000000000e+04
6.400000000000000133e-01,7.800000000000000266e-01,1.322458294370045806e-01,-4.790449119808602441e-01,0.000000000000000000e+00,0.000000000000000000e+00,2.000000000000000000e+04
6.600000000000000311e-01,7.800000000000000266e-01,1.344945260619185567e-01,-4.815348521247450053e-01,0.000000000000000000e+00,0.000000000000000000e+00,2.000000000000000000e+04
6.800000000000000488e-01,7.800000000000000266e-01,1.361739103346763513e-01,-4.840064022108753750e-01,0.000000000000000000e+00,0.000000000000000000e+00,2.000000000000000000e+04
6.999999999999999556e-01,7.800000000000000266e-01,1.373931742268265921e-01,-4.865868524385771332e-01,0.000000000000000000e+00,0.000000000000000000e+00,2.000000000000000000e+04
7.199999999999999734e-01,7.800000000000000266e-01,1.382500285202608314e-01,-4.893571697653844588e-01,0.000000000000000000e+00,0.000000000000000000e+00,2.000000000000000000e+04
7.399999999999999911e-01,7.800000000000000266e-01,1.388281220169239327e-01,-4.923632323920586473e-01,0.000000000000000000e+00,0.000000000000000000e+00,2.000000000000000000e+04
7.600000000000000089e-01,7.800000000000000266e-01,1.391966931067338265e-01,-4.956252481596185033e-01,0.000000000000000000e+00,0.000000000000000000e+00,2.000000000000000000e+04
7.800000000000000266e-01,7.800000000000000266e-01,1.394114748852725572e-01,-4.991452274382278120e-01,0.000000000000000000e+00,0.000000000000000000e+00,2.000000000000000000e+04
8.000000000000000444e-01,7.800000000000000266e-01,1.395161914209989140e-01,-5.029126919036909227e-01,0.000000000000000000e+00,0.000000000000000000e+00,2.000000000000000000e+04
8.199999999999999512e-01,7.800000000000000266e-01,1.395442273423456170e-01,-5.069089138004303496e-01,0.000000000000000000e+00,0.000000000000000000e+00,2.000000000000000000e+04
8.399999999999999689e-01,7.800000000000000266e-01,1.395202251073644206e-01,-5.111099933920952854e-01,0.000000000000000000e+00,0.000000000000000000e+00,2.000000000000000000e+04
8.599999999999999867e-01,7.800000000000000266e-01,1.394614764035540244e-01,-5.154890511513070539e-01,0.000000000000000000e+00,0.000000000000000000e+00,2.000000000000000000e+04
8.800000000000000044e-01,7.800000000000000266e-01,1.393790405187664561e-01,-5.200177663673395401e-01,0.000000000000000000e+00,0.000000000000000000e+00,2.000000000000000000e+04
9.000000000000000222e-01,7.800000000000000266e-01,1.392785558346216757e-01,-5.246674514789164689e-01,0.000000000000000000e+00,0.000000000000000000e+00,2.000000000000000000e+04
9.200000000000000400e-01,7.800000000000000266e-01,1.391607209114320287e-01,-5.294098202045759427e-01,0.000000000000000000e+00,0.000000000000000000e+00,2.000000000000000000e+04
9.399999999999999467e-01,7.800000000000000266e-01,1.390214171932749598e-01,-5.342175922310603564e-01,0.000000000000000000e+00,0.000000000000000000e+00,2.000000000000000000e+04
9.599999999999999645e-01,7.800000000000000266e-01,1.388514335804790500e-01,-5.390650806320357313e-01,0.000000000000000000e+00,0.000000000000000000e+00,2.000000000000000000e+04
9.799999999999999822e-01,7.800000000000000266e-01,1.386357415071471644e-01,-5.439289319443063597e-01,0.000000000000000000e+00,0.000000000000000000e+00,2.000000000000000000e+04
1.000000000000000000e+00,7.800000000000000266e-01,1.383522659842728597e-01,-5.487892336234605484e-01,0.000000000000000000e+00,0.000000000000000000e+00,2.000000000000000000e+04
0.000000000000000000e+00,8.000000000000000444e-01,0.000000000000000000e+00,0.000000000000000000e+00,1.000000000000000000e+00,0.000000000000000000e+00,2.000000000000000000e+04
2.000000000000000042e-02,8.000000000000000444e-01,3.190038900597944819e-03,-1.010467579129649754e-02,0.000000000000000000e+00,0.000000000000000000e+00,2.000000000000000000e+04
4.000000000000000083e-02,8.000000000000000444e-01,6.314226652979362461e-03,-2.143514915341392796e-02,0.000000000000000000e+00,0.000000000000000000e+00,2.000000000000000000e+04
5.999999999999999778e-02,8.000000000000000444e-01,9.426738190877833115e-03,-3.391170712118721231e-02,0.000000000000000000e+00,0.000000000000000000e+00,2.000000000000000000e+04
8.000000000000000167e-02,8.000000000000000444e-01,1.255436783274324793e-02,-4.743756181210229128e-02,0.000000000000000000e+00,0.000000000000000000e+00,2.000000000000000000e+04
1.000000000000000056e-01,8.000000000000000444e-01,1.570157650823647208e-02,-6.191624716234334080e-02,0.000000000000000000e+00,0.000000000000000000e+00,2.000000000000000000e+04
1.199999999999999956e-01,8.000000000000000444e-01,1.885756069528909951e-02,-7.726209390124222365e-02,0.000000000000000000e+00,0.000000000000000000e+00,2.000000000000000000e+04
1.400000000000000133e-01,8.000000000000000444e-01,2.200316358035111705e-02,-9.340491629161079556e-02,0.000000000000000000e+00,0.000000000000000000e+00,2.000000000000000000e+04
1.600000000000000033e-01,8.000000000000000444e-01,2.511671272065747751e-02,-1.102908806267150349e-01,0.000000000000000000e+00,0.000000000000000000e+00,2.000000000000000000e+04
1.799999999999999933e-01,8.000000000000000444e-01,2.817866912770451010e-02,-1.278811459669153272e-01,0.000000000000000000e+00,0.000000000000000000e+00,2.000000000000000000e+04
2.000000000000000111e-01,8.000000000000000444e-01,3.117535414041634062e-02,-1.461492537253020474e-01,0.000000000000000000e+00,0.000000000000000000e+00,2.000000000000000000e+04
2.200000000000000011e-01,8.000000000000000444e-01,3.410214512381127411e-02,-1.650777086986985609e-01,0.000000000000000000e+00,0.000000000000000000e+00,2.000000000000000000e+04
2.399999999999999911e-01,8.000000000000000444e-01,3.696651823804975034e-02,-1.846537888836314034e-01,0.000000000000000000e+00,0.000000000000000000e+00,2.000000000000000000e+04
2.600000000000000089e-01,8.000000000000000444e-01,3.979122168521966735e-02,-2.048643199183817765e-01,0.000000000000000000e+00,0.000000000000000000e+00,2.000000000000000000e+04
2.800000000000000266e-01,8.000000000000000444e-01,4.261768739512816068e-02,-2.256889318331475602e-01,0.000000000000000000e+00,0.000000000000000000e+00,2.000000000000000000e+04
2.999999999999999889e-01,8.000000000000000444e-01,4.550949247658649111e-02,-2.470912038442552583e-01,0.000000000000000000e+00,0.000000000000000000e+00,2.000000000000000000e+04
3.200000000000000067e-01,8.000000000000000444e-01,4.855520141518348404e-02,-2.690071908455592409e-01,0.000000000000000000e+00,0.000000000000000000e+00,2.000000000000000000e+04
3.400000000000000244e-01,8.000000000000000444e-01,5.186922852917338206e-02,-2.913312796408491501e-01,0.000000000000000000e+00,0.000000000000000000e+00,2.000000000000000000e+04
3.599999999999999867e-01,8.000000000000000444e-01,5.558859055138649224e-02,-3.139002994876258779e-01,0.000000000000000000e+00,0.000000000000000000e+00,2.000000000000000000e+04
3.800000000000000044e-01,8.000000000000000444e-01,5.986298741239182153e-02,-3.364782617507015017e-01,0.000000000000000000e+00,0.000000000000000000e+00,2.000000000000000000e+04
4.000000000000000222e-01,8.000000000000000444e-01,6.483615621804555973e-02,-3.587456278700273393e-01,0.000000000000000000e+00,0.000000000000000000e+00,2.000000000000000000e+04
4.199999999999999845e-01,8.000000000000000444e-01,7.061827138829937511e-02,-3.802979809516962573e-01,0.000000000000000000e+00,0.000000000000000000e+00,2.000000000000000000e+04
4.400000000000000022e-01,8.000000000000000444e-01,7.725209141377037403e-02,-4.006589324763329407e-01,0.000000000000000000e+00,0.000000000000000000e+00,2.000000000000000000e+04
4.600000000000000200e-01,8.000000000000000444e-01,8.467880841988825735e-02,-4.193109988045450320e-01,0.000000000000000000e+00,0.000000000000000000e+00,2.000000000000000000e+04
4.799999999999999822e-01,8.000000000000000444e-01,9.271230196414188829e-02,-4.357463797172713704e-01,0.000000000000000000e+00,0.000000000000000000e+00,2.000000000000000000e+04
5.000000000000000000e-01,8.000000000000000444e-01,1.010324719104193497e-01,-4.495377590732363426e-01,0.000000000000000000e+00,0.000000000000000000e+00,2.000000000000000000e+04
5.200000000000000178e-01,8.000000000000000444e-01,1.091925847175527348e-01,-4.603951619850937260e-01,0.000000000000000000e+00,0.000000000000000000e+00,2.000000000000000000e+04
5.400000000000000355e-01,8.000000000000000444e-01,1.167488173690893194e-01,-4.684278231150568739e-01,0.000000000000000000e+00,0.000000000000000000e+00,2.000000000000000000e+04
5.600000000000000533e-01,8.000000000000000444e-01,1.233848724708574429e-01,-4.740800288341868729e-01,0.000000000000000000e+00,0.000000000000000000e+00,2.000000000000000000e+04
5.799999999999999600e-01,8.000000000000000444e-01,1.289500966520478742e-01,-4.779400965358074904e-01,0.000000000000000000e+00,0.000000000000000000e+00,2.000000000000000000e+04
5.999999999999999778e-01,8.000000000000000444e-01,1.334343697705874521e-01,-4.805887191856390017e-01,0.000000000000000000e+00,0.000000000000000000e+00,2.000000000000000000e+04
6.199999999999999956e-01,8.000000000000000444e-01,1.369210209732993344e-01,-4.825201688530568744e-01,0.000000000000000000e+00,0.000000000000000000e+00,2.000000000000000000e+04
6.400000000000000133e-01,8.000000000000000444e-01,1.395425001746321003e-01,-4.841174433360684315e-01,0.000000000000000000e+00,0.000000000000000000e+00,2.000000000000000000e+04
6.600000000000000311e-01,8.000000000000000444e-01,1.414476895069664841e-01,-4.856568552585825982e-01,0.000000000000000000e+00,0.000000000000000000e+00,2.000000000000000000e+04
6.800000000000000488e-01,8.000000000000000444e-01,1.427813435010662491e-01,-4.873249616420597952e-01,0.000000000000000000e+00,0.000000000000000000e+00,2.000000000000000000e+04
6.999999999999999556e-01,8.000000000000000444e-01,1.436730661817733345e-01,-4.892383300312858618e-01,0.000000000000000000e+00,0.000000000000000000e+00,2.000000000000000000e+04
7.199999999999999734e-01,8.000000000000000444e-01,1.442327677841827582e-01,-4.914617039738500281e-01,0.000000000000000000e+00,0.000000000000000000e+00,2.000000000000000000e+04
7.399999999999999911e-01,8.000000000000000444e-01,1.445500579269946573e-01,-4.940229678208411523e-01,0.000000000000000000e+00,0.000000000000000000e+00,2.000000000000000000e+04
7.600000000000000089e-01,8.000000000000000444e-01,1.446957554434913085e-01,-4.969247119464308415e-01,0.000000000000000000e+00,0.000000000000000000e+00,2.000000000000000000e+04
7.800000000000000266e-01,8.000000000000000444e-01,1.447243325795867785e-01,-5.001527935900924593e-01,0.000000000000000000e+00,0.000000000000000000e+00,2.000000000000000000e+04
8.000000000000000444e-01,8.000000000000000444e-01,1.446765862923273527e-01,-5.036824700701425517e-01,0.000000000000000000e+00,0.000000000000000000e+00,2.000000000000000000e+04
8.199999999999999512e-01,8.000000000000000444e-01,1.445821508036217173e-01,-5.074826720177557648e-01,0.000000000000000000e+00,0.000000000000000000e+00,2.000000000000000000e+04
8.399999999999999689e-01,8.000000000000000444e-01,1.444616673057330936e-01,-5.115189005003014655e-01,0.000000000000000000e+00,0.000000000000000000e+00,2.000000000000000000e+04
8.599999999999999867e-01,8.000000000000000444e-01,1.443285433799147144e-01,-5.157551299939528988e-01,0.000000000000000000e+00,0.000000000000000000e+00,2.000000000000000000e+04
8.800000000000000044e-01,8.000000000000000444e-01,1.441902936087413045e-01,-5.201550046446216102e-01,0.000000000000000000e+00,0.000000000000000000e+00,2.000000000000000000e+04
9.000000000000000222e-01,8.000000000000000444e-01,1.440494730996991768e-01,-5.246825387790668982e-01,0.000000000000000000e+00,0.000000000000000000e+00,2.000000000000000000e+04
9.200000000000000400e-01,8.000000000000000444e-01,1.439042097572308387e-01,-5.293024786668203419e-01,0.000000000000000000e+00,0.000000000000000000e+00,2.000000000000000000e+04
9.399999999999999467e-01,8.000000000000000444e-01,1.437483178673286399e-01,-5.339804535524549367e-01,0.000000000000000000e+00,0.000000000000000000e+00,2.000000000000000000e+04
9.599999999999999645e-01,8.000000000000000444e-01,1.435709423167867149e-01,-5.386830420166465183e-01,0.000000000000000000e+00,0.000000000000000000e+00,2.000000000000000000e+04
9.799999999999999822e-01,8.000000000000000444e-01,1.433556475304614830e-01,-5.433779067150414921e-01,0.000000000000000000e+00,0.000000000000000000e+00,2.000000000000000000e+04
1.000000000000000000e+00,8.000000000000000444e-01,1.430788375583934291e-01,-5.480342082366406187e-01,0.000000000000000000e+00,0.000000000000000000e+00,2.000000000000000000e+04
0.000000000000000000e+00,8.199999999999999512e-01,0.000000000000000000e+00,0.000000000000000000e+00,1.000000000000000000e+00,0.000000000000000000e+00,2.000000000000000000e+04
2.000000000000000042e-02,8.199999999999999512e-01,3.732161386018191269e-03,-9.982407745642870797e-03,0.000000000000000000e+00,0.000000000000000000e+00,2.000000000000000000e+04
4.000000000000000083e-02,8.199999999999999512e-01,7.423064219211236020e-03,-2.132609506065912680e-02,0.000000000000000000e+00,0.000000000000000000e+00,2.000000000000000000e+04
5.999999999999999778e-02,8.199999999999999512e-01,1.112695482776567164e-02,-3.390890054323977137e-02,0.000000000000000000e+00,0.000000000000000000e+00,2.000000000000000000e+04
8.000000000000000167e-02,8.199999999999999512e-01,1.486187827400228811e-02,-4.759556015235331256e-02,0.000000000000000000e+00,0.000000000000000000e+00,2.000000000000000000e+04
1.000000000000000056e-01,8.199999999999999512e-01,1.861868463385375067e-02,-6.226091839570148390e-02,0.000000000000000000e+00,0.000000000000000000e+00,2.000000000000000000e+04
1.199999999999999956e-01,8.199999999999999512e-01,2.237148089828366535e-02,-7.780119528690927766e-02,0.000000000000000000e+00,0.000000000000000000e+00,2.000000000000000000e+04
1.400000000000000133e-01,8.199999999999999512e-01,2.608658478874114131e-02,-9.413723116474831398e-02,0.000000000000000000e+00,0.000000000000000000e+00,2.000000000000000000e+04
1.600000000000000033e-01,8.199999999999999512e-01,2.972922697750917179e-02,-1.112134186405188963e-01,0.000000000000000000e+00,0.000000000000000000e+00,2.000000000000000000e+04
1.799999999999999933e-01,8.199999999999999512e-01,3.326829682224313744e-02,-1.289947014430962158e-01,0.000000000000000000e+00,0.000000000000000000e+00,2.000000000000000000e+04
2.000000000000000111e-01,8.199999999999999512e-01,3.667978232617761375e-02,-1.474628713791500956e-01,0.000000000000000000e+00,0.000000000000000000e+00,2.000000000000000000e+04
2.200000000000000011e-01,8.199999999999999512e-01,3.994959370435980511e-02,-1.666126110664571947e-01,0.000000000000000000e+00,0.000000000000000000e+00,2.000000000000000000e+04
2.399999999999999911e-01,8.199999999999999512e-01,4.307638429959847332e-02,-1.864472138677166768e-01,0.000000000000000000e+00,0.000000000000000000e+00,2.000000000000000000e+04
2.600000000000000089e-01,8.199999999999999512e-01,4.607487180640933849e-02,-2.069735384323557470e-01,0.000000000000000000e+00,0.000000000000000000e+00,2.000000000000000000e+04
2.800000000000000266e-01,8.199999999999999512e-01,4.898001546225620728e-02,-2.281954355285106539e-01,0.000000000000000000e+00,0.000000000000000000e+00,2.000000000000000000e+04
2.999999999999999889e-01,8.199999999999999512e-01,5.185215344922454450e-02,-2.501045943771511570e-01,0.000000000000000000e+00,0.000000000000000000e+00,2.000000000000000000e+04
3.200000000000000067e-01,8.199999999999999512e-01,5.478271127218889425e-02,-2.726675751843178341e-01,0.000000000000000000e+00,0.000000000000000000e+00,2.000000000000000000e+04
3.400000000000000244e-01,8.199999999999999512e-01,5.789916316173381039e-02,-2.958079828145087631e-01,0.000000000000000000e+00,0.000000000000000000e+00,2.000000000000000000e+04
3.599999999999999867e-01,8.199999999999999512e-01,6.136645468258793146e-02,-3.193837542640476368e-01,0.000000000000000000e+00,0.000000000000000000e+00,2.000000000000000000e+04
3.800000000000000044e-01,8.199999999999999512e-01,6.538045837763380164e-02,-3.431617538710537429e-01,0.000000000000000000e+00,0.000000000000000000e+00,2.000000000000000000e+04
4.000000000000000222e-01,8.199999999999999512e-01,7.014845391725102464e-02,-3.667949568777851277e-01,0.000000000000000000e+00,0.000000000000000000e+00,2.000000000000000000e+04
4.199999999999999845e-01,8.199999999999999512e-01,7.585356881521101990e-02,-3.898101807585590550e-01,0.000000000000000000e+00,0.000000000000000000e+00,2.000000000000000000e+04
4.400000000000000022e-01,8.199999999999999512e-01,8.260491858599637582e-02,-4.116151862673011474e-01,0.000000000000000000e+00,0.000000000000000000e+00,2.000000000000000000e+04
4.600000000000000200e-01,8.199999999999999512e-01,9.038143858604950898e-02,-4.315326034310771885e-01,0.000000000000000000e+00,0.000000000000000000e+00,2.000000000000000000e+04
4.799999999999999822e-01,8.199999999999999512e-01,9.898302399240760385e-02,-4.488653867873542702e-01,0.000000000000000000e+00,0.000000000000000000e+00,2.000000000000000000e+04
5.000000000000000000e-01,8.199999999999999512e-01,1.080069114029977156e-01,-4.629964697446306565e-01,0.000000000000000000e+00,0.000000000000000000e+00,2.000000000000000000e+04
5.200000000000000178e-01,8.199999999999999512e-01,1.168284477568243690e-01,-4.734442654546460183e-01,0.000000000000000000e+00,0.000000000000000000e+00,2.000000000000000000e+04
5.400000000000000355e-01,8.199999999999999512e-01,1.248437628724389376e-01,-4.804202011464960287e-01,0.000000000000000000e+00,0.000000000000000000e+00,2.000000000000000000e+04
5.600000000000000533e-01,8.199999999999999512e-01,1.316702465348034146e-01,-4.846264283906008274e-01,0.000000000000000000e+00,0.000000000000000000e+00,2.000000000000000000e+04
5.799999999999999600e-01,8.199999999999999512e-01,1.371743845961161112e-01,-4.869032733949303360e-01,0.000000000000000000e+00,0.000000000000000000e+00,2.000000000000000000e+04
5.999999999999999778e-01,8.199999999999999512e-01,1.414068701883577084e-01,-4.880110980870676629e-01,0.000000000000000000e+00,0.000000000000000000e+00,2.000000000000000000e+04
6.199999999999999956e-01,8.199999999999999512e-01,1.445222597595559599e-01,-4.885472321150696740e-01,0.000000000000000000e+00,0.000000000000000000e+00,2.000000000000000000e+04
6.400000000000000133e-01,8.199999999999999512e-01,1.467160025076949537e-01,-4.889394942315822279e-01,0.000000000000000000e+00,0.000000000000000000e+00,2.000000000000000000e+04
6.600000000000000311e-01,8.199999999999999512e-01,1.481846162886809593e-01,-4.894716822567118375e-01,0.000000000000000000e+00,0.000000000000000000e+00,2.000000000000000000e+04
6.800000000000000488e-01,8.199999999999999512e-01,1.491046399641479392e-01,-4.903170285838360787e-01,0.000000000000000000e+00,0.000000000000000000e+00,2.000000000000000000e+04
6.999999999999999556e-01,8.199999999999999512e-01,1.496241235577689399e-01,-4.915691236355695382e-01,0.000000000000000000e+00,0.000000000000000000e+00,2.000000000000000000e+04
7.199999999999999734e-01,8.199999999999999512e-01,1.498614556467013081e-01,-4.932668527342146669e-01,0.000000000000000000e+00,0.000000000000000000e+00,2.000000000000000000e+04
7.399999999999999911e-01,8.199999999999999512e-01,1.499079311493974054e-01,-4.954130667574533908e-01,0.000000000000000000e+00,0.000000000000000000e+00,2.000000000000000000e+04
7.600000000000000089e-01,8.199999999999999512e-01,1.498318340645480029e-01,-4.979879001589091470e-01,0.000000000000000000e+00,0.000000000000000000e+00,2.000000000000000000e+04
7.800000000000000266e-01,8.199999999999999512e-01,1.496827831802786390e-01,-5.009579294068574606e-01,0.000000000000000000e+00,0.000000000000000000e+00,2.000000000000000000e+04
8.000000000000000444e-01,8.199999999999999512e-01,1.494957124662946446e-01,-5.042822722615638575e-01,0.000000000000000000e+00,0.000000000000000000e+00,2.000000000000000000e+04
8.199999999999999512e-01,8.199999999999999512e-01,1.492942274445408224e-01,-5.079165174726520959e-01,0.000000000000000000e+00,0.000000000000000000e+00,2.000000000000000000e+04
8.399999999999999689e-01,8.199999999999999512e-01,1.490932808498499074e-01,-5.118151540223259133e-01,0.000000000000000000e+00,0.000000000000000000e+00,2.000000000000000000e+04
8.599999999999999867e-01,8.199999999999999512e-01,1.489012089545151130e-01,-5.159329785034917348e-01,0.000000000000000000e+00,0.000000000000000000e+00,2.000000000000000000e+04
8.800000000000000044e-01,8.199999999999999512e-01,1.487212055982631564e-01,-5.202258079313187844e-01,0.000000000000000000e+00,0.000000000000000000e+00,2.000000000000000000e+04
9.000000000000000222e-01,8.199999999999999512e-01,1.485523085889910444e-01,-5.246507116847337615e-01,0.000000000000000000e+00,0.000000000000000000e+00,2.000000000000000000e+04
9.200000000000000400e-01,8.199999999999999512e-01,1.483899453695130266e-01,-5.291658971953967505e-01,0.000000000000000000e+00,0.000000000000000000e+00,2.000000000000000000e+04
9.399999999999999467e-01,8.199999999999999512e-01,1.482260380829229229e-01,-5.337303383993092787e-01,0.000000000000000000e+00,0.000000000000000000e+00,2.000000000000000000e+04
9.599999999999999645e-01,8.199999999999999512e-01,1.480486074382593997e-01,-5.383032253877922946e-01,0.000000000000000000e+00,0.000000000000000000e+00,2.000000000000000000e+04
9.799999999999999822e-01,8.199999999999999512e-01,1.478407471393422545e-01,-5.428433412709100514e-01,0.000000000000000000e+00,0.000000000000000000e+00,2.000000000000000000e+04
1.000000000000000000e+00,8.199999999999999512e-01,1.475787767372032377e-01,-5.473085417547586262e-01,0.000000000000000000e+00,0.000000000000000000e+00,2.000000000000000000e+04
0.000000000000000000e+00,8.399999999999999689e-01,0.000000000000000000e+00,0.000000000000000000e+00,1.000000000000000000e+00,0.000000000000000000e+00,2.000000000000000000e+04
2.000000000000000042e-02,8.399999999999999689e-01,4.353050623615671924e-03,-9.900724161801887496e-03,0.000000000000000000e+00,0.000000000000000000e+00,2.000000000000000000e+04
4.000000000000000083e-02,8.399999999999999689e-01,8.704491119962586704e-03,-2.131416897630315083e-02,0.000000000000000000e+00,0.000000000000000000e+00,2.000000000000000000e+04
5.999999999999999778e-02,8.399999999999999689e-01,1.310491960527357912e-02,-3.405819774461242566e-02,0.000000000000000000e+00,0.000000000000000000e+00,2.000000000000000000e+04
8.000000000000000167e-02,8.399999999999999689e-01,1.755743786417679822e-02,-4.794770029692476537e-02,0.000000000000000000e+00,0.000000000000000000e+00,2.000000000000000000e+04
1.000000000000000056e-01,8.399999999999999689e-01,2.203350637914197260e-02,-6.282396509932836048e-02,0.000000000000000000e+00,0.000000000000000000e+00,2.000000000000000000e+04
1.199999999999999956e-01,8.399999999999999689e-01,2.648809119425372602e-02,-7.856451172598545585e-02,0.000000000000000000e+00,0.000000000000000000e+00,2.000000000000000000e+04
1.400000000000000133e-01,8.399999999999999689e-01,3.087079234618458901e-02,-9.508273087877307239e-02,0.000000000000000000e+00,0.000000000000000000e+00,2.000000000000000000e+04
1.600000000000000033e-01,8.399999999999999689e-01,3.513297236238673710e-02,-1.123234411815855205e-01,0.000000000000000000e+00,0.000000000000000000e+00,2.000000000000000000e+04
1.799999999999999933e-01,8.399999999999999689e-01,3.923198209643986162e-02,-1.302574831826218416e-01,0.000000000000000000e+00,0.000000000000000000e+00,2.000000000000000000e+04
2.000000000000000111e-01,8.399999999999999689e-01,4.313369740683369036e-02,-1.488766455657865306e-01,0.000000000000000000e+00,0.000000000000000000e+00,2.000000000000000000e+04
2.200000000000000011e-01,8.399999999999999689e-01,4.681440238660282416e-02,-1.681892250392359733e-01,0.000000000000000000e+00,0.000000000000000000e+00,2.000000000000000000e+04
2.399999999999999911e-01,8.399999999999999689e-01,5.026285557227239131e-02,-1.882159730156986732e-01,0.000000000000000000e+00,0.000000000000000000e+00,2.000000000000000000e+04
2.600000000000000089e-01,8.399999999999999689e-01,5.348323866769743445e-02,-2.089858104853133669e-01,0.000000000000000000e+00,0.000000000000000000e+00,2.000000000000000000e+04
2.800000000000000266e-01,8.399999999999999689e-01,5.649960619827017194e-02,-2.305303246609589074e-01,0.000000000000000000e+00,0.000000000000000000e+00,2.000000000000000000e+04
2.999999999999999889e-01,8.399999999999999689e-01,5.936235486512694143e-02,-2.528755925904590529e-01,0.000000000000000000e+00,0.000000000000000000e+00,2.000000000000000000e+04
3.200000000000000067e-01,8.399999999999999689e-01,6.215693885455597645e-02,-2.760292944554930128e-01,0.000000000000000000e+00,0.000000000000000000e+00,2.000000000000000000e+04
3.400000000000000244e-01,8.399999999999999689e-01,6.501422112891917793e-02,-2.999605858465361763e-01,0.000000000000000000e+00,0.000000000000000000e+00,2.000000000000000000e+04
3.599999999999999867e-01,8.399999999999999689e-01,6.811989853312673537e-02,-3.245704880965397110e-01,0.000000000000000000e+00,0.000000000000000000e+00,2.000000000000000000e+04
3.800000000000000044e-01,8.399999999999999689e-01,7.171693661250166940e-02,-3.496529939639902995e-01,0.000000000000000000e+00,0.000000000000000000e+00,2.000000000000000000e+04
4.000000000000000222e-01,8.399999999999999689e-01,7.609118236109513322e-02,-3.748525426072916722e-01,0.000000000000000000e+00,0.000000000000000000e+00,2.000000000000000000e+04
4.199999999999999845e-01,8.399999999999999689e-01,8.153020604522159820e-02,-3.996302083997308463e-01,0.000000000000000000e+00,0.000000000000000000e+00,2.000000000000000000e+04
4.400000000000000022e-01,8.399999999999999689e-01,8.825229932673935018e-02,-4.232548725957578362e-01,0.000000000000000000e+00,0.000000000000000000e+00,2.000000000000000000e+04
4.600000000000000200e-01,8.399999999999999689e-01,9.631483001047336234e-02,-4.448343552721919503e-01,0.000000000000000000e+00,0.000000000000000000e+00,2.000000000000000000e+04
4.799999999999999822e-01,8.399999999999999689e-01,1.055233175777280236e-01,-4.633965799371691507e-01,0.000000000000000000e+00,0.000000000000000000e+00,2.000000000000000000e+04
5.000000000000000000e-01,8.399999999999999689e-01,1.153718738302621644e-01,-4.780283633083878825e-01,0.000000000000000000e+00,0.000000000000000000e+00,2.000000000000000000e+04
5.200000000000000178e-01,8.399999999999999689e-01,1.249479750205841483e-01,-4.878822908059027852e-01,0.000000000000000000e+00,0.000000000000000000e+00,2.000000000000000000e+04
5.400000000000000355e-01,8.399999999999999689e-01,1.334133598437448331e-01,-4.933973456121913959e-01,0.000000000000000000e+00,0.000000000000000000e+00,2.000000000000000000e+04
5.600000000000000533e-01,8.399999999999999689e-01,1.403223402997529068e-01,-4.957112913996742365e-01,0.000000000000000000e+00,0.000000000000000000e+00,2.000000000000000000e+04
5.799999999999999600e-01,8.399999999999999689e-01,1.456002416760952822e-01,-4.960249229568863827e-01,0.000000000000000000e+00,0.000000000000000000e+00,2.000000000000000000e+04
5.999999999999999778e-01,8.399999999999999689e-01,1.494023207063935876e-01,-4.953165987416441318e-01,0.000000000000000000e+00,0.000000000000000000e+00,2.000000000000000000e+04
6.199999999999999956e-01,8.399999999999999689e-01,1.519848861813967722e-01,-4.942840219486314690e-01,0.000000000000000000e+00,0.000000000000000000e+00,2.000000000000000000e+04
6.400000000000000133e-01,8.399999999999999689e-01,1.536220274321945245e-01,-4.933800987084610568e-01,0.000000000000000000e+00,0.000000000000000000e+00,2.000000000000000000e+04
6.600000000000000311e-01,8.399999999999999689e-01,1.545622684210901931e-01,-4.928729560652106434e-01,0.000000000000000000e+00,0.000000000000000000e+00,2.000000000000000000e+04
6.800000000000000488e-01,8.399999999999999689e-01,1.550114453585369478e-01,-4.929020542748219769e-01,0.000000000000000000e+00,0.000000000000000000e+00,2.000000000000000000e+04
6.999999999999999556e-01,8.399999999999999689e-01,1.551302427482641189e-01,-4.935222042987847391e-01,0.000000000000000000e+00,0.000000000000000000e+00,2.000000000000000000e+04
7.199999999999999734e-01,8.399999999999999689e-01,1.550387249268198042e-01,-4.947352319733938075e-01,0.000000000000000000e+00,0.000000000000000000e+00,2.000000000000000000e+04
7.399999999999999911e-01,8.399999999999999689e-01,1.548234032233484769e-01,-4.965115575331698339e-01,0.000000000000000000e+00,0.000000000000000000e+00,2.000000000000000000e+04
7.600000000000000089e-01,8.399999999999999689e-01,1.545445134306801804e-01,-4.988043165944892054e-01,0.000000000000000000e+00,0.000000000000000000e+00,2.000000000000000000e+04
7.800000000000000266e-01,8.399999999999999689e-01,1.542424528496349756e-01,-5.015582665242562799e-01,0.000000000000000000e+00,0.000000000000000000e+00,2.000000000000000000e+04
8.000000000000000444e-01,8.399999999999999689e-01,1.539430246831966498e-01,-5.047151815064062630e-01,0.000000000000000000e+00,0.000000000000000000e+00,2.000000000000000000e+04
8.199999999999999512e-01,8.399999999999999689e-01,1.536614857228532638e-01,-5.082169491154301388e-01,0.000000000000000000e+00,0.000000000000000000e+00,2.000000000000000000e+04
8.399999999999999689e-01,8.399999999999999689e-01,1.534055430581477697e-01,-5.120071953073193072e-01,0.000000000000000000e+00,0.000000000000000000e+00,2.000000000000000000e+04
8.599999999999999867e-01,8.399999999999999689e-01,1.531774903411214084e-01,-5.160319798108993217e-01,0.000000000000000000e+00,0.000000000000000000e+00,2.000000000000000000e+04
8.800000000000000044e-01,8.399999999999999689e-01,1.529756667457472796e-01,-5.202398988102485689e-01,0.000000000000000000e+00,0.000000000000000000e+00,2.000000000000000000e+04
9.000000000000000222e-01,8.399999999999999689e-01,1.527953880402756204e-01,-5.245817848844185338e-01,0.000000000000000000e+00,0.000000000000000000e+00,2.000000000000000000e+04
9.200000000000000400e-01,8.399999999999999689e-01,1.526294475500761805e-01,-5.290100905571288870e-01,0.000000000000000000e+00,0.000000000000000000e+00,2.000000000000000000e+04
9.399999999999999467e-01,8.399999999999999689e-01,1.524682142279311370e-01,-5.334779760048427022e-01,0.000000000000000000e+00,0.000000000000000000e+00,2.000000000000000000e+04
9.599999999999999645e-01,8.399999999999999689e-01,1.522992633319122657e-01,-5.379380960159734215e-01,0.000000000000000000e+00,0.000000000000000000e+00,2.000000000000000000e+04
9.799999999999999822e-01,8.399999999999999689e-01,1.521063655625247424e-01,-5.423411029606333145e-01,0.000000000000000000e+00,0.000000000000000000e+00,2.000000000000000000e+04
1.000000000000000000e+00,8.399999999999999689e-01,1.518675443283562798e-01,-5.466339590221790390e-01,0.000000000000000000e+00,0.000000000000000000e+00,2.000000000000000000e+04
0.000000000000000000e+00,8.599999999999999867e-01,0.000000000000000000e+00,0.000000000000000000e+00,1.000000000000000000e+00,0.000000000000000000e+00,2.000000000000000000e+04
2.000000000000000042e-02,8.599999999999999867e-01,5.069033640173484234e-03,-9.885535879871442180e-03,0.000000000000000000e+00,0.000000000000000000e+00,2.000000000000000000e+04
4.000000000000000083e-02,8.599999999999999867e-01,1.019594826643190934e-02,-2.145223094502944627e-02,0.000000000000000000e+00,0.000000000000000000e+00,2.000000000000000000e+04
5.999999999999999778e-02,8.599999999999999867e-01,1.542027280026583326e-02,-3.443169277952751184e-02,0.000000000000000000e+00,0.000000000000000000e+00,2.000000000000000000e+04
8.000000000000000167e-02,8.599999999999999867e-01,2.072038614353377203e-02,-4.857573414615690144e-02,0.000000000000000000e+00,0.000000000000000000e+00,2.000000000000000000e+04
1.000000000000000056e-01,8.599999999999999867e-01,2.604077201895526814e-02,-6.368900767368114446e-02,0.000000000000000000e+00,0.000000000000000000e+00,2.000000000000000000e+04
1.199999999999999956e-01,8.599999999999999867e-01,3.131310857638864437e-02,-7.963244849731331010e-02,0.000000000000000000e+00,0.000000000000000000e+00,2.000000000000000000e+04
1.400000000000000133e-01,8.599999999999999867e-01,3.646909612884657176e-02,-9.631584932667690280e-02,0.000000000000000000e+00,0.000000000000000000e+00,2.000000000000000000e+04
1.600000000000000033e-01,8.599999999999999867e-01,4.144700425845648101e-02,-1.136881941546753066e-01,0.000000000000000000e+00,0.000000000000000000e+00,2.000000000000000000e+04
1.799999999999999933e-01,8.599999999999999867e-01,4.619438673331946466e-02,-1.317290657476062332e-01,0.000000000000000000e+00,0.000000000000000000e+00,2.000000000000000000e+04
2.000000000000000111e-01,8.599999999999999867e-01,5.066890077138150317e-02,-1.504420200362119875e-01,0.000000000000000000e+00,0.000000000000000000e+00,2.000000000000000000e+04
2.200000000000000011e-01,8.599999999999999867e-01,5.483859041152826241e-02,-1.698498087639149501e-01,0.000000000000000000e+00,0.000000000000000000e+00,2.000000000000000000e+04
2.399999999999999911e-01,8.599999999999999867e-01,5.868260010334194754e-02,-1.899909154049023996e-01,0.000000000000000000e+00,0.000000000000000000e+00,2.000000000000000000e+04
2.600000000000000089e-01,8.599999999999999867e-01,6.219310527827853069e-02,-2.109166300533459049e-01,0.000000000000000000e+00,0.000000000000000000e+00,2.000000000000000000e+04
2.800000000000000266e-01,8.599999999999999867e-01,6.537925162727185879e-02,-2.326875875418637496e-01,0.000000000000000000e+00,0.000000000000000000e+00,2.000000000000000000e+04
2.999999999999999889e-01,8.599999999999999867e-01,6.827402591816411626e-02,-2.553681493278586734e-01,0.000000000000000000e+00,0.000000000000000000e+00,2.000000000000000000e+04
3.200000000000000067e-01,8.599999999999999867e-01,7.094511024358840512e-02,-2.790160567249429513e-01,0.000000000000000000e+00,0.000000000000000000e+00,2.000000000000000000e+04
3.400000000000000244e-01,8.599999999999999867e-01,7.351055836746329952e-02,-3.036633373012669335e-01,0.000000000000000000e+00,0.000000000000000000e+00,2.000000000000000000e+04
3.599999999999999867e-01,8.599999999999999867e-01,7.615870965758951561e-02,-3.292828855710694946e-01,0.000000000000000000e+00,0.000000000000000000e+00,2.000000000000000000e+04
3.800000000000000044e-01,8.599999999999999867e-01,7.916730294527501988e-02,-3.557353643476631189e-01,0.000000000000000000e+00,0.000000000000000000e+00,2.000000000000000000e+04
4.000000000000000222e-01,8.599999999999999867e-01,8.290731334428085020e-02,-3.826976986826561844e-01,0.000000000000000000e+00,0.000000000000000000e+00,2.000000000000000000e+04
4.199999999999999845e-01,8.599999999999999867e-01,8.780777750714274799e-02,-4.095891190894913048e-01,0.000000000000000000e+00,0.000000000000000000e+00,2.000000000000000000e+04
4.400000000000000022e-01,8.599999999999999867e-01,9.426243326141257872e-02,-4.355246836320770254e-01,0.000000000000000000e+00,0.000000000000000000e+00,2.000000000000000000e+04
4.600000000000000200e-01,8.599999999999999867e-01,1.024824244007550011e-01,-4.593279349025760072e-01,0.000000000000000000e+00,0.000000000000000000e+00,2.000000000000000000e+04
4.799999999999999822e-01,8.599999999999999867e-01,1.123282126851162105e-01,-4.796241357014393025e-01,0.000000000000000000e+00,0.000000000000000000e+00,2.000000000000000000e+04
5.000000000000000000e-01,8.599999999999999867e-01,1.231753290622217278e-01,-4.950303513003946332e-01,0.000000000000000000e+00,0.000000000000000000e+00,2.000000000000000000e+04
5.200000000000000178e-01,8.599999999999999867e-01,1.336207411107347143e-01,-5.039714984535290654e-01,0.000000000000000000e+00,0.000000000000000000e+00,2.000000000000000000e+04
5.400000000000000355e-01,8.599999999999999867e-01,1.424837733742538859e-01,-5.074130067053792548e-01,0.000000000000000000e+00,0.000000000000000000e+00,2.000000000000000000e+04
5.600000000000000533e-01,8.599999999999999867e-01,1.492896434646493742e-01,-5.072305543977588815e-01,0.000000000000000000e+00,0.000000000000000000e+00,2.000000000000000000e+04
5.799999999999999600e-01,8.599999999999999867e-01,1.541011166323648096e-01,-5.051216135084865000e-01,0.000000000000000000e+00,0.000000000000000000e+00,2.000000000000000000e+04
5.999999999999999778e-01,8.599999999999999867e-01,1.572419825006728944e-01,-5.023042144724700897e-01,0.000000000000000000e+00,0.000000000000000000e+00,2.000000000000000000e+04
6.199999999999999956e-01,8.599999999999999867e-01,1.591054746889015992e-01,-4.995485176530053417e-01,0.000000000000000000e+00,0.000000000000000000e+00,2.000000000000000000e+04
6.400000000000000133e-01,8.599999999999999867e-01,1.600559393164411592e-01,-4.972924870746052717e-01,0.000000000000000000e+00,0.000000000000000000e+00,2.000000000000000000e+04
6.600000000000000311e-01,8.599999999999999867e-01,1.603912011701563445e-01,-4.957525186225092972e-01,0.000000000000000000e+00,0.000000000000000000e+00,2.000000000000000000e+04
6.800000000000000488e-01,8.599999999999999867e-01,1.603369520786220304e-01,-4.950069926497693285e-01,0.000000000000000000e+00,0.000000000000000000e+00,2.000000000000000000e+04
6.999999999999999556e-01,8.599999999999999867e-01,1.600551931729432831e-01,-4.950532891181873008e-01,0.000000000000000000e+00,0.000000000000000000e+00,2.000000000000000000e+04
7.199999999999999734e-01,8.599999999999999867e-01,1.596570753132336706e-01,-4.958444442166343724e-01,0.000000000000000000e+00,0.000000000000000000e+00,2.000000000000000000e+04
7.399999999999999911e-01,8.599999999999999867e-01,1.592155742396444695e-01,-4.973116852158070977e-01,0.000000000000000000e+00,0.000000000000000000e+00,2.000000000000000000e+04
7.600000000000000089e-01,8.599999999999999867e-01,1.587762117937556450e-01,-4.993777012447132013e-01,0.000000000000000000e+00,0.000000000000000000e+00,2.000000000000000000e+04
7.800000000000000266e-01,8.599999999999999867e-01,1.583654076162895608e-01,-5.019640625047154803e-01,0.000000000000000000e+00,0.000000000000000000e+00,2.000000000000000000e+04
8.000000000000000444e-01,8.599999999999999867e-01,1.579966460051021315e-01,-5.049950556437847737e-01,0.000000000000000000e+00,0.000000000000000000e+00,2.000000000000000000e+04
8.199999999999999512e-01,8.599999999999999867e-01,1.576748482978142241e-01,-5.083993881864331543e-01,0.000000000000000000e+00,0.000000000000000000e+00,2.000000000000000000e+04
8.399999999999999689e-01,8.599999999999999867e-01,1.573993632370196127e-01,-5.121106650454916309e-01,0.000000000000000000e+00,0.000000000000000000e+00,2.000000000000000000e+04
8.599999999999999867e-01,8.599999999999999867e-01,1.571659369082615554e-01,-5.160671781368169064e-01,0.000000000000000000e+00,0.000000000000000000e+00,2.000000000000000000e+04
8.800000000000000044e-01,8.599999999999999867e-01,1.569679533830238005e-01,-5.202113107988051155e-01,0.000000000000000000e+00,0.000000000000000000e+00,2.000000000000000000e+04
9.000000000000000222e-01,8.599999999999999867e-01,1.567971676834852002e-01,-5.244886933850133603e-01,0.000000000000000000e+00,0.000000000000000000e+00,2.000000000000000000e+04
9.200000000000000400e-01,8.599999999999999867e-01,1.566440834108653035e-01,-5.288471238932704876e-01,0.000000000000000000e+00,0.000000000000000000e+00,2.000000000000000000e+04
9.399999999999999467e-01,8.599999999999999867e-01,1.564980431077919454e-01,-5.332351761936701129e-01,0.000000000000000000e+00,0.000000000000000000e+00,2.000000000000000000e+04
9.599999999999999645e-01,8.599999999999999867e-01,1.563469811312838131e-01,-5.376003649420347807e-01,0.000000000000000000e+00,0.000000000000000000e+00,2.000000000000000000e+04
9.799999999999999822e-01,8.599999999999999867e-01,1.561766283941403155e-01,-5.418867371431891344e-01,0.000000000000000000e+00,0.000000000000000000e+00,2.000000000000000000e+04
1.000000000000000000e+00,8.599999999999999867e-01,1.559687669038817837e-01,-5.460318319685529831e-01,0.000000000000000000e+00,0.000000000000000000e+00,2.000000000000000000e+04
0.000000000000000000e+00,8.800000000000000044e-01,0.000000000000000000e+00,0.000000000000000000e+00,1.000000000000000000e+00,0.000000000000000000e+00,2.000000000000000000e+04
2.000000000000000042e-02,8.800000000000000044e-01,5.904055302143647842e-03,-9.974458318719965633e-03,0.000000000000000000e+00,0.000000000000000000e+00,2.000000000000000000e+04
4.000000000000000083e-02,8.800000000000000044e-01,1.195142427825464024e-02,-2.181363934317613953e-02,0.000000000000000000e+00,0.000000000000000000e+00,2.000000000000000000e+04
5.999999999999999778e-02,8.800000000000000044e-01,1.815585810002623077e-02,-3.512381376051160187e-02,0.000000000000000000e+00,0.000000000000000000e+00,2.000000000000000000e+04
8.000000000000000167e-02,8.800000000000000044e-01,2.445589166946948376e-02,-4.958081641118192162e-02,0.000000000000000000e+00,0.000000000000000000e+00,2.000000000000000000e+04
1.000000000000000056e-01,8.800000000000000044e-01,3.075980375346227050e-02,-6.495436001168207463e-02,0.000000000000000000e+00,0.000000000000000000e+00,2.000000000000000000e+04
1.199999999999999956e-01,8.800000000000000044e-01,3.697282412554056541e-02,-8.109566689558184160e-02,0.000000000000000000e+00,0.000000000000000000e+00,2.000000000000000000e+04
1.400000000000000133e-01,8.800000000000000044e-01,4.300981649569585868e-02,-9.791815484765264976e-02,0.000000000000000000e+00,0.000000000000000000e+00,2.000000000000000000e+04
1.600000000000000033e-01,8.800000000000000044e-01,4.879931722828786955e-02,-1.153806288824505144e-01,0.000000000000000000e+00,0.000000000000000000e+00,2.000000000000000000e+04
1.799999999999999933e-01,8.800000000000000044e-01,5.428330191480818662e-02,-1.334750189759134342e-01,0.000000000000000000e+00,0.000000000000000000e+00,2.000000000000000000e+04
2.000000000000000111e-01,8.800000000000000044e-01,5.941534722590402495e-02,-1.522183204852690652e-01,0.000000000000000000e+00,0.000000000000000000e+00,2.000000000000000000e+04
2.200000000000000011e-01,8.800000000000000044e-01,6.415869842982907523e-02,-1.716478034653479146e-01,0.000000000000000000e+00,0.000000000000000000e+00,2.000000000000000000e+04
2.399999999999999911e-01,8.800000000000000044e-01,6.848512852680370411e-02,-1.918185329914495474e-01,0.000000000000000000e+00,0.000000000000000000e+00,2.000000000000000000e+04
2.600000000000000089e-01,8.800000000000000044e-01,7.237525415412306151e-02,-2.128023034420259696e-01,0.000000000000000000e+00,0.000000000000000000e+00,2.000000000000000000e+04
2.800000000000000266e-01,8.800000000000000044e-01,7.582106339347739754e-02,-2.346870048512844364e-01,0.000000000000000000e+00,0.000000000000000000e+00,2.000000000000000000e+04
2.999999999999999889e-01,8.800000000000000044e-01,7.883177470377508711e-02,-2.575750146314871869e-01,0.000000000000000000e+00,0.000000000000000000e+00,2.000000000000000000e+04
3.200000000000000067e-01,8.800000000000000044e-01,8.144477387947658686e-02,-2.815781584548254779e-01,0.000000000000000000e+00,0.000000000000000000e+00,2.000000000000000000e+04
3.400000000000000244e-01,8.800000000000000044e-01,8.374417069995918061e-02,-3.068046459322449904e-01,0.000000000000000000e+00,0.000000000000000000e+00,2.000000000000000000e+04
3.599999999999999867e-01,8.800000000000000044e-01,8.588993038884815134e-02,-3.333295939574318356e-01,0.000000000000000000e+00,0.000000000000000000e+00,2.000000000000000000e+04
3.800000000000000044e-01,8.800000000000000044e-01,8.815846474917868325e-02,-3.611355919928286862e-01,0.000000000000000000e+00,0.000000000000000000e+00,2.000000000000000000e+04
4.000000000000000222e-01,8.800000000000000044e-01,9.098480471877336273e-02,-3.900085577072798237e-01,0.000000000000000000e+00,0.000000000000000000e+00,2.000000000000000000e+04
4.199999999999999845e-01,8.800000000000000044e-01,9.496674134662208555e-02,-4.193955512742658653e-01,0.000000000000000000e+00,0.000000000000000000e+00,2.000000000000000000e+04
4.400000000000000022e-01,8.800000000000000044e-01,1.007683321167964219e-01,-4.482742115604440580e-01,0.000000000000000000e+00,0.000000000000000000e+00,2.000000000000000000e+04
4.600000000000000200e-01,8.800000000000000044e-01,1.088931174634513166e-01,-4.751061134991560464e-01,0.000000000000000000e+00,0.000000000000000000e+00,2.000000000000000000e+04
4.799999999999999822e-01,8.800000000000000044e-01,1.193726820202442029e-01,-4.979252566479388520e-01,0.000000000000000000e+00,0.000000000000000000e+00,2.000000000000000000e+04
5.000000000000000000e-01,8.800000000000000044e-01,1.314764920305579732e-01,-5.145928741548838614e-01,0.000000000000000000e+00,0.000000000000000000e+00,2.000000000000000000e+04
5.200000000000000178e-01,8.800000000000000044e-01,1.429207868127927161e-01,-5.220329831493238926e-01,0.000000000000000000e+00,0.000000000000000000e+00,2.000000000000000000e+04
5.400000000000000355e-01,8.800000000000000044e-01,1.520371728319663829e-01,-5.224584320370981860e-01,0.000000000000000000e+00,0.000000000000000000e+00,2.000000000000000000e+04
5.600000000000000533e-01,8.800000000000000044e-01,1.584295669023136066e-01,-5.189758609409328427e-01,0.000000000000000000e+00,0.000000000000000000e+00,2.000000000000000000e+04
5.799999999999999600e-01,8.800000000000000044e-01,1.624358814965694564e-01,-5.139171029814734171e-01,0.000000000000000000e+00,0.000000000000000000e+00,2.000000000000000000e+04
5.999999999999999778e-01,8.800000000000000044e-01,1.646330460359924364e-01,-5.087116878799492481e-01,0.000000000000000000e+00,0.000000000000000000e+00,2.000000000000000000e+04
6.199999999999999956e-01,8.800000000000000044e-01,1.655827146540815309e-01,-5.041295409698687280e-01,0.000000000000000000e+00,0.000000000000000000e+00,2.000000000000000000e+04
6.400000000000000133e-01,8.800000000000000044e-01,1.657382628762177346e-01,-5.005254744141309775e-01,0.000000000000000000e+00,0.000000000000000000e+00,2.000000000000000000e+04
6.600000000000000311e-01,8.800000000000000044e-01,1.654307281797019469e-01,-4.980137748739799641e-01,0.000000000000000000e+00,0.000000000000000000e+00,2.000000000000000000e+04
6.800000000000000488e-01,8.800000000000000044e-01,1.648857545505146016e-01,-4.965789194717707411e-01,0.000000000000000000e+00,0.000000000000000000e+00,2.000000000000000000e+04
6.999999999999999556e-01,8.800000000000000044e-01,1.642484472784953575e-01,-4.961414492443814717e-01,0.000000000000000000e+00,0.000000000000000000e+00,2.000000000000000000e+04
7.199999999999999734e-01,8.800000000000000044e-01,1.636065834772307548e-01,-4.965952957717852945e-01,0.000000000000000000e+00,0.000000000000000000e+00,2.000000000000000000e+04
7.399999999999999911e-01,8.800000000000000044e-01,1.630091412358357361e-01,-4.978278625703231319e-01,0.000000000000000000e+00,0.000000000000000000e+00,2.000000000000000000e+04
7.600000000000000089e-01,8.800000000000000044e-01,1.624799172651133772e-01,-4.997300681013107648e-01,0.000000000000000000e+00,0.000000000000000000e+00,2.000000000000000000e+04
7.800000000000000266e-01,8.800000000000000044e-01,1.620270121035907174e-01,-5.022007412319354769e-01,0.000000000000000000e+00,0.000000000000000000e+00,2.000000000000000000e+04
8.000000000000000444e-01,8.800000000000000044e-01,1.616491712830081251e-01,-5.051479620028668238e-01,0.000000000000000000e+00,0.000000000000000000e+00,2.000000000000000000e+04
8.199999999999999512e-01,8.800000000000000044e-01,1.613398687641035278e-01,-5.084888384843153641e-01,0.000000000000000000e+00,0.000000000000000000e+00,2.000000000000000000e+04
8.399999999999999689e-01,8.800000000000000044e-01,1.610898293386428537e-01,-5.121485521329938173e-01,0.000000000000000000e+00,0.000000000000000000e+00,2.000000000000000000e+04
8.599999999999999867e-01,8.800000000000000044e-01,1.608885029699098079e-01,-5.160591157450525879e-01,0.000000000000000000e+00,0.000000000000000000e+00,2.000000000000000000e+04
8.800000000000000044e-01,8.800000000000000044e-01,1.607248587034237619e-01,-5.201580552647584454e-01,0.000000000000000000e+00,0.000000000000000000e+00,2.000000000000000000e+04
9.000000000000000222e-01,8.800000000000000044e-01,1.605877638098346383e-01,-5.243870730467842245e-01,0.000000000000000000e+00,0.000000000000000000e+00,2.000000000000000000e+04
9.200000000000000400e-01,8.800000000000000044e-01,1.604661441202126504e-01,-5.286906242248873289e-01,0.000000000000000000e+00,0.000000000000000000e+00,2.000000000000000000e+04
9.399999999999999467e-01,8.800000000000000044e-01,1.603490526206043099e-01,-5.330142146833172223e-01,0.000000000000000000e+00,0.000000000000000000e+00,2.000000000000000000e+04
9.599999999999999645e-01,8.800000000000000044e-01,1.602256540256897233e-01,-5.373021203997400130e-01,0.000000000000000000e+00,0.000000000000000000e+00,2.000000000000000000e+04
9.799999999999999822e-01,8.800000000000000044e-01,1.600849214198694082e-01,-5.414941738099086077e-01,0.000000000000000000e+00,0.000000000000000000e+00,2.000000000000000000e+04
1.000000000000000000e+00,8.800000000000000044e-01,1.599145399523914379e-01,-5.455213030253462936e-01,0.000000000000000000e+00,0.000000000000000000e+00,2.000000000000000000e+04
0.000000000000000000e+00,9.000000000000000222e-01,0.000000000000000000e+00,0.000000000000000000e+00,1.000000000000000000e+00,0.000000000000000000e+00,2.000000000000000000e+04
2.000000000000000042e-02,9.000000000000000222e-01,6.896427938549770133e-03,-1.022544879495178305e-02,0.000000000000000000e+00,0.000000000000000000e+00,2.000000000000000000e+04
4.000000000000000083e-02,9.000000000000000222e-01,1.405434392195277840e-02,-2.250286644721676346e-02,0.000000000000000000e+00,0.000000000000000000e+00,2.000000000000000000e+04
5.999999999999999778e-02,9.000000000000000222e-01,2.143301048467824085e-02,-3.625829137860405588e-02,0.000000000000000000e+00,0.000000000000000000e+00,2.000000000000000000e+04
8.000000000000000167e-02,9.000000000000000222e-01,2.890899593675508653e-02,-5.108551440783093422e-02,0.000000000000000000e+00,0.000000000000000000e+00,2.000000000000000000e+04
1.000000000000000056e-01,9.000000000000000222e-01,3.634514460298348543e-02,-6.673103555810874776e-02,0.000000000000000000e+00,0.000000000000000000e+00,2.000000000000000000e+04
1.199999999999999956e-01,9.000000000000000222e-01,4.362055437680207454e-02,-8.305062286768338797e-02,0.000000000000000000e+00,0.000000000000000000e+00,2.000000000000000000e+04
1.400000000000000133e-01,9.000000000000000222e-01,5.063867299358145585e-02,-9.997277811578982043e-02,0.000000000000000000e+00,0.000000000000000000e+00,2.000000000000000000e+04
1.600000000000000033e-01,9.000000000000000222e-01,5.732564746670973377e-02,-1.174736973475323937e-01,0.000000000000000000e+00,0.000000000000000000e+00,2.000000000000000000e+04
1.799999999999999933e-01,9.000000000000000222e-01,6.362534686163864861e-02,-1.355617271200674212e-01,0.000000000000000000e+00,0.000000000000000000e+00,2.000000000000000000e+04
2.000000000000000111e-01,9.000000000000000222e-01,6.949403285816255216e-02,-1.542685836899759244e-01,0.000000000000000000e+00,0.000000000000000000e+00,2.000000000000000000e+04
2.200000000000000011e-01,9.000000000000000222e-01,7.489589368145145587e-02,-1.736451672914154365e-01,0.000000000000000000e+00,0.000000000000000000e+00,2.000000000000000000e+04
2.399999999999999911e-01,9.000000000000000222e-01,7.979989300044272593e-02,-1.937604932523374346e-01,0.000000000000000000e+00,0.000000000000000000e+00,2.000000000000000000e+04
2.600000000000000089e-01,9.000000000000000222e-01,8.417819045033506087e-02,-2.147027771429066145e-01,0.000000000000000000e+00,0.000000000000000000e+00,2.000000000000000000e+04
2.800000000000000266e-01,9.000000000000000222e-01,8.800656487841364284e-02,-2.365819668000241072e-01,0.000000000000000000e+00,0.000000000000000000e+00,2.000000000000000000e+04
2.999999999999999889e-01,9.000000000000000222e-01,9.126778498519855232e-02,-2.595329102331122573e-01,0.000000000000000000e+00,0.000000000000000000e+00,2.000000000000000000e+04
3.200000000000000067e-01,9.000000000000000222e-01,9.395983921039338660e-02,-2.837176212820233245e-01,0.000000000000000000e+00,0.000000000000000000e+00,2.000000000000000000e+04
3.400000000000000244e-01,9.000000000000000222e-01,9.611260717634678707e-02,-3.093231070945989813e-01,0.000000000000000000e+00,0.000000000000000000e+00,2.000000000000000000e+04
3.599999999999999867e-01,9.000000000000000222e-01,9.781921369469384619e-02,-3.365465235653419818e-01,0.000000000000000000e+00,0.000000000000000000e+00,2.000000000000000000e+04
3.800000000000000044e-01,9.000000000000000222e-01,9.929159908476413443e-02,-3.655493409850604225e-01,0.000000000000000000e+00,0.000000000000000000e+00,2.000000000000000000e+04
4.000000000000000222e-01,9.000000000000000222e-01,1.009494318967418536e-01,-3.963442211719931940e-01,0.000000000000000000e+00,0.000000000000000000e+00,2.000000000000000000e+04
4.199999999999999845e-01,9.000000000000000222e-01,1.035257136682807139e-01,-4.285659626454131899e-01,0.000000000000000000e+00,0.000000000000000000e+00,2.000000000000000000e+04
4.400000000000000022e-01,9.000000000000000222e-01,1.080583070706662013e-01,-4.611640881556957616e-01,0.000000000000000000e+00,0.000000000000000000e+00,2.000000000000000000e+04
4.600000000000000200e-01,9.000000000000000222e-01,1.155917269907218853e-01,-4.921851000437497681e-01,0.000000000000000000e+00,0.000000000000000000e+00,2.000000000000000000e+04
4.799999999999999822e-01,9.000000000000000222e-01,1.265985525626965036e-01,-5.187993074843655350e-01,0.000000000000000000e+00,0.000000000000000000e+00,2.000000000000000000e+04
5.000000000000000000e-01,9.000000000000000222e-01,1.403515694789050083e-01,-5.376369908771090333e-01,0.000000000000000000e+00,0.000000000000000000e+00,2.000000000000000000e+04
5.200000000000000178e-01,9.000000000000000222e-01,1.529056266475868620e-01,-5.424281869089464525e-01,0.000000000000000000e+00,0.000000000000000000e+00,2.000000000000000000e+04
5.400000000000000355e-01,9.000000000000000222e-01,1.619458152264230677e-01,-5.383843647250324826e-01,0.000000000000000000e+00,0.000000000000000000e+00,2.000000000000000000e+04
5.600000000000000533e-01,9.000000000000000222e-01,1.674238601513668157e-01,-5.305748698856245227e-01,0.000000000000000000e+00,0.000000000000000000e+00,2.000000000000000000e+04
5.799999999999999600e-01,9.000000000000000222e-01,1.701730679992853323e-01,-5.220187040307651127e-01,0.000000000000000000e+00,0.000000000000000000e+00,2.000000000000000000e+04
5.999999999999999778e-01,9.000000000000000222e-01,1.711151778121692557e-01,-5.142194231567051022e-01,0.000000000000000000e+00,0.000000000000000000e+00,2.000000000000000000e+04
6.199999999999999956e-01,9.000000000000000222e-01,1.709878955462713623e-01,-5.078051583250829948e-01,0.000000000000000000e+00,0.000000000000000000e+00,2.000000000000000000e+04
6.400000000000000133e-01,9.000000000000000222e-01,1.703045949294030026e-01,-5.029463574929001757e-01,0.000000000000000000e+00,0.000000000000000000e+00,2.000000000000000000e+04
6.600000000000000311e-01,9.000000000000000222e-01,1.693919783206412344e-01,-4.995932685525888983e-01,0.000000000000000000e+00,0.000000000000000000e+00,2.000000000000000000e+04
6.800000000000000488e-01,9.000000000000000222e-01,1.684423413480243825e-01,-4.976026937320695565e-01,0.000000000000000000e+00,0.000000000000000000e+00,2.000000000000000000e+04
6.999999999999999556e-01,9.000000000000000222e-01,1.675588395807480480e-01,-4.968022461947144697e-01,0.000000000000000000e+00,0.000000000000000000e+00,2.000000000000000000e+04
7.199999999999999734e-01,9.000000000000000222e-01,1.667889606572471317e-01,-4.970208116933993447e-01,0.000000000000000000e+00,0.000000000000000000e+00,2.000000000000000000e+04
7.399999999999999911e-01,9.000000000000000222e-01,1.661473008004119845e-01,-4.981013626434311337e-01,0.000000000000000000e+00,0.000000000000000000e+00,2.000000000000000000e+04
7.600000000000000089e-01,9.000000000000000222e-01,1.656302325955122945e-01,-4.999049275876449316e-01,0.000000000000000000e+00,0.000000000000000000e+00,2.000000000000000000e+04
7.800000000000000266e-01,9.000000000000000222e-01,1.652249424017945834e-01,-5.023103917691800202e-01,0.000000000000000000e+00,0.000000000000000000e+00,2.000000000000000000e+04
8.000000000000000444e-01,9.000000000000000222e-01,1.649147617455821446e-01,-5.052125414728434460e-01,0.000000000000000000e+00,0.000000000000000000e+00,2.000000000000000000e+04
8.199999999999999512e-01,9.000000000000000222e-01,1.646821477149912338e-01,-5.085195497148633503e-01,0.000000000000000000e+00,0.000000000000000000e+00,2.000000000000000000e+04
8.399999999999999689e-01,9.000000000000000222e-01,1.645102134463954646e-01,-5.121504628740634057e-01,0.000000000000000000e+00,0.000000000000000000e+00,2.000000000000000000e+04
8.599999999999999867e-01,9.000000000000000222e-01,1.643833876430213503e-01,-5.160329206602428664e-01,0.000000000000000000e+00,0.000000000000000000e+00,2.000000000000000000e+04
8.800000000000000044e-01,9.000000000000000222e-01,1.642875726020987526e-01,-5.201011744346766275e-01,0.000000000000000000e+00,0.000000000000000000e+00,2.000000000000000000e+04
9.000000000000000222e-01,9.000000000000000222e-01,1.642100502307140830e-01,-5.242943704657163639e-01,0.000000000000000000e+00,0.000000000000000000e+00,2.000000000000000000e+04
9.200000000000000400e-01,9.000000000000000222e-01,1.641393361720555610e-01,-5.285549692547339973e-01,0.000000000000000000e+00,0.000000000000000000e+00,2.000000000000000000e+04
9.399999999999999467e-01,9.000000000000000222e-01,1.640651766687551971e-01,-5.328270230493526993e-01,0.000000000000000000e+00,0.000000000000000000e+00,2.000000000000000000e+04
9.599999999999999645e-01,9.000000000000000222e-01,1.639788371306561132e-01,-5.370538223691586621e-01,0.000000000000000000e+00,0.000000000000000000e+00,2.000000000000000000e+04
9.799999999999999822e-01,9.000000000000000222e-01,1.638736095310362739e-01,-5.411742317491812226e-01,0.000000000000000000e+00,0.000000000000000000e+00,2.000000000000000000e+04
1.000000000000000000e+00,9.000000000000000222e-01,1.637450081395986079e-01,-5.451169790113138403e-01,0.000000000000000000e+00,0.000000000000000000e+00,2.000000000000000000e+04
0.000000000000000000e+00,9.200000000000000400e-01,0.000000000000000000e+00,0.000000000000000000e+00,1.000000000000000000e+00,0.000000000000000000e+00,2.000000000000000000e+04
2.000000000000000042e-02,9.200000000000000400e-01,8.113250661093666591e-03,-1.073436800085499597e-02,0.000000000000000000e+00,0.000000000000000000e+00,2.000000000000000000e+04
4.000000000000000083e-02,9.200000000000000400e-01,1.664256953702103123e-02,-2.367252177138746624e-02,0.000000000000000000e+00,0.000000000000000000e+00,2.000000000000000000e+04
5.999999999999999778e-02,9.200000000000000400e-01,2.543829393211654785e-02,-3.799605647416492288e-02,0.000000000000000000e+00,0.000000000000000000e+00,2.000000000000000000e+04
8.000000000000000167e-02,9.200000000000000400e-01,3.428669005842276130e-02,-5.323302672975284422e-02,0.000000000000000000e+00,0.000000000000000000e+00,2.000000000000000000e+04
1.000000000000000056e-01,9.200000000000000400e-01,4.300140544962231109e-02,-6.913645638460404197e-02,0.000000000000000000e+00,0.000000000000000000e+00,2.000000000000000000e+04
1.199999999999999956e-01,9.200000000000000400e-01,5.144431835283487520e-02,-8.559073324334766364e-02,0.000000000000000000e+00,0.000000000000000000e+00,2.000000000000000000e+04
1.400000000000000133e-01,9.200000000000000400e-01,5.952053424867502496e-02,-1.025550198058864659e-01,0.000000000000000000e+00,0.000000000000000000e+00,2.000000000000000000e+04
1.600000000000000033e-01,9.200000000000000400e-01,6.716672524357469864e-02,-1.200314719451367335e-01,0.000000000000000000e+00,0.000000000000000000e+00,2.000000000000000000e+04
1.799999999999999933e-01,9.200000000000000400e-01,7.433981650166394950e-02,-1.380484843325231192e-01,0.000000000000000000e+00,0.000000000000000000e+00,2.000000000000000000e+04
2.000000000000000111e-01,9.200000000000000400e-01,8.100798661892306962e-02,-1.566528034623813348e-01,0.000000000000000000e+00,0.000000000000000000e+00,2.000000000000000000e+04
2.200000000000000011e-01,9.200000000000000400e-01,8.714406677156479042e-02,-1.759069360210114841e-01,0.000000000000000000e+00,0.000000000000000000e+00,2.000000000000000000e+04
2.399999999999999911e-01,9.200000000000000400e-01,9.272088408865780673e-02,-1.958899314193320584e-01,0.000000000000000000e+00,0.000000000000000000e+00,2.000000000000000000e+04
2.600000000000000089e-01,9.200000000000000400e-01,9.770811679735029454e-02,-2.167006349332647464e-01,0.000000000000000000e+00,0.000000000000000000e+00,2.000000000000000000e+04
2.800000000000000266e-01,9.200000000000000400e-01,1.020705194666313015e-01,-2.384631187299534605e-01,0.000000000000000000e+00,0.000000000000000000e+00,2.000000000000000000e+04
2.999999999999999889e-01,9.200000000000000400e-01,1.057679093527994357e-01,-2.613343042981854936e-01,0.000000000000000000e+00,0.000000000000000000e+00,2.000000000000000000e+04
3.200000000000000067e-01,9.200000000000000400e-01,1.087582645718201263e-01,-2.855137084947007575e-01,0.000000000000000000e+00,0.000000000000000000e+00,2.000000000000000000e+04
3.400000000000000244e-01,9.200000000000000400e-01,1.110071455785546224e-01,-3.112543135802356975e-01,0.000000000000000000e+00,0.000000000000000000e+00,2.000000000000000000e+04
3.599999999999999867e-01,9.200000000000000400e-01,1.125104123831560665e-01,-3.388703612031809254e-01,0.000000000000000000e+00,0.000000000000000000e+00,2.000000000000000000e+04
3.800000000000000044e-01,9.200000000000000400e-01,1.133448141867484243e-01,-3.687284233242614229e-01,0.000000000000000000e+00,0.000000000000000000e+00,2.000000000000000000e+04
4.000000000000000222e-01,9.200000000000000400e-01,1.137753795542722213e-01,-4.011818015213323707e-01,0.000000000000000000e+00,0.000000000000000000e+00,2.000000000000000000e+04
4.199999999999999845e-01,9.200000000000000400e-01,1.144670247895694798e-01,-4.363423419926917290e-01,0.000000000000000000e+00,0.000000000000000000e+00,2.000000000000000000e+04
4.400000000000000022e-01,9.200000000000000400e-01,1.168030906109217004e-01,-4.734892632026148629e-01,0.000000000000000000e+00,0.000000000000000000e+00,2.000000000000000000e+04
4.600000000000000200e-01,9.200000000000000400e-01,1.227626526656520473e-01,-5.103569709851493164e-01,0.000000000000000000e+00,0.000000000000000000e+00,2.000000000000000000e+04
4.799999999999999822e-01,9.200000000000000400e-01,1.338954764173314049e-01,-5.428854572199239836e-01,0.000000000000000000e+00,0.000000000000000000e+00,2.000000000000000000e+04
5.000000000000000000e-01,9.200000000000000400e-01,1.498938899976287875e-01,-5.656742547344351113e-01,0.000000000000000000e+00,0.000000000000000000e+00,2.000000000000000000e+04
5.200000000000000178e-01,9.200000000000000400e-01,1.635423623499739909e-01,-5.654720920437011911e-01,0.000000000000000000e+00,0.000000000000000000e+00,2.000000000000000000e+04
5.400000000000000355e-01,9.200000000000000400e-01,1.718211378201316419e-01,-5.547598674648964723e-01,0.000000000000000000e+00,0.000000000000000000e+00,2.000000000000000000e+04
5.600000000000000533e-01,9.200000000000000400e-01,1.756216382064203774e-01,-5.414189856256794720e-01,0.000000000000000000e+00,0.000000000000000000e+00,2.000000000000000000e+04
5.799999999999999600e-01,9.200000000000000400e-01,1.765741574143991632e-01,-5.289117875431921245e-01,0.000000000000000000e+00,0.000000000000000000e+00,2.000000000000000000e+04
5.999999999999999778e-01,9.200000000000000400e-01,1.759950328550388410e-01,-5.184811623963533345e-01,0.000000000000000000e+00,0.000000000000000000e+00,2.000000000000000000e+04
6.199999999999999956e-01,9.200000000000000400e-01,1.747420292457300128e-01,-5.103846441300327053e-01,0.000000000000000000e+00,0.000000000000000000e+00,2.000000000000000000e+04
6.400000000000000133e-01,9.200000000000000400e-01,1.733108823716589253e-01,-5.044802720824890230e-01,0.000000000000000000e+00,0.000000000000000000e+00,2.000000000000000000e+04
6.600000000000000311e-01,9.200000000000000400e-01,1.719581723456935773e-01,-5.004917969525779498e-01,0.000000000000000000e+00,0.000000000000000000e+00,2.000000000000000000e+04
6.800000000000000488e-01,9.200000000000000400e-01,1.707969258010189340e-01,-4.981229096207149820e-01,0.000000000000000000e+00,0.000000000000000000e+00,2.000000000000000000e+04
6.999999999999999556e-01,9.200000000000000400e-01,1.698602257630746071e-01,-4.971017582010114899e-01,0.000000000000000000e+00,0.000000000000000000e+00,2.000000000000000000e+04
7.199999999999999734e-01,9.200000000000000400e-01,1.691401539203608861e-01,-4.971942400762927039e-01,0.000000000000000000e+00,0.000000000000000000e+00,2.000000000000000000e+04
7.399999999999999911e-01,9.200000000000000400e-01,1.686102524384215928e-01,-4.982041383081852737e-01,0.000000000000000000e+00,0.000000000000000000e+00,2.000000000000000000e+04
7.600000000000000089e-01,9.200000000000000400e-01,1.682377847009156324e-01,-4.999684093850708111e-01,0.000000000000000000e+00,0.000000000000000000e+00,2.000000000000000000e+04
7.800000000000000266e-01,9.200000000000000400e-01,1.679900006022879144e-01,-5.023512820046923677e-01,0.000000000000000000e+00,0.000000000000000000e+00,2.000000000000000000e+04
8.000000000000000444e-01,9.200000000000000400e-01,1.678370245511225933e-01,-5.052386496842918850e-01,0.000000000000000000e+00,0.000000000000000000e+00,2.000000000000000000e+04
8.199999999999999512e-01,9.200000000000000400e-01,1.677529176629684871e-01,-5.085332534196926879e-01,0.000000000000000000e+00,0.000000000000000000e+00,2.000000000000000000e+04
8.399999999999999689e-01,9.200000000000000400e-01,1.677157977677906087e-01,-5.121507309495790805e-01,0.000000000000000000e+00,0.000000000000000000e+00,2.000000000000000000e+04
8.599999999999999867e-01,9.200000000000000400e-01,1.677075030455840998e-01,-5.160164530987724207e-01,0.000000000000000000e+00,0.000000000000000000e+00,2.000000000000000000e+04
8.800000000000000044e-01,9.200000000000000400e-01,1.677130612952556499e-01,-5.200630274175102041e-01,0.000000000000000000e+00,0.000000000000000000e+00,2.000000000000000000e+04
9.000000000000000222e-01,9.200000000000000400e-01,1.677201181797543517e-01,-5.242283485041140390e-01,0.000000000000000000e+00,0.000000000000000000e+00,2.000000000000000000e+04
9.200000000000000400e-01,9.200000000000000400e-01,1.677184595397761546e-01,-5.284540575422792541e-01,0.000000000000000000e+00,0.000000000000000000e+00,2.000000000000000000e+04
9.399999999999999467e-01,9.200000000000000400e-01,1.676998395315502099e-01,-5.326841615336882496e-01,0.000000000000000000e+00,0.000000000000000000e+00,2.000000000000000000e+04
9.599999999999999645e-01,9.200000000000000400e-01,1.676584887485321196e-01,-5.368632244715847435e-01,0.000000000000000000e+00,0.000000000000000000e+00,2.000000000000000000e+04
9.799999999999999822e-01,9.200000000000000400e-01,1.675926505126901778e-01,-5.409330284862936544e-01,0.000000000000000000e+00,0.000000000000000000e+00,2.000000000000000000e+04
1.000000000000000000e+00,9.200000000000000400e-01,1.675068830546905252e-01,-5.448262554578717776e-01,0.000000000000000000e+00,0.000000000000000000e+00,2.000000000000000000e+04
0.000000000000000000e+00,9.399999999999999467e-01,0.000000000000000000e+00,0.000000000000000000e+00,1.000000000000000000e+00,0.000000000000000000e+00,2.000000000000000000e+04
2.000000000000000042e-02,9.399999999999999467e-01,9.683713438107675181e-03,-1.167185689755945860e-02,0.000000000000000000e+00,0.000000000000000000e+00,2.000000000000000000e+04
4.000000000000000083e-02,9.399999999999999467e-01,1.995923334147664194e-02,-2.554899450729916643e-02,0.000000000000000000e+00,0.000000000000000000e+00,2.000000000000000000e+04
5.999999999999999778e-02,9.399999999999999467e-01,3.047094834271855610e-02,-4.054047909698992730e-02,0.000000000000000000e+00,0.000000000000000000e+00,2.000000000000000000e+04
8.000000000000000167e-02,9.399999999999999467e-01,4.089167615524258448e-02,-5.617871719910864925e-02,0.000000000000000000e+00,0.000000000000000000e+00,2.000000000000000000e+04
1.000000000000000056e-01,9.399999999999999467e-01,5.100204720443835688e-02,-7.227992714942191310e-02,0.000000000000000000e+00,0.000000000000000000e+00,2.000000000000000000e+04
1.199999999999999956e-01,9.399999999999999467e-01,6.067361097309707796e-02,-8.879075326377049160e-02,0.000000000000000000e+00,0.000000000000000000e+00,2.000000000000000000e+04
1.400000000000000133e-01,9.399999999999999467e-01,6.983807850790349492e-02,-1.057180215718809962e-01,0.000000000000000000e+00,0.000000000000000000e+00,2.000000000000000000e+04
1.600000000000000033e-01,9.399999999999999467e-01,7.846203289762579414e-02,-1.230968190773735760e-01,0.000000000000000000e+00,0.000000000000000000e+00,2.000000000000000000e+04
1.799999999999999933e-01,9.399999999999999467e-01,8.652955892942396088e-02,-1.409770031959322045e-01,0.000000000000000000e+00,0.000000000000000000e+00,2.000000000000000000e+04
2.000000000000000111e-01,9.399999999999999467e-01,9.403111520016951830e-02,-1.594187787468022421e-01,0.000000000000000000e+00,0.000000000000000000e+00,2.000000000000000000e+04
2.200000000000000011e-01,9.399999999999999467e-01,1.009564774087370331e-01,-1.784929367009428780e-01,0.000000000000000000e+00,0.000000000000000000e+00,2.000000000000000000e+04
2.399999999999999911e-01,9.399999999999999467e-01,1.072900151291688864e-01,-1.982838372401838078e-01,0.000000000000000000e+00,0.000000000000000000e+00,2.000000000000000000e+04
2.600000000000000089e-01,9.399999999999999467e-01,1.130071057630496340e-01,-2.188945463750334997e-01,0.000000000000000000e+00,0.000000000000000000e+00,2.000000000000000000e+04
2.800000000000000266e-01,9.399999999999999467e-01,1.180709476236852379e-01,-2.404543365329541438e-01,0.000000000000000000e+00,0.000000000000000000e+00,2.000000000000000000e+04
2.999999999999999889e-01,9.399999999999999467e-01,1.224294551304856704e-01,-2.631293710239681061e-01,0.000000000000000000e+00,0.000000000000000000e+00,2.000000000000000000e+04
3.200000000000000067e-01,9.399999999999999467e-01,1.260124989227354164e-01,-2.871379731453949091e-01,0.000000000000000000e+00,0.000000000000000000e+00,2.000000000000000000e+04
3.400000000000000244e-01,9.399999999999999467e-01,1.287309364733068007e-01,-3.127724044805150205e-01,0.000000000000000000e+00,0.000000000000000000e+00,2.000000000000000000e+04
3.599999999999999867e-01,9.399999999999999467e-01,1.304817206280547703e-01,-3.404290150585634889e-01,0.000000000000000000e+00,0.000000000000000000e+00,2.000000000000000000e+04
3.800000000000000044e-01,9.399999999999999467e-01,1.311705591530225867e-01,-3.706457116697652876e-01,0.000000000000000000e+00,0.000000000000000000e+00,2.000000000000000000e+04
4.000000000000000222e-01,9.399999999999999467e-01,1.307823377854639146e-01,-4.041311270359142505e-01,0.000000000000000000e+00,0.000000000000000000e+00,2.000000000000000000e+04
4.199999999999999845e-01,9.399999999999999467e-01,1.295798667473260779e-01,-4.417090015858302632e-01,0.000000000000000000e+00,0.000000000000000000e+00,2.000000000000000000e+04
4.400000000000000022e-01,9.399999999999999467e-01,1.286424583841777880e-01,-4.838587261079422275e-01,0.000000000000000000e+00,0.000000000000000000e+00,2.000000000000000000e+04
4.600000000000000200e-01,9.399999999999999467e-01,1.310991832815739111e-01,-5.287990950306956650e-01,0.000000000000000000e+00,0.000000000000000000e+00,2.000000000000000000e+04
4.799999999999999822e-01,9.399999999999999467e-01,1.410911963519816403e-01,-5.708985020752402884e-01,0.000000000000000000e+00,0.000000000000000000e+00,2.000000000000000000e+04
5.000000000000000000e-01,9.399999999999999467e-01,1.601671671116856321e-01,-6.013157091797353138e-01,0.000000000000000000e+00,0.000000000000000000e+00,2.000000000000000000e+04
5.200000000000000178e-01,9.399999999999999467e-01,1.744692082820740731e-01,-5.911673622052346921e-01,0.000000000000000000e+00,0.000000000000000000e+00,2.000000000000000000e+04
5.400000000000000355e-01,9.399999999999999467e-01,1.806693411330926313e-01,-5.706454332626466064e-01,0.000000000000000000e+00,0.000000000000000000e+00,2.000000000000000000e+04
5.600000000000000533e-01,9.399999999999999467e-01,1.817565053818108456e-01,-5.506120881588901783e-01,0.000000000000000000e+00,0.000000000000000000e+00,2.000000000000000000e+04
5.799999999999999600e-01,9.399999999999999467e-01,1.804306791546635425e-01,-5.340116010732132157e-01,0.000000000000000000e+00,0.000000000000000000e+00,2.000000000000000000e+04
5.999999999999999778e-01,9.399999999999999467e-01,1.782883456330252026e-01,-5.212077514655731880e-01,0.000000000000000000e+00,0.000000000000000000e+00,2.000000000000000000e+04
6.199999999999999956e-01,9.399999999999999467e-01,1.761254414231749055e-01,-5.117864823202689095e-01,0.000000000000000000e+00,0.000000000000000000e+00,2.000000000000000000e+04
6.400000000000000133e-01,9.399999999999999467e-01,1.742763195463406800e-01,-5.051689853484785386e-01,0.000000000000000000e+00,0.000000000000000000e+00,2.000000000000000000e+04
6.600000000000000311e-01,9.399999999999999467e-01,1.728376096056065958e-01,-5.008130243945654314e-01,0.000000000000000000e+00,0.000000000000000000e+00,2.000000000000000000e+04
6.800000000000000488e-01,9.399999999999999467e-01,1.717956840341683389e-01,-4.982662155878045396e-01,0.000000000000000000e+00,0.000000000000000000e+00,2.000000000000000000e+04
6.999999999999999556e-01,9.399999999999999467e-01,1.710934345176526039e-01,-4.971674459224136866e-01,0.000000000000000000e+00,0.000000000000000000e+00,2.000000000000000000e+04
7.199999999999999734e-01,9.399999999999999467e-01,1.706627595838892952e-01,-4.972326486844897420e-01,0.000000000000000000e+00,0.000000000000000000e+00,2.000000000000000000e+04
7.399999999999999911e-01,9.399999999999999467e-01,1.704389287373030692e-01,-4.982382374702862271e-01,0.000000000000000000e+00,0.000000000000000000e+00,2.000000000000000000e+04
7.600000000000000089e-01,9.399999999999999467e-01,1.703659066934659350e-01,-5.000065554784216548e-01,0.000000000000000000e+00,0.000000000000000000e+00,2.000000000000000000e+04
7.800000000000000266e-01,9.399999999999999467e-01,1.703974633902232139e-01,-5.023942920639482557e-01,0.000000000000000000e+00,0.000000000000000000e+00,2.000000000000000000e+04
8.000000000000000444e-01,9.399999999999999467e-01,1.704965127984325313e-01,-5.052836375083095133e-01,0.000000000000000000e+00,0.000000000000000000e+00,2.000000000000000000e+04
8.199999999999999512e-01,9.399999999999999467e-01,1.706338530650644558e-01,-5.085756372776212286e-01,0.000000000000000000e+00,0.000000000000000000e+00,2.000000000000000000e+04
8.399999999999999689e-01,9.399999999999999467e-01,1.707868294917158636e-01,-5.121852152577551776e-01,0.000000000000000000e+00,0.000000000000000000e+00,2.000000000000000000e+04
8.599999999999999867e-01,9.399999999999999467e-01,1.709381215429857381e-01,-5.160374414426064371e-01,0.000000000000000000e+00,0.000000000000000000e+00,2.000000000000000000e+04
8.800000000000000044e-01,9.399999999999999467e-01,1.710747069819777422e-01,-5.200647421954599503e-01,0.000000000000000000e+00,0.000000000000000000e+00,2.000000000000000000e+04
9.000000000000000222e-01,9.399999999999999467e-01,1.711870010164993350e-01,-5.242048645101278215e-01,0.000000000000000000e+00,0.000000000000000000e+00,2.000000000000000000e+04
9.200000000000000400e-01,9.399999999999999467e-01,1.712681797912112280e-01,-5.283994969343575043e-01,0.000000000000000000e+00,0.000000000000000000e+00,2.000000000000000000e+04
9.399999999999999467e-01,9.399999999999999467e-01,1.713138034195920978e-01,-5.325934763524965421e-01,0.000000000000000000e+00,0.000000000000000000e+00,2.000000000000000000e+04
9.599999999999999645e-01,9.399999999999999467e-01,1.713221740352141587e-01,-5.367342837443829229e-01,0.000000000000000000e+00,0.000000000000000000e+00,2.000000000000000000e+04
9.799999999999999822e-01,9.399999999999999467e-01,1.712965799827839697e-01,-5.407704862081398334e-01,0.000000000000000000e+00,0.000000000000000000e+00,2.000000000000000000e+04
1.000000000000000000e+00,9.399999999999999467e-01,1.712504122837569254e-01,-5.446464275137420374e-01,0.000000000000000000e+00,0.000000000000000000e+00,2.000000000000000000e+04
0.000000000000000000e+00,9.599999999999999645e-01,0.000000000000000000e+00,0.000000000000000000e+00,1.000000000000000000e+00,0.000000000000000000e+00,2.000000000000000000e+04
2.000000000000000042e-02,9.599999999999999645e-01,1.188526303094894487e-02,-1.336247493630913531e-02,0.000000000000000000e+00,0.000000000000000000e+00,2.000000000000000000e+04
4.000000000000000083e-02,9.599999999999999645e-01,2.446330632477466960e-02,-2.846405120473778638e-02,0.000000000000000000e+00,0.000000000000000000e+00,2.000000000000000000e+04
5.999999999999999778e-02,9.599999999999999645e-01,3.702833297481111785e-02,-4.412782557233948383e-02,0.000000000000000000e+00,0.000000000000000000e+00,2.000000000000000000e+04
8.000000000000000167e-02,9.599999999999999645e-01,4.917065977819982947e-02,-6.006313383632719965e-02,0.000000000000000000e+00,0.000000000000000000e+00,2.000000000000000000e+04
1.000000000000000056e-01,9.599999999999999645e-01,6.070750988974905199e-02,-7.623327502370036424e-02,0.000000000000000000e+00,0.000000000000000000e+00,2.000000000000000000e+04
1.199999999999999956e-01,9.599999999999999645e-01,7.157876683812917917e-02,-9.268151720147882466e-02,0.000000000000000000e+00,0.000000000000000000e+00,2.000000000000000000e+04
1.400000000000000133e-01,9.599999999999999645e-01,8.178182023089809738e-02,-1.094730573950136732e-01,0.000000000000000000e+00,0.000000000000000000e+00,2.000000000000000000e+04
1.600000000000000033e-01,9.599999999999999645e-01,9.133644169954661940e-02,-1.266763943197121156e-01,0.000000000000000000e+00,0.000000000000000000e+00,2.000000000000000000e+04
1.799999999999999933e-01,9.599999999999999645e-01,1.002671523352595129e-01,-1.443595145881364505e-01,0.000000000000000000e+00,0.000000000000000000e+00,2.000000000000000000e+04
2.000000000000000111e-01,9.599999999999999645e-01,1.085947260587720592e-01,-1.625916838593474689e-01,0.000000000000000000e+00,0.000000000000000000e+00,2.000000000000000000e+04
2.200000000000000011e-01,9.599999999999999645e-01,1.163320115552173434e-01,-1.814474278402626872e-01,0.000000000000000000e+00,0.000000000000000000e+00,2.000000000000000000e+04
2.399999999999999911e-01,9.599999999999999645e-01,1.234814345740907343e-01,-2.010116932246597821e-01,0.000000000000000000e+00,0.000000000000000000e+00,2.000000000000000000e+04
2.600000000000000089e-01,9.599999999999999645e-01,1.300327121392671481e-01,-2.213862760997742651e-01,0.000000000000000000e+00,0.000000000000000000e+00,2.000000000000000000e+04
2.800000000000000266e-01,9.599999999999999645e-01,1.359598520854931325e-01,-2.426982580001061374e-01,0.000000000000000000e+00,0.000000000000000000e+00,2.000000000000000000e+04
2.999999999999999889e-01,9.599999999999999645e-01,1.412166861270369167e-01,-2.651118309829524899e-01,0.000000000000000000e+00,0.000000000000000000e+00,2.000000000000000000e+04
3.200000000000000067e-01,9.599999999999999645e-01,1.457301674559489668e-01,-2.888458339559472066e-01,0.000000000000000000e+00,0.000000000000000000e+00,2.000000000000000000e+04
3.400000000000000244e-01,9.599999999999999645e-01,1.493906490518492336e-01,-3.142009172352942525e-01,0.000000000000000000e+00,0.000000000000000000e+00,2.000000000000000000e+04
3.599999999999999867e-01,9.599999999999999645e-01,1.520388012497023988e-01,-3.416030094024841146e-01,0.000000000000000000e+00,0.000000000000000000e+00,2.000000000000000000e+04
3.800000000000000044e-01,9.599999999999999645e-01,1.534511446189524841e-01,-3.716743131965973834e-01,0.000000000000000000e+00,0.000000000000000000e+00,2.000000000000000000e+04
4.000000000000000222e-01,9.599999999999999645e-01,1.533351384416952456e-01,-4.053491987732751878e-01,0.000000000000000000e+00,0.000000000000000000e+00,2.000000000000000000e+04
4.199999999999999845e-01,9.599999999999999645e-01,1.513779109094346154e-01,-4.440518110165230792e-01,0.000000000000000000e+00,0.000000000000000000e+00,2.000000000000000000e+04
4.400000000000000022e-01,9.599999999999999645e-01,1.475253183426289416e-01,-4.898745387135307605e-01,0.000000000000000000e+00,0.000000000000000000e+00,2.000000000000000000e+04
4.600000000000000200e-01,9.599999999999999645e-01,1.432978121057697229e-01,-5.449504712017754215e-01,0.000000000000000000e+00,0.000000000000000000e+00,2.000000000000000000e+04
4.799999999999999822e-01,9.599999999999999645e-01,1.481057987824379862e-01,-6.031657025571528496e-01,0.000000000000000000e+00,0.000000000000000000e+00,2.000000000000000000e+04
5.000000000000000000e-01,9.599999999999999645e-01,1.708884560258438212e-01,-6.493021763785522538e-01,0.000000000000000000e+00,0.000000000000000000e+00,2.000000000000000000e+04
5.200000000000000178e-01,9.599999999999999645e-01,1.842265324634751733e-01,-6.185168264040645791e-01,0.000000000000000000e+00,0.000000000000000000e+00,2.000000000000000000e+04
5.400000000000000355e-01,9.599999999999999645e-01,1.861059742264108696e-01,-5.843201210504485044e-01,0.000000000000000000e+00,0.000000000000000000e+00,2.000000000000000000e+04
5.600000000000000533e-01,9.599999999999999645e-01,1.834721897374793909e-01,-5.570509120483202459e-01,0.000000000000000000e+00,0.000000000000000000e+00,2.000000000000000000e+04
5.799999999999999600e-01,9.599999999999999645e-01,1.798940058597811587e-01,-5.368511686389810800e-01,0.000000000000000000e+00,0.000000000000000000e+00,2.000000000000000000e+04
5.999999999999999778e-01,9.599999999999999645e-01,1.767386390557897924e-01,-5.223398315818379434e-01,0.000000000000000000e+00,0.000000000000000000e+00,2.000000000000000000e+04
6.199999999999999956e-01,9.599999999999999645e-01,1.743803831098114654e-01,-5.121597734861640383e-01,0.000000000000000000e+00,0.000000000000000000e+00,2.000000000000000000e+04
6.400000000000000133e-01,9.599999999999999645e-01,1.728042479041752011e-01,-5.052428415331552403e-01,0.000000000000000000e+00,0.000000000000000000e+00,2.000000000000000000e+04
6.600000000000000311e-01,9.599999999999999645e-01,1.718711419528302919e-01,-5.007991518710910306e-01,0.000000000000000000e+00,0.000000000000000000e+00,2.000000000000000000e+04
6.800000000000000488e-01,9.599999999999999645e-01,1.714242581105907826e-01,-4.982541011922089202e-01,0.000000000000000000e+00,0.000000000000000000e+00,2.000000000000000000e+04
6.999999999999999556e-01,9.599999999999999645e-01,1.713259419184165466e-01,-4.971881986301170953e-01,0.000000000000000000e+00,0.000000000000000000e+00,2.000000000000000000e+04
7.199999999999999734e-01,9.599999999999999645e-01,1.714661763668421657e-01,-4.972908673865364948e-01,0.000000000000000000e+00,0.000000000000000000e+00,2.000000000000000000e+04
7.399999999999999911e-01,9.599999999999999645e-01,1.717607256930615278e-01,-4.983275476251730618e-01,0.000000000000000000e+00,0.000000000000000000e+00,2.000000000000000000e+04
7.600000000000000089e-01,9.599999999999999645e-01,1.721464071715432254e-01,-5.001169362526035611e-01,0.000000000000000000e+00,0.000000000000000000e+00,2.000000000000000000e+04
7.800000000000000266e-01,9.599999999999999645e-01,1.725763101428731960e-01,-5.025153491689661189e-01,0.000000000000000000e+00,0.000000000000000000e+00,2.000000000000000000e+04
8.000000000000000444e-01,9.599999999999999645e-01,1.730158375708991947e-01,-5.054059174112595088e-01,0.000000000000000000e+00,0.000000000000000000e+00,2.000000000000000000e+04
8.199999999999999512e-01,9.599999999999999645e-01,1.734396936591280913e-01,-5.086910230395182975e-01,0.000000000000000000e+00,0.000000000000000000e+00,2.000000000000000000e+04
8.399999999999999689e-01,9.599999999999999645e-01,1.738296908307631894e-01,-5.122869103873698426e-01,0.000000000000000000e+00,0.000000000000000000e+00,2.000000000000000000e+04
8.599999999999999867e-01,9.599999999999999645e-01,1.741731954240070268e-01,-5.161197835630024766e-01,0.000000000000000000e+00,0.000000000000000000e+00,2.000000000000000000e+04
8.800000000000000044e-01,9.599999999999999645e-01,1.744620443182988145e-01,-5.201229660727156867e-01,0.000000000000000000e+00,0.000000000000000000e+00,2.000000000000000000e+04
9.000000000000000222e-01,9.599999999999999645e-01,1.746917938910103052e-01,-5.242348993404299939e-01,0.000000000000000000e+00,0.000000000000000000e+00,2.000000000000000000e+04
9.200000000000000400e-01,9.599999999999999645e-01,1.748611963113574364e-01,-5.283979358393409154e-01,0.000000000000000000e+00,0.000000000000000000e+00,2.000000000000000000e+04
9.399999999999999467e-01,9.599999999999999645e-01,1.749718587563111050e-01,-5.325580744766571506e-01,0.000000000000000000e+00,0.000000000000000000e+00,2.000000000000000000e+04
9.599999999999999645e-01,9.599999999999999645e-01,1.750282413693103056e-01,-5.366659711650304532e-01,0.000000000000000000e+00,0.000000000000000000e+00,2.000000000000000000e+04
9.799999999999999822e-01,9.599999999999999645e-01,1.750390007897149047e-01,-5.406792337421820749e-01,0.000000000000000000e+00,0.000000000000000000e+00,2.000000000000000000e+04
1.000000000000000000e+00,9.599999999999999645e-01,1.750239914549008569e-01,-5.445619634577341106e-01,0.000000000000000000e+00,0.000000000000000000e+00,2.000000000000000000e+04
0.000000000000000000e+00,9.799999999999999822e-01,0.000000000000000000e+00,0.000000000000000000e+00,1.000000000000000000e+00,0.000000000000000000e+00,2.000000000000000000e+04
2.000000000000000042e-02,9.799999999999999822e-01,1.541123641961124856e-02,-1.645157166525019338e-02,0.000000000000000000e+00,0.000000000000000000e+00,2.000000000000000000e+04
4.000000000000000083e-02,9.799999999999999822e-01,3.109475151882721417e-02,-3.286185366764096671e-02,0.000000000000000000e+00,0.000000000000000000e+00,2.000000000000000000e+04
5.999999999999999778e-02,9.799999999999999822e-01,4.595870140104611756e-02,-4.896664054254733223e-02,0.000000000000000000e+00,0.000000000000000000e+00,2.000000000000000000e+04
8.000000000000000167e-02,9.799999999999999822e-01,5.976905545835226735e-02,-6.494448649332436319e-02,0.000000000000000000e+00,0.000000000000000000e+00,2.000000000000000000e+04
1.000000000000000056e-01,9.799999999999999822e-01,7.256359377312535108e-02,-8.097775242743404656e-02,0.000000000000000000e+00,0.000000000000000000e+00,2.000000000000000000e+04
1.199999999999999956e-01,9.799999999999999822e-01,8.444601513395096071e-02,-9.721389946973163498e-02,0.000000000000000000e+00,0.000000000000000000e+00,2.000000000000000000e+04
1.400000000000000133e-01,9.799999999999999822e-01,9.552054508512822228e-02,-1.137667275887571106e-01,0.000000000000000000e+00,0.000000000000000000e+00,2.000000000000000000e+04
1.600000000000000033e-01,9.799999999999999822e-01,1.058741943184553780e-01,-1.307261697454825400e-01,0.000000000000000000e+00,0.000000000000000000e+00,2.000000000000000000e+04
1.799999999999999933e-01,9.799999999999999822e-01,1.155746250638319816e-01,-1.481684753160715518e-01,0.000000000000000000e+00,0.000000000000000000e+00,2.000000000000000000e+04
2.000000000000000111e-01,9.799999999999999822e-01,1.246723115257053760e-01,-1.661648285414454862e-01,0.000000000000000000e+00,0.000000000000000000e+00,2.000000000000000000e+04
2.200000000000000011e-01,9.799999999999999822e-01,1.332031101318949806e-01,-1.847885514528959383e-01,0.000000000000000000e+00,0.000000000000000000e+00,2.000000000000000000e+04
2.399999999999999911e-01,9.799999999999999822e-01,1.411899979109541292e-01,-2.041216674174753665e-01,0.000000000000000000e+00,0.000000000000000000e+00,2.000000000000000000e+04
2.600000000000000089e-01,9.799999999999999822e-01,1.486435751536141769e-01,-2.242617932906353362e-01,0.000000000000000000e+00,0.000000000000000000e+00,2.000000000000000000e+04
2.800000000000000266e-01,9.799999999999999822e-01,1.555610522938546680e-01,-2.453305214281450430e-01,0.000000000000000000e+00,0.000000000000000000e+00,2.000000000000000000e+04
2.999999999999999889e-01,9.799999999999999822e-01,1.619232186063035706e-01,-2.674848827327129808e-01,0.000000000000000000e+00,0.000000000000000000e+00,2.000000000000000000e+04
3.200000000000000067e-01,9.799999999999999822e-01,1.676883744067640125e-01,-2.909344008046786390e-01,0.000000000000000000e+00,0.000000000000000000e+00,2.000000000000000000e+04
3.400000000000000244e-01,9.799999999999999822e-01,1.727812596179847393e-01,-3.159681147141059632e-01,0.000000000000000000e+00,0.000000000000000000e+00,2.000000000000000000e+04
3.599999999999999867e-01,9.799999999999999822e-01,1.770732921080746536e-01,-3.429997510126117088e-01,0.000000000000000000e+00,0.000000000000000000e+00,2.000000000000000000e+04
3.800000000000000044e-01,9.799999999999999822e-01,1.803473290811374308e-01,-3.726472366868745500e-01,0.000000000000000000e+00,0.000000000000000000e+00,2.000000000000000000e+04
4.000000000000000222e-01,9.799999999999999822e-01,1.822347849832959832e-01,-4.058806155474250499e-01,0.000000000000000000e+00,0.000000000000000000e+00,2.000000000000000000e+04
4.199999999999999845e-01,9.799999999999999822e-01,1.821048896969985342e-01,-4.443158144944301946e-01,0.000000000000000000e+00,0.000000000000000000e+00,2.000000000000000000e+04
4.400000000000000022e-01,9.799999999999999822e-01,1.788824893195245513e-01,-4.908499301017438810e-01,0.000000000000000000e+00,0.000000000000000000e+00,2.000000000000000000e+04
4.600000000000000200e-01,9.799999999999999822e-01,1.708595517106614725e-01,-5.511825499536981976e-01,0.000000000000000000e+00,0.000000000000000000e+00,2.000000000000000000e+04
4.799999999999999822e-01,9.799999999999999822e-01,1.570891758416526895e-01,-6.368520865260182129e-01,0.000000000000000000e+00,0.000000000000000000e+00,2.000000000000000000e+04
5.000000000000000000e-01,9.799999999999999822e-01,1.793665672150841772e-01,-7.187768333264556997e-01,0.000000000000000000e+00,0.000000000000000000e+00,2.000000000000000000e+04
5.200000000000000178e-01,9.799999999999999822e-01,1.876274294297470280e-01,-6.440328481989617826e-01,0.000000000000000000e+00,0.000000000000000000e+00,2.000000000000000000e+04
5.400000000000000355e-01,9.799999999999999822e-01,1.826081128911257179e-01,-5.933038269840811285e-01,0.000000000000000000e+00,0.000000000000000000e+00,2.000000000000000000e+04
5.600000000000000533e-01,9.799999999999999822e-01,1.767022673797927768e-01,-5.599247653448700124e-01,0.000000000000000000e+00,0.000000000000000000e+00,2.000000000000000000e+04
5.799999999999999600e-01,9.799999999999999822e-01,1.725186870539109907e-01,-5.375280821746709625e-01,0.000000000000000000e+00,0.000000000000000000e+00,2.000000000000000000e+04
5.999999999999999778e-01,9.799999999999999822e-01,1.701109716980098163e-01,-5.223289728387796593e-01,0.000000000000000000e+00,0.000000000000000000e+00,2.000000000000000000e+04
6.199999999999999956e-01,9.799999999999999822e-01,1.690305433974543525e-01,-5.120259439706095206e-01,0.000000000000000000e+00,0.000000000000000000e+00,2.000000000000000000e+04
6.400000000000000133e-01,9.799999999999999822e-01,1.688403229340192935e-01,-5.051739139217330532e-01,0.000000000000000000e+00,0.000000000000000000e+00,2.000000000000000000e+04
6.600000000000000311e-01,9.799999999999999822e-01,1.692130295151555441e-01,-5.008366584905108443e-01,0.000000000000000000e+00,0.000000000000000000e+00,2.000000000000000000e+04
6.800000000000000488e-01,9.799999999999999822e-01,1.699233144701758624e-01,-4.983874425973564004e-01,0.000000000000000000e+00,0.000000000000000000e+00,2.000000000000000000e+04
6.999999999999999556e-01,9.799999999999999822e-01,1.708205512843155582e-01,-4.973921571540984021e-01,0.000000000000000000e+00,0.000000000000000000e+00,2.000000000000000000e+04
7.199999999999999734e-01,9.799999999999999822e-01,1.718046857487859347e-01,-4.975395821730064783e-01,0.000000000000000000e+00,0.000000000000000000e+00,2.000000000000000000e+04
7.399999999999999911e-01,9.799999999999999822e-01,1.728089239149759593e-01,-4.985989521543153780e-01,0.000000000000000000e+00,0.000000000000000000e+00,2.000000000000000000e+04
7.600000000000000089e-01,9.799999999999999822e-01,1.737882561796019465e-01,-5.003935403681646354e-01,0.000000000000000000e+00,0.000000000000000000e+00,2.000000000000000000e+04
7.800000000000000266e-01,9.799999999999999822e-01,1.747121004156202417e-01,-5.027837816691933526e-01,0.000000000000000000e+00,0.000000000000000000e+00,2.000000000000000000e+04
8.000000000000000444e-01,9.799999999999999822e-01,1.755596569364054893e-01,-5.056561768754773700e-01,0.000000000000000000e+00,0.000000000000000000e+00,2.000000000000000000e+04
8.199999999999999512e-01,9.799999999999999822e-01,1.763170076851414969e-01,-5.089157756288036349e-01,0.000000000000000000e+00,0.000000000000000000e+00,2.000000000000000000e+04
8.399999999999999689e-01,9.799999999999999822e-01,1.769753415275405195e-01,-5.124809308968053534e-01,0.000000000000000000e+00,0.000000000000000000e+00,2.000000000000000000e+04
8.599999999999999867e-01,9.799999999999999822e-01,1.775299251015244051e-01,-5.162795469714087648e-01,0.000000000000000000e+00,0.000000000000000000e+00,2.000000000000000000e+04
8.800000000000000044e-01,9.799999999999999822e-01,1.779795885275357592e-01,-5.202463711704718996e-01,0.000000000000000000e+00,0.000000000000000000e+00,2.000000000000000000e+04
9.000000000000000222e-01,9.799999999999999822e-01,1.783265826687478739e-01,-5.243211100792342094e-01,0.000000000000000000e+00,0.000000000000000000e+00,2.000000000000000000e+04
9.200000000000000400e-01,9.799999999999999822e-01,1.785767046796685187e-01,-5.284473603210592119e-01,0.000000000000000000e+00,0.000000000000000000e+00,2.000000000000000000e+04
9.399999999999999467e-01,9.799999999999999822e-01,1.787395848045694458e-01,-5.325726164311245237e-01,0.000000000000000000e+00,0.000000000000000000e+00,2.000000000000000000e+04
9.599999999999999645e-01,9.799999999999999822e-01,1.788289777666992320e-01,-5.366501069400788637e-01,0.000000000000000000e+00,0.000000000000000000e+00,2.000000000000000000e+04
9.799999999999999822e-01,9.799999999999999822e-01,1.788628732930725163e-01,-5.406442705321133912e-01,0.000000000000000000e+00,0.000000000000000000e+00,2.000000000000000000e+04
1.000000000000000000e+00,9.799999999999999822e-01,1.788646941126335321e-01,-5.445429489768004450e-01,0.000000000000000000e+00,0.000000000000000000e+00,2.000000000000000000e+04
0.000000000000000000e+00,1.000000000000000000e+00,0.000000000000000000e+00,0.000000000000000000e+00,1.000000000000000000e+00,0.000000000000000000e+00,2.000000000000000000e+04
2.000000000000000042e-02,1.000000000000000000e+00,2.251320135077951659e-02,-2.216742312635356510e-02,0.000000000000000000e+00,0.000000000000000000e+00,2.000000000000000000e+04
4.000000000000000083e-02,1.000000000000000000e+00,4.199262458110009089e-02,-3.911178193670124953e-02,0.000000000000000000e+00,0.000000000000000000e+00,2.000000000000000000e+04
5.999999999999999778e-02,1.000000000000000000e+00,5.869265881318111444e-02,-5.502622276463001172e-02,0.000000000000000000e+00,0.000000000000000000e+00,2.000000000000000000e+04
8.000000000000000167e-02,1.000000000000000000e+00,7.352068520425085463e-02,-7.065585908706670248e-02,0.000000000000000000e+00,0.000000000000000000e+00,2.000000000000000000e+04
1.000000000000000056e-01,1.000000000000000000e+00,8.701558807465918643e-02,-8.632489050789143858e-02,0.000000000000000000e+00,0.000000000000000000e+00,2.000000000000000000e+04
1.199999999999999956e-01,1.000000000000000000e+00,9.949007601363780984e-02,-1.022207136669257138e-01,0.000000000000000000e+00,0.000000000000000000e+00,2.000000000000000000e+04
1.400000000000000133e-01,1.000000000000000000e+00,1.111351958147874380e-01,-1.184649910415086355e-01,0.000000000000000000e+00,0.000000000000000000e+00,2.000000000000000000e+04
1.600000000000000033e-01,1.000000000000000000e+00,1.220755208450889501e-01,-1.351454199631063613e-01,0.000000000000000000e+00,0.000000000000000000e+00,2.000000000000000000e+04
1.799999999999999933e-01,1.000000000000000000e+00,1.323977439740676165e-01,-1.523334676615865357e-01,0.000000000000000000e+00,0.000000000000000000e+00,2.000000000000000000e+04
2.000000000000000111e-01,1.000000000000000000e+00,1.421658369793288024e-01,-1.700954685363171015e-01,0.000000000000000000e+00,0.000000000000000000e+00,2.000000000000000000e+04
2.200000000000000011e-01,1.000000000000000000e+00,1.514294054717851556e-01,-1.885004734870420751e-01,0.000000000000000000e+00,0.000000000000000000e+00,2.000000000000000000e+04
2.399999999999999911e-01,1.000000000000000000e+00,1.602285301638393111e-01,-2.076268176156911560e-01,0.000000000000000000e+00,0.000000000000000000e+00,2.000000000000000000e+04
2.600000000000000089e-01,1.000000000000000000e+00,1.685967433882986921e-01,-2.275687985395682955e-01,0.000000000000000000e+00,0.000000000000000000e+00,2.000000000000000000e+04
2.800000000000000266e-01,1.000000000000000000e+00,1.765629692251367844e-01,-2.484447475685277740e-01,0.000000000000000000e+00,0.000000000000000000e+00,2.000000000000000000e+04
2.999999999999999889e-01,1.000000000000000000e+00,1.841528004717802591e-01,-2.704080656964376606e-01,0.000000000000000000e+00,0.000000000000000000e+00,2.000000000000000000e+04
3.200000000000000067e-01,1.000000000000000000e+00,1.913891168143535271e-01,-2.936636055220820940e-01,0.000000000000000000e+00,0.000000000000000000e+00,2.000000000000000000e+04
3.400000000000000244e-01,1.000000000000000000e+00,1.982914702562771914e-01,-3.184934750480869492e-01,0.000000000000000000e+00,0.000000000000000000e+00,2.000000000000000000e+04
3.599999999999999867e-01,1.000000000000000000e+00,2.048722930367833095e-01,-3.452997731550710436e-01,0.000000000000000000e+00,0.000000000000000000e+00,2.000000000000000000e+04
3.800000000000000044e-01,1.000000000000000000e+00,2.111243147087434879e-01,-3.746789353066112827e-01,0.000000000000000000e+00,0.000000000000000000e+00,2.000000000000000000e+04
4.000000000000000222e-01,1.000000000000000000e+00,2.169833619186064821e-01,-4.075583462208171581e-01,0.000000000000000000e+00,0.000000000000000000e+00,2.000000000000000000e+04
4.199999999999999845e-01,1.000000000000000000e+00,2.222211395399353584e-01,-4.454656128712405350e-01,0.000000000000000000e+00,0.000000000000000000e+00,2.000000000000000000e+04
4.400000000000000022e-01,1.000000000000000000e+00,2.261307659616743349e-01,-4.911195443638006752e-01,0.000000000000000000e+00,0.000000000000000000e+00,2.000000000000000000e+04
4.600000000000000200e-01,1.000000000000000000e+00,2.265402636059541952e-01,-5.500121565897628795e-01,0.000000000000000000e+00,0.000000000000000000e+00,2.000000000000000000e+04
4.799999999999999822e-01,1.000000000000000000e+00,2.161079305608397672e-01,-6.368273565022855021e-01,0.000000000000000000e+00,0.000000000000000000e+00,2.000000000000000000e+04
5.000000000000000000e-01,1.000000000000000000e+00,1.595767334831688089e-01,-8.322598484925913809e-01,0.000000000000000000e+00,1.000000000000000000e+00,2.000000000000000000e+04
5.200000000000000178e-01,1.000000000000000000e+00,1.662312790365104154e-01,-6.598669528045822963e-01,0.000000000000000000e+00,0.000000000000000000e+00,2.000000000000000000e+04
5.400000000000000355e-01,1.000000000000000000e+00,1.583917797209733747e-01,-5.960744283459055159e-01,0.000000000000000000e+00,0.000000000000000000e+00,2.000000000000000000e+04
5.600000000000000533e-01,1.000000000000000000e+00,1.558679673706691859e-01,-5.601706239764723261e-01,0.000000000000000000e+00,0.000000000000000000e+00,2.000000000000000000e+04
5.799999999999999600e-01,1.000000000000000000e+00,1.563839657805460304e-01,-5.374546338414692981e-01,0.000000000000000000e+00,0.000000000000000000e+00,2.000000000000000000e+04
5.999999999999999778e-01,1.000000000000000000e+00,1.582386927073784477e-01,-5.224173642083880242e-01,0.000000000000000000e+00,0.000000000000000000e+00,2.000000000000000000e+04
6.199999999999999956e-01,1.000000000000000000e+00,1.606053776483761242e-01,-5.123228220676530054e-01,0.000000000000000000e+00,0.000000000000000000e+00,2.000000000000000000e+04
6.400000000000000133e-01,1.000000000000000000e+00,1.631041099102270298e-01,-5.056260839058327461e-01,0.000000000000000000e+00,0.000000000000000000e+00,2.000000000000000000e+04
6.600000000000000311e-01,1.000000000000000000e+00,1.655617947107467236e-01,-5.013822918523688221e-01,0.000000000000000000e+00,0.000000000000000000e+00,2.000000000000000000e+04
6.800000000000000488e-01,1.000000000000000000e+00,1.678994536425666428e-01,-4.989773632818599869e-01,0.000000000000000000e+00,0.000000000000000000e+00,2.000000000000000000e+04
6.999999999999999556e-01,1.000000000000000000e+00,1.700810880015611037e-01,-4.979913745086527732e-01,0.000000000000000000e+00,0.000000000000000000e+00,2.000000000000000000e+04
7.199999999999999734e-01,1.000000000000000000e+00,1.720905625550551710e-01,-4.981242377107301667e-01,0.000000000000000000e+00,0.000000000000000000e+00,2.000000000000000000e+04
7.399999999999999911e-01,1.000000000000000000e+00,1.739210907786317706e-01,-4.991530357338254675e-01,0.000000000000000000e+00,0.000000000000000000e+00,2.000000000000000000e+04
7.600000000000000089e-01,1.000000000000000000e+00,1.755704101303488529e-01,-5.009063725940164913e-01,0.000000000000000000e+00,0.000000000000000000e+00,2.000000000000000000e+04
7.800000000000000266e-01,1.000000000000000000e+00,1.770385647587798261e-01,-5.032482917826752722e-01,0.000000000000000000e+00,0.000000000000000000e+00,2.000000000000000000e+04
8.000000000000000444e-01,1.000000000000000000e+00,1.783269204561939436e-01,-5.060677922579702726e-01,0.000000000000000000e+00,0.000000000000000000e+00,2.000000000000000000e+04
8.199999999999999512e-01,1.000000000000000000e+00,1.794378015209753818e-01,-5.092717432089933771e-01,0.000000000000000000e+00,0.000000000000000000e+00,2.000000000000000000e+04
8.399999999999999689e-01,1.000000000000000000e+00,1.803744878891397896e-01,-5.127799418620405669e-01,0.000000000000000000e+00,0.000000000000000000e+00,2.000000000000000000e+04
8.599999999999999867e-01,1.000000000000000000e+00,1.811414767138803950e-01,-5.165215857967887514e-01,0.000000000000000000e+00,0.000000000000000000e+00,2.000000000000000000e+04
8.800000000000000044e-01,1.000000000000000000e+00,1.817449988262457017e-01,-5.204327482304287322e-01,0.000000000000000000e+00,0.000000000000000000e+00,2.000000000000000000e+04
9.000000000000000222e-01,1.000000000000000000e+00,1.821938316976592920e-01,-5.244546643239818007e-01,0.000000000000000000e+00,0.000000000000000000e+00,2.000000000000000000e+04
9.200000000000000400e-01,1.000000000000000000e+00,1.825004800231720126e-01,-5.285328351608812314e-01,0.000000000000000000e+00,0.000000000000000000e+00,2.000000000000000000e+04
9.399999999999999467e-01,1.000000000000000000e+00,1.826827862547830972e-01,-5.326172138273307377e-01,0.000000000000000000e+00,0.000000000000000000e+00,2.000000000000000000e+04
9.599999999999999645e-01,1.000000000000000000e+00,1.827659042929452304e-01,-5.366642031293406001e-01,0.000000000000000000e+00,0.000000000000000000e+00,2.000000000000000000e+04
9.799999999999999822e-01,1.000000000000000000e+00,1.827840170964502298e-01,-5.406423321837611207e-01,0.000000000000000000e+00,0.000000000000000000e+00,2.000000000000000000e+04
1.000000000000000000e+00,1.000000000000000000e+00,1.827787833049706601e-01,-5.445481174745070430e-01,0.000000000000000000e+00,0.000000000000000000e+00,2.000000000000000000e+04
