source,target
0,1
0,161
0,162
1,2
1,162
1,163
2,3
2,163
2,164
3,4
3,164
3,165
4,5
4,165
4,166
5,6
5,166
5,167
6,7
6,167
6,168
7,8
7,168
7,169
8,9
8,169
8,170
9,10
9,170
9,171
10,11
10,171
10,172
11,12
11,172
11,173
12,13
12,173
12,174
13,14
13,174
13,175
14,15
14,175
14,176
15,16
15,176
15,177
16,17
16,177
16,178
17,18
17,178
17,179
18,19
18,179
18,180
19,20
19,180
19,181
20,21
20,181
20,182
21,22
21,182
21,183
22,23
22,183
22,184
23,24
23,184
23,185
24,25
24,185
24,186
25,26
25,186
25,187
26,27
26,187
26,188
27,28
27,188
27,189
28,29
28,189
28,190
29,30
29,190
29,191
30,31
30,191
30,192
31,32
31,192
31,193
32,33
32,193
32,194
33,34
33,194
33,195
34,35
34,195
34,196
35,36
35,196
35,197
36,37
36,197
36,198
37,38
37,198
37,199
38,39
38,199
38,200
39,40
39,200
39,201
40,41
40,201
40,202
41,42
41,202
41,203
42,43
42,203
42,204
43,44
43,204
43,205
44,45
44,205
44,206
45,46
45,206
45,207
46,47
46,207
46,208
47,48
47,208
47,209
48,49
48,209
48,210
49,50
49,210
49,211
50,51
50,211
50,212
51,52
51,212
51,213
52,53
52,213
52,214
53,54
53,214
53,215
54,55
54,215
54,216
55,56
55,216
55,217
56,57
56,217
56,218
57,58
57,218
57,219
58,59
58,219
58,220
59,60
59,220
59,221
60,61
60,221
60,222
61,62
61,222
61,223
62,63
62,223
62,224
63,64
63,224
63,225
64,65
64,225
64,226
65,66
65,226
65,227
66,67
66,227
66,228
67,68
67,228
67,229
68,69
68,229
68,230
69,70
69,230
69,231
70,71
70,231
70,232
71,72
71,232
71,233
72,73
72,233
72,234
73,74
73,234
73,235
74,75
74,235
74,236
75,76
75,236
75,237
76,77
76,237
76,238
77,78
77,238
77,239
78,79
78,239
78,240
79,80
79,240
79,241
80,81
80,241
80,242
81,82
81,242
81,243
82,83
82,243
82,244
83,84
83,244
83,245
84,85
84,245
84,246
85,86
85,246
85,247
86,87
86,247
86,248
87,88
87,248
87,249
88,89
88,249
88,250
89,90
89,250
89,251
90,91
90,251
90,252
91,92
91,252
91,253
92,93
92,253
92,254
93,94
93,254
93,255
94,95
94,255
94,256
95,96
95,256
95,257
96,97
96,257
96,258
97,98
97,258
97,259
98,99
98,259
98,260
99,100
99,260
99,261
100,101
100,261
100,262
101,102
101,262
101,263
102,103
102,263
102,264
103,104
103,264
103,265
104,105
104,265
104,266
105,106
105,266
105,267
106,107
106,267
106,268
107,108
107,268
107,269
108,109
108,269
108,270
109,110
109,270
109,271
110,111
110,271
110,272
111,112
111,272
111,273
112,113
112,273
112,274
113,114
113,274
113,275
114,115
114,275
114,276
115,116
115,276
115,277
116,117
116,277
116,278
117,118
117,278
117,279
118,119
118,279
118,280
119,120
119,280
119,281
120,121
120,281
120,282
121,122
121,282
121,283
122,123
122,283
122,284
123,124
123,284
123,285
124,125
124,285
124,286
125,126
125,286
125,287
126,127
126,287
126,288
127,128
127,288
127,289
128,129
128,289
128,290
129,130
129,290
129,291
130,131
130,291
130,292
131,132
131,292
131,293
132,133
132,293
132,294
133,134
133,294
133,295
134,135
134,295
134,296
135,136
135,296
135,297
136,137
136,297
136,298
137,138
137,298
137,299
138,139
138,299
138,300
139,140
139,300
139,301
140,141
140,301
140,302
141,142
141,302
141,303
142,143
142,303
142,304
143,144
143,304
143,305
144,145
144,305
144,306
145,146
145,306
145,307
146,147
146,307
146,308
147,148
147,308
147,309
148,149
148,309
148,310
149,150
149,310
149,311
150,151
150,311
150,312
151,152
151,312
151,313
152,153
152,313
152,314
153,154
153,314
153,315
154,155
154,315
154,316
155,156
155,316
155,317
156,157
156,317
156,318
157,158
157,318
157,319
158,159
158,319
158,320
159,160
159,320
159,321
160,321
161,162
161,322
161,323
162,163
162,323
162,324
163,164
163,324
163,325
164,165
164,325
164,326
165,166
165,326
165,327
166,167
166,327
166,328
167,168
167,328
167,329
168,169
168,329
168,330
169,170
169,330
169,331
170,171
170,331
170,332
171,172
171,332
171,333
172,173
172,333
172,334
173,174
173,334
173,335
174,175
174,335
174,336
175,176
175,336
175,337
176,177
176,337
176,338
177,178
177,338
177,339
178,179
178,339
178,340
179,180
179,340
179,341
180,181
180,341
180,342
181,182
181,342
181,343
182,183
182,343
182,344
183,184
183,344
183,345
184,185
184,345
184,346
185,186
185,346
185,347
186,187
186,347
186,348
187,188
187,348
187,349
188,189
188,349
188,350
189,190
189,350
189,351
190,191
190,351
190,352
191,192
191,352
191,353
192,193
192,353
192,354
193,194
193,354
193,355
194,195
194,355
194,356
195,196
195,356
195,357
196,197
196,357
196,358
197,198
197,358
197,359
198,199
198,359
198,360
199,200
199,360
199,361
200,201
200,361
200,362
201,202
201,362
201,363
202,203
202,363
202,364
203,204
203,364
203,365
204,205
204,365
204,366
205,206
205,366
205,367
206,207
206,367
206,368
207,208
207,368
207,369
208,209
208,369
208,370
209,210
209,370
209,371
210,211
210,371
210,372
211,212
211,372
211,373
212,213
212,373
212,374
213,214
213,374
213,375
214,215
214,375
214,376
215,216
215,376
215,377
216,217
216,377
216,378
217,218
217,378
217,379
218,219
218,379
218,380
219,220
219,380
219,381
220,221
220,381
220,382
221,222
221,382
221,383
222,223
222,383
222,384
223,224
223,384
223,385
224,225
224,385
224,386
225,226
225,386
225,387
226,227
226,387
226,388
227,228
227,388
227,389
228,229
228,389
228,390
229,230
229,390
229,391
230,231
230,391
230,392
231,232
231,392
231,393
232,233
232,393
232,394
233,234
233,394
233,395
234,235
234,395
234,396
235,236
235,396
235,397
236,237
236,397
236,398
237,238
237,398
237,399
238,239
238,399
238,400
239,240
239,400
239,401
240,241
240,401
240,402
241,242
241,402
241,403
242,243
242,403
242,404
243,244
243,404
243,405
244,245
244,405
244,406
245,246
245,406
245,407
246,247
246,407
246,408
247,248
247,408
247,409
248,249
248,409
248,410
249,250
249,410
249,411
250,251
250,411
250,412
251,252
251,412
251,413
252,253
252,413
252,414
253,254
253,414
253,415
254,255
254,415
254,416
255,256
255,416
255,417
256,257
256,417
256,418
257,258
257,418
257,419
258,259
258,419
258,420
259,260
259,420
259,421
260,261
260,421
260,422
261,262
261,422
261,423
262,263
262,423
262,424
263,264
263,424
263,425
264,265
264,425
264,426
265,266
265,426
265,427
266,267
266,427
266,428
267,268
267,428
267,429
268,269
268,429
268,430
269,270
269,430
269,431
270,271
270,431
270,432
271,272
271,432
271,433
272,273
272,433
272,434
273,274
273,434
273,435
274,275
274,435
274,436
275,276
275,436
275,437
276,277
276,437
276,438
277,278
277,438
277,439
278,279
278,439
278,440
279,280
279,440
279,441
280,281
280,441
280,442
281,282
281,442
281,443
282,283
282,443
282,444
283,284
283,444
283,445
284,285
284,445
284,446
285,286
285,446
285,447
286,287
286,447
286,448
287,288
287,448
287,449
288,289
288,449
288,450
289,290
289,450
289,451
290,291
290,451
290,452
291,292
291,452
291,453
292,293
292,453
292,454
293,294
293,454
293,455
294,295
294,455
294,456
295,296
295,456
295,457
296,297
296,457
296,458
297,298
297,458
297,459
298,299
298,459
298,460
299,300
299,460
299,461
300,301
300,461
300,462
301,302
301,462
301,463
302,303
302,463
302,464
303,304
303,464
303,465
304,305
304,465
304,466
305,306
305,466
305,467
306,307
306,467
306,468
307,308
307,468
307,469
308,309
308,469
308,470
309,310
309,470
309,471
310,311
310,471
310,472
311,312
311,472
311,473
312,313
312,473
312,474
313,314
313,474
313,475
314,315
314,475
314,476
315,316
315,476
315,477
316,317
316,477
316,478
317,318
317,478
317,479
318,319
318,479
318,480
319,320
319,480
319,481
320,321
320,481
320,482
321,482
322,323
322,483
322,484
323,324
323,484
323,485
324,325
324,485
324,486
325,326
325,486
325,487
326,327
326,487
326,488
327,328
327,488
327,489
328,329
328,489
328,490
329,330
329,490
329,491
330,331
330,491
330,492
331,332
331,492
331,493
332,333
332,493
332,494
333,334
333,494
333,495
334,335
334,495
334,496
335,336
335,496
335,497
336,337
336,497
336,498
337,338
337,498
337,499
338,339
338,499
338,500
339,340
339,500
339,501
340,341
340,501
340,502
341,342
341,502
341,503
342,343
342,503
342,504
343,344
343,504
343,505
344,345
344,505
344,506
345,346
345,506
345,507
346,347
346,507
346,508
347,348
347,508
347,509
348,349
348,509
348,510
349,350
349,510
349,511
350,351
350,511
350,512
351,352
351,512
351,513
352,353
352,513
352,514
353,354
353,514
353,515
354,355
354,515
354,516
355,356
355,516
355,517
356,357
356,517
356,518
357,358
357,518
357,519
358,359
358,519
358,520
359,360
359,520
359,521
360,361
360,521
360,522
361,362
361,522
361,523
362,363
362,523
362,524
363,364
363,524
363,525
364,365
364,525
364,526
365,366
365,526
365,527
366,367
366,527
366,528
367,368
367,528
367,529
368,369
368,529
368,530
369,370
369,530
369,531
370,371
370,531
370,532
371,372
371,532
371,533
372,373
372,533
372,534
373,374
373,534
373,535
374,375
374,535
374,536
375,376
375,536
375,537
376,377
376,537
376,538
377,378
377,538
377,539
378,379
378,539
378,540
379,380
379,540
379,541
380,381
380,541
380,542
381,382
381,542
381,543
382,383
382,543
382,544
383,384
383,544
383,545
384,385
384,545
384,546
385,386
385,546
385,547
386,387
386,547
386,548
387,388
387,548
387,549
388,389
388,549
388,550
389,390
389,550
389,551
390,391
390,551
390,552
391,392
391,552
391,553
392,393
392,553
392,554
393,394
393,554
393,555
394,395
394,555
394,556
395,396
395,556
395,557
396,397
396,557
396,558
397,398
397,558
397,559
398,399
398,559
398,560
399,400
399,560
399,561
400,401
400,561
400,562
401,402
401,562
401,563
402,403
402,563
402,564
403,404
403,564
403,565
404,405
404,565
404,566
405,406
405,566
405,567
406,407
406,567
406,568
407,408
407,568
407,569
408,409
408,569
408,570
409,410
409,570
409,571
410,411
410,571
410,572
411,412
411,572
411,573
412,413
412,573
412,574
413,414
413,574
413,575
414,415
414,575
414,576
415,416
415,576
415,577
416,417
416,577
416,578
417,418
417,578
417,579
418,419
418,579
418,580
419,420
419,580
419,581
420,421
420,581
420,582
421,422
421,582
421,583
422,423
422,583
422,584
423,424
423,584
423,585
424,425
424,585
424,586
425,426
425,586
425,587
426,427
426,587
426,588
427,428
427,588
427,589
428,429
428,589
428,590
429,430
429,590
429,591
430,431
430,591
430,592
431,432
431,592
431,593
432,433
432,593
432,594
433,434
433,594
433,595
434,435
434,595
434,596
435,436
435,596
435,597
436,437
436,597
436,598
437,438
437,598
437,599
438,439
438,599
438,600
439,440
439,600
439,601
440,441
440,601
440,602
441,442
441,602
441,603
442,443
442,603
442,604
443,444
443,604
443,605
444,445
444,605
444,606
445,446
445,606
445,607
446,447
446,607
446,608
447,448
447,608
447,609
448,449
448,609
448,610
449,450
449,610
449,611
450,451
450,611
450,612
451,452
451,612
451,613
452,453
452,613
452,614
453,454
453,614
453,615
454,455
454,615
454,616
455,456
455,616
455,617
456,457
456,617
456,618
457,458
457,618
457,619
458,459
458,619
458,620
459,460
459,620
459,621
460,461
460,621
460,622
461,462
461,622
461,623
462,463
462,623
462,624
463,464
463,624
463,625
464,465
464,625
464,626
465,466
465,626
465,627
466,467
466,627
466,628
467,468
467,628
467,629
468,469
468,629
468,630
469,470
469,630
469,631
470,471
470,631
470,632
471,472
471,632
471,633
472,473
472,633
472,634
473,474
473,634
473,635
474,475
474,635
474,636
475,476
475,636
475,637
476,477
476,637
476,638
477,478
477,638
477,639
478,479
478,639
478,640
479,480
479,640
479,641
480,481
480,641
480,642
481,482
481,642
481,643
482,643
483,484
483,644
483,645
484,485
484,645
484,646
485,486
485,646
485,647
486,487
486,647
486,648
487,488
487,648
487,649
488,489
488,649
488,650
489,490
489,650
489,651
490,491
490,651
490,652
491,492
491,652
491,653
492,493
492,653
492,654
493,494
493,654
493,655
494,495
494,655
494,656
495,496
495,656
495,657
496,497
496,657
496,658
497,498
497,658
497,659
498,499
498,659
498,660
499,500
499,660
499,661
500,501
500,661
500,662
501,502
501,662
501,663
502,503
502,663
502,664
503,504
503,664
503,665
504,505
504,665
504,666
505,506
505,666
505,667
506,507
506,667
506,668
507,508
507,668
507,669
508,509
508,669
508,670
509,510
509,670
509,671
510,511
510,671
510,672
511,512
511,672
511,673
512,513
512,673
512,674
513,514
513,674
513,675
514,515
514,675
514,676
515,516
515,676
515,677
516,517
516,677
516,678
517,518
517,678
517,679
518,519
518,679
518,680
519,520
519,680
519,681
520,521
520,681
520,682
521,522
521,682
521,683
522,523
522,683
522,684
523,524
523,684
523,685
524,525
524,685
524,686
525,526
525,686
525,687
526,527
526,687
526,688
527,528
527,688
527,689
528,529
528,689
528,690
529,530
529,690
529,691
530,531
530,691
530,692
531,532
531,692
531,693
532,533
532,693
532,694
533,534
533,694
533,695
534,535
534,695
534,696
535,536
535,696
535,697
536,537
536,697
536,698
537,538
537,698
537,699
538,539
538,699
538,700
539,540
539,700
539,701
540,541
540,701
540,702
541,542
541,702
541,703
542,543
542,703
542,704
543,544
543,704
543,705
544,545
544,705
544,706
545,546
545,706
545,707
546,547
546,707
546,708
547,548
547,708
547,709
548,549
548,709
548,710
549,550
549,710
549,711
550,551
550,711
550,712
551,552
551,712
551,713
552,553
552,713
552,714
553,554
553,714
553,715
554,555
554,715
554,716
555,556
555,716
555,717
556,557
556,717
556,718
557,558
557,718
557,719
558,559
558,719
558,720
559,560
559,720
559,721
560,561
560,721
560,722
561,562
561,722
561,723
562,563
562,723
562,724
563,564
563,724
563,725
564,565
564,725
564,726
565,566
565,726
565,727
566,567
566,727
566,728
567,568
567,728
567,729
568,569
568,729
568,730
569,570
569,730
569,731
570,571
570,731
570,732
571,572
571,732
571,733
572,573
572,733
572,734
573,574
573,734
573,735
574,575
574,735
574,736
575,576
575,736
575,737
576,577
576,737
576,738
577,578
577,738
577,739
578,579
578,739
578,740
579,580
579,740
579,741
580,581
580,741
580,742
581,582
581,742
581,743
582,583
582,743
582,744
583,584
583,744
583,745
584,585
584,745
584,746
585,586
585,746
585,747
586,587
586,747
586,748
587,588
587,748
587,749
588,589
588,749
588,750
589,590
589,750
589,751
590,591
590,751
590,752
591,592
591,752
591,753
592,593
592,753
592,754
593,594
593,754
593,755
594,595
594,755
594,756
595,596
595,756
595,757
596,597
596,757
596,758
597,598
597,758
597,759
598,599
598,759
598,760
599,600
599,760
599,761
600,601
600,761
600,762
601,602
601,762
601,763
602,603
602,763
602,764
603,604
603,764
603,765
604,605
604,765
604,766
605,606
605,766
605,767
606,607
606,767
606,768
607,608
607,768
607,769
608,609
608,769
608,770
609,610
609,770
609,771
610,611
610,771
610,772
611,612
611,772
611,773
612,613
612,773
612,774
613,614
613,774
613,775
614,615
614,775
614,776
615,616
615,776
615,777
616,617
616,777
616,778
617,618
617,778
617,779
618,619
618,779
618,780
619,620
619,780
619,781
620,621
620,781
620,782
621,622
621,782
621,783
622,623
622,783
622,784
623,624
623,784
623,785
624,625
624,785
624,786
625,626
625,786
625,787
626,627
626,787
626,788
627,628
627,788
627,789
628,629
628,789
628,790
629,630
629,790
629,791
630,631
630,791
630,792
631,632
631,792
631,793
632,633
632,793
632,794
633,634
633,794
633,795
634,635
634,795
634,796
635,636
635,796
635,797
636,637
636,797
636,798
637,638
637,798
637,799
638,639
638,799
638,800
639,640
639,800
639,801
640,641
640,801
640,802
641,642
641,802
641,803
642,643
642,803
642,804
643,804
644,645
644,805
644,806
645,646
645,806
645,807
646,647
646,807
646,808
647,648
647,808
647,809
648,649
648,809
648,810
649,650
649,810
649,811
650,651
650,811
650,812
651,652
651,812
651,813
652,653
652,813
652,814
653,654
653,814
653,815
654,655
654,815
654,816
655,656
655,816
655,817
656,657
656,817
656,818
657,658
657,818
657,819
658,659
658,819
658,820
659,660
659,820
659,821
660,661
660,821
660,822
661,662
661,822
661,823
662,663
662,823
662,824
663,664
663,824
663,825
664,665
664,825
664,826
665,666
665,826
665,827
666,667
666,827
666,828
667,668
667,828
667,829
668,669
668,829
668,830
669,670
669,830
669,831
670,671
670,831
670,832
671,672
671,832
671,833
672,673
672,833
672,834
673,674
673,834
673,835
674,675
674,835
674,836
675,676
675,836
675,837
676,677
676,837
676,838
677,678
677,838
677,839
678,679
678,839
678,840
679,680
679,840
679,841
680,681
680,841
680,842
681,682
681,842
681,843
682,683
682,843
682,844
683,684
683,844
683,845
684,685
684,845
684,846
685,686
685,846
685,847
686,687
686,847
686,848
687,688
687,848
687,849
688,689
688,849
688,850
689,690
689,850
689,851
690,691
690,851
690,852
691,692
691,852
691,853
692,693
692,853
692,854
693,694
693,854
693,855
694,695
694,855
694,856
695,696
695,856
695,857
696,697
696,857
696,858
697,698
697,858
697,859
698,699
698,859
698,860
699,700
699,860
699,861
700,701
700,861
700,862
701,702
701,862
701,863
702,703
702,863
702,864
703,704
703,864
703,865
704,705
704,865
704,866
705,706
705,866
705,867
706,707
706,867
706,868
707,708
707,868
707,869
708,709
708,869
708,870
709,710
709,870
709,871
710,711
710,871
710,872
711,712
711,872
711,873
712,713
712,873
712,874
713,714
713,874
713,875
714,715
714,875
714,876
715,716
715,876
715,877
716,717
716,877
716,878
717,718
717,878
717,879
718,719
718,879
718,880
719,720
719,880
719,881
720,721
720,881
720,882
721,722
721,882
721,883
722,723
722,883
722,884
723,724
723,884
723,885
724,725
724,885
724,886
725,726
725,886
725,887
726,727
726,887
726,888
727,728
727,888
727,889
728,729
728,889
728,890
729,730
729,890
729,891
730,731
730,891
730,892
731,732
731,892
731,893
732,733
732,893
732,894
733,734
733,894
733,895
734,735
734,895
734,896
735,736
735,896
735,897
736,737
736,897
736,898
737,738
737,898
737,899
738,739
738,899
738,900
739,740
739,900
739,901
740,741
740,901
740,902
741,742
741,902
741,903
742,743
742,903
742,904
743,744
743,904
743,905
744,745
744,905
744,906
745,746
745,906
745,907
746,747
746,907
746,908
747,748
747,908
747,909
748,749
748,909
748,910
749,750
749,910
749,911
750,751
750,911
750,912
751,752
751,912
751,913
752,753
752,913
752,914
753,754
753,914
753,915
754,755
754,915
754,916
755,756
755,916
755,917
756,757
756,917
756,918
757,758
757,918
757,919
758,759
758,919
758,920
759,760
759,920
759,921
760,761
760,921
760,922
761,762
761,922
761,923
762,763
762,923
762,924
763,764
763,924
763,925
764,765
764,925
764,926
765,766
765,926
765,927
766,767
766,927
766,928
767,768
767,928
767,929
768,769
768,929
768,930
769,770
769,930
769,931
770,771
770,931
770,932
771,772
771,932
771,933
772,773
772,933
772,934
773,774
773,934
773,935
774,775
774,935
774,936
775,776
775,936
775,937
776,777
776,937
776,938
777,778
777,938
777,939
778,779
778,939
778,940
779,780
779,940
779,941
780,781
780,941
780,942
781,782
781,942
781,943
782,783
782,943
782,944
783,784
783,944
783,945
784,785
784,945
784,946
785,786
785,946
785,947
786,787
786,947
786,948
787,788
787,948
787,949
788,789
788,949
788,950
789,790
789,950
789,951
790,791
790,951
790,952
791,792
791,952
791,953
792,793
792,953
792,954
793,794
793,954
793,955
794,795
794,955
794,956
795,796
795,956
795,957
796,797
796,957
796,958
797,798
797,958
797,959
798,799
798,959
798,960
799,800
799,960
799,961
800,801
800,961
800,962
801,802
801,962
801,963
802,803
802,963
802,964
803,804
803,964
803,965
804,965
805,806
805,966
805,967
806,807
806,967
806,968
807,808
807,968
807,969
808,809
808,969
808,970
809,810
809,970
809,971
810,811
810,971
810,972
811,812
811,972
811,973
812,813
812,973
812,974
813,814
813,974
813,975
814,815
814,975
814,976
815,816
815,976
815,977
816,817
816,977
816,978
817,818
817,978
817,979
818,819
818,979
818,980
819,820
819,980
819,981
820,821
820,981
820,982
821,822
821,982
821,983
822,823
822,983
822,984
823,824
823,984
823,985
824,825
824,985
824,986
825,826
825,986
825,987
826,827
826,987
826,988
827,828
827,988
827,989
828,829
828,989
828,990
829,830
829,990
829,991
830,831
830,991
830,992
831,832
831,992
831,993
832,833
832,993
832,994
833,834
833,994
833,995
834,835
834,995
834,996
835,836
835,996
835,997
836,837
836,997
836,998
837,838
837,998
837,999
838,839
838,999
838,1000
839,840
839,1000
839,1001
840,841
840,1001
840,1002
841,842
841,1002
841,1003
842,843
842,1003
842,1004
843,844
843,1004
843,1005
844,845
844,1005
844,1006
845,846
845,1006
845,1007
846,847
846,1007
846,1008
847,848
847,1008
847,1009
848,849
848,1009
848,1010
849,850
849,1010
849,1011
850,851
850,1011
850,1012
851,852
851,1012
851,1013
852,853
852,1013
852,1014
853,854
853,1014
853,1015
854,855
854,1015
854,1016
855,856
855,1016
855,1017
856,857
856,1017
856,1018
857,858
857,1018
857,1019
858,859
858,1019
858,1020
859,860
859,1020
859,1021
860,861
860,1021
860,1022
861,862
861,1022
861,1023
862,863
862,1023
862,1024
863,864
863,1024
863,1025
864,865
864,1025
864,1026
865,866
865,1026
865,1027
866,867
866,1027
866,1028
867,868
867,1028
867,1029
868,869
868,1029
868,1030
869,870
869,1030
869,1031
870,871
870,1031
870,1032
871,872
871,1032
871,1033
872,873
872,1033
872,1034
873,874
873,1034
873,1035
874,875
874,1035
874,1036
875,876
875,1036
875,1037
876,877
876,1037
876,1038
877,878
877,1038
877,1039
878,879
878,1039
878,1040
879,880
879,1040
879,1041
880,881
880,1041
880,1042
881,882
881,1042
881,1043
882,883
882,1043
882,1044
883,884
883,1044
883,1045
884,885
884,1045
884,1046
885,886
885,1046
885,1047
886,887
886,1047
886,1048
887,888
887,1048
887,1049
888,889
888,1049
888,1050
889,890
889,1050
889,1051
890,891
890,1051
890,1052
891,892
891,1052
891,1053
892,893
892,1053
892,1054
893,894
893,1054
893,1055
894,895
894,1055
894,1056
895,896
895,1056
895,1057
896,897
896,1057
896,1058
897,898
897,1058
897,1059
898,899
898,1059
898,1060
899,900
899,1060
899,1061
900,901
900,1061
900,1062
901,902
901,1062
901,1063
902,903
902,1063
902,1064
903,904
903,1064
903,1065
904,905
904,1065
904,1066
905,906
905,1066
905,1067
906,907
906,1067
906,1068
907,908
907,1068
907,1069
908,909
908,1069
908,1070
909,910
909,1070
909,1071
910,911
910,1071
910,1072
911,912
911,1072
911,1073
912,913
912,1073
912,1074
913,914
913,1074
913,1075
914,915
914,1075
914,1076
915,916
915,1076
915,1077
916,917
916,1077
916,1078
917,918
917,1078
917,1079
918,919
918,1079
918,1080
919,920
919,1080
919,1081
920,921
920,1081
920,1082
921,922
921,1082
921,1083
922,923
922,1083
922,1084
923,924
923,1084
923,1085
924,925
924,1085
924,1086
925,926
925,1086
925,1087
926,927
926,1087
926,1088
927,928
927,1088
927,1089
928,929
928,1089
928,1090
929,930
929,1090
929,1091
930,931
930,1091
930,1092
931,932
931,1092
931,1093
932,933
932,1093
932,1094
933,934
933,1094
933,1095
934,935
934,1095
934,1096
935,936
935,1096
935,1097
936,937
936,1097
936,1098
937,938
937,1098
937,1099
938,939
938,1099
938,1100
939,940
939,1100
939,1101
940,941
940,1101
940,1102
941,942
941,1102
941,1103
942,943
942,1103
942,1104
943,944
943,1104
943,1105
944,945
944,1105
944,1106
945,946
945,1106
945,1107
946,947
946,1107
946,1108
947,948
947,1108
947,1109
948,949
948,1109
948,1110
949,950
949,1110
949,1111
950,951
950,1111
950,1112
951,952
951,1112
951,1113
952,953
952,1113
952,1114
953,954
953,1114
953,1115
954,955
954,1115
954,1116
955,956
955,1116
955,1117
956,957
956,1117
956,1118
957,958
957,1118
957,1119
958,959
958,1119
958,1120
959,960
959,1120
959,1121
960,961
960,1121
960,1122
961,962
961,1122
961,1123
962,963
962,1123
962,1124
963,964
963,1124
963,1125
964,965
964,1125
964,1126
965,1126
966,967
966,1127
966,1128
967,968
967,1128
967,1129
968,969
968,1129
968,1130
969,970
969,1130
969,1131
970,971
970,1131
970,1132
971,972
971,1132
971,1133
972,973
972,1133
972,1134
973,974
973,1134
973,1135
974,975
974,1135
974,1136
975,976
975,1136
975,1137
976,977
976,1137
976,1138
977,978
977,1138
977,1139
978,979
978,1139
978,1140
979,980
979,1140
979,1141
980,981
980,1141
980,1142
981,982
981,1142
981,1143
982,983
982,1143
982,1144
983,984
983,1144
983,1145
984,985
984,1145
984,1146
985,986
985,1146
985,1147
986,987
986,1147
986,1148
987,988
987,1148
987,1149
988,989
988,1149
988,1150
989,990
989,1150
989,1151
990,991
990,1151
990,1152
991,992
991,1152
991,1153
992,993
992,1153
992,1154
993,994
993,1154
993,1155
994,995
994,1155
994,1156
995,996
995,1156
995,1157
996,997
996,1157
996,1158
997,998
997,1158
997,1159
998,999
998,1159
998,1160
999,1000
999,1160
999,1161
1000,1001
1000,1161
1000,1162
1001,1002
1001,1162
1001,1163
1002,1003
1002,1163
1002,1164
1003,1004
1003,1164
1003,1165
1004,1005
1004,1165
1004,1166
1005,1006
1005,1166
1005,1167
1006,1007
1006,1167
1006,1168
1007,1008
1007,1168
1007,1169
1008,1009
1008,1169
1008,1170
1009,1010
1009,1170
1009,1171
1010,1011
1010,1171
1010,1172
1011,1012
1011,1172
1011,1173
1012,1013
1012,1173
1012,1174
1013,1014
1013,1174
1013,1175
1014,1015
1014,1175
1014,1176
1015,1016
1015,1176
1015,1177
1016,1017
1016,1177
1016,1178
1017,1018
1017,1178
1017,1179
1018,1019
1018,1179
1018,1180
1019,1020
1019,1180
1019,1181
1020,1021
1020,1181
1020,1182
1021,1022
1021,1182
1021,1183
1022,1023
1022,1183
1022,1184
1023,1024
1023,1184
1023,1185
1024,1025
1024,1185
1024,1186
1025,1026
1025,1186
1025,1187
1026,1027
1026,1187
1026,1188
1027,1028
1027,1188
1027,1189
1028,1029
1028,1189
1028,1190
1029,1030
1029,1190
1029,1191
1030,1031
1030,1191
1030,1192
1031,1032
1031,1192
1031,1193
1032,1033
1032,1193
1032,1194
1033,1034
1033,1194
1033,1195
1034,1035
1034,1195
1034,1196
1035,1036
1035,1196
1035,1197
1036,1037
1036,1197
1036,1198
1037,1038
1037,1198
1037,1199
1038,1039
1038,1199
1038,1200
1039,1040
1039,1200
1039,1201
1040,1041
1040,1201
1040,1202
1041,1042
1041,1202
1041,1203
1042,1043
1042,1203
1042,1204
1043,1044
1043,1204
1043,1205
1044,1045
1044,1205
1044,1206
1045,1046
1045,1206
1045,1207
1046,1047
1046,1207
1046,1208
1047,1048
1047,1208
1047,1209
1048,1049
1048,1209
1048,1210
1049,1050
1049,1210
1049,1211
1050,1051
1050,1211
1050,1212
1051,1052
1051,1212
1051,1213
1052,1053
1052,1213
1052,1214
1053,1054
1053,1214
1053,1215
1054,1055
1054,1215
1054,1216
1055,1056
1055,1216
1055,1217
1056,1057
1056,1217
1056,1218
1057,1058
1057,1218
1057,1219
1058,1059
1058,1219
1058,1220
1059,1060
1059,1220
1059,1221
1060,1061
1060,1221
1060,1222
1061,1062
1061,1222
1061,1223
1062,1063
1062,1223
1062,1224
1063,1064
1063,1224
1063,1225
1064,1065
1064,1225
1064,1226
1065,1066
1065,1226
1065,1227
1066,1067
1066,1227
1066,1228
1067,1068
1067,1228
1067,1229
1068,1069
1068,1229
1068,1230
1069,1070
1069,1230
1069,1231
1070,1071
1070,1231
1070,1232
1071,1072
1071,1232
1071,1233
1072,1073
1072,1233
1072,1234
1073,1074
1073,1234
1073,1235
1074,1075
1074,1235
1074,1236
1075,1076
1075,1236
1075,1237
1076,1077
1076,1237
1076,1238
1077,1078
1077,1238
1077,1239
1078,1079
1078,1239
1078,1240
1079,1080
1079,1240
1079,1241
1080,1081
1080,1241
1080,1242
1081,1082
1081,1242
1081,1243
1082,1083
1082,1243
1082,1244
1083,1084
1083,1244
1083,1245
1084,1085
1084,1245
1084,1246
1085,1086
1085,1246
1085,1247
1086,1087
1086,1247
1086,1248
1087,1088
1087,1248
1087,1249
1088,1089
1088,1249
1088,1250
1089,1090
1089,1250
1089,1251
1090,1091
1090,1251
1090,1252
1091,1092
1091,1252
1091,1253
1092,1093
1092,1253
1092,1254
1093,1094
1093,1254
1093,1255
1094,1095
1094,1255
1094,1256
1095,1096
1095,1256
1095,1257
1096,1097
1096,1257
1096,1258
1097,1098
1097,1258
1097,1259
1098,1099
1098,1259
1098,1260
1099,1100
1099,1260
1099,1261
1100,1101
1100,1261
1100,1262
1101,1102
1101,1262
1101,1263
1102,1103
1102,1263
1102,1264
1103,1104
1103,1264
1103,1265
1104,1105
1104,1265
1104,1266
1105,1106
1105,1266
1105,1267
1106,1107
1106,1267
1106,1268
1107,1108
1107,1268
1107,1269
1108,1109
1108,1269
1108,1270
1109,1110
1109,1270
1109,1271
1110,1111
1110,1271
1110,1272
1111,1112
1111,1272
1111,1273
1112,1113
1112,1273
1112,1274
1113,1114
1113,1274
1113,1275
1114,1115
1114,1275
1114,1276
1115,1116
1115,1276
1115,1277
1116,1117
1116,1277
1116,1278
1117,1118
1117,1278
1117,1279
1118,1119
1118,1279
1118,1280
1119,1120
1119,1280
1119,1281
1120,1121
1120,1281
1120,1282
1121,1122
1121,1282
1121,1283
1122,1123
1122,1283
1122,1284
1123,1124
1123,1284
1123,1285
1124,1125
1124,1285
1124,1286
1125,1126
1125,1286
1125,1287
1126,1287
1127,1128
1127,1288
1127,1289
1128,1129
1128,1289
1128,1290
1129,1130
1129,1290
1129,1291
1130,1131
1130,1291
1130,1292
1131,1132
1131,1292
1131,1293
1132,1133
1132,1293
1132,1294
1133,1134
1133,1294
1133,1295
1134,1135
1134,1295
1134,1296
1135,1136
1135,1296
1135,1297
1136,1137
1136,1297
1136,1298
1137,1138
1137,1298
1137,1299
1138,1139
1138,1299
1138,1300
1139,1140
1139,1300
1139,1301
1140,1141
1140,1301
1140,1302
1141,1142
1141,1302
1141,1303
1142,1143
1142,1303
1142,1304
1143,1144
1143,1304
1143,1305
1144,1145
1144,1305
1144,1306
1145,1146
1145,1306
1145,1307
1146,1147
1146,1307
1146,1308
1147,1148
1147,1308
1147,1309
1148,1149
1148,1309
1148,1310
1149,1150
1149,1310
1149,1311
1150,1151
1150,1311
1150,1312
1151,1152
1151,1312
1151,1313
1152,1153
1152,1313
1152,1314
1153,1154
1153,1314
1153,1315
1154,1155
1154,1315
1154,1316
1155,1156
1155,1316
1155,1317
1156,1157
1156,1317
1156,1318
1157,1158
1157,1318
1157,1319
1158,1159
1158,1319
1158,1320
1159,1160
1159,1320
1159,1321
1160,1161
1160,1321
1160,1322
1161,1162
1161,1322
1161,1323
1162,1163
1162,1323
1162,1324
1163,1164
1163,1324
1163,1325
1164,1165
1164,1325
1164,1326
1165,1166
1165,1326
1165,1327
1166,1167
1166,1327
1166,1328
1167,1168
1167,1328
1167,1329
1168,1169
1168,1329
1168,1330
1169,1170
1169,1330
1169,1331
1170,1171
1170,1331
1170,1332
1171,1172
1171,1332
1171,1333
1172,1173
1172,1333
1172,1334
1173,1174
1173,1334
1173,1335
1174,1175
1174,1335
1174,1336
1175,1176
1175,1336
1175,1337
1176,1177
1176,1337
1176,1338
1177,1178
1177,1338
1177,1339
1178,1179
1178,1339
1178,1340
1179,1180
1179,1340
1179,1341
1180,1181
1180,1341
1180,1342
1181,1182
1181,1342
1181,1343
1182,1183
1182,1343
1182,1344
1183,1184
1183,1344
1183,1345
1184,1185
1184,1345
1184,1346
1185,1186
1185,1346
1185,1347
1186,1187
1186,1347
1186,1348
1187,1188
1187,1348
1187,1349
1188,1189
1188,1349
1188,1350
1189,1190
1189,1350
1189,1351
1190,1191
1190,1351
1190,1352
1191,1192
1191,1352
1191,1353
1192,1193
1192,1353
1192,1354
1193,1194
1193,1354
1193,1355
1194,1195
1194,1355
1194,1356
1195,1196
1195,1356
1195,1357
1196,1197
1196,1357
1196,1358
1197,1198
1197,1358
1197,1359
1198,1199
1198,1359
1198,1360
1199,1200
1199,1360
1199,1361
1200,1201
1200,1361
1200,1362
1201,1202
1201,1362
1201,1363
1202,1203
1202,1363
1202,1364
1203,1204
1203,1364
1203,1365
1204,1205
1204,1365
1204,1366
1205,1206
1205,1366
1205,1367
1206,1207
1206,1367
1206,1368
1207,1208
1207,1368
1207,1369
1208,1209
1208,1369
1208,1370
1209,1210
1209,1370
1209,1371
1210,1211
1210,1371
1210,1372
1211,1212
1211,1372
1211,1373
1212,1213
1212,1373
1212,1374
1213,1214
1213,1374
1213,1375
1214,1215
1214,1375
1214,1376
1215,1216
1215,1376
1215,1377
1216,1217
1216,1377
1216,1378
1217,1218
1217,1378
1217,1379
1218,1219
1218,1379
1218,1380
1219,1220
1219,1380
1219,1381
1220,1221
1220,1381
1220,1382
1221,1222
1221,1382
1221,1383
1222,1223
1222,1383
1222,1384
1223,1224
1223,1384
1223,1385
1224,1225
1224,1385
1224,1386
1225,1226
1225,1386
1225,1387
1226,1227
1226,1387
1226,1388
1227,1228
1227,1388
1227,1389
1228,1229
1228,1389
1228,1390
1229,1230
1229,1390
1229,1391
1230,1231
1230,1391
1230,1392
1231,1232
1231,1392
1231,1393
1232,1233
1232,1393
1232,1394
1233,1234
1233,1394
1233,1395
1234,1235
1234,1395
1234,1396
1235,1236
1235,1396
1235,1397
1236,1237
1236,1397
1236,1398
1237,1238
1237,1398
1237,1399
1238,1239
1238,1399
1238,1400
1239,1240
1239,1400
1239,1401
1240,1241
1240,1401
1240,1402
1241,1242
1241,1402
1241,1403
1242,1243
1242,1403
1242,1404
1243,1244
1243,1404
1243,1405
1244,1245
1244,1405
1244,1406
1245,1246
1245,1406
1245,1407
1246,1247
1246,1407
1246,1408
1247,1248
1247,1408
1247,1409
1248,1249
1248,1409
1248,1410
1249,1250
1249,1410
1249,1411
1250,1251
1250,1411
1250,1412
1251,1252
1251,1412
1251,1413
1252,1253
1252,1413
1252,1414
1253,1254
1253,1414
1253,1415
1254,1255
1254,1415
1254,1416
1255,1256
1255,1416
1255,1417
1256,1257
1256,1417
1256,1418
1257,1258
1257,1418
1257,1419
1258,1259
1258,1419
1258,1420
1259,1260
1259,1420
1259,1421
1260,1261
1260,1421
1260,1422
1261,1262
1261,1422
1261,1423
1262,1263
1262,1423
1262,1424
1263,1264
1263,1424
1263,1425
1264,1265
1264,1425
1264,1426
1265,1266
1265,1426
1265,1427
1266,1267
1266,1427
1266,1428
1267,1268
1267,1428
1267,1429
1268,1269
1268,1429
1268,1430
1269,1270
1269,1430
1269,1431
1270,1271
1270,1431
1270,1432
1271,1272
1271,1432
1271,1433
1272,1273
1272,1433
1272,1434
1273,1274
1273,1434
1273,1435
1274,1275
1274,1435
1274,1436
1275,1276
1275,1436
1275,1437
1276,1277
1276,1437
1276,1438
1277,1278
1277,1438
1277,1439
1278,1279
1278,1439
1278,1440
1279,1280
1279,1440
1279,1441
1280,1281
1280,1441
1280,1442
1281,1282
1281,1442
1281,1443
1282,1283
1282,1443
1282,1444
1283,1284
1283,1444
1283,1445
1284,1285
1284,1445
1284,1446
1285,1286
1285,1446
1285,1447
1286,1287
1286,1447
1286,1448
1287,1448
1288,1289
1288,1449
1288,1450
1289,1290
1289,1450
1289,1451
1290,1291
1290,1451
1290,1452
1291,1292
1291,1452
1291,1453
1292,1293
1292,1453
1292,1454
1293,1294
1293,1454
1293,1455
1294,1295
1294,1455
1294,1456
1295,1296
1295,1456
1295,1457
1296,1297
1296,1457
1296,1458
1297,1298
1297,1458
1297,1459
1298,1299
1298,1459
1298,1460
1299,1300
1299,1460
1299,1461
1300,1301
1300,1461
1300,1462
1301,1302
1301,1462
1301,1463
1302,1303
1302,1463
1302,1464
1303,1304
1303,1464
1303,1465
1304,1305
1304,1465
1304,1466
1305,1306
1305,1466
1305,1467
1306,1307
1306,1467
1306,1468
1307,1308
1307,1468
1307,1469
1308,1309
1308,1469
1308,1470
1309,1310
1309,1470
1309,1471
1310,1311
1310,1471
1310,1472
1311,1312
1311,1472
1311,1473
1312,1313
1312,1473
1312,1474
1313,1314
1313,1474
1313,1475
1314,1315
1314,1475
1314,1476
1315,1316
1315,1476
1315,1477
1316,1317
1316,1477
1316,1478
1317,1318
1317,1478
1317,1479
1318,1319
1318,1479
1318,1480
1319,1320
1319,1480
1319,1481
1320,1321
1320,1481
1320,1482
1321,1322
1321,1482
1321,1483
1322,1323
1322,1483
1322,1484
1323,1324
1323,1484
1323,1485
1324,1325
1324,1485
1324,1486
1325,1326
1325,1486
1325,1487
1326,1327
1326,1487
1326,1488
1327,1328
1327,1488
1327,1489
1328,1329
1328,1489
1328,1490
1329,1330
1329,1490
1329,1491
1330,1331
1330,1491
1330,1492
1331,1332
1331,1492
1331,1493
1332,1333
1332,1493
1332,1494
1333,1334
1333,1494
1333,1495
1334,1335
1334,1495
1334,1496
1335,1336
1335,1496
1335,1497
1336,1337
1336,1497
1336,1498
1337,1338
1337,1498
1337,1499
1338,1339
1338,1499
1338,1500
1339,1340
1339,1500
1339,1501
1340,1341
1340,1501
1340,1502
1341,1342
1341,1502
1341,1503
1342,1343
1342,1503
1342,1504
1343,1344
1343,1504
1343,1505
1344,1345
1344,1505
1344,1506
1345,1346
1345,1506
1345,1507
1346,1347
1346,1507
1346,1508
1347,1348
1347,1508
1347,1509
1348,1349
1348,1509
1348,1510
1349,1350
1349,1510
1349,1511
1350,1351
1350,1511
1350,1512
1351,1352
1351,1512
1351,1513
1352,1353
1352,1513
1352,1514
1353,1354
1353,1514
1353,1515
1354,1355
1354,1515
1354,1516
1355,1356
1355,1516
1355,1517
1356,1357
1356,1517
1356,1518
1357,1358
1357,1518
1357,1519
1358,1359
1358,1519
1358,1520
1359,1360
1359,1520
1359,1521
1360,1361
1360,1521
1360,1522
1361,1362
1361,1522
1361,1523
1362,1363
1362,1523
1362,1524
1363,1364
1363,1524
1363,1525
1364,1365
1364,1525
1364,1526
1365,1366
1365,1526
1365,1527
1366,1367
1366,1527
1366,1528
1367,1368
1367,1528
1367,1529
1368,1369
1368,1529
1368,1530
1369,1370
1369,1530
1369,1531
1370,1371
1370,1531
1370,1532
1371,1372
1371,1532
1371,1533
1372,1373
1372,1533
1372,1534
1373,1374
1373,1534
1373,1535
1374,1375
1374,1535
1374,1536
1375,1376
1375,1536
1375,1537
1376,1377
1376,1537
1376,1538
1377,1378
1377,1538
1377,1539
1378,1379
1378,1539
1378,1540
1379,1380
1379,1540
1379,1541
1380,1381
1380,1541
1380,1542
1381,1382
1381,1542
1381,1543
1382,1383
1382,1543
1382,1544
1383,1384
1383,1544
1383,1545
1384,1385
1384,1545
1384,1546
1385,1386
1385,1546
1385,1547
1386,1387
1386,1547
1386,1548
1387,1388
1387,1548
1387,1549
1388,1389
1388,1549
1388,1550
1389,1390
1389,1550
1389,1551
1390,1391
1390,1551
1390,1552
1391,1392
1391,1552
1391,1553
1392,1393
1392,1553
1392,1554
1393,1394
1393,1554
1393,1555
1394,1395
1394,1555
1394,1556
1395,1396
1395,1556
1395,1557
1396,1397
1396,1557
1396,1558
1397,1398
1397,1558
1397,1559
1398,1399
1398,1559
1398,1560
1399,1400
1399,1560
1399,1561
1400,1401
1400,1561
1400,1562
1401,1402
1401,1562
1401,1563
1402,1403
1402,1563
1402,1564
1403,1404
1403,1564
1403,1565
1404,1405
1404,1565
1404,1566
1405,1406
1405,1566
1405,1567
1406,1407
1406,1567
1406,1568
1407,1408
1407,1568
1407,1569
1408,1409
1408,1569
1408,1570
1409,1410
1409,1570
1409,1571
1410,1411
1410,1571
1410,1572
1411,1412
1411,1572
1411,1573
1412,1413
1412,1573
1412,1574
1413,1414
1413,1574
1413,1575
1414,1415
1414,1575
1414,1576
1415,1416
1415,1576
1415,1577
1416,1417
1416,1577
1416,1578
1417,1418
1417,1578
1417,1579
1418,1419
1418,1579
1418,1580
1419,1420
1419,1580
1419,1581
1420,1421
1420,1581
1420,1582
1421,1422
1421,1582
1421,1583
1422,1423
1422,1583
1422,1584
1423,1424
1423,1584
1423,1585
1424,1425
1424,1585
1424,1586
1425,1426
1425,1586
1425,1587
1426,1427
1426,1587
1426,1588
1427,1428
1427,1588
1427,1589
1428,1429
1428,1589
1428,1590
1429,1430
1429,1590
1429,1591
1430,1431
1430,1591
1430,1592
1431,1432
1431,1592
1431,1593
1432,1433
1432,1593
1432,1594
1433,1434
1433,1594
1433,1595
1434,1435
1434,1595
1434,1596
1435,1436
1435,1596
1435,1597
1436,1437
1436,1597
1436,1598
1437,1438
1437,1598
1437,1599
1438,1439
1438,1599
1438,1600
1439,1440
1439,1600
1439,1601
1440,1441
1440,1601
1440,1602
1441,1442
1441,1602
1441,1603
1442,1443
1442,1603
1442,1604
1443,1444
1443,1604
1443,1605
1444,1445
1444,1605
1444,1606
1445,1446
1445,1606
1445,1607
1446,1447
1446,1607
1446,1608
1447,1448
1447,1608
1447,1609
1448,1609
1449,1450
1449,1610
1449,1611
1450,1451
1450,1611
1450,1612
1451,1452
1451,1612
1451,1613
1452,1453
1452,1613
1452,1614
1453,1454
1453,1614
1453,1615
1454,1455
1454,1615
1454,1616
1455,1456
1455,1616
1455,1617
1456,1457
1456,1617
1456,1618
1457,1458
1457,1618
1457,1619
1458,1459
1458,1619
1458,1620
1459,1460
1459,1620
1459,1621
1460,1461
1460,1621
1460,1622
1461,1462
1461,1622
1461,1623
1462,1463
1462,1623
1462,1624
1463,1464
1463,1624
1463,1625
1464,1465
1464,1625
1464,1626
1465,1466
1465,1626
1465,1627
1466,1467
1466,1627
1466,1628
1467,1468
1467,1628
1467,1629
1468,1469
1468,1629
1468,1630
1469,1470
1469,1630
1469,1631
1470,1471
1470,1631
1470,1632
1471,1472
1471,1632
1471,1633
1472,1473
1472,1633
1472,1634
1473,1474
1473,1634
1473,1635
1474,1475
1474,1635
1474,1636
1475,1476
1475,1636
1475,1637
1476,1477
1476,1637
1476,1638
1477,1478
1477,1638
1477,1639
1478,1479
1478,1639
1478,1640
1479,1480
1479,1640
1479,1641
1480,1481
1480,1641
1480,1642
1481,1482
1481,1642
1481,1643
1482,1483
1482,1643
1482,1644
1483,1484
1483,1644
1483,1645
1484,1485
1484,1645
1484,1646
1485,1486
1485,1646
1485,1647
1486,1487
1486,1647
1486,1648
1487,1488
1487,1648
1487,1649
1488,1489
1488,1649
1488,1650
1489,1490
1489,1650
1489,1651
1490,1491
1490,1651
1490,1652
1491,1492
1491,1652
1491,1653
1492,1493
1492,1653
1492,1654
1493,1494
1493,1654
1493,1655
1494,1495
1494,1655
1494,1656
1495,1496
1495,1656
1495,1657
1496,1497
1496,1657
1496,1658
1497,1498
1497,1658
1497,1659
1498,1499
1498,1659
1498,1660
1499,1500
1499,1660
1499,1661
1500,1501
1500,1661
1500,1662
1501,1502
1501,1662
1501,1663
1502,1503
1502,1663
1502,1664
1503,1504
1503,1664
1503,1665
1504,1505
1504,1665
1504,1666
1505,1506
1505,1666
1505,1667
1506,1507
1506,1667
1506,1668
1507,1508
1507,1668
1507,1669
1508,1509
1508,1669
1508,1670
1509,1510
1509,1670
1509,1671
1510,1511
1510,1671
1510,1672
1511,1512
1511,1672
1511,1673
1512,1513
1512,1673
1512,1674
1513,1514
1513,1674
1513,1675
1514,1515
1514,1675
1514,1676
1515,1516
1515,1676
1515,1677
1516,1517
1516,1677
1516,1678
1517,1518
1517,1678
1517,1679
1518,1519
1518,1679
1518,1680
1519,1520
1519,1680
1519,1681
1520,1521
1520,1681
1520,1682
1521,1522
1521,1682
1521,1683
1522,1523
1522,1683
1522,1684
1523,1524
1523,1684
1523,1685
1524,1525
1524,1685
1524,1686
1525,1526
1525,1686
1525,1687
1526,1527
1526,1687
1526,1688
1527,1528
1527,1688
1527,1689
1528,1529
1528,1689
1528,1690
1529,1530
1529,1690
1529,1691
1530,1531
1530,1691
1530,1692
1531,1532
1531,1692
1531,1693
1532,1533
1532,1693
1532,1694
1533,1534
1533,1694
1533,1695
1534,1535
1534,1695
1534,1696
1535,1536
1535,1696
1535,1697
1536,1537
1536,1697
1536,1698
1537,1538
1537,1698
1537,1699
1538,1539
1538,1699
1538,1700
1539,1540
1539,1700
1539,1701
1540,1541
1540,1701
1540,1702
1541,1542
1541,1702
1541,1703
1542,1543
1542,1703
1542,1704
1543,1544
1543,1704
1543,1705
1544,1545
1544,1705
1544,1706
1545,1546
1545,1706
1545,1707
1546,1547
1546,1707
1546,1708
1547,1548
1547,1708
1547,1709
1548,1549
1548,1709
1548,1710
1549,1550
1549,1710
1549,1711
1550,1551
1550,1711
1550,1712
1551,1552
1551,1712
1551,1713
1552,1553
1552,1713
1552,1714
1553,1554
1553,1714
1553,1715
1554,1555
1554,1715
1554,1716
1555,1556
1555,1716
1555,1717
1556,1557
1556,1717
1556,1718
1557,1558
1557,1718
1557,1719
1558,1559
1558,1719
1558,1720
1559,1560
1559,1720
1559,1721
1560,1561
1560,1721
1560,1722
1561,1562
1561,1722
1561,1723
1562,1563
1562,1723
1562,1724
1563,1564
1563,1724
1563,1725
1564,1565
1564,1725
1564,1726
1565,1566
1565,1726
1565,1727
1566,1567
1566,1727
1566,1728
1567,1568
1567,1728
1567,1729
1568,1569
1568,1729
1568,1730
1569,1570
1569,1730
1569,1731
1570,1571
1570,1731
1570,1732
1571,1572
1571,1732
1571,1733
1572,1573
1572,1733
1572,1734
1573,1574
1573,1734
1573,1735
1574,1575
1574,1735
1574,1736
1575,1576
1575,1736
1575,1737
1576,1577
1576,1737
1576,1738
1577,1578
1577,1738
1577,1739
1578,1579
1578,1739
1578,1740
1579,1580
1579,1740
1579,1741
1580,1581
1580,1741
1580,1742
1581,1582
1581,1742
1581,1743
1582,1583
1582,1743
1582,1744
1583,1584
1583,1744
1583,1745
1584,1585
1584,1745
1584,1746
1585,1586
1585,1746
1585,1747
1586,1587
1586,1747
1586,1748
1587,1588
1587,1748
1587,1749
1588,1589
1588,1749
1588,1750
1589,1590
1589,1750
1589,1751
1590,1591
1590,1751
1590,1752
1591,1592
1591,1752
1591,1753
1592,1593
1592,1753
1592,1754
1593,1594
1593,1754
1593,1755
1594,1595
1594,1755
1594,1756
1595,1596
1595,1756
1595,1757
1596,1597
1596,1757
1596,1758
1597,1598
1597,1758
1597,1759
1598,1599
1598,1759
1598,1760
1599,1600
1599,1760
1599,1761
1600,1601
1600,1761
1600,1762
1601,1602
1601,1762
1601,1763
1602,1603
1602,1763
1602,1764
1603,1604
1603,1764
1603,1765
1604,1605
1604,1765
1604,1766
1605,1606
1605,1766
1605,1767
1606,1607
1606,1767
1606,1768
1607,1608
1607,1768
1607,1769
1608,1609
1608,1769
1608,1770
1609,1770
1610,1611
1610,1771
1610,1772
1611,1612
1611,1772
1611,1773
1612,1613
1612,1773
1612,1774
1613,1614
1613,1774
1613,1775
1614,1615
1614,1775
1614,1776
1615,1616
1615,1776
1615,1777
1616,1617
1616,1777
1616,1778
1617,1618
1617,1778
1617,1779
1618,1619
1618,1779
1618,1780
1619,1620
1619,1780
1619,1781
1620,1621
1620,1781
1620,1782
1621,1622
1621,1782
1621,1783
1622,1623
1622,1783
1622,1784
1623,1624
1623,1784
1623,1785
1624,1625
1624,1785
1624,1786
1625,1626
1625,1786
1625,1787
1626,1627
1626,1787
1626,1788
1627,1628
1627,1788
1627,1789
1628,1629
1628,1789
1628,1790
1629,1630
1629,1790
1629,1791
1630,1631
1630,1791
1630,1792
1631,1632
1631,1792
1631,1793
1632,1633
1632,1793
1632,1794
1633,1634
1633,1794
1633,1795
1634,1635
1634,1795
1634,1796
1635,1636
1635,1796
1635,1797
1636,1637
1636,1797
1636,1798
1637,1638
1637,1798
1637,1799
1638,1639
1638,1799
1638,1800
1639,1640
1639,1800
1639,1801
1640,1641
1640,1801
1640,1802
1641,1642
1641,1802
1641,1803
1642,1643
1642,1803
1642,1804
1643,1644
1643,1804
1643,1805
1644,1645
1644,1805
1644,1806
1645,1646
1645,1806
1645,1807
1646,1647
1646,1807
1646,1808
1647,1648
1647,1808
1647,1809
1648,1649
1648,1809
1648,1810
1649,1650
1649,1810
1649,1811
1650,1651
1650,1811
1650,1812
1651,1652
1651,1812
1651,1813
1652,1653
1652,1813
1652,1814
1653,1654
1653,1814
1653,1815
1654,1655
1654,1815
1654,1816
1655,1656
1655,1816
1655,1817
1656,1657
1656,1817
1656,1818
1657,1658
1657,1818
1657,1819
1658,1659
1658,1819
1658,1820
1659,1660
1659,1820
1659,1821
1660,1661
1660,1821
1660,1822
1661,1662
1661,1822
1661,1823
1662,1663
1662,1823
1662,1824
1663,1664
1663,1824
1663,1825
1664,1665
1664,1825
1664,1826
1665,1666
1665,1826
1665,1827
1666,1667
1666,1827
1666,1828
1667,1668
1667,1828
1667,1829
1668,1669
1668,1829
1668,1830
1669,1670
1669,1830
1669,1831
1670,1671
1670,1831
1670,1832
1671,1672
1671,1832
1671,1833
1672,1673
1672,1833
1672,1834
1673,1674
1673,1834
1673,1835
1674,1675
1674,1835
1674,1836
1675,1676
1675,1836
1675,1837
1676,1677
1676,1837
1676,1838
1677,1678
1677,1838
1677,1839
1678,1679
1678,1839
1678,1840
1679,1680
1679,1840
1679,1841
1680,1681
1680,1841
1680,1842
1681,1682
1681,1842
1681,1843
1682,1683
1682,1843
1682,1844
1683,1684
1683,1844
1683,1845
1684,1685
1684,1845
1684,1846
1685,1686
1685,1846
1685,1847
1686,1687
1686,1847
1686,1848
1687,1688
1687,1848
1687,1849
1688,1689
1688,1849
1688,1850
1689,1690
1689,1850
1689,1851
1690,1691
1690,1851
1690,1852
1691,1692
1691,1852
1691,1853
1692,1693
1692,1853
1692,1854
1693,1694
1693,1854
1693,1855
1694,1695
1694,1855
1694,1856
1695,1696
1695,1856
1695,1857
1696,1697
1696,1857
1696,1858
1697,1698
1697,1858
1697,1859
1698,1699
1698,1859
1698,1860
1699,1700
1699,1860
1699,1861
1700,1701
1700,1861
1700,1862
1701,1702
1701,1862
1701,1863
1702,1703
1702,1863
1702,1864
1703,1704
1703,1864
1703,1865
1704,1705
1704,1865
1704,1866
1705,1706
1705,1866
1705,1867
1706,1707
1706,1867
1706,1868
1707,1708
1707,1868
1707,1869
1708,1709
1708,1869
1708,1870
1709,1710
1709,1870
1709,1871
1710,1711
1710,1871
1710,1872
1711,1712
1711,1872
1711,1873
1712,1713
1712,1873
1712,1874
1713,1714
1713,1874
1713,1875
1714,1715
1714,1875
1714,1876
1715,1716
1715,1876
1715,1877
1716,1717
1716,1877
1716,1878
1717,1718
1717,1878
1717,1879
1718,1719
1718,1879
1718,1880
1719,1720
1719,1880
1719,1881
1720,1721
1720,1881
1720,1882
1721,1722
1721,1882
1721,1883
1722,1723
1722,1883
1722,1884
1723,1724
1723,1884
1723,1885
1724,1725
1724,1885
1724,1886
1725,1726
1725,1886
1725,1887
1726,1727
1726,1887
1726,1888
1727,1728
1727,1888
1727,1889
1728,1729
1728,1889
1728,1890
1729,1730
1729,1890
1729,1891
1730,1731
1730,1891
1730,1892
1731,1732
1731,1892
1731,1893
1732,1733
1732,1893
1732,1894
1733,1734
1733,1894
1733,1895
1734,1735
1734,1895
1734,1896
1735,1736
1735,1896
1735,1897
1736,1737
1736,1897
1736,1898
1737,1738
1737,1898
1737,1899
1738,1739
1738,1899
1738,1900
1739,1740
1739,1900
1739,1901
1740,1741
1740,1901
1740,1902
1741,1742
1741,1902
1741,1903
1742,1743
1742,1903
1742,1904
1743,1744
1743,1904
1743,1905
1744,1745
1744,1905
1744,1906
1745,1746
1745,1906
1745,1907
1746,1747
1746,1907
1746,1908
1747,1748
1747,1908
1747,1909
1748,1749
1748,1909
1748,1910
1749,1750
1749,1910
1749,1911
1750,1751
1750,1911
1750,1912
1751,1752
1751,1912
1751,1913
1752,1753
1752,1913
1752,1914
1753,1754
1753,1914
1753,1915
1754,1755
1754,1915
1754,1916
1755,1756
1755,1916
1755,1917
1756,1757
1756,1917
1756,1918
1757,1758
1757,1918
1757,1919
1758,1759
1758,1919
1758,1920
1759,1760
1759,1920
1759,1921
1760,1761
1760,1921
1760,1922
1761,1762
1761,1922
1761,1923
1762,1763
1762,1923
1762,1924
1763,1764
1763,1924
1763,1925
1764,1765
1764,1925
1764,1926
1765,1766
1765,1926
1765,1927
1766,1767
1766,1927
1766,1928
1767,1768
1767,1928
1767,1929
1768,1769
1768,1929
1768,1930
1769,1770
1769,1930
1769,1931
1770,1931
1771,1772
1771,1932
1771,1933
1772,1773
1772,1933
1772,1934
1773,1774
1773,1934
1773,1935
1774,1775
1774,1935
1774,1936
1775,1776
1775,1936
1775,1937
1776,1777
1776,1937
1776,1938
1777,1778
1777,1938
1777,1939
1778,1779
1778,1939
1778,1940
1779,1780
1779,1940
1779,1941
1780,1781
1780,1941
1780,1942
1781,1782
1781,1942
1781,1943
1782,1783
1782,1943
1782,1944
1783,1784
1783,1944
1783,1945
1784,1785
1784,1945
1784,1946
1785,1786
1785,1946
1785,1947
1786,1787
1786,1947
1786,1948
1787,1788
1787,1948
1787,1949
1788,1789
1788,1949
1788,1950
1789,1790
1789,1950
1789,1951
1790,1791
1790,1951
1790,1952
1791,1792
1791,1952
1791,1953
1792,1793
1792,1953
1792,1954
1793,1794
1793,1954
1793,1955
1794,1795
1794,1955
1794,1956
1795,1796
1795,1956
1795,1957
1796,1797
1796,1957
1796,1958
1797,1798
1797,1958
1797,1959
1798,1799
1798,1959
1798,1960
1799,1800
1799,1960
1799,1961
1800,1801
1800,1961
1800,1962
1801,1802
1801,1962
1801,1963
1802,1803
1802,1963
1802,1964
1803,1804
1803,1964
1803,1965
1804,1805
1804,1965
1804,1966
1805,1806
1805,1966
1805,1967
1806,1807
1806,1967
1806,1968
1807,1808
1807,1968
1807,1969
1808,1809
1808,1969
1808,1970
1809,1810
1809,1970
1809,1971
1810,1811
1810,1971
1810,1972
1811,1812
1811,1972
1811,1973
1812,1813
1812,1973
1812,1974
1813,1814
1813,1974
1813,1975
1814,1815
1814,1975
1814,1976
1815,1816
1815,1976
1815,1977
1816,1817
1816,1977
1816,1978
1817,1818
1817,1978
1817,1979
1818,1819
1818,1979
1818,1980
1819,1820
1819,1980
1819,1981
1820,1821
1820,1981
1820,1982
1821,1822
1821,1982
1821,1983
1822,1823
1822,1983
1822,1984
1823,1824
1823,1984
1823,1985
1824,1825
1824,1985
1824,1986
1825,1826
1825,1986
1825,1987
1826,1827
1826,1987
1826,1988
1827,1828
1827,1988
1827,1989
1828,1829
1828,1989
1828,1990
1829,1830
1829,1990
1829,1991
1830,1831
1830,1991
1830,1992
1831,1832
1831,1992
1831,1993
1832,1833
1832,1993
1832,1994
1833,1834
1833,1994
1833,1995
1834,1835
1834,1995
1834,1996
1835,1836
1835,1996
1835,1997
1836,1837
1836,1997
1836,1998
1837,1838
1837,1998
1837,1999
1838,1839
1838,1999
1838,2000
1839,1840
1839,2000
1839,2001
1840,1841
1840,2001
1840,2002
1841,1842
1841,2002
1841,2003
1842,1843
1842,2003
1842,2004
1843,1844
1843,2004
1843,2005
1844,1845
1844,2005
1844,2006
1845,1846
1845,2006
1845,2007
1846,1847
1846,2007
1846,2008
1847,1848
1847,2008
1847,2009
1848,1849
1848,2009
1848,2010
1849,1850
1849,2010
1849,2011
1850,1851
1850,2011
1850,2012
1851,1852
1851,2012
1851,2013
1852,1853
1852,2013
1852,2014
1853,1854
1853,2014
1853,2015
1854,1855
1854,2015
1854,2016
1855,1856
1855,2016
1855,2017
1856,1857
1856,2017
1856,2018
1857,1858
1857,2018
1857,2019
1858,1859
1858,2019
1858,2020
1859,1860
1859,2020
1859,2021
1860,1861
1860,2021
1860,2022
1861,1862
1861,2022
1861,2023
1862,1863
1862,2023
1862,2024
1863,1864
1863,2024
1863,2025
1864,1865
1864,2025
1864,2026
1865,1866
1865,2026
1865,2027
1866,1867
1866,2027
1866,2028
1867,1868
1867,2028
1867,2029
1868,1869
1868,2029
1868,2030
1869,1870
1869,2030
1869,2031
1870,1871
1870,2031
1870,2032
1871,1872
1871,2032
1871,2033
1872,1873
1872,2033
1872,2034
1873,1874
1873,2034
1873,2035
1874,1875
1874,2035
1874,2036
1875,1876
1875,2036
1875,2037
1876,1877
1876,2037
1876,2038
1877,1878
1877,2038
1877,2039
1878,1879
1878,2039
1878,2040
1879,1880
1879,2040
1879,2041
1880,1881
1880,2041
1880,2042
1881,1882
1881,2042
1881,2043
1882,1883
1882,2043
1882,2044
1883,1884
1883,2044
1883,2045
1884,1885
1884,2045
1884,2046
1885,1886
1885,2046
1885,2047
1886,1887
1886,2047
1886,2048
1887,1888
1887,2048
1887,2049
1888,1889
1888,2049
1888,2050
1889,1890
1889,2050
1889,2051
1890,1891
1890,2051
1890,2052
1891,1892
1891,2052
1891,2053
1892,1893
1892,2053
1892,2054
1893,1894
1893,2054
1893,2055
1894,1895
1894,2055
1894,2056
1895,1896
1895,2056
1895,2057
1896,1897
1896,2057
1896,2058
1897,1898
1897,2058
1897,2059
1898,1899
1898,2059
1898,2060
1899,1900
1899,2060
1899,2061
1900,1901
1900,2061
1900,2062
1901,1902
1901,2062
1901,2063
1902,1903
1902,2063
1902,2064
1903,1904
1903,2064
1903,2065
1904,1905
1904,2065
1904,2066
1905,1906
1905,2066
1905,2067
1906,1907
1906,2067
1906,2068
1907,1908
1907,2068
1907,2069
1908,1909
1908,2069
1908,2070
1909,1910
1909,2070
1909,2071
1910,1911
1910,2071
1910,2072
1911,1912
1911,2072
1911,2073
1912,1913
1912,2073
1912,2074
1913,1914
1913,2074
1913,2075
1914,1915
1914,2075
1914,2076
1915,1916
1915,2076
1915,2077
1916,1917
1916,2077
1916,2078
1917,1918
1917,2078
1917,2079
1918,1919
1918,2079
1918,2080
1919,1920
1919,2080
1919,2081
1920,1921
1920,2081
1920,2082
1921,1922
1921,2082
1921,2083
1922,1923
1922,2083
1922,2084
1923,1924
1923,2084
1923,2085
1924,1925
1924,2085
1924,2086
1925,1926
1925,2086
1925,2087
1926,1927
1926,2087
1926,2088
1927,1928
1927,2088
1927,2089
1928,1929
1928,2089
1928,2090
1929,1930
1929,2090
1929,2091
1930,1931
1930,2091
1930,2092
1931,2092
1932,1933
1932,2093
1932,2094
1933,1934
1933,2094
1933,2095
1934,1935
1934,2095
1934,2096
1935,1936
1935,2096
1935,2097
1936,1937
1936,2097
1936,2098
1937,1938
1937,2098
1937,2099
1938,1939
1938,2099
1938,2100
1939,1940
1939,2100
1939,2101
1940,1941
1940,2101
1940,2102
1941,1942
1941,2102
1941,2103
1942,1943
1942,2103
1942,2104
1943,1944
1943,2104
1943,2105
1944,1945
1944,2105
1944,2106
1945,1946
1945,2106
1945,2107
1946,1947
1946,2107
1946,2108
1947,1948
1947,2108
1947,2109
1948,1949
1948,2109
1948,2110
1949,1950
1949,2110
1949,2111
1950,1951
1950,2111
1950,2112
1951,1952
1951,2112
1951,2113
1952,1953
1952,2113
1952,2114
1953,1954
1953,2114
1953,2115
1954,1955
1954,2115
1954,2116
1955,1956
1955,2116
1955,2117
1956,1957
1956,2117
1956,2118
1957,1958
1957,2118
1957,2119
1958,1959
1958,2119
1958,2120
1959,1960
1959,2120
1959,2121
1960,1961
1960,2121
1960,2122
1961,1962
1961,2122
1961,2123
1962,1963
1962,2123
1962,2124
1963,1964
1963,2124
1963,2125
1964,1965
1964,2125
1964,2126
1965,1966
1965,2126
1965,2127
1966,1967
1966,2127
1966,2128
1967,1968
1967,2128
1967,2129
1968,1969
1968,2129
1968,2130
1969,1970
1969,2130
1969,2131
1970,1971
1970,2131
1970,2132
1971,1972
1971,2132
1971,2133
1972,1973
1972,2133
1972,2134
1973,1974
1973,2134
1973,2135
1974,1975
1974,2135
1974,2136
1975,1976
1975,2136
1975,2137
1976,1977
1976,2137
1976,2138
1977,1978
1977,2138
1977,2139
1978,1979
1978,2139
1978,2140
1979,1980
1979,2140
1979,2141
1980,1981
1980,2141
1980,2142
1981,1982
1981,2142
1981,2143
1982,1983
1982,2143
1982,2144
1983,1984
1983,2144
1983,2145
1984,1985
1984,2145
1984,2146
1985,1986
1985,2146
1985,2147
1986,1987
1986,2147
1986,2148
1987,1988
1987,2148
1987,2149
1988,1989
1988,2149
1988,2150
1989,1990
1989,2150
1989,2151
1990,1991
1990,2151
1990,2152
1991,1992
1991,2152
1991,2153
1992,1993
1992,2153
1992,2154
1993,1994
1993,2154
1993,2155
1994,1995
1994,2155
1994,2156
1995,1996
1995,2156
1995,2157
1996,1997
1996,2157
1996,2158
1997,1998
1997,2158
1997,2159
1998,1999
1998,2159
1998,2160
1999,2000
1999,2160
1999,2161
2000,2001
2000,2161
2000,2162
2001,2002
2001,2162
2001,2163
2002,2003
2002,2163
2002,2164
2003,2004
2003,2164
2003,2165
2004,2005
2004,2165
2004,2166
2005,2006
2005,2166
2005,2167
2006,2007
2006,2167
2006,2168
2007,2008
2007,2168
2007,2169
2008,2009
2008,2169
2008,2170
2009,2010
2009,2170
2009,2171
2010,2011
2010,2171
2010,2172
2011,2012
2011,2172
2011,2173
2012,2013
2012,2173
2012,2174
2013,2014
2013,2174
2013,2175
2014,2015
2014,2175
2014,2176
2015,2016
2015,2176
2015,2177
2016,2017
2016,2177
2016,2178
2017,2018
2017,2178
2017,2179
2018,2019
2018,2179
2018,2180
2019,2020
2019,2180
2019,2181
2020,2021
2020,2181
2020,2182
2021,2022
2021,2182
2021,2183
2022,2023
2022,2183
2022,2184
2023,2024
2023,2184
2023,2185
2024,2025
2024,2185
2024,2186
2025,2026
2025,2186
2025,2187
2026,2027
2026,2187
2026,2188
2027,2028
2027,2188
2027,2189
2028,2029
2028,2189
2028,2190
2029,2030
2029,2190
2029,2191
2030,2031
2030,2191
2030,2192
2031,2032
2031,2192
2031,2193
2032,2033
2032,2193
2032,2194
2033,2034
2033,2194
2033,2195
2034,2035
2034,2195
2034,2196
2035,2036
2035,2196
2035,2197
2036,2037
2036,2197
2036,2198
2037,2038
2037,2198
2037,2199
2038,2039
2038,2199
2038,2200
2039,2040
2039,2200
2039,2201
2040,2041
2040,2201
2040,2202
2041,2042
2041,2202
2041,2203
2042,2043
2042,2203
2042,2204
2043,2044
2043,2204
2043,2205
2044,2045
2044,2205
2044,2206
2045,2046
2045,2206
2045,2207
2046,2047
2046,2207
2046,2208
2047,2048
2047,2208
2047,2209
2048,2049
2048,2209
2048,2210
2049,2050
2049,2210
2049,2211
2050,2051
2050,2211
2050,2212
2051,2052
2051,2212
2051,2213
2052,2053
2052,2213
2052,2214
2053,2054
2053,2214
2053,2215
2054,2055
2054,2215
2054,2216
2055,2056
2055,2216
2055,2217
2056,2057
2056,2217
2056,2218
2057,2058
2057,2218
2057,2219
2058,2059
2058,2219
2058,2220
2059,2060
2059,2220
2059,2221
2060,2061
2060,2221
2060,2222
2061,2062
2061,2222
2061,2223
2062,2063
2062,2223
2062,2224
2063,2064
2063,2224
2063,2225
2064,2065
2064,2225
2064,2226
2065,2066
2065,2226
2065,2227
2066,2067
2066,2227
2066,2228
2067,2068
2067,2228
2067,2229
2068,2069
2068,2229
2068,2230
2069,2070
2069,2230
2069,2231
2070,2071
2070,2231
2070,2232
2071,2072
2071,2232
2071,2233
2072,2073
2072,2233
2072,2234
2073,2074
2073,2234
2073,2235
2074,2075
2074,2235
2074,2236
2075,2076
2075,2236
2075,2237
2076,2077
2076,2237
2076,2238
2077,2078
2077,2238
2077,2239
2078,2079
2078,2239
2078,2240
2079,2080
2079,2240
2079,2241
2080,2081
2080,2241
2080,2242
2081,2082
2081,2242
2081,2243
2082,2083
2082,2243
2082,2244
2083,2084
2083,2244
2083,2245
2084,2085
2084,2245
2084,2246
2085,2086
2085,2246
2085,2247
2086,2087
2086,2247
2086,2248
2087,2088
2087,2248
2087,2249
2088,2089
2088,2249
2088,2250
2089,2090
2089,2250
2089,2251
2090,2091
2090,2251
2090,2252
2091,2092
2091,2252
2091,2253
2092,2253
2093,2094
2093,2254
2093,2255
2094,2095
2094,2255
2094,2256
2095,2096
2095,2256
2095,2257
2096,2097
2096,2257
2096,2258
2097,2098
2097,2258
2097,2259
2098,2099
2098,2259
2098,2260
2099,2100
2099,2260
2099,2261
2100,2101
2100,2261
2100,2262
2101,2102
2101,2262
2101,2263
2102,2103
2102,2263
2102,2264
2103,2104
2103,2264
2103,2265
2104,2105
2104,2265
2104,2266
2105,2106
2105,2266
2105,2267
2106,2107
2106,2267
2106,2268
2107,2108
2107,2268
2107,2269
2108,2109
2108,2269
2108,2270
2109,2110
2109,2270
2109,2271
2110,2111
2110,2271
2110,2272
2111,2112
2111,2272
2111,2273
2112,2113
2112,2273
2112,2274
2113,2114
2113,2274
2113,2275
2114,2115
2114,2275
2114,2276
2115,2116
2115,2276
2115,2277
2116,2117
2116,2277
2116,2278
2117,2118
2117,2278
2117,2279
2118,2119
2118,2279
2118,2280
2119,2120
2119,2280
2119,2281
2120,2121
2120,2281
2120,2282
2121,2122
2121,2282
2121,2283
2122,2123
2122,2283
2122,2284
2123,2124
2123,2284
2123,2285
2124,2125
2124,2285
2124,2286
2125,2126
2125,2286
2125,2287
2126,2127
2126,2287
2126,2288
2127,2128
2127,2288
2127,2289
2128,2129
2128,2289
2128,2290
2129,2130
2129,2290
2129,2291
2130,2131
2130,2291
2130,2292
2131,2132
2131,2292
2131,2293
2132,2133
2132,2293
2132,2294
2133,2134
2133,2294
2133,2295
2134,2135
2134,2295
2134,2296
2135,2136
2135,2296
2135,2297
2136,2137
2136,2297
2136,2298
2137,2138
2137,2298
2137,2299
2138,2139
2138,2299
2138,2300
2139,2140
2139,2300
2139,2301
2140,2141
2140,2301
2140,2302
2141,2142
2141,2302
2141,2303
2142,2143
2142,2303
2142,2304
2143,2144
2143,2304
2143,2305
2144,2145
2144,2305
2144,2306
2145,2146
2145,2306
2145,2307
2146,2147
2146,2307
2146,2308
2147,2148
2147,2308
2147,2309
2148,2149
2148,2309
2148,2310
2149,2150
2149,2310
2149,2311
2150,2151
2150,2311
2150,2312
2151,2152
2151,2312
2151,2313
2152,2153
2152,2313
2152,2314
2153,2154
2153,2314
2153,2315
2154,2155
2154,2315
2154,2316
2155,2156
2155,2316
2155,2317
2156,2157
2156,2317
2156,2318
2157,2158
2157,2318
2157,2319
2158,2159
2158,2319
2158,2320
2159,2160
2159,2320
2159,2321
2160,2161
2160,2321
2160,2322
2161,2162
2161,2322
2161,2323
2162,2163
2162,2323
2162,2324
2163,2164
2163,2324
2163,2325
2164,2165
2164,2325
2164,2326
2165,2166
2165,2326
2165,2327
2166,2167
2166,2327
2166,2328
2167,2168
2167,2328
2167,2329
2168,2169
2168,2329
2168,2330
2169,2170
2169,2330
2169,2331
2170,2171
2170,2331
2170,2332
2171,2172
2171,2332
2171,2333
2172,2173
2172,2333
2172,2334
2173,2174
2173,2334
2173,2335
2174,2175
2174,2335
2174,2336
2175,2176
2175,2336
2175,2337
2176,2177
2176,2337
2176,2338
2177,2178
2177,2338
2177,2339
2178,2179
2178,2339
2178,2340
2179,2180
2179,2340
2179,2341
2180,2181
2180,2341
2180,2342
2181,2182
2181,2342
2181,2343
2182,2183
2182,2343
2182,2344
2183,2184
2183,2344
2183,2345
2184,2185
2184,2345
2184,2346
2185,2186
2185,2346
2185,2347
2186,2187
2186,2347
2186,2348
2187,2188
2187,2348
2187,2349
2188,2189
2188,2349
2188,2350
2189,2190
2189,2350
2189,2351
2190,2191
2190,2351
2190,2352
2191,2192
2191,2352
2191,2353
2192,2193
2192,2353
2192,2354
2193,2194
2193,2354
2193,2355
2194,2195
2194,2355
2194,2356
2195,2196
2195,2356
2195,2357
2196,2197
2196,2357
2196,2358
2197,2198
2197,2358
2197,2359
2198,2199
2198,2359
2198,2360
2199,2200
2199,2360
2199,2361
2200,2201
2200,2361
2200,2362
2201,2202
2201,2362
2201,2363
2202,2203
2202,2363
2202,2364
2203,2204
2203,2364
2203,2365
2204,2205
2204,2365
2204,2366
2205,2206
2205,2366
2205,2367
2206,2207
2206,2367
2206,2368
2207,2208
2207,2368
2207,2369
2208,2209
2208,2369
2208,2370
2209,2210
2209,2370
2209,2371
2210,2211
2210,2371
2210,2372
2211,2212
2211,2372
2211,2373
2212,2213
2212,2373
2212,2374
2213,2214
2213,2374
2213,2375
2214,2215
2214,2375
2214,2376
2215,2216
2215,2376
2215,2377
2216,2217
2216,2377
2216,2378
2217,2218
2217,2378
2217,2379
2218,2219
2218,2379
2218,2380
2219,2220
2219,2380
2219,2381
2220,2221
2220,2381
2220,2382
2221,2222
2221,2382
2221,2383
2222,2223
2222,2383
2222,2384
2223,2224
2223,2384
2223,2385
2224,2225
2224,2385
2224,2386
2225,2226
2225,2386
2225,2387
2226,2227
2226,2387
2226,2388
2227,2228
2227,2388
2227,2389
2228,2229
2228,2389
2228,2390
2229,2230
2229,2390
2229,2391
2230,2231
2230,2391
2230,2392
2231,2232
2231,2392
2231,2393
2232,2233
2232,2393
2232,2394
2233,2234
2233,2394
2233,2395
2234,2235
2234,2395
2234,2396
2235,2236
2235,2396
2235,2397
2236,2237
2236,2397
2236,2398
2237,2238
2237,2398
2237,2399
2238,2239
2238,2399
2238,2400
2239,2240
2239,2400
2239,2401
2240,2241
2240,2401
2240,2402
2241,2242
2241,2402
2241,2403
2242,2243
2242,2403
2242,2404
2243,2244
2243,2404
2243,2405
2244,2245
2244,2405
2244,2406
2245,2246
2245,2406
2245,2407
2246,2247
2246,2407
2246,2408
2247,2248
2247,2408
2247,2409
2248,2249
2248,2409
2248,2410
2249,2250
2249,2410
2249,2411
2250,2251
2250,2411
2250,2412
2251,2252
2251,2412
2251,2413
2252,2253
2252,2413
2252,2414
2253,2414
2254,2255
2254,2415
2254,2416
2255,2256
2255,2416
2255,2417
2256,2257
2256,2417
2256,2418
2257,2258
2257,2418
2257,2419
2258,2259
2258,2419
2258,2420
2259,2260
2259,2420
2259,2421
2260,2261
2260,2421
2260,2422
2261,2262
2261,2422
2261,2423
2262,2263
2262,2423
2262,2424
2263,2264
2263,2424
2263,2425
2264,2265
2264,2425
2264,2426
2265,2266
2265,2426
2265,2427
2266,2267
2266,2427
2266,2428
2267,2268
2267,2428
2267,2429
2268,2269
2268,2429
2268,2430
2269,2270
2269,2430
2269,2431
2270,2271
2270,2431
2270,2432
2271,2272
2271,2432
2271,2433
2272,2273
2272,2433
2272,2434
2273,2274
2273,2434
2273,2435
2274,2275
2274,2435
2274,2436
2275,2276
2275,2436
2275,2437
2276,2277
2276,2437
2276,2438
2277,2278
2277,2438
2277,2439
2278,2279
2278,2439
2278,2440
2279,2280
2279,2440
2279,2441
2280,2281
2280,2441
2280,2442
2281,2282
2281,2442
2281,2443
2282,2283
2282,2443
2282,2444
2283,2284
2283,2444
2283,2445
2284,2285
2284,2445
2284,2446
2285,2286
2285,2446
2285,2447
2286,2287
2286,2447
2286,2448
2287,2288
2287,2448
2287,2449
2288,2289
2288,2449
2288,2450
2289,2290
2289,2450
2289,2451
2290,2291
2290,2451
2290,2452
2291,2292
2291,2452
2291,2453
2292,2293
2292,2453
2292,2454
2293,2294
2293,2454
2293,2455
2294,2295
2294,2455
2294,2456
2295,2296
2295,2456
2295,2457
2296,2297
2296,2457
2296,2458
2297,2298
2297,2458
2297,2459
2298,2299
2298,2459
2298,2460
2299,2300
2299,2460
2299,2461
2300,2301
2300,2461
2300,2462
2301,2302
2301,2462
2301,2463
2302,2303
2302,2463
2302,2464
2303,2304
2303,2464
2303,2465
2304,2305
2304,2465
2304,2466
2305,2306
2305,2466
2305,2467
2306,2307
2306,2467
2306,2468
2307,2308
2307,2468
2307,2469
2308,2309
2308,2469
2308,2470
2309,2310
2309,2470
2309,2471
2310,2311
2310,2471
2310,2472
2311,2312
2311,2472
2311,2473
2312,2313
2312,2473
2312,2474
2313,2314
2313,2474
2313,2475
2314,2315
2314,2475
2314,2476
2315,2316
2315,2476
2315,2477
2316,2317
2316,2477
2316,2478
2317,2318
2317,2478
2317,2479
2318,2319
2318,2479
2318,2480
2319,2320
2319,2480
2319,2481
2320,2321
2320,2481
2320,2482
2321,2322
2321,2482
2321,2483
2322,2323
2322,2483
2322,2484
2323,2324
2323,2484
2323,2485
2324,2325
2324,2485
2324,2486
2325,2326
2325,2486
2325,2487
2326,2327
2326,2487
2326,2488
2327,2328
2327,2488
2327,2489
2328,2329
2328,2489
2328,2490
2329,2330
2329,2490
2329,2491
2330,2331
2330,2491
2330,2492
2331,2332
2331,2492
2331,2493
2332,2333
2332,2493
2332,2494
2333,2334
2333,2494
2333,2495
2334,2335
2334,2495
2334,2496
2335,2336
2335,2496
2335,2497
2336,2337
2336,2497
2336,2498
2337,2338
2337,2498
2337,2499
2338,2339
2338,2499
2338,2500
2339,2340
2339,2500
2339,2501
2340,2341
2340,2501
2340,2502
2341,2342
2341,2502
2341,2503
2342,2343
2342,2503
2342,2504
2343,2344
2343,2504
2343,2505
2344,2345
2344,2505
2344,2506
2345,2346
2345,2506
2345,2507
2346,2347
2346,2507
2346,2508
2347,2348
2347,2508
2347,2509
2348,2349
2348,2509
2348,2510
2349,2350
2349,2510
2349,2511
2350,2351
2350,2511
2350,2512
2351,2352
2351,2512
2351,2513
2352,2353
2352,2513
2352,2514
2353,2354
2353,2514
2353,2515
2354,2355
2354,2515
2354,2516
2355,2356
2355,2516
2355,2517
2356,2357
2356,2517
2356,2518
2357,2358
2357,2518
2357,2519
2358,2359
2358,2519
2358,2520
2359,2360
2359,2520
2359,2521
2360,2361
2360,2521
2360,2522
2361,2362
2361,2522
2361,2523
2362,2363
2362,2523
2362,2524
2363,2364
2363,2524
2363,2525
2364,2365
2364,2525
2364,2526
2365,2366
2365,2526
2365,2527
2366,2367
2366,2527
2366,2528
2367,2368
2367,2528
2367,2529
2368,2369
2368,2529
2368,2530
2369,2370
2369,2530
2369,2531
2370,2371
2370,2531
2370,2532
2371,2372
2371,2532
2371,2533
2372,2373
2372,2533
2372,2534
2373,2374
2373,2534
2373,2535
2374,2375
2374,2535
2374,2536
2375,2376
2375,2536
2375,2537
2376,2377
2376,2537
2376,2538
2377,2378
2377,2538
2377,2539
2378,2379
2378,2539
2378,2540
2379,2380
2379,2540
2379,2541
2380,2381
2380,2541
2380,2542
2381,2382
2381,2542
2381,2543
2382,2383
2382,2543
2382,2544
2383,2384
2383,2544
2383,2545
2384,2385
2384,2545
2384,2546
2385,2386
2385,2546
2385,2547
2386,2387
2386,2547
2386,2548
2387,2388
2387,2548
2387,2549
2388,2389
2388,2549
2388,2550
2389,2390
2389,2550
2389,2551
2390,2391
2390,2551
2390,2552
2391,2392
2391,2552
2391,2553
2392,2393
2392,2553
2392,2554
2393,2394
2393,2554
2393,2555
2394,2395
2394,2555
2394,2556
2395,2396
2395,2556
2395,2557
2396,2397
2396,2557
2396,2558
2397,2398
2397,2558
2397,2559
2398,2399
2398,2559
2398,2560
2399,2400
2399,2560
2399,2561
2400,2401
2400,2561
2400,2562
2401,2402
2401,2562
2401,2563
2402,2403
2402,2563
2402,2564
2403,2404
2403,2564
2403,2565
2404,2405
2404,2565
2404,2566
2405,2406
2405,2566
2405,2567
2406,2407
2406,2567
2406,2568
2407,2408
2407,2568
2407,2569
2408,2409
2408,2569
2408,2570
2409,2410
2409,2570
2409,2571
2410,2411
2410,2571
2410,2572
2411,2412
2411,2572
2411,2573
2412,2413
2412,2573
2412,2574
2413,2414
2413,2574
2413,2575
2414,2575
2415,2416
2415,2576
2415,2577
2416,2417
2416,2577
2416,2578
2417,2418
2417,2578
2417,2579
2418,2419
2418,2579
2418,2580
2419,2420
2419,2580
2419,2581
2420,2421
2420,2581
2420,2582
2421,2422
2421,2582
2421,2583
2422,2423
2422,2583
2422,2584
2423,2424
2423,2584
2423,2585
2424,2425
2424,2585
2424,2586
2425,2426
2425,2586
2425,2587
2426,2427
2426,2587
2426,2588
2427,2428
2427,2588
2427,2589
2428,2429
2428,2589
2428,2590
2429,2430
2429,2590
2429,2591
2430,2431
2430,2591
2430,2592
2431,2432
2431,2592
2431,2593
2432,2433
2432,2593
2432,2594
2433,2434
2433,2594
2433,2595
2434,2435
2434,2595
2434,2596
2435,2436
2435,2596
2435,2597
2436,2437
2436,2597
2436,2598
2437,2438
2437,2598
2437,2599
2438,2439
2438,2599
2438,2600
2439,2440
2439,2600
2439,2601
2440,2441
2440,2601
2440,2602
2441,2442
2441,2602
2441,2603
2442,2443
2442,2603
2442,2604
2443,2444
2443,2604
2443,2605
2444,2445
2444,2605
2444,2606
2445,2446
2445,2606
2445,2607
2446,2447
2446,2607
2446,2608
2447,2448
2447,2608
2447,2609
2448,2449
2448,2609
2448,2610
2449,2450
2449,2610
2449,2611
2450,2451
2450,2611
2450,2612
2451,2452
2451,2612
2451,2613
2452,2453
2452,2613
2452,2614
2453,2454
2453,2614
2453,2615
2454,2455
2454,2615
2454,2616
2455,2456
2455,2616
2455,2617
2456,2457
2456,2617
2456,2618
2457,2458
2457,2618
2457,2619
2458,2459
2458,2619
2458,2620
2459,2460
2459,2620
2459,2621
2460,2461
2460,2621
2460,2622
2461,2462
2461,2622
2461,2623
2462,2463
2462,2623
2462,2624
2463,2464
2463,2624
2463,2625
2464,2465
2464,2625
2464,2626
2465,2466
2465,2626
2465,2627
2466,2467
2466,2627
2466,2628
2467,2468
2467,2628
2467,2629
2468,2469
2468,2629
2468,2630
2469,2470
2469,2630
2469,2631
2470,2471
2470,2631
2470,2632
2471,2472
2471,2632
2471,2633
2472,2473
2472,2633
2472,2634
2473,2474
2473,2634
2473,2635
2474,2475
2474,2635
2474,2636
2475,2476
2475,2636
2475,2637
2476,2477
2476,2637
2476,2638
2477,2478
2477,2638
2477,2639
2478,2479
2478,2639
2478,2640
2479,2480
2479,2640
2479,2641
2480,2481
2480,2641
2480,2642
2481,2482
2481,2642
2481,2643
2482,2483
2482,2643
2482,2644
2483,2484
2483,2644
2483,2645
2484,2485
2484,2645
2484,2646
2485,2486
2485,2646
2485,2647
2486,2487
2486,2647
2486,2648
2487,2488
2487,2648
2487,2649
2488,2489
2488,2649
2488,2650
2489,2490
2489,2650
2489,2651
2490,2491
2490,2651
2490,2652
2491,2492
2491,2652
2491,2653
2492,2493
2492,2653
2492,2654
2493,2494
2493,2654
2493,2655
2494,2495
2494,2655
2494,2656
2495,2496
2495,2656
2495,2657
2496,2497
2496,2657
2496,2658
2497,2498
2497,2658
2497,2659
2498,2499
2498,2659
2498,2660
2499,2500
2499,2660
2499,2661
2500,2501
2500,2661
2500,2662
2501,2502
2501,2662
2501,2663
2502,2503
2502,2663
2502,2664
2503,2504
2503,2664
2503,2665
2504,2505
2504,2665
2504,2666
2505,2506
2505,2666
2505,2667
2506,2507
2506,2667
2506,2668
2507,2508
2507,2668
2507,2669
2508,2509
2508,2669
2508,2670
2509,2510
2509,2670
2509,2671
2510,2511
2510,2671
2510,2672
2511,2512
2511,2672
2511,2673
2512,2513
2512,2673
2512,2674
2513,2514
2513,2674
2513,2675
2514,2515
2514,2675
2514,2676
2515,2516
2515,2676
2515,2677
2516,2517
2516,2677
2516,2678
2517,2518
2517,2678
2517,2679
2518,2519
2518,2679
2518,2680
2519,2520
2519,2680
2519,2681
2520,2521
2520,2681
2520,2682
2521,2522
2521,2682
2521,2683
2522,2523
2522,2683
2522,2684
2523,2524
2523,2684
2523,2685
2524,2525
2524,2685
2524,2686
2525,2526
2525,2686
2525,2687
2526,2527
2526,2687
2526,2688
2527,2528
2527,2688
2527,2689
2528,2529
2528,2689
2528,2690
2529,2530
2529,2690
2529,2691
2530,2531
2530,2691
2530,2692
2531,2532
2531,2692
2531,2693
2532,2533
2532,2693
2532,2694
2533,2534
2533,2694
2533,2695
2534,2535
2534,2695
2534,2696
2535,2536
2535,2696
2535,2697
2536,2537
2536,2697
2536,2698
2537,2538
2537,2698
2537,2699
2538,2539
2538,2699
2538,2700
2539,2540
2539,2700
2539,2701
2540,2541
2540,2701
2540,2702
2541,2542
2541,2702
2541,2703
2542,2543
2542,2703
2542,2704
2543,2544
2543,2704
2543,2705
2544,2545
2544,2705
2544,2706
2545,2546
2545,2706
2545,2707
2546,2547
2546,2707
2546,2708
2547,2548
2547,2708
2547,2709
2548,2549
2548,2709
2548,2710
2549,2550
2549,2710
2549,2711
2550,2551
2550,2711
2550,2712
2551,2552
2551,2712
2551,2713
2552,2553
2552,2713
2552,2714
2553,2554
2553,2714
2553,2715
2554,2555
2554,2715
2554,2716
2555,2556
2555,2716
2555,2717
2556,2557
2556,2717
2556,2718
2557,2558
2557,2718
2557,2719
2558,2559
2558,2719
2558,2720
2559,2560
2559,2720
2559,2721
2560,2561
2560,2721
2560,2722
2561,2562
2561,2722
2561,2723
2562,2563
2562,2723
2562,2724
2563,2564
2563,2724
2563,2725
2564,2565
2564,2725
2564,2726
2565,2566
2565,2726
2565,2727
2566,2567
2566,2727
2566,2728
2567,2568
2567,2728
2567,2729
2568,2569
2568,2729
2568,2730
2569,2570
2569,2730
2569,2731
2570,2571
2570,2731
2570,2732
2571,2572
2571,2732
2571,2733
2572,2573
2572,2733
2572,2734
2573,2574
2573,2734
2573,2735
2574,2575
2574,2735
2574,2736
2575,2736
2576,2577
2576,2737
2576,2738
2577,2578
2577,2738
2577,2739
2578,2579
2578,2739
2578,2740
2579,2580
2579,2740
2579,2741
2580,2581
2580,2741
2580,2742
2581,2582
2581,2742
2581,2743
2582,2583
2582,2743
2582,2744
2583,2584
2583,2744
2583,2745
2584,2585
2584,2745
2584,2746
2585,2586
2585,2746
2585,2747
2586,2587
2586,2747
2586,2748
2587,2588
2587,2748
2587,2749
2588,2589
2588,2749
2588,2750
2589,2590
2589,2750
2589,2751
2590,2591
2590,2751
2590,2752
2591,2592
2591,2752
2591,2753
2592,2593
2592,2753
2592,2754
2593,2594
2593,2754
2593,2755
2594,2595
2594,2755
2594,2756
2595,2596
2595,2756
2595,2757
2596,2597
2596,2757
2596,2758
2597,2598
2597,2758
2597,2759
2598,2599
2598,2759
2598,2760
2599,2600
2599,2760
2599,2761
2600,2601
2600,2761
2600,2762
2601,2602
2601,2762
2601,2763
2602,2603
2602,2763
2602,2764
2603,2604
2603,2764
2603,2765
2604,2605
2604,2765
2604,2766
2605,2606
2605,2766
2605,2767
2606,2607
2606,2767
2606,2768
2607,2608
2607,2768
2607,2769
2608,2609
2608,2769
2608,2770
2609,2610
2609,2770
2609,2771
2610,2611
2610,2771
2610,2772
2611,2612
2611,2772
2611,2773
2612,2613
2612,2773
2612,2774
2613,2614
2613,2774
2613,2775
2614,2615
2614,2775
2614,2776
2615,2616
2615,2776
2615,2777
2616,2617
2616,2777
2616,2778
2617,2618
2617,2778
2617,2779
2618,2619
2618,2779
2618,2780
2619,2620
2619,2780
2619,2781
2620,2621
2620,2781
2620,2782
2621,2622
2621,2782
2621,2783
2622,2623
2622,2783
2622,2784
2623,2624
2623,2784
2623,2785
2624,2625
2624,2785
2624,2786
2625,2626
2625,2786
2625,2787
2626,2627
2626,2787
2626,2788
2627,2628
2627,2788
2627,2789
2628,2629
2628,2789
2628,2790
2629,2630
2629,2790
2629,2791
2630,2631
2630,2791
2630,2792
2631,2632
2631,2792
2631,2793
2632,2633
2632,2793
2632,2794
2633,2634
2633,2794
2633,2795
2634,2635
2634,2795
2634,2796
2635,2636
2635,2796
2635,2797
2636,2637
2636,2797
2636,2798
2637,2638
2637,2798
2637,2799
2638,2639
2638,2799
2638,2800
2639,2640
2639,2800
2639,2801
2640,2641
2640,2801
2640,2802
2641,2642
2641,2802
2641,2803
2642,2643
2642,2803
2642,2804
2643,2644
2643,2804
2643,2805
2644,2645
2644,2805
2644,2806
2645,2646
2645,2806
2645,2807
2646,2647
2646,2807
2646,2808
2647,2648
2647,2808
2647,2809
2648,2649
2648,2809
2648,2810
2649,2650
2649,2810
2649,2811
2650,2651
2650,2811
2650,2812
2651,2652
2651,2812
2651,2813
2652,2653
2652,2813
2652,2814
2653,2654
2653,2814
2653,2815
2654,2655
2654,2815
2654,2816
2655,2656
2655,2816
2655,2817
2656,2657
2656,2817
2656,2818
2657,2658
2657,2818
2657,2819
2658,2659
2658,2819
2658,2820
2659,2660
2659,2820
2659,2821
2660,2661
2660,2821
2660,2822
2661,2662
2661,2822
2661,2823
2662,2663
2662,2823
2662,2824
2663,2664
2663,2824
2663,2825
2664,2665
2664,2825
2664,2826
2665,2666
2665,2826
2665,2827
2666,2667
2666,2827
2666,2828
2667,2668
2667,2828
2667,2829
2668,2669
2668,2829
2668,2830
2669,2670
2669,2830
2669,2831
2670,2671
2670,2831
2670,2832
2671,2672
2671,2832
2671,2833
2672,2673
2672,2833
2672,2834
2673,2674
2673,2834
2673,2835
2674,2675
2674,2835
2674,2836
2675,2676
2675,2836
2675,2837
2676,2677
2676,2837
2676,2838
2677,2678
2677,2838
2677,2839
2678,2679
2678,2839
2678,2840
2679,2680
2679,2840
2679,2841
2680,2681
2680,2841
2680,2842
2681,2682
2681,2842
2681,2843
2682,2683
2682,2843
2682,2844
2683,2684
2683,2844
2683,2845
2684,2685
2684,2845
2684,2846
2685,2686
2685,2846
2685,2847
2686,2687
2686,2847
2686,2848
2687,2688
2687,2848
2687,2849
2688,2689
2688,2849
2688,2850
2689,2690
2689,2850
2689,2851
2690,2691
2690,2851
2690,2852
2691,2692
2691,2852
2691,2853
2692,2693
2692,2853
2692,2854
2693,2694
2693,2854
2693,2855
2694,2695
2694,2855
2694,2856
2695,2696
2695,2856
2695,2857
2696,2697
2696,2857
2696,2858
2697,2698
2697,2858
2697,2859
2698,2699
2698,2859
2698,2860
2699,2700
2699,2860
2699,2861
2700,2701
2700,2861
2700,2862
2701,2702
2701,2862
2701,2863
2702,2703
2702,2863
2702,2864
2703,2704
2703,2864
2703,2865
2704,2705
2704,2865
2704,2866
2705,2706
2705,2866
2705,2867
2706,2707
2706,2867
2706,2868
2707,2708
2707,2868
2707,2869
2708,2709
2708,2869
2708,2870
2709,2710
2709,2870
2709,2871
2710,2711
2710,2871
2710,2872
2711,2712
2711,2872
2711,2873
2712,2713
2712,2873
2712,2874
2713,2714
2713,2874
2713,2875
2714,2715
2714,2875
2714,2876
2715,2716
2715,2876
2715,2877
2716,2717
2716,2877
2716,2878
2717,2718
2717,2878
2717,2879
2718,2719
2718,2879
2718,2880
2719,2720
2719,2880
2719,2881
2720,2721
2720,2881
2720,2882
2721,2722
2721,2882
2721,2883
2722,2723
2722,2883
2722,2884
2723,2724
2723,2884
2723,2885
2724,2725
2724,2885
2724,2886
2725,2726
2725,2886
2725,2887
2726,2727
2726,2887
2726,2888
2727,2728
2727,2888
2727,2889
2728,2729
2728,2889
2728,2890
2729,2730
2729,2890
2729,2891
2730,2731
2730,2891
2730,2892
2731,2732
2731,2892
2731,2893
2732,2733
2732,2893
2732,2894
2733,2734
2733,2894
2733,2895
2734,2735
2734,2895
2734,2896
2735,2736
2735,2896
2735,2897
2736,2897
2737,2738
2737,2898
2737,2899
2738,2739
2738,2899
2738,2900
2739,2740
2739,2900
2739,2901
2740,2741
2740,2901
2740,2902
2741,2742
2741,2902
2741,2903
2742,2743
2742,2903
2742,2904
2743,2744
2743,2904
2743,2905
2744,2745
2744,2905
2744,2906
2745,2746
2745,2906
2745,2907
2746,2747
2746,2907
2746,2908
2747,2748
2747,2908
2747,2909
2748,2749
2748,2909
2748,2910
2749,2750
2749,2910
2749,2911
2750,2751
2750,2911
2750,2912
2751,2752
2751,2912
2751,2913
2752,2753
2752,2913
2752,2914
2753,2754
2753,2914
2753,2915
2754,2755
2754,2915
2754,2916
2755,2756
2755,2916
2755,2917
2756,2757
2756,2917
2756,2918
2757,2758
2757,2918
2757,2919
2758,2759
2758,2919
2758,2920
2759,2760
2759,2920
2759,2921
2760,2761
2760,2921
2760,2922
2761,2762
2761,2922
2761,2923
2762,2763
2762,2923
2762,2924
2763,2764
2763,2924
2763,2925
2764,2765
2764,2925
2764,2926
2765,2766
2765,2926
2765,2927
2766,2767
2766,2927
2766,2928
2767,2768
2767,2928
2767,2929
2768,2769
2768,2929
2768,2930
2769,2770
2769,2930
2769,2931
2770,2771
2770,2931
2770,2932
2771,2772
2771,2932
2771,2933
2772,2773
2772,2933
2772,2934
2773,2774
2773,2934
2773,2935
2774,2775
2774,2935
2774,2936
2775,2776
2775,2936
2775,2937
2776,2777
2776,2937
2776,2938
2777,2778
2777,2938
2777,2939
2778,2779
2778,2939
2778,2940
2779,2780
2779,2940
2779,2941
2780,2781
2780,2941
2780,2942
2781,2782
2781,2942
2781,2943
2782,2783
2782,2943
2782,2944
2783,2784
2783,2944
2783,2945
2784,2785
2784,2945
2784,2946
2785,2786
2785,2946
2785,2947
2786,2787
2786,2947
2786,2948
2787,2788
2787,2948
2787,2949
2788,2789
2788,2949
2788,2950
2789,2790
2789,2950
2789,2951
2790,2791
2790,2951
2790,2952
2791,2792
2791,2952
2791,2953
2792,2793
2792,2953
2792,2954
2793,2794
2793,2954
2793,2955
2794,2795
2794,2955
2794,2956
2795,2796
2795,2956
2795,2957
2796,2797
2796,2957
2796,2958
2797,2798
2797,2958
2797,2959
2798,2799
2798,2959
2798,2960
2799,2800
2799,2960
2799,2961
2800,2801
2800,2961
2800,2962
2801,2802
2801,2962
2801,2963
2802,2803
2802,2963
2802,2964
2803,2804
2803,2964
2803,2965
2804,2805
2804,2965
2804,2966
2805,2806
2805,2966
2805,2967
2806,2807
2806,2967
2806,2968
2807,2808
2807,2968
2807,2969
2808,2809
2808,2969
2808,2970
2809,2810
2809,2970
2809,2971
2810,2811
2810,2971
2810,2972
2811,2812
2811,2972
2811,2973
2812,2813
2812,2973
2812,2974
2813,2814
2813,2974
2813,2975
2814,2815
2814,2975
2814,2976
2815,2816
2815,2976
2815,2977
2816,2817
2816,2977
2816,2978
2817,2818
2817,2978
2817,2979
2818,2819
2818,2979
2818,2980
2819,2820
2819,2980
2819,2981
2820,2821
2820,2981
2820,2982
2821,2822
2821,2982
2821,2983
2822,2823
2822,2983
2822,2984
2823,2824
2823,2984
2823,2985
2824,2825
2824,2985
2824,2986
2825,2826
2825,2986
2825,2987
2826,2827
2826,2987
2826,2988
2827,2828
2827,2988
2827,2989
2828,2829
2828,2989
2828,2990
2829,2830
2829,2990
2829,2991
2830,2831
2830,2991
2830,2992
2831,2832
2831,2992
2831,2993
2832,2833
2832,2993
2832,2994
2833,2834
2833,2994
2833,2995
2834,2835
2834,2995
2834,2996
2835,2836
2835,2996
2835,2997
2836,2837
2836,2997
2836,2998
2837,2838
2837,2998
2837,2999
2838,2839
2838,2999
2838,3000
2839,2840
2839,3000
2839,3001
2840,2841
2840,3001
2840,3002
2841,2842
2841,3002
2841,3003
2842,2843
2842,3003
2842,3004
2843,2844
2843,3004
2843,3005
2844,2845
2844,3005
2844,3006
2845,2846
2845,3006
2845,3007
2846,2847
2846,3007
2846,3008
2847,2848
2847,3008
2847,3009
2848,2849
2848,3009
2848,3010
2849,2850
2849,3010
2849,3011
2850,2851
2850,3011
2850,3012
2851,2852
2851,3012
2851,3013
2852,2853
2852,3013
2852,3014
2853,2854
2853,3014
2853,3015
2854,2855
2854,3015
2854,3016
2855,2856
2855,3016
2855,3017
2856,2857
2856,3017
2856,3018
2857,2858
2857,3018
2857,3019
2858,2859
2858,3019
2858,3020
2859,2860
2859,3020
2859,3021
2860,2861
2860,3021
2860,3022
2861,2862
2861,3022
2861,3023
2862,2863
2862,3023
2862,3024
2863,2864
2863,3024
2863,3025
2864,2865
2864,3025
2864,3026
2865,2866
2865,3026
2865,3027
2866,2867
2866,3027
2866,3028
2867,2868
2867,3028
2867,3029
2868,2869
2868,3029
2868,3030
2869,2870
2869,3030
2869,3031
2870,2871
2870,3031
2870,3032
2871,2872
2871,3032
2871,3033
2872,2873
2872,3033
2872,3034
2873,2874
2873,3034
2873,3035
2874,2875
2874,3035
2874,3036
2875,2876
2875,3036
2875,3037
2876,2877
2876,3037
2876,3038
2877,2878
2877,3038
2877,3039
2878,2879
2878,3039
2878,3040
2879,2880
2879,3040
2879,3041
2880,2881
2880,3041
2880,3042
2881,2882
2881,3042
2881,3043
2882,2883
2882,3043
2882,3044
2883,2884
2883,3044
2883,3045
2884,2885
2884,3045
2884,3046
2885,2886
2885,3046
2885,3047
2886,2887
2886,3047
2886,3048
2887,2888
2887,3048
2887,3049
2888,2889
2888,3049
2888,3050
2889,2890
2889,3050
2889,3051
2890,2891
2890,3051
2890,3052
2891,2892
2891,3052
2891,3053
2892,2893
2892,3053
2892,3054
2893,2894
2893,3054
2893,3055
2894,2895
2894,3055
2894,3056
2895,2896
2895,3056
2895,3057
2896,2897
2896,3057
2896,3058
2897,3058
2898,2899
2898,3059
2898,3060
2899,2900
2899,3060
2899,3061
2900,2901
2900,3061
2900,3062
2901,2902
2901,3062
2901,3063
2902,2903
2902,3063
2902,3064
2903,2904
2903,3064
2903,3065
2904,2905
2904,3065
2904,3066
2905,2906
2905,3066
2905,3067
2906,2907
2906,3067
2906,3068
2907,2908
2907,3068
2907,3069
2908,2909
2908,3069
2908,3070
2909,2910
2909,3070
2909,3071
2910,2911
2910,3071
2910,3072
2911,2912
2911,3072
2911,3073
2912,2913
2912,3073
2912,3074
2913,2914
2913,3074
2913,3075
2914,2915
2914,3075
2914,3076
2915,2916
2915,3076
2915,3077
2916,2917
2916,3077
2916,3078
2917,2918
2917,3078
2917,3079
2918,2919
2918,3079
2918,3080
2919,2920
2919,3080
2919,3081
2920,2921
2920,3081
2920,3082
2921,2922
2921,3082
2921,3083
2922,2923
2922,3083
2922,3084
2923,2924
2923,3084
2923,3085
2924,2925
2924,3085
2924,3086
2925,2926
2925,3086
2925,3087
2926,2927
2926,3087
2926,3088
2927,2928
2927,3088
2927,3089
2928,2929
2928,3089
2928,3090
2929,2930
2929,3090
2929,3091
2930,2931
2930,3091
2930,3092
2931,2932
2931,3092
2931,3093
2932,2933
2932,3093
2932,3094
2933,2934
2933,3094
2933,3095
2934,2935
2934,3095
2934,3096
2935,2936
2935,3096
2935,3097
2936,2937
2936,3097
2936,3098
2937,2938
2937,3098
2937,3099
2938,2939
2938,3099
2938,3100
2939,2940
2939,3100
2939,3101
2940,2941
2940,3101
2940,3102
2941,2942
2941,3102
2941,3103
2942,2943
2942,3103
2942,3104
2943,2944
2943,3104
2943,3105
2944,2945
2944,3105
2944,3106
2945,2946
2945,3106
2945,3107
2946,2947
2946,3107
2946,3108
2947,2948
2947,3108
2947,3109
2948,2949
2948,3109
2948,3110
2949,2950
2949,3110
2949,3111
2950,2951
2950,3111
2950,3112
2951,2952
2951,3112
2951,3113
2952,2953
2952,3113
2952,3114
2953,2954
2953,3114
2953,3115
2954,2955
2954,3115
2954,3116
2955,2956
2955,3116
2955,3117
2956,2957
2956,3117
2956,3118
2957,2958
2957,3118
2957,3119
2958,2959
2958,3119
2958,3120
2959,2960
2959,3120
2959,3121
2960,2961
2960,3121
2960,3122
2961,2962
2961,3122
2961,3123
2962,2963
2962,3123
2962,3124
2963,2964
2963,3124
2963,3125
2964,2965
2964,3125
2964,3126
2965,2966
2965,3126
2965,3127
2966,2967
2966,3127
2966,3128
2967,2968
2967,3128
2967,3129
2968,2969
2968,3129
2968,3130
2969,2970
2969,3130
2969,3131
2970,2971
2970,3131
2970,3132
2971,2972
2971,3132
2971,3133
2972,2973
2972,3133
2972,3134
2973,2974
2973,3134
2973,3135
2974,2975
2974,3135
2974,3136
2975,2976
2975,3136
2975,3137
2976,2977
2976,3137
2976,3138
2977,2978
2977,3138
2977,3139
2978,2979
2978,3139
2978,3140
2979,2980
2979,3140
2979,3141
2980,2981
2980,3141
2980,3142
2981,2982
2981,3142
2981,3143
2982,2983
2982,3143
2982,3144
2983,2984
2983,3144
2983,3145
2984,2985
2984,3145
2984,3146
2985,2986
2985,3146
2985,3147
2986,2987
2986,3147
2986,3148
2987,2988
2987,3148
2987,3149
2988,2989
2988,3149
2988,3150
2989,2990
2989,3150
2989,3151
2990,2991
2990,3151
2990,3152
2991,2992
2991,3152
2991,3153
2992,2993
2992,3153
2992,3154
2993,2994
2993,3154
2993,3155
2994,2995
2994,3155
2994,3156
2995,2996
2995,3156
2995,3157
2996,2997
2996,3157
2996,3158
2997,2998
2997,3158
2997,3159
2998,2999
2998,3159
2998,3160
2999,3000
2999,3160
2999,3161
3000,3001
3000,3161
3000,3162
3001,3002
3001,3162
3001,3163
3002,3003
3002,3163
3002,3164
3003,3004
3003,3164
3003,3165
3004,3005
3004,3165
3004,3166
3005,3006
3005,3166
3005,3167
3006,3007
3006,3167
3006,3168
3007,3008
3007,3168
3007,3169
3008,3009
3008,3169
3008,3170
3009,3010
3009,3170
3009,3171
3010,3011
3010,3171
3010,3172
3011,3012
3011,3172
3011,3173
3012,3013
3012,3173
3012,3174
3013,3014
3013,3174
3013,3175
3014,3015
3014,3175
3014,3176
3015,3016
3015,3176
3015,3177
3016,3017
3016,3177
3016,3178
3017,3018
3017,3178
3017,3179
3018,3019
3018,3179
3018,3180
3019,3020
3019,3180
3019,3181
3020,3021
3020,3181
3020,3182
3021,3022
3021,3182
3021,3183
3022,3023
3022,3183
3022,3184
3023,3024
3023,3184
3023,3185
3024,3025
3024,3185
3024,3186
3025,3026
3025,3186
3025,3187
3026,3027
3026,3187
3026,3188
3027,3028
3027,3188
3027,3189
3028,3029
3028,3189
3028,3190
3029,3030
3029,3190
3029,3191
3030,3031
3030,3191
3030,3192
3031,3032
3031,3192
3031,3193
3032,3033
3032,3193
3032,3194
3033,3034
3033,3194
3033,3195
3034,3035
3034,3195
3034,3196
3035,3036
3035,3196
3035,3197
3036,3037
3036,3197
3036,3198
3037,3038
3037,3198
3037,3199
3038,3039
3038,3199
3038,3200
3039,3040
3039,3200
3039,3201
3040,3041
3040,3201
3040,3202
3041,3042
3041,3202
3041,3203
3042,3043
3042,3203
3042,3204
3043,3044
3043,3204
3043,3205
3044,3045
3044,3205
3044,3206
3045,3046
3045,3206
3045,3207
3046,3047
3046,3207
3046,3208
3047,3048
3047,3208
3047,3209
3048,3049
3048,3209
3048,3210
3049,3050
3049,3210
3049,3211
3050,3051
3050,3211
3050,3212
3051,3052
3051,3212
3051,3213
3052,3053
3052,3213
3052,3214
3053,3054
3053,3214
3053,3215
3054,3055
3054,3215
3054,3216
3055,3056
3055,3216
3055,3217
3056,3057
3056,3217
3056,3218
3057,3058
3057,3218
3057,3219
3058,3219
3059,3060
3059,3220
3059,3221
3060,3061
3060,3221
3060,3222
3061,3062
3061,3222
3061,3223
3062,3063
3062,3223
3062,3224
3063,3064
3063,3224
3063,3225
3064,3065
3064,3225
3064,3226
3065,3066
3065,3226
3065,3227
3066,3067
3066,3227
3066,3228
3067,3068
3067,3228
3067,3229
3068,3069
3068,3229
3068,3230
3069,3070
3069,3230
3069,3231
3070,3071
3070,3231
3070,3232
3071,3072
3071,3232
3071,3233
3072,3073
3072,3233
3072,3234
3073,3074
3073,3234
3073,3235
3074,3075
3074,3235
3074,3236
3075,3076
3075,3236
3075,3237
3076,3077
3076,3237
3076,3238
3077,3078
3077,3238
3077,3239
3078,3079
3078,3239
3078,3240
3079,3080
3079,3240
3079,3241
3080,3081
3080,3241
3080,3242
3081,3082
3081,3242
3081,3243
3082,3083
3082,3243
3082,3244
3083,3084
3083,3244
3083,3245
3084,3085
3084,3245
3084,3246
3085,3086
3085,3246
3085,3247
3086,3087
3086,3247
3086,3248
3087,3088
3087,3248
3087,3249
3088,3089
3088,3249
3088,3250
3089,3090
3089,3250
3089,3251
3090,3091
3090,3251
3090,3252
3091,3092
3091,3252
3091,3253
3092,3093
3092,3253
3092,3254
3093,3094
3093,3254
3093,3255
3094,3095
3094,3255
3094,3256
3095,3096
3095,3256
3095,3257
3096,3097
3096,3257
3096,3258
3097,3098
3097,3258
3097,3259
3098,3099
3098,3259
3098,3260
3099,3100
3099,3260
3099,3261
3100,3101
3100,3261
3100,3262
3101,3102
3101,3262
3101,3263
3102,3103
3102,3263
3102,3264
3103,3104
3103,3264
3103,3265
3104,3105
3104,3265
3104,3266
3105,3106
3105,3266
3105,3267
3106,3107
3106,3267
3106,3268
3107,3108
3107,3268
3107,3269
3108,3109
3108,3269
3108,3270
3109,3110
3109,3270
3109,3271
3110,3111
3110,3271
3110,3272
3111,3112
3111,3272
3111,3273
3112,3113
3112,3273
3112,3274
3113,3114
3113,3274
3113,3275
3114,3115
3114,3275
3114,3276
3115,3116
3115,3276
3115,3277
3116,3117
3116,3277
3116,3278
3117,3118
3117,3278
3117,3279
3118,3119
3118,3279
3118,3280
3119,3120
3119,3280
3119,3281
3120,3121
3120,3281
3120,3282
3121,3122
3121,3282
3121,3283
3122,3123
3122,3283
3122,3284
3123,3124
3123,3284
3123,3285
3124,3125
3124,3285
3124,3286
3125,3126
3125,3286
3125,3287
3126,3127
3126,3287
3126,3288
3127,3128
3127,3288
3127,3289
3128,3129
3128,3289
3128,3290
3129,3130
3129,3290
3129,3291
3130,3131
3130,3291
3130,3292
3131,3132
3131,3292
3131,3293
3132,3133
3132,3293
3132,3294
3133,3134
3133,3294
3133,3295
3134,3135
3134,3295
3134,3296
3135,3136
3135,3296
3135,3297
3136,3137
3136,3297
3136,3298
3137,3138
3137,3298
3137,3299
3138,3139
3138,3299
3138,3300
3139,3140
3139,3300
3139,3301
3140,3141
3140,3301
3140,3302
3141,3142
3141,3302
3141,3303
3142,3143
3142,3303
3142,3304
3143,3144
3143,3304
3143,3305
3144,3145
3144,3305
3144,3306
3145,3146
3145,3306
3145,3307
3146,3147
3146,3307
3146,3308
3147,3148
3147,3308
3147,3309
3148,3149
3148,3309
3148,3310
3149,3150
3149,3310
3149,3311
3150,3151
3150,3311
3150,3312
3151,3152
3151,3312
3151,3313
3152,3153
3152,3313
3152,3314
3153,3154
3153,3314
3153,3315
3154,3155
3154,3315
3154,3316
3155,3156
3155,3316
3155,3317
3156,3157
3156,3317
3156,3318
3157,3158
3157,3318
3157,3319
3158,3159
3158,3319
3158,3320
3159,3160
3159,3320
3159,3321
3160,3161
3160,3321
3160,3322
3161,3162
3161,3322
3161,3323
3162,3163
3162,3323
3162,3324
3163,3164
3163,3324
3163,3325
3164,3165
3164,3325
3164,3326
3165,3166
3165,3326
3165,3327
3166,3167
3166,3327
3166,3328
3167,3168
3167,3328
3167,3329
3168,3169
3168,3329
3168,3330
3169,3170
3169,3330
3169,3331
3170,3171
3170,3331
3170,3332
3171,3172
3171,3332
3171,3333
3172,3173
3172,3333
3172,3334
3173,3174
3173,3334
3173,3335
3174,3175
3174,3335
3174,3336
3175,3176
3175,3336
3175,3337
3176,3177
3176,3337
3176,3338
3177,3178
3177,3338
3177,3339
3178,3179
3178,3339
3178,3340
3179,3180
3179,3340
3179,3341
3180,3181
3180,3341
3180,3342
3181,3182
3181,3342
3181,3343
3182,3183
3182,3343
3182,3344
3183,3184
3183,3344
3183,3345
3184,3185
3184,3345
3184,3346
3185,3186
3185,3346
3185,3347
3186,3187
3186,3347
3186,3348
3187,3188
3187,3348
3187,3349
3188,3189
3188,3349
3188,3350
3189,3190
3189,3350
3189,3351
3190,3191
3190,3351
3190,3352
3191,3192
3191,3352
3191,3353
3192,3193
3192,3353
3192,3354
3193,3194
3193,3354
3193,3355
3194,3195
3194,3355
3194,3356
3195,3196
3195,3356
3195,3357
3196,3197
3196,3357
3196,3358
3197,3198
3197,3358
3197,3359
3198,3199
3198,3359
3198,3360
3199,3200
3199,3360
3199,3361
3200,3201
3200,3361
3200,3362
3201,3202
3201,3362
3201,3363
3202,3203
3202,3363
3202,3364
3203,3204
3203,3364
3203,3365
3204,3205
3204,3365
3204,3366
3205,3206
3205,3366
3205,3367
3206,3207
3206,3367
3206,3368
3207,3208
3207,3368
3207,3369
3208,3209
3208,3369
3208,3370
3209,3210
3209,3370
3209,3371
3210,3211
3210,3371
3210,3372
3211,3212
3211,3372
3211,3373
3212,3213
3212,3373
3212,3374
3213,3214
3213,3374
3213,3375
3214,3215
3214,3375
3214,3376
3215,3216
3215,3376
3215,3377
3216,3217
3216,3377
3216,3378
3217,3218
3217,3378
3217,3379
3218,3219
3218,3379
3218,3380
3219,3380
3220,3221
3220,3381
3220,3382
3221,3222
3221,3382
3221,3383
3222,3223
3222,3383
3222,3384
3223,3224
3223,3384
3223,3385
3224,3225
3224,3385
3224,3386
3225,3226
3225,3386
3225,3387
3226,3227
3226,3387
3226,3388
3227,3228
3227,3388
3227,3389
3228,3229
3228,3389
3228,3390
3229,3230
3229,3390
3229,3391
3230,3231
3230,3391
3230,3392
3231,3232
3231,3392
3231,3393
3232,3233
3232,3393
3232,3394
3233,3234
3233,3394
3233,3395
3234,3235
3234,3395
3234,3396
3235,3236
3235,3396
3235,3397
3236,3237
3236,3397
3236,3398
3237,3238
3237,3398
3237,3399
3238,3239
3238,3399
3238,3400
3239,3240
3239,3400
3239,3401
3240,3241
3240,3401
3240,3402
3241,3242
3241,3402
3241,3403
3242,3243
3242,3403
3242,3404
3243,3244
3243,3404
3243,3405
3244,3245
3244,3405
3244,3406
3245,3246
3245,3406
3245,3407
3246,3247
3246,3407
3246,3408
3247,3248
3247,3408
3247,3409
3248,3249
3248,3409
3248,3410
3249,3250
3249,3410
3249,3411
3250,3251
3250,3411
3250,3412
3251,3252
3251,3412
3251,3413
3252,3253
3252,3413
3252,3414
3253,3254
3253,3414
3253,3415
3254,3255
3254,3415
3254,3416
3255,3256
3255,3416
3255,3417
3256,3257
3256,3417
3256,3418
3257,3258
3257,3418
3257,3419
3258,3259
3258,3419
3258,3420
3259,3260
3259,3420
3259,3421
3260,3261
3260,3421
3260,3422
3261,3262
3261,3422
3261,3423
3262,3263
3262,3423
3262,3424
3263,3264
3263,3424
3263,3425
3264,3265
3264,3425
3264,3426
3265,3266
3265,3426
3265,3427
3266,3267
3266,3427
3266,3428
3267,3268
3267,3428
3267,3429
3268,3269
3268,3429
3268,3430
3269,3270
3269,3430
3269,3431
3270,3271
3270,3431
3270,3432
3271,3272
3271,3432
3271,3433
3272,3273
3272,3433
3272,3434
3273,3274
3273,3434
3273,3435
3274,3275
3274,3435
3274,3436
3275,3276
3275,3436
3275,3437
3276,3277
3276,3437
3276,3438
3277,3278
3277,3438
3277,3439
3278,3279
3278,3439
3278,3440
3279,3280
3279,3440
3279,3441
3280,3281
3280,3441
3280,3442
3281,3282
3281,3442
3281,3443
3282,3283
3282,3443
3282,3444
3283,3284
3283,3444
3283,3445
3284,3285
3284,3445
3284,3446
3285,3286
3285,3446
3285,3447
3286,3287
3286,3447
3286,3448
3287,3288
3287,3448
3287,3449
3288,3289
3288,3449
3288,3450
3289,3290
3289,3450
3289,3451
3290,3291
3290,3451
3290,3452
3291,3292
3291,3452
3291,3453
3292,3293
3292,3453
3292,3454
3293,3294
3293,3454
3293,3455
3294,3295
3294,3455
3294,3456
3295,3296
3295,3456
3295,3457
3296,3297
3296,3457
3296,3458
3297,3298
3297,3458
3297,3459
3298,3299
3298,3459
3298,3460
3299,3300
3299,3460
3299,3461
3300,3301
3300,3461
3300,3462
3301,3302
3301,3462
3301,3463
3302,3303
3302,3463
3302,3464
3303,3304
3303,3464
3303,3465
3304,3305
3304,3465
3304,3466
3305,3306
3305,3466
3305,3467
3306,3307
3306,3467
3306,3468
3307,3308
3307,3468
3307,3469
3308,3309
3308,3469
3308,3470
3309,3310
3309,3470
3309,3471
3310,3311
3310,3471
3310,3472
3311,3312
3311,3472
3311,3473
3312,3313
3312,3473
3312,3474
3313,3314
3313,3474
3313,3475
3314,3315
3314,3475
3314,3476
3315,3316
3315,3476
3315,3477
3316,3317
3316,3477
3316,3478
3317,3318
3317,3478
3317,3479
3318,3319
3318,3479
3318,3480
3319,3320
3319,3480
3319,3481
3320,3321
3320,3481
3320,3482
3321,3322
3321,3482
3321,3483
3322,3323
3322,3483
3322,3484
3323,3324
3323,3484
3323,3485
3324,3325
3324,3485
3324,3486
3325,3326
3325,3486
3325,3487
3326,3327
3326,3487
3326,3488
3327,3328
3327,3488
3327,3489
3328,3329
3328,3489
3328,3490
3329,3330
3329,3490
3329,3491
3330,3331
3330,3491
3330,3492
3331,3332
3331,3492
3331,3493
3332,3333
3332,3493
3332,3494
3333,3334
3333,3494
3333,3495
3334,3335
3334,3495
3334,3496
3335,3336
3335,3496
3335,3497
3336,3337
3336,3497
3336,3498
3337,3338
3337,3498
3337,3499
3338,3339
3338,3499
3338,3500
3339,3340
3339,3500
3339,3501
3340,3341
3340,3501
3340,3502
3341,3342
3341,3502
3341,3503
3342,3343
3342,3503
3342,3504
3343,3344
3343,3504
3343,3505
3344,3345
3344,3505
3344,3506
3345,3346
3345,3506
3345,3507
3346,3347
3346,3507
3346,3508
3347,3348
3347,3508
3347,3509
3348,3349
3348,3509
3348,3510
3349,3350
3349,3510
3349,3511
3350,3351
3350,3511
3350,3512
3351,3352
3351,3512
3351,3513
3352,3353
3352,3513
3352,3514
3353,3354
3353,3514
3353,3515
3354,3355
3354,3515
3354,3516
3355,3356
3355,3516
3355,3517
3356,3357
3356,3517
3356,3518
3357,3358
3357,3518
3357,3519
3358,3359
3358,3519
3358,3520
3359,3360
3359,3520
3359,3521
3360,3361
3360,3521
3360,3522
3361,3362
3361,3522
3361,3523
3362,3363
3362,3523
3362,3524
3363,3364
3363,3524
3363,3525
3364,3365
3364,3525
3364,3526
3365,3366
3365,3526
3365,3527
3366,3367
3366,3527
3366,3528
3367,3368
3367,3528
3367,3529
3368,3369
3368,3529
3368,3530
3369,3370
3369,3530
3369,3531
3370,3371
3370,3531
3370,3532
3371,3372
3371,3532
3371,3533
3372,3373
3372,3533
3372,3534
3373,3374
3373,3534
3373,3535
3374,3375
3374,3535
3374,3536
3375,3376
3375,3536
3375,3537
3376,3377
3376,3537
3376,3538
3377,3378
3377,3538
3377,3539
3378,3379
3378,3539
3378,3540
3379,3380
3379,3540
3379,3541
3380,3541
3381,3382
3381,3542
3381,3543
3382,3383
3382,3543
3382,3544
3383,3384
3383,3544
3383,3545
3384,3385
3384,3545
3384,3546
3385,3386
3385,3546
3385,3547
3386,3387
3386,3547
3386,3548
3387,3388
3387,3548
3387,3549
3388,3389
3388,3549
3388,3550
3389,3390
3389,3550
3389,3551
3390,3391
3390,3551
3390,3552
3391,3392
3391,3552
3391,3553
3392,3393
3392,3553
3392,3554
3393,3394
3393,3554
3393,3555
3394,3395
3394,3555
3394,3556
3395,3396
3395,3556
3395,3557
3396,3397
3396,3557
3396,3558
3397,3398
3397,3558
3397,3559
3398,3399
3398,3559
3398,3560
3399,3400
3399,3560
3399,3561
3400,3401
3400,3561
3400,3562
3401,3402
3401,3562
3401,3563
3402,3403
3402,3563
3402,3564
3403,3404
3403,3564
3403,3565
3404,3405
3404,3565
3404,3566
3405,3406
3405,3566
3405,3567
3406,3407
3406,3567
3406,3568
3407,3408
3407,3568
3407,3569
3408,3409
3408,3569
3408,3570
3409,3410
3409,3570
3409,3571
3410,3411
3410,3571
3410,3572
3411,3412
3411,3572
3411,3573
3412,3413
3412,3573
3412,3574
3413,3414
3413,3574
3413,3575
3414,3415
3414,3575
3414,3576
3415,3416
3415,3576
3415,3577
3416,3417
3416,3577
3416,3578
3417,3418
3417,3578
3417,3579
3418,3419
3418,3579
3418,3580
3419,3420
3419,3580
3419,3581
3420,3421
3420,3581
3420,3582
3421,3422
3421,3582
3421,3583
3422,3423
3422,3583
3422,3584
3423,3424
3423,3584
3423,3585
3424,3425
3424,3585
3424,3586
3425,3426
3425,3586
3425,3587
3426,3427
3426,3587
3426,3588
3427,3428
3427,3588
3427,3589
3428,3429
3428,3589
3428,3590
3429,3430
3429,3590
3429,3591
3430,3431
3430,3591
3430,3592
3431,3432
3431,3592
3431,3593
3432,3433
3432,3593
3432,3594
3433,3434
3433,3594
3433,3595
3434,3435
3434,3595
3434,3596
3435,3436
3435,3596
3435,3597
3436,3437
3436,3597
3436,3598
3437,3438
3437,3598
3437,3599
3438,3439
3438,3599
3438,3600
3439,3440
3439,3600
3439,3601
3440,3441
3440,3601
3440,3602
3441,3442
3441,3602
3441,3603
3442,3443
3442,3603
3442,3604
3443,3444
3443,3604
3443,3605
3444,3445
3444,3605
3444,3606
3445,3446
3445,3606
3445,3607
3446,3447
3446,3607
3446,3608
3447,3448
3447,3608
3447,3609
3448,3449
3448,3609
3448,3610
3449,3450
3449,3610
3449,3611
3450,3451
3450,3611
3450,3612
3451,3452
3451,3612
3451,3613
3452,3453
3452,3613
3452,3614
3453,3454
3453,3614
3453,3615
3454,3455
3454,3615
3454,3616
3455,3456
3455,3616
3455,3617
3456,3457
3456,3617
3456,3618
3457,3458
3457,3618
3457,3619
3458,3459
3458,3619
3458,3620
3459,3460
3459,3620
3459,3621
3460,3461
3460,3621
3460,3622
3461,3462
3461,3622
3461,3623
3462,3463
3462,3623
3462,3624
3463,3464
3463,3624
3463,3625
3464,3465
3464,3625
3464,3626
3465,3466
3465,3626
3465,3627
3466,3467
3466,3627
3466,3628
3467,3468
3467,3628
3467,3629
3468,3469
3468,3629
3468,3630
3469,3470
3469,3630
3469,3631
3470,3471
3470,3631
3470,3632
3471,3472
3471,3632
3471,3633
3472,3473
3472,3633
3472,3634
3473,3474
3473,3634
3473,3635
3474,3475
3474,3635
3474,3636
3475,3476
3475,3636
3475,3637
3476,3477
3476,3637
3476,3638
3477,3478
3477,3638
3477,3639
3478,3479
3478,3639
3478,3640
3479,3480
3479,3640
3479,3641
3480,3481
3480,3641
3480,3642
3481,3482
3481,3642
3481,3643
3482,3483
3482,3643
3482,3644
3483,3484
3483,3644
3483,3645
3484,3485
3484,3645
3484,3646
3485,3486
3485,3646
3485,3647
3486,3487
3486,3647
3486,3648
3487,3488
3487,3648
3487,3649
3488,3489
3488,3649
3488,3650
3489,3490
3489,3650
3489,3651
3490,3491
3490,3651
3490,3652
3491,3492
3491,3652
3491,3653
3492,3493
3492,3653
3492,3654
3493,3494
3493,3654
3493,3655
3494,3495
3494,3655
3494,3656
3495,3496
3495,3656
3495,3657
3496,3497
3496,3657
3496,3658
3497,3498
3497,3658
3497,3659
3498,3499
3498,3659
3498,3660
3499,3500
3499,3660
3499,3661
3500,3501
3500,3661
3500,3662
3501,3502
3501,3662
3501,3663
3502,3503
3502,3663
3502,3664
3503,3504
3503,3664
3503,3665
3504,3505
3504,3665
3504,3666
3505,3506
3505,3666
3505,3667
3506,3507
3506,3667
3506,3668
3507,3508
3507,3668
3507,3669
3508,3509
3508,3669
3508,3670
3509,3510
3509,3670
3509,3671
3510,3511
3510,3671
3510,3672
3511,3512
3511,3672
3511,3673
3512,3513
3512,3673
3512,3674
3513,3514
3513,3674
3513,3675
3514,3515
3514,3675
3514,3676
3515,3516
3515,3676
3515,3677
3516,3517
3516,3677
3516,3678
3517,3518
3517,3678
3517,3679
3518,3519
3518,3679
3518,3680
3519,3520
3519,3680
3519,3681
3520,3521
3520,3681
3520,3682
3521,3522
3521,3682
3521,3683
3522,3523
3522,3683
3522,3684
3523,3524
3523,3684
3523,3685
3524,3525
3524,3685
3524,3686
3525,3526
3525,3686
3525,3687
3526,3527
3526,3687
3526,3688
3527,3528
3527,3688
3527,3689
3528,3529
3528,3689
3528,3690
3529,3530
3529,3690
3529,3691
3530,3531
3530,3691
3530,3692
3531,3532
3531,3692
3531,3693
3532,3533
3532,3693
3532,3694
3533,3534
3533,3694
3533,3695
3534,3535
3534,3695
3534,3696
3535,3536
3535,3696
3535,3697
3536,3537
3536,3697
3536,3698
3537,3538
3537,3698
3537,3699
3538,3539
3538,3699
3538,3700
3539,3540
3539,3700
3539,3701
3540,3541
3540,3701
3540,3702
3541,3702
3542,3543
3542,3703
3542,3704
3543,3544
3543,3704
3543,3705
3544,3545
3544,3705
3544,3706
3545,3546
3545,3706
3545,3707
3546,3547
3546,3707
3546,3708
3547,3548
3547,3708
3547,3709
3548,3549
3548,3709
3548,3710
3549,3550
3549,3710
3549,3711
3550,3551
3550,3711
3550,3712
3551,3552
3551,3712
3551,3713
3552,3553
3552,3713
3552,3714
3553,3554
3553,3714
3553,3715
3554,3555
3554,3715
3554,3716
3555,3556
3555,3716
3555,3717
3556,3557
3556,3717
3556,3718
3557,3558
3557,3718
3557,3719
3558,3559
3558,3719
3558,3720
3559,3560
3559,3720
3559,3721
3560,3561
3560,3721
3560,3722
3561,3562
3561,3722
3561,3723
3562,3563
3562,3723
3562,3724
3563,3564
3563,3724
3563,3725
3564,3565
3564,3725
3564,3726
3565,3566
3565,3726
3565,3727
3566,3567
3566,3727
3566,3728
3567,3568
3567,3728
3567,3729
3568,3569
3568,3729
3568,3730
3569,3570
3569,3730
3569,3731
3570,3571
3570,3731
3570,3732
3571,3572
3571,3732
3571,3733
3572,3573
3572,3733
3572,3734
3573,3574
3573,3734
3573,3735
3574,3575
3574,3735
3574,3736
3575,3576
3575,3736
3575,3737
3576,3577
3576,3737
3576,3738
3577,3578
3577,3738
3577,3739
3578,3579
3578,3739
3578,3740
3579,3580
3579,3740
3579,3741
3580,3581
3580,3741
3580,3742
3581,3582
3581,3742
3581,3743
3582,3583
3582,3743
3582,3744
3583,3584
3583,3744
3583,3745
3584,3585
3584,3745
3584,3746
3585,3586
3585,3746
3585,3747
3586,3587
3586,3747
3586,3748
3587,3588
3587,3748
3587,3749
3588,3589
3588,3749
3588,3750
3589,3590
3589,3750
3589,3751
3590,3591
3590,3751
3590,3752
3591,3592
3591,3752
3591,3753
3592,3593
3592,3753
3592,3754
3593,3594
3593,3754
3593,3755
3594,3595
3594,3755
3594,3756
3595,3596
3595,3756
3595,3757
3596,3597
3596,3757
3596,3758
3597,3598
3597,3758
3597,3759
3598,3599
3598,3759
3598,3760
3599,3600
3599,3760
3599,3761
3600,3601
3600,3761
3600,3762
3601,3602
3601,3762
3601,3763
3602,3603
3602,3763
3602,3764
3603,3604
3603,3764
3603,3765
3604,3605
3604,3765
3604,3766
3605,3606
3605,3766
3605,3767
3606,3607
3606,3767
3606,3768
3607,3608
3607,3768
3607,3769
3608,3609
3608,3769
3608,3770
3609,3610
3609,3770
3609,3771
3610,3611
3610,3771
3610,3772
3611,3612
3611,3772
3611,3773
3612,3613
3612,3773
3612,3774
3613,3614
3613,3774
3613,3775
3614,3615
3614,3775
3614,3776
3615,3616
3615,3776
3615,3777
3616,3617
3616,3777
3616,3778
3617,3618
3617,3778
3617,3779
3618,3619
3618,3779
3618,3780
3619,3620
3619,3780
3619,3781
3620,3621
3620,3781
3620,3782
3621,3622
3621,3782
3621,3783
3622,3623
3622,3783
3622,3784
3623,3624
3623,3784
3623,3785
3624,3625
3624,3785
3624,3786
3625,3626
3625,3786
3625,3787
3626,3627
3626,3787
3626,3788
3627,3628
3627,3788
3627,3789
3628,3629
3628,3789
3628,3790
3629,3630
3629,3790
3629,3791
3630,3631
3630,3791
3630,3792
3631,3632
3631,3792
3631,3793
3632,3633
3632,3793
3632,3794
3633,3634
3633,3794
3633,3795
3634,3635
3634,3795
3634,3796
3635,3636
3635,3796
3635,3797
3636,3637
3636,3797
3636,3798
3637,3638
3637,3798
3637,3799
3638,3639
3638,3799
3638,3800
3639,3640
3639,3800
3639,3801
3640,3641
3640,3801
3640,3802
3641,3642
3641,3802
3641,3803
3642,3643
3642,3803
3642,3804
3643,3644
3643,3804
3643,3805
3644,3645
3644,3805
3644,3806
3645,3646
3645,3806
3645,3807
3646,3647
3646,3807
3646,3808
3647,3648
3647,3808
3647,3809
3648,3649
3648,3809
3648,3810
3649,3650
3649,3810
3649,3811
3650,3651
3650,3811
3650,3812
3651,3652
3651,3812
3651,3813
3652,3653
3652,3813
3652,3814
3653,3654
3653,3814
3653,3815
3654,3655
3654,3815
3654,3816
3655,3656
3655,3816
3655,3817
3656,3657
3656,3817
3656,3818
3657,3658
3657,3818
3657,3819
3658,3659
3658,3819
3658,3820
3659,3660
3659,3820
3659,3821
3660,3661
3660,3821
3660,3822
3661,3662
3661,3822
3661,3823
3662,3663
3662,3823
3662,3824
3663,3664
3663,3824
3663,3825
3664,3665
3664,3825
3664,3826
3665,3666
3665,3826
3665,3827
3666,3667
3666,3827
3666,3828
3667,3668
3667,3828
3667,3829
3668,3669
3668,3829
3668,3830
3669,3670
3669,3830
3669,3831
3670,3671
3670,3831
3670,3832
3671,3672
3671,3832
3671,3833
3672,3673
3672,3833
3672,3834
3673,3674
3673,3834
3673,3835
3674,3675
3674,3835
3674,3836
3675,3676
3675,3836
3675,3837
3676,3677
3676,3837
3676,3838
3677,3678
3677,3838
3677,3839
3678,3679
3678,3839
3678,3840
3679,3680
3679,3840
3679,3841
3680,3681
3680,3841
3680,3842
3681,3682
3681,3842
3681,3843
3682,3683
3682,3843
3682,3844
3683,3684
3683,3844
3683,3845
3684,3685
3684,3845
3684,3846
3685,3686
3685,3846
3685,3847
3686,3687
3686,3847
3686,3848
3687,3688
3687,3848
3687,3849
3688,3689
3688,3849
3688,3850
3689,3690
3689,3850
3689,3851
3690,3691
3690,3851
3690,3852
3691,3692
3691,3852
3691,3853
3692,3693
3692,3853
3692,3854
3693,3694
3693,3854
3693,3855
3694,3695
3694,3855
3694,3856
3695,3696
3695,3856
3695,3857
3696,3697
3696,3857
3696,3858
3697,3698
3697,3858
3697,3859
3698,3699
3698,3859
3698,3860
3699,3700
3699,3860
3699,3861
3700,3701
3700,3861
3700,3862
3701,3702
3701,3862
3701,3863
3702,3863
3703,3704
3703,3864
3703,3865
3704,3705
3704,3865
3704,3866
3705,3706
3705,3866
3705,3867
3706,3707
3706,3867
3706,3868
3707,3708
3707,3868
3707,3869
3708,3709
3708,3869
3708,3870
3709,3710
3709,3870
3709,3871
3710,3711
3710,3871
3710,3872
3711,3712
3711,3872
3711,3873
3712,3713
3712,3873
3712,3874
3713,3714
3713,3874
3713,3875
3714,3715
3714,3875
3714,3876
3715,3716
3715,3876
3715,3877
3716,3717
3716,3877
3716,3878
3717,3718
3717,3878
3717,3879
3718,3719
3718,3879
3718,3880
3719,3720
3719,3880
3719,3881
3720,3721
3720,3881
3720,3882
3721,3722
3721,3882
3721,3883
3722,3723
3722,3883
3722,3884
3723,3724
3723,3884
3723,3885
3724,3725
3724,3885
3724,3886
3725,3726
3725,3886
3725,3887
3726,3727
3726,3887
3726,3888
3727,3728
3727,3888
3727,3889
3728,3729
3728,3889
3728,3890
3729,3730
3729,3890
3729,3891
3730,3731
3730,3891
3730,3892
3731,3732
3731,3892
3731,3893
3732,3733
3732,3893
3732,3894
3733,3734
3733,3894
3733,3895
3734,3735
3734,3895
3734,3896
3735,3736
3735,3896
3735,3897
3736,3737
3736,3897
3736,3898
3737,3738
3737,3898
3737,3899
3738,3739
3738,3899
3738,3900
3739,3740
3739,3900
3739,3901
3740,3741
3740,3901
3740,3902
3741,3742
3741,3902
3741,3903
3742,3743
3742,3903
3742,3904
3743,3744
3743,3904
3743,3905
3744,3745
3744,3905
3744,3906
3745,3746
3745,3906
3745,3907
3746,3747
3746,3907
3746,3908
3747,3748
3747,3908
3747,3909
3748,3749
3748,3909
3748,3910
3749,3750
3749,3910
3749,3911
3750,3751
3750,3911
3750,3912
3751,3752
3751,3912
3751,3913
3752,3753
3752,3913
3752,3914
3753,3754
3753,3914
3753,3915
3754,3755
3754,3915
3754,3916
3755,3756
3755,3916
3755,3917
3756,3757
3756,3917
3756,3918
3757,3758
3757,3918
3757,3919
3758,3759
3758,3919
3758,3920
3759,3760
3759,3920
3759,3921
3760,3761
3760,3921
3760,3922
3761,3762
3761,3922
3761,3923
3762,3763
3762,3923
3762,3924
3763,3764
3763,3924
3763,3925
3764,3765
3764,3925
3764,3926
3765,3766
3765,3926
3765,3927
3766,3767
3766,3927
3766,3928
3767,3768
3767,3928
3767,3929
3768,3769
3768,3929
3768,3930
3769,3770
3769,3930
3769,3931
3770,3771
3770,3931
3770,3932
3771,3772
3771,3932
3771,3933
3772,3773
3772,3933
3772,3934
3773,3774
3773,3934
3773,3935
3774,3775
3774,3935
3774,3936
3775,3776
3775,3936
3775,3937
3776,3777
3776,3937
3776,3938
3777,3778
3777,3938
3777,3939
3778,3779
3778,3939
3778,3940
3779,3780
3779,3940
3779,3941
3780,3781
3780,3941
3780,3942
3781,3782
3781,3942
3781,3943
3782,3783
3782,3943
3782,3944
3783,3784
3783,3944
3783,3945
3784,3785
3784,3945
3784,3946
3785,3786
3785,3946
3785,3947
3786,3787
3786,3947
3786,3948
3787,3788
3787,3948
3787,3949
3788,3789
3788,3949
3788,3950
3789,3790
3789,3950
3789,3951
3790,3791
3790,3951
3790,3952
3791,3792
3791,3952
3791,3953
3792,3793
3792,3953
3792,3954
3793,3794
3793,3954
3793,3955
3794,3795
3794,3955
3794,3956
3795,3796
3795,3956
3795,3957
3796,3797
3796,3957
3796,3958
3797,3798
3797,3958
3797,3959
3798,3799
3798,3959
3798,3960
3799,3800
3799,3960
3799,3961
3800,3801
3800,3961
3800,3962
3801,3802
3801,3962
3801,3963
3802,3803
3802,3963
3802,3964
3803,3804
3803,3964
3803,3965
3804,3805
3804,3965
3804,3966
3805,3806
3805,3966
3805,3967
3806,3807
3806,3967
3806,3968
3807,3808
3807,3968
3807,3969
3808,3809
3808,3969
3808,3970
3809,3810
3809,3970
3809,3971
3810,3811
3810,3971
3810,3972
3811,3812
3811,3972
3811,3973
3812,3813
3812,3973
3812,3974
3813,3814
3813,3974
3813,3975
3814,3815
3814,3975
3814,3976
3815,3816
3815,3976
3815,3977
3816,3817
3816,3977
3816,3978
3817,3818
3817,3978
3817,3979
3818,3819
3818,3979
3818,3980
3819,3820
3819,3980
3819,3981
3820,3821
3820,3981
3820,3982
3821,3822
3821,3982
3821,3983
3822,3823
3822,3983
3822,3984
3823,3824
3823,3984
3823,3985
3824,3825
3824,3985
3824,3986
3825,3826
3825,3986
3825,3987
3826,3827
3826,3987
3826,3988
3827,3828
3827,3988
3827,3989
3828,3829
3828,3989
3828,3990
3829,3830
3829,3990
3829,3991
3830,3831
3830,3991
3830,3992
3831,3832
3831,3992
3831,3993
3832,3833
3832,3993
3832,3994
3833,3834
3833,3994
3833,3995
3834,3835
3834,3995
3834,3996
3835,3836
3835,3996
3835,3997
3836,3837
3836,3997
3836,3998
3837,3838
3837,3998
3837,3999
3838,3839
3838,3999
3838,4000
3839,3840
3839,4000
3839,4001
3840,3841
3840,4001
3840,4002
3841,3842
3841,4002
3841,4003
3842,3843
3842,4003
3842,4004
3843,3844
3843,4004
3843,4005
3844,3845
3844,4005
3844,4006
3845,3846
3845,4006
3845,4007
3846,3847
3846,4007
3846,4008
3847,3848
3847,4008
3847,4009
3848,3849
3848,4009
3848,4010
3849,3850
3849,4010
3849,4011
3850,3851
3850,4011
3850,4012
3851,3852
3851,4012
3851,4013
3852,3853
3852,4013
3852,4014
3853,3854
3853,4014
3853,4015
3854,3855
3854,4015
3854,4016
3855,3856
3855,4016
3855,4017
3856,3857
3856,4017
3856,4018
3857,3858
3857,4018
3857,4019
3858,3859
3858,4019
3858,4020
3859,3860
3859,4020
3859,4021
3860,3861
3860,4021
3860,4022
3861,3862
3861,4022
3861,4023
3862,3863
3862,4023
3862,4024
3863,4024
3864,3865
3864,4025
3864,4026
3865,3866
3865,4026
3865,4027
3866,3867
3866,4027
3866,4028
3867,3868
3867,4028
3867,4029
3868,3869
3868,4029
3868,4030
3869,3870
3869,4030
3869,4031
3870,3871
3870,4031
3870,4032
3871,3872
3871,4032
3871,4033
3872,3873
3872,4033
3872,4034
3873,3874
3873,4034
3873,4035
3874,3875
3874,4035
3874,4036
3875,3876
3875,4036
3875,4037
3876,3877
3876,4037
3876,4038
3877,3878
3877,4038
3877,4039
3878,3879
3878,4039
3878,4040
3879,3880
3879,4040
3879,4041
3880,3881
3880,4041
3880,4042
3881,3882
3881,4042
3881,4043
3882,3883
3882,4043
3882,4044
3883,3884
3883,4044
3883,4045
3884,3885
3884,4045
3884,4046
3885,3886
3885,4046
3885,4047
3886,3887
3886,4047
3886,4048
3887,3888
3887,4048
3887,4049
3888,3889
3888,4049
3888,4050
3889,3890
3889,4050
3889,4051
3890,3891
3890,4051
3890,4052
3891,3892
3891,4052
3891,4053
3892,3893
3892,4053
3892,4054
3893,3894
3893,4054
3893,4055
3894,3895
3894,4055
3894,4056
3895,3896
3895,4056
3895,4057
3896,3897
3896,4057
3896,4058
3897,3898
3897,4058
3897,4059
3898,3899
3898,4059
3898,4060
3899,3900
3899,4060
3899,4061
3900,3901
3900,4061
3900,4062
3901,3902
3901,4062
3901,4063
3902,3903
3902,4063
3902,4064
3903,3904
3903,4064
3903,4065
3904,3905
3904,4065
3904,4066
3905,3906
3905,4066
3905,4067
3906,3907
3906,4067
3906,4068
3907,3908
3907,4068
3907,4069
3908,3909
3908,4069
3908,4070
3909,3910
3909,4070
3909,4071
3910,3911
3910,4071
3910,4072
3911,3912
3911,4072
3911,4073
3912,3913
3912,4073
3912,4074
3913,3914
3913,4074
3913,4075
3914,3915
3914,4075
3914,4076
3915,3916
3915,4076
3915,4077
3916,3917
3916,4077
3916,4078
3917,3918
3917,4078
3917,4079
3918,3919
3918,4079
3918,4080
3919,3920
3919,4080
3919,4081
3920,3921
3920,4081
3920,4082
3921,3922
3921,4082
3921,4083
3922,3923
3922,4083
3922,4084
3923,3924
3923,4084
3923,4085
3924,3925
3924,4085
3924,4086
3925,3926
3925,4086
3925,4087
3926,3927
3926,4087
3926,4088
3927,3928
3927,4088
3927,4089
3928,3929
3928,4089
3928,4090
3929,3930
3929,4090
3929,4091
3930,3931
3930,4091
3930,4092
3931,3932
3931,4092
3931,4093
3932,3933
3932,4093
3932,4094
3933,3934
3933,4094
3933,4095
3934,3935
3934,4095
3934,4096
3935,3936
3935,4096
3935,4097
3936,3937
3936,4097
3936,4098
3937,3938
3937,4098
3937,4099
3938,3939
3938,4099
3938,4100
3939,3940
3939,4100
3939,4101
3940,3941
3940,4101
3940,4102
3941,3942
3941,4102
3941,4103
3942,3943
3942,4103
3942,4104
3943,3944
3943,4104
3943,4105
3944,3945
3944,4105
3944,4106
3945,3946
3945,4106
3945,4107
3946,3947
3946,4107
3946,4108
3947,3948
3947,4108
3947,4109
3948,3949
3948,4109
3948,4110
3949,3950
3949,4110
3949,4111
3950,3951
3950,4111
3950,4112
3951,3952
3951,4112
3951,4113
3952,3953
3952,4113
3952,4114
3953,3954
3953,4114
3953,4115
3954,3955
3954,4115
3954,4116
3955,3956
3955,4116
3955,4117
3956,3957
3956,4117
3956,4118
3957,3958
3957,4118
3957,4119
3958,3959
3958,4119
3958,4120
3959,3960
3959,4120
3959,4121
3960,3961
3960,4121
3960,4122
3961,3962
3961,4122
3961,4123
3962,3963
3962,4123
3962,4124
3963,3964
3963,4124
3963,4125
3964,3965
3964,4125
3964,4126
3965,3966
3965,4126
3965,4127
3966,3967
3966,4127
3966,4128
3967,3968
3967,4128
3967,4129
3968,3969
3968,4129
3968,4130
3969,3970
3969,4130
3969,4131
3970,3971
3970,4131
3970,4132
3971,3972
3971,4132
3971,4133
3972,3973
3972,4133
3972,4134
3973,3974
3973,4134
3973,4135
3974,3975
3974,4135
3974,4136
3975,3976
3975,4136
3975,4137
3976,3977
3976,4137
3976,4138
3977,3978
3977,4138
3977,4139
3978,3979
3978,4139
3978,4140
3979,3980
3979,4140
3979,4141
3980,3981
3980,4141
3980,4142
3981,3982
3981,4142
3981,4143
3982,3983
3982,4143
3982,4144
3983,3984
3983,4144
3983,4145
3984,3985
3984,4145
3984,4146
3985,3986
3985,4146
3985,4147
3986,3987
3986,4147
3986,4148
3987,3988
3987,4148
3987,4149
3988,3989
3988,4149
3988,4150
3989,3990
3989,4150
3989,4151
3990,3991
3990,4151
3990,4152
3991,3992
3991,4152
3991,4153
3992,3993
3992,4153
3992,4154
3993,3994
3993,4154
3993,4155
3994,3995
3994,4155
3994,4156
3995,3996
3995,4156
3995,4157
3996,3997
3996,4157
3996,4158
3997,3998
3997,4158
3997,4159
3998,3999
3998,4159
3998,4160
3999,4000
3999,4160
3999,4161
4000,4001
4000,4161
4000,4162
4001,4002
4001,4162
4001,4163
4002,4003
4002,4163
4002,4164
4003,4004
4003,4164
4003,4165
4004,4005
4004,4165
4004,4166
4005,4006
4005,4166
4005,4167
4006,4007
4006,4167
4006,4168
4007,4008
4007,4168
4007,4169
4008,4009
4008,4169
4008,4170
4009,4010
4009,4170
4009,4171
4010,4011
4010,4171
4010,4172
4011,4012
4011,4172
4011,4173
4012,4013
4012,4173
4012,4174
4013,4014
4013,4174
4013,4175
4014,4015
4014,4175
4014,4176
4015,4016
4015,4176
4015,4177
4016,4017
4016,4177
4016,4178
4017,4018
4017,4178
4017,4179
4018,4019
4018,4179
4018,4180
4019,4020
4019,4180
4019,4181
4020,4021
4020,4181
4020,4182
4021,4022
4021,4182
4021,4183
4022,4023
4022,4183
4022,4184
4023,4024
4023,4184
4023,4185
4024,4185
4025,4026
4025,4186
4025,4187
4026,4027
4026,4187
4026,4188
4027,4028
4027,4188
4027,4189
4028,4029
4028,4189
4028,4190
4029,4030
4029,4190
4029,4191
4030,4031
4030,4191
4030,4192
4031,4032
4031,4192
4031,4193
4032,4033
4032,4193
4032,4194
4033,4034
4033,4194
4033,4195
4034,4035
4034,4195
4034,4196
4035,4036
4035,4196
4035,4197
4036,4037
4036,4197
4036,4198
4037,4038
4037,4198
4037,4199
4038,4039
4038,4199
4038,4200
4039,4040
4039,4200
4039,4201
4040,4041
4040,4201
4040,4202
4041,4042
4041,4202
4041,4203
4042,4043
4042,4203
4042,4204
4043,4044
4043,4204
4043,4205
4044,4045
4044,4205
4044,4206
4045,4046
4045,4206
4045,4207
4046,4047
4046,4207
4046,4208
4047,4048
4047,4208
4047,4209
4048,4049
4048,4209
4048,4210
4049,4050
4049,4210
4049,4211
4050,4051
4050,4211
4050,4212
4051,4052
4051,4212
4051,4213
4052,4053
4052,4213
4052,4214
4053,4054
4053,4214
4053,4215
4054,4055
4054,4215
4054,4216
4055,4056
4055,4216
4055,4217
4056,4057
4056,4217
4056,4218
4057,4058
4057,4218
4057,4219
4058,4059
4058,4219
4058,4220
4059,4060
4059,4220
4059,4221
4060,4061
4060,4221
4060,4222
4061,4062
4061,4222
4061,4223
4062,4063
4062,4223
4062,4224
4063,4064
4063,4224
4063,4225
4064,4065
4064,4225
4064,4226
4065,4066
4065,4226
4065,4227
4066,4067
4066,4227
4066,4228
4067,4068
4067,4228
4067,4229
4068,4069
4068,4229
4068,4230
4069,4070
4069,4230
4069,4231
4070,4071
4070,4231
4070,4232
4071,4072
4071,4232
4071,4233
4072,4073
4072,4233
4072,4234
4073,4074
4073,4234
4073,4235
4074,4075
4074,4235
4074,4236
4075,4076
4075,4236
4075,4237
4076,4077
4076,4237
4076,4238
4077,4078
4077,4238
4077,4239
4078,4079
4078,4239
4078,4240
4079,4080
4079,4240
4079,4241
4080,4081
4080,4241
4080,4242
4081,4082
4081,4242
4081,4243
4082,4083
4082,4243
4082,4244
4083,4084
4083,4244
4083,4245
4084,4085
4084,4245
4084,4246
4085,4086
4085,4246
4085,4247
4086,4087
4086,4247
4086,4248
4087,4088
4087,4248
4087,4249
4088,4089
4088,4249
4088,4250
4089,4090
4089,4250
4089,4251
4090,4091
4090,4251
4090,4252
4091,4092
4091,4252
4091,4253
4092,4093
4092,4253
4092,4254
4093,4094
4093,4254
4093,4255
4094,4095
4094,4255
4094,4256
4095,4096
4095,4256
4095,4257
4096,4097
4096,4257
4096,4258
4097,4098
4097,4258
4097,4259
4098,4099
4098,4259
4098,4260
4099,4100
4099,4260
4099,4261
4100,4101
4100,4261
4100,4262
4101,4102
4101,4262
4101,4263
4102,4103
4102,4263
4102,4264
4103,4104
4103,4264
4103,4265
4104,4105
4104,4265
4104,4266
4105,4106
4105,4266
4105,4267
4106,4107
4106,4267
4106,4268
4107,4108
4107,4268
4107,4269
4108,4109
4108,4269
4108,4270
4109,4110
4109,4270
4109,4271
4110,4111
4110,4271
4110,4272
4111,4112
4111,4272
4111,4273
4112,4113
4112,4273
4112,4274
4113,4114
4113,4274
4113,4275
4114,4115
4114,4275
4114,4276
4115,4116
4115,4276
4115,4277
4116,4117
4116,4277
4116,4278
4117,4118
4117,4278
4117,4279
4118,4119
4118,4279
4118,4280
4119,4120
4119,4280
4119,4281
4120,4121
4120,4281
4120,4282
4121,4122
4121,4282
4121,4283
4122,4123
4122,4283
4122,4284
4123,4124
4123,4284
4123,4285
4124,4125
4124,4285
4124,4286
4125,4126
4125,4286
4125,4287
4126,4127
4126,4287
4126,4288
4127,4128
4127,4288
4127,4289
4128,4129
4128,4289
4128,4290
4129,4130
4129,4290
4129,4291
4130,4131
4130,4291
4130,4292
4131,4132
4131,4292
4131,4293
4132,4133
4132,4293
4132,4294
4133,4134
4133,4294
4133,4295
4134,4135
4134,4295
4134,4296
4135,4136
4135,4296
4135,4297
4136,4137
4136,4297
4136,4298
4137,4138
4137,4298
4137,4299
4138,4139
4138,4299
4138,4300
4139,4140
4139,4300
4139,4301
4140,4141
4140,4301
4140,4302
4141,4142
4141,4302
4141,4303
4142,4143
4142,4303
4142,4304
4143,4144
4143,4304
4143,4305
4144,4145
4144,4305
4144,4306
4145,4146
4145,4306
4145,4307
4146,4147
4146,4307
4146,4308
4147,4148
4147,4308
4147,4309
4148,4149
4148,4309
4148,4310
4149,4150
4149,4310
4149,4311
4150,4151
4150,4311
4150,4312
4151,4152
4151,4312
4151,4313
4152,4153
4152,4313
4152,4314
4153,4154
4153,4314
4153,4315
4154,4155
4154,4315
4154,4316
4155,4156
4155,4316
4155,4317
4156,4157
4156,4317
4156,4318
4157,4158
4157,4318
4157,4319
4158,4159
4158,4319
4158,4320
4159,4160
4159,4320
4159,4321
4160,4161
4160,4321
4160,4322
4161,4162
4161,4322
4161,4323
4162,4163
4162,4323
4162,4324
4163,4164
4163,4324
4163,4325
4164,4165
4164,4325
4164,4326
4165,4166
4165,4326
4165,4327
4166,4167
4166,4327
4166,4328
4167,4168
4167,4328
4167,4329
4168,4169
4168,4329
4168,4330
4169,4170
4169,4330
4169,4331
4170,4171
4170,4331
4170,4332
4171,4172
4171,4332
4171,4333
4172,4173
4172,4333
4172,4334
4173,4174
4173,4334
4173,4335
4174,4175
4174,4335
4174,4336
4175,4176
4175,4336
4175,4337
4176,4177
4176,4337
4176,4338
4177,4178
4177,4338
4177,4339
4178,4179
4178,4339
4178,4340
4179,4180
4179,4340
4179,4341
4180,4181
4180,4341
4180,4342
4181,4182
4181,4342
4181,4343
4182,4183
4182,4343
4182,4344
4183,4184
4183,4344
4183,4345
4184,4185
4184,4345
4184,4346
4185,4346
4186,4187
4186,4347
4186,4348
4187,4188
4187,4348
4187,4349
4188,4189
4188,4349
4188,4350
4189,4190
4189,4350
4189,4351
4190,4191
4190,4351
4190,4352
4191,4192
4191,4352
4191,4353
4192,4193
4192,4353
4192,4354
4193,4194
4193,4354
4193,4355
4194,4195
4194,4355
4194,4356
4195,4196
4195,4356
4195,4357
4196,4197
4196,4357
4196,4358
4197,4198
4197,4358
4197,4359
4198,4199
4198,4359
4198,4360
4199,4200
4199,4360
4199,4361
4200,4201
4200,4361
4200,4362
4201,4202
4201,4362
4201,4363
4202,4203
4202,4363
4202,4364
4203,4204
4203,4364
4203,4365
4204,4205
4204,4365
4204,4366
4205,4206
4205,4366
4205,4367
4206,4207
4206,4367
4206,4368
4207,4208
4207,4368
4207,4369
4208,4209
4208,4369
4208,4370
4209,4210
4209,4370
4209,4371
4210,4211
4210,4371
4210,4372
4211,4212
4211,4372
4211,4373
4212,4213
4212,4373
4212,4374
4213,4214
4213,4374
4213,4375
4214,4215
4214,4375
4214,4376
4215,4216
4215,4376
4215,4377
4216,4217
4216,4377
4216,4378
4217,4218
4217,4378
4217,4379
4218,4219
4218,4379
4218,4380
4219,4220
4219,4380
4219,4381
4220,4221
4220,4381
4220,4382
4221,4222
4221,4382
4221,4383
4222,4223
4222,4383
4222,4384
4223,4224
4223,4384
4223,4385
4224,4225
4224,4385
4224,4386
4225,4226
4225,4386
4225,4387
4226,4227
4226,4387
4226,4388
4227,4228
4227,4388
4227,4389
4228,4229
4228,4389
4228,4390
4229,4230
4229,4390
4229,4391
4230,4231
4230,4391
4230,4392
4231,4232
4231,4392
4231,4393
4232,4233
4232,4393
4232,4394
4233,4234
4233,4394
4233,4395
4234,4235
4234,4395
4234,4396
4235,4236
4235,4396
4235,4397
4236,4237
4236,4397
4236,4398
4237,4238
4237,4398
4237,4399
4238,4239
4238,4399
4238,4400
4239,4240
4239,4400
4239,4401
4240,4241
4240,4401
4240,4402
4241,4242
4241,4402
4241,4403
4242,4243
4242,4403
4242,4404
4243,4244
4243,4404
4243,4405
4244,4245
4244,4405
4244,4406
4245,4246
4245,4406
4245,4407
4246,4247
4246,4407
4246,4408
4247,4248
4247,4408
4247,4409
4248,4249
4248,4409
4248,4410
4249,4250
4249,4410
4249,4411
4250,4251
4250,4411
4250,4412
4251,4252
4251,4412
4251,4413
4252,4253
4252,4413
4252,4414
4253,4254
4253,4414
4253,4415
4254,4255
4254,4415
4254,4416
4255,4256
4255,4416
4255,4417
4256,4257
4256,4417
4256,4418
4257,4258
4257,4418
4257,4419
4258,4259
4258,4419
4258,4420
4259,4260
4259,4420
4259,4421
4260,4261
4260,4421
4260,4422
4261,4262
4261,4422
4261,4423
4262,4263
4262,4423
4262,4424
4263,4264
4263,4424
4263,4425
4264,4265
4264,4425
4264,4426
4265,4266
4265,4426
4265,4427
4266,4267
4266,4427
4266,4428
4267,4268
4267,4428
4267,4429
4268,4269
4268,4429
4268,4430
4269,4270
4269,4430
4269,4431
4270,4271
4270,4431
4270,4432
4271,4272
4271,4432
4271,4433
4272,4273
4272,4433
4272,4434
4273,4274
4273,4434
4273,4435
4274,4275
4274,4435
4274,4436
4275,4276
4275,4436
4275,4437
4276,4277
4276,4437
4276,4438
4277,4278
4277,4438
4277,4439
4278,4279
4278,4439
4278,4440
4279,4280
4279,4440
4279,4441
4280,4281
4280,4441
4280,4442
4281,4282
4281,4442
4281,4443
4282,4283
4282,4443
4282,4444
4283,4284
4283,4444
4283,4445
4284,4285
4284,4445
4284,4446
4285,4286
4285,4446
4285,4447
4286,4287
4286,4447
4286,4448
4287,4288
4287,4448
4287,4449
4288,4289
4288,4449
4288,4450
4289,4290
4289,4450
4289,4451
4290,4291
4290,4451
4290,4452
4291,4292
4291,4452
4291,4453
4292,4293
4292,4453
4292,4454
4293,4294
4293,4454
4293,4455
4294,4295
4294,4455
4294,4456
4295,4296
4295,4456
4295,4457
4296,4297
4296,4457
4296,4458
4297,4298
4297,4458
4297,4459
4298,4299
4298,4459
4298,4460
4299,4300
4299,4460
4299,4461
4300,4301
4300,4461
4300,4462
4301,4302
4301,4462
4301,4463
4302,4303
4302,4463
4302,4464
4303,4304
4303,4464
4303,4465
4304,4305
4304,4465
4304,4466
4305,4306
4305,4466
4305,4467
4306,4307
4306,4467
4306,4468
4307,4308
4307,4468
4307,4469
4308,4309
4308,4469
4308,4470
4309,4310
4309,4470
4309,4471
4310,4311
4310,4471
4310,4472
4311,4312
4311,4472
4311,4473
4312,4313
4312,4473
4312,4474
4313,4314
4313,4474
4313,4475
4314,4315
4314,4475
4314,4476
4315,4316
4315,4476
4315,4477
4316,4317
4316,4477
4316,4478
4317,4318
4317,4478
4317,4479
4318,4319
4318,4479
4318,4480
4319,4320
4319,4480
4319,4481
4320,4321
4320,4481
4320,4482
4321,4322
4321,4482
4321,4483
4322,4323
4322,4483
4322,4484
4323,4324
4323,4484
4323,4485
4324,4325
4324,4485
4324,4486
4325,4326
4325,4486
4325,4487
4326,4327
4326,4487
4326,4488
4327,4328
4327,4488
4327,4489
4328,4329
4328,4489
4328,4490
4329,4330
4329,4490
4329,4491
4330,4331
4330,4491
4330,4492
4331,4332
4331,4492
4331,4493
4332,4333
4332,4493
4332,4494
4333,4334
4333,4494
4333,4495
4334,4335
4334,4495
4334,4496
4335,4336
4335,4496
4335,4497
4336,4337
4336,4497
4336,4498
4337,4338
4337,4498
4337,4499
4338,4339
4338,4499
4338,4500
4339,4340
4339,4500
4339,4501
4340,4341
4340,4501
4340,4502
4341,4342
4341,4502
4341,4503
4342,4343
4342,4503
4342,4504
4343,4344
4343,4504
4343,4505
4344,4345
4344,4505
4344,4506
4345,4346
4345,4506
4345,4507
4346,4507
4347,4348
4347,4508
4347,4509
4348,4349
4348,4509
4348,4510
4349,4350
4349,4510
4349,4511
4350,4351
4350,4511
4350,4512
4351,4352
4351,4512
4351,4513
4352,4353
4352,4513
4352,4514
4353,4354
4353,4514
4353,4515
4354,4355
4354,4515
4354,4516
4355,4356
4355,4516
4355,4517
4356,4357
4356,4517
4356,4518
4357,4358
4357,4518
4357,4519
4358,4359
4358,4519
4358,4520
4359,4360
4359,4520
4359,4521
4360,4361
4360,4521
4360,4522
4361,4362
4361,4522
4361,4523
4362,4363
4362,4523
4362,4524
4363,4364
4363,4524
4363,4525
4364,4365
4364,4525
4364,4526
4365,4366
4365,4526
4365,4527
4366,4367
4366,4527
4366,4528
4367,4368
4367,4528
4367,4529
4368,4369
4368,4529
4368,4530
4369,4370
4369,4530
4369,4531
4370,4371
4370,4531
4370,4532
4371,4372
4371,4532
4371,4533
4372,4373
4372,4533
4372,4534
4373,4374
4373,4534
4373,4535
4374,4375
4374,4535
4374,4536
4375,4376
4375,4536
4375,4537
4376,4377
4376,4537
4376,4538
4377,4378
4377,4538
4377,4539
4378,4379
4378,4539
4378,4540
4379,4380
4379,4540
4379,4541
4380,4381
4380,4541
4380,4542
4381,4382
4381,4542
4381,4543
4382,4383
4382,4543
4382,4544
4383,4384
4383,4544
4383,4545
4384,4385
4384,4545
4384,4546
4385,4386
4385,4546
4385,4547
4386,4387
4386,4547
4386,4548
4387,4388
4387,4548
4387,4549
4388,4389
4388,4549
4388,4550
4389,4390
4389,4550
4389,4551
4390,4391
4390,4551
4390,4552
4391,4392
4391,4552
4391,4553
4392,4393
4392,4553
4392,4554
4393,4394
4393,4554
4393,4555
4394,4395
4394,4555
4394,4556
4395,4396
4395,4556
4395,4557
4396,4397
4396,4557
4396,4558
4397,4398
4397,4558
4397,4559
4398,4399
4398,4559
4398,4560
4399,4400
4399,4560
4399,4561
4400,4401
4400,4561
4400,4562
4401,4402
4401,4562
4401,4563
4402,4403
4402,4563
4402,4564
4403,4404
4403,4564
4403,4565
4404,4405
4404,4565
4404,4566
4405,4406
4405,4566
4405,4567
4406,4407
4406,4567
4406,4568
4407,4408
4407,4568
4407,4569
4408,4409
4408,4569
4408,4570
4409,4410
4409,4570
4409,4571
4410,4411
4410,4571
4410,4572
4411,4412
4411,4572
4411,4573
4412,4413
4412,4573
4412,4574
4413,4414
4413,4574
4413,4575
4414,4415
4414,4575
4414,4576
4415,4416
4415,4576
4415,4577
4416,4417
4416,4577
4416,4578
4417,4418
4417,4578
4417,4579
4418,4419
4418,4579
4418,4580
4419,4420
4419,4580
4419,4581
4420,4421
4420,4581
4420,4582
4421,4422
4421,4582
4421,4583
4422,4423
4422,4583
4422,4584
4423,4424
4423,4584
4423,4585
4424,4425
4424,4585
4424,4586
4425,4426
4425,4586
4425,4587
4426,4427
4426,4587
4426,4588
4427,4428
4427,4588
4427,4589
4428,4429
4428,4589
4428,4590
4429,4430
4429,4590
4429,4591
4430,4431
4430,4591
4430,4592
4431,4432
4431,4592
4431,4593
4432,4433
4432,4593
4432,4594
4433,4434
4433,4594
4433,4595
4434,4435
4434,4595
4434,4596
4435,4436
4435,4596
4435,4597
4436,4437
4436,4597
4436,4598
4437,4438
4437,4598
4437,4599
4438,4439
4438,4599
4438,4600
4439,4440
4439,4600
4439,4601
4440,4441
4440,4601
4440,4602
4441,4442
4441,4602
4441,4603
4442,4443
4442,4603
4442,4604
4443,4444
4443,4604
4443,4605
4444,4445
4444,4605
4444,4606
4445,4446
4445,4606
4445,4607
4446,4447
4446,4607
4446,4608
4447,4448
4447,4608
4447,4609
4448,4449
4448,4609
4448,4610
4449,4450
4449,4610
4449,4611
4450,4451
4450,4611
4450,4612
4451,4452
4451,4612
4451,4613
4452,4453
4452,4613
4452,4614
4453,4454
4453,4614
4453,4615
4454,4455
4454,4615
4454,4616
4455,4456
4455,4616
4455,4617
4456,4457
4456,4617
4456,4618
4457,4458
4457,4618
4457,4619
4458,4459
4458,4619
4458,4620
4459,4460
4459,4620
4459,4621
4460,4461
4460,4621
4460,4622
4461,4462
4461,4622
4461,4623
4462,4463
4462,4623
4462,4624
4463,4464
4463,4624
4463,4625
4464,4465
4464,4625
4464,4626
4465,4466
4465,4626
4465,4627
4466,4467
4466,4627
4466,4628
4467,4468
4467,4628
4467,4629
4468,4469
4468,4629
4468,4630
4469,4470
4469,4630
4469,4631
4470,4471
4470,4631
4470,4632
4471,4472
4471,4632
4471,4633
4472,4473
4472,4633
4472,4634
4473,4474
4473,4634
4473,4635
4474,4475
4474,4635
4474,4636
4475,4476
4475,4636
4475,4637
4476,4477
4476,4637
4476,4638
4477,4478
4477,4638
4477,4639
4478,4479
4478,4639
4478,4640
4479,4480
4479,4640
4479,4641
4480,4481
4480,4641
4480,4642
4481,4482
4481,4642
4481,4643
4482,4483
4482,4643
4482,4644
4483,4484
4483,4644
4483,4645
4484,4485
4484,4645
4484,4646
4485,4486
4485,4646
4485,4647
4486,4487
4486,4647
4486,4648
4487,4488
4487,4648
4487,4649
4488,4489
4488,4649
4488,4650
4489,4490
4489,4650
4489,4651
4490,4491
4490,4651
4490,4652
4491,4492
4491,4652
4491,4653
4492,4493
4492,4653
4492,4654
4493,4494
4493,4654
4493,4655
4494,4495
4494,4655
4494,4656
4495,4496
4495,4656
4495,4657
4496,4497
4496,4657
4496,4658
4497,4498
4497,4658
4497,4659
4498,4499
4498,4659
4498,4660
4499,4500
4499,4660
4499,4661
4500,4501
4500,4661
4500,4662
4501,4502
4501,4662
4501,4663
4502,4503
4502,4663
4502,4664
4503,4504
4503,4664
4503,4665
4504,4505
4504,4665
4504,4666
4505,4506
4505,4666
4505,4667
4506,4507
4506,4667
4506,4668
4507,4668
4508,4509
4508,4669
4508,4670
4509,4510
4509,4670
4509,4671
4510,4511
4510,4671
4510,4672
4511,4512
4511,4672
4511,4673
4512,4513
4512,4673
4512,4674
4513,4514
4513,4674
4513,4675
4514,4515
4514,4675
4514,4676
4515,4516
4515,4676
4515,4677
4516,4517
4516,4677
4516,4678
4517,4518
4517,4678
4517,4679
4518,4519
4518,4679
4518,4680
4519,4520
4519,4680
4519,4681
4520,4521
4520,4681
4520,4682
4521,4522
4521,4682
4521,4683
4522,4523
4522,4683
4522,4684
4523,4524
4523,4684
4523,4685
4524,4525
4524,4685
4524,4686
4525,4526
4525,4686
4525,4687
4526,4527
4526,4687
4526,4688
4527,4528
4527,4688
4527,4689
4528,4529
4528,4689
4528,4690
4529,4530
4529,4690
4529,4691
4530,4531
4530,4691
4530,4692
4531,4532
4531,4692
4531,4693
4532,4533
4532,4693
4532,4694
4533,4534
4533,4694
4533,4695
4534,4535
4534,4695
4534,4696
4535,4536
4535,4696
4535,4697
4536,4537
4536,4697
4536,4698
4537,4538
4537,4698
4537,4699
4538,4539
4538,4699
4538,4700
4539,4540
4539,4700
4539,4701
4540,4541
4540,4701
4540,4702
4541,4542
4541,4702
4541,4703
4542,4543
4542,4703
4542,4704
4543,4544
4543,4704
4543,4705
4544,4545
4544,4705
4544,4706
4545,4546
4545,4706
4545,4707
4546,4547
4546,4707
4546,4708
4547,4548
4547,4708
4547,4709
4548,4549
4548,4709
4548,4710
4549,4550
4549,4710
4549,4711
4550,4551
4550,4711
4550,4712
4551,4552
4551,4712
4551,4713
4552,4553
4552,4713
4552,4714
4553,4554
4553,4714
4553,4715
4554,4555
4554,4715
4554,4716
4555,4556
4555,4716
4555,4717
4556,4557
4556,4717
4556,4718
4557,4558
4557,4718
4557,4719
4558,4559
4558,4719
4558,4720
4559,4560
4559,4720
4559,4721
4560,4561
4560,4721
4560,4722
4561,4562
4561,4722
4561,4723
4562,4563
4562,4723
4562,4724
4563,4564
4563,4724
4563,4725
4564,4565
4564,4725
4564,4726
4565,4566
4565,4726
4565,4727
4566,4567
4566,4727
4566,4728
4567,4568
4567,4728
4567,4729
4568,4569
4568,4729
4568,4730
4569,4570
4569,4730
4569,4731
4570,4571
4570,4731
4570,4732
4571,4572
4571,4732
4571,4733
4572,4573
4572,4733
4572,4734
4573,4574
4573,4734
4573,4735
4574,4575
4574,4735
4574,4736
4575,4576
4575,4736
4575,4737
4576,4577
4576,4737
4576,4738
4577,4578
4577,4738
4577,4739
4578,4579
4578,4739
4578,4740
4579,4580
4579,4740
4579,4741
4580,4581
4580,4741
4580,4742
4581,4582
4581,4742
4581,4743
4582,4583
4582,4743
4582,4744
4583,4584
4583,4744
4583,4745
4584,4585
4584,4745
4584,4746
4585,4586
4585,4746
4585,4747
4586,4587
4586,4747
4586,4748
4587,4588
4587,4748
4587,4749
4588,4589
4588,4749
4588,4750
4589,4590
4589,4750
4589,4751
4590,4591
4590,4751
4590,4752
4591,4592
4591,4752
4591,4753
4592,4593
4592,4753
4592,4754
4593,4594
4593,4754
4593,4755
4594,4595
4594,4755
4594,4756
4595,4596
4595,4756
4595,4757
4596,4597
4596,4757
4596,4758
4597,4598
4597,4758
4597,4759
4598,4599
4598,4759
4598,4760
4599,4600
4599,4760
4599,4761
4600,4601
4600,4761
4600,4762
4601,4602
4601,4762
4601,4763
4602,4603
4602,4763
4602,4764
4603,4604
4603,4764
4603,4765
4604,4605
4604,4765
4604,4766
4605,4606
4605,4766
4605,4767
4606,4607
4606,4767
4606,4768
4607,4608
4607,4768
4607,4769
4608,4609
4608,4769
4608,4770
4609,4610
4609,4770
4609,4771
4610,4611
4610,4771
4610,4772
4611,4612
4611,4772
4611,4773
4612,4613
4612,4773
4612,4774
4613,4614
4613,4774
4613,4775
4614,4615
4614,4775
4614,4776
4615,4616
4615,4776
4615,4777
4616,4617
4616,4777
4616,4778
4617,4618
4617,4778
4617,4779
4618,4619
4618,4779
4618,4780
4619,4620
4619,4780
4619,4781
4620,4621
4620,4781
4620,4782
4621,4622
4621,4782
4621,4783
4622,4623
4622,4783
4622,4784
4623,4624
4623,4784
4623,4785
4624,4625
4624,4785
4624,4786
4625,4626
4625,4786
4625,4787
4626,4627
4626,4787
4626,4788
4627,4628
4627,4788
4627,4789
4628,4629
4628,4789
4628,4790
4629,4630
4629,4790
4629,4791
4630,4631
4630,4791
4630,4792
4631,4632
4631,4792
4631,4793
4632,4633
4632,4793
4632,4794
4633,4634
4633,4794
4633,4795
4634,4635
4634,4795
4634,4796
4635,4636
4635,4796
4635,4797
4636,4637
4636,4797
4636,4798
4637,4638
4637,4798
4637,4799
4638,4639
4638,4799
4638,4800
4639,4640
4639,4800
4639,4801
4640,4641
4640,4801
4640,4802
4641,4642
4641,4802
4641,4803
4642,4643
4642,4803
4642,4804
4643,4644
4643,4804
4643,4805
4644,4645
4644,4805
4644,4806
4645,4646
4645,4806
4645,4807
4646,4647
4646,4807
4646,4808
4647,4648
4647,4808
4647,4809
4648,4649
4648,4809
4648,4810
4649,4650
4649,4810
4649,4811
4650,4651
4650,4811
4650,4812
4651,4652
4651,4812
4651,4813
4652,4653
4652,4813
4652,4814
4653,4654
4653,4814
4653,4815
4654,4655
4654,4815
4654,4816
4655,4656
4655,4816
4655,4817
4656,4657
4656,4817
4656,4818
4657,4658
4657,4818
4657,4819
4658,4659
4658,4819
4658,4820
4659,4660
4659,4820
4659,4821
4660,4661
4660,4821
4660,4822
4661,4662
4661,4822
4661,4823
4662,4663
4662,4823
4662,4824
4663,4664
4663,4824
4663,4825
4664,4665
4664,4825
4664,4826
4665,4666
4665,4826
4665,4827
4666,4667
4666,4827
4666,4828
4667,4668
4667,4828
4667,4829
4668,4829
4669,4670
4669,4830
4669,4831
4670,4671
4670,4831
4670,4832
4671,4672
4671,4832
4671,4833
4672,4673
4672,4833
4672,4834
4673,4674
4673,4834
4673,4835
4674,4675
4674,4835
4674,4836
4675,4676
4675,4836
4675,4837
4676,4677
4676,4837
4676,4838
4677,4678
4677,4838
4677,4839
4678,4679
4678,4839
4678,4840
4679,4680
4679,4840
4679,4841
4680,4681
4680,4841
4680,4842
4681,4682
4681,4842
4681,4843
4682,4683
4682,4843
4682,4844
4683,4684
4683,4844
4683,4845
4684,4685
4684,4845
4684,4846
4685,4686
4685,4846
4685,4847
4686,4687
4686,4847
4686,4848
4687,4688
4687,4848
4687,4849
4688,4689
4688,4849
4688,4850
4689,4690
4689,4850
4689,4851
4690,4691
4690,4851
4690,4852
4691,4692
4691,4852
4691,4853
4692,4693
4692,4853
4692,4854
4693,4694
4693,4854
4693,4855
4694,4695
4694,4855
4694,4856
4695,4696
4695,4856
4695,4857
4696,4697
4696,4857
4696,4858
4697,4698
4697,4858
4697,4859
4698,4699
4698,4859
4698,4860
4699,4700
4699,4860
4699,4861
4700,4701
4700,4861
4700,4862
4701,4702
4701,4862
4701,4863
4702,4703
4702,4863
4702,4864
4703,4704
4703,4864
4703,4865
4704,4705
4704,4865
4704,4866
4705,4706
4705,4866
4705,4867
4706,4707
4706,4867
4706,4868
4707,4708
4707,4868
4707,4869
4708,4709
4708,4869
4708,4870
4709,4710
4709,4870
4709,4871
4710,4711
4710,4871
4710,4872
4711,4712
4711,4872
4711,4873
4712,4713
4712,4873
4712,4874
4713,4714
4713,4874
4713,4875
4714,4715
4714,4875
4714,4876
4715,4716
4715,4876
4715,4877
4716,4717
4716,4877
4716,4878
4717,4718
4717,4878
4717,4879
4718,4719
4718,4879
4718,4880
4719,4720
4719,4880
4719,4881
4720,4721
4720,4881
4720,4882
4721,4722
4721,4882
4721,4883
4722,4723
4722,4883
4722,4884
4723,4724
4723,4884
4723,4885
4724,4725
4724,4885
4724,4886
4725,4726
4725,4886
4725,4887
4726,4727
4726,4887
4726,4888
4727,4728
4727,4888
4727,4889
4728,4729
4728,4889
4728,4890
4729,4730
4729,4890
4729,4891
4730,4731
4730,4891
4730,4892
4731,4732
4731,4892
4731,4893
4732,4733
4732,4893
4732,4894
4733,4734
4733,4894
4733,4895
4734,4735
4734,4895
4734,4896
4735,4736
4735,4896
4735,4897
4736,4737
4736,4897
4736,4898
4737,4738
4737,4898
4737,4899
4738,4739
4738,4899
4738,4900
4739,4740
4739,4900
4739,4901
4740,4741
4740,4901
4740,4902
4741,4742
4741,4902
4741,4903
4742,4743
4742,4903
4742,4904
4743,4744
4743,4904
4743,4905
4744,4745
4744,4905
4744,4906
4745,4746
4745,4906
4745,4907
4746,4747
4746,4907
4746,4908
4747,4748
4747,4908
4747,4909
4748,4749
4748,4909
4748,4910
4749,4750
4749,4910
4749,4911
4750,4751
4750,4911
4750,4912
4751,4752
4751,4912
4751,4913
4752,4753
4752,4913
4752,4914
4753,4754
4753,4914
4753,4915
4754,4755
4754,4915
4754,4916
4755,4756
4755,4916
4755,4917
4756,4757
4756,4917
4756,4918
4757,4758
4757,4918
4757,4919
4758,4759
4758,4919
4758,4920
4759,4760
4759,4920
4759,4921
4760,4761
4760,4921
4760,4922
4761,4762
4761,4922
4761,4923
4762,4763
4762,4923
4762,4924
4763,4764
4763,4924
4763,4925
4764,4765
4764,4925
4764,4926
4765,4766
4765,4926
4765,4927
4766,4767
4766,4927
4766,4928
4767,4768
4767,4928
4767,4929
4768,4769
4768,4929
4768,4930
4769,4770
4769,4930
4769,4931
4770,4771
4770,4931
4770,4932
4771,4772
4771,4932
4771,4933
4772,4773
4772,4933
4772,4934
4773,4774
4773,4934
4773,4935
4774,4775
4774,4935
4774,4936
4775,4776
4775,4936
4775,4937
4776,4777
4776,4937
4776,4938
4777,4778
4777,4938
4777,4939
4778,4779
4778,4939
4778,4940
4779,4780
4779,4940
4779,4941
4780,4781
4780,4941
4780,4942
4781,4782
4781,4942
4781,4943
4782,4783
4782,4943
4782,4944
4783,4784
4783,4944
4783,4945
4784,4785
4784,4945
4784,4946
4785,4786
4785,4946
4785,4947
4786,4787
4786,4947
4786,4948
4787,4788
4787,4948
4787,4949
4788,4789
4788,4949
4788,4950
4789,4790
4789,4950
4789,4951
4790,4791
4790,4951
4790,4952
4791,4792
4791,4952
4791,4953
4792,4793
4792,4953
4792,4954
4793,4794
4793,4954
4793,4955
4794,4795
4794,4955
4794,4956
4795,4796
4795,4956
4795,4957
4796,4797
4796,4957
4796,4958
4797,4798
4797,4958
4797,4959
4798,4799
4798,4959
4798,4960
4799,4800
4799,4960
4799,4961
4800,4801
4800,4961
4800,4962
4801,4802
4801,4962
4801,4963
4802,4803
4802,4963
4802,4964
4803,4804
4803,4964
4803,4965
4804,4805
4804,4965
4804,4966
4805,4806
4805,4966
4805,4967
4806,4807
4806,4967
4806,4968
4807,4808
4807,4968
4807,4969
4808,4809
4808,4969
4808,4970
4809,4810
4809,4970
4809,4971
4810,4811
4810,4971
4810,4972
4811,4812
4811,4972
4811,4973
4812,4813
4812,4973
4812,4974
4813,4814
4813,4974
4813,4975
4814,4815
4814,4975
4814,4976
4815,4816
4815,4976
4815,4977
4816,4817
4816,4977
4816,4978
4817,4818
4817,4978
4817,4979
4818,4819
4818,4979
4818,4980
4819,4820
4819,4980
4819,4981
4820,4821
4820,4981
4820,4982
4821,4822
4821,4982
4821,4983
4822,4823
4822,4983
4822,4984
4823,4824
4823,4984
4823,4985
4824,4825
4824,4985
4824,4986
4825,4826
4825,4986
4825,4987
4826,4827
4826,4987
4826,4988
4827,4828
4827,4988
4827,4989
4828,4829
4828,4989
4828,4990
4829,4990
4830,4831
4830,4991
4830,4992
4831,4832
4831,4992
4831,4993
4832,4833
4832,4993
4832,4994
4833,4834
4833,4994
4833,4995
4834,4835
4834,4995
4834,4996
4835,4836
4835,4996
4835,4997
4836,4837
4836,4997
4836,4998
4837,4838
4837,4998
4837,4999
4838,4839
4838,4999
4838,5000
4839,4840
4839,5000
4839,5001
4840,4841
4840,5001
4840,5002
4841,4842
4841,5002
4841,5003
4842,4843
4842,5003
4842,5004
4843,4844
4843,5004
4843,5005
4844,4845
4844,5005
4844,5006
4845,4846
4845,5006
4845,5007
4846,4847
4846,5007
4846,5008
4847,4848
4847,5008
4847,5009
4848,4849
4848,5009
4848,5010
4849,4850
4849,5010
4849,5011
4850,4851
4850,5011
4850,5012
4851,4852
4851,5012
4851,5013
4852,4853
4852,5013
4852,5014
4853,4854
4853,5014
4853,5015
4854,4855
4854,5015
4854,5016
4855,4856
4855,5016
4855,5017
4856,4857
4856,5017
4856,5018
4857,4858
4857,5018
4857,5019
4858,4859
4858,5019
4858,5020
4859,4860
4859,5020
4859,5021
4860,4861
4860,5021
4860,5022
4861,4862
4861,5022
4861,5023
4862,4863
4862,5023
4862,5024
4863,4864
4863,5024
4863,5025
4864,4865
4864,5025
4864,5026
4865,4866
4865,5026
4865,5027
4866,4867
4866,5027
4866,5028
4867,4868
4867,5028
4867,5029
4868,4869
4868,5029
4868,5030
4869,4870
4869,5030
4869,5031
4870,4871
4870,5031
4870,5032
4871,4872
4871,5032
4871,5033
4872,4873
4872,5033
4872,5034
4873,4874
4873,5034
4873,5035
4874,4875
4874,5035
4874,5036
4875,4876
4875,5036
4875,5037
4876,4877
4876,5037
4876,5038
4877,4878
4877,5038
4877,5039
4878,4879
4878,5039
4878,5040
4879,4880
4879,5040
4879,5041
4880,4881
4880,5041
4880,5042
4881,4882
4881,5042
4881,5043
4882,4883
4882,5043
4882,5044
4883,4884
4883,5044
4883,5045
4884,4885
4884,5045
4884,5046
4885,4886
4885,5046
4885,5047
4886,4887
4886,5047
4886,5048
4887,4888
4887,5048
4887,5049
4888,4889
4888,5049
4888,5050
4889,4890
4889,5050
4889,5051
4890,4891
4890,5051
4890,5052
4891,4892
4891,5052
4891,5053
4892,4893
4892,5053
4892,5054
4893,4894
4893,5054
4893,5055
4894,4895
4894,5055
4894,5056
4895,4896
4895,5056
4895,5057
4896,4897
4896,5057
4896,5058
4897,4898
4897,5058
4897,5059
4898,4899
4898,5059
4898,5060
4899,4900
4899,5060
4899,5061
4900,4901
4900,5061
4900,5062
4901,4902
4901,5062
4901,5063
4902,4903
4902,5063
4902,5064
4903,4904
4903,5064
4903,5065
4904,4905
4904,5065
4904,5066
4905,4906
4905,5066
4905,5067
4906,4907
4906,5067
4906,5068
4907,4908
4907,5068
4907,5069
4908,4909
4908,5069
4908,5070
4909,4910
4909,5070
4909,5071
4910,4911
4910,5071
4910,5072
4911,4912
4911,5072
4911,5073
4912,4913
4912,5073
4912,5074
4913,4914
4913,5074
4913,5075
4914,4915
4914,5075
4914,5076
4915,4916
4915,5076
4915,5077
4916,4917
4916,5077
4916,5078
4917,4918
4917,5078
4917,5079
4918,4919
4918,5079
4918,5080
4919,4920
4919,5080
4919,5081
4920,4921
4920,5081
4920,5082
4921,4922
4921,5082
4921,5083
4922,4923
4922,5083
4922,5084
4923,4924
4923,5084
4923,5085
4924,4925
4924,5085
4924,5086
4925,4926
4925,5086
4925,5087
4926,4927
4926,5087
4926,5088
4927,4928
4927,5088
4927,5089
4928,4929
4928,5089
4928,5090
4929,4930
4929,5090
4929,5091
4930,4931
4930,5091
4930,5092
4931,4932
4931,5092
4931,5093
4932,4933
4932,5093
4932,5094
4933,4934
4933,5094
4933,5095
4934,4935
4934,5095
4934,5096
4935,4936
4935,5096
4935,5097
4936,4937
4936,5097
4936,5098
4937,4938
4937,5098
4937,5099
4938,4939
4938,5099
4938,5100
4939,4940
4939,5100
4939,5101
4940,4941
4940,5101
4940,5102
4941,4942
4941,5102
4941,5103
4942,4943
4942,5103
4942,5104
4943,4944
4943,5104
4943,5105
4944,4945
4944,5105
4944,5106
4945,4946
4945,5106
4945,5107
4946,4947
4946,5107
4946,5108
4947,4948
4947,5108
4947,5109
4948,4949
4948,5109
4948,5110
4949,4950
4949,5110
4949,5111
4950,4951
4950,5111
4950,5112
4951,4952
4951,5112
4951,5113
4952,4953
4952,5113
4952,5114
4953,4954
4953,5114
4953,5115
4954,4955
4954,5115
4954,5116
4955,4956
4955,5116
4955,5117
4956,4957
4956,5117
4956,5118
4957,4958
4957,5118
4957,5119
4958,4959
4958,5119
4958,5120
4959,4960
4959,5120
4959,5121
4960,4961
4960,5121
4960,5122
4961,4962
4961,5122
4961,5123
4962,4963
4962,5123
4962,5124
4963,4964
4963,5124
4963,5125
4964,4965
4964,5125
4964,5126
4965,4966
4965,5126
4965,5127
4966,4967
4966,5127
4966,5128
4967,4968
4967,5128
4967,5129
4968,4969
4968,5129
4968,5130
4969,4970
4969,5130
4969,5131
4970,4971
4970,5131
4970,5132
4971,4972
4971,5132
4971,5133
4972,4973
4972,5133
4972,5134
4973,4974
4973,5134
4973,5135
4974,4975
4974,5135
4974,5136
4975,4976
4975,5136
4975,5137
4976,4977
4976,5137
4976,5138
4977,4978
4977,5138
4977,5139
4978,4979
4978,5139
4978,5140
4979,4980
4979,5140
4979,5141
4980,4981
4980,5141
4980,5142
4981,4982
4981,5142
4981,5143
4982,4983
4982,5143
4982,5144
4983,4984
4983,5144
4983,5145
4984,4985
4984,5145
4984,5146
4985,4986
4985,5146
4985,5147
4986,4987
4986,5147
4986,5148
4987,4988
4987,5148
4987,5149
4988,4989
4988,5149
4988,5150
4989,4990
4989,5150
4989,5151
4990,5151
4991,4992
4991,5152
4991,5153
4992,4993
4992,5153
4992,5154
4993,4994
4993,5154
4993,5155
4994,4995
4994,5155
4994,5156
4995,4996
4995,5156
4995,5157
4996,4997
4996,5157
4996,5158
4997,4998
4997,5158
4997,5159
4998,4999
4998,5159
4998,5160
4999,5000
4999,5160
4999,5161
5000,5001
5000,5161
5000,5162
5001,5002
5001,5162
5001,5163
5002,5003
5002,5163
5002,5164
5003,5004
5003,5164
5003,5165
5004,5005
5004,5165
5004,5166
5005,5006
5005,5166
5005,5167
5006,5007
5006,5167
5006,5168
5007,5008
5007,5168
5007,5169
5008,5009
5008,5169
5008,5170
5009,5010
5009,5170
5009,5171
5010,5011
5010,5171
5010,5172
5011,5012
5011,5172
5011,5173
5012,5013
5012,5173
5012,5174
5013,5014
5013,5174
5013,5175
5014,5015
5014,5175
5014,5176
5015,5016
5015,5176
5015,5177
5016,5017
5016,5177
5016,5178
5017,5018
5017,5178
5017,5179
5018,5019
5018,5179
5018,5180
5019,5020
5019,5180
5019,5181
5020,5021
5020,5181
5020,5182
5021,5022
5021,5182
5021,5183
5022,5023
5022,5183
5022,5184
5023,5024
5023,5184
5023,5185
5024,5025
5024,5185
5024,5186
5025,5026
5025,5186
5025,5187
5026,5027
5026,5187
5026,5188
5027,5028
5027,5188
5027,5189
5028,5029
5028,5189
5028,5190
5029,5030
5029,5190
5029,5191
5030,5031
5030,5191
5030,5192
5031,5032
5031,5192
5031,5193
5032,5033
5032,5193
5032,5194
5033,5034
5033,5194
5033,5195
5034,5035
5034,5195
5034,5196
5035,5036
5035,5196
5035,5197
5036,5037
5036,5197
5036,5198
5037,5038
5037,5198
5037,5199
5038,5039
5038,5199
5038,5200
5039,5040
5039,5200
5039,5201
5040,5041
5040,5201
5040,5202
5041,5042
5041,5202
5041,5203
5042,5043
5042,5203
5042,5204
5043,5044
5043,5204
5043,5205
5044,5045
5044,5205
5044,5206
5045,5046
5045,5206
5045,5207
5046,5047
5046,5207
5046,5208
5047,5048
5047,5208
5047,5209
5048,5049
5048,5209
5048,5210
5049,5050
5049,5210
5049,5211
5050,5051
5050,5211
5050,5212
5051,5052
5051,5212
5051,5213
5052,5053
5052,5213
5052,5214
5053,5054
5053,5214
5053,5215
5054,5055
5054,5215
5054,5216
5055,5056
5055,5216
5055,5217
5056,5057
5056,5217
5056,5218
5057,5058
5057,5218
5057,5219
5058,5059
5058,5219
5058,5220
5059,5060
5059,5220
5059,5221
5060,5061
5060,5221
5060,5222
5061,5062
5061,5222
5061,5223
5062,5063
5062,5223
5062,5224
5063,5064
5063,5224
5063,5225
5064,5065
5064,5225
5064,5226
5065,5066
5065,5226
5065,5227
5066,5067
5066,5227
5066,5228
5067,5068
5067,5228
5067,5229
5068,5069
5068,5229
5068,5230
5069,5070
5069,5230
5069,5231
5070,5071
5070,5231
5070,5232
5071,5072
5071,5232
5071,5233
5072,5073
5072,5233
5072,5234
5073,5074
5073,5234
5073,5235
5074,5075
5074,5235
5074,5236
5075,5076
5075,5236
5075,5237
5076,5077
5076,5237
5076,5238
5077,5078
5077,5238
5077,5239
5078,5079
5078,5239
5078,5240
5079,5080
5079,5240
5079,5241
5080,5081
5080,5241
5080,5242
5081,5082
5081,5242
5081,5243
5082,5083
5082,5243
5082,5244
5083,5084
5083,5244
5083,5245
5084,5085
5084,5245
5084,5246
5085,5086
5085,5246
5085,5247
5086,5087
5086,5247
5086,5248
5087,5088
5087,5248
5087,5249
5088,5089
5088,5249
5088,5250
5089,5090
5089,5250
5089,5251
5090,5091
5090,5251
5090,5252
5091,5092
5091,5252
5091,5253
5092,5093
5092,5253
5092,5254
5093,5094
5093,5254
5093,5255
5094,5095
5094,5255
5094,5256
5095,5096
5095,5256
5095,5257
5096,5097
5096,5257
5096,5258
5097,5098
5097,5258
5097,5259
5098,5099
5098,5259
5098,5260
5099,5100
5099,5260
5099,5261
5100,5101
5100,5261
5100,5262
5101,5102
5101,5262
5101,5263
5102,5103
5102,5263
5102,5264
5103,5104
5103,5264
5103,5265
5104,5105
5104,5265
5104,5266
5105,5106
5105,5266
5105,5267
5106,5107
5106,5267
5106,5268
5107,5108
5107,5268
5107,5269
5108,5109
5108,5269
5108,5270
5109,5110
5109,5270
5109,5271
5110,5111
5110,5271
5110,5272
5111,5112
5111,5272
5111,5273
5112,5113
5112,5273
5112,5274
5113,5114
5113,5274
5113,5275
5114,5115
5114,5275
5114,5276
5115,5116
5115,5276
5115,5277
5116,5117
5116,5277
5116,5278
5117,5118
5117,5278
5117,5279
5118,5119
5118,5279
5118,5280
5119,5120
5119,5280
5119,5281
5120,5121
5120,5281
5120,5282
5121,5122
5121,5282
5121,5283
5122,5123
5122,5283
5122,5284
5123,5124
5123,5284
5123,5285
5124,5125
5124,5285
5124,5286
5125,5126
5125,5286
5125,5287
5126,5127
5126,5287
5126,5288
5127,5128
5127,5288
5127,5289
5128,5129
5128,5289
5128,5290
5129,5130
5129,5290
5129,5291
5130,5131
5130,5291
5130,5292
5131,5132
5131,5292
5131,5293
5132,5133
5132,5293
5132,5294
5133,5134
5133,5294
5133,5295
5134,5135
5134,5295
5134,5296
5135,5136
5135,5296
5135,5297
5136,5137
5136,5297
5136,5298
5137,5138
5137,5298
5137,5299
5138,5139
5138,5299
5138,5300
5139,5140
5139,5300
5139,5301
5140,5141
5140,5301
5140,5302
5141,5142
5141,5302
5141,5303
5142,5143
5142,5303
5142,5304
5143,5144
5143,5304
5143,5305
5144,5145
5144,5305
5144,5306
5145,5146
5145,5306
5145,5307
5146,5147
5146,5307
5146,5308
5147,5148
5147,5308
5147,5309
5148,5149
5148,5309
5148,5310
5149,5150
5149,5310
5149,5311
5150,5151
5150,5311
5150,5312
5151,5312
5152,5153
5152,5313
5152,5314
5153,5154
5153,5314
5153,5315
5154,5155
5154,5315
5154,5316
5155,5156
5155,5316
5155,5317
5156,5157
5156,5317
5156,5318
5157,5158
5157,5318
5157,5319
5158,5159
5158,5319
5158,5320
5159,5160
5159,5320
5159,5321
5160,5161
5160,5321
5160,5322
5161,5162
5161,5322
5161,5323
5162,5163
5162,5323
5162,5324
5163,5164
5163,5324
5163,5325
5164,5165
5164,5325
5164,5326
5165,5166
5165,5326
5165,5327
5166,5167
5166,5327
5166,5328
5167,5168
5167,5328
5167,5329
5168,5169
5168,5329
5168,5330
5169,5170
5169,5330
5169,5331
5170,5171
5170,5331
5170,5332
5171,5172
5171,5332
5171,5333
5172,5173
5172,5333
5172,5334
5173,5174
5173,5334
5173,5335
5174,5175
5174,5335
5174,5336
5175,5176
5175,5336
5175,5337
5176,5177
5176,5337
5176,5338
5177,5178
5177,5338
5177,5339
5178,5179
5178,5339
5178,5340
5179,5180
5179,5340
5179,5341
5180,5181
5180,5341
5180,5342
5181,5182
5181,5342
5181,5343
5182,5183
5182,5343
5182,5344
5183,5184
5183,5344
5183,5345
5184,5185
5184,5345
5184,5346
5185,5186
5185,5346
5185,5347
5186,5187
5186,5347
5186,5348
5187,5188
5187,5348
5187,5349
5188,5189
5188,5349
5188,5350
5189,5190
5189,5350
5189,5351
5190,5191
5190,5351
5190,5352
5191,5192
5191,5352
5191,5353
5192,5193
5192,5353
5192,5354
5193,5194
5193,5354
5193,5355
5194,5195
5194,5355
5194,5356
5195,5196
5195,5356
5195,5357
5196,5197
5196,5357
5196,5358
5197,5198
5197,5358
5197,5359
5198,5199
5198,5359
5198,5360
5199,5200
5199,5360
5199,5361
5200,5201
5200,5361
5200,5362
5201,5202
5201,5362
5201,5363
5202,5203
5202,5363
5202,5364
5203,5204
5203,5364
5203,5365
5204,5205
5204,5365
5204,5366
5205,5206
5205,5366
5205,5367
5206,5207
5206,5367
5206,5368
5207,5208
5207,5368
5207,5369
5208,5209
5208,5369
5208,5370
5209,5210
5209,5370
5209,5371
5210,5211
5210,5371
5210,5372
5211,5212
5211,5372
5211,5373
5212,5213
5212,5373
5212,5374
5213,5214
5213,5374
5213,5375
5214,5215
5214,5375
5214,5376
5215,5216
5215,5376
5215,5377
5216,5217
5216,5377
5216,5378
5217,5218
5217,5378
5217,5379
5218,5219
5218,5379
5218,5380
5219,5220
5219,5380
5219,5381
5220,5221
5220,5381
5220,5382
5221,5222
5221,5382
5221,5383
5222,5223
5222,5383
5222,5384
5223,5224
5223,5384
5223,5385
5224,5225
5224,5385
5224,5386
5225,5226
5225,5386
5225,5387
5226,5227
5226,5387
5226,5388
5227,5228
5227,5388
5227,5389
5228,5229
5228,5389
5228,5390
5229,5230
5229,5390
5229,5391
5230,5231
5230,5391
5230,5392
5231,5232
5231,5392
5231,5393
5232,5233
5232,5393
5232,5394
5233,5234
5233,5394
5233,5395
5234,5235
5234,5395
5234,5396
5235,5236
5235,5396
5235,5397
5236,5237
5236,5397
5236,5398
5237,5238
5237,5398
5237,5399
5238,5239
5238,5399
5238,5400
5239,5240
5239,5400
5239,5401
5240,5241
5240,5401
5240,5402
5241,5242
5241,5402
5241,5403
5242,5243
5242,5403
5242,5404
5243,5244
5243,5404
5243,5405
5244,5245
5244,5405
5244,5406
5245,5246
5245,5406
5245,5407
5246,5247
5246,5407
5246,5408
5247,5248
5247,5408
5247,5409
5248,5249
5248,5409
5248,5410
5249,5250
5249,5410
5249,5411
5250,5251
5250,5411
5250,5412
5251,5252
5251,5412
5251,5413
5252,5253
5252,5413
5252,5414
5253,5254
5253,5414
5253,5415
5254,5255
5254,5415
5254,5416
5255,5256
5255,5416
5255,5417
5256,5257
5256,5417
5256,5418
5257,5258
5257,5418
5257,5419
5258,5259
5258,5419
5258,5420
5259,5260
5259,5420
5259,5421
5260,5261
5260,5421
5260,5422
5261,5262
5261,5422
5261,5423
5262,5263
5262,5423
5262,5424
5263,5264
5263,5424
5263,5425
5264,5265
5264,5425
5264,5426
5265,5266
5265,5426
5265,5427
5266,5267
5266,5427
5266,5428
5267,5268
5267,5428
5267,5429
5268,5269
5268,5429
5268,5430
5269,5270
5269,5430
5269,5431
5270,5271
5270,5431
5270,5432
5271,5272
5271,5432
5271,5433
5272,5273
5272,5433
5272,5434
5273,5274
5273,5434
5273,5435
5274,5275
5274,5435
5274,5436
5275,5276
5275,5436
5275,5437
5276,5277
5276,5437
5276,5438
5277,5278
5277,5438
5277,5439
5278,5279
5278,5439
5278,5440
5279,5280
5279,5440
5279,5441
5280,5281
5280,5441
5280,5442
5281,5282
5281,5442
5281,5443
5282,5283
5282,5443
5282,5444
5283,5284
5283,5444
5283,5445
5284,5285
5284,5445
5284,5446
5285,5286
5285,5446
5285,5447
5286,5287
5286,5447
5286,5448
5287,5288
5287,5448
5287,5449
5288,5289
5288,5449
5288,5450
5289,5290
5289,5450
5289,5451
5290,5291
5290,5451
5290,5452
5291,5292
5291,5452
5291,5453
5292,5293
5292,5453
5292,5454
5293,5294
5293,5454
5293,5455
5294,5295
5294,5455
5294,5456
5295,5296
5295,5456
5295,5457
5296,5297
5296,5457
5296,5458
5297,5298
5297,5458
5297,5459
5298,5299
5298,5459
5298,5460
5299,5300
5299,5460
5299,5461
5300,5301
5300,5461
5300,5462
5301,5302
5301,5462
5301,5463
5302,5303
5302,5463
5302,5464
5303,5304
5303,5464
5303,5465
5304,5305
5304,5465
5304,5466
5305,5306
5305,5466
5305,5467
5306,5307
5306,5467
5306,5468
5307,5308
5307,5468
5307,5469
5308,5309
5308,5469
5308,5470
5309,5310
5309,5470
5309,5471
5310,5311
5310,5471
5310,5472
5311,5312
5311,5472
5311,5473
5312,5473
5313,5314
5313,5474
5313,5475
5314,5315
5314,5475
5314,5476
5315,5316
5315,5476
5315,5477
5316,5317
5316,5477
5316,5478
5317,5318
5317,5478
5317,5479
5318,5319
5318,5479
5318,5480
5319,5320
5319,5480
5319,5481
5320,5321
5320,5481
5320,5482
5321,5322
5321,5482
5321,5483
5322,5323
5322,5483
5322,5484
5323,5324
5323,5484
5323,5485
5324,5325
5324,5485
5324,5486
5325,5326
5325,5486
5325,5487
5326,5327
5326,5487
5326,5488
5327,5328
5327,5488
5327,5489
5328,5329
5328,5489
5328,5490
5329,5330
5329,5490
5329,5491
5330,5331
5330,5491
5330,5492
5331,5332
5331,5492
5331,5493
5332,5333
5332,5493
5332,5494
5333,5334
5333,5494
5333,5495
5334,5335
5334,5495
5334,5496
5335,5336
5335,5496
5335,5497
5336,5337
5336,5497
5336,5498
5337,5338
5337,5498
5337,5499
5338,5339
5338,5499
5338,5500
5339,5340
5339,5500
5339,5501
5340,5341
5340,5501
5340,5502
5341,5342
5341,5502
5341,5503
5342,5343
5342,5503
5342,5504
5343,5344
5343,5504
5343,5505
5344,5345
5344,5505
5344,5506
5345,5346
5345,5506
5345,5507
5346,5347
5346,5507
5346,5508
5347,5348
5347,5508
5347,5509
5348,5349
5348,5509
5348,5510
5349,5350
5349,5510
5349,5511
5350,5351
5350,5511
5350,5512
5351,5352
5351,5512
5351,5513
5352,5353
5352,5513
5352,5514
5353,5354
5353,5514
5353,5515
5354,5355
5354,5515
5354,5516
5355,5356
5355,5516
5355,5517
5356,5357
5356,5517
5356,5518
5357,5358
5357,5518
5357,5519
5358,5359
5358,5519
5358,5520
5359,5360
5359,5520
5359,5521
5360,5361
5360,5521
5360,5522
5361,5362
5361,5522
5361,5523
5362,5363
5362,5523
5362,5524
5363,5364
5363,5524
5363,5525
5364,5365
5364,5525
5364,5526
5365,5366
5365,5526
5365,5527
5366,5367
5366,5527
5366,5528
5367,5368
5367,5528
5367,5529
5368,5369
5368,5529
5368,5530
5369,5370
5369,5530
5369,5531
5370,5371
5370,5531
5370,5532
5371,5372
5371,5532
5371,5533
5372,5373
5372,5533
5372,5534
5373,5374
5373,5534
5373,5535
5374,5375
5374,5535
5374,5536
5375,5376
5375,5536
5375,5537
5376,5377
5376,5537
5376,5538
5377,5378
5377,5538
5377,5539
5378,5379
5378,5539
5378,5540
5379,5380
5379,5540
5379,5541
5380,5381
5380,5541
5380,5542
5381,5382
5381,5542
5381,5543
5382,5383
5382,5543
5382,5544
5383,5384
5383,5544
5383,5545
5384,5385
5384,5545
5384,5546
5385,5386
5385,5546
5385,5547
5386,5387
5386,5547
5386,5548
5387,5388
5387,5548
5387,5549
5388,5389
5388,5549
5388,5550
5389,5390
5389,5550
5389,5551
5390,5391
5390,5551
5390,5552
5391,5392
5391,5552
5391,5553
5392,5393
5392,5553
5392,5554
5393,5394
5393,5554
5393,5555
5394,5395
5394,5555
5394,5556
5395,5396
5395,5556
5395,5557
5396,5397
5396,5557
5396,5558
5397,5398
5397,5558
5397,5559
5398,5399
5398,5559
5398,5560
5399,5400
5399,5560
5399,5561
5400,5401
5400,5561
5400,5562
5401,5402
5401,5562
5401,5563
5402,5403
5402,5563
5402,5564
5403,5404
5403,5564
5403,5565
5404,5405
5404,5565
5404,5566
5405,5406
5405,5566
5405,5567
5406,5407
5406,5567
5406,5568
5407,5408
5407,5568
5407,5569
5408,5409
5408,5569
5408,5570
5409,5410
5409,5570
5409,5571
5410,5411
5410,5571
5410,5572
5411,5412
5411,5572
5411,5573
5412,5413
5412,5573
5412,5574
5413,5414
5413,5574
5413,5575
5414,5415
5414,5575
5414,5576
5415,5416
5415,5576
5415,5577
5416,5417
5416,5577
5416,5578
5417,5418
5417,5578
5417,5579
5418,5419
5418,5579
5418,5580
5419,5420
5419,5580
5419,5581
5420,5421
5420,5581
5420,5582
5421,5422
5421,5582
5421,5583
5422,5423
5422,5583
5422,5584
5423,5424
5423,5584
5423,5585
5424,5425
5424,5585
5424,5586
5425,5426
5425,5586
5425,5587
5426,5427
5426,5587
5426,5588
5427,5428
5427,5588
5427,5589
5428,5429
5428,5589
5428,5590
5429,5430
5429,5590
5429,5591
5430,5431
5430,5591
5430,5592
5431,5432
5431,5592
5431,5593
5432,5433
5432,5593
5432,5594
5433,5434
5433,5594
5433,5595
5434,5435
5434,5595
5434,5596
5435,5436
5435,5596
5435,5597
5436,5437
5436,5597
5436,5598
5437,5438
5437,5598
5437,5599
5438,5439
5438,5599
5438,5600
5439,5440
5439,5600
5439,5601
5440,5441
5440,5601
5440,5602
5441,5442
5441,5602
5441,5603
5442,5443
5442,5603
5442,5604
5443,5444
5443,5604
5443,5605
5444,5445
5444,5605
5444,5606
5445,5446
5445,5606
5445,5607
5446,5447
5446,5607
5446,5608
5447,5448
5447,5608
5447,5609
5448,5449
5448,5609
5448,5610
5449,5450
5449,5610
5449,5611
5450,5451
5450,5611
5450,5612
5451,5452
5451,5612
5451,5613
5452,5453
5452,5613
5452,5614
5453,5454
5453,5614
5453,5615
5454,5455
5454,5615
5454,5616
5455,5456
5455,5616
5455,5617
5456,5457
5456,5617
5456,5618
5457,5458
5457,5618
5457,5619
5458,5459
5458,5619
5458,5620
5459,5460
5459,5620
5459,5621
5460,5461
5460,5621
5460,5622
5461,5462
5461,5622
5461,5623
5462,5463
5462,5623
5462,5624
5463,5464
5463,5624
5463,5625
5464,5465
5464,5625
5464,5626
5465,5466
5465,5626
5465,5627
5466,5467
5466,5627
5466,5628
5467,5468
5467,5628
5467,5629
5468,5469
5468,5629
5468,5630
5469,5470
5469,5630
5469,5631
5470,5471
5470,5631
5470,5632
5471,5472
5471,5632
5471,5633
5472,5473
5472,5633
5472,5634
5473,5634
5474,5475
5474,5635
5474,5636
5475,5476
5475,5636
5475,5637
5476,5477
5476,5637
5476,5638
5477,5478
5477,5638
5477,5639
5478,5479
5478,5639
5478,5640
5479,5480
5479,5640
5479,5641
5480,5481
5480,5641
5480,5642
5481,5482
5481,5642
5481,5643
5482,5483
5482,5643
5482,5644
5483,5484
5483,5644
5483,5645
5484,5485
5484,5645
5484,5646
5485,5486
5485,5646
5485,5647
5486,5487
5486,5647
5486,5648
5487,5488
5487,5648
5487,5649
5488,5489
5488,5649
5488,5650
5489,5490
5489,5650
5489,5651
5490,5491
5490,5651
5490,5652
5491,5492
5491,5652
5491,5653
5492,5493
5492,5653
5492,5654
5493,5494
5493,5654
5493,5655
5494,5495
5494,5655
5494,5656
5495,5496
5495,5656
5495,5657
5496,5497
5496,5657
5496,5658
5497,5498
5497,5658
5497,5659
5498,5499
5498,5659
5498,5660
5499,5500
5499,5660
5499,5661
5500,5501
5500,5661
5500,5662
5501,5502
5501,5662
5501,5663
5502,5503
5502,5663
5502,5664
5503,5504
5503,5664
5503,5665
5504,5505
5504,5665
5504,5666
5505,5506
5505,5666
5505,5667
5506,5507
5506,5667
5506,5668
5507,5508
5507,5668
5507,5669
5508,5509
5508,5669
5508,5670
5509,5510
5509,5670
5509,5671
5510,5511
5510,5671
5510,5672
5511,5512
5511,5672
5511,5673
5512,5513
5512,5673
5512,5674
5513,5514
5513,5674
5513,5675
5514,5515
5514,5675
5514,5676
5515,5516
5515,5676
5515,5677
5516,5517
5516,5677
5516,5678
5517,5518
5517,5678
5517,5679
5518,5519
5518,5679
5518,5680
5519,5520
5519,5680
5519,5681
5520,5521
5520,5681
5520,5682
5521,5522
5521,5682
5521,5683
5522,5523
5522,5683
5522,5684
5523,5524
5523,5684
5523,5685
5524,5525
5524,5685
5524,5686
5525,5526
5525,5686
5525,5687
5526,5527
5526,5687
5526,5688
5527,5528
5527,5688
5527,5689
5528,5529
5528,5689
5528,5690
5529,5530
5529,5690
5529,5691
5530,5531
5530,5691
5530,5692
5531,5532
5531,5692
5531,5693
5532,5533
5532,5693
5532,5694
5533,5534
5533,5694
5533,5695
5534,5535
5534,5695
5534,5696
5535,5536
5535,5696
5535,5697
5536,5537
5536,5697
5536,5698
5537,5538
5537,5698
5537,5699
5538,5539
5538,5699
5538,5700
5539,5540
5539,5700
5539,5701
5540,5541
5540,5701
5540,5702
5541,5542
5541,5702
5541,5703
5542,5543
5542,5703
5542,5704
5543,5544
5543,5704
5543,5705
5544,5545
5544,5705
5544,5706
5545,5546
5545,5706
5545,5707
5546,5547
5546,5707
5546,5708
5547,5548
5547,5708
5547,5709
5548,5549
5548,5709
5548,5710
5549,5550
5549,5710
5549,5711
5550,5551
5550,5711
5550,5712
5551,5552
5551,5712
5551,5713
5552,5553
5552,5713
5552,5714
5553,5554
5553,5714
5553,5715
5554,5555
5554,5715
5554,5716
5555,5556
5555,5716
5555,5717
5556,5557
5556,5717
5556,5718
5557,5558
5557,5718
5557,5719
5558,5559
5558,5719
5558,5720
5559,5560
5559,5720
5559,5721
5560,5561
5560,5721
5560,5722
5561,5562
5561,5722
5561,5723
5562,5563
5562,5723
5562,5724
5563,5564
5563,5724
5563,5725
5564,5565
5564,5725
5564,5726
5565,5566
5565,5726
5565,5727
5566,5567
5566,5727
5566,5728
5567,5568
5567,5728
5567,5729
5568,5569
5568,5729
5568,5730
5569,5570
5569,5730
5569,5731
5570,5571
5570,5731
5570,5732
5571,5572
5571,5732
5571,5733
5572,5573
5572,5733
5572,5734
5573,5574
5573,5734
5573,5735
5574,5575
5574,5735
5574,5736
5575,5576
5575,5736
5575,5737
5576,5577
5576,5737
5576,5738
5577,5578
5577,5738
5577,5739
5578,5579
5578,5739
5578,5740
5579,5580
5579,5740
5579,5741
5580,5581
5580,5741
5580,5742
5581,5582
5581,5742
5581,5743
5582,5583
5582,5743
5582,5744
5583,5584
5583,5744
5583,5745
5584,5585
5584,5745
5584,5746
5585,5586
5585,5746
5585,5747
5586,5587
5586,5747
5586,5748
5587,5588
5587,5748
5587,5749
5588,5589
5588,5749
5588,5750
5589,5590
5589,5750
5589,5751
5590,5591
5590,5751
5590,5752
5591,5592
5591,5752
5591,5753
5592,5593
5592,5753
5592,5754
5593,5594
5593,5754
5593,5755
5594,5595
5594,5755
5594,5756
5595,5596
5595,5756
5595,5757
5596,5597
5596,5757
5596,5758
5597,5598
5597,5758
5597,5759
5598,5599
5598,5759
5598,5760
5599,5600
5599,5760
5599,5761
5600,5601
5600,5761
5600,5762
5601,5602
5601,5762
5601,5763
5602,5603
5602,5763
5602,5764
5603,5604
5603,5764
5603,5765
5604,5605
5604,5765
5604,5766
5605,5606
5605,5766
5605,5767
5606,5607
5606,5767
5606,5768
5607,5608
5607,5768
5607,5769
5608,5609
5608,5769
5608,5770
5609,5610
5609,5770
5609,5771
5610,5611
5610,5771
5610,5772
5611,5612
5611,5772
5611,5773
5612,5613
5612,5773
5612,5774
5613,5614
5613,5774
5613,5775
5614,5615
5614,5775
5614,5776
5615,5616
5615,5776
5615,5777
5616,5617
5616,5777
5616,5778
5617,5618
5617,5778
5617,5779
5618,5619
5618,5779
5618,5780
5619,5620
5619,5780
5619,5781
5620,5621
5620,5781
5620,5782
5621,5622
5621,5782
5621,5783
5622,5623
5622,5783
5622,5784
5623,5624
5623,5784
5623,5785
5624,5625
5624,5785
5624,5786
5625,5626
5625,5786
5625,5787
5626,5627
5626,5787
5626,5788
5627,5628
5627,5788
5627,5789
5628,5629
5628,5789
5628,5790
5629,5630
5629,5790
5629,5791
5630,5631
5630,5791
5630,5792
5631,5632
5631,5792
5631,5793
5632,5633
5632,5793
5632,5794
5633,5634
5633,5794
5633,5795
5634,5795
5635,5636
5635,5796
5635,5797
5636,5637
5636,5797
5636,5798
5637,5638
5637,5798
5637,5799
5638,5639
5638,5799
5638,5800
5639,5640
5639,5800
5639,5801
5640,5641
5640,5801
5640,5802
5641,5642
5641,5802
5641,5803
5642,5643
5642,5803
5642,5804
5643,5644
5643,5804
5643,5805
5644,5645
5644,5805
5644,5806
5645,5646
5645,5806
5645,5807
5646,5647
5646,5807
5646,5808
5647,5648
5647,5808
5647,5809
5648,5649
5648,5809
5648,5810
5649,5650
5649,5810
5649,5811
5650,5651
5650,5811
5650,5812
5651,5652
5651,5812
5651,5813
5652,5653
5652,5813
5652,5814
5653,5654
5653,5814
5653,5815
5654,5655
5654,5815
5654,5816
5655,5656
5655,5816
5655,5817
5656,5657
5656,5817
5656,5818
5657,5658
5657,5818
5657,5819
5658,5659
5658,5819
5658,5820
5659,5660
5659,5820
5659,5821
5660,5661
5660,5821
5660,5822
5661,5662
5661,5822
5661,5823
5662,5663
5662,5823
5662,5824
5663,5664
5663,5824
5663,5825
5664,5665
5664,5825
5664,5826
5665,5666
5665,5826
5665,5827
5666,5667
5666,5827
5666,5828
5667,5668
5667,5828
5667,5829
5668,5669
5668,5829
5668,5830
5669,5670
5669,5830
5669,5831
5670,5671
5670,5831
5670,5832
5671,5672
5671,5832
5671,5833
5672,5673
5672,5833
5672,5834
5673,5674
5673,5834
5673,5835
5674,5675
5674,5835
5674,5836
5675,5676
5675,5836
5675,5837
5676,5677
5676,5837
5676,5838
5677,5678
5677,5838
5677,5839
5678,5679
5678,5839
5678,5840
5679,5680
5679,5840
5679,5841
5680,5681
5680,5841
5680,5842
5681,5682
5681,5842
5681,5843
5682,5683
5682,5843
5682,5844
5683,5684
5683,5844
5683,5845
5684,5685
5684,5845
5684,5846
5685,5686
5685,5846
5685,5847
5686,5687
5686,5847
5686,5848
5687,5688
5687,5848
5687,5849
5688,5689
5688,5849
5688,5850
5689,5690
5689,5850
5689,5851
5690,5691
5690,5851
5690,5852
5691,5692
5691,5852
5691,5853
5692,5693
5692,5853
5692,5854
5693,5694
5693,5854
5693,5855
5694,5695
5694,5855
5694,5856
5695,5696
5695,5856
5695,5857
5696,5697
5696,5857
5696,5858
5697,5698
5697,5858
5697,5859
5698,5699
5698,5859
5698,5860
5699,5700
5699,5860
5699,5861
5700,5701
5700,5861
5700,5862
5701,5702
5701,5862
5701,5863
5702,5703
5702,5863
5702,5864
5703,5704
5703,5864
5703,5865
5704,5705
5704,5865
5704,5866
5705,5706
5705,5866
5705,5867
5706,5707
5706,5867
5706,5868
5707,5708
5707,5868
5707,5869
5708,5709
5708,5869
5708,5870
5709,5710
5709,5870
5709,5871
5710,5711
5710,5871
5710,5872
5711,5712
5711,5872
5711,5873
5712,5713
5712,5873
5712,5874
5713,5714
5713,5874
5713,5875
5714,5715
5714,5875
5714,5876
5715,5716
5715,5876
5715,5877
5716,5717
5716,5877
5716,5878
5717,5718
5717,5878
5717,5879
5718,5719
5718,5879
5718,5880
5719,5720
5719,5880
5719,5881
5720,5721
5720,5881
5720,5882
5721,5722
5721,5882
5721,5883
5722,5723
5722,5883
5722,5884
5723,5724
5723,5884
5723,5885
5724,5725
5724,5885
5724,5886
5725,5726
5725,5886
5725,5887
5726,5727
5726,5887
5726,5888
5727,5728
5727,5888
5727,5889
5728,5729
5728,5889
5728,5890
5729,5730
5729,5890
5729,5891
5730,5731
5730,5891
5730,5892
5731,5732
5731,5892
5731,5893
5732,5733
5732,5893
5732,5894
5733,5734
5733,5894
5733,5895
5734,5735
5734,5895
5734,5896
5735,5736
5735,5896
5735,5897
5736,5737
5736,5897
5736,5898
5737,5738
5737,5898
5737,5899
5738,5739
5738,5899
5738,5900
5739,5740
5739,5900
5739,5901
5740,5741
5740,5901
5740,5902
5741,5742
5741,5902
5741,5903
5742,5743
5742,5903
5742,5904
5743,5744
5743,5904
5743,5905
5744,5745
5744,5905
5744,5906
5745,5746
5745,5906
5745,5907
5746,5747
5746,5907
5746,5908
5747,5748
5747,5908
5747,5909
5748,5749
5748,5909
5748,5910
5749,5750
5749,5910
5749,5911
5750,5751
5750,5911
5750,5912
5751,5752
5751,5912
5751,5913
5752,5753
5752,5913
5752,5914
5753,5754
5753,5914
5753,5915
5754,5755
5754,5915
5754,5916
5755,5756
5755,5916
5755,5917
5756,5757
5756,5917
5756,5918
5757,5758
5757,5918
5757,5919
5758,5759
5758,5919
5758,5920
5759,5760
5759,5920
5759,5921
5760,5761
5760,5921
5760,5922
5761,5762
5761,5922
5761,5923
5762,5763
5762,5923
5762,5924
5763,5764
5763,5924
5763,5925
5764,5765
5764,5925
5764,5926
5765,5766
5765,5926
5765,5927
5766,5767
5766,5927
5766,5928
5767,5768
5767,5928
5767,5929
5768,5769
5768,5929
5768,5930
5769,5770
5769,5930
5769,5931
5770,5771
5770,5931
5770,5932
5771,5772
5771,5932
5771,5933
5772,5773
5772,5933
5772,5934
5773,5774
5773,5934
5773,5935
5774,5775
5774,5935
5774,5936
5775,5776
5775,5936
5775,5937
5776,5777
5776,5937
5776,5938
5777,5778
5777,5938
5777,5939
5778,5779
5778,5939
5778,5940
5779,5780
5779,5940
5779,5941
5780,5781
5780,5941
5780,5942
5781,5782
5781,5942
5781,5943
5782,5783
5782,5943
5782,5944
5783,5784
5783,5944
5783,5945
5784,5785
5784,5945
5784,5946
5785,5786
5785,5946
5785,5947
5786,5787
5786,5947
5786,5948
5787,5788
5787,5948
5787,5949
5788,5789
5788,5949
5788,5950
5789,5790
5789,5950
5789,5951
5790,5791
5790,5951
5790,5952
5791,5792
5791,5952
5791,5953
5792,5793
5792,5953
5792,5954
5793,5794
5793,5954
5793,5955
5794,5795
5794,5955
5794,5956
5795,5956
5796,5797
5796,5957
5796,5958
5797,5798
5797,5958
5797,5959
5798,5799
5798,5959
5798,5960
5799,5800
5799,5960
5799,5961
5800,5801
5800,5961
5800,5962
5801,5802
5801,5962
5801,5963
5802,5803
5802,5963
5802,5964
5803,5804
5803,5964
5803,5965
5804,5805
5804,5965
5804,5966
5805,5806
5805,5966
5805,5967
5806,5807
5806,5967
5806,5968
5807,5808
5807,5968
5807,5969
5808,5809
5808,5969
5808,5970
5809,5810
5809,5970
5809,5971
5810,5811
5810,5971
5810,5972
5811,5812
5811,5972
5811,5973
5812,5813
5812,5973
5812,5974
5813,5814
5813,5974
5813,5975
5814,5815
5814,5975
5814,5976
5815,5816
5815,5976
5815,5977
5816,5817
5816,5977
5816,5978
5817,5818
5817,5978
5817,5979
5818,5819
5818,5979
5818,5980
5819,5820
5819,5980
5819,5981
5820,5821
5820,5981
5820,5982
5821,5822
5821,5982
5821,5983
5822,5823
5822,5983
5822,5984
5823,5824
5823,5984
5823,5985
5824,5825
5824,5985
5824,5986
5825,5826
5825,5986
5825,5987
5826,5827
5826,5987
5826,5988
5827,5828
5827,5988
5827,5989
5828,5829
5828,5989
5828,5990
5829,5830
5829,5990
5829,5991
5830,5831
5830,5991
5830,5992
5831,5832
5831,5992
5831,5993
5832,5833
5832,5993
5832,5994
5833,5834
5833,5994
5833,5995
5834,5835
5834,5995
5834,5996
5835,5836
5835,5996
5835,5997
5836,5837
5836,5997
5836,5998
5837,5838
5837,5998
5837,5999
5838,5839
5838,5999
5838,6000
5839,5840
5839,6000
5839,6001
5840,5841
5840,6001
5840,6002
5841,5842
5841,6002
5841,6003
5842,5843
5842,6003
5842,6004
5843,5844
5843,6004
5843,6005
5844,5845
5844,6005
5844,6006
5845,5846
5845,6006
5845,6007
5846,5847
5846,6007
5846,6008
5847,5848
5847,6008
5847,6009
5848,5849
5848,6009
5848,6010
5849,5850
5849,6010
5849,6011
5850,5851
5850,6011
5850,6012
5851,5852
5851,6012
5851,6013
5852,5853
5852,6013
5852,6014
5853,5854
5853,6014
5853,6015
5854,5855
5854,6015
5854,6016
5855,5856
5855,6016
5855,6017
5856,5857
5856,6017
5856,6018
5857,5858
5857,6018
5857,6019
5858,5859
5858,6019
5858,6020
5859,5860
5859,6020
5859,6021
5860,5861
5860,6021
5860,6022
5861,5862
5861,6022
5861,6023
5862,5863
5862,6023
5862,6024
5863,5864
5863,6024
5863,6025
5864,5865
5864,6025
5864,6026
5865,5866
5865,6026
5865,6027
5866,5867
5866,6027
5866,6028
5867,5868
5867,6028
5867,6029
5868,5869
5868,6029
5868,6030
5869,5870
5869,6030
5869,6031
5870,5871
5870,6031
5870,6032
5871,5872
5871,6032
5871,6033
5872,5873
5872,6033
5872,6034
5873,5874
5873,6034
5873,6035
5874,5875
5874,6035
5874,6036
5875,5876
5875,6036
5875,6037
5876,5877
5876,6037
5876,6038
5877,5878
5877,6038
5877,6039
5878,5879
5878,6039
5878,6040
5879,5880
5879,6040
5879,6041
5880,5881
5880,6041
5880,6042
5881,5882
5881,6042
5881,6043
5882,5883
5882,6043
5882,6044
5883,5884
5883,6044
5883,6045
5884,5885
5884,6045
5884,6046
5885,5886
5885,6046
5885,6047
5886,5887
5886,6047
5886,6048
5887,5888
5887,6048
5887,6049
5888,5889
5888,6049
5888,6050
5889,5890
5889,6050
5889,6051
5890,5891
5890,6051
5890,6052
5891,5892
5891,6052
5891,6053
5892,5893
5892,6053
5892,6054
5893,5894
5893,6054
5893,6055
5894,5895
5894,6055
5894,6056
5895,5896
5895,6056
5895,6057
5896,5897
5896,6057
5896,6058
5897,5898
5897,6058
5897,6059
5898,5899
5898,6059
5898,6060
5899,5900
5899,6060
5899,6061
5900,5901
5900,6061
5900,6062
5901,5902
5901,6062
5901,6063
5902,5903
5902,6063
5902,6064
5903,5904
5903,6064
5903,6065
5904,5905
5904,6065
5904,6066
5905,5906
5905,6066
5905,6067
5906,5907
5906,6067
5906,6068
5907,5908
5907,6068
5907,6069
5908,5909
5908,6069
5908,6070
5909,5910
5909,6070
5909,6071
5910,5911
5910,6071
5910,6072
5911,5912
5911,6072
5911,6073
5912,5913
5912,6073
5912,6074
5913,5914
5913,6074
5913,6075
5914,5915
5914,6075
5914,6076
5915,5916
5915,6076
5915,6077
5916,5917
5916,6077
5916,6078
5917,5918
5917,6078
5917,6079
5918,5919
5918,6079
5918,6080
5919,5920
5919,6080
5919,6081
5920,5921
5920,6081
5920,6082
5921,5922
5921,6082
5921,6083
5922,5923
5922,6083
5922,6084
5923,5924
5923,6084
5923,6085
5924,5925
5924,6085
5924,6086
5925,5926
5925,6086
5925,6087
5926,5927
5926,6087
5926,6088
5927,5928
5927,6088
5927,6089
5928,5929
5928,6089
5928,6090
5929,5930
5929,6090
5929,6091
5930,5931
5930,6091
5930,6092
5931,5932
5931,6092
5931,6093
5932,5933
5932,6093
5932,6094
5933,5934
5933,6094
5933,6095
5934,5935
5934,6095
5934,6096
5935,5936
5935,6096
5935,6097
5936,5937
5936,6097
5936,6098
5937,5938
5937,6098
5937,6099
5938,5939
5938,6099
5938,6100
5939,5940
5939,6100
5939,6101
5940,5941
5940,6101
5940,6102
5941,5942
5941,6102
5941,6103
5942,5943
5942,6103
5942,6104
5943,5944
5943,6104
5943,6105
5944,5945
5944,6105
5944,6106
5945,5946
5945,6106
5945,6107
5946,5947
5946,6107
5946,6108
5947,5948
5947,6108
5947,6109
5948,5949
5948,6109
5948,6110
5949,5950
5949,6110
5949,6111
5950,5951
5950,6111
5950,6112
5951,5952
5951,6112
5951,6113
5952,5953
5952,6113
5952,6114
5953,5954
5953,6114
5953,6115
5954,5955
5954,6115
5954,6116
5955,5956
5955,6116
5955,6117
5956,6117
5957,5958
5957,6118
5957,6119
5958,5959
5958,6119
5958,6120
5959,5960
5959,6120
5959,6121
5960,5961
5960,6121
5960,6122
5961,5962
5961,6122
5961,6123
5962,5963
5962,6123
5962,6124
5963,5964
5963,6124
5963,6125
5964,5965
5964,6125
5964,6126
5965,5966
5965,6126
5965,6127
5966,5967
5966,6127
5966,6128
5967,5968
5967,6128
5967,6129
5968,5969
5968,6129
5968,6130
5969,5970
5969,6130
5969,6131
5970,5971
5970,6131
5970,6132
5971,5972
5971,6132
5971,6133
5972,5973
5972,6133
5972,6134
5973,5974
5973,6134
5973,6135
5974,5975
5974,6135
5974,6136
5975,5976
5975,6136
5975,6137
5976,5977
5976,6137
5976,6138
5977,5978
5977,6138
5977,6139
5978,5979
5978,6139
5978,6140
5979,5980
5979,6140
5979,6141
5980,5981
5980,6141
5980,6142
5981,5982
5981,6142
5981,6143
5982,5983
5982,6143
5982,6144
5983,5984
5983,6144
5983,6145
5984,5985
5984,6145
5984,6146
5985,5986
5985,6146
5985,6147
5986,5987
5986,6147
5986,6148
5987,5988
5987,6148
5987,6149
5988,5989
5988,6149
5988,6150
5989,5990
5989,6150
5989,6151
5990,5991
5990,6151
5990,6152
5991,5992
5991,6152
5991,6153
5992,5993
5992,6153
5992,6154
5993,5994
5993,6154
5993,6155
5994,5995
5994,6155
5994,6156
5995,5996
5995,6156
5995,6157
5996,5997
5996,6157
5996,6158
5997,5998
5997,6158
5997,6159
5998,5999
5998,6159
5998,6160
5999,6000
5999,6160
5999,6161
6000,6001
6000,6161
6000,6162
6001,6002
6001,6162
6001,6163
6002,6003
6002,6163
6002,6164
6003,6004
6003,6164
6003,6165
6004,6005
6004,6165
6004,6166
6005,6006
6005,6166
6005,6167
6006,6007
6006,6167
6006,6168
6007,6008
6007,6168
6007,6169
6008,6009
6008,6169
6008,6170
6009,6010
6009,6170
6009,6171
6010,6011
6010,6171
6010,6172
6011,6012
6011,6172
6011,6173
6012,6013
6012,6173
6012,6174
6013,6014
6013,6174
6013,6175
6014,6015
6014,6175
6014,6176
6015,6016
6015,6176
6015,6177
6016,6017
6016,6177
6016,6178
6017,6018
6017,6178
6017,6179
6018,6019
6018,6179
6018,6180
6019,6020
6019,6180
6019,6181
6020,6021
6020,6181
6020,6182
6021,6022
6021,6182
6021,6183
6022,6023
6022,6183
6022,6184
6023,6024
6023,6184
6023,6185
6024,6025
6024,6185
6024,6186
6025,6026
6025,6186
6025,6187
6026,6027
6026,6187
6026,6188
6027,6028
6027,6188
6027,6189
6028,6029
6028,6189
6028,6190
6029,6030
6029,6190
6029,6191
6030,6031
6030,6191
6030,6192
6031,6032
6031,6192
6031,6193
6032,6033
6032,6193
6032,6194
6033,6034
6033,6194
6033,6195
6034,6035
6034,6195
6034,6196
6035,6036
6035,6196
6035,6197
6036,6037
6036,6197
6036,6198
6037,6038
6037,6198
6037,6199
6038,6039
6038,6199
6038,6200
6039,6040
6039,6200
6039,6201
6040,6041
6040,6201
6040,6202
6041,6042
6041,6202
6041,6203
6042,6043
6042,6203
6042,6204
6043,6044
6043,6204
6043,6205
6044,6045
6044,6205
6044,6206
6045,6046
6045,6206
6045,6207
6046,6047
6046,6207
6046,6208
6047,6048
6047,6208
6047,6209
6048,6049
6048,6209
6048,6210
6049,6050
6049,6210
6049,6211
6050,6051
6050,6211
6050,6212
6051,6052
6051,6212
6051,6213
6052,6053
6052,6213
6052,6214
6053,6054
6053,6214
6053,6215
6054,6055
6054,6215
6054,6216
6055,6056
6055,6216
6055,6217
6056,6057
6056,6217
6056,6218
6057,6058
6057,6218
6057,6219
6058,6059
6058,6219
6058,6220
6059,6060
6059,6220
6059,6221
6060,6061
6060,6221
6060,6222
6061,6062
6061,6222
6061,6223
6062,6063
6062,6223
6062,6224
6063,6064
6063,6224
6063,6225
6064,6065
6064,6225
6064,6226
6065,6066
6065,6226
6065,6227
6066,6067
6066,6227
6066,6228
6067,6068
6067,6228
6067,6229
6068,6069
6068,6229
6068,6230
6069,6070
6069,6230
6069,6231
6070,6071
6070,6231
6070,6232
6071,6072
6071,6232
6071,6233
6072,6073
6072,6233
6072,6234
6073,6074
6073,6234
6073,6235
6074,6075
6074,6235
6074,6236
6075,6076
6075,6236
6075,6237
6076,6077
6076,6237
6076,6238
6077,6078
6077,6238
6077,6239
6078,6079
6078,6239
6078,6240
6079,6080
6079,6240
6079,6241
6080,6081
6080,6241
6080,6242
6081,6082
6081,6242
6081,6243
6082,6083
6082,6243
6082,6244
6083,6084
6083,6244
6083,6245
6084,6085
6084,6245
6084,6246
6085,6086
6085,6246
6085,6247
6086,6087
6086,6247
6086,6248
6087,6088
6087,6248
6087,6249
6088,6089
6088,6249
6088,6250
6089,6090
6089,6250
6089,6251
6090,6091
6090,6251
6090,6252
6091,6092
6091,6252
6091,6253
6092,6093
6092,6253
6092,6254
6093,6094
6093,6254
6093,6255
6094,6095
6094,6255
6094,6256
6095,6096
6095,6256
6095,6257
6096,6097
6096,6257
6096,6258
6097,6098
6097,6258
6097,6259
6098,6099
6098,6259
6098,6260
6099,6100
6099,6260
6099,6261
6100,6101
6100,6261
6100,6262
6101,6102
6101,6262
6101,6263
6102,6103
6102,6263
6102,6264
6103,6104
6103,6264
6103,6265
6104,6105
6104,6265
6104,6266
6105,6106
6105,6266
6105,6267
6106,6107
6106,6267
6106,6268
6107,6108
6107,6268
6107,6269
6108,6109
6108,6269
6108,6270
6109,6110
6109,6270
6109,6271
6110,6111
6110,6271
6110,6272
6111,6112
6111,6272
6111,6273
6112,6113
6112,6273
6112,6274
6113,6114
6113,6274
6113,6275
6114,6115
6114,6275
6114,6276
6115,6116
6115,6276
6115,6277
6116,6117
6116,6277
6116,6278
6117,6278
6118,6119
6118,6279
6118,6280
6119,6120
6119,6280
6119,6281
6120,6121
6120,6281
6120,6282
6121,6122
6121,6282
6121,6283
6122,6123
6122,6283
6122,6284
6123,6124
6123,6284
6123,6285
6124,6125
6124,6285
6124,6286
6125,6126
6125,6286
6125,6287
6126,6127
6126,6287
6126,6288
6127,6128
6127,6288
6127,6289
6128,6129
6128,6289
6128,6290
6129,6130
6129,6290
6129,6291
6130,6131
6130,6291
6130,6292
6131,6132
6131,6292
6131,6293
6132,6133
6132,6293
6132,6294
6133,6134
6133,6294
6133,6295
6134,6135
6134,6295
6134,6296
6135,6136
6135,6296
6135,6297
6136,6137
6136,6297
6136,6298
6137,6138
6137,6298
6137,6299
6138,6139
6138,6299
6138,6300
6139,6140
6139,6300
6139,6301
6140,6141
6140,6301
6140,6302
6141,6142
6141,6302
6141,6303
6142,6143
6142,6303
6142,6304
6143,6144
6143,6304
6143,6305
6144,6145
6144,6305
6144,6306
6145,6146
6145,6306
6145,6307
6146,6147
6146,6307
6146,6308
6147,6148
6147,6308
6147,6309
6148,6149
6148,6309
6148,6310
6149,6150
6149,6310
6149,6311
6150,6151
6150,6311
6150,6312
6151,6152
6151,6312
6151,6313
6152,6153
6152,6313
6152,6314
6153,6154
6153,6314
6153,6315
6154,6155
6154,6315
6154,6316
6155,6156
6155,6316
6155,6317
6156,6157
6156,6317
6156,6318
6157,6158
6157,6318
6157,6319
6158,6159
6158,6319
6158,6320
6159,6160
6159,6320
6159,6321
6160,6161
6160,6321
6160,6322
6161,6162
6161,6322
6161,6323
6162,6163
6162,6323
6162,6324
6163,6164
6163,6324
6163,6325
6164,6165
6164,6325
6164,6326
6165,6166
6165,6326
6165,6327
6166,6167
6166,6327
6166,6328
6167,6168
6167,6328
6167,6329
6168,6169
6168,6329
6168,6330
6169,6170
6169,6330
6169,6331
6170,6171
6170,6331
6170,6332
6171,6172
6171,6332
6171,6333
6172,6173
6172,6333
6172,6334
6173,6174
6173,6334
6173,6335
6174,6175
6174,6335
6174,6336
6175,6176
6175,6336
6175,6337
6176,6177
6176,6337
6176,6338
6177,6178
6177,6338
6177,6339
6178,6179
6178,6339
6178,6340
6179,6180
6179,6340
6179,6341
6180,6181
6180,6341
6180,6342
6181,6182
6181,6342
6181,6343
6182,6183
6182,6343
6182,6344
6183,6184
6183,6344
6183,6345
6184,6185
6184,6345
6184,6346
6185,6186
6185,6346
6185,6347
6186,6187
6186,6347
6186,6348
6187,6188
6187,6348
6187,6349
6188,6189
6188,6349
6188,6350
6189,6190
6189,6350
6189,6351
6190,6191
6190,6351
6190,6352
6191,6192
6191,6352
6191,6353
6192,6193
6192,6353
6192,6354
6193,6194
6193,6354
6193,6355
6194,6195
6194,6355
6194,6356
6195,6196
6195,6356
6195,6357
6196,6197
6196,6357
6196,6358
6197,6198
6197,6358
6197,6359
6198,6199
6198,6359
6198,6360
6199,6200
6199,6360
6199,6361
6200,6201
6200,6361
6200,6362
6201,6202
6201,6362
6201,6363
6202,6203
6202,6363
6202,6364
6203,6204
6203,6364
6203,6365
6204,6205
6204,6365
6204,6366
6205,6206
6205,6366
6205,6367
6206,6207
6206,6367
6206,6368
6207,6208
6207,6368
6207,6369
6208,6209
6208,6369
6208,6370
6209,6210
6209,6370
6209,6371
6210,6211
6210,6371
6210,6372
6211,6212
6211,6372
6211,6373
6212,6213
6212,6373
6212,6374
6213,6214
6213,6374
6213,6375
6214,6215
6214,6375
6214,6376
6215,6216
6215,6376
6215,6377
6216,6217
6216,6377
6216,6378
6217,6218
6217,6378
6217,6379
6218,6219
6218,6379
6218,6380
6219,6220
6219,6380
6219,6381
6220,6221
6220,6381
6220,6382
6221,6222
6221,6382
6221,6383
6222,6223
6222,6383
6222,6384
6223,6224
6223,6384
6223,6385
6224,6225
6224,6385
6224,6386
6225,6226
6225,6386
6225,6387
6226,6227
6226,6387
6226,6388
6227,6228
6227,6388
6227,6389
6228,6229
6228,6389
6228,6390
6229,6230
6229,6390
6229,6391
6230,6231
6230,6391
6230,6392
6231,6232
6231,6392
6231,6393
6232,6233
6232,6393
6232,6394
6233,6234
6233,6394
6233,6395
6234,6235
6234,6395
6234,6396
6235,6236
6235,6396
6235,6397
6236,6237
6236,6397
6236,6398
6237,6238
6237,6398
6237,6399
6238,6239
6238,6399
6238,6400
6239,6240
6239,6400
6239,6401
6240,6241
6240,6401
6240,6402
6241,6242
6241,6402
6241,6403
6242,6243
6242,6403
6242,6404
6243,6244
6243,6404
6243,6405
6244,6245
6244,6405
6244,6406
6245,6246
6245,6406
6245,6407
6246,6247
6246,6407
6246,6408
6247,6248
6247,6408
6247,6409
6248,6249
6248,6409
6248,6410
6249,6250
6249,6410
6249,6411
6250,6251
6250,6411
6250,6412
6251,6252
6251,6412
6251,6413
6252,6253
6252,6413
6252,6414
6253,6254
6253,6414
6253,6415
6254,6255
6254,6415
6254,6416
6255,6256
6255,6416
6255,6417
6256,6257
6256,6417
6256,6418
6257,6258
6257,6418
6257,6419
6258,6259
6258,6419
6258,6420
6259,6260
6259,6420
6259,6421
6260,6261
6260,6421
6260,6422
6261,6262
6261,6422
6261,6423
6262,6263
6262,6423
6262,6424
6263,6264
6263,6424
6263,6425
6264,6265
6264,6425
6264,6426
6265,6266
6265,6426
6265,6427
6266,6267
6266,6427
6266,6428
6267,6268
6267,6428
6267,6429
6268,6269
6268,6429
6268,6430
6269,6270
6269,6430
6269,6431
6270,6271
6270,6431
6270,6432
6271,6272
6271,6432
6271,6433
6272,6273
6272,6433
6272,6434
6273,6274
6273,6434
6273,6435
6274,6275
6274,6435
6274,6436
6275,6276
6275,6436
6275,6437
6276,6277
6276,6437
6276,6438
6277,6278
6277,6438
6277,6439
6278,6439
6279,6280
6279,6440
6279,6441
6280,6281
6280,6441
6280,6442
6281,6282
6281,6442
6281,6443
6282,6283
6282,6443
6282,6444
6283,6284
6283,6444
6283,6445
6284,6285
6284,6445
6284,6446
6285,6286
6285,6446
6285,6447
6286,6287
6286,6447
6286,6448
6287,6288
6287,6448
6287,6449
6288,6289
6288,6449
6288,6450
6289,6290
6289,6450
6289,6451
6290,6291
6290,6451
6290,6452
6291,6292
6291,6452
6291,6453
6292,6293
6292,6453
6292,6454
6293,6294
6293,6454
6293,6455
6294,6295
6294,6455
6294,6456
6295,6296
6295,6456
6295,6457
6296,6297
6296,6457
6296,6458
6297,6298
6297,6458
6297,6459
6298,6299
6298,6459
6298,6460
6299,6300
6299,6460
6299,6461
6300,6301
6300,6461
6300,6462
6301,6302
6301,6462
6301,6463
6302,6303
6302,6463
6302,6464
6303,6304
6303,6464
6303,6465
6304,6305
6304,6465
6304,6466
6305,6306
6305,6466
6305,6467
6306,6307
6306,6467
6306,6468
6307,6308
6307,6468
6307,6469
6308,6309
6308,6469
6308,6470
6309,6310
6309,6470
6309,6471
6310,6311
6310,6471
6310,6472
6311,6312
6311,6472
6311,6473
6312,6313
6312,6473
6312,6474
6313,6314
6313,6474
6313,6475
6314,6315
6314,6475
6314,6476
6315,6316
6315,6476
6315,6477
6316,6317
6316,6477
6316,6478
6317,6318
6317,6478
6317,6479
6318,6319
6318,6479
6318,6480
6319,6320
6319,6480
6319,6481
6320,6321
6320,6481
6320,6482
6321,6322
6321,6482
6321,6483
6322,6323
6322,6483
6322,6484
6323,6324
6323,6484
6323,6485
6324,6325
6324,6485
6324,6486
6325,6326
6325,6486
6325,6487
6326,6327
6326,6487
6326,6488
6327,6328
6327,6488
6327,6489
6328,6329
6328,6489
6328,6490
6329,6330
6329,6490
6329,6491
6330,6331
6330,6491
6330,6492
6331,6332
6331,6492
6331,6493
6332,6333
6332,6493
6332,6494
6333,6334
6333,6494
6333,6495
6334,6335
6334,6495
6334,6496
6335,6336
6335,6496
6335,6497
6336,6337
6336,6497
6336,6498
6337,6338
6337,6498
6337,6499
6338,6339
6338,6499
6338,6500
6339,6340
6339,6500
6339,6501
6340,6341
6340,6501
6340,6502
6341,6342
6341,6502
6341,6503
6342,6343
6342,6503
6342,6504
6343,6344
6343,6504
6343,6505
6344,6345
6344,6505
6344,6506
6345,6346
6345,6506
6345,6507
6346,6347
6346,6507
6346,6508
6347,6348
6347,6508
6347,6509
6348,6349
6348,6509
6348,6510
6349,6350
6349,6510
6349,6511
6350,6351
6350,6511
6350,6512
6351,6352
6351,6512
6351,6513
6352,6353
6352,6513
6352,6514
6353,6354
6353,6514
6353,6515
6354,6355
6354,6515
6354,6516
6355,6356
6355,6516
6355,6517
6356,6357
6356,6517
6356,6518
6357,6358
6357,6518
6357,6519
6358,6359
6358,6519
6358,6520
6359,6360
6359,6520
6359,6521
6360,6361
6360,6521
6360,6522
6361,6362
6361,6522
6361,6523
6362,6363
6362,6523
6362,6524
6363,6364
6363,6524
6363,6525
6364,6365
6364,6525
6364,6526
6365,6366
6365,6526
6365,6527
6366,6367
6366,6527
6366,6528
6367,6368
6367,6528
6367,6529
6368,6369
6368,6529
6368,6530
6369,6370
6369,6530
6369,6531
6370,6371
6370,6531
6370,6532
6371,6372
6371,6532
6371,6533
6372,6373
6372,6533
6372,6534
6373,6374
6373,6534
6373,6535
6374,6375
6374,6535
6374,6536
6375,6376
6375,6536
6375,6537
6376,6377
6376,6537
6376,6538
6377,6378
6377,6538
6377,6539
6378,6379
6378,6539
6378,6540
6379,6380
6379,6540
6379,6541
6380,6381
6380,6541
6380,6542
6381,6382
6381,6542
6381,6543
6382,6383
6382,6543
6382,6544
6383,6384
6383,6544
6383,6545
6384,6385
6384,6545
6384,6546
6385,6386
6385,6546
6385,6547
6386,6387
6386,6547
6386,6548
6387,6388
6387,6548
6387,6549
6388,6389
6388,6549
6388,6550
6389,6390
6389,6550
6389,6551
6390,6391
6390,6551
6390,6552
6391,6392
6391,6552
6391,6553
6392,6393
6392,6553
6392,6554
6393,6394
6393,6554
6393,6555
6394,6395
6394,6555
6394,6556
6395,6396
6395,6556
6395,6557
6396,6397
6396,6557
6396,6558
6397,6398
6397,6558
6397,6559
6398,6399
6398,6559
6398,6560
6399,6400
6399,6560
6399,6561
6400,6401
6400,6561
6400,6562
6401,6402
6401,6562
6401,6563
6402,6403
6402,6563
6402,6564
6403,6404
6403,6564
6403,6565
6404,6405
6404,6565
6404,6566
6405,6406
6405,6566
6405,6567
6406,6407
6406,6567
6406,6568
6407,6408
6407,6568
6407,6569
6408,6409
6408,6569
6408,6570
6409,6410
6409,6570
6409,6571
6410,6411
6410,6571
6410,6572
6411,6412
6411,6572
6411,6573
6412,6413
6412,6573
6412,6574
6413,6414
6413,6574
6413,6575
6414,6415
6414,6575
6414,6576
6415,6416
6415,6576
6415,6577
6416,6417
6416,6577
6416,6578
6417,6418
6417,6578
6417,6579
6418,6419
6418,6579
6418,6580
6419,6420
6419,6580
6419,6581
6420,6421
6420,6581
6420,6582
6421,6422
6421,6582
6421,6583
6422,6423
6422,6583
6422,6584
6423,6424
6423,6584
6423,6585
6424,6425
6424,6585
6424,6586
6425,6426
6425,6586
6425,6587
6426,6427
6426,6587
6426,6588
6427,6428
6427,6588
6427,6589
6428,6429
6428,6589
6428,6590
6429,6430
6429,6590
6429,6591
6430,6431
6430,6591
6430,6592
6431,6432
6431,6592
6431,6593
6432,6433
6432,6593
6432,6594
6433,6434
6433,6594
6433,6595
6434,6435
6434,6595
6434,6596
6435,6436
6435,6596
6435,6597
6436,6437
6436,6597
6436,6598
6437,6438
6437,6598
6437,6599
6438,6439
6438,6599
6438,6600
6439,6600
6440,6441
6441,6442
6442,6443
6443,6444
6444,6445
6445,6446
6446,6447
6447,6448
6448,6449
6449,6450
6450,6451
6451,6452
6452,6453
6453,6454
6454,6455
6455,6456
6456,6457
6457,6458
6458,6459
6459,6460
6460,6461
6461,6462
6462,6463
6463,6464
6464,6465
6465,6466
6466,6467
6467,6468
6468,6469
6469,6470
6470,6471
6471,6472
6472,6473
6473,6474
6474,6475
6475,6476
6476,6477
6477,6478
6478,6479
6479,6480
6480,6481
6481,6482
6482,6483
6483,6484
6484,6485
6485,6486
6486,6487
6487,6488
6488,6489
6489,6490
6490,6491
6491,6492
6492,6493
6493,6494
6494,6495
6495,6496
6496,6497
6497,6498
6498,6499
6499,6500
6500,6501
6501,6502
6502,6503
6503,6504
6504,6505
6505,6506
6506,6507
6507,6508
6508,6509
6509,6510
6510,6511
6511,6512
6512,6513
6513,6514
6514,6515
6515,6516
6516,6517
6517,6518
6518,6519
6519,6520
6520,6521
6521,6522
6522,6523
6523,6524
6524,6525
6525,6526
6526,6527
6527,6528
6528,6529
6529,6530
6530,6531
6531,6532
6532,6533
6533,6534
6534,6535
6535,6536
6536,6537
6537,6538
6538,6539
6539,6540
6540,6541
6541,6542
6542,6543
6543,6544
6544,6545
6545,6546
6546,6547
6547,6548
6548,6549
6549,6550
6550,6551
6551,6552
6552,6553
6553,6554
6554,6555
6555,6556
6556,6557
6557,6558
6558,6559
6559,6560
6560,6561
6561,6562
6562,6563
6563,6564
6564,6565
6565,6566
6566,6567
6567,6568
6568,6569
6569,6570
6570,6571
6571,6572
6572,6573
6573,6574
6574,6575
6575,6576
6576,6577
6577,6578
6578,6579
6579,6580
6580,6581
6581,6582
6582,6583
6583,6584
6584,6585
6585,6586
6586,6587
6587,6588
6588,6589
6589,6590
6590,6591
6591,6592
6592,6593
6593,6594
6594,6595
6595,6596
6596,6597
6597,6598
6598,6599
6599,6600
