X,Y,UX,UY,BOUNDARY,FORCE,MODULUS
0.000000000000000000e+00,0.000000000000000000e+00,0.000000000000000000e+00,0.000000000000000000e+00,1.000000000000000000e+00,0.000000000000000000e+00,2.000000000000000000e+04
5.000000000000000278e-02,0.000000000000000000e+00,-2.484964152280067558e-03,-2.626021257019927561e-03,0.000000000000000000e+00,0.000000000000000000e+00,2.000000000000000000e+04
1.000000000000000056e-01,0.000000000000000000e+00,-4.213483683392524499e-03,-4.659722572174010251e-03,0.000000000000000000e+00,0.000000000000000000e+00,2.000000000000000000e+04
1.499999999999999944e-01,0.000000000000000000e+00,-5.550329160959635057e-03,-6.599649620010914972e-03,0.000000000000000000e+00,0.000000000000000000e+00,2.000000000000000000e+04
2.000000000000000111e-01,0.000000000000000000e+00,-6.617470430412491535e-03,-8.494688819557340634e-03,0.000000000000000000e+00,0.000000000000000000e+00,2.000000000000000000e+04
2.500000000000000000e-01,0.000000000000000000e+00,-7.477217354681847672e-03,-1.034907692181180269e-02,0.000000000000000000e+00,0.000000000000000000e+00,2.000000000000000000e+04
2.999999999999999889e-01,0.000000000000000000e+00,-8.167909822644247100e-03,-1.215885240884011752e-02,0.000000000000000000e+00,0.000000000000000000e+00,2.000000000000000000e+04
3.499999999999999778e-01,0.000000000000000000e+00,-8.716311853676479357e-03,-1.391817113456866699e-02,0.000000000000000000e+00,0.000000000000000000e+00,2.000000000000000000e+04
4.000000000000000222e-01,0.000000000000000000e+00,-9.143035266033201422e-03,-1.562104549407390859e-02,0.000000000000000000e+00,0.000000000000000000e+00,2.000000000000000000e+04
4.500000000000000111e-01,0.000000000000000000e+00,-9.465215811670930901e-03,-1.726202302385013848e-02,0.000000000000000000e+00,0.000000000000000000e+00,2.000000000000000000e+04
5.000000000000000000e-01,0.000000000000000000e+00,-9.697947362309562724e-03,-1.883654209361815268e-02,0.000000000000000000e+00,0.000000000000000000e+00,2.000000000000000000e+04
5.500000000000000444e-01,0.000000000000000000e+00,-9.855100841567415032e-03,-2.034117843487606367e-02,0.000000000000000000e+00,0.000000000000000000e+00,2.000000000000000000e+04
5.999999999999999778e-01,0.000000000000000000e+00,-9.949811739790774892e-03,-2.177386580045008804e-02,0.000000000000000000e+00,0.000000000000000000e+00,2.000000000000000000e+04
6.500000000000000222e-01,0.000000000000000000e+00,-9.994769050823608045e-03,-2.313413428085153017e-02,0.000000000000000000e+00,0.000000000000000000e+00,2.000000000000000000e+04
6.999999999999999556e-01,0.000000000000000000e+00,-1.000236310821114513e-02,-2.442339632552677567e-02,0.000000000000000000e+00,0.000000000000000000e+00,2.000000000000000000e+04
7.500000000000000000e-01,0.000000000000000000e+00,-9.984703373194299403e-03,-2.564530536172169792e-02,0.000000000000000000e+00,0.000000000000000000e+00,2.000000000000000000e+04
8.000000000000000444e-01,0.000000000000000000e+00,-9.953476418018764732e-03,-2.680620549002409730e-02,0.000000000000000000e+00,0.000000000000000000e+00,2.000000000000000000e+04
8.499999999999999778e-01,0.000000000000000000e+00,-9.919561616596376738e-03,-2.791566689520421848e-02,0.000000000000000000e+00,0.000000000000000000e+00,2.000000000000000000e+04
9.000000000000000222e-01,0.000000000000000000e+00,-9.892233222138223023e-03,-2.898701014571616885e-02,0.000000000000000000e+00,0.000000000000000000e+00,2.000000000000000000e+04
9.499999999999999556e-01,0.000000000000000000e+00,-9.877587216771375328e-03,-3.003736401771221753e-02,0.000000000000000000e+00,0.000000000000000000e+00,2.000000000000000000e+04
1.000000000000000000e+00,0.000000000000000000e+00,-9.875179607146858385e-03,-3.108512616023022257e-02,0.000000000000000000e+00,0.000000000000000000e+00,2.000000000000000000e+04
0.000000000000000000e+00,5.000000000000000278e-02,0.000000000000000000e+00,0.000000000000000000e+00,1.000000000000000000e+00,0.000000000000000000e+00,2.000000000000000000e+04
5.000000000000000278e-02,5.000000000000000278e-02,-1.337680161595155605e-03,-1.911685006116067929e-03,0.000000000000000000e+00,0.000000000000000000e+00,2.000000000000000000e+04
1.000000000000000056e-01,5.000000000000000278e-02,-2.775178961949243458e-03,-4.058346954583132160e-03,0.000000000000000000e+00,0.000000000000000000e+00,2.000000000000000000e+04
1.499999999999999944e-01,5.000000000000000278e-02,-3.994166870489947001e-03,-6.107810109341746570e-03,0.000000000000000000e+00,0.000000000000000000e+00,2.000000000000000000e+04
2.000000000000000111e-01,5.000000000000000278e-02,-5.014021860920691090e-03,-8.091378533670551959e-03,0.000000000000000000e+00,0.000000000000000000e+00,2.000000000000000000e+04
2.500000000000000000e-01,5.000000000000000278e-02,-5.863165108356519113e-03,-1.001910665405499230e-02,0.000000000000000000e+00,0.000000000000000000e+00,2.000000000000000000e+04
2.999999999999999889e-01,5.000000000000000278e-02,-6.565355736789397004e-03,-1.189113474126020364e-02,0.000000000000000000e+00,0.000000000000000000e+00,2.000000000000000000e+04
3.499999999999999778e-01,5.000000000000000278e-02,-7.140093242168530155e-03,-1.370406566227211700e-02,0.000000000000000000e+00,0.000000000000000000e+00,2.000000000000000000e+04
4.000000000000000222e-01,5.000000000000000278e-02,-7.603814457411550015e-03,-1.545338774303591824e-02,0.000000000000000000e+00,0.000000000000000000e+00,2.000000000000000000e+04
4.500000000000000111e-01,5.000000000000000278e-02,-7.970853063050582082e-03,-1.713456117740346646e-02,0.000000000000000000e+00,0.000000000000000000e+00,2.000000000000000000e+04
5.000000000000000000e-01,5.000000000000000278e-02,-8.254113909977368185e-03,-1.874360039924881371e-02,0.000000000000000000e+00,0.000000000000000000e+00,2.000000000000000000e+04
5.500000000000000444e-01,5.000000000000000278e-02,-8.465526206935554757e-03,-2.027745063789519048e-02,0.000000000000000000e+00,0.000000000000000000e+00,2.000000000000000000e+04
5.999999999999999778e-01,5.000000000000000278e-02,-8.616335900490179958e-03,-2.173428784189021870e-02,0.000000000000000000e+00,0.000000000000000000e+00,2.000000000000000000e+04
6.500000000000000222e-01,5.000000000000000278e-02,-8.717278124005961928e-03,-2.311380967740868375e-02,0.000000000000000000e+00,0.000000000000000000e+00,2.000000000000000000e+04
6.999999999999999556e-01,5.000000000000000278e-02,-8.778652824271699143e-03,-2.441756080861076650e-02,0.000000000000000000e+00,0.000000000000000000e+00,2.000000000000000000e+04
7.500000000000000000e-01,5.000000000000000278e-02,-8.810313146589397043e-03,-2.564932494897531959e-02,0.000000000000000000e+00,0.000000000000000000e+00,2.000000000000000000e+04
8.000000000000000444e-01,5.000000000000000278e-02,-8.821566924376165325e-03,-2.681560770098487256e-02,0.000000000000000000e+00,0.000000000000000000e+00,2.000000000000000000e+04
8.499999999999999778e-01,5.000000000000000278e-02,-8.820986475471300631e-03,-2.792621507243164825e-02,0.000000000000000000e+00,0.000000000000000000e+00,2.000000000000000000e+04
9.000000000000000222e-01,5.000000000000000278e-02,-8.816116364171927566e-03,-2.899487560381689213e-02,0.000000000000000000e+00,0.000000000000000000e+00,2.000000000000000000e+04
9.499999999999999556e-01,5.000000000000000278e-02,-8.813027467424362424e-03,-3.003968876845495434e-02,0.000000000000000000e+00,0.000000000000000000e+00,2.000000000000000000e+04
1.000000000000000000e+00,5.000000000000000278e-02,-8.815379416506232205e-03,-3.108271855060569869e-02,0.000000000000000000e+00,0.000000000000000000e+00,2.000000000000000000e+04
0.000000000000000000e+00,1.000000000000000056e-01,0.000000000000000000e+00,0.000000000000000000e+00,1.000000000000000000e+00,0.000000000000000000e+00,2.000000000000000000e+04
5.000000000000000278e-02,1.000000000000000056e-01,-9.455222970689868868e-04,-1.692527083758009953e-03,0.000000000000000000e+00,0.000000000000000000e+00,2.000000000000000000e+04
1.000000000000000056e-01,1.000000000000000056e-01,-1.955824214298947615e-03,-3.669932193676929411e-03,0.000000000000000000e+00,0.000000000000000000e+00,2.000000000000000000e+04
1.499999999999999944e-01,1.000000000000000056e-01,-2.947301489847680908e-03,-5.723105233165650882e-03,0.000000000000000000e+00,0.000000000000000000e+00,2.000000000000000000e+04
2.000000000000000111e-01,1.000000000000000056e-01,-3.837752857068081266e-03,-7.747272193418696350e-03,0.000000000000000000e+00,0.000000000000000000e+00,2.000000000000000000e+04
2.500000000000000000e-01,1.000000000000000056e-01,-4.613083578903707550e-03,-9.722720316895186107e-03,0.000000000000000000e+00,0.000000000000000000e+00,2.000000000000000000e+04
2.999999999999999889e-01,1.000000000000000056e-01,-5.276402905041882932e-03,-1.164169914568065865e-02,0.000000000000000000e+00,0.000000000000000000e+00,2.000000000000000000e+04
3.499999999999999778e-01,1.000000000000000056e-01,-5.835730181304120932e-03,-1.349836520778029646e-02,0.000000000000000000e+00,0.000000000000000000e+00,2.000000000000000000e+04
4.000000000000000222e-01,1.000000000000000056e-01,-6.300468944545484402e-03,-1.528743626512702597e-02,0.000000000000000000e+00,0.000000000000000000e+00,2.000000000000000000e+04
4.500000000000000111e-01,1.000000000000000056e-01,-6.680251099653748692e-03,-1.700417304852272840e-02,0.000000000000000000e+00,0.000000000000000000e+00,2.000000000000000000e+04
5.000000000000000000e-01,1.000000000000000056e-01,-6.984554847412390716e-03,-1.864458546199223438e-02,0.000000000000000000e+00,0.000000000000000000e+00,2.000000000000000000e+04
5.500000000000000444e-01,1.000000000000000056e-01,-7.222594114725820573e-03,-2.020567197665959491e-02,0.000000000000000000e+00,0.000000000000000000e+00,2.000000000000000000e+04
5.999999999999999778e-01,1.000000000000000056e-01,-7.403297838214424609e-03,-2.168566853885842485e-02,0.000000000000000000e+00,0.000000000000000000e+00,2.000000000000000000e+04
6.500000000000000222e-01,1.000000000000000056e-01,-7.535309325701599822e-03,-2.308431923044478376e-02,0.000000000000000000e+00,0.000000000000000000e+00,2.000000000000000000e+04
6.999999999999999556e-01,1.000000000000000056e-01,-7.626980038796467992e-03,-2.440318836881931810e-02,0.000000000000000000e+00,0.000000000000000000e+00,2.000000000000000000e+04
7.500000000000000000e-01,1.000000000000000056e-01,-7.686352694957216368e-03,-2.564603368214015897e-02,0.000000000000000000e+00,0.000000000000000000e+00,2.000000000000000000e+04
8.000000000000000444e-01,1.000000000000000056e-01,-7.721141917542005857e-03,-2.681925583468852681e-02,0.000000000000000000e+00,0.000000000000000000e+00,2.000000000000000000e+04
8.499999999999999778e-01,1.000000000000000056e-01,-7.738732456445008429e-03,-2.793242882771795541e-02,0.000000000000000000e+00,0.000000000000000000e+00,2.000000000000000000e+04
9.000000000000000222e-01,1.000000000000000056e-01,-7.746221846112465864e-03,-2.899889754986214110e-02,0.000000000000000000e+00,0.000000000000000000e+00,2.000000000000000000e+04
9.499999999999999556e-01,1.000000000000000056e-01,-7.750514393359182047e-03,-3.003642816095636672e-02,0.000000000000000000e+00,0.000000000000000000e+00,2.000000000000000000e+04
1.000000000000000000e+00,1.000000000000000056e-01,-7.758374942887286650e-03,-3.106812694191718460e-02,0.000000000000000000e+00,0.000000000000000000e+00,2.000000000000000000e+04
0.000000000000000000e+00,1.499999999999999944e-01,0.000000000000000000e+00,0.000000000000000000e+00,1.000000000000000000e+00,0.000000000000000000e+00,2.000000000000000000e+04
5.000000000000000278e-02,1.499999999999999944e-01,-7.343662414945041584e-04,-1.622417278530099722e-03,0.000000000000000000e+00,0.000000000000000000e+00,2.000000000000000000e+04
1.000000000000000056e-01,1.499999999999999944e-01,-1.491588874357490562e-03,-3.492795927194999525e-03,0.000000000000000000e+00,0.000000000000000000e+00,2.000000000000000000e+04
1.499999999999999944e-01,1.499999999999999944e-01,-2.258068904986551637e-03,-5.483839275772227004e-03,0.000000000000000000e+00,0.000000000000000000e+00,2.000000000000000000e+04
2.000000000000000111e-01,1.499999999999999944e-01,-2.992006795995983716e-03,-7.501062657989581405e-03,0.000000000000000000e+00,0.000000000000000000e+00,2.000000000000000000e+04
2.500000000000000000e-01,1.499999999999999944e-01,-3.661605156959518367e-03,-9.493831698394778959e-03,0.000000000000000000e+00,0.000000000000000000e+00,2.000000000000000000e+04
2.999999999999999889e-01,1.499999999999999944e-01,-4.254918832204394701e-03,-1.143983994603415405e-02,0.000000000000000000e+00,0.000000000000000000e+00,2.000000000000000000e+04
3.499999999999999778e-01,1.499999999999999944e-01,-4.769753715497479681e-03,-1.332675799907812736e-02,0.000000000000000000e+00,0.000000000000000000e+00,2.000000000000000000e+04
4.000000000000000222e-01,1.499999999999999944e-01,-5.208517623447042437e-03,-1.514623247574937819e-02,0.000000000000000000e+00,0.000000000000000000e+00,2.000000000000000000e+04
4.500000000000000111e-01,1.499999999999999944e-01,-5.575856121830290342e-03,-1.689198343192073459e-02,0.000000000000000000e+00,0.000000000000000000e+00,2.000000000000000000e+04
5.000000000000000000e-01,1.499999999999999944e-01,-5.877519981680159357e-03,-1.855920644848231202e-02,0.000000000000000000e+00,0.000000000000000000e+00,2.000000000000000000e+04
5.500000000000000444e-01,1.499999999999999944e-01,-6.119796480712820508e-03,-2.014444095930591205e-02,0.000000000000000000e+00,0.000000000000000000e+00,2.000000000000000000e+04
5.999999999999999778e-01,1.499999999999999944e-01,-6.309211792951708968e-03,-2.164563320163586865e-02,0.000000000000000000e+00,0.000000000000000000e+00,2.000000000000000000e+04
6.500000000000000222e-01,1.499999999999999944e-01,-6.452370842728994034e-03,-2.306230118221200623e-02,0.000000000000000000e+00,0.000000000000000000e+00,2.000000000000000000e+04
6.999999999999999556e-01,1.499999999999999944e-01,-6.555874817974840368e-03,-2.439577138055170138e-02,0.000000000000000000e+00,0.000000000000000000e+00,2.000000000000000000e+04
7.500000000000000000e-01,1.499999999999999944e-01,-6.626295257082668450e-03,-2.564947919439272347e-02,0.000000000000000000e+00,0.000000000000000000e+00,2.000000000000000000e+04
8.000000000000000444e-01,1.499999999999999944e-01,-6.670207692996746839e-03,-2.682933137699137008e-02,0.000000000000000000e+00,0.000000000000000000e+00,2.000000000000000000e+04
8.499999999999999778e-01,1.499999999999999944e-01,-6.694305370639197506e-03,-2.794412865795985537e-02,0.000000000000000000e+00,0.000000000000000000e+00,2.000000000000000000e+04
9.000000000000000222e-01,1.499999999999999944e-01,-6.705626179331332024e-03,-2.900605342980450835e-02,0.000000000000000000e+00,0.000000000000000000e+00,2.000000000000000000e+04
9.499999999999999556e-01,1.499999999999999944e-01,-6.711934699539236562e-03,-3.003128792789521578e-02,0.000000000000000000e+00,0.000000000000000000e+00,2.000000000000000000e+04
1.000000000000000000e+00,1.499999999999999944e-01,-6.722342220754996822e-03,-3.104113215181576388e-02,0.000000000000000000e+00,0.000000000000000000e+00,2.000000000000000000e+04
0.000000000000000000e+00,2.000000000000000111e-01,0.000000000000000000e+00,0.000000000000000000e+00,1.000000000000000000e+00,0.000000000000000000e+00,2.000000000000000000e+04
5.000000000000000278e-02,2.000000000000000111e-01,-5.983772199441081538e-04,-1.614307458572596717e-03,0.000000000000000000e+00,0.000000000000000000e+00,2.000000000000000000e+04
1.000000000000000056e-01,2.000000000000000111e-01,-1.194786853516594622e-03,-3.430664389414388692e-03,0.000000000000000000e+00,0.000000000000000000e+00,2.000000000000000000e+04
1.499999999999999944e-01,2.000000000000000111e-01,-1.795801168219072434e-03,-5.368866830220176377e-03,0.000000000000000000e+00,0.000000000000000000e+00,2.000000000000000000e+04
2.000000000000000111e-01,2.000000000000000111e-01,-2.385770444080244530e-03,-7.357766015809065821e-03,0.000000000000000000e+00,0.000000000000000000e+00,2.000000000000000000e+04
2.500000000000000000e-01,2.000000000000000111e-01,-2.943289653608420400e-03,-9.346021551053379506e-03,0.000000000000000000e+00,0.000000000000000000e+00,2.000000000000000000e+04
2.999999999999999889e-01,2.000000000000000111e-01,-3.452724604692834331e-03,-1.130177566690181157e-02,0.000000000000000000e+00,0.000000000000000000e+00,2.000000000000000000e+04
3.499999999999999778e-01,2.000000000000000111e-01,-3.906211517115898424e-03,-1.320597304229615201e-02,0.000000000000000000e+00,0.000000000000000000e+00,2.000000000000000000e+04
4.000000000000000222e-01,2.000000000000000111e-01,-4.301120373756284893e-03,-1.504624684504487706e-02,0.000000000000000000e+00,0.000000000000000000e+00,2.000000000000000000e+04
4.500000000000000111e-01,2.000000000000000111e-01,-4.638001699546434771e-03,-1.681394227155123822e-02,0.000000000000000000e+00,0.000000000000000000e+00,2.000000000000000000e+04
5.000000000000000000e-01,2.000000000000000111e-01,-4.919315890358157486e-03,-1.850280765879894901e-02,0.000000000000000000e+00,0.000000000000000000e+00,2.000000000000000000e+04
5.500000000000000444e-01,2.000000000000000111e-01,-5.148678455175659599e-03,-2.010845155729047359e-02,0.000000000000000000e+00,0.000000000000000000e+00,2.000000000000000000e+04
5.999999999999999778e-01,2.000000000000000111e-01,-5.330413827543154653e-03,-2.162816343970607250e-02,0.000000000000000000e+00,0.000000000000000000e+00,2.000000000000000000e+04
6.500000000000000222e-01,2.000000000000000111e-01,-5.469297087153508069e-03,-2.306092281116023379e-02,0.000000000000000000e+00,0.000000000000000000e+00,2.000000000000000000e+04
6.999999999999999556e-01,2.000000000000000111e-01,-5.570420629791527495e-03,-2.440751814728047905e-02,0.000000000000000000e+00,0.000000000000000000e+00,2.000000000000000000e+04
7.500000000000000000e-01,2.000000000000000111e-01,-5.639159200357380351e-03,-2.567073797623212542e-02,0.000000000000000000e+00,0.000000000000000000e+00,2.000000000000000000e+04
8.000000000000000444e-01,2.000000000000000111e-01,-5.681231203475163062e-03,-2.685561296233366854e-02,0.000000000000000000e+00,0.000000000000000000e+00,2.000000000000000000e+04
8.499999999999999778e-01,2.000000000000000111e-01,-5.702872668582052024e-03,-2.796969534839350777e-02,0.000000000000000000e+00,0.000000000000000000e+00,2.000000000000000000e+04
9.000000000000000222e-01,2.000000000000000111e-01,-5.711157137296898369e-03,-2.902337555836105587e-02,0.000000000000000000e+00,0.000000000000000000e+00,2.000000000000000000e+04
9.499999999999999556e-01,2.000000000000000111e-01,-5.714520961363649121e-03,-3.003028711470975831e-02,0.000000000000000000e+00,0.000000000000000000e+00,2.000000000000000000e+04
1.000000000000000000e+00,2.000000000000000111e-01,-5.723634353302408176e-03,-3.100801748429634491e-02,0.000000000000000000e+00,0.000000000000000000e+00,2.000000000000000000e+04
0.000000000000000000e+00,2.500000000000000000e-01,0.000000000000000000e+00,0.000000000000000000e+00,1.000000000000000000e+00,0.000000000000000000e+00,2.000000000000000000e+04
5.000000000000000278e-02,2.500000000000000000e-01,-5.030411128298880891e-04,-1.636336881459629633e-03,0.000000000000000000e+00,0.000000000000000000e+00,2.000000000000000000e+04
1.000000000000000056e-01,2.500000000000000000e-01,-9.894103101727156659e-04,-3.433790542550527441e-03,0.000000000000000000e+00,0.000000000000000000e+00,2.000000000000000000e+04
1.499999999999999944e-01,2.500000000000000000e-01,-1.471039681627604127e-03,-5.339981212017832699e-03,0.000000000000000000e+00,0.000000000000000000e+00,2.000000000000000000e+04
2.000000000000000111e-01,2.500000000000000000e-01,-1.944874161009704783e-03,-7.302642413993008959e-03,0.000000000000000000e+00,0.000000000000000000e+00,2.000000000000000000e+04
2.500000000000000000e-01,2.500000000000000000e-01,-2.399992392941308061e-03,-9.277810276522019742e-03,0.000000000000000000e+00,0.000000000000000000e+00,2.000000000000000000e+04
2.999999999999999889e-01,2.500000000000000000e-01,-2.824630787109682836e-03,-1.123269922702668441e-02,0.000000000000000000e+00,0.000000000000000000e+00,2.000000000000000000e+04
3.499999999999999778e-01,2.500000000000000000e-01,-3.210075866136306074e-03,-1.314452491452102433e-02,0.000000000000000000e+00,0.000000000000000000e+00,2.000000000000000000e+04
4.000000000000000222e-01,2.500000000000000000e-01,-3.551328430544013065e-03,-1.499761271318929105e-02,0.000000000000000000e+00,0.000000000000000000e+00,2.000000000000000000e+04
4.500000000000000111e-01,2.500000000000000000e-01,-3.846343311860301803e-03,-1.678090165481605986e-02,0.000000000000000000e+00,0.000000000000000000e+00,2.000000000000000000e+04
5.000000000000000000e-01,2.500000000000000000e-01,-4.095177184495996797e-03,-1.848645372199018977e-02,0.000000000000000000e+00,0.000000000000000000e+00,2.000000000000000000e+04
5.500000000000000444e-01,2.500000000000000000e-01,-4.299341021307695986e-03,-2.010866749421152608e-02,0.000000000000000000e+00,0.000000000000000000e+00,2.000000000000000000e+04
5.999999999999999778e-01,2.500000000000000000e-01,-4.461360991728907481e-03,-2.164390165448385958e-02,0.000000000000000000e+00,0.000000000000000000e+00,2.000000000000000000e+04
6.500000000000000222e-01,2.500000000000000000e-01,-4.584503865198543207e-03,-2.309033119789692320e-02,0.000000000000000000e+00,0.000000000000000000e+00,2.000000000000000000e+04
6.999999999999999556e-01,2.500000000000000000e-01,-4.672631504462985280e-03,-2.444793792376527553e-02,0.000000000000000000e+00,0.000000000000000000e+00,2.000000000000000000e+04
7.500000000000000000e-01,2.500000000000000000e-01,-4.730166486054694815e-03,-2.571857848645461159e-02,0.000000000000000000e+00,0.000000000000000000e+00,2.000000000000000000e+04
8.000000000000000444e-01,2.500000000000000000e-01,-4.762167392521843463e-03,-2.690609317236206111e-02,0.000000000000000000e+00,0.000000000000000000e+00,2.000000000000000000e+04
8.499999999999999778e-01,2.500000000000000000e-01,-4.774527221337336244e-03,-2.801642811849489045e-02,0.000000000000000000e+00,0.000000000000000000e+00,2.000000000000000000e+04
9.000000000000000222e-01,2.500000000000000000e-01,-4.774324620391930465e-03,-2.905775300941884978e-02,0.000000000000000000e+00,0.000000000000000000e+00,2.000000000000000000e+04
9.499999999999999556e-01,2.500000000000000000e-01,-4.770384804327551520e-03,-3.004057771255574591e-02,0.000000000000000000e+00,0.000000000000000000e+00,2.000000000000000000e+04
1.000000000000000000e+00,2.500000000000000000e-01,-4.774171890929101991e-03,-3.097791016893112689e-02,0.000000000000000000e+00,0.000000000000000000e+00,2.000000000000000000e+04
0.000000000000000000e+00,2.999999999999999889e-01,0.000000000000000000e+00,0.000000000000000000e+00,1.000000000000000000e+00,0.000000000000000000e+00,2.000000000000000000e+04
5.000000000000000278e-02,2.999999999999999889e-01,-4.330222761954562378e-04,-1.674684907729416224e-03,0.000000000000000000e+00,0.000000000000000000e+00,2.000000000000000000e+04
1.000000000000000056e-01,2.999999999999999889e-01,-8.401420674757783223e-04,-3.476536692913220847e-03,0.000000000000000000e+00,0.000000000000000000e+00,2.000000000000000000e+04
1.499999999999999944e-01,2.999999999999999889e-01,-1.233886276224844874e-03,-5.370015504100093817e-03,0.000000000000000000e+00,0.000000000000000000e+00,2.000000000000000000e+04
2.000000000000000111e-01,2.999999999999999889e-01,-1.616953524051350892e-03,-7.316427710266588079e-03,0.000000000000000000e+00,0.000000000000000000e+00,2.000000000000000000e+04
2.500000000000000000e-01,2.999999999999999889e-01,-1.985256309367986870e-03,-9.279858532380950292e-03,0.000000000000000000e+00,0.000000000000000000e+00,2.000000000000000000e+04
2.999999999999999889e-01,2.999999999999999889e-01,-2.331792125659589137e-03,-1.123032975966293048e-02,0.000000000000000000e+00,0.000000000000000000e+00,2.000000000000000000e+04
3.499999999999999778e-01,2.999999999999999889e-01,-2.649704848978674376e-03,-1.314455776999149533e-02,0.000000000000000000e+00,0.000000000000000000e+00,2.000000000000000000e+04
4.000000000000000222e-01,2.999999999999999889e-01,-2.933842804756020377e-03,-1.500514459043516581e-02,0.000000000000000000e+00,0.000000000000000000e+00,2.000000000000000000e+04
4.500000000000000111e-01,2.999999999999999889e-01,-3.181088238454067574e-03,-1.679923999485895617e-02,0.000000000000000000e+00,0.000000000000000000e+00,2.000000000000000000e+04
5.000000000000000000e-01,2.999999999999999889e-01,-3.390116976147131752e-03,-1.851738271979441741e-02,0.000000000000000000e+00,0.000000000000000000e+00,2.000000000000000000e+04
5.500000000000000444e-01,2.999999999999999889e-01,-3.561039550180716308e-03,-2.015272311438588704e-02,0.000000000000000000e+00,0.000000000000000000e+00,2.000000000000000000e+04
5.999999999999999778e-01,2.999999999999999889e-01,-3.695090825057691271e-03,-2.170056145662898825e-02,0.000000000000000000e+00,0.000000000000000000e+00,2.000000000000000000e+04
6.500000000000000222e-01,2.999999999999999889e-01,-3.794412349332484859e-03,-2.315809845833529876e-02,0.000000000000000000e+00,0.000000000000000000e+00,2.000000000000000000e+04
6.999999999999999556e-01,2.999999999999999889e-01,-3.861933782408699580e-03,-2.452431630314817410e-02,0.000000000000000000e+00,0.000000000000000000e+00,2.000000000000000000e+04
7.500000000000000000e-01,2.999999999999999889e-01,-3.901353509802535889e-03,-2.579993179495362540e-02,0.000000000000000000e+00,0.000000000000000000e+00,2.000000000000000000e+04
8.000000000000000444e-01,2.999999999999999889e-01,-3.917222871495065935e-03,-2.698737736703173476e-02,0.000000000000000000e+00,0.000000000000000000e+00,2.000000000000000000e+04
8.499999999999999778e-01,2.999999999999999889e-01,-3.915146431785383914e-03,-2.809077219884206084e-02,0.000000000000000000e+00,0.000000000000000000e+00,2.000000000000000000e+04
9.000000000000000222e-01,2.999999999999999889e-01,-3.902121842610225232e-03,-2.911584760686932588e-02,0.000000000000000000e+00,0.000000000000000000e+00,2.000000000000000000e+04
9.499999999999999556e-01,2.999999999999999889e-01,-3.887061236536218378e-03,-3.006978804008434564e-02,0.000000000000000000e+00,0.000000000000000000e+00,2.000000000000000000e+04
1.000000000000000000e+00,2.999999999999999889e-01,-3.881570517566782820e-03,-3.096092195081110235e-02,0.000000000000000000e+00,0.000000000000000000e+00,2.000000000000000000e+04
0.000000000000000000e+00,3.499999999999999778e-01,0.000000000000000000e+00,0.000000000000000000e+00,1.000000000000000000e+00,0.000000000000000000e+00,2.000000000000000000e+04
5.000000000000000278e-02,3.499999999999999778e-01,-3.802274481842967671e-04,-1.722786420480037313e-03,0.000000000000000000e+00,0.000000000000000000e+00,2.000000000000000000e+04
1.000000000000000056e-01,3.499999999999999778e-01,-7.283228119891989663e-04,-3.545037930257813070e-03,0.000000000000000000e+00,0.000000000000000000e+00,2.000000000000000000e+04
1.499999999999999944e-01,3.499999999999999778e-01,-1.055900562449002328e-03,-5.441611058671006265e-03,0.000000000000000000e+00,0.000000000000000000e+00,2.000000000000000000e+04
2.000000000000000111e-01,3.499999999999999778e-01,-1.368134722029413271e-03,-7.383296460399569293e-03,0.000000000000000000e+00,0.000000000000000000e+00,2.000000000000000000e+04
2.500000000000000000e-01,3.499999999999999778e-01,-1.664956175337031124e-03,-9.341035305401116859e-03,0.000000000000000000e+00,0.000000000000000000e+00,2.000000000000000000e+04
2.999999999999999889e-01,3.499999999999999778e-01,-1.943115266058048022e-03,-1.128864232673395217e-02,0.000000000000000000e+00,0.000000000000000000e+00,2.000000000000000000e+04
3.499999999999999778e-01,3.499999999999999778e-01,-2.198215444399260771e-03,-1.320410327912940190e-02,0.000000000000000000e+00,0.000000000000000000e+00,2.000000000000000000e+04
4.000000000000000222e-01,3.499999999999999778e-01,-2.426163277523272002e-03,-1.506975183579315272e-02,0.000000000000000000e+00,0.000000000000000000e+00,2.000000000000000000e+04
4.500000000000000111e-01,3.499999999999999778e-01,-2.623905421953679623e-03,-1.687180240141937862e-02,0.000000000000000000e+00,0.000000000000000000e+00,2.000000000000000000e+04
5.000000000000000000e-01,3.499999999999999778e-01,-2.789638364606597618e-03,-1.859968760684709357e-02,0.000000000000000000e+00,0.000000000000000000e+00,2.000000000000000000e+04
5.500000000000000444e-01,3.499999999999999778e-01,-2.922755447962357717e-03,-2.024546932447712430e-02,0.000000000000000000e+00,0.000000000000000000e+00,2.000000000000000000e+04
5.999999999999999778e-01,3.499999999999999778e-01,-3.023715975728918405e-03,-2.180340678686170514e-02,0.000000000000000000e+00,0.000000000000000000e+00,2.000000000000000000e+04
6.500000000000000222e-01,3.499999999999999778e-01,-3.093927789332163222e-03,-2.326966665440939608e-02,0.000000000000000000e+00,0.000000000000000000e+00,2.000000000000000000e+04
6.999999999999999556e-01,3.499999999999999778e-01,-3.135683277337976155e-03,-2.464213173159245790e-02,0.000000000000000000e+00,0.000000000000000000e+00,2.000000000000000000e+04
7.500000000000000000e-01,3.499999999999999778e-01,-3.152167355954068294e-03,-2.592026310677718673e-02,0.000000000000000000e+00,0.000000000000000000e+00,2.000000000000000000e+04
8.000000000000000444e-01,3.499999999999999778e-01,-3.147549498317591971e-03,-2.710497331577986849e-02,0.000000000000000000e+00,0.000000000000000000e+00,2.000000000000000000e+04
8.499999999999999778e-01,3.499999999999999778e-01,-3.127172284177047457e-03,-2.819846858706629919e-02,0.000000000000000000e+00,0.000000000000000000e+00,2.000000000000000000e+04
9.000000000000000222e-01,3.499999999999999778e-01,-3.097853040497697448e-03,-2.920401361436450460e-02,0.000000000000000000e+00,0.000000000000000000e+00,2.000000000000000000e+04
9.499999999999999556e-01,3.499999999999999778e-01,-3.068322454378100746e-03,-3.012555719725767620e-02,0.000000000000000000e+00,0.000000000000000000e+00,2.000000000000000000e+04
1.000000000000000000e+00,3.499999999999999778e-01,-3.049833020403673167e-03,-3.096711186550692510e-02,0.000000000000000000e+00,0.000000000000000000e+00,2.000000000000000000e+04
0.000000000000000000e+00,4.000000000000000222e-01,0.000000000000000000e+00,0.000000000000000000e+00,1.000000000000000000e+00,0.000000000000000000e+00,2.000000000000000000e+04
5.000000000000000278e-02,4.000000000000000222e-01,-3.399044823321032164e-04,-1.777349815643284149e-03,0.000000000000000000e+00,0.000000000000000000e+00,2.000000000000000000e+04
1.000000000000000056e-01,4.000000000000000222e-01,-6.431293319546258847e-04,-3.631492159205571956e-03,0.000000000000000000e+00,0.000000000000000000e+00,2.000000000000000000e+04
1.499999999999999944e-01,4.000000000000000222e-01,-9.200058384926441306e-04,-5.543814260029469518e-03,0.000000000000000000e+00,0.000000000000000000e+00,2.000000000000000000e+04
2.000000000000000111e-01,4.000000000000000222e-01,-1.176615226704892051e-03,-7.491694607138423001e-03,0.000000000000000000e+00,0.000000000000000000e+00,2.000000000000000000e+04
2.500000000000000000e-01,4.000000000000000222e-01,-1.415144703143767077e-03,-9.451476388783791940e-03,0.000000000000000000e+00,0.000000000000000000e+00,2.000000000000000000e+04
2.999999999999999889e-01,4.000000000000000222e-01,-1.634950515793774260e-03,-1.140063907300177190e-02,0.000000000000000000e+00,0.000000000000000000e+00,2.000000000000000000e+04
3.499999999999999778e-01,4.000000000000000222e-01,-1.833828573104449551e-03,-1.331911949854001562e-02,0.000000000000000000e+00,0.000000000000000000e+00,2.000000000000000000e+04
4.000000000000000222e-01,4.000000000000000222e-01,-2.009120879028138996e-03,-1.518987965311736216e-02,0.000000000000000000e+00,0.000000000000000000e+00,2.000000000000000000e+04
4.500000000000000111e-01,4.000000000000000222e-01,-2.158473937436467590e-03,-1.699893470787550501e-02,0.000000000000000000e+00,0.000000000000000000e+00,2.000000000000000000e+04
5.000000000000000000e-01,4.000000000000000222e-01,-2.280246737807836623e-03,-1.873508945149122973e-02,0.000000000000000000e+00,0.000000000000000000e+00,2.000000000000000000e+04
5.500000000000000444e-01,4.000000000000000222e-01,-2.373670925185812110e-03,-2.038958350686763746e-02,0.000000000000000000e+00,0.000000000000000000e+00,2.000000000000000000e+04
5.999999999999999778e-01,4.000000000000000222e-01,-2.438882025388638096e-03,-2.195575833830997609e-02,0.000000000000000000e+00,0.000000000000000000e+00,2.000000000000000000e+04
6.500000000000000222e-01,4.000000000000000222e-01,-2.476909242568278192e-03,-2.342878276618267502e-02,0.000000000000000000e+00,0.000000000000000000e+00,2.000000000000000000e+04
6.999999999999999556e-01,4.000000000000000222e-01,-2.489676109579683997e-03,-2.480542987860802351e-02,0.000000000000000000e+00,0.000000000000000000e+00,2.000000000000000000e+04
7.500000000000000000e-01,4.000000000000000222e-01,-2.480041482865251792e-03,-2.608387929786384549e-02,0.000000000000000000e+00,0.000000000000000000e+00,2.000000000000000000e+04
8.000000000000000444e-01,4.000000000000000222e-01,-2.451898545015510252e-03,-2.726351082038671811e-02,0.000000000000000000e+00,0.000000000000000000e+00,2.000000000000000000e+04
8.499999999999999778e-01,4.000000000000000222e-01,-2.410344143972606001e-03,-2.834464971705966466e-02,0.000000000000000000e+00,0.000000000000000000e+00,2.000000000000000000e+04
9.000000000000000222e-01,4.000000000000000222e-01,-2.361928592961162494e-03,-2.932821518166729355e-02,0.000000000000000000e+00,0.000000000000000000e+00,2.000000000000000000e+04
9.499999999999999556e-01,4.000000000000000222e-01,-2.314994249408492463e-03,-3.021520542046143842e-02,0.000000000000000000e+00,0.000000000000000000e+00,2.000000000000000000e+04
1.000000000000000000e+00,4.000000000000000222e-01,-2.280104542309559484e-03,-3.100591325127525708e-02,0.000000000000000000e+00,0.000000000000000000e+00,2.000000000000000000e+04
0.000000000000000000e+00,4.500000000000000111e-01,0.000000000000000000e+00,0.000000000000000000e+00,1.000000000000000000e+00,0.000000000000000000e+00,2.000000000000000000e+04
5.000000000000000278e-02,4.500000000000000111e-01,-3.090516552261481521e-04,-1.836674427840380907e-03,0.000000000000000000e+00,0.000000000000000000e+00,2.000000000000000000e+04
1.000000000000000056e-01,4.500000000000000111e-01,-5.778340406708837047e-04,-3.731380236829257013e-03,0.000000000000000000e+00,0.000000000000000000e+00,2.000000000000000000e+04
1.499999999999999944e-01,4.500000000000000111e-01,-8.154224792894118699e-04,-5.669668313504588712e-03,0.000000000000000000e+00,0.000000000000000000e+00,2.000000000000000000e+04
2.000000000000000111e-01,4.500000000000000111e-01,-1.028064128468765331e-03,-7.633498527712493341e-03,0.000000000000000000e+00,0.000000000000000000e+00,2.000000000000000000e+04
2.500000000000000000e-01,4.500000000000000111e-01,-1.219161061908054927e-03,-9.603334399272196731e-03,0.000000000000000000e+00,0.000000000000000000e+00,2.000000000000000000e+04
2.999999999999999889e-01,4.500000000000000111e-01,-1.389786733472670897e-03,-1.155981814068914731e-02,0.000000000000000000e+00,0.000000000000000000e+00,2.000000000000000000e+04
3.499999999999999778e-01,4.500000000000000111e-01,-1.539453375823416096e-03,-1.348493984393784109e-02,0.000000000000000000e+00,0.000000000000000000e+00,2.000000000000000000e+04
4.000000000000000222e-01,4.500000000000000111e-01,-1.666892466782197860e-03,-1.536271129004493016e-02,0.000000000000000000e+00,0.000000000000000000e+00,2.000000000000000000e+04
4.500000000000000111e-01,4.500000000000000111e-01,-1.770694437356793100e-03,-1.717943345093313201e-02,0.000000000000000000e+00,0.000000000000000000e+00,2.000000000000000000e+04
5.000000000000000000e-01,4.500000000000000111e-01,-1.849750550179987988e-03,-1.892368684037040727e-02,0.000000000000000000e+00,0.000000000000000000e+00,2.000000000000000000e+04
5.500000000000000444e-01,4.500000000000000111e-01,-1.903515906572891131e-03,-2.058617112260356305e-02,0.000000000000000000e+00,0.000000000000000000e+00,2.000000000000000000e+04
5.999999999999999778e-01,4.500000000000000111e-01,-1.932149668533608006e-03,-2.215948665705906248e-02,0.000000000000000000e+00,0.000000000000000000e+00,2.000000000000000000e+04
6.500000000000000222e-01,4.500000000000000111e-01,-1.936591687690406450e-03,-2.363790731355071631e-02,0.000000000000000000e+00,0.000000000000000000e+00,2.000000000000000000e+04
6.999999999999999556e-01,4.500000000000000111e-01,-1.918621383818017861e-03,-2.501715805261332803e-02,0.000000000000000000e+00,0.000000000000000000e+00,2.000000000000000000e+04
7.500000000000000000e-01,4.500000000000000111e-01,-1.880929457062437095e-03,-2.629418766546190445e-02,0.000000000000000000e+00,0.000000000000000000e+00,2.000000000000000000e+04
8.000000000000000444e-01,4.500000000000000111e-01,-1.827221447697660378e-03,-2.746691333726374723e-02,0.000000000000000000e+00,0.000000000000000000e+00,2.000000000000000000e+04
8.499999999999999778e-01,4.500000000000000111e-01,-1.762364193191471489e-03,-2.853390393257001015e-02,0.000000000000000000e+00,0.000000000000000000e+00,2.000000000000000000e+04
9.000000000000000222e-01,4.500000000000000111e-01,-1.692579935287044255e-03,-2.949395844016439172e-02,0.000000000000000000e+00,0.000000000000000000e+00,2.000000000000000000e+04
9.499999999999999556e-01,4.500000000000000111e-01,-1.625685344373250813e-03,-3.034552022887461106e-02,0.000000000000000000e+00,0.000000000000000000e+00,2.000000000000000000e+04
1.000000000000000000e+00,4.500000000000000111e-01,-1.571358882505313748e-03,-3.108584098176947128e-02,0.000000000000000000e+00,0.000000000000000000e+00,2.000000000000000000e+04
0.000000000000000000e+00,5.000000000000000000e-01,0.000000000000000000e+00,0.000000000000000000e+00,1.000000000000000000e+00,0.000000000000000000e+00,2.000000000000000000e+04
5.000000000000000278e-02,5.000000000000000000e-01,-2.856674351219106985e-04,-1.899875549303271143e-03,0.000000000000000000e+00,0.000000000000000000e+00,2.000000000000000000e+04
1.000000000000000056e-01,5.000000000000000000e-01,-5.280233168095827684e-04,-3.842035815881631941e-03,0.000000000000000000e+00,0.000000000000000000e+00,2.000000000000000000e+04
1.499999999999999944e-01,5.000000000000000000e-01,-7.350394014564071198e-04,-5.814715824305799648e-03,0.000000000000000000e+00,0.000000000000000000e+00,2.000000000000000000e+04
2.000000000000000111e-01,5.000000000000000000e-01,-9.127937280161465671e-04,-7.803070847995776521e-03,0.000000000000000000e+00,0.000000000000000000e+00,2.000000000000000000e+04
2.500000000000000000e-01,5.000000000000000000e-01,-1.065302355421111555e-03,-9.790657498301899228e-03,0.000000000000000000e+00,0.000000000000000000e+00,2.000000000000000000e+04
2.999999999999999889e-01,5.000000000000000000e-01,-1.194740026183895455e-03,-1.176070673525458563e-02,0.000000000000000000e+00,0.000000000000000000e+00,2.000000000000000000e+04
3.499999999999999778e-01,5.000000000000000000e-01,-1.301889764896084272e-03,-1.369709900307729961e-02,0.000000000000000000e+00,0.000000000000000000e+00,2.000000000000000000e+04
4.000000000000000222e-01,5.000000000000000000e-01,-1.386671798051509552e-03,-1.558501704628847268e-02,0.000000000000000000e+00,0.000000000000000000e+00,2.000000000000000000e+04
4.500000000000000111e-01,5.000000000000000000e-01,-1.448638877681376501e-03,-1.741130565791045026e-02,0.000000000000000000e+00,0.000000000000000000e+00,2.000000000000000000e+04
5.000000000000000000e-01,5.000000000000000000e-01,-1.487375396523931076e-03,-1.916460119059818640e-02,0.000000000000000000e+00,0.000000000000000000e+00,2.000000000000000000e+04
5.500000000000000444e-01,5.000000000000000000e-01,-1.502785234452273756e-03,-2.083530411783717645e-02,0.000000000000000000e+00,0.000000000000000000e+00,2.000000000000000000e+04
5.999999999999999778e-01,5.000000000000000000e-01,-1.495285763026675541e-03,-2.241545841265221023e-02,0.000000000000000000e+00,0.000000000000000000e+00,2.000000000000000000e+04
6.500000000000000222e-01,5.000000000000000000e-01,-1.465939399633290523e-03,-2.389858048490318618e-02,0.000000000000000000e+00,0.000000000000000000e+00,2.000000000000000000e+04
6.999999999999999556e-01,5.000000000000000000e-01,-1.416554080570549571e-03,-2.527945728637196951e-02,0.000000000000000000e+00,0.000000000000000000e+00,2.000000000000000000e+04
7.500000000000000000e-01,5.000000000000000000e-01,-1.349777258360633806e-03,-2.655391387864486016e-02,0.000000000000000000e+00,0.000000000000000000e+00,2.000000000000000000e+04
8.000000000000000444e-01,5.000000000000000000e-01,-1.269199734236705008e-03,-2.771853652647889021e-02,0.000000000000000000e+00,0.000000000000000000e+00,2.000000000000000000e+04
8.499999999999999778e-01,5.000000000000000000e-01,-1.179477729895333582e-03,-2.877032655181661902e-02,0.000000000000000000e+00,0.000000000000000000e+00,2.000000000000000000e+04
9.000000000000000222e-01,5.000000000000000000e-01,-1.086473665162153998e-03,-2.970625018030473644e-02,0.000000000000000000e+00,0.000000000000000000e+00,2.000000000000000000e+04
9.499999999999999556e-01,5.000000000000000000e-01,-9.974062076475768111e-04,-3.052263794841506700e-02,0.000000000000000000e+00,0.000000000000000000e+00,2.000000000000000000e+04
1.000000000000000000e+00,5.000000000000000000e-01,-9.209846706366922467e-04,-3.121437257541779392e-02,0.000000000000000000e+00,0.000000000000000000e+00,2.000000000000000000e+04
0.000000000000000000e+00,5.500000000000000444e-01,0.000000000000000000e+00,0.000000000000000000e+00,1.000000000000000000e+00,0.000000000000000000e+00,2.000000000000000000e+04
5.000000000000000278e-02,5.500000000000000444e-01,-2.683587557686443982e-04,-1.966505464659066768e-03,0.000000000000000000e+00,0.000000000000000000e+00,2.000000000000000000e+04
1.000000000000000056e-01,5.500000000000000444e-01,-4.906704608403474532e-04,-3.961876526789628872e-03,0.000000000000000000e+00,0.000000000000000000e+00,2.000000000000000000e+04
1.499999999999999944e-01,5.500000000000000444e-01,-6.739788865718579101e-04,-5.976087215025034823e-03,0.000000000000000000e+00,0.000000000000000000e+00,2.000000000000000000e+04
2.000000000000000111e-01,5.500000000000000444e-01,-8.240586911201846446e-04,-7.996525179251250115e-03,0.000000000000000000e+00,0.000000000000000000e+00,2.000000000000000000e+04
2.500000000000000000e-01,5.500000000000000444e-01,-9.451997091297297373e-04,-1.000904668686334459e-02,0.000000000000000000e+00,0.000000000000000000e+00,2.000000000000000000e+04
2.999999999999999889e-01,5.500000000000000444e-01,-1.040270565920718747e-03,-1.199893897551126964e-02,0.000000000000000000e+00,0.000000000000000000e+00,2.000000000000000000e+04
3.499999999999999778e-01,5.500000000000000444e-01,-1.110971672803235961e-03,-1.395171015991944485e-02,0.000000000000000000e+00,0.000000000000000000e+00,2.000000000000000000e+04
4.000000000000000222e-01,5.500000000000000444e-01,-1.158184395718915355e-03,-1.585367079904795307e-02,0.000000000000000000e+00,0.000000000000000000e+00,2.000000000000000000e+04
4.500000000000000111e-01,5.500000000000000444e-01,-1.182337688178919984e-03,-1.769230807031893504e-02,0.000000000000000000e+00,0.000000000000000000e+00,2.000000000000000000e+04
5.000000000000000000e-01,5.500000000000000444e-01,-1.183738985906365162e-03,-1.945647922633900878e-02,0.000000000000000000e+00,0.000000000000000000e+00,2.000000000000000000e+04
5.500000000000000444e-01,5.500000000000000444e-01,-1.162844182737828242e-03,-2.113646372245655061e-02,0.000000000000000000e+00,0.000000000000000000e+00,2.000000000000000000e+04
5.999999999999999778e-01,5.500000000000000444e-01,-1.120464629435893866e-03,-2.272391374213185780e-02,0.000000000000000000e+00,0.000000000000000000e+00,2.000000000000000000e+04
6.500000000000000222e-01,5.500000000000000444e-01,-1.057923270597858467e-03,-2.421173413400018112e-02,0.000000000000000000e+00,0.000000000000000000e+00,2.000000000000000000e+04
6.999999999999999556e-01,5.500000000000000444e-01,-9.771772130264205856e-04,-2.559390966836650599e-02,0.000000000000000000e+00,0.000000000000000000e+00,2.000000000000000000e+04
7.500000000000000000e-01,5.500000000000000444e-01,-8.809227583030887444e-04,-2.686528405848264203e-02,0.000000000000000000e+00,0.000000000000000000e+00,2.000000000000000000e+04
8.000000000000000444e-01,5.500000000000000444e-01,-7.726941785511146337e-04,-2.802128353333618871e-02,0.000000000000000000e+00,0.000000000000000000e+00,2.000000000000000000e+04
8.499999999999999778e-01,5.500000000000000444e-01,-6.569610975679263543e-04,-2.905756820103031282e-02,0.000000000000000000e+00,0.000000000000000000e+00,2.000000000000000000e+04
9.000000000000000222e-01,5.500000000000000444e-01,-5.392216162417605213e-04,-2.996958630380903987e-02,0.000000000000000000e+00,0.000000000000000000e+00,2.000000000000000000e+04
9.499999999999999556e-01,5.500000000000000444e-01,-4.260783804391121612e-04,-3.075199907384994560e-02,0.000000000000000000e+00,0.000000000000000000e+00,2.000000000000000000e+04
1.000000000000000000e+00,5.500000000000000444e-01,-3.252706864106909355e-04,-3.139793809642845573e-02,0.000000000000000000e+00,0.000000000000000000e+00,2.000000000000000000e+04
0.000000000000000000e+00,5.999999999999999778e-01,0.000000000000000000e+00,0.000000000000000000e+00,1.000000000000000000e+00,0.000000000000000000e+00,2.000000000000000000e+04
5.000000000000000278e-02,5.999999999999999778e-01,-2.561207554767716706e-04,-2.036360037377565532e-03,0.000000000000000000e+00,0.000000000000000000e+00,2.000000000000000000e+04
1.000000000000000056e-01,5.999999999999999778e-01,-4.636196213089727701e-04,-4.089976382854652003e-03,0.000000000000000000e+00,0.000000000000000000e+00,2.000000000000000000e+04
1.499999999999999944e-01,5.999999999999999778e-01,-6.287749163328990119e-04,-6.151943844540103644e-03,0.000000000000000000e+00,0.000000000000000000e+00,2.000000000000000000e+04
2.000000000000000111e-01,5.999999999999999778e-01,-7.570218903755575454e-04,-8.211206032551519179e-03,0.000000000000000000e+00,0.000000000000000000e+00,2.000000000000000000e+04
2.500000000000000000e-01,5.999999999999999778e-01,-8.527363339623594916e-04,-1.025531461301490248e-02,0.000000000000000000e+00,0.000000000000000000e+00,2.000000000000000000e+04
2.999999999999999889e-01,5.999999999999999778e-01,-9.192177100677811083e-04,-1.227115707886960311e-02,0.000000000000000000e+00,0.000000000000000000e+00,2.000000000000000000e+04
3.499999999999999778e-01,5.999999999999999778e-01,-9.588220976292772917e-04,-1.424558722779806740e-02,0.000000000000000000e+00,0.000000000000000000e+00,2.000000000000000000e+04
4.000000000000000222e-01,5.999999999999999778e-01,-9.731873376962153158e-04,-1.616592161191313451e-02,0.000000000000000000e+00,0.000000000000000000e+00,2.000000000000000000e+04
4.500000000000000111e-01,5.999999999999999778e-01,-9.634968663860203186e-04,-1.802029041709475934e-02,0.000000000000000000e+00,0.000000000000000000e+00,2.000000000000000000e+04
5.000000000000000000e-01,5.999999999999999778e-01,-9.307410272554783766e-04,-1.979785020454934846e-02,0.000000000000000000e+00,0.000000000000000000e+00,2.000000000000000000e+04
5.500000000000000444e-01,5.999999999999999778e-01,-8.759505342094628128e-04,-2.148887739826993784e-02,0.000000000000000000e+00,0.000000000000000000e+00,2.000000000000000000e+04
5.999999999999999778e-01,5.999999999999999778e-01,-8.003918038149361765e-04,-2.308476522689135654e-02,0.000000000000000000e+00,0.000000000000000000e+00,2.000000000000000000e+04
6.500000000000000222e-01,5.999999999999999778e-01,-7.057249943152343365e-04,-2.457794430302461322e-02,0.000000000000000000e+00,0.000000000000000000e+00,2.000000000000000000e+04
6.999999999999999556e-01,5.999999999999999778e-01,-5.941315623932553591e-04,-2.596174039202487141e-02,0.000000000000000000e+00,0.000000000000000000e+00,2.000000000000000000e+04
7.500000000000000000e-01,5.999999999999999778e-01,-4.684194049200109621e-04,-2.723017458774000879e-02,0.000000000000000000e+00,0.000000000000000000e+00,2.000000000000000000e+04
8.000000000000000444e-01,5.999999999999999778e-01,-3.321114115166854254e-04,-2.837770289749090916e-02,0.000000000000000000e+00,0.000000000000000000e+00,2.000000000000000000e+04
8.499999999999999778e-01,5.999999999999999778e-01,-1.895186314563527662e-04,-2.939888511069198990e-02,0.000000000000000000e+00,0.000000000000000000e+00,2.000000000000000000e+04
9.000000000000000222e-01,5.999999999999999778e-01,-4.579274944988490087e-05,-3.028796715910197709e-02,0.000000000000000000e+00,0.000000000000000000e+00,2.000000000000000000e+04
9.499999999999999556e-01,5.999999999999999778e-01,9.305605257773852065e-05,-3.103835742168362458e-02,0.000000000000000000e+00,0.000000000000000000e+00,2.000000000000000000e+04
1.000000000000000000e+00,5.999999999999999778e-01,2.202011930647667032e-04,-3.164197721001041352e-02,0.000000000000000000e+00,0.000000000000000000e+00,2.000000000000000000e+04
0.000000000000000000e+00,6.500000000000000222e-01,0.000000000000000000e+00,0.000000000000000000e+00,1.000000000000000000e+00,0.000000000000000000e+00,2.000000000000000000e+04
5.000000000000000278e-02,6.500000000000000222e-01,-2.482058968141090177e-04,-2.109376960490151002e-03,0.000000000000000000e+00,0.000000000000000000e+00,2.000000000000000000e+04
1.000000000000000056e-01,6.500000000000000222e-01,-4.452831353551253138e-04,-4.225821510950167857e-03,0.000000000000000000e+00,0.000000000000000000e+00,2.000000000000000000e+04
1.499999999999999944e-01,6.500000000000000222e-01,-5.968836149664828858e-04,-6.341134204690241326e-03,0.000000000000000000e+00,0.000000000000000000e+00,2.000000000000000000e+04
2.000000000000000111e-01,6.500000000000000222e-01,-7.081134928777699710e-04,-8.445332782901125712e-03,0.000000000000000000e+00,0.000000000000000000e+00,2.000000000000000000e+04
2.500000000000000000e-01,6.500000000000000222e-01,-7.833351412705457381e-04,-1.052720550225823282e-02,0.000000000000000000e+00,0.000000000000000000e+00,2.000000000000000000e+04
2.999999999999999889e-01,6.500000000000000222e-01,-8.261116868286905255e-04,-1.257486373822906504e-02,0.000000000000000000e+00,0.000000000000000000e+00,2.000000000000000000e+04
3.499999999999999778e-01,6.500000000000000222e-01,-8.392674518135939026e-04,-1.457624181178267080e-02,0.000000000000000000e+00,0.000000000000000000e+00,2.000000000000000000e+04
4.000000000000000222e-01,6.500000000000000222e-01,-8.250289779555632129e-04,-1.651951090087558013e-02,0.000000000000000000e+00,0.000000000000000000e+00,2.000000000000000000e+04
4.500000000000000111e-01,6.500000000000000222e-01,-7.852107195685317656e-04,-1.839339099430097393e-02,0.000000000000000000e+00,0.000000000000000000e+00,2.000000000000000000e+04
5.000000000000000000e-01,6.500000000000000222e-01,-7.214148131847693875e-04,-2.018735853776156344e-02,0.000000000000000000e+00,0.000000000000000000e+00,2.000000000000000000e+04
5.500000000000000444e-01,6.500000000000000222e-01,-6.352229379787396662e-04,-2.189175673534683383e-02,0.000000000000000000e+00,0.000000000000000000e+00,2.000000000000000000e+04
5.999999999999999778e-01,6.500000000000000222e-01,-5.283675380032081372e-04,-2.349782008910292902e-02,0.000000000000000000e+00,0.000000000000000000e+00,2.000000000000000000e+04
6.500000000000000222e-01,6.500000000000000222e-01,-4.028774507208753345e-04,-2.499762512993717808e-02,0.000000000000000000e+00,0.000000000000000000e+00,2.000000000000000000e+04
6.999999999999999556e-01,6.500000000000000222e-01,-2.611980170802089126e-04,-2.638397649130429581e-02,0.000000000000000000e+00,0.000000000000000000e+00,2.000000000000000000e+04
7.500000000000000000e-01,6.500000000000000222e-01,-1.062876968467384826e-04,-2.765023287967292506e-02,0.000000000000000000e+00,0.000000000000000000e+00,2.000000000000000000e+04
8.000000000000000444e-01,6.500000000000000222e-01,5.830762052682523865e-05,-2.879007240818121094e-02,0.000000000000000000e+00,0.000000000000000000e+00,2.000000000000000000e+04
8.499999999999999778e-01,6.500000000000000222e-01,2.284045199955859280e-04,-2.979719220113183700e-02,0.000000000000000000e+00,0.000000000000000000e+00,2.000000000000000000e+04
9.000000000000000222e-01,6.500000000000000222e-01,3.991630772709192773e-04,-3.066493393775633972e-02,0.000000000000000000e+00,0.000000000000000000e+00,2.000000000000000000e+04
9.499999999999999556e-01,6.500000000000000222e-01,5.651126353676184282e-04,-3.138582599870912843e-02,0.000000000000000000e+00,0.000000000000000000e+00,2.000000000000000000e+04
1.000000000000000000e+00,6.500000000000000222e-01,7.202444719629116617e-04,-3.195103576199995188e-02,0.000000000000000000e+00,0.000000000000000000e+00,2.000000000000000000e+04
0.000000000000000000e+00,6.999999999999999556e-01,0.000000000000000000e+00,0.000000000000000000e+00,1.000000000000000000e+00,0.000000000000000000e+00,2.000000000000000000e+04
5.000000000000000278e-02,6.999999999999999556e-01,-2.440428911616724836e-04,-2.185581093255910181e-03,0.000000000000000000e+00,0.000000000000000000e+00,2.000000000000000000e+04
1.000000000000000056e-01,6.999999999999999556e-01,-4.344567293605710191e-04,-4.369167481359820249e-03,0.000000000000000000e+00,0.000000000000000000e+00,2.000000000000000000e+04
1.499999999999999944e-01,6.999999999999999556e-01,-5.763819631594834262e-04,-6.542978831152570889e-03,0.000000000000000000e+00,0.000000000000000000e+00,2.000000000000000000e+04
2.000000000000000111e-01,6.999999999999999556e-01,-6.746260032325627652e-04,-8.697758142421498084e-03,0.000000000000000000e+00,0.000000000000000000e+00,2.000000000000000000e+04
2.500000000000000000e-01,6.999999999999999556e-01,-7.334893291615835528e-04,-1.082318078794890399e-02,0.000000000000000000e+00,0.000000000000000000e+00,2.000000000000000000e+04
2.999999999999999889e-01,6.999999999999999556e-01,-7.566939465702382213e-04,-1.290827686849670142e-02,0.000000000000000000e+00,0.000000000000000000e+00,2.000000000000000000e+04
3.499999999999999778e-01,6.999999999999999556e-01,-7.474005534933204648e-04,-1.494182673115474272e-02,0.000000000000000000e+00,0.000000000000000000e+00,2.000000000000000000e+04
4.000000000000000222e-01,6.999999999999999556e-01,-7.082929506955153815e-04,-1.691270156638640179e-02,0.000000000000000000e+00,0.000000000000000000e+00,2.000000000000000000e+04
4.500000000000000111e-01,6.999999999999999556e-01,-6.417057484320377089e-04,-1.881013248553066106e-02,0.000000000000000000e+00,0.000000000000000000e+00,2.000000000000000000e+04
5.000000000000000000e-01,6.999999999999999556e-01,-5.497731098311720802e-04,-2.062390121459353395e-02,0.000000000000000000e+00,0.000000000000000000e+00,2.000000000000000000e+04
5.500000000000000444e-01,6.999999999999999556e-01,-4.345806164433507410e-04,-2.234445276030145103e-02,0.000000000000000000e+00,0.000000000000000000e+00,2.000000000000000000e+04
5.999999999999999778e-01,6.999999999999999556e-01,-2.983077476335315153e-04,-2.396293475979120735e-02,0.000000000000000000e+00,0.000000000000000000e+00,2.000000000000000000e+04
6.500000000000000222e-01,6.999999999999999556e-01,-1.433535165349210177e-04,-2.547116981959617749e-02,0.000000000000000000e+00,0.000000000000000000e+00,2.000000000000000000e+04
6.999999999999999556e-01,6.999999999999999556e-01,2.755851143937244649e-05,-2.686156649853892880e-02,0.000000000000000000e+00,0.000000000000000000e+00,2.000000000000000000e+04
7.500000000000000000e-01,6.999999999999999556e-01,2.112977938299541295e-04,-2.812697248356577084e-02,0.000000000000000000e+00,0.000000000000000000e+00,2.000000000000000000e+04
8.000000000000000444e-01,6.999999999999999556e-01,4.042691340427734779e-04,-2.926047083749556618e-02,0.000000000000000000e+00,0.000000000000000000e+00,2.000000000000000000e+04
8.499999999999999778e-01,6.999999999999999556e-01,6.023838932425302443e-04,-3.025511782673329791e-02,0.000000000000000000e+00,0.000000000000000000e+00,2.000000000000000000e+04
9.000000000000000222e-01,6.999999999999999556e-01,8.010677845010873892e-04,-3.110361960290267125e-02,0.000000000000000000e+00,0.000000000000000000e+00,2.000000000000000000e+04
9.499999999999999556e-01,6.999999999999999556e-01,9.953178089690773930e-04,-3.179794588234827885e-02,0.000000000000000000e+00,0.000000000000000000e+00,2.000000000000000000e+04
1.000000000000000000e+00,6.999999999999999556e-01,1.179826709883907872e-03,-3.232888309971326812e-02,0.000000000000000000e+00,0.000000000000000000e+00,2.000000000000000000e+04
0.000000000000000000e+00,7.500000000000000000e-01,0.000000000000000000e+00,0.000000000000000000e+00,1.000000000000000000e+00,0.000000000000000000e+00,2.000000000000000000e+04
5.000000000000000278e-02,7.500000000000000000e-01,-2.431848661447141868e-04,-2.265054640297530994e-03,0.000000000000000000e+00,0.000000000000000000e+00,2.000000000000000000e+04
1.000000000000000056e-01,7.500000000000000000e-01,-4.302031141452389296e-04,-4.519954259423065134e-03,0.000000000000000000e+00,0.000000000000000000e+00,2.000000000000000000e+04
1.499999999999999944e-01,7.500000000000000000e-01,-5.657775175051335276e-04,-6.757133631268505587e-03,0.000000000000000000e+00,0.000000000000000000e+00,2.000000000000000000e+04
2.000000000000000111e-01,7.500000000000000000e-01,-6.544539479796326626e-04,-8.967803863994967470e-03,0.000000000000000000e+00,0.000000000000000000e+00,2.000000000000000000e+04
2.500000000000000000e-01,7.500000000000000000e-01,-7.004514305914283367e-04,-1.114225942855387452e-02,0.000000000000000000e+00,0.000000000000000000e+00,2.000000000000000000e+04
2.999999999999999889e-01,7.500000000000000000e-01,-7.075862286875019436e-04,-1.327020363595735400e-02,0.000000000000000000e+00,0.000000000000000000e+00,2.000000000000000000e+04
3.499999999999999778e-01,7.500000000000000000e-01,-6.792635539314276823e-04,-1.534106206549746068e-02,0.000000000000000000e+00,0.000000000000000000e+00,2.000000000000000000e+04
4.000000000000000222e-01,7.500000000000000000e-01,-6.185239692187524023e-04,-1.734426097983646220e-02,0.000000000000000000e+00,0.000000000000000000e+00,2.000000000000000000e+04
4.500000000000000111e-01,7.500000000000000000e-01,-5.281285345351072538e-04,-1.926945539471922389e-02,0.000000000000000000e+00,0.000000000000000000e+00,2.000000000000000000e+04
5.000000000000000000e-01,7.500000000000000000e-01,-4.106666215909675149e-04,-2.110669831401626798e-02,0.000000000000000000e+00,0.000000000000000000e+00,2.000000000000000000e+04
5.500000000000000444e-01,7.500000000000000000e-01,-2.686722238500641549e-04,-2.284654809543466142e-02,0.000000000000000000e+00,0.000000000000000000e+00,2.000000000000000000e+04
5.999999999999999778e-01,7.500000000000000000e-01,-1.047375416965582254e-04,-2.448011465482969121e-02,0.000000000000000000e+00,0.000000000000000000e+00,2.000000000000000000e+04
6.500000000000000222e-01,7.500000000000000000e-01,7.838429700047285387e-05,-2.599904721576346348e-02,0.000000000000000000e+00,0.000000000000000000e+00,2.000000000000000000e+04
6.999999999999999556e-01,7.500000000000000000e-01,2.776930546919346553e-04,-2.739546681046695076e-02,0.000000000000000000e+00,0.000000000000000000e+00,2.000000000000000000e+04
7.500000000000000000e-01,7.500000000000000000e-01,4.898760407576363985e-04,-2.866184620207015699e-02,0.000000000000000000e+00,0.000000000000000000e+00,2.000000000000000000e+04
8.000000000000000444e-01,7.500000000000000000e-01,7.112678348480284008e-04,-2.979083892624479271e-02,0.000000000000000000e+00,0.000000000000000000e+00,2.000000000000000000e+04
8.499999999999999778e-01,7.500000000000000000e-01,9.378405258725064624e-04,-3.077505841305590989e-02,0.000000000000000000e+00,0.000000000000000000e+00,2.000000000000000000e+04
9.000000000000000222e-01,7.500000000000000000e-01,1.165232276964640878e-03,-3.160680837020923839e-02,0.000000000000000000e+00,0.000000000000000000e+00,2.000000000000000000e+04
9.499999999999999556e-01,7.500000000000000000e-01,1.388825256119147374e-03,-3.227776761128311328e-02,0.000000000000000000e+00,0.000000000000000000e+00,2.000000000000000000e+04
1.000000000000000000e+00,7.500000000000000000e-01,1.603887607826061422e-03,-3.277863728304532959e-02,0.000000000000000000e+00,0.000000000000000000e+00,2.000000000000000000e+04
0.000000000000000000e+00,8.000000000000000444e-01,0.000000000000000000e+00,0.000000000000000000e+00,1.000000000000000000e+00,0.000000000000000000e+00,2.000000000000000000e+04
5.000000000000000278e-02,8.000000000000000444e-01,-2.452754207600820889e-04,-2.347920630003568713e-03,0.000000000000000000e+00,0.000000000000000000e+00,2.000000000000000000e+04
1.000000000000000056e-01,8.000000000000000444e-01,-4.317768712547956117e-04,-4.678254369185353909e-03,0.000000000000000000e+00,0.000000000000000000e+00,2.000000000000000000e+04
1.499999999999999944e-01,8.000000000000000444e-01,-5.638857338798217936e-04,-6.983501377143023874e-03,0.000000000000000000e+00,0.000000000000000000e+00,2.000000000000000000e+04
2.000000000000000111e-01,8.000000000000000444e-01,-6.459240579644791140e-04,-9.255147782272675483e-03,0.000000000000000000e+00,0.000000000000000000e+00,2.000000000000000000e+04
2.500000000000000000e-01,8.000000000000000444e-01,-6.820259339370197916e-04,-1.148389974719940011e-02,0.000000000000000000e+00,0.000000000000000000e+00,2.000000000000000000e+04
2.999999999999999889e-01,8.000000000000000444e-01,-6.760629625611155099e-04,-1.365993663068280906e-02,0.000000000000000000e+00,0.000000000000000000e+00,2.000000000000000000e+04
3.499999999999999778e-01,8.000000000000000444e-01,-6.316212930668953663e-04,-1.577316029594816663e-02,0.000000000000000000e+00,0.000000000000000000e+00,2.000000000000000000e+04
4.000000000000000222e-01,8.000000000000000444e-01,-5.520224930919160342e-04,-1.781342220032569937e-02,0.000000000000000000e+00,0.000000000000000000e+00,2.000000000000000000e+04
4.500000000000000111e-01,8.000000000000000444e-01,-4.403775801784891157e-04,-1.977071491173989365e-02,0.000000000000000000e+00,0.000000000000000000e+00,2.000000000000000000e+04
5.000000000000000000e-01,8.000000000000000444e-01,-2.996625941932218253e-04,-2.163531946679557449e-02,0.000000000000000000e+00,0.000000000000000000e+00,2.000000000000000000e+04
5.500000000000000444e-01,8.000000000000000444e-01,-1.328046317001365197e-04,-2.339790404673676785e-02,0.000000000000000000e+00,0.000000000000000000e+00,2.000000000000000000e+04
5.999999999999999778e-01,8.000000000000000444e-01,5.723129375452627298e-05,-2.504957252642193988e-02,0.000000000000000000e+00,0.000000000000000000e+00,2.000000000000000000e+04
6.500000000000000222e-01,8.000000000000000444e-01,2.673624546894221195e-04,-2.658186346938360908e-02,0.000000000000000000e+00,0.000000000000000000e+00,2.000000000000000000e+04
6.999999999999999556e-01,8.000000000000000444e-01,4.943220326662459575e-04,-2.798670121146554224e-02,0.000000000000000000e+00,0.000000000000000000e+00,2.000000000000000000e+04
7.500000000000000000e-01,8.000000000000000444e-01,7.346115759320911119e-04,-2.925630107453329465e-02,0.000000000000000000e+00,0.000000000000000000e+00,2.000000000000000000e+04
8.000000000000000444e-01,8.000000000000000444e-01,9.844775634889931914e-04,-3.038303088519811110e-02,0.000000000000000000e+00,0.000000000000000000e+00,2.000000000000000000e+04
8.499999999999999778e-01,8.000000000000000444e-01,1.239918047316531562e-03,-3.135923133544842728e-02,0.000000000000000000e+00,0.000000000000000000e+00,2.000000000000000000e+04
9.000000000000000222e-01,8.000000000000000444e-01,1.496726783853405233e-03,-3.217699887426902355e-02,0.000000000000000000e+00,0.000000000000000000e+00,2.000000000000000000e+04
9.499999999999999556e-01,8.000000000000000444e-01,1.750584193219759327e-03,-3.282793738447378762e-02,0.000000000000000000e+00,0.000000000000000000e+00,2.000000000000000000e+04
1.000000000000000000e+00,8.000000000000000444e-01,1.997206458707195993e-03,-3.330288952971493383e-02,0.000000000000000000e+00,0.000000000000000000e+00,2.000000000000000000e+04
0.000000000000000000e+00,8.499999999999999778e-01,0.000000000000000000e+00,0.000000000000000000e+00,1.000000000000000000e+00,0.000000000000000000e+00,2.000000000000000000e+04
5.000000000000000278e-02,8.499999999999999778e-01,-2.500259734533546736e-04,-2.434333523192193892e-03,0.000000000000000000e+00,0.000000000000000000e+00,2.000000000000000000e+04
1.000000000000000056e-01,8.499999999999999778e-01,-4.385750522388779586e-04,-4.844240390948646377e-03,0.000000000000000000e+00,0.000000000000000000e+00,2.000000000000000000e+04
1.499999999999999944e-01,8.499999999999999778e-01,-5.697495437461967595e-04,-7.222172985785571021e-03,0.000000000000000000e+00,0.000000000000000000e+00,2.000000000000000000e+04
2.000000000000000111e-01,8.499999999999999778e-01,-6.476830750776649227e-04,-9.559744787922676984e-03,0.000000000000000000e+00,0.000000000000000000e+00,2.000000000000000000e+04
2.500000000000000000e-01,8.499999999999999778e-01,-6.764299649599510127e-04,-1.184791150945746496e-02,0.000000000000000000e+00,0.000000000000000000e+00,2.000000000000000000e+04
2.999999999999999889e-01,8.499999999999999778e-01,-6.598946232628286708e-04,-1.407716994300682936e-02,0.000000000000000000e+00,0.000000000000000000e+00,2.000000000000000000e+04
3.499999999999999778e-01,8.499999999999999778e-01,-6.018004085389955932e-04,-1.623775734546106797e-02,0.000000000000000000e+00,0.000000000000000000e+00,2.000000000000000000e+04
4.000000000000000222e-01,8.499999999999999778e-01,-5.056933186382671233e-04,-1.831983687839015482e-02,0.000000000000000000e+00,0.000000000000000000e+00,2.000000000000000000e+04
4.500000000000000111e-01,8.499999999999999778e-01,-3.749732941471874180e-04,-2.031365787465491679e-02,0.000000000000000000e+00,0.000000000000000000e+00,2.000000000000000000e+04
5.000000000000000000e-01,8.499999999999999778e-01,-2.129446629743351929e-04,-2.220968300312006760e-02,0.000000000000000000e+00,0.000000000000000000e+00,2.000000000000000000e+04
5.500000000000000444e-01,8.499999999999999778e-01,-2.287707968750760779e-05,-2.399867740458141302e-02,0.000000000000000000e+00,0.000000000000000000e+00,2.000000000000000000e+04
5.999999999999999778e-01,8.499999999999999778e-01,1.919311391292826416e-04,-2.567175734992639333e-02,0.000000000000000000e+00,0.000000000000000000e+00,2.000000000000000000e+04
6.500000000000000222e-01,8.499999999999999778e-01,4.280944927383768047e-04,-2.722039783988149803e-02,0.000000000000000000e+00,0.000000000000000000e+00,2.000000000000000000e+04
6.999999999999999556e-01,8.499999999999999778e-01,6.820929150311975421e-04,-2.863639987194094294e-02,0.000000000000000000e+00,0.000000000000000000e+00,2.000000000000000000e+04
7.500000000000000000e-01,8.499999999999999778e-01,9.502412613353728279e-04,-2.991181901395200543e-02,0.000000000000000000e+00,0.000000000000000000e+00,2.000000000000000000e+04
8.000000000000000444e-01,8.499999999999999778e-01,1.228681237245333535e-03,-3.103885771735030372e-02,0.000000000000000000e+00,0.000000000000000000e+00,2.000000000000000000e+04
8.499999999999999778e-01,8.499999999999999778e-01,1.513401684231550264e-03,-3.200972482676051056e-02,0.000000000000000000e+00,0.000000000000000000e+00,2.000000000000000000e+04
9.000000000000000222e-01,8.499999999999999778e-01,1.800293891796444752e-03,-3.281646740210484442e-02,0.000000000000000000e+00,0.000000000000000000e+00,2.000000000000000000e+04
9.499999999999999556e-01,8.499999999999999778e-01,2.085249559398286330e-03,-3.345078269540830568e-02,0.000000000000000000e+00,0.000000000000000000e+00,2.000000000000000000e+04
1.000000000000000000e+00,8.499999999999999778e-01,2.364309808385787765e-03,-3.390382231191994139e-02,0.000000000000000000e+00,0.000000000000000000e+00,2.000000000000000000e+04
0.000000000000000000e+00,9.000000000000000222e-01,0.000000000000000000e+00,0.000000000000000000e+00,1.000000000000000000e+00,0.000000000000000000e+00,2.000000000000000000e+04
5.000000000000000278e-02,9.000000000000000222e-01,-2.572004107443005686e-04,-2.524473591219317161e-03,0.000000000000000000e+00,0.000000000000000000e+00,2.000000000000000000e+04
1.000000000000000056e-01,9.000000000000000222e-01,-4.501041716373495685e-04,-5.018163763178933208e-03,0.000000000000000000e+00,0.000000000000000000e+00,2.000000000000000000e+04
1.499999999999999944e-01,9.000000000000000222e-01,-5.825858718818897582e-04,-7.473387323088654527e-03,0.000000000000000000e+00,0.000000000000000000e+00,2.000000000000000000e+04
2.000000000000000111e-01,9.000000000000000222e-01,-6.586227682414222840e-04,-9.881770212223433061e-03,0.000000000000000000e+00,0.000000000000000000e+00,2.000000000000000000e+04
2.500000000000000000e-01,9.000000000000000222e-01,-6.821989431366543488e-04,-1.223438959196801804e-02,0.000000000000000000e+00,0.000000000000000000e+00,2.000000000000000000e+04
2.999999999999999889e-01,9.000000000000000222e-01,-6.572395212111470505e-04,-1.452193155960864596e-02,0.000000000000000000e+00,0.000000000000000000e+00,2.000000000000000000e+04
3.499999999999999778e-01,9.000000000000000222e-01,-5.875752497068144819e-04,-1.673485166667444679e-02,0.000000000000000000e+00,0.000000000000000000e+00,2.000000000000000000e+04
4.000000000000000222e-01,9.000000000000000222e-01,-4.769346398944788600e-04,-1.886352693235338746e-02,0.000000000000000000e+00,0.000000000000000000e+00,2.000000000000000000e+04
4.500000000000000111e-01,9.000000000000000222e-01,-3.289586821440153904e-04,-2.089839012035170016e-02,0.000000000000000000e+00,0.000000000000000000e+00,2.000000000000000000e+04
5.000000000000000000e-01,9.000000000000000222e-01,-1.472318649996309239e-04,-2.283003932345274017e-02,0.000000000000000000e+00,0.000000000000000000e+00,2.000000000000000000e+04
5.500000000000000444e-01,9.000000000000000222e-01,6.467728671941556169e-05,-2.464931811082838459e-02,0.000000000000000000e+00,0.000000000000000000e+00,2.000000000000000000e+04
5.999999999999999778e-01,9.000000000000000222e-01,3.031728953758906081e-04,-2.634736346565254295e-02,0.000000000000000000e+00,0.000000000000000000e+00,2.000000000000000000e+04
6.500000000000000222e-01,9.000000000000000222e-01,5.645920095317355806e-04,-2.791562039606378456e-02,0.000000000000000000e+00,0.000000000000000000e+00,2.000000000000000000e+04
6.999999999999999556e-01,9.000000000000000222e-01,8.451743927501167942e-04,-2.934582345643974716e-02,0.000000000000000000e+00,0.000000000000000000e+00,2.000000000000000000e+04
7.500000000000000000e-01,9.000000000000000222e-01,1.141047369965160572e-03,-3.062994657198826742e-02,0.000000000000000000e+00,0.000000000000000000e+00,2.000000000000000000e+04
8.000000000000000444e-01,9.000000000000000222e-01,1.448231124075693424e-03,-3.176012369792066692e-02,0.000000000000000000e+00,0.000000000000000000e+00,2.000000000000000000e+04
8.499999999999999778e-01,9.000000000000000222e-01,1.762669923089230399e-03,-3.272854420407015491e-02,0.000000000000000000e+00,0.000000000000000000e+00,2.000000000000000000e+04
9.000000000000000222e-01,9.000000000000000222e-01,2.080295021035896350e-03,-3.352732873142901665e-02,0.000000000000000000e+00,0.000000000000000000e+00,2.000000000000000000e+04
9.499999999999999556e-01,9.000000000000000222e-01,2.397125236144428614e-03,-3.414839389334935194e-02,0.000000000000000000e+00,0.000000000000000000e+00,2.000000000000000000e+04
1.000000000000000000e+00,9.000000000000000222e-01,2.709411169081168882e-03,-3.458331780309621684e-02,0.000000000000000000e+00,0.000000000000000000e+00,2.000000000000000000e+04
0.000000000000000000e+00,9.499999999999999556e-01,0.000000000000000000e+00,0.000000000000000000e+00,1.000000000000000000e+00,0.000000000000000000e+00,2.000000000000000000e+04
5.000000000000000278e-02,9.499999999999999556e-01,-2.666045363841112103e-04,-2.618543217559274067e-03,0.000000000000000000e+00,0.000000000000000000e+00,2.000000000000000000e+04
1.000000000000000056e-01,9.499999999999999556e-01,-4.659578321180390492e-04,-5.200340190396178335e-03,0.000000000000000000e+00,0.000000000000000000e+00,2.000000000000000000e+04
1.499999999999999944e-01,9.499999999999999556e-01,-6.017495859314817746e-04,-7.737502583052783406e-03,0.000000000000000000e+00,0.000000000000000000e+00,2.000000000000000000e+04
2.000000000000000111e-01,9.499999999999999556e-01,-6.778292267228231511e-04,-1.022157804926167313e-02,0.000000000000000000e+00,0.000000000000000000e+00,2.000000000000000000e+04
2.500000000000000000e-01,9.499999999999999556e-01,-6.981220884371783925e-04,-1.264366294985451271e-02,0.000000000000000000e+00,0.000000000000000000e+00,2.000000000000000000e+04
2.999999999999999889e-01,9.499999999999999556e-01,-6.665685401292629087e-04,-1.499452859668436340e-02,0.000000000000000000e+00,0.000000000000000000e+00,2.000000000000000000e+04
3.499999999999999778e-01,9.499999999999999556e-01,-5.870866599862591215e-04,-1.726475145170376646e-02,0.000000000000000000e+00,0.000000000000000000e+00,2.000000000000000000e+04
4.000000000000000222e-01,9.499999999999999556e-01,-4.635566813792763030e-04,-1.944483850474424888e-02,0.000000000000000000e+00,0.000000000000000000e+00,2.000000000000000000e+04
4.500000000000000111e-01,9.499999999999999556e-01,-2.998236540876180042e-04,-2.152534035803659387e-02,0.000000000000000000e+00,0.000000000000000000e+00,2.000000000000000000e+04
5.000000000000000000e-01,9.499999999999999556e-01,-9.971358055372478945e-05,-2.349694610854964963e-02,0.000000000000000000e+00,0.000000000000000000e+00,2.000000000000000000e+04
5.500000000000000444e-01,9.499999999999999556e-01,1.329423539533369520e-04,-2.535055574727540853e-02,0.000000000000000000e+00,0.000000000000000000e+00,2.000000000000000000e+04
5.999999999999999778e-01,9.499999999999999556e-01,3.942810526964987640e-04,-2.707732735627168402e-02,0.000000000000000000e+00,0.000000000000000000e+00,2.000000000000000000e+04
6.500000000000000222e-01,9.499999999999999556e-01,6.803838071826680441e-04,-2.866869781346118029e-02,0.000000000000000000e+00,0.000000000000000000e+00,2.000000000000000000e+04
6.999999999999999556e-01,9.499999999999999556e-01,9.872609452283944743e-04,-3.011637701144217333e-02,0.000000000000000000e+00,0.000000000000000000e+00,2.000000000000000000e+04
7.500000000000000000e-01,9.499999999999999556e-01,1.310849923066050894e-03,-3.141231682167230921e-02,0.000000000000000000e+00,0.000000000000000000e+00,2.000000000000000000e+04
8.000000000000000444e-01,9.499999999999999556e-01,1.647031791186618580e-03,-3.254865730495151016e-02,0.000000000000000000e+00,0.000000000000000000e+00,2.000000000000000000e+04
8.499999999999999778e-01,9.499999999999999556e-01,1.991670870262585158e-03,-3.351765413851977987e-02,0.000000000000000000e+00,0.000000000000000000e+00,2.000000000000000000e+04
9.000000000000000222e-01,9.499999999999999556e-01,2.340682393141469211e-03,-3.431159307280465254e-02,0.000000000000000000e+00,0.000000000000000000e+00,2.000000000000000000e+04
9.499999999999999556e-01,9.499999999999999556e-01,2.690132659261549024e-03,-3.492269960505658966e-02,0.000000000000000000e+00,0.000000000000000000e+00,2.000000000000000000e+04
1.000000000000000000e+00,9.499999999999999556e-01,3.036375681498171275e-03,-3.534305505320234353e-02,0.000000000000000000e+00,0.000000000000000000e+00,2.000000000000000000e+04
0.000000000000000000e+00,1.000000000000000000e+00,0.000000000000000000e+00,0.000000000000000000e+00,1.000000000000000000e+00,0.000000000000000000e+00,2.000000000000000000e+04
5.000000000000000278e-02,1.000000000000000000e+00,-2.780787128625781201e-04,-2.716764113204868207e-03,0.000000000000000000e+00,0.000000000000000000e+00,2.000000000000000000e+04
1.000000000000000056e-01,1.000000000000000000e+00,-4.858013246788075545e-04,-5.391138892851404102e-03,0.000000000000000000e+00,0.000000000000000000e+00,2.000000000000000000e+04
1.499999999999999944e-01,1.000000000000000000e+00,-6.267088371292636045e-04,-8.014974936344013839e-03,0.000000000000000000e+00,0.000000000000000000e+00,2.000000000000000000e+04
2.000000000000000111e-01,1.000000000000000000e+00,-7.045481041940101271e-04,-1.057966905654934668e-02,0.000000000000000000e+00,0.000000000000000000e+00,2.000000000000000000e+04
2.500000000000000000e-01,1.000000000000000000e+00,-7.231977972709886706e-04,-1.307625442629180984e-02,0.000000000000000000e+00,0.000000000000000000e+00,2.000000000000000000e+04
2.999999999999999889e-01,1.000000000000000000e+00,-6.866122332121050824e-04,-1.549550244950913085e-02,0.000000000000000000e+00,0.000000000000000000e+00,2.000000000000000000e+04
3.499999999999999778e-01,1.000000000000000000e+00,-5.987836288025197946e-04,-1.782802921514578184e-02,0.000000000000000000e+00,0.000000000000000000e+00,2.000000000000000000e+04
4.000000000000000222e-01,1.000000000000000000e+00,-4.637215608617958093e-04,-2.006439974910234972e-02,0.000000000000000000e+00,0.000000000000000000e+00,2.000000000000000000e+04
4.500000000000000111e-01,1.000000000000000000e+00,-2.854469806550474190e-04,-2.219522408095206401e-02,0.000000000000000000e+00,0.000000000000000000e+00,2.000000000000000000e+04
5.000000000000000000e-01,1.000000000000000000e+00,-6.799710024018009520e-05,-2.421124021195028564e-02,0.000000000000000000e+00,0.000000000000000000e+00,2.000000000000000000e+04
5.500000000000000444e-01,1.000000000000000000e+00,1.845631796979376566e-04,-2.610338027068300273e-02,0.000000000000000000e+00,0.000000000000000000e+00,2.000000000000000000e+04
5.999999999999999778e-01,1.000000000000000000e+00,4.681279553590995414e-04,-2.786281737499880784e-02,0.000000000000000000e+00,0.000000000000000000e+00,2.000000000000000000e+04
6.500000000000000222e-01,1.000000000000000000e+00,7.785398570154487006e-04,-2.948099193037020255e-02,0.000000000000000000e+00,0.000000000000000000e+00,2.000000000000000000e+04
6.999999999999999556e-01,1.000000000000000000e+00,1.111587105996571364e-03,-3.094961727728519352e-02,0.000000000000000000e+00,0.000000000000000000e+00,2.000000000000000000e+04
7.500000000000000000e-01,1.000000000000000000e+00,1.463012609159862823e-03,-3.226066578795962897e-02,0.000000000000000000e+00,0.000000000000000000e+00,2.000000000000000000e+04
8.000000000000000444e-01,1.000000000000000000e+00,1.828539421586265583e-03,-3.340633777574368579e-02,0.000000000000000000e+00,0.000000000000000000e+00,2.000000000000000000e+04
8.499999999999999778e-01,1.000000000000000000e+00,2.203916685415219148e-03,-3.437901701327129161e-02,0.000000000000000000e+00,0.000000000000000000e+00,2.000000000000000000e+04
9.000000000000000222e-01,1.000000000000000000e+00,2.584989841650248404e-03,-3.517121835716896516e-02,0.000000000000000000e+00,0.000000000000000000e+00,2.000000000000000000e+04
9.499999999999999556e-01,1.000000000000000000e+00,2.967798401580093622e-03,-3.577553502469283525e-02,0.000000000000000000e+00,0.000000000000000000e+00,2.000000000000000000e+04
1.000000000000000000e+00,1.000000000000000000e+00,3.348703687721367884e-03,-3.618459547499445345e-02,0.000000000000000000e+00,0.000000000000000000e+00,2.000000000000000000e+04
0.000000000000000000e+00,1.050000000000000044e+00,0.000000000000000000e+00,0.000000000000000000e+00,1.000000000000000000e+00,0.000000000000000000e+00,2.000000000000000000e+04
5.000000000000000278e-02,1.050000000000000044e+00,-2.914926389830106756e-04,-2.819374903963769215e-03,0.000000000000000000e+00,0.000000000000000000e+00,2.000000000000000000e+04
1.000000000000000056e-01,1.050000000000000044e+00,-5.093608348501794817e-04,-5.590974071180915619e-03,0.000000000000000000e+00,0.000000000000000000e+00,2.000000000000000000e+04
1.499999999999999944e-01,1.050000000000000044e+00,-6.570278876934914367e-04,-8.306341771999573714e-03,0.000000000000000000e+00,0.000000000000000000e+00,2.000000000000000000e+04
2.000000000000000111e-01,1.050000000000000044e+00,-7.381603841309132422e-04,-1.095666548895574133e-02,0.000000000000000000e+00,0.000000000000000000e+00,2.000000000000000000e+04
2.500000000000000000e-01,1.050000000000000044e+00,-7.566022609723865953e-04,-1.353284828989493108e-02,0.000000000000000000e+00,0.000000000000000000e+00,2.000000000000000000e+04
2.999999999999999889e-01,1.050000000000000044e+00,-7.163230587067041496e-04,-1.602559156004897470e-02,0.000000000000000000e+00,0.000000000000000000e+00,2.000000000000000000e+04
3.499999999999999778e-01,1.050000000000000044e+00,-6.213807545104412574e-04,-1.842548275635070773e-02,0.000000000000000000e+00,0.000000000000000000e+00,2.000000000000000000e+04
4.000000000000000222e-01,1.050000000000000044e+00,-4.758982184442582769e-04,-2.072308295206390372e-02,0.000000000000000000e+00,0.000000000000000000e+00,2.000000000000000000e+04
4.500000000000000111e-01,1.050000000000000044e+00,-2.840512051670954522e-04,-2.290900941486244055e-02,0.000000000000000000e+00,0.000000000000000000e+00,2.000000000000000000e+04
5.000000000000000000e-01,1.050000000000000044e+00,-5.006492756278831037e-05,-2.497400918953033080e-02,0.000000000000000000e+00,0.000000000000000000e+00,2.000000000000000000e+04
5.500000000000000444e-01,1.050000000000000044e+00,2.217843353842746494e-04,-2.690902054033406793e-02,0.000000000000000000e+00,0.000000000000000000e+00,2.000000000000000000e+04
5.999999999999999778e-01,1.050000000000000044e+00,5.271664915625758280e-04,-2.870522007662086247e-02,0.000000000000000000e+00,0.000000000000000000e+00,2.000000000000000000e+04
6.500000000000000222e-01,1.050000000000000044e+00,8.616977892511816896e-04,-3.035405439629194901e-02,0.000000000000000000e+00,0.000000000000000000e+00,2.000000000000000000e+04
6.999999999999999556e-01,1.050000000000000044e+00,1.220947901532614625e-03,-3.184725612345681162e-02,0.000000000000000000e+00,0.000000000000000000e+00,2.000000000000000000e+04
7.500000000000000000e-01,1.050000000000000044e+00,1.600457849688056251e-03,-3.317684530472162635e-02,0.000000000000000000e+00,0.000000000000000000e+00,2.000000000000000000e+04
8.000000000000000444e-01,1.050000000000000044e+00,1.995772459805618751e-03,-3.433511830154561267e-02,0.000000000000000000e+00,0.000000000000000000e+00,2.000000000000000000e+04
8.499999999999999778e-01,1.050000000000000044e+00,2.402490733150821917e-03,-3.531462762475130052e-02,0.000000000000000000e+00,0.000000000000000000e+00,2.000000000000000000e+04
9.000000000000000222e-01,1.050000000000000044e+00,2.816337052568750488e-03,-3.610815764949303758e-02,0.000000000000000000e+00,0.000000000000000000e+00,2.000000000000000000e+04
9.499999999999999556e-01,1.050000000000000044e+00,3.233255460330681542e-03,-3.670870284767736857e-02,0.000000000000000000e+00,0.000000000000000000e+00,2.000000000000000000e+04
1.000000000000000000e+00,1.050000000000000044e+00,3.649528208259620893e-03,-3.710945704924469707e-02,0.000000000000000000e+00,0.000000000000000000e+00,2.000000000000000000e+04
0.000000000000000000e+00,1.100000000000000089e+00,0.000000000000000000e+00,0.000000000000000000e+00,1.000000000000000000e+00,0.000000000000000000e+00,2.000000000000000000e+04
5.000000000000000278e-02,1.100000000000000089e+00,-3.067415587350880049e-04,-2.926628809400018058e-03,0.000000000000000000e+00,0.000000000000000000e+00,2.000000000000000000e+04
1.000000000000000056e-01,1.100000000000000089e+00,-5.364156967825437113e-04,-5.800297631677305346e-03,0.000000000000000000e+00,0.000000000000000000e+00,2.000000000000000000e+04
1.499999999999999944e-01,1.100000000000000089e+00,-6.923548686264389572e-04,-8.612207863983359010e-03,0.000000000000000000e+00,0.000000000000000000e+00,2.000000000000000000e+04
2.000000000000000111e-01,1.100000000000000089e+00,-7.781650940419705415e-04,-1.135329033725499329e-02,0.000000000000000000e+00,0.000000000000000000e+00,2.000000000000000000e+04
2.500000000000000000e-01,1.100000000000000089e+00,-7.976669098243371154e-04,-1.401426333233267776e-02,0.000000000000000000e+00,0.000000000000000000e+00,2.000000000000000000e+04
2.999999999999999889e-01,1.100000000000000089e+00,-7.548478476853214643e-04,-1.658570004466959277e-02,0.000000000000000000e+00,0.000000000000000000e+00,2.000000000000000000e+04
3.499999999999999778e-01,1.100000000000000089e+00,-6.538265933515452358e-04,-1.905810150865300950e-02,0.000000000000000000e+00,0.000000000000000000e+00,2.000000000000000000e+04
4.000000000000000222e-01,1.100000000000000089e+00,-4.988279664702436516e-04,-2.142197095243035532e-02,0.000000000000000000e+00,0.000000000000000000e+00,2.000000000000000000e+04
4.500000000000000111e-01,1.100000000000000089e+00,-2.941669749165640385e-04,-2.366788581730819296e-02,0.000000000000000000e+00,0.000000000000000000e+00,2.000000000000000000e+04
5.000000000000000000e-01,1.100000000000000089e+00,-4.423948898816639283e-05,-2.578656416495333364e-02,0.000000000000000000e+00,0.000000000000000000e+00,2.000000000000000000e+04
5.500000000000000444e-01,1.100000000000000089e+00,2.464834316383222304e-04,-2.776892284376489273e-02,0.000000000000000000e+00,0.000000000000000000e+00,2.000000000000000000e+04
5.999999999999999778e-01,1.100000000000000089e+00,5.734608477774072238e-04,-2.960612554148233863e-02,0.000000000000000000e+00,0.000000000000000000e+00,2.000000000000000000e+04
6.500000000000000222e-01,1.100000000000000089e+00,9.320903287266570081e-04,-3.128961968142038308e-02,0.000000000000000000e+00,0.000000000000000000e+00,2.000000000000000000e+04
6.999999999999999556e-01,1.100000000000000089e+00,1.317722864749598221e-03,-3.281116201093732532e-02,0.000000000000000000e+00,0.000000000000000000e+00,2.000000000000000000e+04
7.500000000000000000e-01,1.100000000000000089e+00,1.725687628549522380e-03,-3.416283368654424862e-02,0.000000000000000000e+00,0.000000000000000000e+00,2.000000000000000000e+04
8.000000000000000444e-01,1.100000000000000089e+00,2.151329668292052341e-03,-3.533704669693841366e-02,0.000000000000000000e+00,0.000000000000000000e+00,2.000000000000000000e+04
8.499999999999999778e-01,1.100000000000000089e+00,2.590063239905921605e-03,-3.632654460435527644e-02,0.000000000000000000e+00,0.000000000000000000e+00,2.000000000000000000e+04
9.000000000000000222e-01,1.100000000000000089e+00,3.037442941783467191e-03,-3.712440183963815893e-02,0.000000000000000000e+00,0.000000000000000000e+00,2.000000000000000000e+04
9.499999999999999556e-01,1.100000000000000089e+00,3.489254039015565745e-03,-3.772402714697863785e-02,0.000000000000000000e+00,0.000000000000000000e+00,2.000000000000000000e+04
1.000000000000000000e+00,1.100000000000000089e+00,3.941622275505575479e-03,-3.811917818630055493e-02,0.000000000000000000e+00,0.000000000000000000e+00,2.000000000000000000e+04
0.000000000000000000e+00,1.149999999999999911e+00,0.000000000000000000e+00,0.000000000000000000e+00,1.000000000000000000e+00,0.000000000000000000e+00,2.000000000000000000e+04
5.000000000000000278e-02,1.149999999999999911e+00,-3.237434256988335857e-04,-3.038791277160973747e-03,0.000000000000000000e+00,0.000000000000000000e+00,2.000000000000000000e+04
1.000000000000000056e-01,1.149999999999999911e+00,-5.667926591832051896e-04,-6.019592614158046293e-03,0.000000000000000000e+00,0.000000000000000000e+00,2.000000000000000000e+04
1.499999999999999944e-01,1.149999999999999911e+00,-7.324127792676203693e-04,-8.933233416399292276e-03,0.000000000000000000e+00,0.000000000000000000e+00,2.000000000000000000e+04
2.000000000000000111e-01,1.149999999999999911e+00,-8.241666037000930454e-04,-1.177034966441636334e-02,0.000000000000000000e+00,0.000000000000000000e+00,2.000000000000000000e+04
2.500000000000000000e-01,1.149999999999999911e+00,-8.458617322455639319e-04,-1.452143001035379084e-02,0.000000000000000000e+00,0.000000000000000000e+00,2.000000000000000000e+04
2.999999999999999889e-01,1.149999999999999911e+00,-8.015071777248575311e-04,-1.717687084787666504e-02,0.000000000000000000e+00,0.000000000000000000e+00,2.000000000000000000e+04
3.499999999999999778e-01,1.149999999999999911e+00,-6.952794899050894050e-04,-1.972703737497380136e-02,0.000000000000000000e+00,0.000000000000000000e+00,2.000000000000000000e+04
4.000000000000000222e-01,1.149999999999999911e+00,-5.314975100743948551e-04,-2.216232754803258362e-02,0.000000000000000000e+00,0.000000000000000000e+00,2.000000000000000000e+04
4.500000000000000111e-01,1.149999999999999911e+00,-3.146042057953151545e-04,-2.447323594946639730e-02,0.000000000000000000e+00,0.000000000000000000e+00,2.000000000000000000e+04
5.000000000000000000e-01,1.149999999999999911e+00,-4.915346873476029749e-05,-2.665041491037802718e-02,0.000000000000000000e+00,0.000000000000000000e+00,2.000000000000000000e+04
5.500000000000000444e-01,1.149999999999999911e+00,2.602006645055016045e-04,-2.868473069871003284e-02,0.000000000000000000e+00,0.000000000000000000e+00,2.000000000000000000e+04
5.999999999999999778e-01,1.149999999999999911e+00,6.087151823299268884e-04,-3.056731316514543079e-02,0.000000000000000000e+00,0.000000000000000000e+00,2.000000000000000000e+04
6.500000000000000222e-01,1.149999999999999911e+00,9.915726017394297948e-04,-3.228959790779144939e-02,0.000000000000000000e+00,0.000000000000000000e+00,2.000000000000000000e+04
6.999999999999999556e-01,1.149999999999999911e+00,1.403901741644176127e-03,-3.384336075807759664e-02,0.000000000000000000e+00,0.000000000000000000e+00,2.000000000000000000e+04
7.500000000000000000e-01,1.149999999999999911e+00,1.840807565621981837e-03,-3.522074520005011311e-02,0.000000000000000000e+00,0.000000000000000000e+00,2.000000000000000000e+04
8.000000000000000444e-01,1.149999999999999911e+00,2.297412626262848850e-03,-3.641428421531024695e-02,0.000000000000000000e+00,0.000000000000000000e+00,2.000000000000000000e+04
8.499999999999999778e-01,1.149999999999999911e+00,2.768912230211247744e-03,-3.741691899798416793e-02,0.000000000000000000e+00,0.000000000000000000e+00,2.000000000000000000e+04
9.000000000000000222e-01,1.149999999999999911e+00,3.250644855382737747e-03,-3.822201800063438487e-02,0.000000000000000000e+00,0.000000000000000000e+00,2.000000000000000000e+04
9.499999999999999556e-01,1.149999999999999911e+00,3.738178546184454856e-03,-3.882340082393410247e-02,0.000000000000000000e+00,0.000000000000000000e+00,2.000000000000000000e+04
1.000000000000000000e+00,1.149999999999999911e+00,4.227412936221230585e-03,-3.921537248680925791e-02,0.000000000000000000e+00,0.000000000000000000e+00,2.000000000000000000e+04
0.000000000000000000e+00,1.199999999999999956e+00,0.000000000000000000e+00,0.000000000000000000e+00,1.000000000000000000e+00,0.000000000000000000e+00,2.000000000000000000e+04
5.000000000000000278e-02,1.199999999999999956e+00,-3.424366988581099987e-04,-3.156137512387592256e-03,0.000000000000000000e+00,0.000000000000000000e+00,2.000000000000000000e+04
1.000000000000000056e-01,1.199999999999999956e+00,-6.003614686060010017e-04,-6.249366994867775957e-03,0.000000000000000000e+00,0.000000000000000000e+00,2.000000000000000000e+04
1.499999999999999944e-01,1.199999999999999956e+00,-7.769926060169850789e-04,-9.270123322291407009e-03,0.000000000000000000e+00,0.000000000000000000e+00,2.000000000000000000e+04
2.000000000000000111e-01,1.199999999999999956e+00,-8.758649358549685680e-04,-1.220871709531218090e-02,0.000000000000000000e+00,0.000000000000000000e+00,2.000000000000000000e+04
2.500000000000000000e-01,1.199999999999999956e+00,-9.007824965907720123e-04,-1.505537055699037244e-02,0.000000000000000000e+00,0.000000000000000000e+00,2.000000000000000000e+04
2.999999999999999889e-01,1.199999999999999956e+00,-8.557794039153041781e-04,-1.780026240269963131e-02,0.000000000000000000e+00,0.000000000000000000e+00,2.000000000000000000e+04
3.499999999999999778e-01,1.199999999999999956e+00,-7.450885522933017825e-04,-2.043357926092745358e-02,0.000000000000000000e+00,0.000000000000000000e+00,2.000000000000000000e+04
4.000000000000000222e-01,1.199999999999999956e+00,-5.731172342073161336e-04,-2.294557145583537780e-02,0.000000000000000000e+00,0.000000000000000000e+00,2.000000000000000000e+04
4.500000000000000111e-01,1.199999999999999956e+00,-3.444282260160544265e-04,-2.532661069202022525e-02,0.000000000000000000e+00,0.000000000000000000e+00,2.000000000000000000e+04
5.000000000000000000e-01,1.199999999999999956e+00,-6.372444499094025660e-05,-2.756724749669040714e-02,0.000000000000000000e+00,0.000000000000000000e+00,2.000000000000000000e+04
5.500000000000000444e-01,1.199999999999999956e+00,2.641650535389935672e-04,-2.965826658385143158e-02,0.000000000000000000e+00,0.000000000000000000e+00,2.000000000000000000e+04
5.999999999999999778e-01,1.199999999999999956e+00,6.343001857818798654e-04,-3.159073874253510994e-02,0.000000000000000000e+00,0.000000000000000000e+00,2.000000000000000000e+04
6.500000000000000222e-01,1.199999999999999956e+00,1.041648594909002105e-03,-3.335606837602094615e-02,0.000000000000000000e+00,0.000000000000000000e+00,2.000000000000000000e+04
6.999999999999999556e-01,1.199999999999999956e+00,1.481110559669203451e-03,-3.494603641711127584e-02,0.000000000000000000e+00,0.000000000000000000e+00,2.000000000000000000e+04
7.500000000000000000e-01,1.199999999999999956e+00,1.947552406415797247e-03,-3.635283900662347051e-02,0.000000000000000000e+00,0.000000000000000000e+00,2.000000000000000000e+04
8.000000000000000444e-01,1.199999999999999956e+00,2.435850486097789879e-03,-3.756912304115167522e-02,0.000000000000000000e+00,0.000000000000000000e+00,2.000000000000000000e+04
8.499999999999999778e-01,1.199999999999999956e+00,2.940947343993688748e-03,-3.858802046171203731e-02,0.000000000000000000e+00,0.000000000000000000e+00,2.000000000000000000e+04
9.000000000000000222e-01,1.199999999999999956e+00,3.457921109088816190e-03,-3.940318394731153612e-02,0.000000000000000000e+00,0.000000000000000000e+00,2.000000000000000000e+04
9.499999999999999556e-01,1.199999999999999956e+00,3.982068333022802976e-03,-4.000882745909403043e-02,0.000000000000000000e+00,0.000000000000000000e+00,2.000000000000000000e+04
1.000000000000000000e+00,1.199999999999999956e+00,4.508999484122707714e-03,-4.039977578760368254e-02,0.000000000000000000e+00,0.000000000000000000e+00,2.000000000000000000e+04
0.000000000000000000e+00,1.250000000000000000e+00,0.000000000000000000e+00,0.000000000000000000e+00,1.000000000000000000e+00,0.000000000000000000e+00,2.000000000000000000e+04
5.000000000000000278e-02,1.250000000000000000e+00,-3.627785471092353185e-04,-3.278949878503827162e-03,0.000000000000000000e+00,0.000000000000000000e+00,2.000000000000000000e+04
1.000000000000000056e-01,1.250000000000000000e+00,-6.370313011328501349e-04,-6.490147667192529453e-03,0.000000000000000000e+00,0.000000000000000000e+00,2.000000000000000000e+04
1.499999999999999944e-01,1.250000000000000000e+00,-8.259478098035101089e-04,-9.623617201193144718e-03,0.000000000000000000e+00,0.000000000000000000e+00,2.000000000000000000e+04
2.000000000000000111e-01,1.250000000000000000e+00,-9.330480414102678083e-04,-1.266931980860620637e-02,0.000000000000000000e+00,0.000000000000000000e+00,2.000000000000000000e+04
2.500000000000000000e-01,1.250000000000000000e+00,-9.621405550996321677e-04,-1.561718128004646773e-02,0.000000000000000000e+00,0.000000000000000000e+00,2.000000000000000000e+04
2.999999999999999889e-01,1.250000000000000000e+00,-9.172878290343910784e-04,-1.845712800423559424e-02,0.000000000000000000e+00,0.000000000000000000e+00,2.000000000000000000e+04
3.499999999999999778e-01,1.250000000000000000e+00,-8.027781747559166372e-04,-2.117913062018440817e-02,0.000000000000000000e+00,0.000000000000000000e+00,2.000000000000000000e+04
4.000000000000000222e-01,1.250000000000000000e+00,-6.231032258788629912e-04,-2.377325334200129647e-02,0.000000000000000000e+00,0.000000000000000000e+00,2.000000000000000000e+04
4.500000000000000111e-01,1.250000000000000000e+00,-3.829395835046480834e-04,-2.622970707460088244e-02,0.000000000000000000e+00,0.000000000000000000e+00,2.000000000000000000e+04
5.000000000000000000e-01,1.250000000000000000e+00,-8.713285952828144052e-05,-2.853890453864054919e-02,0.000000000000000000e+00,0.000000000000000000e+00,2.000000000000000000e+04
5.500000000000000444e-01,1.250000000000000000e+00,2.593178968154109527e-04,-3.069151584043159145e-02,0.000000000000000000e+00,0.000000000000000000e+00,2.000000000000000000e+04
5.999999999999999778e-01,1.250000000000000000e+00,6.512775610152217107e-04,-3.267852323807687864e-02,0.000000000000000000e+00,0.000000000000000000e+00,2.000000000000000000e+04
6.500000000000000222e-01,1.250000000000000000e+00,1.083496306391481612e-03,-3.449127425201537617e-02,0.000000000000000000e+00,0.000000000000000000e+00,2.000000000000000000e+04
6.999999999999999556e-01,1.250000000000000000e+00,1.550637149259505472e-03,-3.612153273268888659e-02,0.000000000000000000e+00,0.000000000000000000e+00,2.000000000000000000e+04
7.500000000000000000e-01,1.250000000000000000e+00,2.047311648211189161e-03,-3.756152801821104753e-02,0.000000000000000000e+00,0.000000000000000000e+00,2.000000000000000000e+04
8.000000000000000444e-01,1.250000000000000000e+00,2.568125435176986989e-03,-3.880400287821991756e-02,0.000000000000000000e+00,0.000000000000000000e+00,2.000000000000000000e+04
8.499999999999999778e-01,1.250000000000000000e+00,3.107734814292544001e-03,-3.984226152990660158e-02,0.000000000000000000e+00,0.000000000000000000e+00,2.000000000000000000e+04
9.000000000000000222e-01,1.250000000000000000e+00,3.660915069978177162e-03,-4.067021960299063710e-02,0.000000000000000000e+00,0.000000000000000000e+00,2.000000000000000000e+04
9.499999999999999556e-01,1.250000000000000000e+00,4.222640360140283641e-03,-4.128245848231928278e-02,0.000000000000000000e+00,0.000000000000000000e+00,2.000000000000000000e+04
1.000000000000000000e+00,1.250000000000000000e+00,4.788174118072563087e-03,-4.167428691063407992e-02,0.000000000000000000e+00,0.000000000000000000e+00,2.000000000000000000e+04
0.000000000000000000e+00,1.300000000000000044e+00,0.000000000000000000e+00,0.000000000000000000e+00,1.000000000000000000e+00,0.000000000000000000e+00,2.000000000000000000e+04
5.000000000000000278e-02,1.300000000000000044e+00,-3.847433077492042118e-04,-3.407515159848990664e-03,0.000000000000000000e+00,0.000000000000000000e+00,2.000000000000000000e+04
1.000000000000000056e-01,1.300000000000000044e+00,-6.767477227327870328e-04,-6.742474473150120683e-03,0.000000000000000000e+00,0.000000000000000000e+00,2.000000000000000000e+04
1.499999999999999944e-01,1.300000000000000044e+00,-8.791896767062476253e-04,-9.994479916672020098e-03,0.000000000000000000e+00,0.000000000000000000e+00,2.000000000000000000e+04
2.000000000000000111e-01,1.300000000000000044e+00,-9.955853359073904476e-04,-1.315312556279405777e-02,0.000000000000000000e+00,0.000000000000000000e+00,2.000000000000000000e+04
2.500000000000000000e-01,1.300000000000000044e+00,-1.029754342103519037e-03,-1.620801645885727033e-02,0.000000000000000000e+00,0.000000000000000000e+00,2.000000000000000000e+04
2.999999999999999889e-01,1.300000000000000044e+00,-9.857899847724796438e-04,-1.914879726180121131e-02,0.000000000000000000e+00,0.000000000000000000e+00,2.000000000000000000e+04
3.499999999999999778e-01,1.300000000000000044e+00,-8.680350135929995213e-04,-2.196518941377199538e-02,0.000000000000000000e+00,0.000000000000000000e+00,2.000000000000000000e+04
4.000000000000000222e-01,1.300000000000000044e+00,-6.810619665522653658e-04,-2.464703542964434904e-02,0.000000000000000000e+00,0.000000000000000000e+00,2.000000000000000000e+04
4.500000000000000111e-01,1.300000000000000044e+00,-4.296565822070298139e-04,-2.718434877792555784e-02,0.000000000000000000e+00,0.000000000000000000e+00,2.000000000000000000e+04
5.000000000000000000e-01,1.300000000000000044e+00,-1.188026091783298829e-04,-2.956736786106548692e-02,0.000000000000000000e+00,0.000000000000000000e+00,2.000000000000000000e+04
5.500000000000000444e-01,1.300000000000000044e+00,2.463338597445840117e-04,-3.178661272602539833e-02,0.000000000000000000e+00,0.000000000000000000e+00,2.000000000000000000e+04
5.999999999999999778e-01,1.300000000000000044e+00,6.604225040522522213e-04,-3.383294334676003462e-02,0.000000000000000000e+00,0.000000000000000000e+00,2.000000000000000000e+04
6.500000000000000222e-01,1.300000000000000044e+00,1.117991327301957058e-03,-3.569761860327393121e-02,0.000000000000000000e+00,0.000000000000000000e+00,2.000000000000000000e+04
6.999999999999999556e-01,1.300000000000000044e+00,1.613455538048351500e-03,-3.737235542401416005e-02,0.000000000000000000e+00,0.000000000000000000e+00,2.000000000000000000e+04
7.500000000000000000e-01,1.300000000000000044e+00,2.141154454864573238e-03,-3.884938794634622966e-02,0.000000000000000000e+00,0.000000000000000000e+00,2.000000000000000000e+04
8.000000000000000444e-01,1.300000000000000044e+00,2.695397815547999777e-03,-4.012152696867106461e-02,0.000000000000000000e+00,0.000000000000000000e+00,2.000000000000000000e+04
8.499999999999999778e-01,1.300000000000000044e+00,3.270522430194069269e-03,-4.118222039792990979e-02,0.000000000000000000e+00,0.000000000000000000e+00,2.000000000000000000e+04
9.000000000000000222e-01,1.300000000000000044e+00,3.860959541298453288e-03,-4.202561581076598440e-02,0.000000000000000000e+00,0.000000000000000000e+00,2.000000000000000000e+04
9.499999999999999556e-01,1.300000000000000044e+00,4.461312531735261988e-03,-4.264662660748895495e-02,0.000000000000000000e+00,0.000000000000000000e+00,2.000000000000000000e+04
1.000000000000000000e+00,1.300000000000000044e+00,5.066443748072669249e-03,-4.304100349359609584e-02,0.000000000000000000e+00,0.000000000000000000e+00,2.000000000000000000e+04
0.000000000000000000e+00,1.350000000000000089e+00,0.000000000000000000e+00,0.000000000000000000e+00,1.000000000000000000e+00,0.000000000000000000e+00,2.000000000000000000e+04
5.000000000000000278e-02,1.350000000000000089e+00,-4.083210895763786049e-04,-3.542121678502260958e-03,0.000000000000000000e+00,0.000000000000000000e+00,2.000000000000000000e+04
1.000000000000000056e-01,1.350000000000000089e+00,-7.194899566955771653e-04,-7.006894193252203792e-03,0.000000000000000000e+00,0.000000000000000000e+00,2.000000000000000000e+04
1.499999999999999944e-01,1.350000000000000089e+00,-9.366831859278808422e-04,-1.038349235309973286e-02,0.000000000000000000e+00,0.000000000000000000e+00,2.000000000000000000e+04
2.000000000000000111e-01,1.350000000000000089e+00,-1.063422019089366004e-03,-1.366113040120785910e-02,0.000000000000000000e+00,0.000000000000000000e+00,2.000000000000000000e+04
2.500000000000000000e-01,1.350000000000000089e+00,-1.103541961905502066e-03,-1.682907337602825709e-02,0.000000000000000000e+00,0.000000000000000000e+00,2.000000000000000000e+04
2.999999999999999889e-01,1.350000000000000089e+00,-1.061168319154582457e-03,-1.987665910598684915e-02,0.000000000000000000e+00,0.000000000000000000e+00,2.000000000000000000e+04
3.499999999999999778e-01,1.350000000000000089e+00,-9.406966574833235161e-04,-2.279332995506323789e-02,0.000000000000000000e+00,0.000000000000000000e+00,2.000000000000000000e+04
4.000000000000000222e-01,1.350000000000000089e+00,-7.467769426521405837e-04,-2.556867320328253673e-02,0.000000000000000000e+00,0.000000000000000000e+00,2.000000000000000000e+04
4.500000000000000111e-01,1.350000000000000089e+00,-4.842998697572241341e-04,-2.819246881361970117e-02,0.000000000000000000e+00,0.000000000000000000e+00,2.000000000000000000e+04
5.000000000000000000e-01,1.350000000000000089e+00,-1.583837201780226365e-04,-3.065474329831345893e-02,0.000000000000000000e+00,0.000000000000000000e+00,2.000000000000000000e+04
5.500000000000000444e-01,1.350000000000000089e+00,2.256400466529836829e-04,-3.294582844359719015e-02,0.000000000000000000e+00,0.000000000000000000e+00,2.000000000000000000e+04
5.999999999999999778e-01,1.350000000000000089e+00,6.622443125395772101e-04,-3.505642377142369898e-02,0.000000000000000000e+00,0.000000000000000000e+00,2.000000000000000000e+04
6.500000000000000222e-01,1.350000000000000089e+00,1.145728749050272700e-03,-3.697766179824618638e-02,0.000000000000000000e+00,0.000000000000000000e+00,2.000000000000000000e+04
6.999999999999999556e-01,1.350000000000000089e+00,1.670248895702719939e-03,-3.870117538207207275e-02,0.000000000000000000e+00,0.000000000000000000e+00,2.000000000000000000e+04
7.500000000000000000e-01,1.350000000000000089e+00,2.229853352765473473e-03,-4.021916671642537799e-02,0.000000000000000000e+00,0.000000000000000000e+00,2.000000000000000000e+04
8.000000000000000444e-01,1.350000000000000089e+00,2.818530253021657526e-03,-4.152447781776648361e-02,0.000000000000000000e+00,0.000000000000000000e+00,2.000000000000000000e+04
8.499999999999999778e-01,1.350000000000000089e+00,3.430263743701244920e-03,-4.261066264148696131e-02,0.000000000000000000e+00,0.000000000000000000e+00,2.000000000000000000e+04
9.000000000000000222e-01,1.350000000000000089e+00,4.059100657631317839e-03,-4.347206122491868024e-02,0.000000000000000000e+00,0.000000000000000000e+00,2.000000000000000000e+04
9.499999999999999556e-01,1.350000000000000089e+00,4.699226877615535723e-03,-4.410387646003048612e-02,0.000000000000000000e+00,0.000000000000000000e+00,2.000000000000000000e+04
1.000000000000000000e+00,1.350000000000000089e+00,5.345052101826722711e-03,-4.450225420069322396e-02,0.000000000000000000e+00,0.000000000000000000e+00,2.000000000000000000e+04
0.000000000000000000e+00,1.399999999999999911e+00,0.000000000000000000e+00,0.000000000000000000e+00,1.000000000000000000e+00,0.000000000000000000e+00,2.000000000000000000e+04
5.000000000000000278e-02,1.399999999999999911e+00,-4.335164409943818007e-04,-3.683056253378265508e-03,0.000000000000000000e+00,0.000000000000000000e+00,2.000000000000000000e+04
1.000000000000000056e-01,1.399999999999999911e+00,-7.652682998645891519e-04,-7.283954416682379175e-03,0.000000000000000000e+00,0.000000000000000000e+00,2.000000000000000000e+04
1.499999999999999944e-01,1.399999999999999911e+00,-9.984431515645451026e-04,-1.079144227379942415e-02,0.000000000000000000e+00,0.000000000000000000e+00,2.000000000000000000e+04
2.000000000000000111e-01,1.399999999999999911e+00,-1.136573842897164706e-03,-1.419434674944818585e-02,0.000000000000000000e+00,0.000000000000000000e+00,2.000000000000000000e+04
2.500000000000000000e-01,1.399999999999999911e+00,-1.183514442868851494e-03,-1.748157810274881402e-02,0.000000000000000000e+00,0.000000000000000000e+00,2.000000000000000000e+04
2.999999999999999889e-01,1.399999999999999911e+00,-1.143421792648583422e-03,-2.064214590460888496e-02,0.000000000000000000e+00,0.000000000000000000e+00,2.000000000000000000e+04
3.499999999999999778e-01,1.399999999999999911e+00,-1.020741448681052304e-03,-2.366518616835805444e-02,0.000000000000000000e+00,0.000000000000000000e+00,2.000000000000000000e+04
4.000000000000000222e-01,1.399999999999999911e+00,-8.201966234173158499e-04,-2.653999875047361595e-02,0.000000000000000000e+00,0.000000000000000000e+00,2.000000000000000000e+04
4.500000000000000111e-01,1.399999999999999911e+00,-5.467785626704647342e-04,-2.925609396731005188e-02,0.000000000000000000e+00,0.000000000000000000e+00,2.000000000000000000e+04
5.000000000000000000e-01,1.399999999999999911e+00,-2.057366717663060035e-04,-3.180324728037340482e-02,0.000000000000000000e+00,0.000000000000000000e+00,2.000000000000000000e+04
5.500000000000000444e-01,1.399999999999999911e+00,1.974333724596641631e-04,-3.417156087993750840e-02,0.000000000000000000e+00,0.000000000000000000e+00,2.000000000000000000e+04
5.999999999999999778e-01,1.399999999999999911e+00,6.570052990242428691e-04,-3.635153103591445833e-02,0.000000000000000000e+00,0.000000000000000000e+00,2.000000000000000000e+04
6.500000000000000222e-01,1.399999999999999911e+00,1.167043424668678681e-03,-3.833412017579045095e-02,0.000000000000000000e+00,0.000000000000000000e+00,2.000000000000000000e+04
6.999999999999999556e-01,1.399999999999999911e+00,1.721430914864389462e-03,-4.011083278080070091e-02,0.000000000000000000e+00,0.000000000000000000e+00,2.000000000000000000e+04
7.500000000000000000e-01,1.399999999999999911e+00,2.313906470321060865e-03,-4.167379435042306568e-02,0.000000000000000000e+00,0.000000000000000000e+00,2.000000000000000000e+04
8.000000000000000444e-01,1.399999999999999911e+00,2.938110462892939978e-03,-4.301583285640830229e-02,0.000000000000000000e+00,0.000000000000000000e+00,2.000000000000000000e+04
8.499999999999999778e-01,1.399999999999999911e+00,3.587641122633151818e-03,-4.413056227221612976e-02,0.000000000000000000e+00,0.000000000000000000e+00,2.000000000000000000e+04
9.000000000000000222e-01,1.399999999999999911e+00,4.256120852380672510e-03,-4.501246789862736047e-02,0.000000000000000000e+00,0.000000000000000000e+00,2.000000000000000000e+04
9.499999999999999556e-01,1.399999999999999911e+00,4.937272117640108086e-03,-4.565699328282835784e-02,0.000000000000000000e+00,0.000000000000000000e+00,2.000000000000000000e+04
1.000000000000000000e+00,1.399999999999999911e+00,5.625001633462368630e-03,-4.606062851225323912e-02,0.000000000000000000e+00,0.000000000000000000e+00,2.000000000000000000e+04
0.000000000000000000e+00,1.449999999999999956e+00,0.000000000000000000e+00,0.000000000000000000e+00,1.000000000000000000e+00,0.000000000000000000e+00,2.000000000000000000e+04
5.000000000000000278e-02,1.449999999999999956e+00,-4.603470224167294992e-04,-3.830600982942102255e-03,0.000000000000000000e+00,0.000000000000000000e+00,2.000000000000000000e+04
1.000000000000000056e-01,1.449999999999999956e+00,-8.141215688023232828e-04,-7.574197217314423795e-03,0.000000000000000000e+00,0.000000000000000000e+00,2.000000000000000000e+04
1.499999999999999944e-01,1.449999999999999956e+00,-1.064530457535703498e-03,-1.121911510533902048e-02,0.000000000000000000e+00,0.000000000000000000e+00,2.000000000000000000e+04
2.000000000000000111e-01,1.449999999999999956e+00,-1.215122081223567055e-03,-1.475379166047920999e-02,0.000000000000000000e+00,0.000000000000000000e+00,2.000000000000000000e+04
2.500000000000000000e-01,1.449999999999999956e+00,-1.269769345088707195e-03,-1.816677171043492092e-02,0.000000000000000000e+00,0.000000000000000000e+00,2.000000000000000000e+04
2.999999999999999889e-01,1.449999999999999956e+00,-1.232658012161798235e-03,-2.144671829734703938e-02,0.000000000000000000e+00,0.000000000000000000e+00,2.000000000000000000e+04
3.499999999999999778e-01,1.449999999999999956e+00,-1.108279042627238753e-03,-2.458243583487168885e-02,0.000000000000000000e+00,0.000000000000000000e+00,2.000000000000000000e+04
4.000000000000000222e-01,1.449999999999999956e+00,-9.014233759539969299e-04,-2.756290530774507808e-02,0.000000000000000000e+00,0.000000000000000000e+00,2.000000000000000000e+04
4.500000000000000111e-01,1.449999999999999956e+00,-6.171774896379250436e-04,-3.037733059262079024e-02,0.000000000000000000e+00,0.000000000000000000e+00,2.000000000000000000e+04
5.000000000000000000e-01,1.449999999999999956e+00,-2.609179890670760118e-04,-3.301519483638196834e-02,0.000000000000000000e+00,0.000000000000000000e+00,2.000000000000000000e+04
5.500000000000000444e-01,1.449999999999999956e+00,1.616965500905722330e-04,-3.546632574430754609e-02,0.000000000000000000e+00,0.000000000000000000e+00,2.000000000000000000e+04
5.999999999999999778e-01,1.449999999999999956e+00,6.447382428736579858e-04,-3.772096859801165464e-02,0.000000000000000000e+00,0.000000000000000000e+00,2.000000000000000000e+04
6.500000000000000222e-01,1.449999999999999956e+00,1.182028728257284019e-03,-3.976986583305260753e-02,0.000000000000000000e+00,0.000000000000000000e+00,2.000000000000000000e+04
6.999999999999999556e-01,1.449999999999999956e+00,1.767165684636768947e-03,-4.160434204812910736e-02,0.000000000000000000e+00,0.000000000000000000e+00,2.000000000000000000e+04
7.500000000000000000e-01,1.449999999999999956e+00,2.393558300319117722e-03,-4.321639337978636780e-02,0.000000000000000000e+00,0.000000000000000000e+00,2.000000000000000000e+04
8.000000000000000444e-01,1.449999999999999956e+00,3.054472650611054965e-03,-4.459878024437912564e-02,0.000000000000000000e+00,0.000000000000000000e+00,2.000000000000000000e+04
8.499999999999999778e-01,1.449999999999999956e+00,3.743087524014717445e-03,-4.574512250589165413e-02,0.000000000000000000e+00,0.000000000000000000e+00,2.000000000000000000e+04
9.000000000000000222e-01,1.449999999999999956e+00,4.452560741434072496e-03,-4.664999615419573864e-02,0.000000000000000000e+00,0.000000000000000000e+00,2.000000000000000000e+04
9.499999999999999556e-01,1.449999999999999956e+00,5.176105426315059932e-03,-4.730903055029383325e-02,0.000000000000000000e+00,0.000000000000000000e+00,2.000000000000000000e+04
1.000000000000000000e+00,1.449999999999999956e+00,5.907075018110448383e-03,-4.771900518712576117e-02,0.000000000000000000e+00,0.000000000000000000e+00,2.000000000000000000e+04
0.000000000000000000e+00,1.500000000000000000e+00,0.000000000000000000e+00,0.000000000000000000e+00,1.000000000000000000e+00,0.000000000000000000e+00,2.000000000000000000e+04
5.000000000000000278e-02,1.500000000000000000e+00,-4.888422335680922418e-04,-3.985029825907213455e-03,0.000000000000000000e+00,0.000000000000000000e+00,2.000000000000000000e+04
1.000000000000000056e-01,1.500000000000000000e+00,-8.661144798635883948e-04,-7.878152559819669165e-03,0.000000000000000000e+00,0.000000000000000000e+00,2.000000000000000000e+04
1.499999999999999944e-01,1.500000000000000000e+00,-1.135048240914803127e-03,-1.166728450450343207e-02,0.000000000000000000e+00,0.000000000000000000e+00,2.000000000000000000e+04
2.000000000000000111e-01,1.500000000000000000e+00,-1.299208504527285231e-03,-1.534047498893716631e-02,0.000000000000000000e+00,0.000000000000000000e+00,2.000000000000000000e+04
2.500000000000000000e-01,1.500000000000000000e+00,-1.362484471389339199e-03,-1.888589661892322788e-02,0.000000000000000000e+00,0.000000000000000000e+00,2.000000000000000000e+04
2.999999999999999889e-01,1.500000000000000000e+00,-1.329085602757743923e-03,-2.229185040093337178e-02,0.000000000000000000e+00,0.000000000000000000e+00,2.000000000000000000e+04
3.499999999999999778e-01,1.500000000000000000e+00,-1.203541365064891107e-03,-2.554678543904121205e-02,0.000000000000000000e+00,0.000000000000000000e+00,2.000000000000000000e+04
4.000000000000000222e-01,1.500000000000000000e+00,-9.907029502432681753e-04,-2.863933260733425926e-02,0.000000000000000000e+00,0.000000000000000000e+00,2.000000000000000000e+04
4.500000000000000111e-01,1.500000000000000000e+00,-6.957451772452765077e-04,-3.155835135904999644e-02,0.000000000000000000e+00,0.000000000000000000e+00,2.000000000000000000e+04
5.000000000000000000e-01,1.500000000000000000e+00,-3.241667400036000904e-04,-3.429298864617336823e-02,0.000000000000000000e+00,0.000000000000000000e+00,2.000000000000000000e+04
5.500000000000000444e-01,1.500000000000000000e+00,1.182130314107440429e-04,-3.683274878453556694e-02,0.000000000000000000e+00,0.000000000000000000e+00,2.000000000000000000e+04
5.999999999999999778e-01,1.500000000000000000e+00,6.252626782872658905e-04,-3.916757300298087663e-02,0.000000000000000000e+00,0.000000000000000000e+00,2.000000000000000000e+04
6.500000000000000222e-01,1.500000000000000000e+00,1.190554062563538469e-03,-4.128792735282753312e-02,0.000000000000000000e+00,0.000000000000000000e+00,2.000000000000000000e+04
6.999999999999999556e-01,1.500000000000000000e+00,1.807386258268126522e-03,-4.318489761610163485e-02,0.000000000000000000e+00,0.000000000000000000e+00,2.000000000000000000e+04
7.500000000000000000e-01,1.500000000000000000e+00,2.468819142834787535e-03,-4.485028982682785076e-02,0.000000000000000000e+00,0.000000000000000000e+00,2.000000000000000000e+04
8.000000000000000444e-01,1.500000000000000000e+00,3.167717628748346372e-03,-4.627673499630662740e-02,0.000000000000000000e+00,0.000000000000000000e+00,2.000000000000000000e+04
8.499999999999999778e-01,1.500000000000000000e+00,3.896807081046482855e-03,-4.745779659625985053e-02,0.000000000000000000e+00,0.000000000000000000e+00,2.000000000000000000e+04
9.000000000000000222e-01,1.500000000000000000e+00,4.648739992975140303e-03,-4.838807928662330893e-02,0.000000000000000000e+00,0.000000000000000000e+00,2.000000000000000000e+04
9.499999999999999556e-01,1.500000000000000000e+00,5.416173443625259612e-03,-4.906333725971129961e-02,0.000000000000000000e+00,0.000000000000000000e+00,2.000000000000000000e+04
1.000000000000000000e+00,1.500000000000000000e+00,6.191856245851756410e-03,-4.948058039091465798e-02,0.000000000000000000e+00,0.000000000000000000e+00,2.000000000000000000e+04
0.000000000000000000e+00,1.550000000000000044e+00,0.000000000000000000e+00,0.000000000000000000e+00,1.000000000000000000e+00,0.000000000000000000e+00,2.000000000000000000e+04
5.000000000000000278e-02,1.550000000000000044e+00,-5.190417522225813495e-04,-4.146604948332167917e-03,0.000000000000000000e+00,0.000000000000000000e+00,2.000000000000000000e+04
1.000000000000000056e-01,1.550000000000000044e+00,-9.213348784749542369e-04,-8.196331357640279647e-03,0.000000000000000000e+00,0.000000000000000000e+00,2.000000000000000000e+04
1.499999999999999944e-01,1.550000000000000044e+00,-1.210137896116209684e-03,-1.213670257142781400e-02,0.000000000000000000e+00,0.000000000000000000e+00,2.000000000000000000e+04
2.000000000000000111e-01,1.550000000000000044e+00,-1.389030185882963401e-03,-1.595538729457298896e-02,0.000000000000000000e+00,0.000000000000000000e+00,2.000000000000000000e+04
2.500000000000000000e-01,1.550000000000000044e+00,-1.461911460280529386e-03,-1.964018281972514796e-02,0.000000000000000000e+00,0.000000000000000000e+00,2.000000000000000000e+04
2.999999999999999889e-01,1.550000000000000044e+00,-1.433006548554598570e-03,-2.317901507101471567e-02,0.000000000000000000e+00,0.000000000000000000e+00,2.000000000000000000e+04
3.499999999999999778e-01,1.550000000000000044e+00,-1.306873655502260824e-03,-2.655995526323532210e-02,0.000000000000000000e+00,0.000000000000000000e+00,2.000000000000000000e+04
4.000000000000000222e-01,1.550000000000000044e+00,-1.088414188621965491e-03,-2.977125265250597438e-02,0.000000000000000000e+00,0.000000000000000000e+00,2.000000000000000000e+04
4.500000000000000111e-01,1.550000000000000044e+00,-7.828822094032213694e-04,-3.280138258042433752e-02,0.000000000000000000e+00,0.000000000000000000e+00,2.000000000000000000e+04
5.000000000000000000e-01,1.550000000000000044e+00,-3.958915566710286579e-04,-3.563910878494951778e-02,0.000000000000000000e+00,0.000000000000000000e+00,2.000000000000000000e+04
5.500000000000000444e-01,1.550000000000000044e+00,6.658128022078985532e-05,-3.827355876304827653e-02,0.000000000000000000e+00,0.000000000000000000e+00,2.000000000000000000e+04
5.999999999999999778e-01,1.550000000000000044e+00,5.982003861042361603e-04,-4.069431081634301839e-02,0.000000000000000000e+00,0.000000000000000000e+00,2.000000000000000000e+04
6.500000000000000222e-01,1.550000000000000044e+00,1.192281464908394664e-03,-4.289149128409048412e-02,0.000000000000000000e+00,0.000000000000000000e+00,2.000000000000000000e+04
6.999999999999999556e-01,1.550000000000000044e+00,1.841812244628712432e-03,-4.485588035898911002e-02,0.000000000000000000e+00,0.000000000000000000e+00,2.000000000000000000e+04
7.500000000000000000e-01,1.550000000000000044e+00,2.539483537593836132e-03,-4.657902478051493406e-02,0.000000000000000000e+00,0.000000000000000000e+00,2.000000000000000000e+04
8.000000000000000444e-01,1.550000000000000044e+00,3.277731940232768253e-03,-4.805335559649077243e-02,0.000000000000000000e+00,0.000000000000000000e+00,2.000000000000000000e+04
8.499999999999999778e-01,1.550000000000000044e+00,4.048794776407376415e-03,-4.927230906411256273e-02,0.000000000000000000e+00,0.000000000000000000e+00,2.000000000000000000e+04
9.000000000000000222e-01,1.550000000000000044e+00,4.844777438726342346e-03,-5.023044861366407488e-02,0.000000000000000000e+00,0.000000000000000000e+00,2.000000000000000000e+04
9.499999999999999556e-01,1.550000000000000044e+00,5.657732765963770227e-03,-5.092358560848090493e-02,0.000000000000000000e+00,0.000000000000000000e+00,2.000000000000000000e+04
1.000000000000000000e+00,1.550000000000000044e+00,6.479751519099404694e-03,-5.134889639113085491e-02,0.000000000000000000e+00,0.000000000000000000e+00,2.000000000000000000e+04
0.000000000000000000e+00,1.600000000000000089e+00,0.000000000000000000e+00,0.000000000000000000e+00,1.000000000000000000e+00,0.000000000000000000e+00,2.000000000000000000e+04
5.000000000000000278e-02,1.600000000000000089e+00,-5.509939430999000968e-04,-4.315572801357048585e-03,0.000000000000000000e+00,0.000000000000000000e+00,2.000000000000000000e+04
1.000000000000000056e-01,1.600000000000000089e+00,-9.798907362372276213e-04,-8.529218103178529825e-03,0.000000000000000000e+00,0.000000000000000000e+00,2.000000000000000000e+04
1.499999999999999944e-01,1.600000000000000089e+00,-1.289974776728687817e-03,-1.262808957836080923e-02,0.000000000000000000e+00,0.000000000000000000e+00,2.000000000000000000e+04
2.000000000000000111e-01,1.600000000000000089e+00,-1.484833970395169241e-03,-1.659948729012196422e-02,0.000000000000000000e+00,0.000000000000000000e+00,2.000000000000000000e+04
2.500000000000000000e-01,1.600000000000000089e+00,-1.568369045276063077e-03,-2.043083373707118428e-02,0.000000000000000000e+00,0.000000000000000000e+00,2.000000000000000000e+04
2.999999999999999889e-01,1.600000000000000089e+00,-1.544808238781208943e-03,-2.410966893745697046e-02,0.000000000000000000e+00,0.000000000000000000e+00,2.000000000000000000e+04
3.499999999999999778e-01,1.600000000000000089e+00,-1.418725286267821751e-03,-2.762366441256828772e-02,0.000000000000000000e+00,0.000000000000000000e+00,2.000000000000000000e+04
4.000000000000000222e-01,1.600000000000000089e+00,-1.195058606718201648e-03,-3.096065558218191044e-02,0.000000000000000000e+00,0.000000000000000000e+00,2.000000000000000000e+04
4.500000000000000111e-01,1.600000000000000089e+00,-8.791295720282051637e-04,-3.410869177989630380e-02,0.000000000000000000e+00,0.000000000000000000e+00,2.000000000000000000e+04
5.000000000000000000e-01,1.600000000000000089e+00,-4.766577655580295811e-04,-3.705610282968287844e-02,0.000000000000000000e+00,0.000000000000000000e+00,2.000000000000000000e+04
5.500000000000000444e-01,1.600000000000000089e+00,6.228811382272999115e-06,-3.979158089225114797e-02,0.000000000000000000e+00,0.000000000000000000e+00,2.000000000000000000e+04
5.999999999999999778e-01,1.600000000000000089e+00,5.629905338774196782e-04,-4.230427608486706653e-02,0.000000000000000000e+00,0.000000000000000000e+00,2.000000000000000000e+04
6.500000000000000222e-01,1.600000000000000089e+00,1.186681759690173593e-03,-4.458390419390805687e-02,0.000000000000000000e+00,0.000000000000000000e+00,2.000000000000000000e+04
6.999999999999999556e-01,1.600000000000000089e+00,1.869966870556446841e-03,-4.662086462742071058e-02,0.000000000000000000e+00,0.000000000000000000e+00,2.000000000000000000e+04
7.500000000000000000e-01,1.600000000000000089e+00,2.605148128331226994e-03,-4.840636658606119885e-02,0.000000000000000000e+00,0.000000000000000000e+00,2.000000000000000000e+04
8.000000000000000444e-01,1.600000000000000089e+00,3.384206423337456082e-03,-4.993256125510675547e-02,0.000000000000000000e+00,0.000000000000000000e+00,2.000000000000000000e+04
8.499999999999999778e-01,1.600000000000000089e+00,4.198855627712628005e-03,-5.119267762742767819e-02,0.000000000000000000e+00,0.000000000000000000e+00,2.000000000000000000e+04
9.000000000000000222e-01,1.600000000000000089e+00,5.040610838993675805e-03,-5.218115934727029365e-02,0.000000000000000000e+00,0.000000000000000000e+00,2.000000000000000000e+04
9.499999999999999556e-01,1.600000000000000089e+00,5.900870310436399577e-03,-5.289379970828376326e-02,0.000000000000000000e+00,0.000000000000000000e+00,2.000000000000000000e+04
1.000000000000000000e+00,1.600000000000000089e+00,6.771010320144245365e-03,-5.332787163942714903e-02,0.000000000000000000e+00,0.000000000000000000e+00,2.000000000000000000e+04
0.000000000000000000e+00,1.649999999999999911e+00,0.000000000000000000e+00,0.000000000000000000e+00,1.000000000000000000e+00,0.000000000000000000e+00,2.000000000000000000e+04
5.000000000000000278e-02,1.649999999999999911e+00,-5.847540951941249815e-04,-4.492159891820207002e-03,0.000000000000000000e+00,0.000000000000000000e+00,2.000000000000000000e+04
1.000000000000000056e-01,1.649999999999999911e+00,-1.041906832255403044e-03,-8.877262991538483611e-03,0.000000000000000000e+00,0.000000000000000000e+00,2.000000000000000000e+04
1.499999999999999944e-01,1.649999999999999911e+00,-1.374763467272493902e-03,-1.314212309101109658e-02,0.000000000000000000e+00,0.000000000000000000e+00,2.000000000000000000e+04
2.000000000000000111e-01,1.649999999999999911e+00,-1.586910432817249242e-03,-1.727368866454237831e-02,0.000000000000000000e+00,0.000000000000000000e+00,2.000000000000000000e+04
2.500000000000000000e-01,1.649999999999999911e+00,-1.682235754807905439e-03,-2.125901151314736268e-02,0.000000000000000000e+00,0.000000000000000000e+00,2.000000000000000000e+04
2.999999999999999889e-01,1.649999999999999911e+00,-1.664954940635983123e-03,-2.508523695995914030e-02,0.000000000000000000e+00,0.000000000000000000e+00,2.000000000000000000e+04
3.499999999999999778e-01,1.649999999999999911e+00,-1.539640026143318519e-03,-2.873961548552359663e-02,0.000000000000000000e+00,0.000000000000000000e+00,2.000000000000000000e+04
4.000000000000000222e-01,1.649999999999999911e+00,-1.311249464310410874e-03,-3.220953532066000297e-02,0.000000000000000000e+00,0.000000000000000000e+00,2.000000000000000000e+04
4.500000000000000111e-01,1.649999999999999911e+00,-9.851565551630689973e-04,-3.548257518082770234e-02,0.000000000000000000e+00,0.000000000000000000e+00,2.000000000000000000e+04
5.000000000000000000e-01,1.649999999999999911e+00,-5.671741584200056712e-04,-3.854657602539485889e-02,0.000000000000000000e+00,0.000000000000000000e+00,2.000000000000000000e+04
5.500000000000000444e-01,1.649999999999999911e+00,-6.357350225228665852e-05,-4.138973045283812768e-02,0.000000000000000000e+00,0.000000000000000000e+00,2.000000000000000000e+04
5.999999999999999778e-01,1.649999999999999911e+00,5.189049921079345873e-04,-4.400068809270126641e-02,0.000000000000000000e+00,0.000000000000000000e+00,2.000000000000000000e+04
6.500000000000000222e-01,1.649999999999999911e+00,1.173050804517456044e-03,-4.636867512007623177e-02,0.000000000000000000e+00,0.000000000000000000e+00,2.000000000000000000e+04
6.999999999999999556e-01,1.649999999999999911e+00,1.891194073734117891e-03,-4.848362579048161314e-02,0.000000000000000000e+00,0.000000000000000000e+00,2.000000000000000000e+04
7.500000000000000000e-01,1.649999999999999911e+00,2.665229525427180359e-03,-5.033632366365186489e-02,0.000000000000000000e+00,0.000000000000000000e+00,2.000000000000000000e+04
8.000000000000000444e-01,1.649999999999999911e+00,3.486654785672084304e-03,-5.191854994491768710e-02,0.000000000000000000e+00,0.000000000000000000e+00,2.000000000000000000e+04
8.499999999999999778e-01,1.649999999999999911e+00,4.346623947646083980e-03,-5.322323611378586283e-02,0.000000000000000000e+00,0.000000000000000000e+00,2.000000000000000000e+04
9.000000000000000222e-01,1.649999999999999911e+00,5.236016853264554086e-03,-5.424461772316836738e-02,0.000000000000000000e+00,0.000000000000000000e+00,2.000000000000000000e+04
9.499999999999999556e-01,1.649999999999999911e+00,6.145524087099073912e-03,-5.497838593354630737e-02,0.000000000000000000e+00,0.000000000000000000e+00,2.000000000000000000e+04
1.000000000000000000e+00,1.649999999999999911e+00,7.065747159992713348e-03,-5.542183299138745550e-02,0.000000000000000000e+00,0.000000000000000000e+00,2.000000000000000000e+04
0.000000000000000000e+00,1.699999999999999956e+00,0.000000000000000000e+00,0.000000000000000000e+00,1.000000000000000000e+00,0.000000000000000000e+00,2.000000000000000000e+04
5.000000000000000278e-02,1.699999999999999956e+00,-6.203824435673566161e-04,-4.676568208383941050e-03,0.000000000000000000e+00,0.000000000000000000e+00,2.000000000000000000e+04
1.000000000000000056e-01,1.699999999999999956e+00,-1.107521029134342925e-03,-9.240873463387823047e-03,0.000000000000000000e+00,0.000000000000000000e+00,2.000000000000000000e+04
1.499999999999999944e-01,1.699999999999999956e+00,-1.464732486653744052e-03,-1.367942636999875186e-02,0.000000000000000000e+00,0.000000000000000000e+00,2.000000000000000000e+04
2.000000000000000111e-01,1.699999999999999956e+00,-1.695587132681316807e-03,-1.797884613069228310e-02,0.000000000000000000e+00,0.000000000000000000e+00,2.000000000000000000e+04
2.500000000000000000e-01,1.699999999999999956e+00,-1.803941805892148899e-03,-2.212582152952502490e-02,0.000000000000000000e+00,0.000000000000000000e+00,2.000000000000000000e+04
2.999999999999999889e-01,1.699999999999999956e+00,-1.793978393200891443e-03,-2.610709628269434687e-02,0.000000000000000000e+00,0.000000000000000000e+00,2.000000000000000000e+04
3.499999999999999778e-01,1.699999999999999956e+00,-1.670245382730663674e-03,-2.990947864216277063e-02,0.000000000000000000e+00,0.000000000000000000e+00,2.000000000000000000e+04
4.000000000000000222e-01,1.699999999999999956e+00,-1.437699900904676996e-03,-3.351987474602925038e-02,0.000000000000000000e+00,0.000000000000000000e+00,2.000000000000000000e+04
4.500000000000000111e-01,1.699999999999999956e+00,-1.101747730720405551e-03,-3.692534484995291938e-02,0.000000000000000000e+00,0.000000000000000000e+00,2.000000000000000000e+04
5.000000000000000000e-01,1.699999999999999956e+00,-6.682788699725739209e-04,-4.011318124339681435e-02,0.000000000000000000e+00,0.000000000000000000e+00,2.000000000000000000e+04
5.500000000000000444e-01,1.699999999999999956e+00,-1.436962753650804702e-04,-4.307100634749606166e-02,0.000000000000000000e+00,0.000000000000000000e+00,2.000000000000000000e+04
5.999999999999999778e-01,1.699999999999999956e+00,4.650644451022889069e-04,-4.578688920184063177e-02,0.000000000000000000e+00,0.000000000000000000e+00,2.000000000000000000e+04
6.500000000000000222e-01,1.699999999999999956e+00,1.150526479310583650e-03,-4.824947826831747083e-02,0.000000000000000000e+00,0.000000000000000000e+00,2.000000000000000000e+04
6.999999999999999556e-01,1.699999999999999956e+00,1.904676298159572881e-03,-5.044814820342161804e-02,0.000000000000000000e+00,0.000000000000000000e+00,2.000000000000000000e+04
7.500000000000000000e-01,1.699999999999999956e+00,2.718982853375632742e-03,-5.237315796763128417e-02,0.000000000000000000e+00,0.000000000000000000e+00,2.000000000000000000e+04
8.000000000000000444e-01,1.699999999999999956e+00,3.584432880067247619e-03,-5.401581734299450155e-02,0.000000000000000000e+00,0.000000000000000000e+00,2.000000000000000000e+04
8.499999999999999778e-01,1.699999999999999956e+00,4.491583370028947968e-03,-5.536865861013233470e-02,0.000000000000000000e+00,0.000000000000000000e+00,2.000000000000000000e+04
9.000000000000000222e-01,1.699999999999999956e+00,5.430631898427126097e-03,-5.642560978713163922e-02,0.000000000000000000e+00,0.000000000000000000e+00,2.000000000000000000e+04
9.499999999999999556e-01,1.699999999999999956e+00,6.391505045303110671e-03,-5.718216545168797182e-02,0.000000000000000000e+00,0.000000000000000000e+00,2.000000000000000000e+04
1.000000000000000000e+00,1.699999999999999956e+00,7.363964653836951348e-03,-5.763555075476326645e-02,0.000000000000000000e+00,0.000000000000000000e+00,2.000000000000000000e+04
0.000000000000000000e+00,1.750000000000000000e+00,0.000000000000000000e+00,0.000000000000000000e+00,1.000000000000000000e+00,0.000000000000000000e+00,2.000000000000000000e+04
5.000000000000000278e-02,1.750000000000000000e+00,-6.579419282245094029e-04,-4.868970268680305677e-03,0.000000000000000000e+00,0.000000000000000000e+00,2.000000000000000000e+04
1.000000000000000056e-01,1.750000000000000000e+00,-1.176880045670948951e-03,-9.620405100494356168e-03,0.000000000000000000e+00,0.000000000000000000e+00,2.000000000000000000e+04
1.499999999999999944e-01,1.750000000000000000e+00,-1.560128270678856318e-03,-1.424055595462678410e-02,0.000000000000000000e+00,0.000000000000000000e+00,2.000000000000000000e+04
2.000000000000000111e-01,1.750000000000000000e+00,-1.811220955144969731e-03,-1.871574056864403618e-02,0.000000000000000000e+00,0.000000000000000000e+00,2.000000000000000000e+04
2.500000000000000000e-01,1.750000000000000000e+00,-1.933959916316455507e-03,-2.303229600612172537e-02,0.000000000000000000e+00,0.000000000000000000e+00,2.000000000000000000e+04
2.999999999999999889e-01,1.750000000000000000e+00,-1.932467180322397851e-03,-2.717655920211709680e-02,0.000000000000000000e+00,0.000000000000000000e+00,2.000000000000000000e+04
3.499999999999999778e-01,1.750000000000000000e+00,-1.811240612607085271e-03,-3.113487486136382390e-02,0.000000000000000000e+00,0.000000000000000000e+00,2.000000000000000000e+04
4.000000000000000222e-01,1.750000000000000000e+00,-1.575209656067004050e-03,-3.489363015249120209e-02,0.000000000000000000e+00,0.000000000000000000e+00,2.000000000000000000e+04
4.500000000000000111e-01,1.750000000000000000e+00,-1.229788458770597571e-03,-3.843931526023354472e-02,0.000000000000000000e+00,0.000000000000000000e+00,2.000000000000000000e+04
5.000000000000000000e-01,1.750000000000000000e+00,-7.809237522083538633e-04,-4.175860850150515252e-02,0.000000000000000000e+00,0.000000000000000000e+00,2.000000000000000000e+04
5.500000000000000444e-01,1.750000000000000000e+00,-2.351349407835361322e-04,-4.483848437498813566e-02,0.000000000000000000e+00,0.000000000000000000e+00,2.000000000000000000e+04
5.999999999999999778e-01,1.750000000000000000e+00,4.004560133759934443e-04,-4.766634259123991857e-02,0.000000000000000000e+00,0.000000000000000000e+00,2.000000000000000000e+04
6.500000000000000222e-01,1.750000000000000000e+00,1.118107175910802980e-03,-5.023015581393342616e-02,0.000000000000000000e+00,0.000000000000000000e+00,2.000000000000000000e+04
6.999999999999999556e-01,1.750000000000000000e+00,1.909453780512187625e-03,-5.251863352437539240e-02,0.000000000000000000e+00,0.000000000000000000e+00,2.000000000000000000e+04
7.500000000000000000e-01,1.750000000000000000e+00,2.765521791818914207e-03,-5.452139909205584029e-02,0.000000000000000000e+00,0.000000000000000000e+00,2.000000000000000000e+04
8.000000000000000444e-01,1.750000000000000000e+00,3.676759501156704607e-03,-5.622917678490706173e-02,0.000000000000000000e+00,0.000000000000000000e+00,2.000000000000000000e+04
8.499999999999999778e-01,1.750000000000000000e+00,4.633088460831399566e-03,-5.763398507645924734e-02,0.000000000000000000e+00,0.000000000000000000e+00,2.000000000000000000e+04
9.000000000000000222e-01,1.750000000000000000e+00,5.623974705076222567e-03,-5.872933219754670336e-02,0.000000000000000000e+00,0.000000000000000000e+00,2.000000000000000000e+04
9.499999999999999556e-01,1.750000000000000000e+00,6.638520789283186736e-03,-5.951040943541333061e-02,0.000000000000000000e+00,0.000000000000000000e+00,2.000000000000000000e+04
1.000000000000000000e+00,1.750000000000000000e+00,7.665578699225028721e-03,-5.997427720557304415e-02,0.000000000000000000e+00,0.000000000000000000e+00,2.000000000000000000e+04
0.000000000000000000e+00,1.800000000000000044e+00,0.000000000000000000e+00,0.000000000000000000e+00,1.000000000000000000e+00,0.000000000000000000e+00,2.000000000000000000e+04
5.000000000000000278e-02,1.800000000000000044e+00,-6.974956385861525061e-04,-5.069503758413635222e-03,0.000000000000000000e+00,0.000000000000000000e+00,2.000000000000000000e+04
1.000000000000000056e-01,1.800000000000000044e+00,-1.250134618444933036e-03,-1.001615181954632582e-02,0.000000000000000000e+00,0.000000000000000000e+00,2.000000000000000000e+04
1.499999999999999944e-01,1.800000000000000044e+00,-1.661208264271464910e-03,-1.482598835070657144e-02,0.000000000000000000e+00,0.000000000000000000e+00,2.000000000000000000e+04
2.000000000000000111e-01,1.800000000000000044e+00,-1.934189301276299485e-03,-1.948506316306534980e-02,0.000000000000000000e+00,0.000000000000000000e+00,2.000000000000000000e+04
2.500000000000000000e-01,1.800000000000000044e+00,-2.072794727126091308e-03,-2.397937655351013719e-02,0.000000000000000000e+00,0.000000000000000000e+00,2.000000000000000000e+04
2.999999999999999889e-01,1.800000000000000044e+00,-2.081054498140485175e-03,-2.829485510261580891e-02,0.000000000000000000e+00,0.000000000000000000e+00,2.000000000000000000e+04
3.499999999999999778e-01,1.800000000000000044e+00,-1.963382936114229597e-03,-3.241735822329874783e-02,0.000000000000000000e+00,0.000000000000000000e+00,2.000000000000000000e+04
4.000000000000000222e-01,1.800000000000000044e+00,-1.724649831659919074e-03,-3.633271482845258638e-02,0.000000000000000000e+00,0.000000000000000000e+00,2.000000000000000000e+04
4.500000000000000111e-01,1.800000000000000044e+00,-1.370248301187331494e-03,-4.002678908670728730e-02,0.000000000000000000e+00,0.000000000000000000e+00,2.000000000000000000e+04
5.000000000000000000e-01,1.800000000000000044e+00,-9.061565495731005448e-04,-4.348557385861133440e-02,0.000000000000000000e+00,0.000000000000000000e+00,2.000000000000000000e+04
5.500000000000000444e-01,1.800000000000000044e+00,-3.389908009997287357e-04,-4.669531004577863464e-02,0.000000000000000000e+00,0.000000000000000000e+00,2.000000000000000000e+04
5.999999999999999778e-01,1.800000000000000044e+00,3.239532117931228955e-04,-4.964262973646572930e-02,0.000000000000000000e+00,0.000000000000000000e+00,2.000000000000000000e+04
6.500000000000000222e-01,1.800000000000000044e+00,1.074672662103439823e-03,-5.231472068481756582e-02,0.000000000000000000e+00,0.000000000000000000e+00,2.000000000000000000e+04
6.999999999999999556e-01,1.800000000000000044e+00,1.904446239327961055e-03,-5.469950930850326493e-02,0.000000000000000000e+00,0.000000000000000000e+00,2.000000000000000000e+04
7.500000000000000000e-01,1.800000000000000044e+00,2.803841047560627804e-03,-5.678585902079140435e-02,0.000000000000000000e+00,0.000000000000000000e+00,2.000000000000000000e+04
8.000000000000000444e-01,1.800000000000000044e+00,3.762739653015205465e-03,-5.856378031849758525e-02,0.000000000000000000e+00,0.000000000000000000e+00,2.000000000000000000e+04
8.499999999999999778e-01,1.800000000000000044e+00,4.770388865702739067e-03,-6.002464861812043667e-02,0.000000000000000000e+00,0.000000000000000000e+00,2.000000000000000000e+04
9.000000000000000222e-01,1.800000000000000044e+00,5.815471514798734032e-03,-6.116142536284503023e-02,0.000000000000000000e+00,0.000000000000000000e+00,2.000000000000000000e+04
9.499999999999999556e-01,1.800000000000000044e+00,6.886202090255569633e-03,-6.196887741097627245e-02,0.000000000000000000e+00,0.000000000000000000e+00,2.000000000000000000e+04
1.000000000000000000e+00,1.800000000000000044e+00,7.970446665846158546e-03,-6.244378916547718011e-02,0.000000000000000000e+00,0.000000000000000000e+00,2.000000000000000000e+04
0.000000000000000000e+00,1.850000000000000089e+00,0.000000000000000000e+00,0.000000000000000000e+00,1.000000000000000000e+00,0.000000000000000000e+00,2.000000000000000000e+04
5.000000000000000278e-02,1.850000000000000089e+00,-7.391038877046328523e-04,-5.278265741329671128e-03,0.000000000000000000e+00,0.000000000000000000e+00,2.000000000000000000e+04
1.000000000000000056e-01,1.850000000000000089e+00,-1.327433934114943424e-03,-1.042833532616020339e-02,0.000000000000000000e+00,0.000000000000000000e+00,2.000000000000000000e+04
1.499999999999999944e-01,1.850000000000000089e+00,-1.768232936333757280e-03,-1.543610576897527786e-02,0.000000000000000000e+00,0.000000000000000000e+00,2.000000000000000000e+04
2.000000000000000111e-01,1.850000000000000089e+00,-2.064879865432140381e-03,-2.028739846623124274e-02,0.000000000000000000e+00,0.000000000000000000e+00,2.000000000000000000e+04
2.500000000000000000e-01,1.850000000000000089e+00,-2.220970491789583078e-03,-2.496789559514902071e-02,0.000000000000000000e+00,0.000000000000000000e+00,2.000000000000000000e+04
2.999999999999999889e-01,1.850000000000000089e+00,-2.240403887295643829e-03,-2.946311126174362693e-02,0.000000000000000000e+00,0.000000000000000000e+00,2.000000000000000000e+04
3.499999999999999778e-01,1.850000000000000089e+00,-2.127471436837643452e-03,-3.375839710476042504e-02,0.000000000000000000e+00,0.000000000000000000e+00,2.000000000000000000e+04
4.000000000000000222e-01,1.850000000000000089e+00,-1.886945084442673021e-03,-3.783898162550360794e-02,0.000000000000000000e+00,0.000000000000000000e+00,2.000000000000000000e+04
4.500000000000000111e-01,1.850000000000000089e+00,-1.524161640352696655e-03,-4.169004210083114559e-02,0.000000000000000000e+00,0.000000000000000000e+00,2.000000000000000000e+04
5.000000000000000000e-01,1.850000000000000089e+00,-1.045100085574836475e-03,-4.529680754402053144e-02,0.000000000000000000e+00,0.000000000000000000e+00,2.000000000000000000e+04
5.500000000000000444e-01,1.850000000000000089e+00,-4.564489305945596681e-04,-4.864469080113140859e-02,0.000000000000000000e+00,0.000000000000000000e+00,2.000000000000000000e+04
5.999999999999999778e-01,1.850000000000000089e+00,2.343391846399097735e-04,-5.171944750244587136e-02,0.000000000000000000e+00,0.000000000000000000e+00,2.000000000000000000e+04
6.500000000000000222e-01,1.850000000000000089e+00,1.019008320560741429e-03,-5.450735922095505115e-02,0.000000000000000000e+00,0.000000000000000000e+00,2.000000000000000000e+04
6.999999999999999556e-01,1.850000000000000089e+00,1.888478012986237161e-03,-5.699543781215400673e-02,0.000000000000000000e+00,0.000000000000000000e+00,2.000000000000000000e+04
7.500000000000000000e-01,1.850000000000000089e+00,2.832842334141718547e-03,-5.917164750989521715e-02,0.000000000000000000e+00,0.000000000000000000e+00,2.000000000000000000e+04
8.000000000000000444e-01,1.850000000000000089e+00,3.841391380035827884e-03,-6.102514091988656131e-02,0.000000000000000000e+00,0.000000000000000000e+00,2.000000000000000000e+04
8.499999999999999778e-01,1.850000000000000089e+00,4.902657087975558631e-03,-6.254650457503649341e-02,0.000000000000000000e+00,0.000000000000000000e+00,2.000000000000000000e+04
9.000000000000000222e-01,1.850000000000000089e+00,6.004485002853736722e-03,-6.372800918755529287e-02,0.000000000000000000e+00,0.000000000000000000e+00,2.000000000000000000e+04
9.499999999999999556e-01,1.850000000000000089e+00,7.134133262538074581e-03,-6.456385914852580399e-02,0.000000000000000000e+00,0.000000000000000000e+00,2.000000000000000000e+04
1.000000000000000000e+00,1.850000000000000089e+00,8.278399645536902232e-03,-6.505043519018471887e-02,0.000000000000000000e+00,0.000000000000000000e+00,2.000000000000000000e+04
0.000000000000000000e+00,1.899999999999999911e+00,0.000000000000000000e+00,0.000000000000000000e+00,1.000000000000000000e+00,0.000000000000000000e+00,2.000000000000000000e+04
5.000000000000000278e-02,1.899999999999999911e+00,-7.828208560985473480e-04,-5.495306429437365157e-03,0.000000000000000000e+00,0.000000000000000000e+00,2.000000000000000000e+04
1.000000000000000056e-01,1.899999999999999911e+00,-1.408919204053033164e-03,-1.085709381155561433e-02,0.000000000000000000e+00,0.000000000000000000e+00,2.000000000000000000e+04
1.499999999999999944e-01,1.899999999999999911e+00,-1.881456512744405412e-03,-1.607118089099457414e-02,0.000000000000000000e+00,0.000000000000000000e+00,2.000000000000000000e+04
2.000000000000000111e-01,1.899999999999999911e+00,-2.203678711396169984e-03,-2.112320635785423090e-02,0.000000000000000000e+00,0.000000000000000000e+00,2.000000000000000000e+04
2.500000000000000000e-01,1.899999999999999911e+00,-2.379016652650730191e-03,-2.599855662410288995e-02,0.000000000000000000e+00,0.000000000000000000e+00,2.000000000000000000e+04
2.999999999999999889e-01,1.899999999999999911e+00,-2.411192453025705860e-03,-3.068233248165025753e-02,0.000000000000000000e+00,0.000000000000000000e+00,2.000000000000000000e+04
3.499999999999999778e-01,1.899999999999999911e+00,-2.304328066757586023e-03,-3.515935423461757914e-02,0.000000000000000000e+00,0.000000000000000000e+00,2.000000000000000000e+04
4.000000000000000222e-01,1.899999999999999911e+00,-2.063052565105928746e-03,-3.941420445509320053e-02,0.000000000000000000e+00,0.000000000000000000e+00,2.000000000000000000e+04
4.500000000000000111e-01,1.899999999999999911e+00,-1.692604714181161372e-03,-4.343130708927302186e-02,0.000000000000000000e+00,0.000000000000000000e+00,2.000000000000000000e+04
5.000000000000000000e-01,1.899999999999999911e+00,-1.198927570640783346e-03,-4.719504123758515995e-02,0.000000000000000000e+00,0.000000000000000000e+00,2.000000000000000000e+04
5.500000000000000444e-01,1.899999999999999911e+00,-5.887519448518715353e-04,-5.068988754472610742e-02,0.000000000000000000e+00,0.000000000000000000e+00,2.000000000000000000e+04
5.999999999999999778e-01,1.899999999999999911e+00,1.303342864159666166e-04,-5.390060475707874471e-02,0.000000000000000000e+00,0.000000000000000000e+00,2.000000000000000000e+04
6.500000000000000222e-01,1.899999999999999911e+00,9.498339018786255711e-04,-5.681243362602578922e-02,0.000000000000000000e+00,0.000000000000000000e+00,2.000000000000000000e+04
6.999999999999999556e-01,1.899999999999999911e+00,1.860307839858516997e-03,-5.941132494356893279e-02,0.000000000000000000e+00,0.000000000000000000e+00,2.000000000000000000e+04
7.500000000000000000e-01,1.899999999999999911e+00,2.851365088786487513e-03,-6.168418807681205762e-02,0.000000000000000000e+00,0.000000000000000000e+00,2.000000000000000000e+04
8.000000000000000444e-01,1.899999999999999911e+00,3.911677409434419217e-03,-6.361915590506948825e-02,0.000000000000000000e+00,0.000000000000000000e+00,2.000000000000000000e+04
8.499999999999999778e-01,1.899999999999999911e+00,5.029021147684666418e-03,-6.520586154356435016e-02,0.000000000000000000e+00,0.000000000000000000e+00,2.000000000000000000e+04
9.000000000000000222e-01,1.899999999999999911e+00,6.190348165718864877e-03,-6.643572164993279128e-02,0.000000000000000000e+00,0.000000000000000000e+00,2.000000000000000000e+04
9.499999999999999556e-01,1.899999999999999911e+00,7.381887623850673548e-03,-6.730222044841441265e-02,0.000000000000000000e+00,0.000000000000000000e+00,2.000000000000000000e+04
1.000000000000000000e+00,1.899999999999999911e+00,8.589279961722134232e-03,-6.780118787373870526e-02,0.000000000000000000e+00,0.000000000000000000e+00,2.000000000000000000e+04
0.000000000000000000e+00,1.949999999999999956e+00,0.000000000000000000e+00,0.000000000000000000e+00,1.000000000000000000e+00,0.000000000000000000e+00,2.000000000000000000e+04
5.000000000000000278e-02,1.949999999999999956e+00,-8.286907412805721721e-04,-5.720622515723182769e-03,0.000000000000000000e+00,0.000000000000000000e+00,2.000000000000000000e+04
1.000000000000000056e-01,1.949999999999999956e+00,-1.494716243797691120e-03,-1.130246989910661803e-02,0.000000000000000000e+00,0.000000000000000000e+00,2.000000000000000000e+04
1.499999999999999944e-01,1.949999999999999956e+00,-2.001116207052672149e-03,-1.673136067534932575e-02,0.000000000000000000e+00,0.000000000000000000e+00,2.000000000000000000e+04
2.000000000000000111e-01,1.949999999999999956e+00,-2.350956334756047501e-03,-2.199280291937790940e-02,0.000000000000000000e+00,0.000000000000000000e+00,2.000000000000000000e+04
2.500000000000000000e-01,1.949999999999999956e+00,-2.547450891224106815e-03,-2.707191331481836882e-02,0.000000000000000000e+00,0.000000000000000000e+00,2.000000000000000000e+04
2.999999999999999889e-01,1.949999999999999956e+00,-2.594091050730490747e-03,-3.195337956732791779e-02,0.000000000000000000e+00,0.000000000000000000e+00,2.000000000000000000e+04
3.499999999999999778e-01,1.949999999999999956e+00,-2.494775119098643131e-03,-3.662146562636339059e-02,0.000000000000000000e+00,0.000000000000000000e+00,2.000000000000000000e+04
4.000000000000000222e-01,1.949999999999999956e+00,-2.253936845962285686e-03,-4.106005872202550533e-02,0.000000000000000000e+00,0.000000000000000000e+00,2.000000000000000000e+04
4.500000000000000111e-01,1.949999999999999956e+00,-1.876668188771371320e-03,-4.525275679428312353e-02,0.000000000000000000e+00,0.000000000000000000e+00,2.000000000000000000e+04
5.000000000000000000e-01,1.949999999999999956e+00,-1.368833034368979306e-03,-4.918299448245729705e-02,0.000000000000000000e+00,0.000000000000000000e+00,2.000000000000000000e+04
5.500000000000000444e-01,1.949999999999999956e+00,-7.371685266185336793e-04,-5.283420545184158018e-02,0.000000000000000000e+00,0.000000000000000000e+00,2.000000000000000000e+04
5.999999999999999778e-01,1.949999999999999956e+00,1.062921586816799563e-05,-5.619001845549766172e-02,0.000000000000000000e+00,0.000000000000000000e+00,2.000000000000000000e+04
6.500000000000000222e-01,1.949999999999999956e+00,8.658380831738125231e-04,-5.923448415129298206e-02,0.000000000000000000e+00,0.000000000000000000e+00,2.000000000000000000e+04
6.999999999999999556e-01,1.949999999999999956e+00,1.818664637038892558e-03,-6.195232930142838268e-02,0.000000000000000000e+00,0.000000000000000000e+00,2.000000000000000000e+04
7.500000000000000000e-01,1.949999999999999956e+00,2.858223327017155990e-03,-6.432923455522839007e-02,0.000000000000000000e+00,0.000000000000000000e+00,2.000000000000000000e+04
8.000000000000000444e-01,1.949999999999999956e+00,3.972543028102490208e-03,-6.635213153566850430e-02,0.000000000000000000e+00,0.000000000000000000e+00,2.000000000000000000e+04
8.499999999999999778e-01,1.949999999999999956e+00,5.148603546953792881e-03,-6.800951439659937148e-02,0.000000000000000000e+00,0.000000000000000000e+00,2.000000000000000000e+04
9.000000000000000222e-01,1.949999999999999956e+00,6.372404585596363850e-03,-6.929176037466595883e-02,0.000000000000000000e+00,0.000000000000000000e+00,2.000000000000000000e+04
9.499999999999999556e-01,1.949999999999999956e+00,7.629069428858687753e-03,-7.019145311718119618e-02,0.000000000000000000e+00,0.000000000000000000e+00,2.000000000000000000e+04
1.000000000000000000e+00,1.949999999999999956e+00,8.902985302615511187e-03,-7.070370172322174018e-02,0.000000000000000000e+00,0.000000000000000000e+00,2.000000000000000000e+04
0.000000000000000000e+00,2.000000000000000000e+00,0.000000000000000000e+00,0.000000000000000000e+00,1.000000000000000000e+00,0.000000000000000000e+00,2.000000000000000000e+04
5.000000000000000278e-02,2.000000000000000000e+00,-8.767433461093655919e-04,-5.954150086569974347e-03,0.000000000000000000e+00,0.000000000000000000e+00,2.000000000000000000e+04
1.000000000000000056e-01,2.000000000000000000e+00,-1.584926912545526079e-03,-1.176439787648785040e-02,0.000000000000000000e+00,0.000000000000000000e+00,2.000000000000000000e+04
1.499999999999999944e-01,2.000000000000000000e+00,-2.127419715425815129e-03,-1.741664925819681742e-02,0.000000000000000000e+00,0.000000000000000000e+00,2.000000000000000000e+04
2.000000000000000111e-01,2.000000000000000000e+00,-2.507051378557187057e-03,-2.289634029371424850e-02,0.000000000000000000e+00,0.000000000000000000e+00,2.000000000000000000e+04
2.500000000000000000e-01,2.000000000000000000e+00,-2.726759208968638007e-03,-2.818834757509166081e-02,0.000000000000000000e+00,0.000000000000000000e+00,2.000000000000000000e+04
2.999999999999999889e-01,2.000000000000000000e+00,-2.789740872844378994e-03,-3.327694674656517249e-02,0.000000000000000000e+00,0.000000000000000000e+00,2.000000000000000000e+04
3.499999999999999778e-01,2.000000000000000000e+00,-2.699608474893555078e-03,-3.814581848629822886e-02,0.000000000000000000e+00,0.000000000000000000e+00,2.000000000000000000e+04
4.000000000000000222e-01,2.000000000000000000e+00,-2.460540006890406424e-03,-4.277810078934174420e-02,0.000000000000000000e+00,0.000000000000000000e+00,2.000000000000000000e+04
4.500000000000000111e-01,2.000000000000000000e+00,-2.077424298832830033e-03,-4.715648595770823709e-02,0.000000000000000000e+00,0.000000000000000000e+00,2.000000000000000000e+04
5.000000000000000000e-01,2.000000000000000000e+00,-1.555995774401331593e-03,-5.126336029161977087e-02,0.000000000000000000e+00,0.000000000000000000e+00,2.000000000000000000e+04
5.500000000000000444e-01,2.000000000000000000e+00,-9.029554725318685504e-04,-5.508098408947322000e-02,0.000000000000000000e+00,0.000000000000000000e+00,2.000000000000000000e+04
5.999999999999999778e-01,2.000000000000000000e+00,-1.260749391440218808e-04,-5.859170919683023143e-02,0.000000000000000000e+00,0.000000000000000000e+00,2.000000000000000000e+04
6.500000000000000222e-01,2.000000000000000000e+00,7.657202908123065350e-04,-6.177823098324364964e-02,0.000000000000000000e+00,0.000000000000000000e+00,2.000000000000000000e+04
6.999999999999999556e-01,2.000000000000000000e+00,1.762290815020154354e-03,-6.462387124997187593e-02,0.000000000000000000e+00,0.000000000000000000e+00,2.000000000000000000e+04
7.500000000000000000e-01,2.000000000000000000e+00,2.852250225960122759e-03,-6.711288815693731979e-02,0.000000000000000000e+00,0.000000000000000000e+00,2.000000000000000000e+04
8.000000000000000444e-01,2.000000000000000000e+00,4.022961812526501188e-03,-6.923080877649011311e-02,0.000000000000000000e+00,0.000000000000000000e+00,2.000000000000000000e+04
8.499999999999999778e-01,2.000000000000000000e+00,5.260568163956392054e-03,-7.096477930758787744e-02,0.000000000000000000e+00,0.000000000000000000e+00,2.000000000000000000e+04
9.000000000000000222e-01,2.000000000000000000e+00,6.550056677976139920e-03,-7.230392729282075770e-02,0.000000000000000000e+00,0.000000000000000000e+00,2.000000000000000000e+04
9.499999999999999556e-01,2.000000000000000000e+00,7.875363853769587821e-03,-7.323972935457502553e-02,0.000000000000000000e+00,0.000000000000000000e+00,2.000000000000000000e+04
1.000000000000000000e+00,2.000000000000000000e+00,9.219521025371974973e-03,-7.376637699788891889e-02,0.000000000000000000e+00,0.000000000000000000e+00,2.000000000000000000e+04
0.000000000000000000e+00,2.049999999999999822e+00,0.000000000000000000e+00,0.000000000000000000e+00,1.000000000000000000e+00,0.000000000000000000e+00,2.000000000000000000e+04
5.000000000000000278e-02,2.049999999999999822e+00,-9.269890374251446054e-04,-6.195757147714086276e-03,0.000000000000000000e+00,0.000000000000000000e+00,2.000000000000000000e+04
1.000000000000000056e-01,2.049999999999999822e+00,-1.679619263521678688e-03,-1.224269028068055570e-02,0.000000000000000000e+00,0.000000000000000000e+00,2.000000000000000000e+04
1.499999999999999944e-01,2.049999999999999822e+00,-2.260530733977918118e-03,-1.812689004802886181e-02,0.000000000000000000e+00,0.000000000000000000e+00,2.000000000000000000e+04
2.000000000000000111e-01,2.049999999999999822e+00,-2.672251654880459810e-03,-2.383378566123383474e-02,0.000000000000000000e+00,0.000000000000000000e+00,2.000000000000000000e+04
2.500000000000000000e-01,2.049999999999999822e+00,-2.917372572262837051e-03,-2.934804669672046520e-02,0.000000000000000000e+00,0.000000000000000000e+00,2.000000000000000000e+04
2.999999999999999889e-01,2.049999999999999822e+00,-2.998725838322935638e-03,-3.465353821211727275e-02,0.000000000000000000e+00,0.000000000000000000e+00,2.000000000000000000e+04
3.499999999999999778e-01,2.049999999999999822e+00,-2.919565879713534925e-03,-3.973332829130903077e-02,0.000000000000000000e+00,0.000000000000000000e+00,2.000000000000000000e+04
4.000000000000000222e-01,2.049999999999999822e+00,-2.683745981168325374e-03,-4.456974667058142409e-02,0.000000000000000000e+00,0.000000000000000000e+00,2.000000000000000000e+04
4.500000000000000111e-01,2.049999999999999822e+00,-2.295887496733473292e-03,-4.914449265303907216e-02,0.000000000000000000e+00,0.000000000000000000e+00,2.000000000000000000e+04
5.000000000000000000e-01,2.049999999999999822e+00,-1.761537601396416259e-03,-5.343879010641734706e-02,0.000000000000000000e+00,0.000000000000000000e+00,2.000000000000000000e+04
5.500000000000000444e-01,2.049999999999999822e+00,-1.087311882624354123e-03,-5.743358696578954731e-02,0.000000000000000000e+00,0.000000000000000000e+00,2.000000000000000000e+04
5.999999999999999778e-01,2.049999999999999822e+00,-2.810182274355429045e-04,-6.110979632158554387e-02,0.000000000000000000e+00,0.000000000000000000e+00,2.000000000000000000e+04
6.500000000000000222e-01,2.049999999999999822e+00,6.482414284485782949e-04,-6.444857584806636119e-02,0.000000000000000000e+00,0.000000000000000000e+00,2.000000000000000000e+04
6.999999999999999556e-01,2.049999999999999822e+00,1.689994866299421956e-03,-6.743164199207896115e-02,0.000000000000000000e+00,0.000000000000000000e+00,2.000000000000000000e+04
7.500000000000000000e-01,2.049999999999999822e+00,2.832352241064354462e-03,-7.004161496393991604e-02,0.000000000000000000e+00,0.000000000000000000e+00,2.000000000000000000e+04
8.000000000000000444e-01,2.049999999999999822e+00,4.061991051561225814e-03,-7.226239011501026099e-02,0.000000000000000000e+00,0.000000000000000000e+00,2.000000000000000000e+04
8.499999999999999778e-01,2.049999999999999822e+00,5.364176920301872917e-03,-7.407953071230170827e-02,0.000000000000000000e+00,0.000000000000000000e+00,2.000000000000000000e+04
9.000000000000000222e-01,2.049999999999999822e+00,6.722823747482063392e-03,-7.548067639409364316e-02,0.000000000000000000e+00,0.000000000000000000e+00,2.000000000000000000e+04
9.499999999999999556e-01,2.049999999999999822e+00,8.120596821846079796e-03,-7.645596068334889472e-02,0.000000000000000000e+00,0.000000000000000000e+00,2.000000000000000000e+04
1.000000000000000000e+00,2.049999999999999822e+00,9.539062382029145359e-03,-7.699842983022130161e-02,0.000000000000000000e+00,0.000000000000000000e+00,2.000000000000000000e+04
0.000000000000000000e+00,2.100000000000000089e+00,0.000000000000000000e+00,0.000000000000000000e+00,1.000000000000000000e+00,0.000000000000000000e+00,2.000000000000000000e+04
5.000000000000000278e-02,2.100000000000000089e+00,-9.794130064817326269e-04,-6.445235815060097219e-03,0.000000000000000000e+00,0.000000000000000000e+00,2.000000000000000000e+04
1.000000000000000056e-01,2.100000000000000089e+00,-1.778816255695273886e-03,-1.273702393640991498e-02,0.000000000000000000e+00,0.000000000000000000e+00,2.000000000000000000e+04
1.499999999999999944e-01,2.100000000000000089e+00,-2.400552254683034018e-03,-1.886174716354449901e-02,0.000000000000000000e+00,0.000000000000000000e+00,2.000000000000000000e+04
2.000000000000000111e-01,2.100000000000000089e+00,-2.846772119410269451e-03,-2.480489952813807672e-02,0.000000000000000000e+00,0.000000000000000000e+00,2.000000000000000000e+04
2.500000000000000000e-01,2.100000000000000089e+00,-3.119639642919161925e-03,-3.055097984522839316e-02,0.000000000000000000e+00,0.000000000000000000e+00,2.000000000000000000e+04
2.999999999999999889e-01,2.100000000000000089e+00,-3.221540162818726117e-03,-3.608344406432867357e-02,0.000000000000000000e+00,0.000000000000000000e+00,2.000000000000000000e+04
3.499999999999999778e-01,2.100000000000000089e+00,-3.155289468342994084e-03,-4.138471534145795466e-02,0.000000000000000000e+00,0.000000000000000000e+00,2.000000000000000000e+04
4.000000000000000222e-01,2.100000000000000089e+00,-2.924338204005237467e-03,-4.643625026604433770e-02,0.000000000000000000e+00,0.000000000000000000e+00,2.000000000000000000e+04
4.500000000000000111e-01,2.100000000000000089e+00,-2.532967467739302703e-03,-5.121865921391689780e-02,0.000000000000000000e+00,0.000000000000000000e+00,2.000000000000000000e+04
5.000000000000000000e-01,2.100000000000000089e+00,-1.986471548511504950e-03,-5.571187838524604974e-02,0.000000000000000000e+00,0.000000000000000000e+00,2.000000000000000000e+04
5.500000000000000444e-01,2.100000000000000089e+00,-1.291323976562989582e-03,-5.989539073467349539e-02,0.000000000000000000e+00,0.000000000000000000e+00,2.000000000000000000e+04
5.999999999999999778e-01,2.100000000000000089e+00,-4.553232419485575338e-04,-6.374849270384071176e-02,0.000000000000000000e+00,0.000000000000000000e+00,2.000000000000000000e+04
6.500000000000000222e-01,2.100000000000000089e+00,5.122853496819270965e-04,-6.725060340285221594e-02,0.000000000000000000e+00,0.000000000000000000e+00,2.000000000000000000e+04
6.999999999999999556e-01,2.100000000000000089e+00,1.600715187527157815e-03,-7.038161262318191891e-02,0.000000000000000000e+00,0.000000000000000000e+00,2.000000000000000000e+04
7.500000000000000000e-01,2.100000000000000089e+00,2.797574800116146669e-03,-7.312226375707675530e-02,0.000000000000000000e+00,0.000000000000000000e+00,2.000000000000000000e+04
8.000000000000000444e-01,2.100000000000000089e+00,4.088838951331439861e-03,-7.545456729845909094e-02,0.000000000000000000e+00,0.000000000000000000e+00,2.000000000000000000e+04
8.499999999999999778e-01,2.100000000000000089e+00,5.458858318918519657e-03,-7.736224005590396080e-02,0.000000000000000000e+00,0.000000000000000000e+00,2.000000000000000000e+04
9.000000000000000222e-01,2.100000000000000089e+00,6.890411925275833314e-03,-7.883116446894987417e-02,0.000000000000000000e+00,0.000000000000000000e+00,2.000000000000000000e+04
9.499999999999999556e-01,2.100000000000000089e+00,8.364806698483381181e-03,-7.984986144039106504e-02,0.000000000000000000e+00,0.000000000000000000e+00,2.000000000000000000e+04
1.000000000000000000e+00,2.100000000000000089e+00,9.862028645340742763e-03,-8.040996884690453095e-02,0.000000000000000000e+00,0.000000000000000000e+00,2.000000000000000000e+04
0.000000000000000000e+00,2.149999999999999911e+00,0.000000000000000000e+00,0.000000000000000000e+00,1.000000000000000000e+00,0.000000000000000000e+00,2.000000000000000000e+04
5.000000000000000278e-02,2.149999999999999911e+00,-1.033968764936581868e-03,-6.702294238787253992e-03,0.000000000000000000e+00,0.000000000000000000e+00,2.000000000000000000e+04
1.000000000000000056e-01,2.149999999999999911e+00,-1.882482882194536165e-03,-1.324692558162339322e-02,0.000000000000000000e+00,0.000000000000000000e+00,2.000000000000000000e+04
1.499999999999999944e-01,2.149999999999999911e+00,-2.547507402881921904e-03,-1.962068641354627191e-02,0.000000000000000000e+00,0.000000000000000000e+00,2.000000000000000000e+04
2.000000000000000111e-01,2.149999999999999911e+00,-3.030729452549245709e-03,-2.580921359228803211e-02,0.000000000000000000e+00,0.000000000000000000e+00,2.000000000000000000e+04
2.500000000000000000e-01,2.149999999999999911e+00,-3.333795117948058946e-03,-3.179687421851375151e-02,0.000000000000000000e+00,0.000000000000000000e+00,2.000000000000000000e+04
2.999999999999999889e-01,2.149999999999999911e+00,-3.458550480736289658e-03,-3.756671604261840880e-02,0.000000000000000000e+00,0.000000000000000000e+00,2.000000000000000000e+04
3.499999999999999778e-01,2.149999999999999911e+00,-3.407281732978476377e-03,-4.310048122155761552e-02,0.000000000000000000e+00,0.000000000000000000e+00,2.000000000000000000e+04
4.000000000000000222e-01,2.149999999999999911e+00,-3.182949562679301611e-03,-4.837868160301536657e-02,0.000000000000000000e+00,0.000000000000000000e+00,2.000000000000000000e+04
4.500000000000000111e-01,2.149999999999999911e+00,-2.789413297354316652e-03,-5.338073321830314605e-02,0.000000000000000000e+00,0.000000000000000000e+00,2.000000000000000000e+04
5.000000000000000000e-01,2.149999999999999911e+00,-2.231640609368692671e-03,-5.808514724962326320e-02,0.000000000000000000e+00,0.000000000000000000e+00,2.000000000000000000e+04
5.500000000000000444e-01,2.149999999999999911e+00,-1.515898879296413574e-03,-6.246977441772420814e-02,0.000000000000000000e+00,0.000000000000000000e+00,2.000000000000000000e+04
5.999999999999999778e-01,2.149999999999999911e+00,-6.499245423996832935e-04,-6.651209950526493220e-02,0.000000000000000000e+00,0.000000000000000000e+00,2.000000000000000000e+04
6.500000000000000222e-01,2.149999999999999911e+00,3.569331273539558648e-04,-7.018958256179970434e-02,0.000000000000000000e+00,0.000000000000000000e+00,2.000000000000000000e+04
6.999999999999999556e-01,2.149999999999999911e+00,1.493597338160039404e-03,-7.348004318415099489e-02,0.000000000000000000e+00,0.000000000000000000e+00,2.000000000000000000e+04
7.500000000000000000e-01,2.149999999999999911e+00,2.747181885231794567e-03,-7.636208407453541624e-02,0.000000000000000000e+00,0.000000000000000000e+00,2.000000000000000000e+04
8.000000000000000444e-01,2.149999999999999911e+00,4.102945992714095158e-03,-7.881554978288864144e-02,0.000000000000000000e+00,0.000000000000000000e+00,2.000000000000000000e+04
8.499999999999999778e-01,2.149999999999999911e+00,5.544290235178905325e-03,-8.082201606915258296e-02,0.000000000000000000e+00,0.000000000000000000e+00,2.000000000000000000e+04
9.000000000000000222e-01,2.149999999999999911e+00,7.052798342180451388e-03,-8.236530460471669368e-02,0.000000000000000000e+00,0.000000000000000000e+00,2.000000000000000000e+04
9.499999999999999556e-01,2.149999999999999911e+00,8.608330153476893495e-03,-8.343201670337323239e-02,0.000000000000000000e+00,0.000000000000000000e+00,2.000000000000000000e+04
1.000000000000000000e+00,2.149999999999999911e+00,1.018917136618050640e-02,-8.401207837660525091e-02,0.000000000000000000e+00,0.000000000000000000e+00,2.000000000000000000e+04
0.000000000000000000e+00,2.200000000000000178e+00,0.000000000000000000e+00,0.000000000000000000e+00,1.000000000000000000e+00,0.000000000000000000e+00,2.000000000000000000e+04
5.000000000000000278e-02,2.200000000000000178e+00,-1.090570815059038615e-03,-6.966548344073527840e-03,0.000000000000000000e+00,0.000000000000000000e+00,2.000000000000000000e+04
1.000000000000000056e-01,2.200000000000000178e+00,-1.990511582257506462e-03,-1.377175724334857819e-02,0.000000000000000000e+00,0.000000000000000000e+00,2.000000000000000000e+04
1.499999999999999944e-01,2.200000000000000178e+00,-2.701317597398324773e-03,-2.040295606533176417e-02,0.000000000000000000e+00,0.000000000000000000e+00,2.000000000000000000e+04
2.000000000000000111e-01,2.200000000000000178e+00,-3.224112922916454529e-03,-2.684600852108739999e-02,0.000000000000000000e+00,0.000000000000000000e+00,2.000000000000000000e+04
2.500000000000000000e-01,2.200000000000000178e+00,-3.559923224369635278e-03,-3.308519129933418929e-02,0.000000000000000000e+00,0.000000000000000000e+00,2.000000000000000000e+04
2.999999999999999889e-01,2.200000000000000178e+00,-3.709951905866668530e-03,-3.910314355649890244e-02,0.000000000000000000e+00,0.000000000000000000e+00,2.000000000000000000e+04
3.499999999999999778e-01,2.200000000000000178e+00,-3.675854131698483816e-03,-4.488088575419239834e-02,0.000000000000000000e+00,0.000000000000000000e+00,2.000000000000000000e+04
4.000000000000000222e-01,2.200000000000000178e+00,-3.460003625568373702e-03,-5.039790570968843975e-02,0.000000000000000000e+00,0.000000000000000000e+00,2.000000000000000000e+04
4.500000000000000111e-01,2.200000000000000178e+00,-3.065747523975250518e-03,-5.563230917080512483e-02,0.000000000000000000e+00,0.000000000000000000e+00,2.000000000000000000e+04
5.000000000000000000e-01,2.200000000000000178e+00,-2.497644977498961801e-03,-6.056103180055507490e-02,0.000000000000000000e+00,0.000000000000000000e+00,2.000000000000000000e+04
5.500000000000000444e-01,2.200000000000000178e+00,-1.761685584407185218e-03,-6.516010918068922131e-02,0.000000000000000000e+00,0.000000000000000000e+00,2.000000000000000000e+04
5.999999999999999778e-01,2.200000000000000178e+00,-8.654840463224750674e-04,-6.940500130676306723e-02,0.000000000000000000e+00,0.000000000000000000e+00,2.000000000000000000e+04
6.500000000000000222e-01,2.200000000000000178e+00,1.815523965509428794e-04,-7.327096801414638427e-02,0.000000000000000000e+00,0.000000000000000000e+00,2.000000000000000000e+04
6.999999999999999556e-01,2.200000000000000178e+00,1.368087203404628463e-03,-7.673349178714118646e-02,0.000000000000000000e+00,0.000000000000000000e+00,2.000000000000000000e+04
7.500000000000000000e-01,2.200000000000000178e+00,2.680752109600887615e-03,-7.976874438873728101e-02,0.000000000000000000e+00,0.000000000000000000e+00,2.000000000000000000e+04
8.000000000000000444e-01,2.200000000000000178e+00,4.104083127856364942e-03,-8.235409362115325704e-02,0.000000000000000000e+00,0.000000000000000000e+00,2.000000000000000000e+04
8.499999999999999778e-01,2.200000000000000178e+00,5.620499667120648808e-03,-8.446864619340503644e-02,0.000000000000000000e+00,0.000000000000000000e+00,2.000000000000000000e+04
9.000000000000000222e-01,2.200000000000000178e+00,7.210332209495200553e-03,-8.609382203339803474e-02,0.000000000000000000e+00,0.000000000000000000e+00,2.000000000000000000e+04
9.499999999999999556e-01,2.200000000000000178e+00,8.851904790781971871e-03,-8.721395434189022078e-02,0.000000000000000000e+00,0.000000000000000000e+00,2.000000000000000000e+04
1.000000000000000000e+00,2.200000000000000178e+00,1.052167927655440864e-02,-8.781690815769625791e-02,0.000000000000000000e+00,0.000000000000000000e+00,2.000000000000000000e+04
0.000000000000000000e+00,2.250000000000000000e+00,0.000000000000000000e+00,0.000000000000000000e+00,1.000000000000000000e+00,0.000000000000000000e+00,2.000000000000000000e+04
5.000000000000000278e-02,2.250000000000000000e+00,-1.149086440730151927e-03,-7.237513481767092471e-03,0.000000000000000000e+00,0.000000000000000000e+00,2.000000000000000000e+04
1.000000000000000056e-01,2.250000000000000000e+00,-2.102705822904506975e-03,-1.431070154932653771e-02,0.000000000000000000e+00,0.000000000000000000e+00,2.000000000000000000e+04
1.499999999999999944e-01,2.250000000000000000e+00,-2.861777846030514119e-03,-2.120756768816500076e-02,0.000000000000000000e+00,0.000000000000000000e+00,2.000000000000000000e+04
2.000000000000000111e-01,2.250000000000000000e+00,-3.426751251143615468e-03,-2.791429204151121835e-02,0.000000000000000000e+00,0.000000000000000000e+00,2.000000000000000000e+04
2.500000000000000000e-01,2.250000000000000000e+00,-3.797915962204607022e-03,-3.441510372383801281e-02,0.000000000000000000e+00,0.000000000000000000e+00,2.000000000000000000e+04
2.999999999999999889e-01,2.250000000000000000e+00,-3.975717462199374400e-03,-4.069223065972815689e-02,0.000000000000000000e+00,0.000000000000000000e+00,2.000000000000000000e+04
3.499999999999999778e-01,2.250000000000000000e+00,-3.961067566722886041e-03,-4.672592519526233557e-02,0.000000000000000000e+00,0.000000000000000000e+00,2.000000000000000000e+04
4.000000000000000222e-01,2.250000000000000000e+00,-3.755646137142650606e-03,-5.249456295245400611e-02,0.000000000000000000e+00,0.000000000000000000e+00,2.000000000000000000e+04
4.500000000000000111e-01,2.250000000000000000e+00,-3.362188785824932365e-03,-5.797481174788066127e-02,0.000000000000000000e+00,0.000000000000000000e+00,2.000000000000000000e+04
5.000000000000000000e-01,2.250000000000000000e+00,-2.784756191904152502e-03,-6.314186694929159460e-02,0.000000000000000000e+00,0.000000000000000000e+00,2.000000000000000000e+04
5.500000000000000444e-01,2.250000000000000000e+00,-2.028981183142613068e-03,-6.796974942449937607e-02,0.000000000000000000e+00,0.000000000000000000e+00,2.000000000000000000e+04
5.999999999999999778e-01,2.250000000000000000e+00,-1.102290164959296350e-03,-7.243166222962052481e-02,0.000000000000000000e+00,0.000000000000000000e+00,2.000000000000000000e+04
6.500000000000000222e-01,2.250000000000000000e+00,-1.409571842003300707e-05,-7.650040234010790918e-02,0.000000000000000000e+00,0.000000000000000000e+00,2.000000000000000000e+04
6.999999999999999556e-01,2.250000000000000000e+00,1.224042813924832752e-03,-8.014882397406461467e-02,0.000000000000000000e+00,0.000000000000000000e+00,2.000000000000000000e+04
7.500000000000000000e-01,2.250000000000000000e+00,2.598294221967355211e-03,-8.335035029939691364e-02,0.000000000000000000e+00,0.000000000000000000e+00,2.000000000000000000e+04
8.000000000000000444e-01,2.250000000000000000e+00,4.092469855836182793e-03,-8.607953044476504556e-02,0.000000000000000000e+00,0.000000000000000000e+00,2.000000000000000000e+04
8.499999999999999778e-01,2.250000000000000000e+00,5.687982515168012697e-03,-8.831263862604878112e-02,0.000000000000000000e+00,0.000000000000000000e+00,2.000000000000000000e+04
9.000000000000000222e-01,2.250000000000000000e+00,7.363855838431833389e-03,-9.002831172164724172e-02,0.000000000000000000e+00,0.000000000000000000e+00,2.000000000000000000e+04
9.499999999999999556e-01,2.250000000000000000e+00,9.096791485934898128e-03,-9.120822064396222340e-02,0.000000000000000000e+00,0.000000000000000000e+00,2.000000000000000000e+04
1.000000000000000000e+00,2.250000000000000000e+00,1.086130266552206604e-02,-9.183776922877080751e-02,0.000000000000000000e+00,0.000000000000000000e+00,2.000000000000000000e+04
0.000000000000000000e+00,2.299999999999999822e+00,0.000000000000000000e+00,0.000000000000000000e+00,1.000000000000000000e+00,0.000000000000000000e+00,2.000000000000000000e+04
5.000000000000000278e-02,2.299999999999999822e+00,-1.209326576884556768e-03,-7.514596083758564443e-03,0.000000000000000000e+00,0.000000000000000000e+00,2.000000000000000000e+04
1.000000000000000056e-01,2.299999999999999822e+00,-2.218761764719761557e-03,-1.486274716919404326e-02,0.000000000000000000e+00,0.000000000000000000e+00,2.000000000000000000e+04
1.499999999999999944e-01,2.299999999999999822e+00,-3.028529036955964621e-03,-2.203327738414887979e-02,0.000000000000000000e+00,0.000000000000000000e+00,2.000000000000000000e+04
2.000000000000000111e-01,2.299999999999999822e+00,-3.638275257655819266e-03,-2.901277779724134587e-02,0.000000000000000000e+00,0.000000000000000000e+00,2.000000000000000000e+04
2.500000000000000000e-01,2.299999999999999822e+00,-4.047425767079709975e-03,-3.578547338269542910e-02,0.000000000000000000e+00,0.000000000000000000e+00,2.000000000000000000e+04
2.999999999999999889e-01,2.299999999999999822e+00,-4.255540398425994818e-03,-4.233317475185888884e-02,0.000000000000000000e+00,0.000000000000000000e+00,2.000000000000000000e+04
3.499999999999999778e-01,2.299999999999999822e+00,-4.262664035812451305e-03,-4.863531261207201806e-02,0.000000000000000000e+00,0.000000000000000000e+00,2.000000000000000000e+04
4.000000000000000222e-01,2.299999999999999822e+00,-4.069665818143354367e-03,-5.466905189966140416e-02,0.000000000000000000e+00,0.000000000000000000e+00,2.000000000000000000e+04
4.500000000000000111e-01,2.299999999999999822e+00,-3.678561787250626564e-03,-6.040948173871628357e-02,0.000000000000000000e+00,0.000000000000000000e+00,2.000000000000000000e+04
5.000000000000000000e-01,2.299999999999999822e+00,-3.092816559738817330e-03,-6.582987689344503568e-02,0.000000000000000000e+00,0.000000000000000000e+00,2.000000000000000000e+04
5.500000000000000444e-01,2.299999999999999822e+00,-2.317620352217055705e-03,-7.090202623580238450e-02,0.000000000000000000e+00,0.000000000000000000e+00,2.000000000000000000e+04
5.999999999999999778e-01,2.299999999999999822e+00,-1.360138296792780775e-03,-7.559662391595971254e-02,0.000000000000000000e+00,0.000000000000000000e+00,2.000000000000000000e+04
6.500000000000000222e-01,2.299999999999999822e+00,-2.297293483103349698e-04,-7.988371933623911181e-02,0.000000000000000000e+00,0.000000000000000000e+00,2.000000000000000000e+04
6.999999999999999556e-01,2.299999999999999822e+00,1.061867875619132732e-03,-8.373322259541197965e-02,0.000000000000000000e+00,0.000000000000000000e+00,2.000000000000000000e+04
7.500000000000000000e-01,2.299999999999999822e+00,2.500385327658180470e-03,-8.711546267267512855e-02,0.000000000000000000e+00,0.000000000000000000e+00,2.000000000000000000e+04
8.000000000000000444e-01,2.299999999999999822e+00,4.068915611041497987e-03,-9.000179612128018924e-02,0.000000000000000000e+00,0.000000000000000000e+00,2.000000000000000000e+04
8.499999999999999778e-01,2.299999999999999822e+00,5.747846871621805145e-03,-9.236526428268859723e-02,0.000000000000000000e+00,0.000000000000000000e+00,2.000000000000000000e+04
9.000000000000000222e-01,2.299999999999999822e+00,7.514849033458687738e-03,-9.418129683498985272e-02,0.000000000000000000e+00,0.000000000000000000e+00,2.000000000000000000e+04
9.499999999999999556e-01,2.299999999999999822e+00,9.344919751707326736e-03,-9.542845866244141495e-02,0.000000000000000000e+00,0.000000000000000000e+00,2.000000000000000000e+04
1.000000000000000000e+00,2.299999999999999822e+00,1.121050040101317924e-02,-9.608923537975827545e-02,0.000000000000000000e+00,0.000000000000000000e+00,2.000000000000000000e+04
0.000000000000000000e+00,2.350000000000000089e+00,0.000000000000000000e+00,0.000000000000000000e+00,1.000000000000000000e+00,0.000000000000000000e+00,2.000000000000000000e+04
5.000000000000000278e-02,2.350000000000000089e+00,-1.271035729020906580e-03,-7.797085405715047102e-03,0.000000000000000000e+00,0.000000000000000000e+00,2.000000000000000000e+04
1.000000000000000056e-01,2.350000000000000089e+00,-2.338247963458152130e-03,-1.542667456571168196e-02,0.000000000000000000e+00,0.000000000000000000e+00,2.000000000000000000e+04
1.499999999999999944e-01,2.350000000000000089e+00,-3.201027151797653392e-03,-2.287856772092918684e-02,0.000000000000000000e+00,0.000000000000000000e+00,2.000000000000000000e+04
2.000000000000000111e-01,2.350000000000000089e+00,-3.858076170647255655e-03,-3.013986546307406006e-02,0.000000000000000000e+00,0.000000000000000000e+00,2.000000000000000000e+04
2.500000000000000000e-01,2.350000000000000089e+00,-4.307812378307820239e-03,-3.719483145517122474e-02,0.000000000000000000e+00,0.000000000000000000e+00,2.000000000000000000e+04
2.999999999999999889e-01,2.350000000000000089e+00,-4.548769026192379245e-03,-4.402484793474228247e-02,0.000000000000000000e+00,0.000000000000000000e+00,2.000000000000000000e+04
3.499999999999999778e-01,2.350000000000000089e+00,-4.579988885280197354e-03,-5.060846159153780527e-02,0.000000000000000000e+00,0.000000000000000000e+00,2.000000000000000000e+04
4.000000000000000222e-01,2.350000000000000089e+00,-4.401403617410134216e-03,-5.692151604430126244e-02,0.000000000000000000e+00,0.000000000000000000e+00,2.000000000000000000e+04
4.500000000000000111e-01,2.350000000000000089e+00,-4.014193380623224013e-03,-6.293736613537170843e-02,0.000000000000000000e+00,0.000000000000000000e+00,2.000000000000000000e+04
5.000000000000000000e-01,2.350000000000000089e+00,-3.421122243851998888e-03,-6.862716872344812313e-02,0.000000000000000000e+00,0.000000000000000000e+00,2.000000000000000000e+04
5.500000000000000444e-01,2.350000000000000089e+00,-2.626846039439540998e-03,-7.396024460349269469e-02,0.000000000000000000e+00,0.000000000000000000e+00,2.000000000000000000e+04
5.999999999999999778e-01,2.350000000000000089e+00,-1.638190154651250879e-03,-7.890450657610902085e-02,0.000000000000000000e+00,0.000000000000000000e+00,2.000000000000000000e+04
6.500000000000000222e-01,2.350000000000000089e+00,-4.643953246438246147e-04,-8.342694944109516064e-02,0.000000000000000000e+00,0.000000000000000000e+00,2.000000000000000000e+04
6.999999999999999556e-01,2.350000000000000089e+00,8.826703728866046273e-04,-8.749419868457312954e-02,0.000000000000000000e+00,0.000000000000000000e+00,2.000000000000000000e+04
7.500000000000000000e-01,2.350000000000000089e+00,2.388335497691615461e-03,-9.107311572378549991e-02,0.000000000000000000e+00,0.000000000000000000e+00,2.000000000000000000e+04
8.000000000000000444e-01,2.350000000000000089e+00,4.034988332081932035e-03,-9.413145859969777873e-02,0.000000000000000000e+00,0.000000000000000000e+00,2.000000000000000000e+04
8.499999999999999778e-01,2.350000000000000089e+00,5.801983758717065877e-03,-9.663859776668896895e-02,0.000000000000000000e+00,0.000000000000000000e+00,2.000000000000000000e+04
9.000000000000000222e-01,2.350000000000000089e+00,7.665600748629220959e-03,-9.856628688689714202e-02,0.000000000000000000e+00,0.000000000000000000e+00,2.000000000000000000e+04
9.499999999999999556e-01,2.350000000000000089e+00,9.599059876406095329e-03,-9.988948803171372737e-02,0.000000000000000000e+00,0.000000000000000000e+00,2.000000000000000000e+04
1.000000000000000000e+00,2.350000000000000089e+00,1.157261314907916637e-02,-1.005872491379952716e-01,0.000000000000000000e+00,0.000000000000000000e+00,2.000000000000000000e+04
0.000000000000000000e+00,2.399999999999999911e+00,0.000000000000000000e+00,0.000000000000000000e+00,1.000000000000000000e+00,0.000000000000000000e+00,2.000000000000000000e+04
5.000000000000000278e-02,2.399999999999999911e+00,-1.333880930294264111e-03,-8.084145407885630699e-03,0.000000000000000000e+00,0.000000000000000000e+00,2.000000000000000000e+04
1.000000000000000056e-01,2.399999999999999911e+00,-2.460583104570409317e-03,-1.600104219145043194e-02,0.000000000000000000e+00,0.000000000000000000e+00,2.000000000000000000e+04
1.499999999999999944e-01,2.399999999999999911e+00,-3.378509408312038720e-03,-2.374163064728136013e-02,0.000000000000000000e+00,0.000000000000000000e+00,2.000000000000000000e+04
2.000000000000000111e-01,2.399999999999999911e+00,-4.085259590715176366e-03,-3.129362261039713572e-02,0.000000000000000000e+00,0.000000000000000000e+00,2.000000000000000000e+04
2.500000000000000000e-01,2.399999999999999911e+00,-4.578083852091097486e-03,-3.864136113910999343e-02,0.000000000000000000e+00,0.000000000000000000e+00,2.000000000000000000e+04
2.999999999999999889e-01,2.399999999999999911e+00,-4.854333899663522238e-03,-4.576578208936665781e-02,0.000000000000000000e+00,0.000000000000000000e+00,2.000000000000000000e+04
3.499999999999999778e-01,2.399999999999999911e+00,-4.911903279558775884e-03,-5.264447464782163327e-02,0.000000000000000000e+00,0.000000000000000000e+00,2.000000000000000000e+04
4.000000000000000222e-01,2.399999999999999911e+00,-4.749649738122501373e-03,-5.925183602363612995e-02,0.000000000000000000e+00,0.000000000000000000e+00,2.000000000000000000e+04
4.500000000000000111e-01,2.399999999999999911e+00,-4.367793703744965970e-03,-6.555931420534323595e-02,0.000000000000000000e+00,0.000000000000000000e+00,2.000000000000000000e+04
5.000000000000000000e-01,2.399999999999999911e+00,-3.768288489977893174e-03,-7.153573207756085128e-02,0.000000000000000000e+00,0.000000000000000000e+00,2.000000000000000000e+04
5.500000000000000444e-01,2.399999999999999911e+00,-2.955159293743362271e-03,-7.714768626404314156e-02,0.000000000000000000e+00,0.000000000000000000e+00,2.000000000000000000e+04
5.999999999999999778e-01,2.399999999999999911e+00,-1.934809311779895095e-03,-8.236001475035953368e-02,0.000000000000000000e+00,0.000000000000000000e+00,2.000000000000000000e+04
6.500000000000000222e-01,2.399999999999999911e+00,-7.162921577573865732e-04,-8.713632853008415613e-02,0.000000000000000000e+00,0.000000000000000000e+00,2.000000000000000000e+04
6.999999999999999556e-01,2.399999999999999911e+00,6.884499166136801886e-04,-9.143960407249573930e-02,0.000000000000000000e+00,0.000000000000000000e+00,2.000000000000000000e+04
7.500000000000000000e-01,2.399999999999999911e+00,2.264382840937471247e-03,-9.523283516093952739e-02,0.000000000000000000e+00,0.000000000000000000e+00,2.000000000000000000e+04
8.000000000000000444e-01,2.399999999999999911e+00,3.993214552844215857e-03,-9.847974440031144472e-02,0.000000000000000000e+00,0.000000000000000000e+00,2.000000000000000000e+04
8.499999999999999778e-01,2.399999999999999911e+00,5.853269763484537230e-03,-1.011455561980584145e-01,0.000000000000000000e+00,0.000000000000000000e+00,2.000000000000000000e+04
9.000000000000000222e-01,2.399999999999999911e+00,7.819412402548714391e-03,-1.031978339839972197e-01,0.000000000000000000e+00,0.000000000000000000e+00,2.000000000000000000e+04
9.499999999999999556e-01,2.399999999999999911e+00,9.863026048476924296e-03,-1.046073844979273498e-01,0.000000000000000000e+00,0.000000000000000000e+00,2.000000000000000000e+04
1.000000000000000000e+00,2.399999999999999911e+00,1.195206675222934382e-02,-1.053492307304508407e-01,0.000000000000000000e+00,0.000000000000000000e+00,2.000000000000000000e+04
0.000000000000000000e+00,2.450000000000000178e+00,0.000000000000000000e+00,0.000000000000000000e+00,1.000000000000000000e+00,0.000000000000000000e+00,2.000000000000000000e+04
5.000000000000000278e-02,2.450000000000000178e+00,-1.397439739335346086e-03,-8.374806765082164553e-03,0.000000000000000000e+00,0.000000000000000000e+00,2.000000000000000000e+04
1.000000000000000056e-01,2.450000000000000178e+00,-2.585011817722144244e-03,-1.658417317711293262e-02,0.000000000000000000e+00,0.000000000000000000e+00,2.000000000000000000e+04
1.499999999999999944e-01,2.450000000000000178e+00,-3.559957436025488163e-03,-2.462035158924076247e-02,0.000000000000000000e+00,0.000000000000000000e+00,2.000000000000000000e+04
2.000000000000000111e-01,2.450000000000000178e+00,-4.318595253498321886e-03,-3.247176877453164523e-02,0.000000000000000000e+00,0.000000000000000000e+00,2.000000000000000000e+04
2.500000000000000000e-01,2.450000000000000178e+00,-4.856831851770986030e-03,-4.012288386697764053e-02,0.000000000000000000e+00,0.000000000000000000e+00,2.000000000000000000e+04
2.999999999999999889e-01,2.450000000000000178e+00,-5.170667385392214987e-03,-4.755415885855111130e-02,0.000000000000000000e+00,0.000000000000000000e+00,2.000000000000000000e+04
3.499999999999999778e-01,2.450000000000000178e+00,-5.256686758272909737e-03,-5.474213792601050066e-02,0.000000000000000000e+00,0.000000000000000000e+00,2.000000000000000000e+04
4.000000000000000222e-01,2.450000000000000178e+00,-5.112528020807603768e-03,-6.165962931234540700e-02,0.000000000000000000e+00,0.000000000000000000e+00,2.000000000000000000e+04
4.500000000000000111e-01,2.450000000000000178e+00,-4.737321549033931233e-03,-6.827598182165883767e-02,0.000000000000000000e+00,0.000000000000000000e+00,2.000000000000000000e+04
5.000000000000000000e-01,2.450000000000000178e+00,-4.132095650685885073e-03,-7.455744728779670205e-02,0.000000000000000000e+00,0.000000000000000000e+00,2.000000000000000000e+04
5.500000000000000444e-01,2.450000000000000178e+00,-3.300146282891127953e-03,-8.046762060938102146e-02,0.000000000000000000e+00,0.000000000000000000e+00,2.000000000000000000e+04
5.999999999999999778e-01,2.450000000000000178e+00,-2.247370335477868412e-03,-8.596795000142561094e-02,0.000000000000000000e+00,0.000000000000000000e+00,2.000000000000000000e+04
6.500000000000000222e-01,2.450000000000000178e+00,-9.825632288205262115e-04,-9.101831185596004348e-02,0.000000000000000000e+00,0.000000000000000000e+00,2.000000000000000000e+04
6.999999999999999556e-01,2.450000000000000178e+00,4.823177949680663751e-04,-9.557764687024941641e-02,0.000000000000000000e+00,0.000000000000000000e+00,2.000000000000000000e+04
7.500000000000000000e-01,2.450000000000000178e+00,2.131923526803679650e-03,-9.960465670732913945e-02,0.000000000000000000e+00,0.000000000000000000e+00,2.000000000000000000e+04
8.000000000000000444e-01,2.450000000000000178e+00,3.947315865793536542e-03,-1.030585631767981930e-01,0.000000000000000000e+00,0.000000000000000000e+00,2.000000000000000000e+04
8.499999999999999778e-01,2.450000000000000178e+00,5.905806578061875700e-03,-1.058999344812891208e-01,0.000000000000000000e+00,0.000000000000000000e+00,2.000000000000000000e+04
9.000000000000000222e-01,2.450000000000000178e+00,7.980837808885643536e-03,-1.080915850839068854e-01,0.000000000000000000e+00,0.000000000000000000e+00,2.000000000000000000e+04
9.499999999999999556e-01,2.450000000000000178e+00,1.014191519592165872e-02,-1.095995567532596360e-01,0.000000000000000000e+00,0.000000000000000000e+00,2.000000000000000000e+04
1.000000000000000000e+00,2.450000000000000178e+00,1.235461016592949608e-02,-1.103941877588764803e-01,0.000000000000000000e+00,0.000000000000000000e+00,2.000000000000000000e+04
0.000000000000000000e+00,2.500000000000000000e+00,0.000000000000000000e+00,0.000000000000000000e+00,1.000000000000000000e+00,0.000000000000000000e+00,2.000000000000000000e+04
5.000000000000000278e-02,2.500000000000000000e+00,-1.461187293321278150e-03,-8.667958900646841741e-03,0.000000000000000000e+00,0.000000000000000000e+00,2.000000000000000000e+04
1.000000000000000056e-01,2.500000000000000000e+00,-2.710578665677282773e-03,-1.717414241018113200e-02,0.000000000000000000e+00,0.000000000000000000e+00,2.000000000000000000e+04
1.499999999999999944e-01,2.500000000000000000e+00,-3.744057687056348300e-03,-2.551229477423393177e-02,0.000000000000000000e+00,0.000000000000000000e+00,2.000000000000000000e+04
2.000000000000000111e-01,2.500000000000000000e+00,-4.556462890942494966e-03,-3.367166206689941460e-02,0.000000000000000000e+00,0.000000000000000000e+00,2.000000000000000000e+04
2.500000000000000000e-01,2.500000000000000000e+00,-5.142161569368240183e-03,-4.163684977120196001e-02,0.000000000000000000e+00,0.000000000000000000e+00,2.000000000000000000e+04
2.999999999999999889e-01,2.500000000000000000e+00,-5.495615952992026140e-03,-4.938780580573241819e-02,0.000000000000000000e+00,0.000000000000000000e+00,2.000000000000000000e+04
3.499999999999999778e-01,2.500000000000000000e+00,-5.611930080724046588e-03,-5.689992401645161541e-02,0.000000000000000000e+00,0.000000000000000000e+00,2.000000000000000000e+04
4.000000000000000222e-01,2.500000000000000000e+00,-5.487367620866720822e-03,-6.414425972776130469e-02,0.000000000000000000e+00,0.000000000000000000e+00,2.000000000000000000e+04
4.500000000000000111e-01,2.500000000000000000e+00,-5.119833491960742826e-03,-7.108784682871856220e-02,0.000000000000000000e+00,0.000000000000000000e+00,2.000000000000000000e+04
5.000000000000000000e-01,2.500000000000000000e+00,-4.509314971465911565e-03,-7.769410508354807066e-02,0.000000000000000000e+00,0.000000000000000000e+00,2.000000000000000000e+04
5.500000000000000444e-01,2.500000000000000000e+00,-3.658280764451565716e-03,-8.392332679760537706e-02,0.000000000000000000e+00,0.000000000000000000e+00,2.000000000000000000e+04
5.999999999999999778e-01,2.500000000000000000e+00,-2.572038972148115929e-03,-8.973323348354958484e-02,0.000000000000000000e+00,0.000000000000000000e+00,2.000000000000000000e+04
6.500000000000000222e-01,2.500000000000000000e+00,-1.259056813986572307e-03,-9.507959558786148457e-02,0.000000000000000000e+00,0.000000000000000000e+00,2.000000000000000000e+04
6.999999999999999556e-01,2.500000000000000000e+00,2.687539218426807422e-04,-9.991691148402626066e-02,0.000000000000000000e+00,0.000000000000000000e+00,2.000000000000000000e+04
7.500000000000000000e-01,2.500000000000000000e+00,1.995781647357976109e-03,-1.041991456305760427e-01,0.000000000000000000e+00,0.000000000000000000e+00,2.000000000000000000e+04
8.000000000000000444e-01,2.500000000000000000e+00,3.902487139948261803e-03,-1.078805297991916462e-01,0.000000000000000000e+00,0.000000000000000000e+00,2.000000000000000000e+04
8.499999999999999778e-01,2.500000000000000000e+00,5.965203061689707681e-03,-1.109164352877294729e-01,0.000000000000000000e+00,0.000000000000000000e+00,2.000000000000000000e+04
9.000000000000000222e-01,2.500000000000000000e+00,8.155965294374244862e-03,-1.132643275707989616e-01,0.000000000000000000e+00,0.000000000000000000e+00,2.000000000000000000e+04
9.499999999999999556e-01,2.500000000000000000e+00,1.044238682658950833e-02,-1.148848173241883153e-01,0.000000000000000000e+00,0.000000000000000000e+00,2.000000000000000000e+04
1.000000000000000000e+00,2.500000000000000000e+00,1.278759280817086744e-02,-1.157428223932822076e-01,0.000000000000000000e+00,0.000000000000000000e+00,2.000000000000000000e+04
0.000000000000000000e+00,2.549999999999999822e+00,0.000000000000000000e+00,0.000000000000000000e+00,1.000000000000000000e+00,0.000000000000000000e+00,2.000000000000000000e+04
5.000000000000000278e-02,2.549999999999999822e+00,-1.524482431217593931e-03,-8.962341796650397097e-03,0.000000000000000000e+00,0.000000000000000000e+00,2.000000000000000000e+04
1.000000000000000056e-01,2.549999999999999822e+00,-2.836100433248838100e-03,-1.776876368219446750e-02,0.000000000000000000e+00,0.000000000000000000e+00,2.000000000000000000e+04
1.499999999999999944e-01,2.549999999999999822e+00,-3.929159367997496835e-03,-2.641468959578604017e-02,0.000000000000000000e+00,0.000000000000000000e+00,2.000000000000000000e+04
2.000000000000000111e-01,2.549999999999999822e+00,-4.796794643552724190e-03,-3.489028848157849083e-02,0.000000000000000000e+00,0.000000000000000000e+00,2.000000000000000000e+04
2.500000000000000000e-01,2.549999999999999822e+00,-5.431616863783843285e-03,-4.318033305766268842e-02,0.000000000000000000e+00,0.000000000000000000e+00,2.000000000000000000e+04
2.999999999999999889e-01,2.549999999999999822e+00,-5.826345832810247115e-03,-5.126420004432741262e-02,0.000000000000000000e+00,0.000000000000000000e+00,2.000000000000000000e+04
3.499999999999999778e-01,2.549999999999999822e+00,-5.974418953630365216e-03,-5.911600487881183558e-02,0.000000000000000000e+00,0.000000000000000000e+00,2.000000000000000000e+04
4.000000000000000222e-01,2.549999999999999822e+00,-5.870562377075862030e-03,-6.670485945174778331e-02,0.000000000000000000e+00,0.000000000000000000e+00,2.000000000000000000e+04
4.500000000000000111e-01,2.549999999999999822e+00,-5.511316794846308174e-03,-7.399523877614645750e-02,0.000000000000000000e+00,0.000000000000000000e+00,2.000000000000000000e+04
5.000000000000000000e-01,2.549999999999999822e+00,-4.895513575355146980e-03,-8.094744164781393636e-02,0.000000000000000000e+00,0.000000000000000000e+00,2.000000000000000000e+04
5.500000000000000444e-01,2.549999999999999822e+00,-4.024700671264901282e-03,-8.751813106894695826e-02,0.000000000000000000e+00,0.000000000000000000e+00,2.000000000000000000e+04
5.999999999999999778e-01,2.549999999999999822e+00,-2.903521107943540878e-03,-9.366094226102535114e-02,0.000000000000000000e+00,0.000000000000000000e+00,2.000000000000000000e+04
6.500000000000000222e-01,2.549999999999999822e+00,-1.540049632993018176e-03,-9.932714929654021252e-02,0.000000000000000000e+00,0.000000000000000000e+00,2.000000000000000000e+04
6.999999999999999556e-01,2.549999999999999822e+00,5.390501979042165443e-05,-1.044663855733248409e-01,0.000000000000000000e+00,0.000000000000000000e+00,2.000000000000000000e+04
7.500000000000000000e-01,2.549999999999999822e+00,1.862524165034261815e-03,-1.090274183859786805e-01,0.000000000000000000e+00,0.000000000000000000e+00,2.000000000000000000e+04
8.000000000000000444e-01,2.549999999999999822e+00,3.865722411633634118e-03,-1.129589835106317997e-01,0.000000000000000000e+00,0.000000000000000000e+00,2.000000000000000000e+04
8.499999999999999778e-01,2.549999999999999822e+00,6.038906085043246885e-03,-1.162106916996708955e-01,0.000000000000000000e+00,0.000000000000000000e+00,2.000000000000000000e+04
9.000000000000000222e-01,2.549999999999999822e+00,8.352748239283050088e-03,-1.187340247011147154e-01,0.000000000000000000e+00,0.000000000000000000e+00,2.000000000000000000e+04
9.499999999999999556e-01,2.549999999999999822e+00,1.077298974747970678e-02,-1.204834431802746103e-01,0.000000000000000000e+00,0.000000000000000000e+00,2.000000000000000000e+04
1.000000000000000000e+00,2.549999999999999822e+00,1.326028663488658561e-02,-1.214176316557348811e-01,0.000000000000000000e+00,0.000000000000000000e+00,2.000000000000000000e+04
0.000000000000000000e+00,2.600000000000000089e+00,0.000000000000000000e+00,0.000000000000000000e+00,1.000000000000000000e+00,0.000000000000000000e+00,2.000000000000000000e+04
5.000000000000000278e-02,2.600000000000000089e+00,-1.586552880842251323e-03,-9.256537135043646849e-03,0.000000000000000000e+00,0.000000000000000000e+00,2.000000000000000000e+04
1.000000000000000056e-01,2.600000000000000089e+00,-2.960136835171100610e-03,-1.836557627692327402e-02,0.000000000000000000e+00,0.000000000000000000e+00,2.000000000000000000e+04
1.499999999999999944e-01,2.600000000000000089e+00,-4.113230214203219236e-03,-2.732441749541575024e-02,0.000000000000000000e+00,0.000000000000000000e+00,2.000000000000000000e+04
2.000000000000000111e-01,2.600000000000000089e+00,-5.037014580010854697e-03,-3.612425374519938337e-02,0.000000000000000000e+00,0.000000000000000000e+00,2.000000000000000000e+04
2.500000000000000000e-01,2.600000000000000089e+00,-5.722101399302382228e-03,-4.475003273598580911e-02,0.000000000000000000e+00,0.000000000000000000e+00,2.000000000000000000e+04
2.999999999999999889e-01,2.600000000000000089e+00,-6.159243000844384468e-03,-5.318048056135971091e-02,0.000000000000000000e+00,0.000000000000000000e+00,2.000000000000000000e+04
3.499999999999999778e-01,2.600000000000000089e+00,-6.340009678381775850e-03,-6.138827698811476219e-02,0.000000000000000000e+00,0.000000000000000000e+00,2.000000000000000000e+04
4.000000000000000222e-01,2.600000000000000089e+00,-6.257418826538499804e-03,-6.934036660845840916e-02,0.000000000000000000e+00,0.000000000000000000e+00,2.000000000000000000e+04
4.500000000000000111e-01,2.600000000000000089e+00,-5.906506748208461936e-03,-7.699838693251818966e-02,0.000000000000000000e+00,0.000000000000000000e+00,2.000000000000000000e+04
5.000000000000000000e-01,2.600000000000000089e+00,-5.284838759183208522e-03,-8.431919364469546430e-02,0.000000000000000000e+00,0.000000000000000000e+00,2.000000000000000000e+04
5.500000000000000444e-01,2.600000000000000089e+00,-4.392958103193233231e-03,-9.125546430191687486e-02,0.000000000000000000e+00,0.000000000000000000e+00,2.000000000000000000e+04
5.999999999999999778e-01,2.600000000000000089e+00,-3.234778727632225525e-03,-9.775636441267468446e-02,0.000000000000000000e+00,0.000000000000000000e+00,2.000000000000000000e+04
6.500000000000000222e-01,2.600000000000000089e+00,-1.817930901264677409e-03,-1.037682639075024060e-01,0.000000000000000000e+00,0.000000000000000000e+00,2.000000000000000000e+04
6.999999999999999556e-01,2.600000000000000089e+00,-1.540716458610402772e-04,-1.092354973916040833e-01,0.000000000000000000e+00,0.000000000000000000e+00,2.000000000000000000e+04
7.500000000000000000e-01,2.600000000000000089e+00,1.740826452269623450e-03,-1.141011681916477838e-01,0.000000000000000000e+00,0.000000000000000000e+00,2.000000000000000000e+04
8.000000000000000444e-01,2.600000000000000089e+00,3.846194869485886330e-03,-1.183080039496396119e-01,0.000000000000000000e+00,0.000000000000000000e+00,2.000000000000000000e+04
8.499999999999999778e-01,2.600000000000000089e+00,6.136587077584098639e-03,-1.217992801266434416e-01,0.000000000000000000e+00,0.000000000000000000e+00,2.000000000000000000e+04
9.000000000000000222e-01,2.600000000000000089e+00,8.581390972166522135e-03,-1.245198365492603959e-01,0.000000000000000000e+00,0.000000000000000000e+00,2.000000000000000000e+04
9.499999999999999556e-01,2.600000000000000089e+00,1.114454215090448196e-02,-1.264172203315049314e-01,0.000000000000000000e+00,0.000000000000000000e+00,2.000000000000000000e+04
1.000000000000000000e+00,2.600000000000000089e+00,1.378425868577329814e-02,-1.274429947290109943e-01,0.000000000000000000e+00,0.000000000000000000e+00,2.000000000000000000e+04
0.000000000000000000e+00,2.649999999999999911e+00,0.000000000000000000e+00,0.000000000000000000e+00,1.000000000000000000e+00,0.000000000000000000e+00,2.000000000000000000e+04
5.000000000000000278e-02,2.649999999999999911e+00,-1.646479444296142800e-03,-9.548958066977102435e-03,0.000000000000000000e+00,0.000000000000000000e+00,2.000000000000000000e+04
1.000000000000000056e-01,2.649999999999999911e+00,-3.080959681618950820e-03,-1.896182997363762140e-02,0.000000000000000000e+00,0.000000000000000000e+00,2.000000000000000000e+04
1.499999999999999944e-01,2.649999999999999911e+00,-4.293810361503672818e-03,-2.823799839100490580e-02,0.000000000000000000e+00,0.000000000000000000e+00,2.000000000000000000e+04
2.000000000000000111e-01,2.649999999999999911e+00,-5.273975869308475221e-03,-3.736977713204040624e-02,0.000000000000000000e+00,0.000000000000000000e+00,2.000000000000000000e+04
2.500000000000000000e-01,2.649999999999999911e+00,-6.009796660529014706e-03,-4.634227880680916178e-02,0.000000000000000000e+00,0.000000000000000000e+00,2.000000000000000000e+04
2.999999999999999889e-01,2.649999999999999911e+00,-6.489808696339926380e-03,-5.513347024661303247e-02,0.000000000000000000e+00,0.000000000000000000e+00,2.000000000000000000e+04
3.499999999999999778e-01,2.649999999999999911e+00,-6.703498189237873210e-03,-6.371440079990270400e-02,0.000000000000000000e+00,0.000000000000000000e+00,2.000000000000000000e+04
4.000000000000000222e-01,2.649999999999999911e+00,-6.641994458848441904e-03,-7.204958168135787433e-02,0.000000000000000000e+00,0.000000000000000000e+00,2.000000000000000000e+04
4.500000000000000111e-01,2.649999999999999911e+00,-6.298689927505441051e-03,-8.009749104589507229e-02,0.000000000000000000e+00,0.000000000000000000e+00,2.000000000000000000e+04
5.000000000000000000e-01,2.649999999999999911e+00,-5.669782644472349566e-03,-8.781117872761001752e-02,0.000000000000000000e+00,0.000000000000000000e+00,2.000000000000000000e+04
5.500000000000000444e-01,2.649999999999999911e+00,-4.754742961088941240e-03,-9.513894605065405241e-02,0.000000000000000000e+00,0.000000000000000000e+00,2.000000000000000000e+04
5.999999999999999778e-01,2.649999999999999911e+00,-3.556711930450144610e-03,-1.020250793993484895e-01,0.000000000000000000e+00,0.000000000000000000e+00,2.000000000000000000e+04
6.500000000000000222e-01,2.649999999999999911e+00,-2.082844470997792779e-03,-1.084106211712518308e-01,0.000000000000000000e+00,0.000000000000000000e+00,2.000000000000000000e+04
6.999999999999999556e-01,2.649999999999999911e+00,-3.446149477875817932e-04,-1.142341683561726440e-01,0.000000000000000000e+00,0.000000000000000000e+00,2.000000000000000000e+04
7.500000000000000000e-01,2.649999999999999911e+00,1.641894010086410302e-03,-1.194326973995148700e-01,0.000000000000000000e+00,0.000000000000000000e+00,2.000000000000000000e+04
8.000000000000000444e-01,2.649999999999999911e+00,3.855697766928833752e-03,-1.239424242800217651e-01,0.000000000000000000e+00,0.000000000000000000e+00,2.000000000000000000e+04
8.499999999999999778e-01,2.649999999999999911e+00,6.270591835467865735e-03,-1.276997207898289410e-01,0.000000000000000000e+00,0.000000000000000000e+00,2.000000000000000000e+04
9.000000000000000222e-01,2.649999999999999911e+00,8.854797653248480671e-03,-1.306421209589112842e-01,0.000000000000000000e+00,0.000000000000000000e+00,2.000000000000000000e+04
9.499999999999999556e-01,2.649999999999999911e+00,1.157057215156039043e-02,-1.327094648741769245e-01,0.000000000000000000e+00,0.000000000000000000e+00,2.000000000000000000e+04
1.000000000000000000e+00,2.649999999999999911e+00,1.437380020413380095e-02,-1.338452390435498074e-01,0.000000000000000000e+00,0.000000000000000000e+00,2.000000000000000000e+04
0.000000000000000000e+00,2.700000000000000178e+00,0.000000000000000000e+00,0.000000000000000000e+00,1.000000000000000000e+00,0.000000000000000000e+00,2.000000000000000000e+04
5.000000000000000278e-02,2.700000000000000178e+00,-1.703178995835992948e-03,-9.837836593286087769e-03,0.000000000000000000e+00,0.000000000000000000e+00,2.000000000000000000e+04
1.000000000000000056e-01,2.700000000000000178e+00,-3.196520333706686853e-03,-1.955446695706972507e-02,0.000000000000000000e+00,0.000000000000000000e+00,2.000000000000000000e+04
1.499999999999999944e-01,2.700000000000000178e+00,-4.467964319222307926e-03,-2.915157512597085776e-02,0.000000000000000000e+00,0.000000000000000000e+00,2.000000000000000000e+04
2.000000000000000111e-01,2.700000000000000178e+00,-5.503895916984908113e-03,-3.862268610162078453e-02,0.000000000000000000e+00,0.000000000000000000e+00,2.000000000000000000e+04
2.500000000000000000e-01,2.700000000000000178e+00,-6.290077587551489921e-03,-4.795304348487054030e-02,0.000000000000000000e+00,0.000000000000000000e+00,2.000000000000000000e+04
2.999999999999999889e-01,2.700000000000000178e+00,-6.812551739138836965e-03,-5.711970822320239227e-02,0.000000000000000000e+00,0.000000000000000000e+00,2.000000000000000000e+04
3.499999999999999778e-01,2.700000000000000178e+00,-7.058484291238513626e-03,-6.609185640437570397e-02,0.000000000000000000e+00,0.000000000000000000e+00,2.000000000000000000e+04
4.000000000000000222e-01,2.700000000000000178e+00,-7.016928463438092123e-03,-7.483124611158525896e-02,0.000000000000000000e+00,0.000000000000000000e+00,2.000000000000000000e+04
4.500000000000000111e-01,2.700000000000000178e+00,-6.679495823657594956e-03,-8.329281975985718123e-02,0.000000000000000000e+00,0.000000000000000000e+00,2.000000000000000000e+04
5.000000000000000000e-01,2.700000000000000178e+00,-6.040929458256706457e-03,-9.142540793234278651e-02,0.000000000000000000e+00,0.000000000000000000e+00,2.000000000000000000e+04
5.500000000000000444e-01,2.700000000000000178e+00,-5.099581814727274093e-03,-9.917250266403383752e-02,0.000000000000000000e+00,0.000000000000000000e+00,2.000000000000000000e+04
5.999999999999999778e-01,2.700000000000000178e+00,-3.857807369962510270e-03,-1.064730719226266303e-01,0.000000000000000000e+00,0.000000000000000000e+00,2.000000000000000000e+04
6.500000000000000222e-01,2.700000000000000178e+00,-2.322287724528832031e-03,-1.132623926679157539e-01,0.000000000000000000e+00,0.000000000000000000e+00,2.000000000000000000e+04
6.999999999999999556e-01,2.700000000000000178e+00,-5.043136518291254462e-04,-1.194728876072446155e-01,0.000000000000000000e+00,0.000000000000000000e+00,2.000000000000000000e+04
7.500000000000000000e-01,2.700000000000000178e+00,1.579945727184390095e-03,-1.250349610451343407e-01,0.000000000000000000e+00,0.000000000000000000e+00,2.000000000000000000e+04
8.000000000000000444e-01,2.700000000000000178e+00,3.909153319721792724e-03,-1.298778424468792769e-01,0.000000000000000000e+00,0.000000000000000000e+00,2.000000000000000000e+04
8.499999999999999778e-01,2.700000000000000178e+00,6.456461694205661850e-03,-1.339304628312019407e-01,0.000000000000000000e+00,0.000000000000000000e+00,2.000000000000000000e+04
9.000000000000000222e-01,2.700000000000000178e+00,9.189092437890533996e-03,-1.371224076460406116e-01,0.000000000000000000e+00,0.000000000000000000e+00,2.000000000000000000e+04
9.499999999999999556e-01,2.700000000000000178e+00,1.206782638689017813e-02,-1.393850106031765679e-01,0.000000000000000000e+00,0.000000000000000000e+00,2.000000000000000000e+04
1.000000000000000000e+00,2.700000000000000178e+00,1.504641864489229472e-02,-1.406526739791996439e-01,0.000000000000000000e+00,0.000000000000000000e+00,2.000000000000000000e+04
0.000000000000000000e+00,2.750000000000000000e+00,0.000000000000000000e+00,0.000000000000000000e+00,1.000000000000000000e+00,0.000000000000000000e+00,2.000000000000000000e+04
5.000000000000000278e-02,2.750000000000000000e+00,-1.755385891540170613e-03,-1.012120718731726945e-02,0.000000000000000000e+00,0.000000000000000000e+00,2.000000000000000000e+04
1.000000000000000056e-01,2.750000000000000000e+00,-3.304414871850812341e-03,-2.014009859176329673e-02,0.000000000000000000e+00,0.000000000000000000e+00,2.000000000000000000e+04
1.499999999999999944e-01,2.750000000000000000e+00,-4.632230489192423750e-03,-3.006089378129038828e-02,0.000000000000000000e+00,0.000000000000000000e+00,2.000000000000000000e+04
2.000000000000000111e-01,2.750000000000000000e+00,-5.722289158935032864e-03,-3.987840992131374412e-02,0.000000000000000000e+00,0.000000000000000000e+00,2.000000000000000000e+04
2.500000000000000000e-01,2.750000000000000000e+00,-6.557426033148775271e-03,-4.957795631067896114e-02,0.000000000000000000e+00,0.000000000000000000e+00,2.000000000000000000e+04
2.999999999999999889e-01,2.750000000000000000e+00,-7.120878607632713866e-03,-5.913549237881182002e-02,0.000000000000000000e+00,0.000000000000000000e+00,2.000000000000000000e+04
3.499999999999999778e-01,2.750000000000000000e+00,-7.397232988426507422e-03,-6.851801667946663676e-02,0.000000000000000000e+00,0.000000000000000000e+00,2.000000000000000000e+04
4.000000000000000222e-01,2.750000000000000000e+00,-7.373267802865172971e-03,-7.768414614636300064e-02,0.000000000000000000e+00,0.000000000000000000e+00,2.000000000000000000e+04
4.500000000000000111e-01,2.750000000000000000e+00,-7.038680414904811312e-03,-8.658484177455484654e-02,0.000000000000000000e+00,0.000000000000000000e+00,2.000000000000000000e+04
5.000000000000000000e-01,2.750000000000000000e+00,-6.386689296510927004e-03,-9.516423713896676739e-02,0.000000000000000000e+00,0.000000000000000000e+00,2.000000000000000000e+04
5.500000000000000444e-01,2.750000000000000000e+00,-5.414515482689482087e-03,-1.033605285390712669e-01,0.000000000000000000e+00,0.000000000000000000e+00,2.000000000000000000e+04
5.999999999999999778e-01,2.750000000000000000e+00,-4.123755443907807863e-03,-1.111068895810168738e-01,0.000000000000000000e+00,0.000000000000000000e+00,2.000000000000000000e+04
6.500000000000000222e-01,2.750000000000000000e+00,-2.520667644929194991e-03,-1.183323788707343199e-01,0.000000000000000000e+00,0.000000000000000000e+00,2.000000000000000000e+04
6.999999999999999556e-01,2.750000000000000000e+00,-6.164052257457417524e-04,-1.249628178995268735e-01,0.000000000000000000e+00,0.000000000000000000e+00,2.000000000000000000e+04
7.500000000000000000e-01,2.750000000000000000e+00,1.572763318015966668e-03,-1.309216281447872221e-01,0.000000000000000000e+00,0.000000000000000000e+00,2.000000000000000000e+04
8.000000000000000444e-01,2.750000000000000000e+00,4.025196531791682721e-03,-1.361306328488385564e-01,0.000000000000000000e+00,0.000000000000000000e+00,2.000000000000000000e+04
8.499999999999999778e-01,2.750000000000000000e+00,6.713534514927466286e-03,-1.405108510287947643e-01,0.000000000000000000e+00,0.000000000000000000e+00,2.000000000000000000e+04
9.000000000000000222e-01,2.750000000000000000e+00,9.604219734495895305e-03,-1.439833369724680401e-01,0.000000000000000000e+00,0.000000000000000000e+00,2.000000000000000000e+04
9.499999999999999556e-01,2.750000000000000000e+00,1.265685466146392046e-02,-1.464701502682996814e-01,0.000000000000000000e+00,0.000000000000000000e+00,2.000000000000000000e+04
1.000000000000000000e+00,2.750000000000000000e+00,1.582339882503383185e-02,-1.478955770990545426e-01,0.000000000000000000e+00,0.000000000000000000e+00,2.000000000000000000e+04
0.000000000000000000e+00,2.799999999999999822e+00,0.000000000000000000e+00,0.000000000000000000e+00,1.000000000000000000e+00,0.000000000000000000e+00,2.000000000000000000e+04
5.000000000000000278e-02,2.799999999999999822e+00,-1.801631037080119293e-03,-1.039688494829068936e-02,0.000000000000000000e+00,0.000000000000000000e+00,2.000000000000000000e+04
1.000000000000000056e-01,2.799999999999999822e+00,-3.401845680545290823e-03,-2.071497451027960388e-02,0.000000000000000000e+00,0.000000000000000000e+00,2.000000000000000000e+04
1.499999999999999944e-01,2.799999999999999822e+00,-4.782566632678421185e-03,-3.096127705901730379e-02,0.000000000000000000e+00,0.000000000000000000e+00,2.000000000000000000e+04
2.000000000000000111e-01,2.799999999999999822e+00,-5.923895967457275084e-03,-4.113196965287919254e-02,0.000000000000000000e+00,0.000000000000000000e+00,2.000000000000000000e+04
2.500000000000000000e-01,2.799999999999999822e+00,-6.805341016974478588e-03,-5.121232105209410496e-02,0.000000000000000000e+00,0.000000000000000000e+00,2.000000000000000000e+04
2.999999999999999889e-01,2.799999999999999822e+00,-7.406981281098355512e-03,-6.117693092277218941e-02,0.000000000000000000e+00,0.000000000000000000e+00,2.000000000000000000e+04
3.499999999999999778e-01,2.799999999999999822e+00,-7.710534365595361934e-03,-7.099023819198098384e-02,0.000000000000000000e+00,0.000000000000000000e+00,2.000000000000000000e+04
4.000000000000000222e-01,2.799999999999999822e+00,-7.700291753561465564e-03,-8.060724418120555901e-02,0.000000000000000000e+00,0.000000000000000000e+00,2.000000000000000000e+04
4.500000000000000111e-01,2.799999999999999822e+00,-7.363906394144234535e-03,-8.997439452741251564e-02,0.000000000000000000e+00,0.000000000000000000e+00,2.000000000000000000e+04
5.000000000000000000e-01,2.799999999999999822e+00,-6.693024168106091222e-03,-9.903056524672464167e-02,0.000000000000000000e+00,0.000000000000000000e+00,2.000000000000000000e+04
5.500000000000000444e-01,2.799999999999999822e+00,-5.683761355548876647e-03,-1.077081009754273233e-01,0.000000000000000000e+00,0.000000000000000000e+00,2.000000000000000000e+04
5.999999999999999778e-01,2.799999999999999822e+00,-4.337041401894153186e-03,-1.159338570149304470e-01,0.000000000000000000e+00,0.000000000000000000e+00,2.000000000000000000e+04
6.500000000000000222e-01,2.799999999999999822e+00,-2.658817227249886395e-03,-1.236302019426137183e-01,0.000000000000000000e+00,0.000000000000000000e+00,2.000000000000000000e+04
6.999999999999999556e-01,2.799999999999999822e+00,-6.602199369810232352e-04,-1.307159456340152293e-01,0.000000000000000000e+00,0.000000000000000000e+00,2.000000000000000000e+04
7.500000000000000000e-01,2.799999999999999822e+00,1.642310071648320430e-03,-1.371071704287761261e-01,0.000000000000000000e+00,0.000000000000000000e+00,2.000000000000000000e+04
8.000000000000000444e-01,2.799999999999999822e+00,4.226840203849710487e-03,-1.427179627317366473e-01,0.000000000000000000e+00,0.000000000000000000e+00,2.000000000000000000e+04
8.499999999999999778e-01,2.799999999999999822e+00,7.065633893099674059e-03,-1.474610713315852584e-01,0.000000000000000000e+00,0.000000000000000000e+00,2.000000000000000000e+04
9.000000000000000222e-01,2.799999999999999822e+00,1.012463360954322759e-02,-1.512485529875967627e-01,0.000000000000000000e+00,0.000000000000000000e+00,2.000000000000000000e+04
9.499999999999999556e-01,2.799999999999999822e+00,1.336267867071822511e-02,-1.539925135980664550e-01,0.000000000000000000e+00,0.000000000000000000e+00,2.000000000000000000e+04
1.000000000000000000e+00,2.799999999999999822e+00,1.673043894526045697e-02,-1.556061125403553902e-01,0.000000000000000000e+00,0.000000000000000000e+00,2.000000000000000000e+04
0.000000000000000000e+00,2.850000000000000089e+00,0.000000000000000000e+00,0.000000000000000000e+00,1.000000000000000000e+00,0.000000000000000000e+00,2.000000000000000000e+04
5.000000000000000278e-02,2.850000000000000089e+00,-1.840217312577135294e-03,-1.066243632985635140e-02,0.000000000000000000e+00,0.000000000000000000e+00,2.000000000000000000e+04
1.000000000000000056e-01,2.850000000000000089e+00,-3.485576981885487625e-03,-2.127494112902804727e-02,0.000000000000000000e+00,0.000000000000000000e+00,2.000000000000000000e+04
1.499999999999999944e-01,2.850000000000000089e+00,-4.914287920815138370e-03,-3.184758746183601053e-02,0.000000000000000000e+00,0.000000000000000000e+00,2.000000000000000000e+04
2.000000000000000111e-01,2.850000000000000089e+00,-6.102603934446101941e-03,-4.237796110935868749e-02,0.000000000000000000e+00,0.000000000000000000e+00,2.000000000000000000e+04
2.500000000000000000e-01,2.850000000000000089e+00,-7.026242444885297256e-03,-5.285113112669442836e-02,0.000000000000000000e+00,0.000000000000000000e+00,2.000000000000000000e+04
2.999999999999999889e-01,2.850000000000000089e+00,-7.661720823616745453e-03,-6.324000023135606385e-02,0.000000000000000000e+00,0.000000000000000000e+00,2.000000000000000000e+04
3.499999999999999778e-01,2.850000000000000089e+00,-7.987562158703501863e-03,-7.350596830573270790e-02,0.000000000000000000e+00,0.000000000000000000e+00,2.000000000000000000e+04
4.000000000000000222e-01,2.850000000000000089e+00,-7.985337783489187061e-03,-8.359983814393846802e-02,0.000000000000000000e+00,0.000000000000000000e+00,2.000000000000000000e+04
4.500000000000000111e-01,2.850000000000000089e+00,-7.640525766865854246e-03,-9.346289399710536183e-02,0.000000000000000000e+00,0.000000000000000000e+00,2.000000000000000000e+04
5.000000000000000000e-01,2.850000000000000089e+00,-6.943174406662123120e-03,-1.030280865101551868e-01,0.000000000000000000e+00,0.000000000000000000e+00,2.000000000000000000e+04
5.500000000000000444e-01,2.850000000000000089e+00,-5.888369858353678134e-03,-1.122212602326424502e-01,0.000000000000000000e+00,0.000000000000000000e+00,2.000000000000000000e+04
5.999999999999999778e-01,2.850000000000000089e+00,-4.476519556389429305e-03,-1.209623618346640506e-01,0.000000000000000000e+00,0.000000000000000000e+00,2.000000000000000000e+04
6.500000000000000222e-01,2.850000000000000089e+00,-2.713479505778043123e-03,-1.291665698263534945e-01,0.000000000000000000e+00,0.000000000000000000e+00,2.000000000000000000e+04
6.999999999999999556e-01,2.850000000000000089e+00,-6.105741069915108241e-04,-1.367452924465720476e-01,0.000000000000000000e+00,0.000000000000000000e+00,2.000000000000000000e+04
7.500000000000000000e-01,2.850000000000000089e+00,1.815419331831251253e-03,-1.436069926231131888e-01,0.000000000000000000e+00,0.000000000000000000e+00,2.000000000000000000e+04
8.000000000000000444e-01,2.850000000000000089e+00,4.542225754699339042e-03,-1.496578207278153605e-01,0.000000000000000000e+00,0.000000000000000000e+00,2.000000000000000000e+04
8.499999999999999778e-01,2.850000000000000089e+00,7.541854279939424685e-03,-1.548020731915241699e-01,0.000000000000000000e+00,0.000000000000000000e+00,2.000000000000000000e+04
9.000000000000000222e-01,2.850000000000000089e+00,1.078008509521453419e-02,-1.589425381107193447e-01,0.000000000000000000e+00,0.000000000000000000e+00,2.000000000000000000e+04
9.499999999999999556e-01,2.850000000000000089e+00,1.421555232546334487e-02,-1.619808600625979311e-01,0.000000000000000000e+00,0.000000000000000000e+00,2.000000000000000000e+04
1.000000000000000000e+00,2.850000000000000089e+00,1.779836590859498746e-02,-1.638181540040698214e-01,0.000000000000000000e+00,0.000000000000000000e+00,2.000000000000000000e+04
0.000000000000000000e+00,2.899999999999999911e+00,0.000000000000000000e+00,0.000000000000000000e+00,1.000000000000000000e+00,0.000000000000000000e+00,2.000000000000000000e+04
5.000000000000000278e-02,2.899999999999999911e+00,-1.869189245764129583e-03,-1.091514050256187432e-02,0.000000000000000000e+00,0.000000000000000000e+00,2.000000000000000000e+04
1.000000000000000056e-01,2.899999999999999911e+00,-3.551880048931567446e-03,-2.181538679516852042e-02,0.000000000000000000e+00,0.000000000000000000e+00,2.000000000000000000e+04
1.499999999999999944e-01,2.899999999999999911e+00,-5.021991402411362000e-03,-3.271417692328935228e-02,0.000000000000000000e+00,0.000000000000000000e+00,2.000000000000000000e+04
2.000000000000000111e-01,2.899999999999999911e+00,-6.251354213297069008e-03,-4.361052682281049697e-02,0.000000000000000000e+00,0.000000000000000000e+00,2.000000000000000000e+04
2.500000000000000000e-01,2.899999999999999911e+00,-7.211361029511271364e-03,-5.448907894593268270e-02,0.000000000000000000e+00,0.000000000000000000e+00,2.000000000000000000e+04
2.999999999999999889e-01,2.899999999999999911e+00,-7.874500992473798880e-03,-6.532060407588304030e-02,0.000000000000000000e+00,0.000000000000000000e+00,2.000000000000000000e+04
3.499999999999999778e-01,2.899999999999999911e+00,-8.215728336540370491e-03,-7.606286413741032704e-02,0.000000000000000000e+00,0.000000000000000000e+00,2.000000000000000000e+04
4.000000000000000222e-01,2.899999999999999911e+00,-8.213630289480454774e-03,-8.666174645150834244e-02,0.000000000000000000e+00,0.000000000000000000e+00,2.000000000000000000e+04
4.500000000000000111e-01,2.899999999999999911e+00,-7.851371058525147620e-03,-9.705258667078849044e-02,0.000000000000000000e+00,0.000000000000000000e+00,2.000000000000000000e+04
5.000000000000000000e-01,2.899999999999999911e+00,-7.117396056448182726e-03,-1.071616031037534167e-01,0.000000000000000000e+00,0.000000000000000000e+00,2.000000000000000000e+04
5.500000000000000444e-01,2.899999999999999911e+00,-6.005888750286069409e-03,-1.169073668302122587e-01,0.000000000000000000e+00,0.000000000000000000e+00,2.000000000000000000e+04
5.999999999999999778e-01,2.899999999999999911e+00,-4.516985327452453444e-03,-1.262022302373834726e-01,0.000000000000000000e+00,0.000000000000000000e+00,2.000000000000000000e+04
6.500000000000000222e-01,2.899999999999999911e+00,-2.656772481056042610e-03,-1.349536338695123960e-01,0.000000000000000000e+00,0.000000000000000000e+00,2.000000000000000000e+04
6.999999999999999556e-01,2.899999999999999911e+00,-4.371220090396580943e-04,-1.430652118432153286e-01,0.000000000000000000e+00,0.000000000000000000e+00,2.000000000000000000e+04
7.500000000000000000e-01,2.899999999999999911e+00,2.124548601765787782e-03,-1.504376246174108644e-01,0.000000000000000000e+00,0.000000000000000000e+00,2.000000000000000000e+04
8.000000000000000444e-01,2.899999999999999911e+00,5.005461376859186330e-03,-1.569690697034611393e-01,0.000000000000000000e+00,0.000000000000000000e+00,2.000000000000000000e+04
8.499999999999999778e-01,2.899999999999999911e+00,8.177447841425598482e-03,-1.625554683091181007e-01,0.000000000000000000e+00,0.000000000000000000e+00,2.000000000000000000e+04
9.000000000000000222e-01,2.899999999999999911e+00,1.160651490653415163e-02,-1.670903743162683308e-01,0.000000000000000000e+00,0.000000000000000000e+00,2.000000000000000000e+04
9.499999999999999556e-01,2.899999999999999911e+00,1.525181969489236566e-02,-1.704647576274083420e-01,0.000000000000000000e+00,0.000000000000000000e+00,2.000000000000000000e+04
1.000000000000000000e+00,2.899999999999999911e+00,1.906393178140575531e-02,-1.725669749872904557e-01,0.000000000000000000e+00,0.000000000000000000e+00,2.000000000000000000e+04
0.000000000000000000e+00,2.950000000000000178e+00,0.000000000000000000e+00,0.000000000000000000e+00,1.000000000000000000e+00,0.000000000000000000e+00,2.000000000000000000e+04
5.000000000000000278e-02,2.950000000000000178e+00,-1.886293687136470160e-03,-1.115193993676039455e-02,0.000000000000000000e+00,0.000000000000000000e+00,2.000000000000000000e+04
1.000000000000000056e-01,2.950000000000000178e+00,-3.596461192900704974e-03,-2.233117168938398081e-02,0.000000000000000000e+00,0.000000000000000000e+00,2.000000000000000000e+04
1.499999999999999944e-01,2.950000000000000178e+00,-5.099456505500097117e-03,-3.355482032165681833e-02,0.000000000000000000e+00,0.000000000000000000e+00,2.000000000000000000e+04
2.000000000000000111e-01,2.950000000000000178e+00,-6.362020061355817477e-03,-4.482331304793454180e-02,0.000000000000000000e+00,0.000000000000000000e+00,2.000000000000000000e+04
2.500000000000000000e-01,2.950000000000000178e+00,-7.350600868752150616e-03,-5.612055324877226331e-02,0.000000000000000000e+00,0.000000000000000000e+00,2.000000000000000000e+04
2.999999999999999889e-01,2.950000000000000178e+00,-8.033119966393501704e-03,-6.741462645834897516e-02,0.000000000000000000e+00,0.000000000000000000e+00,2.000000000000000000e+04
3.499999999999999778e-01,2.950000000000000178e+00,-8.380525874738477612e-03,-7.865891478344612386e-02,0.000000000000000000e+00,0.000000000000000000e+00,2.000000000000000000e+04
4.000000000000000222e-01,2.950000000000000178e+00,-8.368110536439477692e-03,-8.979351111725866752e-02,0.000000000000000000e+00,0.000000000000000000e+00,2.000000000000000000e+04
4.500000000000000111e-01,2.950000000000000178e+00,-7.976560850279113338e-03,-1.007468399827794459e-01,0.000000000000000000e+00,0.000000000000000000e+00,2.000000000000000000e+04
5.000000000000000000e-01,2.950000000000000178e+00,-7.192722304324557225e-03,-1.114374006086960578e-01,0.000000000000000000e+00,0.000000000000000000e+00,2.000000000000000000e+04
5.500000000000000444e-01,2.950000000000000178e+00,-6.010054253476365682e-03,-1.217755471882059209e-01,0.000000000000000000e+00,0.000000000000000000e+00,2.000000000000000000e+04
5.999999999999999778e-01,2.950000000000000178e+00,-4.428767314739985930e-03,-1.316652124290794423e-01,0.000000000000000000e+00,0.000000000000000000e+00,2.000000000000000000e+04
6.500000000000000222e-01,2.950000000000000178e+00,-2.455656800112576092e-03,-1.410054676690549458e-01,0.000000000000000000e+00,0.000000000000000000e+00,2.000000000000000000e+04
6.999999999999999556e-01,2.950000000000000178e+00,-1.036843327479717734e-04,-1.496918022790315883e-01,0.000000000000000000e+00,0.000000000000000000e+00,2.000000000000000000e+04
7.500000000000000000e-01,2.950000000000000178e+00,2.608587954905665710e-03,-1.576170045510240092e-01,0.000000000000000000e+00,0.000000000000000000e+00,2.000000000000000000e+04
8.000000000000000444e-01,2.950000000000000178e+00,5.657543637583296176e-03,-1.646715431659904472e-01,0.000000000000000000e+00,0.000000000000000000e+00,2.000000000000000000e+04
8.499999999999999778e-01,2.950000000000000178e+00,9.014815128883219009e-03,-1.707434084316753475e-01,0.000000000000000000e+00,0.000000000000000000e+00,2.000000000000000000e+04
9.000000000000000222e-01,2.950000000000000178e+00,1.264705618975675919e-02,-1.757174129591725642e-01,0.000000000000000000e+00,0.000000000000000000e+00,2.000000000000000000e+04
9.499999999999999556e-01,2.950000000000000178e+00,1.651487339606782026e-02,-1.794741099849788968e-01,0.000000000000000000e+00,0.000000000000000000e+00,2.000000000000000000e+04
1.000000000000000000e+00,2.950000000000000178e+00,2.057068858319354224e-02,-1.818887554858312494e-01,0.000000000000000000e+00,0.000000000000000000e+00,2.000000000000000000e+04
0.000000000000000000e+00,3.000000000000000000e+00,0.000000000000000000e+00,0.000000000000000000e+00,1.000000000000000000e+00,0.000000000000000000e+00,2.000000000000000000e+04
5.000000000000000278e-02,3.000000000000000000e+00,-1.888926717263022820e-03,-1.136938022450174196e-02,0.000000000000000000e+00,0.000000000000000000e+00,2.000000000000000000e+04
1.000000000000000056e-01,3.000000000000000000e+00,-3.614361939044434188e-03,-2.281654297976570475e-02,0.000000000000000000e+00,0.000000000000000000e+00,2.000000000000000000e+04
1.499999999999999944e-01,3.000000000000000000e+00,-5.139505136062087753e-03,-3.436263261114346629e-02,0.000000000000000000e+00,0.000000000000000000e+00,2.000000000000000000e+04
2.000000000000000111e-01,3.000000000000000000e+00,-6.425236562460622317e-03,-4.600940893017288480e-02,0.000000000000000000e+00,0.000000000000000000e+00,2.000000000000000000e+04
2.500000000000000000e-01,3.000000000000000000e+00,-7.432351605318884662e-03,-5.773961747750345347e-02,0.000000000000000000e+00,0.000000000000000000e+00,2.000000000000000000e+04
2.999999999999999889e-01,3.000000000000000000e+00,-8.123578512290343182e-03,-6.951796667881794678e-02,0.000000000000000000e+00,0.000000000000000000e+00,2.000000000000000000e+04
3.499999999999999778e-01,3.000000000000000000e+00,-8.465343247131513343e-03,-8.129255219673683919e-02,0.000000000000000000e+00,0.000000000000000000e+00,2.000000000000000000e+04
4.000000000000000222e-01,3.000000000000000000e+00,-8.429259989268132400e-03,-9.299660389022676443e-02,0.000000000000000000e+00,0.000000000000000000e+00,2.000000000000000000e+04
4.500000000000000111e-01,3.000000000000000000e+00,-7.993322868770505810e-03,-1.045504595453491392e-01,0.000000000000000000e+00,0.000000000000000000e+00,2.000000000000000000e+04
5.000000000000000000e-01,3.000000000000000000e+00,-7.142763868083840811e-03,-1.158636825510589718e-01,0.000000000000000000e+00,0.000000000000000000e+00,2.000000000000000000e+04
5.500000000000000444e-01,3.000000000000000000e+00,-5.870534173462088612e-03,-1.268372352986131268e-01,0.000000000000000000e+00,0.000000000000000000e+00,2.000000000000000000e+04
5.999999999999999778e-01,3.000000000000000000e+00,-4.177371343562953296e-03,-1.373655990390862669e-01,0.000000000000000000e+00,0.000000000000000000e+00,2.000000000000000000e+04
6.500000000000000222e-01,3.000000000000000000e+00,-2.071439974286303984e-03,-1.473387008246261343e-01,0.000000000000000000e+00,0.000000000000000000e+00,2.000000000000000000e+04
6.999999999999999556e-01,3.000000000000000000e+00,4.324165177284050978e-04,-1.566434782103267309e-01,0.000000000000000000e+00,0.000000000000000000e+00,2.000000000000000000e+04
7.500000000000000000e-01,3.000000000000000000e+00,3.313700326987339267e-03,-1.651648938822026513e-01,0.000000000000000000e+00,0.000000000000000000e+00,2.000000000000000000e+04
8.000000000000000444e-01,3.000000000000000000e+00,6.547349720379863451e-03,-1.727862149205928455e-01,0.000000000000000000e+00,0.000000000000000000e+00,2.000000000000000000e+04
8.499999999999999778e-01,3.000000000000000000e+00,1.010459484247463145e-02,-1.793884499791620901e-01,0.000000000000000000e+00,0.000000000000000000e+00,2.000000000000000000e+04
9.000000000000000222e-01,3.000000000000000000e+00,1.395314627586723318e-02,-1.848488325823446077e-01,0.000000000000000000e+00,0.000000000000000000e+00,2.000000000000000000e+04
9.499999999999999556e-01,3.000000000000000000e+00,1.805621022981070134e-02,-1.890384833373393025e-01,0.000000000000000000e+00,0.000000000000000000e+00,2.000000000000000000e+04
1.000000000000000000e+00,3.000000000000000000e+00,2.236993056443202163e-02,-1.918198359758603866e-01,0.000000000000000000e+00,0.000000000000000000e+00,2.000000000000000000e+04
0.000000000000000000e+00,3.049999999999999822e+00,0.000000000000000000e+00,0.000000000000000000e+00,1.000000000000000000e+00,0.000000000000000000e+00,2.000000000000000000e+04
5.000000000000000278e-02,3.049999999999999822e+00,-1.874060096047474753e-03,-1.156354205648889646e-02,0.000000000000000000e+00,0.000000000000000000e+00,2.000000000000000000e+04
1.000000000000000056e-01,3.049999999999999822e+00,-3.599815939204283055e-03,-2.326504043243370762e-02,0.000000000000000000e+00,0.000000000000000000e+00,2.000000000000000000e+04
1.499999999999999944e-01,3.049999999999999822e+00,-5.133796664912134398e-03,-3.512997412729670921e-02,0.000000000000000000e+00,0.000000000000000000e+00,2.000000000000000000e+04
2.000000000000000111e-01,3.049999999999999822e+00,-6.430149022104573835e-03,-4.716126808632428724e-02,0.000000000000000000e+00,0.000000000000000000e+00,2.000000000000000000e+04
2.500000000000000000e-01,3.049999999999999822e+00,-7.443213244822548258e-03,-5.933996214798459290e-02,0.000000000000000000e+00,0.000000000000000000e+00,2.000000000000000000e+04
2.999999999999999889e-01,3.049999999999999822e+00,-8.129808156245066017e-03,-7.162654106093972739e-02,0.000000000000000000e+00,0.000000000000000000e+00,2.000000000000000000e+04
3.499999999999999778e-01,3.049999999999999822e+00,-8.451220375844786456e-03,-8.396272779063936043e-02,0.000000000000000000e+00,0.000000000000000000e+00,2.000000000000000000e+04
4.000000000000000222e-01,3.049999999999999822e+00,-8.374898445315474144e-03,-9.627360886582415900e-02,0.000000000000000000e+00,0.000000000000000000e+00,2.000000000000000000e+04
4.500000000000000111e-01,3.049999999999999822e+00,-7.875831907714188340e-03,-1.084700087740700647e-01,0.000000000000000000e+00,0.000000000000000000e+00,2.000000000000000000e+04
5.000000000000000000e-01,3.049999999999999822e+00,-6.937563395671357547e-03,-1.204510486383457979e-01,0.000000000000000000e+00,0.000000000000000000e+00,2.000000000000000000e+04
5.500000000000000444e-01,3.049999999999999822e+00,-5.552754756519487703e-03,-1.321068105780625335e-01,0.000000000000000000e+00,0.000000000000000000e+00,2.000000000000000000e+04
5.999999999999999778e-01,3.049999999999999822e+00,-3.723220702740741642e-03,-1.433209883988106614e-01,0.000000000000000000e+00,0.000000000000000000e+00,2.000000000000000000e+04
6.500000000000000222e-01,3.049999999999999822e+00,-1.459367089364252586e-03,-1.539733473307241529e-01,0.000000000000000000e+00,0.000000000000000000e+00,2.000000000000000000e+04
6.999999999999999556e-01,3.049999999999999822e+00,1.220966409605025223e-03,-1.639417533618035827e-01,0.000000000000000000e+00,0.000000000000000000e+00,2.000000000000000000e+04
7.500000000000000000e-01,3.049999999999999822e+00,4.294154639663006270e-03,-1.731034819793595969e-01,0.000000000000000000e+00,0.000000000000000000e+00,2.000000000000000000e+04
8.000000000000000444e-01,3.049999999999999822e+00,7.732673349401265536e-03,-1.813354868059155189e-01,0.000000000000000000e+00,0.000000000000000000e+00,2.000000000000000000e+04
8.499999999999999778e-01,3.049999999999999822e+00,1.150683634294099797e-02,-1.885134215184073314e-01,0.000000000000000000e+00,0.000000000000000000e+00,2.000000000000000000e+04
9.000000000000000222e-01,3.049999999999999822e+00,1.558573615815317392e-02,-1.945090614298394527e-01,0.000000000000000000e+00,0.000000000000000000e+00,2.000000000000000000e+04
9.499999999999999556e-01,3.049999999999999822e+00,1.993657008913142861e-02,-1.991861690036317856e-01,0.000000000000000000e+00,0.000000000000000000e+00,2.000000000000000000e+04
1.000000000000000000e+00,3.049999999999999822e+00,2.452167966195096735e-02,-2.023956241993248306e-01,0.000000000000000000e+00,0.000000000000000000e+00,2.000000000000000000e+04
0.000000000000000000e+00,3.100000000000000089e+00,0.000000000000000000e+00,0.000000000000000000e+00,1.000000000000000000e+00,0.000000000000000000e+00,2.000000000000000000e+04
5.000000000000000278e-02,3.100000000000000089e+00,-1.838138337294649904e-03,-1.172997338894636067e-02,0.000000000000000000e+00,0.000000000000000000e+00,2.000000000000000000e+04
1.000000000000000056e-01,3.100000000000000089e+00,-3.546041144785396122e-03,-2.366940595102769856e-02,0.000000000000000000e+00,0.000000000000000000e+00,2.000000000000000000e+04
1.499999999999999944e-01,3.100000000000000089e+00,-5.072522409390500982e-03,-3.584835738972990543e-02,0.000000000000000000e+00,0.000000000000000000e+00,2.000000000000000000e+04
2.000000000000000111e-01,3.100000000000000089e+00,-6.364032136977208591e-03,-4.827061934461273490e-02,0.000000000000000000e+00,0.000000000000000000e+00,2.000000000000000000e+04
2.500000000000000000e-01,3.100000000000000089e+00,-7.367577460811422160e-03,-6.091482601862043683e-02,0.000000000000000000e+00,0.000000000000000000e+00,2.000000000000000000e+04
2.999999999999999889e-01,3.100000000000000089e+00,-8.033261550905218887e-03,-7.373623142768498395e-02,0.000000000000000000e+00,0.000000000000000000e+00,2.000000000000000000e+04
3.499999999999999778e-01,3.100000000000000089e+00,-8.316494755712644169e-03,-8.666892098228347330e-02,0.000000000000000000e+00,0.000000000000000000e+00,2.000000000000000000e+04
4.000000000000000222e-01,3.100000000000000089e+00,-8.179920590360436131e-03,-9.962833866512518788e-02,0.000000000000000000e+00,0.000000000000000000e+00,2.000000000000000000e+04
4.500000000000000111e-01,3.100000000000000089e+00,-7.595048152606425837e-03,-1.125140871402796755e-01,0.000000000000000000e+00,0.000000000000000000e+00,2.000000000000000000e+04
5.000000000000000000e-01,3.100000000000000089e+00,-6.543515507875210385e-03,-1.252129825151094833e-01,0.000000000000000000e+00,0.000000000000000000e+00,2.000000000000000000e+04
5.500000000000000444e-01,3.100000000000000089e+00,-5.017848909192257172e-03,-1.376023178844725248e-01,0.000000000000000000e+00,0.000000000000000000e+00,2.000000000000000000e+04
5.999999999999999778e-01,3.100000000000000089e+00,-3.021551419629018524e-03,-1.495532188183210653e-01,0.000000000000000000e+00,0.000000000000000000e+00,2.000000000000000000e+04
6.500000000000000222e-01,3.100000000000000089e+00,-5.683691737995176302e-04,-1.609338733506647801e-01,0.000000000000000000e+00,0.000000000000000000e+00,2.000000000000000000e+04
6.999999999999999556e-01,3.100000000000000089e+00,2.319342399161446362e-03,-1.716123059395446016e-01,0.000000000000000000e+00,0.000000000000000000e+00,2.000000000000000000e+04
7.500000000000000000e-01,3.100000000000000089e+00,5.613088484985068183e-03,-1.814582600369140097e-01,0.000000000000000000e+00,0.000000000000000000e+00,2.000000000000000000e+04
8.000000000000000444e-01,3.100000000000000089e+00,9.281255630237012291e-03,-1.903436608870117674e-01,0.000000000000000000e+00,0.000000000000000000e+00,2.000000000000000000e+04
8.499999999999999778e-01,3.100000000000000089e+00,1.329221936434545927e-02,-1.981413227274333999e-01,0.000000000000000000e+00,0.000000000000000000e+00,2.000000000000000000e+04
9.000000000000000222e-01,3.100000000000000089e+00,1.761656854265082617e-02,-2.047210393023762565e-01,0.000000000000000000e+00,0.000000000000000000e+00,2.000000000000000000e+04
9.499999999999999556e-01,3.100000000000000089e+00,2.222712549181493982e-02,-2.099428990938333739e-01,0.000000000000000000e+00,0.000000000000000000e+00,2.000000000000000000e+04
1.000000000000000000e+00,3.100000000000000089e+00,2.709566757206521848e-02,-2.136490257025746298e-01,0.000000000000000000e+00,0.000000000000000000e+00,2.000000000000000000e+04
0.000000000000000000e+00,3.149999999999999911e+00,0.000000000000000000e+00,0.000000000000000000e+00,1.000000000000000000e+00,0.000000000000000000e+00,2.000000000000000000e+04
5.000000000000000278e-02,3.149999999999999911e+00,-1.776935240995741912e-03,-1.186363810846173192e-02,0.000000000000000000e+00,0.000000000000000000e+00,2.000000000000000000e+04
1.000000000000000056e-01,3.149999999999999911e+00,-3.444938984969186328e-03,-2.402152389157341181e-02,0.000000000000000000e+00,0.000000000000000000e+00,2.000000000000000000e+04
1.499999999999999944e-01,3.149999999999999911e+00,-4.943951402478817883e-03,-3.650838335653673605e-02,0.000000000000000000e+00,0.000000000000000000e+00,2.000000000000000000e+04
2.000000000000000111e-01,3.149999999999999911e+00,-6.211712605977608680e-03,-4.932838527234392756e-02,0.000000000000000000e+00,0.000000000000000000e+00,2.000000000000000000e+04
2.500000000000000000e-01,3.149999999999999911e+00,-7.186983709678052522e-03,-6.245688639770112516e-02,0.000000000000000000e+00,0.000000000000000000e+00,2.000000000000000000e+04
2.999999999999999889e-01,3.149999999999999911e+00,-7.812277486964529748e-03,-7.584275702258923280e-02,0.000000000000000000e+00,0.000000000000000000e+00,2.000000000000000000e+04
3.499999999999999778e-01,3.149999999999999911e+00,-8.036255557828169901e-03,-8.941103252676084467e-02,0.000000000000000000e+00,0.000000000000000000e+00,2.000000000000000000e+04
4.000000000000000222e-01,3.149999999999999911e+00,-7.815906516740611307e-03,-1.030658188833526029e-01,0.000000000000000000e+00,0.000000000000000000e+00,2.000000000000000000e+04
4.500000000000000111e-01,3.149999999999999911e+00,-7.118520506965700899e-03,-1.166934948885070961e-01,0.000000000000000000e+00,0.000000000000000000e+00,2.000000000000000000e+04
5.000000000000000000e-01,3.149999999999999911e+00,-5.923353972996900189e-03,-1.301662853883909510e-01,0.000000000000000000e+00,0.000000000000000000e+00,2.000000000000000000e+04
5.500000000000000444e-01,3.149999999999999911e+00,-4.222766321125755520e-03,-1.433462312359305713e-01,0.000000000000000000e+00,0.000000000000000000e+00,2.000000000000000000e+04
5.999999999999999778e-01,3.149999999999999911e+00,-2.022537413370570445e-03,-1.560894666271890330e-01,0.000000000000000000e+00,0.000000000000000000e+00,2.000000000000000000e+04
6.500000000000000222e-01,3.149999999999999911e+00,6.589329656718237406e-04,-1.682505511424954858e-01,0.000000000000000000e+00,0.000000000000000000e+00,2.000000000000000000e+04
6.999999999999999556e-01,3.149999999999999911e+00,3.792763312701110875e-03,-1.796864136260383771e-01,0.000000000000000000e+00,0.000000000000000000e+00,2.000000000000000000e+04
7.500000000000000000e-01,3.149999999999999911e+00,7.343102835832789055e-03,-1.902592737408096146e-01,0.000000000000000000e+00,0.000000000000000000e+00,2.000000000000000000e+04
8.000000000000000444e-01,3.149999999999999911e+00,1.127172933725735689e-02,-1.998376924819139366e-01,0.000000000000000000e+00,0.000000000000000000e+00,2.000000000000000000e+04
8.499999999999999778e-01,3.149999999999999911e+00,1.554325446676760487e-02,-2.082953018885397023e-01,0.000000000000000000e+00,0.000000000000000000e+00,2.000000000000000000e+04
9.000000000000000222e-01,3.149999999999999911e+00,2.012946495794573978e-02,-2.155052922441182683e-01,0.000000000000000000e+00,0.000000000000000000e+00,2.000000000000000000e+04
9.499999999999999556e-01,3.149999999999999911e+00,2.501065731100301018e-02,-2.213301083551069692e-01,0.000000000000000000e+00,0.000000000000000000e+00,2.000000000000000000e+04
1.000000000000000000e+00,3.149999999999999911e+00,3.017223150589627007e-02,-2.256082222464283749e-01,0.000000000000000000e+00,0.000000000000000000e+00,2.000000000000000000e+04
0.000000000000000000e+00,3.200000000000000178e+00,0.000000000000000000e+00,0.000000000000000000e+00,1.000000000000000000e+00,0.000000000000000000e+00,2.000000000000000000e+04
5.000000000000000278e-02,3.200000000000000178e+00,-1.685357035487160477e-03,-1.195890993572548168e-02,0.000000000000000000e+00,0.000000000000000000e+00,2.000000000000000000e+04
1.000000000000000056e-01,3.200000000000000178e+00,-3.286665834344091892e-03,-2.431243927835194732e-02,0.000000000000000000e+00,0.000000000000000000e+00,2.000000000000000000e+04
1.499999999999999944e-01,3.200000000000000178e+00,-4.733765520437786638e-03,-3.709975802903072578e-02,0.000000000000000000e+00,0.000000000000000000e+00,2.000000000000000000e+04
2.000000000000000111e-01,3.200000000000000178e+00,-5.954705234432818885e-03,-5.032464721791064105e-02,0.000000000000000000e+00,0.000000000000000000e+00,2.000000000000000000e+04
2.500000000000000000e-01,3.200000000000000178e+00,-6.879136644641673480e-03,-6.395813093421501283e-02,0.000000000000000000e+00,0.000000000000000000e+00,2.000000000000000000e+04
2.999999999999999889e-01,3.200000000000000178e+00,-7.441093401624304313e-03,-7.794144627283514093e-02,0.000000000000000000e+00,0.000000000000000000e+00,2.000000000000000000e+04
3.499999999999999778e-01,3.200000000000000178e+00,-7.581479646911905464e-03,-9.218910055628677658e-02,0.000000000000000000e+00,0.000000000000000000e+00,2.000000000000000000e+04
4.000000000000000222e-01,3.200000000000000178e+00,-7.250498899696223958e-03,-1.065920462471941915e-01,0.000000000000000000e+00,0.000000000000000000e+00,2.000000000000000000e+04
4.500000000000000111e-01,3.200000000000000178e+00,-6.410084039087043419e-03,-1.210211719256629737e-01,0.000000000000000000e+00,0.000000000000000000e+00,2.000000000000000000e+04
5.000000000000000000e-01,3.200000000000000178e+00,-5.036185472356263793e-03,-1.353313474210799949e-01,0.000000000000000000e+00,0.000000000000000000e+00,2.000000000000000000e+04
5.500000000000000444e-01,3.200000000000000178e+00,-3.120581785257106177e-03,-1.493661828463019869e-01,0.000000000000000000e+00,0.000000000000000000e+00,2.000000000000000000e+04
5.999999999999999778e-01,3.200000000000000178e+00,-6.717351707581857134e-04,-1.629634848341008913e-01,0.000000000000000000e+00,0.000000000000000000e+00,2.000000000000000000e+04
6.500000000000000222e-01,3.200000000000000178e+00,2.285840203853291373e-03,-1.759611416006847950e-01,0.000000000000000000e+00,0.000000000000000000e+00,2.000000000000000000e+04
6.999999999999999556e-01,3.200000000000000178e+00,5.714160258063009576e-03,-1.882028660905963602e-01,0.000000000000000000e+00,0.000000000000000000e+00,2.000000000000000000e+04
7.500000000000000000e-01,3.200000000000000178e+00,9.566544490688512134e-03,-1.995429028292490248e-01,0.000000000000000000e+00,0.000000000000000000e+00,2.000000000000000000e+04
8.000000000000000444e-01,3.200000000000000178e+00,1.379434753259370199e-02,-2.098483609353780921e-01,0.000000000000000000e+00,0.000000000000000000e+00,2.000000000000000000e+04
8.499999999999999778e-01,3.200000000000000178e+00,1.835534904232166004e-02,-2.189987842002900365e-01,0.000000000000000000e+00,0.000000000000000000e+00,2.000000000000000000e+04
9.000000000000000222e-01,3.200000000000000178e+00,2.322151171906306974e-02,-2.268787935808401768e-01,0.000000000000000000e+00,0.000000000000000000e+00,2.000000000000000000e+04
9.499999999999999556e-01,3.200000000000000178e+00,2.838259886951867428e-02,-2.333626054011126716e-01,0.000000000000000000e+00,0.000000000000000000e+00,2.000000000000000000e+04
1.000000000000000000e+00,3.200000000000000178e+00,3.384298168203442314e-02,-2.382935599215053879e-01,0.000000000000000000e+00,0.000000000000000000e+00,2.000000000000000000e+04
0.000000000000000000e+00,3.250000000000000000e+00,0.000000000000000000e+00,0.000000000000000000e+00,1.000000000000000000e+00,0.000000000000000000e+00,2.000000000000000000e+04
5.000000000000000278e-02,3.250000000000000000e+00,-1.557179213535623327e-03,-1.200965771062247056e-02,0.000000000000000000e+00,0.000000000000000000e+00,2.000000000000000000e+04
1.000000000000000056e-01,3.250000000000000000e+00,-3.059038039007238013e-03,-2.453252998170419100e-02,0.000000000000000000e+00,0.000000000000000000e+00,2.000000000000000000e+04
1.499999999999999944e-01,3.250000000000000000e+00,-4.424110257369195595e-03,-3.761147440437463685e-02,0.000000000000000000e+00,0.000000000000000000e+00,2.000000000000000000e+04
2.000000000000000111e-01,3.250000000000000000e+00,-5.569949584239518997e-03,-5.124872773423737315e-02,0.000000000000000000e+00,0.000000000000000000e+00,2.000000000000000000e+04
2.500000000000000000e-01,3.250000000000000000e+00,-6.416434863884485154e-03,-6.540974605098916206e-02,0.000000000000000000e+00,0.000000000000000000e+00,2.000000000000000000e+04
2.999999999999999889e-01,3.250000000000000000e+00,-6.888328391777383090e-03,-8.002689160027219584e-02,0.000000000000000000e+00,0.000000000000000000e+00,2.000000000000000000e+04
3.499999999999999778e-01,3.250000000000000000e+00,-6.917663485368475557e-03,-9.500276334234325493e-02,0.000000000000000000e+00,0.000000000000000000e+00,2.000000000000000000e+04
4.000000000000000222e-01,3.250000000000000000e+00,-6.446376119478861889e-03,-1.102133900334815869e-01,0.000000000000000000e+00,0.000000000000000000e+00,2.000000000000000000e+04
4.500000000000000111e-01,3.250000000000000000e+00,-5.429322992100479341e-03,-1.255117440256749151e-01,0.000000000000000000e+00,0.000000000000000000e+00,2.000000000000000000e+04
5.000000000000000000e-01,3.250000000000000000e+00,-3.837507246648433866e-03,-1.407320838882044345e-01,0.000000000000000000e+00,0.000000000000000000e+00,2.000000000000000000e+04
5.500000000000000444e-01,3.250000000000000000e+00,-1.661019232048338134e-03,-1.556955164349785592e-01,0.000000000000000000e+00,0.000000000000000000e+00,2.000000000000000000e+04
5.999999999999999778e-01,3.250000000000000000e+00,1.089054136539010674e-03,-1.702169114556866536e-01,0.000000000000000000e+00,0.000000000000000000e+00,2.000000000000000000e+04
6.500000000000000222e-01,3.250000000000000000e+00,4.380639188521951929e-03,-1.841129318057932729e-01,0.000000000000000000e+00,0.000000000000000000e+00,2.000000000000000000e+04
6.999999999999999556e-01,3.250000000000000000e+00,8.163467717198120976e-03,-1.972104825444922493e-01,0.000000000000000000e+00,0.000000000000000000e+00,2.000000000000000000e+04
7.500000000000000000e-01,3.250000000000000000e+00,1.237527121178163755e-02,-2.093543653873591592e-01,0.000000000000000000e+00,0.000000000000000000e+00,2.000000000000000000e+04
8.000000000000000444e-01,3.250000000000000000e+00,1.695130035325248877e-02,-2.204120475885799901e-01,0.000000000000000000e+00,0.000000000000000000e+00,2.000000000000000000e+04
8.499999999999999778e-01,3.250000000000000000e+00,2.183754840879162037e-02,-2.302758548986289511e-01,0.000000000000000000e+00,0.000000000000000000e+00,2.000000000000000000e+04
9.000000000000000222e-01,3.250000000000000000e+00,2.700395108027428895e-02,-2.388535855212633452e-01,0.000000000000000000e+00,0.000000000000000000e+00,2.000000000000000000e+04
9.499999999999999556e-01,3.250000000000000000e+00,3.245174168730848019e-02,-2.460454809230390449e-01,0.000000000000000000e+00,0.000000000000000000e+00,2.000000000000000000e+04
1.000000000000000000e+00,3.250000000000000000e+00,3.821100359509969208e-02,-2.517132285953357917e-01,0.000000000000000000e+00,0.000000000000000000e+00,2.000000000000000000e+04
0.000000000000000000e+00,3.299999999999999822e+00,0.000000000000000000e+00,0.000000000000000000e+00,1.000000000000000000e+00,0.000000000000000000e+00,2.000000000000000000e+04
5.000000000000000278e-02,3.299999999999999822e+00,-1.384707233791516306e-03,-1.200949066565573306e-02,0.000000000000000000e+00,0.000000000000000000e+00,2.000000000000000000e+04
1.000000000000000056e-01,3.299999999999999822e+00,-2.746733728465704325e-03,-2.467194757465374436e-02,0.000000000000000000e+00,0.000000000000000000e+00,2.000000000000000000e+04
1.499999999999999944e-01,3.299999999999999822e+00,-3.992282908069577640e-03,-3.803229278093971794e-02,0.000000000000000000e+00,0.000000000000000000e+00,2.000000000000000000e+04
2.000000000000000111e-01,3.299999999999999822e+00,-5.028016973498468205e-03,-5.208951020397219883e-02,0.000000000000000000e+00,0.000000000000000000e+00,2.000000000000000000e+04
2.500000000000000000e-01,3.299999999999999822e+00,-5.763825181214303310e-03,-6.680209728041036632e-02,0.000000000000000000e+00,0.000000000000000000e+00,2.000000000000000000e+04
2.999999999999999889e-01,3.299999999999999822e+00,-6.114701938234511948e-03,-8.209249145568217609e-02,0.000000000000000000e+00,0.000000000000000000e+00,2.000000000000000000e+04
3.499999999999999778e-01,3.299999999999999822e+00,-6.002686628360864342e-03,-9.785038575809217043e-02,0.000000000000000000e+00,0.000000000000000000e+00,2.000000000000000000e+04
4.000000000000000222e-01,3.299999999999999822e+00,-5.359559491775123079e-03,-1.139354664335284484e-01,0.000000000000000000e+00,0.000000000000000000e+00,2.000000000000000000e+04
4.500000000000000111e-01,3.299999999999999822e+00,-4.130579823700112133e-03,-1.301804386356485710e-01,0.000000000000000000e+00,0.000000000000000000e+00,2.000000000000000000e+04
5.000000000000000000e-01,3.299999999999999822e+00,-2.279070620855636661e-03,-1.463952712121908417e-01,0.000000000000000000e+00,0.000000000000000000e+00,2.000000000000000000e+04
5.500000000000000444e-01,3.299999999999999822e+00,2.088367616318801269e-04,-1.623734284655349858e-01,0.000000000000000000e+00,0.000000000000000000e+00,2.000000000000000000e+04
5.999999999999999778e-01,3.299999999999999822e+00,3.320415419128757047e-03,-1.779005001082324677e-01,0.000000000000000000e+00,0.000000000000000000e+00,2.000000000000000000e+04
6.500000000000000222e-01,3.299999999999999822e+00,7.014927667230138990e-03,-1.927651177191714860e-01,0.000000000000000000e+00,0.000000000000000000e+00,2.000000000000000000e+04
6.999999999999999556e-01,3.299999999999999822e+00,1.122607881256430795e-02,-2.067713782043206772e-01,0.000000000000000000e+00,0.000000000000000000e+00,2.000000000000000000e+04
7.500000000000000000e-01,3.299999999999999822e+00,1.586962129262710006e-02,-2.197512076119256530e-01,0.000000000000000000e+00,0.000000000000000000e+00,2.000000000000000000e+04
8.000000000000000444e-01,3.299999999999999822e+00,2.085633372490114032e-02,-2.315733742080186008e-01,0.000000000000000000e+00,0.000000000000000000e+00,2.000000000000000000e+04
8.499999999999999778e-01,3.299999999999999822e+00,2.611264767339965820e-02,-2.421520348231589737e-01,0.000000000000000000e+00,0.000000000000000000e+00,2.000000000000000000e+04
9.000000000000000222e-01,3.299999999999999822e+00,3.160244828247437548e-02,-2.514351342438088110e-01,0.000000000000000000e+00,0.000000000000000000e+00,2.000000000000000000e+04
9.499999999999999556e-01,3.299999999999999822e+00,3.734024970802289622e-02,-2.593700408958355963e-01,0.000000000000000000e+00,0.000000000000000000e+00,2.000000000000000000e+04
1.000000000000000000e+00,3.299999999999999822e+00,4.339020643808865624e-02,-2.658573167910883717e-01,0.000000000000000000e+00,0.000000000000000000e+00,2.000000000000000000e+04
0.000000000000000000e+00,3.350000000000000089e+00,0.000000000000000000e+00,0.000000000000000000e+00,1.000000000000000000e+00,0.000000000000000000e+00,2.000000000000000000e+04
5.000000000000000278e-02,3.350000000000000089e+00,-1.158359317094345220e-03,-1.195225839232281866e-02,0.000000000000000000e+00,0.000000000000000000e+00,2.000000000000000000e+04
1.000000000000000056e-01,3.350000000000000089e+00,-2.330267436264112091e-03,-2.472148916537853999e-02,0.000000000000000000e+00,0.000000000000000000e+00,2.000000000000000000e+04
1.499999999999999944e-01,3.350000000000000089e+00,-3.408991115064334901e-03,-3.835171580127314656e-02,0.000000000000000000e+00,0.000000000000000000e+00,2.000000000000000000e+04
2.000000000000000111e-01,3.350000000000000089e+00,-4.290657443302745011e-03,-5.283618631534454241e-02,0.000000000000000000e+00,0.000000000000000000e+00,2.000000000000000000e+04
2.500000000000000000e-01,3.350000000000000089e+00,-4.875772993150302020e-03,-6.812494323577325539e-02,0.000000000000000000e+00,0.000000000000000000e+00,2.000000000000000000e+04
2.999999999999999889e-01,3.350000000000000089e+00,-5.069695910396053613e-03,-8.412993071762148167e-02,0.000000000000000000e+00,0.000000000000000000e+00,2.000000000000000000e+04
3.499999999999999778e-01,3.350000000000000089e+00,-4.783546931402567551e-03,-1.007277778407819346e-01,0.000000000000000000e+00,0.000000000000000000e+00,2.000000000000000000e+04
4.000000000000000222e-01,3.350000000000000089e+00,-3.936666032426397628e-03,-1.177612793426337234e-01,0.000000000000000000e+00,0.000000000000000000e+00,2.000000000000000000e+04
4.500000000000000111e-01,3.350000000000000089e+00,-2.461150688337441789e-03,-1.350410461139417151e-01,0.000000000000000000e+00,0.000000000000000000e+00,2.000000000000000000e+04
5.000000000000000000e-01,3.350000000000000089e+00,-3.083236953573472187e-04,-1.523488919514815187e-01,0.000000000000000000e+00,0.000000000000000000e+00,2.000000000000000000e+04
5.500000000000000444e-01,3.350000000000000089e+00,2.543763534030824437e-03,-1.694443196335778112e-01,0.000000000000000000e+00,0.000000000000000000e+00,2.000000000000000000e+04
5.999999999999999778e-01,3.350000000000000089e+00,6.083395920084677840e-03,-1.860750027627064151e-01,0.000000000000000000e+00,0.000000000000000000e+00,2.000000000000000000e+04
6.500000000000000222e-01,3.350000000000000089e+00,1.026099885926837034e-02,-2.019914531800416913e-01,0.000000000000000000e+00,0.000000000000000000e+00,2.000000000000000000e+04
6.999999999999999556e-01,3.350000000000000089e+00,1.499015584082927406e-02,-2.169651314872740877e-01,0.000000000000000000e+00,0.000000000000000000e+00,2.000000000000000000e+04
7.500000000000000000e-01,3.350000000000000089e+00,2.015623218694780061e-02,-2.308081196319881345e-01,0.000000000000000000e+00,0.000000000000000000e+00,2.000000000000000000e+04
8.000000000000000444e-01,3.350000000000000089e+00,2.563327081192150539e-02,-2.433890241803147725e-01,0.000000000000000000e+00,0.000000000000000000e+00,2.000000000000000000e+04
8.499999999999999778e-01,3.350000000000000089e+00,3.131620207285459173e-02,-2.546556076183089656e-01,0.000000000000000000e+00,0.000000000000000000e+00,2.000000000000000000e+04
9.000000000000000222e-01,3.350000000000000089e+00,3.715618787111276550e-02,-2.646203804913582203e-01,0.000000000000000000e+00,0.000000000000000000e+00,2.000000000000000000e+04
9.499999999999999556e-01,3.350000000000000089e+00,4.318239021418151385e-02,-2.733085145406466410e-01,0.000000000000000000e+00,0.000000000000000000e+00,2.000000000000000000e+04
1.000000000000000000e+00,3.350000000000000089e+00,4.950318980195352048e-02,-2.806897200266518788e-01,0.000000000000000000e+00,0.000000000000000000e+00,2.000000000000000000e+04
0.000000000000000000e+00,3.399999999999999911e+00,0.000000000000000000e+00,0.000000000000000000e+00,1.000000000000000000e+00,0.000000000000000000e+00,2.000000000000000000e+04
5.000000000000000278e-02,3.399999999999999911e+00,-8.661837836329026787e-04,-1.183292605824273758e-02,0.000000000000000000e+00,0.000000000000000000e+00,2.000000000000000000e+04
1.000000000000000056e-01,3.399999999999999911e+00,-1.784742085005581970e-03,-2.467411455223161507e-02,0.000000000000000000e+00,0.000000000000000000e+00,2.000000000000000000e+04
1.499999999999999944e-01,3.399999999999999911e+00,-2.636152819879910604e-03,-3.856173100434878015e-02,0.000000000000000000e+00,0.000000000000000000e+00,2.000000000000000000e+04
2.000000000000000111e-01,3.399999999999999911e+00,-3.307591434702314859e-03,-5.347971787212801864e-02,0.000000000000000000e+00,0.000000000000000000e+00,2.000000000000000000e+04
2.500000000000000000e-01,3.399999999999999911e+00,-3.692150349503315557e-03,-6.936812906373593379e-02,0.000000000000000000e+00,0.000000000000000000e+00,2.000000000000000000e+04
2.999999999999999889e-01,3.399999999999999911e+00,-3.686829832202215534e-03,-8.612874243734509883e-02,0.000000000000000000e+00,0.000000000000000000e+00,2.000000000000000000e+04
3.499999999999999778e-01,3.399999999999999911e+00,-3.191504098137319407e-03,-1.036264856036833160e-01,0.000000000000000000e+00,0.000000000000000000e+00,2.000000000000000000e+04
4.000000000000000222e-01,3.399999999999999911e+00,-2.110549460735477306e-03,-1.216884061697818403e-01,0.000000000000000000e+00,0.000000000000000000e+00,2.000000000000000000e+04
4.500000000000000111e-01,3.399999999999999911e+00,-3.580966929519798360e-04,-1.401025070508639392e-01,0.000000000000000000e+00,0.000000000000000000e+00,2.000000000000000000e+04
5.000000000000000000e-01,3.399999999999999911e+00,2.133047561161256680e-03,-1.586189308241293394e-01,0.000000000000000000e+00,0.000000000000000000e+00,2.000000000000000000e+04
5.500000000000000444e-01,3.399999999999999911e+00,5.399853249458883703e-03,-1.769557733719870074e-01,0.000000000000000000e+00,0.000000000000000000e+00,2.000000000000000000e+04
5.999999999999999778e-01,3.399999999999999911e+00,9.437085343264131967e-03,-1.948112428654507622e-01,0.000000000000000000e+00,0.000000000000000000e+00,2.000000000000000000e+04
6.500000000000000222e-01,3.399999999999999911e+00,1.418811323961326198e-02,-2.118829664828974779e-01,0.000000000000000000e+00,0.000000000000000000e+00,2.000000000000000000e+04
6.999999999999999556e-01,3.399999999999999911e+00,1.954245979956949555e-02,-2.278939978530354071e-01,0.000000000000000000e+00,0.000000000000000000e+00,2.000000000000000000e+04
7.500000000000000000e-01,3.399999999999999911e+00,2.534429481130873879e-02,-2.426235239408079392e-01,0.000000000000000000e+00,0.000000000000000000e+00,2.000000000000000000e+04
8.000000000000000444e-01,3.399999999999999911e+00,3.141291110163790118e-02,-2.559331255168523223e-01,0.000000000000000000e+00,0.000000000000000000e+00,2.000000000000000000e+04
8.499999999999999778e-01,3.399999999999999911e+00,3.759372310148142299e-02,-2.678196329454561875e-01,0.000000000000000000e+00,0.000000000000000000e+00,2.000000000000000000e+04
9.000000000000000222e-01,3.399999999999999911e+00,4.381491022494151538e-02,-2.783954090034993500e-01,0.000000000000000000e+00,0.000000000000000000e+00,2.000000000000000000e+04
9.499999999999999556e-01,3.399999999999999911e+00,5.012100666067560023e-02,-2.878072621380103335e-01,0.000000000000000000e+00,0.000000000000000000e+00,2.000000000000000000e+04
1.000000000000000000e+00,3.399999999999999911e+00,5.667662954744842607e-02,-2.961372932641916367e-01,0.000000000000000000e+00,0.000000000000000000e+00,2.000000000000000000e+04
0.000000000000000000e+00,3.450000000000000178e+00,0.000000000000000000e+00,0.000000000000000000e+00,1.000000000000000000e+00,0.000000000000000000e+00,2.000000000000000000e+04
5.000000000000000278e-02,3.450000000000000178e+00,-4.933422321419712485e-04,-1.164896442047087984e-02,0.000000000000000000e+00,0.000000000000000000e+00,2.000000000000000000e+04
1.000000000000000056e-01,3.450000000000000178e+00,-1.078428168716135229e-03,-2.452736941329205708e-02,0.000000000000000000e+00,0.000000000000000000e+00,2.000000000000000000e+04
1.499999999999999944e-01,3.450000000000000178e+00,-1.624283827104342718e-03,-3.865967218269616978e-02,0.000000000000000000e+00,0.000000000000000000e+00,2.000000000000000000e+04
2.000000000000000111e-01,3.450000000000000178e+00,-2.012546322561952015e-03,-5.401541572847117639e-02,0.000000000000000000e+00,0.000000000000000000e+00,2.000000000000000000e+04
2.500000000000000000e-01,3.450000000000000178e+00,-2.132927852948956430e-03,-7.052315700926314879e-02,0.000000000000000000e+00,0.000000000000000000e+00,2.000000000000000000e+04
2.999999999999999889e-01,3.450000000000000178e+00,-1.877244295912910629e-03,-8.807625840390487237e-02,0.000000000000000000e+00,0.000000000000000000e+00,2.000000000000000000e+04
3.499999999999999778e-01,3.450000000000000178e+00,-1.135086271070386834e-03,-1.065317658518971367e-01,0.000000000000000000e+00,0.000000000000000000e+00,2.000000000000000000e+04
4.000000000000000222e-01,3.450000000000000178e+00,2.064364899428362474e-04,-1.257050512992026747e-01,0.000000000000000000e+00,0.000000000000000000e+00,2.000000000000000000e+04
4.500000000000000111e-01,3.450000000000000178e+00,2.257211017650889717e-03,-1.453636233842965364e-01,0.000000000000000000e+00,0.000000000000000000e+00,2.000000000000000000e+04
5.000000000000000000e-01,3.450000000000000178e+00,5.112311272045318156e-03,-1.652238521816849492e-01,0.000000000000000000e+00,0.000000000000000000e+00,2.000000000000000000e+04
5.500000000000000444e-01,3.450000000000000178e+00,8.834805676625276036e-03,-1.849542827730258077e-01,0.000000000000000000e+00,0.000000000000000000e+00,2.000000000000000000e+04
5.999999999999999778e-01,3.450000000000000178e+00,1.343597672336812980e-02,-2.041886215055401244e-01,0.000000000000000000e+00,0.000000000000000000e+00,2.000000000000000000e+04
6.500000000000000222e-01,3.450000000000000178e+00,1.885759611571777641e-02,-2.225503485713141161e-01,0.000000000000000000e+00,0.000000000000000000e+00,2.000000000000000000e+04
6.999999999999999556e-01,3.450000000000000178e+00,2.496239652023102273e-02,-2.396892937960481973e-01,0.000000000000000000e+00,0.000000000000000000e+00,2.000000000000000000e+04
7.500000000000000000e-01,3.450000000000000178e+00,3.153984054398578651e-02,-2.553285406954446946e-01,0.000000000000000000e+00,0.000000000000000000e+00,2.000000000000000000e+04
8.000000000000000444e-01,3.450000000000000178e+00,3.832767340759873215e-02,-2.693045783951351635e-01,0.000000000000000000e+00,0.000000000000000000e+00,2.000000000000000000e+04
8.499999999999999778e-01,3.450000000000000178e+00,4.509501674102094765e-02,-2.816846343956571630e-01,0.000000000000000000e+00,0.000000000000000000e+00,2.000000000000000000e+04
9.000000000000000222e-01,3.450000000000000178e+00,5.173247117367209269e-02,-2.927325548979471392e-01,0.000000000000000000e+00,0.000000000000000000e+00,2.000000000000000000e+04
9.499999999999999556e-01,3.450000000000000178e+00,5.830015661583674152e-02,-3.027782217977529333e-01,0.000000000000000000e+00,0.000000000000000000e+00,2.000000000000000000e+04
1.000000000000000000e+00,3.450000000000000178e+00,6.503262157794037490e-02,-3.120756347085535398e-01,0.000000000000000000e+00,0.000000000000000000e+00,2.000000000000000000e+04
0.000000000000000000e+00,3.500000000000000000e+00,0.000000000000000000e+00,0.000000000000000000e+00,1.000000000000000000e+00,0.000000000000000000e+00,2.000000000000000000e+04
5.000000000000000278e-02,3.500000000000000000e+00,-2.160549170064178843e-05,-1.140239904374102699e-02,0.000000000000000000e+00,0.000000000000000000e+00,2.000000000000000000e+04
1.000000000000000056e-01,3.500000000000000000e+00,-1.712709909678711078e-04,-2.428699945308424035e-02,0.000000000000000000e+00,0.000000000000000000e+00,2.000000000000000000e+04
1.499999999999999944e-01,3.500000000000000000e+00,-3.096302924393231118e-04,-3.865260511174379437e-02,0.000000000000000000e+00,0.000000000000000000e+00,2.000000000000000000e+04
2.000000000000000111e-01,3.500000000000000000e+00,-3.187183413257560233e-04,-5.444715082994910221e-02,0.000000000000000000e+00,0.000000000000000000e+00,2.000000000000000000e+04
2.500000000000000000e-01,3.500000000000000000e+00,-9.177351668667584289e-05,-7.158622843021966720e-02,0.000000000000000000e+00,0.000000000000000000e+00,2.000000000000000000e+04
2.999999999999999889e-01,3.500000000000000000e+00,4.785424782172968575e-04,-8.995852745222827906e-02,0.000000000000000000e+00,0.000000000000000000e+00,2.000000000000000000e+04
3.499999999999999778e-01,3.500000000000000000e+00,1.509570934943357551e-03,-1.094206363793188558e-01,0.000000000000000000e+00,0.000000000000000000e+00,2.000000000000000000e+04
4.000000000000000222e-01,3.500000000000000000e+00,3.132536586411749022e-03,-1.297849703094058615e-01,0.000000000000000000e+00,0.000000000000000000e+00,2.000000000000000000e+04
4.500000000000000111e-01,3.500000000000000000e+00,5.488139166929534817e-03,-1.508053737766707758e-01,0.000000000000000000e+00,0.000000000000000000e+00,2.000000000000000000e+04
5.000000000000000000e-01,3.500000000000000000e+00,8.712018396271489773e-03,-1.721657397557098401e-01,0.000000000000000000e+00,0.000000000000000000e+00,2.000000000000000000e+04
5.500000000000000444e-01,3.500000000000000000e+00,1.291022364184612158e-02,-1.934774236741210462e-01,0.000000000000000000e+00,0.000000000000000000e+00,2.000000000000000000e+04
5.999999999999999778e-01,3.500000000000000000e+00,1.812780068540352507e-02,-2.142908413916519705e-01,0.000000000000000000e+00,0.000000000000000000e+00,2.000000000000000000e+04
6.500000000000000222e-01,3.500000000000000000e+00,2.431694728028670205e-02,-2.341253006516198498e-01,0.000000000000000000e+00,0.000000000000000000e+00,2.000000000000000000e+04
6.999999999999999556e-01,3.500000000000000000e+00,3.131412669325625564e-02,-2.525190438928563985e-01,0.000000000000000000e+00,0.000000000000000000e+00,2.000000000000000000e+04
7.500000000000000000e-01,3.500000000000000000e+00,3.883782984281079070e-02,-2.690992138334241113e-01,0.000000000000000000e+00,0.000000000000000000e+00,2.000000000000000000e+04
8.000000000000000444e-01,3.500000000000000000e+00,4.650332420800360606e-02,-2.836365743260119143e-01,0.000000000000000000e+00,0.000000000000000000e+00,2.000000000000000000e+04
8.499999999999999778e-01,3.500000000000000000e+00,5.396418615607007779e-02,-2.963015343139092095e-01,0.000000000000000000e+00,0.000000000000000000e+00,2.000000000000000000e+04
9.000000000000000222e-01,3.500000000000000000e+00,6.105471656710034778e-02,-3.075865179425297802e-01,0.000000000000000000e+00,0.000000000000000000e+00,2.000000000000000000e+04
9.499999999999999556e-01,3.500000000000000000e+00,6.785141983846479374e-02,-3.180884347804847079e-01,0.000000000000000000e+00,0.000000000000000000e+00,2.000000000000000000e+04
1.000000000000000000e+00,3.500000000000000000e+00,7.467360190730343295e-02,-3.283111071957933724e-01,0.000000000000000000e+00,0.000000000000000000e+00,2.000000000000000000e+04
0.000000000000000000e+00,3.549999999999999822e+00,0.000000000000000000e+00,0.000000000000000000e+00,1.000000000000000000e+00,0.000000000000000000e+00,2.000000000000000000e+04
5.000000000000000278e-02,3.549999999999999822e+00,5.710976795932430194e-04,-1.110265348410124746e-02,0.000000000000000000e+00,0.000000000000000000e+00,2.000000000000000000e+04
1.000000000000000056e-01,3.549999999999999822e+00,9.865520202186480684e-04,-2.397202439366991067e-02,0.000000000000000000e+00,0.000000000000000000e+00,2.000000000000000000e+04
1.499999999999999944e-01,3.549999999999999822e+00,1.388682203115084888e-03,-3.856362465638620007e-02,0.000000000000000000e+00,0.000000000000000000e+00,2.000000000000000000e+04
2.000000000000000111e-01,3.549999999999999822e+00,1.885892368613928567e-03,-5.479375416128563075e-02,0.000000000000000000e+00,0.000000000000000000e+00,2.000000000000000000e+04
2.500000000000000000e-01,3.549999999999999822e+00,2.570919295938209337e-03,-7.256354781796013620e-02,0.000000000000000000e+00,0.000000000000000000e+00,2.000000000000000000e+04
2.999999999999999889e-01,3.549999999999999822e+00,3.540380380201507953e-03,-9.176318057832191788e-02,0.000000000000000000e+00,0.000000000000000000e+00,2.000000000000000000e+04
3.499999999999999778e-01,3.549999999999999822e+00,4.911299740881917494e-03,-1.122609276734306410e-01,0.000000000000000000e+00,0.000000000000000000e+00,2.000000000000000000e+04
4.000000000000000222e-01,3.549999999999999822e+00,6.831153109596064393e-03,-1.338817415496378060e-01,0.000000000000000000e+00,0.000000000000000000e+00,2.000000000000000000e+04
4.500000000000000111e-01,3.549999999999999822e+00,9.477354673481458436e-03,-1.563804930768318557e-01,0.000000000000000000e+00,0.000000000000000000e+00,2.000000000000000000e+04
5.000000000000000000e-01,3.549999999999999822e+00,1.304180880123620261e-02,-1.794168321762262541e-01,0.000000000000000000e+00,0.000000000000000000e+00,2.000000000000000000e+04
5.500000000000000444e-01,3.549999999999999822e+00,1.769806299353705176e-02,-2.025405583830292011e-01,0.000000000000000000e+00,0.000000000000000000e+00,2.000000000000000000e+04
5.999999999999999778e-01,3.549999999999999822e+00,2.355329889727171208e-02,-2.251969009170176894e-01,0.000000000000000000e+00,0.000000000000000000e+00,2.000000000000000000e+04
6.500000000000000222e-01,3.549999999999999822e+00,3.059362371920045648e-02,-2.467596153355472999e-01,0.000000000000000000e+00,0.000000000000000000e+00,2.000000000000000000e+04
6.999999999999999556e-01,3.549999999999999822e+00,3.863691840479202555e-02,-2.665969784927078035e-01,0.000000000000000000e+00,0.000000000000000000e+00,2.000000000000000000e+04
7.500000000000000000e-01,3.549999999999999822e+00,4.731230051387683155e-02,-2.841734661100193682e-01,0.000000000000000000e+00,0.000000000000000000e+00,2.000000000000000000e+04
8.000000000000000444e-01,3.549999999999999822e+00,5.604730978301026428e-02,-2.991081040630160226e-01,0.000000000000000000e+00,0.000000000000000000e+00,2.000000000000000000e+04
8.499999999999999778e-01,3.549999999999999822e+00,6.432328448290081102e-02,-3.117334383097439265e-01,0.000000000000000000e+00,0.000000000000000000e+00,2.000000000000000000e+04
9.000000000000000222e-01,3.549999999999999822e+00,7.189832660909696582e-02,-3.228885327767133107e-01,0.000000000000000000e+00,0.000000000000000000e+00,2.000000000000000000e+04
9.499999999999999556e-01,3.549999999999999822e+00,7.887004548043231866e-02,-3.335477622161281408e-01,0.000000000000000000e+00,0.000000000000000000e+00,2.000000000000000000e+04
1.000000000000000000e+00,3.549999999999999822e+00,8.565733465010637315e-02,-3.445594152616869854e-01,0.000000000000000000e+00,0.000000000000000000e+00,2.000000000000000000e+04
0.000000000000000000e+00,3.600000000000000089e+00,0.000000000000000000e+00,0.000000000000000000e+00,1.000000000000000000e+00,0.000000000000000000e+00,2.000000000000000000e+04
5.000000000000000278e-02,3.600000000000000089e+00,1.311106511891108745e-03,-1.077032014145064102e-02,0.000000000000000000e+00,0.000000000000000000e+00,2.000000000000000000e+04
1.000000000000000056e-01,3.600000000000000089e+00,2.455985829166269438e-03,-2.362147979035231909e-02,0.000000000000000000e+00,0.000000000000000000e+00,2.000000000000000000e+04
1.499999999999999944e-01,3.600000000000000089e+00,3.571184931759069023e-03,-3.844029054941091456e-02,0.000000000000000000e+00,0.000000000000000000e+00,2.000000000000000000e+04
2.000000000000000111e-01,3.600000000000000089e+00,4.742538782107113583e-03,-5.509800158801200082e-02,0.000000000000000000e+00,0.000000000000000000e+00,2.000000000000000000e+04
2.500000000000000000e-01,3.600000000000000089e+00,6.034402283557773958e-03,-7.347972695394634768e-02,0.000000000000000000e+00,0.000000000000000000e+00,2.000000000000000000e+04
2.999999999999999889e-01,3.600000000000000089e+00,7.518459843173779834e-03,-9.348569143732921027e-02,0.000000000000000000e+00,0.000000000000000000e+00,2.000000000000000000e+04
3.499999999999999778e-01,3.600000000000000089e+00,9.298727234450658227e-03,-1.150131812168430911e-01,0.000000000000000000e+00,0.000000000000000000e+00,2.000000000000000000e+04
4.000000000000000222e-01,3.600000000000000089e+00,1.153063742213071390e-02,-1.379239310976307087e-01,0.000000000000000000e+00,0.000000000000000000e+00,2.000000000000000000e+04
4.500000000000000111e-01,3.600000000000000089e+00,1.442947265129036934e-02,-1.620006718566643911e-01,0.000000000000000000e+00,0.000000000000000000e+00,2.000000000000000000e+04
5.000000000000000000e-01,3.600000000000000089e+00,1.825956439651773427e-02,-1.869000920519692521e-01,0.000000000000000000e+00,0.000000000000000000e+00,2.000000000000000000e+04
5.500000000000000444e-01,3.600000000000000089e+00,2.329522225096676558e-02,-2.121152574713993932e-01,0.000000000000000000e+00,0.000000000000000000e+00,2.000000000000000000e+04
5.999999999999999778e-01,3.600000000000000089e+00,2.975088253221729040e-02,-2.369641624336018548e-01,0.000000000000000000e+00,0.000000000000000000e+00,2.000000000000000000e+04
6.500000000000000222e-01,3.600000000000000089e+00,3.769001157701279414e-02,-2.606198693450791914e-01,0.000000000000000000e+00,0.000000000000000000e+00,2.000000000000000000e+04
6.999999999999999556e-01,3.600000000000000089e+00,4.693447713815525335e-02,-2.821930620970528047e-01,0.000000000000000000e+00,0.000000000000000000e+00,2.000000000000000000e+04
7.500000000000000000e-01,3.600000000000000089e+00,5.700586075532037417e-02,-3.008755882016834193e-01,0.000000000000000000e+00,0.000000000000000000e+00,2.000000000000000000e+04
8.000000000000000444e-01,3.600000000000000089e+00,6.703374681566365290e-02,-3.159561361823746140e-01,0.000000000000000000e+00,0.000000000000000000e+00,2.000000000000000000e+04
8.499999999999999778e-01,3.600000000000000089e+00,7.624697031719027129e-02,-3.280528573409310367e-01,0.000000000000000000e+00,0.000000000000000000e+00,2.000000000000000000e+04
9.000000000000000222e-01,3.600000000000000089e+00,8.431574996674175149e-02,-3.385366363486922991e-01,0.000000000000000000e+00,0.000000000000000000e+00,2.000000000000000000e+04
9.499999999999999556e-01,3.600000000000000089e+00,9.137531356669427451e-02,-3.488955004886667433e-01,0.000000000000000000e+00,0.000000000000000000e+00,2.000000000000000000e+04
1.000000000000000000e+00,3.600000000000000089e+00,9.795707636461900569e-02,-3.604227517235495393e-01,0.000000000000000000e+00,0.000000000000000000e+00,2.000000000000000000e+04
0.000000000000000000e+00,3.649999999999999911e+00,0.000000000000000000e+00,0.000000000000000000e+00,1.000000000000000000e+00,0.000000000000000000e+00,2.000000000000000000e+04
5.000000000000000278e-02,3.649999999999999911e+00,2.229652925702630805e-03,-1.044207653366106478e-02,0.000000000000000000e+00,0.000000000000000000e+00,2.000000000000000000e+04
1.000000000000000056e-01,3.649999999999999911e+00,4.310646274251648744e-03,-2.330296344549962276e-02,0.000000000000000000e+00,0.000000000000000000e+00,2.000000000000000000e+04
1.499999999999999944e-01,3.649999999999999911e+00,6.360220412021939766e-03,-3.836506217302481508e-02,0.000000000000000000e+00,0.000000000000000000e+00,2.000000000000000000e+04
2.000000000000000111e-01,3.649999999999999911e+00,8.424321611957334005e-03,-5.543802221029341809e-02,0.000000000000000000e+00,0.000000000000000000e+00,2.000000000000000000e+04
2.500000000000000000e-01,3.649999999999999911e+00,1.052141783797962658e-02,-7.438970219869914247e-02,0.000000000000000000e+00,0.000000000000000000e+00,2.000000000000000000e+04
2.999999999999999889e-01,3.649999999999999911e+00,1.268065922197448257e-02,-9.514070438912693162e-02,0.000000000000000000e+00,0.000000000000000000e+00,2.000000000000000000e+04
3.499999999999999778e-01,3.649999999999999911e+00,1.497455623461648594e-02,-1.176385459069329426e-01,0.000000000000000000e+00,0.000000000000000000e+00,2.000000000000000000e+04
4.000000000000000222e-01,3.649999999999999911e+00,1.754843768341592808e-02,-1.418148741385220901e-01,0.000000000000000000e+00,0.000000000000000000e+00,2.000000000000000000e+04
4.500000000000000111e-01,3.649999999999999911e+00,2.064451857632228216e-02,-1.675237217681186663e-01,0.000000000000000000e+00,0.000000000000000000e+00,2.000000000000000000e+04
5.000000000000000000e-01,3.649999999999999911e+00,2.460815937383342700e-02,-1.944630133343519529e-01,0.000000000000000000e+00,0.000000000000000000e+00,2.000000000000000000e+04
5.500000000000000444e-01,3.649999999999999911e+00,2.985382772870055768e-02,-2.220953542693198390e-01,0.000000000000000000e+00,0.000000000000000000e+00,2.000000000000000000e+04
5.999999999999999778e-01,3.649999999999999911e+00,3.677218956876154854e-02,-2.495979837901825815e-01,0.000000000000000000e+00,0.000000000000000000e+00,2.000000000000000000e+04
6.500000000000000222e-01,3.649999999999999911e+00,4.558270334745156971e-02,-2.758738195326511655e-01,0.000000000000000000e+00,0.000000000000000000e+00,2.000000000000000000e+04
6.999999999999999556e-01,3.649999999999999911e+00,5.616470265663700556e-02,-2.996460051675498004e-01,0.000000000000000000e+00,0.000000000000000000e+00,2.000000000000000000e+04
7.500000000000000000e-01,3.649999999999999911e+00,6.792158858560194690e-02,-3.196542056623258854e-01,0.000000000000000000e+00,0.000000000000000000e+00,2.000000000000000000e+04
8.000000000000000444e-01,3.649999999999999911e+00,7.948607767185329742e-02,-3.344846560676674185e-01,0.000000000000000000e+00,0.000000000000000000e+00,2.000000000000000000e+04
8.499999999999999778e-01,3.649999999999999911e+00,8.972472866907850453e-02,-3.453271270926718262e-01,0.000000000000000000e+00,0.000000000000000000e+00,2.000000000000000000e+04
9.000000000000000222e-01,3.649999999999999911e+00,9.823948781390820506e-02,-3.543783344171532734e-01,0.000000000000000000e+00,0.000000000000000000e+00,2.000000000000000000e+04
9.499999999999999556e-01,3.649999999999999911e+00,1.052474465864260827e-01,-3.637877606690760324e-01,0.000000000000000000e+00,0.000000000000000000e+00,2.000000000000000000e+04
1.000000000000000000e+00,3.649999999999999911e+00,1.114007356736980842e-01,-3.753710269044977510e-01,0.000000000000000000e+00,0.000000000000000000e+00,2.000000000000000000e+04
0.000000000000000000e+00,3.700000000000000178e+00,0.000000000000000000e+00,0.000000000000000000e+00,1.000000000000000000e+00,0.000000000000000000e+00,2.000000000000000000e+04
5.000000000000000278e-02,3.700000000000000178e+00,3.364371546631468937e-03,-1.017731582745125610e-02,0.000000000000000000e+00,0.000000000000000000e+00,2.000000000000000000e+04
1.000000000000000056e-01,3.700000000000000178e+00,6.639618908334322597e-03,-2.312313729674311466e-02,0.000000000000000000e+00,0.000000000000000000e+00,2.000000000000000000e+04
1.499999999999999944e-01,3.700000000000000178e+00,9.902381016449439063e-03,-3.846698472234881538e-02,0.000000000000000000e+00,0.000000000000000000e+00,2.000000000000000000e+04
2.000000000000000111e-01,3.700000000000000178e+00,1.313681882099037614e-02,-5.593983266454479603e-02,0.000000000000000000e+00,0.000000000000000000e+00,2.000000000000000000e+04
2.500000000000000000e-01,3.700000000000000178e+00,1.629715518785091605e-02,-7.539322123067257464e-02,0.000000000000000000e+00,0.000000000000000000e+00,2.000000000000000000e+04
2.999999999999999889e-01,3.700000000000000178e+00,1.935254421310955708e-02,-9.677925267731166126e-02,0.000000000000000000e+00,0.000000000000000000e+00,2.000000000000000000e+04
3.499999999999999778e-01,3.700000000000000178e+00,2.232262780515877412e-02,-1.201168407381521808e-01,0.000000000000000000e+00,0.000000000000000000e+00,2.000000000000000000e+04
4.000000000000000222e-01,3.700000000000000178e+00,2.531387339878167497e-02,-1.454445677089911682e-01,0.000000000000000000e+00,0.000000000000000000e+00,2.000000000000000000e+04
4.500000000000000111e-01,3.700000000000000178e+00,2.856250003179200761e-02,-1.727481037945500508e-01,0.000000000000000000e+00,0.000000000000000000e+00,2.000000000000000000e+04
5.000000000000000000e-01,3.700000000000000178e+00,3.247698023680146984e-02,-2.018468046474638788e-01,0.000000000000000000e+00,0.000000000000000000e+00,2.000000000000000000e+04
5.500000000000000444e-01,3.700000000000000178e+00,3.764197512041379812e-02,-2.322451320806221686e-01,0.000000000000000000e+00,0.000000000000000000e+00,2.000000000000000000e+04
5.999999999999999778e-01,3.700000000000000178e+00,4.472166416624117485e-02,-2.629977613756731558e-01,0.000000000000000000e+00,0.000000000000000000e+00,2.000000000000000000e+04
6.500000000000000222e-01,3.700000000000000178e+00,5.423271880435232006e-02,-2.926604320363908607e-01,0.000000000000000000e+00,0.000000000000000000e+00,2.000000000000000000e+04
6.999999999999999556e-01,3.700000000000000178e+00,6.623186777885638199e-02,-3.193785072748550613e-01,0.000000000000000000e+00,0.000000000000000000e+00,2.000000000000000000e+04
7.500000000000000000e-01,3.700000000000000178e+00,8.002279715074253619e-02,-3.411469491050788672e-01,0.000000000000000000e+00,0.000000000000000000e+00,2.000000000000000000e+04
8.000000000000000444e-01,3.700000000000000178e+00,9.335913660355468768e-02,-3.550613985485642776e-01,0.000000000000000000e+00,0.000000000000000000e+00,2.000000000000000000e+04
8.499999999999999778e-01,3.700000000000000178e+00,1.046058243382925190e-01,-3.635782029600543308e-01,0.000000000000000000e+00,0.000000000000000000e+00,2.000000000000000000e+04
9.000000000000000222e-01,3.700000000000000178e+00,1.133972021508008465e-01,-3.701794330852410386e-01,0.000000000000000000e+00,0.000000000000000000e+00,2.000000000000000000e+04
9.499999999999999556e-01,3.700000000000000178e+00,1.201320782489482264e-01,-3.777895711697515924e-01,0.000000000000000000e+00,0.000000000000000000e+00,2.000000000000000000e+04
1.000000000000000000e+00,3.700000000000000178e+00,1.255827850471992746e-01,-3.887391990887691384e-01,0.000000000000000000e+00,0.000000000000000000e+00,2.000000000000000000e+04
0.000000000000000000e+00,3.750000000000000000e+00,0.000000000000000000e+00,0.000000000000000000e+00,1.000000000000000000e+00,0.000000000000000000e+00,2.000000000000000000e+04
5.000000000000000278e-02,3.750000000000000000e+00,4.763424792419855905e-03,-1.006806784895593158e-02,0.000000000000000000e+00,0.000000000000000000e+00,2.000000000000000000e+04
1.000000000000000056e-01,3.750000000000000000e+00,9.554193684266909514e-03,-2.324057000654512414e-02,0.000000000000000000e+00,0.000000000000000000e+00,2.000000000000000000e+04
1.499999999999999944e-01,3.750000000000000000e+00,1.437344734824314713e-02,-3.893300587813183777e-02,0.000000000000000000e+00,0.000000000000000000e+00,2.000000000000000000e+04
2.000000000000000111e-01,3.750000000000000000e+00,1.911737369379671453e-02,-5.678792165413260734e-02,0.000000000000000000e+00,0.000000000000000000e+00,2.000000000000000000e+04
2.500000000000000000e-01,3.750000000000000000e+00,2.366138585413928366e-02,-7.664838442084657977e-02,0.000000000000000000e+00,0.000000000000000000e+00,2.000000000000000000e+04
2.999999999999999889e-01,3.750000000000000000e+00,2.790425268593040020e-02,-9.850964938641203206e-02,0.000000000000000000e+00,0.000000000000000000e+00,2.000000000000000000e+04
3.499999999999999778e-01,3.750000000000000000e+00,3.179660950664079527e-02,-1.224772117634034263e-01,0.000000000000000000e+00,0.000000000000000000e+00,2.000000000000000000e+04
4.000000000000000222e-01,3.750000000000000000e+00,3.537359299214485470e-02,-1.487251739003661311e-01,0.000000000000000000e+00,0.000000000000000000e+00,2.000000000000000000e+04
4.500000000000000111e-01,3.750000000000000000e+00,3.880805811064404892e-02,-1.774334052593579958e-01,0.000000000000000000e+00,0.000000000000000000e+00,2.000000000000000000e+04
5.000000000000000000e-01,3.750000000000000000e+00,4.249669881688800110e-02,-2.086638689566130134e-01,0.000000000000000000e+00,0.000000000000000000e+00,2.000000000000000000e+04
5.500000000000000444e-01,3.750000000000000000e+00,4.716371994610142615e-02,-2.421249463768737620e-01,0.000000000000000000e+00,0.000000000000000000e+00,2.000000000000000000e+04
5.999999999999999778e-01,3.750000000000000000e+00,5.385162611055568926e-02,-2.768596107751161717e-01,0.000000000000000000e+00,0.000000000000000000e+00,2.000000000000000000e+04
6.500000000000000222e-01,3.750000000000000000e+00,6.362318771450049815e-02,-3.110244951975084660e-01,0.000000000000000000e+00,0.000000000000000000e+00,2.000000000000000000e+04
6.999999999999999556e-01,3.750000000000000000e+00,7.698298133243870744e-02,-3.419147624222217963e-01,0.000000000000000000e+00,0.000000000000000000e+00,2.000000000000000000e+04
7.500000000000000000e-01,3.750000000000000000e+00,9.324756282458686318e-02,-3.663014585066401985e-01,0.000000000000000000e+00,0.000000000000000000e+00,2.000000000000000000e+04
8.000000000000000444e-01,3.750000000000000000e+00,1.085196096097519325e-01,-3.780816605282339427e-01,0.000000000000000000e+00,0.000000000000000000e+00,2.000000000000000000e+04
8.499999999999999778e-01,3.750000000000000000e+00,1.205181855488967751e-01,-3.826933723505690499e-01,0.000000000000000000e+00,0.000000000000000000e+00,2.000000000000000000e+04
9.000000000000000222e-01,3.750000000000000000e+00,1.291885290596199443e-01,-3.855704137401397280e-01,0.000000000000000000e+00,0.000000000000000000e+00,2.000000000000000000e+04
9.499999999999999556e-01,3.750000000000000000e+00,1.353055824206187419e-01,-3.903792142812757548e-01,0.000000000000000000e+00,0.000000000000000000e+00,2.000000000000000000e+04
1.000000000000000000e+00,3.750000000000000000e+00,1.397468950712218161e-01,-3.997635543353142973e-01,0.000000000000000000e+00,0.000000000000000000e+00,2.000000000000000000e+04
0.000000000000000000e+00,3.799999999999999822e+00,0.000000000000000000e+00,0.000000000000000000e+00,1.000000000000000000e+00,0.000000000000000000e+00,2.000000000000000000e+04
5.000000000000000278e-02,3.799999999999999822e+00,6.496458426807186909e-03,-1.025627687199546882e-02,0.000000000000000000e+00,0.000000000000000000e+00,2.000000000000000000e+04
1.000000000000000056e-01,3.799999999999999822e+00,1.320460112407008391e-02,-2.388177479735527700e-02,0.000000000000000000e+00,0.000000000000000000e+00,2.000000000000000000e+04
1.499999999999999944e-01,3.799999999999999822e+00,1.999084205592295202e-02,-4.001595347370287548e-02,0.000000000000000000e+00,0.000000000000000000e+00,2.000000000000000000e+04
2.000000000000000111e-01,3.799999999999999822e+00,2.663565480055309770e-02,-5.822842701284803441e-02,0.000000000000000000e+00,0.000000000000000000e+00,2.000000000000000000e+04
2.500000000000000000e-01,3.799999999999999822e+00,3.293338184601105750e-02,-7.837724321432648633e-02,0.000000000000000000e+00,0.000000000000000000e+00,2.000000000000000000e+04
2.999999999999999889e-01,3.799999999999999822e+00,3.871956233265783781e-02,-1.005144393198284386e-01,0.000000000000000000e+00,0.000000000000000000e+00,2.000000000000000000e+04
3.499999999999999778e-01,3.799999999999999822e+00,4.387778030406130902e-02,-1.248362210859926685e-01,0.000000000000000000e+00,0.000000000000000000e+00,2.000000000000000000e+04
4.000000000000000222e-01,3.799999999999999822e+00,4.835299760142737491e-02,-1.516569148449777582e-01,0.000000000000000000e+00,0.000000000000000000e+00,2.000000000000000000e+04
4.500000000000000111e-01,3.799999999999999822e+00,5.219311751473135891e-02,-1.813816076229677055e-01,0.000000000000000000e+00,0.000000000000000000e+00,2.000000000000000000e+04
5.000000000000000000e-01,3.799999999999999822e+00,5.564982812274157226e-02,-2.144306687526633393e-01,0.000000000000000000e+00,0.000000000000000000e+00,2.000000000000000000e+04
5.500000000000000444e-01,3.799999999999999822e+00,5.938643909244810393e-02,-2.510061770935112513e-01,0.000000000000000000e+00,0.000000000000000000e+00,2.000000000000000000e+04
5.999999999999999778e-01,3.799999999999999822e+00,6.479515457076701068e-02,-2.904973490598529717e-01,0.000000000000000000e+00,0.000000000000000000e+00,2.000000000000000000e+04
6.500000000000000222e-01,3.799999999999999822e+00,7.387516395422738524e-02,-3.307652868223447395e-01,0.000000000000000000e+00,0.000000000000000000e+00,2.000000000000000000e+04
6.999999999999999556e-01,3.799999999999999822e+00,8.820959654660123772e-02,-3.678895957882281631e-01,0.000000000000000000e+00,0.000000000000000000e+00,2.000000000000000000e+04
7.500000000000000000e-01,3.799999999999999822e+00,1.075386954952702867e-01,-3.966179072626492275e-01,0.000000000000000000e+00,0.000000000000000000e+00,2.000000000000000000e+04
8.000000000000000444e-01,3.799999999999999822e+00,1.247053251023672732e-01,-4.038538514479672603e-01,0.000000000000000000e+00,0.000000000000000000e+00,2.000000000000000000e+04
8.499999999999999778e-01,3.799999999999999822e+00,1.367388025819311625e-01,-4.022542863124722867e-01,0.000000000000000000e+00,0.000000000000000000e+00,2.000000000000000000e+04
9.000000000000000222e-01,3.799999999999999822e+00,1.445176063419231771e-01,-3.999639741495616962e-01,0.000000000000000000e+00,0.000000000000000000e+00,2.000000000000000000e+04
9.499999999999999556e-01,3.799999999999999822e+00,1.495083246386246512e-01,-4.009779513058727152e-01,0.000000000000000000e+00,0.000000000000000000e+00,2.000000000000000000e+04
1.000000000000000000e+00,3.799999999999999822e+00,1.526533545933022595e-01,-4.076949453512462296e-01,0.000000000000000000e+00,0.000000000000000000e+00,2.000000000000000000e+04
0.000000000000000000e+00,3.850000000000000089e+00,0.000000000000000000e+00,0.000000000000000000e+00,1.000000000000000000e+00,0.000000000000000000e+00,2.000000000000000000e+04
5.000000000000000278e-02,3.850000000000000089e+00,8.683269078368926336e-03,-1.096826530374016111e-02,0.000000000000000000e+00,0.000000000000000000e+00,2.000000000000000000e+04
1.000000000000000056e-01,3.850000000000000089e+00,1.782033732831038095e-02,-2.536129177707594287e-02,0.000000000000000000e+00,0.000000000000000000e+00,2.000000000000000000e+04
1.499999999999999944e-01,3.850000000000000089e+00,2.704342318448701987e-02,-4.203341275405450550e-02,0.000000000000000000e+00,0.000000000000000000e+00,2.000000000000000000e+04
2.000000000000000111e-01,3.850000000000000089e+00,3.600051726886424608e-02,-6.055629370092245611e-02,0.000000000000000000e+00,0.000000000000000000e+00,2.000000000000000000e+04
2.500000000000000000e-01,3.850000000000000089e+00,4.443104376731726174e-02,-8.085297727081822150e-02,0.000000000000000000e+00,0.000000000000000000e+00,2.000000000000000000e+04
2.999999999999999889e-01,3.850000000000000089e+00,5.214546402850046142e-02,-1.030500223204318389e-01,0.000000000000000000e+00,0.000000000000000000e+00,2.000000000000000000e+04
3.499999999999999778e-01,3.850000000000000089e+00,5.899425746170153251e-02,-1.274260515432703300e-01,0.000000000000000000e+00,0.000000000000000000e+00,2.000000000000000000e+04
4.000000000000000222e-01,3.850000000000000089e+00,6.484904237975838703e-02,-1.544083691139534198e-01,0.000000000000000000e+00,0.000000000000000000e+00,2.000000000000000000e+04
4.500000000000000111e-01,3.850000000000000089e+00,6.960932500462355121e-02,-1.845953697297858243e-01,0.000000000000000000e+00,0.000000000000000000e+00,2.000000000000000000e+04
5.000000000000000000e-01,3.850000000000000089e+00,7.326344278017679623e-02,-2.187793418543046153e-01,0.000000000000000000e+00,0.000000000000000000e+00,2.000000000000000000e+04
5.500000000000000444e-01,3.850000000000000089e+00,7.608238687269301692e-02,-2.578883620567269941e-01,0.000000000000000000e+00,0.000000000000000000e+00,2.000000000000000000e+04
5.999999999999999778e-01,3.850000000000000089e+00,7.915671530133240597e-02,-3.025255786337147090e-01,0.000000000000000000e+00,0.000000000000000000e+00,2.000000000000000000e+04
6.500000000000000222e-01,3.850000000000000089e+00,8.563070361739674730e-02,-3.510510575787865739e-01,0.000000000000000000e+00,0.000000000000000000e+00,2.000000000000000000e+04
6.999999999999999556e-01,3.850000000000000089e+00,9.966772696146229682e-02,-3.979875489282820311e-01,0.000000000000000000e+00,0.000000000000000000e+00,2.000000000000000000e+04
7.500000000000000000e-01,3.850000000000000089e+00,1.228501243098576584e-01,-4.346520966197186531e-01,0.000000000000000000e+00,0.000000000000000000e+00,2.000000000000000000e+04
8.000000000000000444e-01,3.850000000000000089e+00,1.413680163121193434e-01,-4.323077481737550576e-01,0.000000000000000000e+00,0.000000000000000000e+00,2.000000000000000000e+04
8.499999999999999778e-01,3.850000000000000089e+00,1.519472797700526512e-01,-4.212611954911528733e-01,0.000000000000000000e+00,0.000000000000000000e+00,2.000000000000000000e+04
9.000000000000000222e-01,3.850000000000000089e+00,1.575873709746684337e-01,-4.124593619953407231e-01,0.000000000000000000e+00,0.000000000000000000e+00,2.000000000000000000e+04
9.499999999999999556e-01,3.850000000000000089e+00,1.607981772992786162e-01,-4.090266032872727497e-01,0.000000000000000000e+00,0.000000000000000000e+00,2.000000000000000000e+04
1.000000000000000000e+00,3.850000000000000089e+00,1.624917177085507536e-01,-4.120401817139224265e-01,0.000000000000000000e+00,0.000000000000000000e+00,2.000000000000000000e+04
0.000000000000000000e+00,3.899999999999999911e+00,0.000000000000000000e+00,0.000000000000000000e+00,1.000000000000000000e+00,0.000000000000000000e+00,2.000000000000000000e+04
5.000000000000000278e-02,3.899999999999999911e+00,1.157235664204635077e-02,-1.258891228418911740e-02,0.000000000000000000e+00,0.000000000000000000e+00,2.000000000000000000e+04
1.000000000000000056e-01,3.899999999999999911e+00,2.380666711247455408e-02,-2.810240953587582122e-02,0.000000000000000000e+00,0.000000000000000000e+00,2.000000000000000000e+04
1.499999999999999944e-01,3.899999999999999911e+00,3.595658520030876881e-02,-4.534432612627604942e-02,0.000000000000000000e+00,0.000000000000000000e+00,2.000000000000000000e+04
2.000000000000000111e-01,3.899999999999999911e+00,4.757911379350952125e-02,-6.407295252128093754e-02,0.000000000000000000e+00,0.000000000000000000e+00,2.000000000000000000e+04
2.500000000000000000e-01,3.899999999999999911e+00,5.844501902103324542e-02,-8.435582668793359384e-02,0.000000000000000000e+00,0.000000000000000000e+00,2.000000000000000000e+04
2.999999999999999889e-01,3.899999999999999911e+00,6.842285202274200895e-02,-1.064129575707023212e-01,0.000000000000000000e+00,0.000000000000000000e+00,2.000000000000000000e+04
3.499999999999999778e-01,3.899999999999999911e+00,7.740317931905456306e-02,-1.305865717697985429e-01,0.000000000000000000e+00,0.000000000000000000e+00,2.000000000000000000e+04
4.000000000000000222e-01,3.899999999999999911e+00,8.525035080749103489e-02,-1.573653738011738246e-01,0.000000000000000000e+00,0.000000000000000000e+00,2.000000000000000000e+04
4.500000000000000111e-01,3.899999999999999911e+00,9.177035341887013198e-02,-1.874503551038931848e-01,0.000000000000000000e+00,0.000000000000000000e+00,2.000000000000000000e+04
5.000000000000000000e-01,3.899999999999999911e+00,9.669731083822122319e-02,-2.218706145519797890e-01,0.000000000000000000e+00,0.000000000000000000e+00,2.000000000000000000e+04
5.500000000000000444e-01,3.899999999999999911e+00,9.973816509441203737e-02,-2.621624401675630711e-01,0.000000000000000000e+00,0.000000000000000000e+00,2.000000000000000000e+04
5.999999999999999778e-01,3.899999999999999911e+00,1.008500183132309130e-01,-3.105490853773005266e-01,0.000000000000000000e+00,0.000000000000000000e+00,2.000000000000000000e+04
6.500000000000000222e-01,3.899999999999999911e+00,1.015557796486696307e-01,-3.693129612215834134e-01,0.000000000000000000e+00,0.000000000000000000e+00,2.000000000000000000e+04
6.999999999999999556e-01,3.899999999999999911e+00,1.112608060654647762e-01,-4.325040385613853067e-01,0.000000000000000000e+00,0.000000000000000000e+00,2.000000000000000000e+04
7.500000000000000000e-01,3.899999999999999911e+00,1.388949599162599968e-01,-4.850714100326466993e-01,0.000000000000000000e+00,0.000000000000000000e+00,2.000000000000000000e+04
8.000000000000000444e-01,3.899999999999999911e+00,1.570307839652812509e-01,-4.623169358339453416e-01,0.000000000000000000e+00,0.000000000000000000e+00,2.000000000000000000e+04
8.499999999999999778e-01,3.899999999999999911e+00,1.636518362550671013e-01,-4.378225770132336270e-01,0.000000000000000000e+00,0.000000000000000000e+00,2.000000000000000000e+04
9.000000000000000222e-01,3.899999999999999911e+00,1.656944393922657188e-01,-4.218349121927543188e-01,0.000000000000000000e+00,0.000000000000000000e+00,2.000000000000000000e+04
9.499999999999999556e-01,3.899999999999999911e+00,1.666036726870240570e-01,-4.141415201814542257e-01,0.000000000000000000e+00,0.000000000000000000e+00,2.000000000000000000e+04
1.000000000000000000e+00,3.899999999999999911e+00,1.670197365319497362e-01,-4.129660040912097041e-01,0.000000000000000000e+00,0.000000000000000000e+00,2.000000000000000000e+04
0.000000000000000000e+00,3.950000000000000178e+00,0.000000000000000000e+00,0.000000000000000000e+00,1.000000000000000000e+00,0.000000000000000000e+00,2.000000000000000000e+04
5.000000000000000278e-02,3.950000000000000178e+00,1.578909860305505522e-02,-1.582098367343558187e-02,0.000000000000000000e+00,0.000000000000000000e+00,2.000000000000000000e+04
1.000000000000000056e-01,3.950000000000000178e+00,3.198597782843685955e-02,-3.262942818200752215e-02,0.000000000000000000e+00,0.000000000000000000e+00,2.000000000000000000e+04
1.499999999999999944e-01,3.950000000000000178e+00,4.742191165128417651e-02,-5.026896006823212970e-02,0.000000000000000000e+00,0.000000000000000000e+00,2.000000000000000000e+04
2.000000000000000111e-01,3.950000000000000178e+00,6.182539345176779610e-02,-6.899283181296449186e-02,0.000000000000000000e+00,0.000000000000000000e+00,2.000000000000000000e+04
2.500000000000000000e-01,3.950000000000000178e+00,7.519827970749634605e-02,-8.908556161447479804e-02,0.000000000000000000e+00,0.000000000000000000e+00,2.000000000000000000e+04
2.999999999999999889e-01,3.950000000000000178e+00,8.759541877941959265e-02,-1.108613280144024188e-01,0.000000000000000000e+00,0.000000000000000000e+00,2.000000000000000000e+04
3.499999999999999778e-01,3.950000000000000178e+00,9.904473852987141780e-02,-1.346979834151827427e-01,0.000000000000000000e+00,0.000000000000000000e+00,2.000000000000000000e+04
4.000000000000000222e-01,3.950000000000000178e+00,1.095070223938161558e-01,-1.610924740910184283e-01,0.000000000000000000e+00,0.000000000000000000e+00,2.000000000000000000e+04
4.500000000000000111e-01,3.950000000000000178e+00,1.188358495392382169e-01,-1.907491886041588203e-01,0.000000000000000000e+00,0.000000000000000000e+00,2.000000000000000000e+04
5.000000000000000000e-01,3.950000000000000178e+00,1.267140842416122903e-01,-2.247345149925771279e-01,0.000000000000000000e+00,0.000000000000000000e+00,2.000000000000000000e+04
5.500000000000000444e-01,3.950000000000000178e+00,1.325427094681841389e-01,-2.647752887040211722e-01,0.000000000000000000e+00,0.000000000000000000e+00,2.000000000000000000e+04
5.999999999999999778e-01,3.950000000000000178e+00,1.352570653903935050e-01,-3.138969385175985893e-01,0.000000000000000000e+00,0.000000000000000000e+00,2.000000000000000000e+04
6.500000000000000222e-01,3.950000000000000178e+00,1.331352563540831035e-01,-3.779453237078782002e-01,0.000000000000000000e+00,0.000000000000000000e+00,2.000000000000000000e+04
6.999999999999999556e-01,3.950000000000000178e+00,1.251875557097125169e-01,-4.686194669155795967e-01,0.000000000000000000e+00,0.000000000000000000e+00,2.000000000000000000e+04
7.500000000000000000e-01,3.950000000000000178e+00,1.531317702119992519e-01,-5.570007456439310944e-01,0.000000000000000000e+00,0.000000000000000000e+00,2.000000000000000000e+04
8.000000000000000444e-01,3.950000000000000178e+00,1.667864233780471106e-01,-4.903017039719075321e-01,0.000000000000000000e+00,0.000000000000000000e+00,2.000000000000000000e+04
8.499999999999999778e-01,3.950000000000000178e+00,1.667292612612255864e-01,-4.492504073857574443e-01,0.000000000000000000e+00,0.000000000000000000e+00,2.000000000000000000e+04
9.000000000000000222e-01,3.950000000000000178e+00,1.651614875479976707e-01,-4.269891858930584538e-01,0.000000000000000000e+00,0.000000000000000000e+00,2.000000000000000000e+04
9.499999999999999556e-01,3.950000000000000178e+00,1.644840529656102779e-01,-4.163961734381003144e-01,0.000000000000000000e+00,0.000000000000000000e+00,2.000000000000000000e+04
1.000000000000000000e+00,3.950000000000000178e+00,1.644072523921326912e-01,-4.117603241042289697e-01,0.000000000000000000e+00,0.000000000000000000e+00,2.000000000000000000e+04
0.000000000000000000e+00,4.000000000000000000e+00,0.000000000000000000e+00,0.000000000000000000e+00,1.000000000000000000e+00,0.000000000000000000e+00,2.000000000000000000e+04
5.000000000000000278e-02,4.000000000000000000e+00,2.339434349544216793e-02,-2.194383620227537829e-02,0.000000000000000000e+00,0.000000000000000000e+00,2.000000000000000000e+04
1.000000000000000056e-01,4.000000000000000000e+00,4.425863661878583905e-02,-3.937279740921851429e-02,0.000000000000000000e+00,0.000000000000000000e+00,2.000000000000000000e+04
1.499999999999999944e-01,4.000000000000000000e+00,6.260265321582390852e-02,-5.686141337097085774e-02,0.000000000000000000e+00,0.000000000000000000e+00,2.000000000000000000e+04
2.000000000000000111e-01,4.000000000000000000e+00,7.925748537829205298e-02,-7.526913624811200354e-02,0.000000000000000000e+00,0.000000000000000000e+00,2.000000000000000000e+04
2.500000000000000000e-01,4.000000000000000000e+00,9.474249527385954217e-02,-9.502960298919366222e-02,0.000000000000000000e+00,0.000000000000000000e+00,2.000000000000000000e+04
2.999999999999999889e-01,4.000000000000000000e+00,1.093791406512093223e-01,-1.164961855435287102e-01,0.000000000000000000e+00,0.000000000000000000e+00,2.000000000000000000e+04
3.499999999999999778e-01,4.000000000000000000e+00,1.233800293713224194e-01,-1.400492354191201216e-01,0.000000000000000000e+00,0.000000000000000000e+00,2.000000000000000000e+04
4.000000000000000222e-01,4.000000000000000000e+00,1.368911420051210914e-01,-1.661719697155591979e-01,0.000000000000000000e+00,0.000000000000000000e+00,2.000000000000000000e+04
4.500000000000000111e-01,4.000000000000000000e+00,1.500013427820279799e-01,-1.955412751923597814e-01,0.000000000000000000e+00,0.000000000000000000e+00,2.000000000000000000e+04
5.000000000000000000e-01,4.000000000000000000e+00,1.627147510968003918e-01,-2.291732072277599397e-01,0.000000000000000000e+00,0.000000000000000000e+00,2.000000000000000000e+04
5.500000000000000444e-01,4.000000000000000000e+00,1.748458739236091464e-01,-2.686971222280639671e-01,0.000000000000000000e+00,0.000000000000000000e+00,2.000000000000000000e+04
5.999999999999999778e-01,4.000000000000000000e+00,1.857023177223813548e-01,-3.169487659588879902e-01,0.000000000000000000e+00,0.000000000000000000e+00,2.000000000000000000e+04
6.500000000000000222e-01,4.000000000000000000e+00,1.930905223268175874e-01,-3.795514488653326524e-01,0.000000000000000000e+00,0.000000000000000000e+00,2.000000000000000000e+04
6.999999999999999556e-01,4.000000000000000000e+00,1.895975339473807142e-01,-4.713292176383256926e-01,0.000000000000000000e+00,0.000000000000000000e+00,2.000000000000000000e+04
7.500000000000000000e-01,4.000000000000000000e+00,1.398242865592989603e-01,-6.731113757841550305e-01,0.000000000000000000e+00,1.000000000000000000e+00,2.000000000000000000e+04
8.000000000000000444e-01,4.000000000000000000e+00,1.528122474345885717e-01,-5.085522199548205835e-01,0.000000000000000000e+00,0.000000000000000000e+00,2.000000000000000000e+04
8.499999999999999778e-01,4.000000000000000000e+00,1.504985462353017056e-01,-4.540685557649786763e-01,0.000000000000000000e+00,0.000000000000000000e+00,2.000000000000000000e+04
9.000000000000000222e-01,4.000000000000000000e+00,1.521339374221943597e-01,-4.286880475421148695e-01,0.000000000000000000e+00,0.000000000000000000e+00,2.000000000000000000e+04
9.499999999999999556e-01,4.000000000000000000e+00,1.547262931769324001e-01,-4.168658627005011885e-01,0.000000000000000000e+00,0.000000000000000000e+00,2.000000000000000000e+04
1.000000000000000000e+00,4.000000000000000000e+00,1.560039917935836240e-01,-4.107008969814239241e-01,0.000000000000000000e+00,0.000000000000000000e+00,2.000000000000000000e+04
