X,Y,UX,UY,BOUNDARY,FORCE,MODULUS
0.000000000000000000e+00,0.000000000000000000e+00,0.000000000000000000e+00,0.000000000000000000e+00,1.000000000000000000e+00,0.000000000000000000e+00,2.000000000000000000e+04
4.000000000000000083e-02,0.000000000000000000e+00,-1.619161159597227312e-02,-1.761799871066687881e-02,0.000000000000000000e+00,0.000000000000000000e+00,2.000000000000000000e+04
8.000000000000000167e-02,0.000000000000000000e+00,-2.720867333377600603e-02,-3.184278708007076686e-02,0.000000000000000000e+00,0.000000000000000000e+00,2.000000000000000000e+04
1.199999999999999956e-01,0.000000000000000000e+00,-3.540910232202065105e-02,-4.571411253533297359e-02,0.000000000000000000e+00,0.000000000000000000e+00,2.000000000000000000e+04
1.600000000000000033e-01,0.000000000000000000e+00,-4.160814412217148095e-02,-5.941264498547935147e-02,0.000000000000000000e+00,0.000000000000000000e+00,2.000000000000000000e+04
2.000000000000000111e-01,0.000000000000000000e+00,-4.624980890972282127e-02,-7.286587581003896308e-02,0.000000000000000000e+00,0.000000000000000000e+00,2.000000000000000000e+04
2.399999999999999911e-01,0.000000000000000000e+00,-4.963113626408394846e-02,-8.597511515224005862e-02,0.000000000000000000e+00,0.000000000000000000e+00,2.000000000000000000e+04
2.800000000000000266e-01,0.000000000000000000e+00,-5.197828550049941876e-02,-9.865212548891577615e-02,0.000000000000000000e+00,0.000000000000000000e+00,2.000000000000000000e+04
3.200000000000000067e-01,0.000000000000000000e+00,-5.347825223376845294e-02,-1.108278784917875598e-01,0.000000000000000000e+00,0.000000000000000000e+00,2.000000000000000000e+04
3.599999999999999867e-01,0.000000000000000000e+00,-5.429303752184686666e-02,-1.224548227600752992e-01,0.000000000000000000e+00,0.000000000000000000e+00,2.000000000000000000e+04
4.000000000000000222e-01,0.000000000000000000e+00,-5.456599066449266400e-02,-1.335067857100507294e-01,0.000000000000000000e+00,0.000000000000000000e+00,2.000000000000000000e+04
4.400000000000000022e-01,0.000000000000000000e+00,-5.442451951882865124e-02,-1.439776074011041296e-01,0.000000000000000000e+00,0.000000000000000000e+00,2.000000000000000000e+04
4.799999999999999822e-01,0.000000000000000000e+00,-5.398117580137699184e-02,-1.538789719618968432e-01,0.000000000000000000e+00,0.000000000000000000e+00,2.000000000000000000e+04
5.200000000000000178e-01,0.000000000000000000e+00,-5.333412734930271376e-02,-1.632377615373314939e-01,0.000000000000000000e+00,0.000000000000000000e+00,2.000000000000000000e+04
5.600000000000000533e-01,0.000000000000000000e+00,-5.256751969674901964e-02,-1.720932120657457653e-01,0.000000000000000000e+00,0.000000000000000000e+00,2.000000000000000000e+04
5.999999999999999778e-01,0.000000000000000000e+00,-5.175194420682473206e-02,-1.804941062867964907e-01,0.000000000000000000e+00,0.000000000000000000e+00,2.000000000000000000e+04
6.400000000000000133e-01,0.000000000000000000e+00,-5.094506343624163880e-02,-1.884961803136868397e-01,0.000000000000000000e+00,0.000000000000000000e+00,2.000000000000000000e+04
6.800000000000000488e-01,0.000000000000000000e+00,-5.019234799638972594e-02,-1.961598496600713837e-01,0.000000000000000000e+00,0.000000000000000000e+00,2.000000000000000000e+04
7.199999999999999734e-01,0.000000000000000000e+00,-4.952782659122360182e-02,-2.035482848266848277e-01,0.000000000000000000e+00,0.000000000000000000e+00,2.000000000000000000e+04
7.600000000000000089e-01,0.000000000000000000e+00,-4.897472537458286146e-02,-2.107257861194421766e-01,0.000000000000000000e+00,0.000000000000000000e+00,2.000000000000000000e+04
8.000000000000000444e-01,0.000000000000000000e+00,-4.854586345241750783e-02,-2.177563128068403797e-01,0.000000000000000000e+00,0.000000000000000000e+00,2.000000000000000000e+04
8.399999999999999689e-01,0.000000000000000000e+00,-4.824367424006346938e-02,-2.247018859554044401e-01,0.000000000000000000e+00,0.000000000000000000e+00,2.000000000000000000e+04
8.800000000000000044e-01,0.000000000000000000e+00,-4.805974596016153455e-02,-2.316203448324037906e-01,0.000000000000000000e+00,0.000000000000000000e+00,2.000000000000000000e+04
9.200000000000000400e-01,0.000000000000000000e+00,-4.797385752892950606e-02,-2.385614525673232511e-01,0.000000000000000000e+00,0.000000000000000000e+00,2.000000000000000000e+04
9.599999999999999645e-01,0.000000000000000000e+00,-4.795278523535784904e-02,-2.455593571306923517e-01,0.000000000000000000e+00,0.000000000000000000e+00,2.000000000000000000e+04
1.000000000000000000e+00,0.000000000000000000e+00,-4.795130503632626107e-02,-2.526193839286092757e-01,0.000000000000000000e+00,0.000000000000000000e+00,2.000000000000000000e+04
0.000000000000000000e+00,4.000000000000000083e-02,0.000000000000000000e+00,0.000000000000000000e+00,1.000000000000000000e+00,0.000000000000000000e+00,2.000000000000000000e+04
4.000000000000000083e-02,4.000000000000000083e-02,-8.282141931065627183e-03,-1.306529940670895021e-02,0.000000000000000000e+00,0.000000000000000000e+00,2.000000000000000000e+04
8.000000000000000167e-02,4.000000000000000083e-02,-1.707884185619115008e-02,-2.812491847744581427e-02,0.000000000000000000e+00,0.000000000000000000e+00,2.000000000000000000e+04
1.199999999999999956e-01,4.000000000000000083e-02,-2.430019366181334836e-02,-4.280494943429215965e-02,0.000000000000000000e+00,0.000000000000000000e+00,2.000000000000000000e+04
1.600000000000000033e-01,4.000000000000000083e-02,-3.007432687388747125e-02,-5.716460771377231131e-02,0.000000000000000000e+00,0.000000000000000000e+00,2.000000000000000000e+04
2.000000000000000111e-01,4.000000000000000083e-02,-3.460419271983204009e-02,-7.116451484471600364e-02,0.000000000000000000e+00,0.000000000000000000e+00,2.000000000000000000e+04
2.399999999999999911e-01,4.000000000000000083e-02,-3.807313208489338657e-02,-8.472973147859171050e-02,0.000000000000000000e+00,0.000000000000000000e+00,2.000000000000000000e+04
2.800000000000000266e-01,4.000000000000000083e-02,-4.064316125526840073e-02,-9.778649465219309278e-02,0.000000000000000000e+00,0.000000000000000000e+00,2.000000000000000000e+04
3.200000000000000067e-01,4.000000000000000083e-02,-4.245912768307179286e-02,-1.102752972198356857e-01,0.000000000000000000e+00,0.000000000000000000e+00,2.000000000000000000e+04
3.599999999999999867e-01,4.000000000000000083e-02,-4.365181281364065996e-02,-1.221557162434838278e-01,0.000000000000000000e+00,0.000000000000000000e+00,2.000000000000000000e+04
4.000000000000000222e-01,4.000000000000000083e-02,-4.433961367163307549e-02,-1.334076610763246518e-01,0.000000000000000000e+00,0.000000000000000000e+00,2.000000000000000000e+04
4.400000000000000022e-01,4.000000000000000083e-02,-4.462925880578179350e-02,-1.440306645088878790e-01,0.000000000000000000e+00,0.000000000000000000e+00,2.000000000000000000e+04
4.799999999999999822e-01,4.000000000000000083e-02,-4.461602695650937478e-02,-1.540419847398823705e-01,0.000000000000000000e+00,0.000000000000000000e+00,2.000000000000000000e+04
5.200000000000000178e-01,4.000000000000000083e-02,-4.438380802193435393e-02,-1.634740183651918199e-01,0.000000000000000000e+00,0.000000000000000000e+00,2.000000000000000000e+04
5.600000000000000533e-01,4.000000000000000083e-02,-4.400521053295679968e-02,-1.723714111946324234e-01,0.000000000000000000e+00,0.000000000000000000e+00,2.000000000000000000e+04
5.999999999999999778e-01,4.000000000000000083e-02,-4.354180989058215739e-02,-1.807881698192496944e-01,0.000000000000000000e+00,0.000000000000000000e+00,2.000000000000000000e+04
6.400000000000000133e-01,4.000000000000000083e-02,-4.304455306309895590e-02,-1.887849913928800194e-01,0.000000000000000000e+00,0.000000000000000000e+00,2.000000000000000000e+04
6.800000000000000488e-01,4.000000000000000083e-02,-4.255428619996955153e-02,-1.964269402254451014e-01,0.000000000000000000e+00,0.000000000000000000e+00,2.000000000000000000e+04
7.199999999999999734e-01,4.000000000000000083e-02,-4.210234699067638003e-02,-2.037815113754352647e-01,0.000000000000000000e+00,0.000000000000000000e+00,2.000000000000000000e+04
7.600000000000000089e-01,4.000000000000000083e-02,-4.171115856016088808e-02,-2.109170335009465380e-01,0.000000000000000000e+00,0.000000000000000000e+00,2.000000000000000000e+04
8.000000000000000444e-01,4.000000000000000083e-02,-4.139477169521081634e-02,-2.179012674355545187e-01,0.000000000000000000e+00,0.000000000000000000e+00,2.000000000000000000e+04
8.399999999999999689e-01,4.000000000000000083e-02,-4.115932161870233114e-02,-2.247999322617631746e-01,0.000000000000000000e+00,0.000000000000000000e+00,2.000000000000000000e+04
8.800000000000000044e-01,4.000000000000000083e-02,-4.100337988497534947e-02,-2.316746951201931193e-01,0.000000000000000000e+00,0.000000000000000000e+00,2.000000000000000000e+04
9.200000000000000400e-01,4.000000000000000083e-02,-4.091814113144553317e-02,-2.385798132823560846e-01,0.000000000000000000e+00,0.000000000000000000e+00,2.000000000000000000e+04
9.599999999999999645e-01,4.000000000000000083e-02,-4.088711653928435441e-02,-2.455559434516723649e-01,0.000000000000000000e+00,0.000000000000000000e+00,2.000000000000000000e+04
1.000000000000000000e+00,4.000000000000000083e-02,-4.088387724325130007e-02,-2.526179037295776530e-01,0.000000000000000000e+00,0.000000000000000000e+00,2.000000000000000000e+04
0.000000000000000000e+00,8.000000000000000167e-02,0.000000000000000000e+00,0.000000000000000000e+00,1.000000000000000000e+00,0.000000000000000000e+00,2.000000000000000000e+04
4.000000000000000083e-02,8.000000000000000167e-02,-5.508343736719880160e-03,-1.184442668487573069e-02,0.000000000000000000e+00,0.000000000000000000e+00,2.000000000000000000e+04
8.000000000000000167e-02,8.000000000000000167e-02,-1.128994316558051651e-02,-2.590744549975408997e-02,0.000000000000000000e+00,0.000000000000000000e+00,2.000000000000000000e+04
1.199999999999999956e-01,8.000000000000000167e-02,-1.683421952518027870e-02,-4.069087426029738275e-02,0.000000000000000000e+00,0.000000000000000000e+00,2.000000000000000000e+04
1.600000000000000033e-01,8.000000000000000167e-02,-2.161748186604100022e-02,-5.537969148126858920e-02,0.000000000000000000e+00,0.000000000000000000e+00,2.000000000000000000e+04
2.000000000000000111e-01,8.000000000000000167e-02,-2.556331830912210792e-02,-6.974084361569123092e-02,0.000000000000000000e+00,0.000000000000000000e+00,2.000000000000000000e+04
2.399999999999999911e-01,8.000000000000000167e-02,-2.871427775180957626e-02,-8.364618466631129623e-02,0.000000000000000000e+00,0.000000000000000000e+00,2.000000000000000000e+04
2.800000000000000266e-01,8.000000000000000167e-02,-3.115031446787355426e-02,-9.700459921647440475e-02,0.000000000000000000e+00,0.000000000000000000e+00,2.000000000000000000e+04
3.200000000000000067e-01,8.000000000000000167e-02,-3.296331032367323666e-02,-1.097512026601229623e-01,0.000000000000000000e+00,0.000000000000000000e+00,2.000000000000000000e+04
3.599999999999999867e-01,8.000000000000000167e-02,-3.424693980063376469e-02,-1.218451139982185405e-01,0.000000000000000000e+00,0.000000000000000000e+00,2.000000000000000000e+04
4.000000000000000222e-01,8.000000000000000167e-02,-3.509180820906796644e-02,-1.332681786827535908e-01,0.000000000000000000e+00,0.000000000000000000e+00,2.000000000000000000e+04
4.400000000000000022e-01,8.000000000000000167e-02,-3.558276047565806649e-02,-1.440231790349782437e-01,0.000000000000000000e+00,0.000000000000000000e+00,2.000000000000000000e+04
4.799999999999999822e-01,8.000000000000000167e-02,-3.579727813656927160e-02,-1.541313631717036725e-01,0.000000000000000000e+00,0.000000000000000000e+00,2.000000000000000000e+04
5.200000000000000178e-01,8.000000000000000167e-02,-3.580455278762248450e-02,-1.636294849457166911e-01,0.000000000000000000e+00,0.000000000000000000e+00,2.000000000000000000e+04
5.600000000000000533e-01,8.000000000000000167e-02,-3.566505111038043713e-02,-1.725666424031643276e-01,0.000000000000000000e+00,0.000000000000000000e+00,2.000000000000000000e+04
5.999999999999999778e-01,8.000000000000000167e-02,-3.543045784528175979e-02,-1.810011877632945188e-01,0.000000000000000000e+00,0.000000000000000000e+00,2.000000000000000000e+04
6.400000000000000133e-01,8.000000000000000167e-02,-3.514390345858189879e-02,-1.889979164349085972e-01,0.000000000000000000e+00,0.000000000000000000e+00,2.000000000000000000e+04
6.800000000000000488e-01,8.000000000000000167e-02,-3.484039174926593929e-02,-1.966256572056424567e-01,0.000000000000000000e+00,0.000000000000000000e+00,2.000000000000000000e+04
7.199999999999999734e-01,8.000000000000000167e-02,-3.454735214780427222e-02,-2.039552975621374553e-01,0.000000000000000000e+00,0.000000000000000000e+00,2.000000000000000000e+04
7.600000000000000089e-01,8.000000000000000167e-02,-3.428525375473483183e-02,-2.110581937175544653e-01,0.000000000000000000e+00,0.000000000000000000e+00,2.000000000000000000e+04
8.000000000000000444e-01,8.000000000000000167e-02,-3.406822871809207787e-02,-2.180048328286285919e-01,0.000000000000000000e+00,0.000000000000000000e+00,2.000000000000000000e+04
8.399999999999999689e-01,8.000000000000000167e-02,-3.390464873088034486e-02,-2.248635283759206904e-01,0.000000000000000000e+00,0.000000000000000000e+00,2.000000000000000000e+04
8.800000000000000044e-01,8.000000000000000167e-02,-3.379754997369434355e-02,-2.316988324100865415e-01,0.000000000000000000e+00,0.000000000000000000e+00,2.000000000000000000e+04
9.200000000000000400e-01,8.000000000000000167e-02,-3.374463682511154305e-02,-2.385692493151427285e-01,0.000000000000000000e+00,0.000000000000000000e+00,2.000000000000000000e+04
9.599999999999999645e-01,8.000000000000000167e-02,-3.373714205981511588e-02,-2.455237997324634103e-01,0.000000000000000000e+00,0.000000000000000000e+00,2.000000000000000000e+04
1.000000000000000000e+00,8.000000000000000167e-02,-3.375563508802940926e-02,-2.525971802019794654e-01,0.000000000000000000e+00,0.000000000000000000e+00,2.000000000000000000e+04
0.000000000000000000e+00,1.199999999999999956e-01,0.000000000000000000e+00,0.000000000000000000e+00,1.000000000000000000e+00,0.000000000000000000e+00,2.000000000000000000e+04
4.000000000000000083e-02,1.199999999999999956e-01,-3.986234232796824310e-03,-1.162653232921374499e-02,0.000000000000000000e+00,0.000000000000000000e+00,2.000000000000000000e+04
8.000000000000000167e-02,1.199999999999999956e-01,-7.958418726721649961e-03,-2.514395697559307363e-02,0.000000000000000000e+00,0.000000000000000000e+00,2.000000000000000000e+04
1.199999999999999956e-01,1.199999999999999956e-01,-1.187031115616836961e-02,-3.962259118452389484e-02,0.000000000000000000e+00,0.000000000000000000e+00,2.000000000000000000e+04
1.600000000000000033e-01,1.199999999999999956e-01,-1.547812029968960619e-02,-5.433719724017050529e-02,0.000000000000000000e+00,0.000000000000000000e+00,2.000000000000000000e+04
2.000000000000000111e-01,1.199999999999999956e-01,-1.859817810728718948e-02,-6.885999619368894653e-02,0.000000000000000000e+00,0.000000000000000000e+00,2.000000000000000000e+04
2.399999999999999911e-01,1.199999999999999956e-01,-2.117790916021728559e-02,-8.296916047483228474e-02,0.000000000000000000e+00,0.000000000000000000e+00,2.000000000000000000e+04
2.800000000000000266e-01,1.199999999999999956e-01,-2.323120366077666837e-02,-9.653124564960359477e-02,0.000000000000000000e+00,0.000000000000000000e+00,2.000000000000000000e+04
3.200000000000000067e-01,1.199999999999999956e-01,-2.480372362332479083e-02,-1.094617233411922380e-01,0.000000000000000000e+00,0.000000000000000000e+00,2.000000000000000000e+04
3.599999999999999867e-01,1.199999999999999956e-01,-2.595555468254207368e-02,-1.217110751367914134e-01,0.000000000000000000e+00,0.000000000000000000e+00,2.000000000000000000e+04
4.000000000000000222e-01,1.199999999999999956e-01,-2.675177859268603950e-02,-1.332583881828205696e-01,0.000000000000000000e+00,0.000000000000000000e+00,2.000000000000000000e+04
4.400000000000000022e-01,1.199999999999999956e-01,-2.725697747249611336e-02,-1.441070132035680296e-01,0.000000000000000000e+00,0.000000000000000000e+00,2.000000000000000000e+04
4.799999999999999822e-01,1.199999999999999956e-01,-2.753194597436715158e-02,-1.542806450549636943e-01,0.000000000000000000e+00,0.000000000000000000e+00,2.000000000000000000e+04
5.200000000000000178e-01,1.199999999999999956e-01,-2.763179134137809523e-02,-1.638194500246576979e-01,0.000000000000000000e+00,0.000000000000000000e+00,2.000000000000000000e+04
5.600000000000000533e-01,1.199999999999999956e-01,-2.760497173619473610e-02,-1.727762980221745348e-01,0.000000000000000000e+00,0.000000000000000000e+00,2.000000000000000000e+04
5.999999999999999778e-01,1.199999999999999956e-01,-2.749298398787507550e-02,-1.812132711615837555e-01,0.000000000000000000e+00,0.000000000000000000e+00,2.000000000000000000e+04
6.400000000000000133e-01,1.199999999999999956e-01,-2.733049230282795505e-02,-1.891986016878533516e-01,0.000000000000000000e+00,0.000000000000000000e+00,2.000000000000000000e+04
6.800000000000000488e-01,1.199999999999999956e-01,-2.714573988286750339e-02,-1.968041251049180707e-01,0.000000000000000000e+00,0.000000000000000000e+00,2.000000000000000000e+04
7.199999999999999734e-01,1.199999999999999956e-01,-2.696112288556475056e-02,-2.041032575538078986e-01,0.000000000000000000e+00,0.000000000000000000e+00,2.000000000000000000e+04
7.600000000000000089e-01,1.199999999999999956e-01,-2.679383359161517653e-02,-2.111694366547156865e-01,0.000000000000000000e+00,0.000000000000000000e+00,2.000000000000000000e+04
8.000000000000000444e-01,1.199999999999999956e-01,-2.665649253545095826e-02,-2.180749086240441614e-01,0.000000000000000000e+00,0.000000000000000000e+00,2.000000000000000000e+04
8.399999999999999689e-01,1.199999999999999956e-01,-2.655767644440118480e-02,-2.248897074208810465e-01,0.000000000000000000e+00,0.000000000000000000e+00,2.000000000000000000e+04
8.800000000000000044e-01,1.199999999999999956e-01,-2.650218860217174247e-02,-2.316806728088171841e-01,0.000000000000000000e+00,0.000000000000000000e+00,2.000000000000000000e+04
9.200000000000000400e-01,1.199999999999999956e-01,-2.649077347559145035e-02,-2.385104540022417174e-01,0.000000000000000000e+00,0.000000000000000000e+00,2.000000000000000000e+04
9.599999999999999645e-01,1.199999999999999956e-01,-2.651869406346174518e-02,-2.454368214380163171e-01,0.000000000000000000e+00,0.000000000000000000e+00,2.000000000000000000e+04
1.000000000000000000e+00,1.199999999999999956e-01,-2.657213003372207311e-02,-2.525137946512051590e-01,0.000000000000000000e+00,0.000000000000000000e+00,2.000000000000000000e+04
0.000000000000000000e+00,1.600000000000000033e-01,0.000000000000000000e+00,0.000000000000000000e+00,1.000000000000000000e+00,0.000000000000000000e+00,2.000000000000000000e+04
4.000000000000000083e-02,1.600000000000000033e-01,-2.985706583077812892e-03,-1.183301195509203069e-02,0.000000000000000000e+00,0.000000000000000000e+00,2.000000000000000000e+04
8.000000000000000167e-02,1.600000000000000033e-01,-5.779039578880448488e-03,-2.519040474261172169e-02,0.000000000000000000e+00,0.000000000000000000e+00,2.000000000000000000e+04
1.199999999999999956e-01,1.600000000000000033e-01,-8.463557677918743735e-03,-3.946173466776612543e-02,0.000000000000000000e+00,0.000000000000000000e+00,2.000000000000000000e+04
1.600000000000000033e-01,1.600000000000000033e-01,-1.097417890897641433e-02,-5.408684456300674737e-02,0.000000000000000000e+00,0.000000000000000000e+00,2.000000000000000000e+04
2.000000000000000111e-01,1.600000000000000033e-01,-1.320513921659977920e-02,-6.864122228192548469e-02,0.000000000000000000e+00,0.000000000000000000e+00,2.000000000000000000e+04
2.399999999999999911e-01,1.600000000000000033e-01,-1.508775081424473634e-02,-8.284397360812402467e-02,0.000000000000000000e+00,0.000000000000000000e+00,2.000000000000000000e+04
2.800000000000000266e-01,1.600000000000000033e-01,-1.660479248030094154e-02,-9.651928970251422157e-02,0.000000000000000000e+00,0.000000000000000000e+00,2.000000000000000000e+04
3.200000000000000067e-01,1.600000000000000033e-01,-1.777342730951182379e-02,-1.095581057746292941e-01,0.000000000000000000e+00,0.000000000000000000e+00,2.000000000000000000e+04
3.599999999999999867e-01,1.600000000000000033e-01,-1.863022207214240153e-02,-1.218980799423863420e-01,0.000000000000000000e+00,0.000000000000000000e+00,2.000000000000000000e+04
4.000000000000000222e-01,1.600000000000000033e-01,-1.922095313202360628e-02,-1.335128105421634903e-01,0.000000000000000000e+00,0.000000000000000000e+00,2.000000000000000000e+04
4.400000000000000022e-01,1.600000000000000033e-01,-1.959395092437659844e-02,-1.444046939617761871e-01,0.000000000000000000e+00,0.000000000000000000e+00,2.000000000000000000e+04
4.799999999999999822e-01,1.600000000000000033e-01,-1.979589689757760632e-02,-1.545991410388443121e-01,0.000000000000000000e+00,0.000000000000000000e+00,2.000000000000000000e+04
5.200000000000000178e-01,1.600000000000000033e-01,-1.986935344725176966e-02,-1.641394166031462376e-01,0.000000000000000000e+00,0.000000000000000000e+00,2.000000000000000000e+04
5.600000000000000533e-01,1.600000000000000033e-01,-1.985152450511964289e-02,-1.730819844854315781e-01,0.000000000000000000e+00,0.000000000000000000e+00,2.000000000000000000e+04
5.999999999999999778e-01,1.600000000000000033e-01,-1.977386820733680745e-02,-1.814924321710648381e-01,0.000000000000000000e+00,0.000000000000000000e+00,2.000000000000000000e+04
6.400000000000000133e-01,1.600000000000000033e-01,-1.966226778468527225e-02,-1.894420594793976009e-01,0.000000000000000000e+00,0.000000000000000000e+00,2.000000000000000000e+04
6.800000000000000488e-01,1.600000000000000033e-01,-1.953753524235746220e-02,-1.970051617894749696e-01,0.000000000000000000e+00,0.000000000000000000e+00,2.000000000000000000e+04
7.199999999999999734e-01,1.600000000000000033e-01,-1.941607913145169950e-02,-2.042569746278816156e-01,0.000000000000000000e+00,0.000000000000000000e+00,2.000000000000000000e+04
7.600000000000000089e-01,1.600000000000000033e-01,-1.931061008099949419e-02,-2.112721956605043694e-01,0.000000000000000000e+00,0.000000000000000000e+00,2.000000000000000000e+04
8.000000000000000444e-01,1.600000000000000033e-01,-1.923078063882209185e-02,-2.181239722965397920e-01,0.000000000000000000e+00,0.000000000000000000e+00,2.000000000000000000e+04
8.399999999999999689e-01,1.600000000000000033e-01,-1.918365304946339361e-02,-2.248832489039921390e-01,0.000000000000000000e+00,0.000000000000000000e+00,2.000000000000000000e+04
8.800000000000000044e-01,1.600000000000000033e-01,-1.917385321137064433e-02,-2.316184328324533415e-01,0.000000000000000000e+00,0.000000000000000000e+00,2.000000000000000000e+04
9.200000000000000400e-01,1.600000000000000033e-01,-1.920319957570782582e-02,-2.383955282837124656e-01,0.000000000000000000e+00,0.000000000000000000e+00,2.000000000000000000e+04
9.599999999999999645e-01,1.600000000000000033e-01,-1.926951828345493598e-02,-2.452793598709480383e-01,0.000000000000000000e+00,0.000000000000000000e+00,2.000000000000000000e+04
1.000000000000000000e+00,1.600000000000000033e-01,-1.936440744195645422e-02,-2.523376552219136482e-01,0.000000000000000000e+00,0.000000000000000000e+00,2.000000000000000000e+04
0.000000000000000000e+00,2.000000000000000111e-01,0.000000000000000000e+00,0.000000000000000000e+00,1.000000000000000000e+00,0.000000000000000000e+00,2.000000000000000000e+04
4.000000000000000083e-02,2.000000000000000111e-01,-2.264543332981760158e-03,-1.226106825091676997e-02,0.000000000000000000e+00,0.000000000000000000e+00,2.000000000000000000e+04
8.000000000000000167e-02,2.000000000000000111e-01,-4.218484636711203502e-03,-2.572713593723031239e-02,0.000000000000000000e+00,0.000000000000000000e+00,2.000000000000000000e+04
1.199999999999999956e-01,2.000000000000000111e-01,-5.977910926484070360e-03,-3.996812006764693948e-02,0.000000000000000000e+00,0.000000000000000000e+00,2.000000000000000000e+04
1.600000000000000033e-01,2.000000000000000111e-01,-7.564605145293088612e-03,-5.455056009555776797e-02,0.000000000000000000e+00,0.000000000000000000e+00,2.000000000000000000e+04
2.000000000000000111e-01,2.000000000000000111e-01,-8.949948119236182664e-03,-6.910199045887464864e-02,0.000000000000000000e+00,0.000000000000000000e+00,2.000000000000000000e+04
2.399999999999999911e-01,2.000000000000000111e-01,-1.010024048263640471e-02,-8.333826117295344005e-02,0.000000000000000000e+00,0.000000000000000000e+00,2.000000000000000000e+04
2.800000000000000266e-01,2.000000000000000111e-01,-1.100182138111892999e-02,-9.706146761924561162e-02,0.000000000000000000e+00,0.000000000000000000e+00,2.000000000000000000e+04
3.200000000000000067e-01,2.000000000000000111e-01,-1.166433424395530577e-02,-1.101438398498736648e-01,0.000000000000000000e+00,0.000000000000000000e+00,2.000000000000000000e+04
3.599999999999999867e-01,2.000000000000000111e-01,-1.211390306634925647e-02,-1.225116652249239740e-01,0.000000000000000000e+00,0.000000000000000000e+00,2.000000000000000000e+04
4.000000000000000222e-01,2.000000000000000111e-01,-1.238543994176156439e-02,-1.341335409365562725e-01,0.000000000000000000e+00,0.000000000000000000e+00,2.000000000000000000e+04
4.400000000000000022e-01,2.000000000000000111e-01,-1.251654583036917838e-02,-1.450114101351797080e-01,0.000000000000000000e+00,0.000000000000000000e+00,2.000000000000000000e+04
4.799999999999999822e-01,2.000000000000000111e-01,-1.254334280251621393e-02,-1.551730467437183458e-01,0.000000000000000000e+00,0.000000000000000000e+00,2.000000000000000000e+04
5.200000000000000178e-01,2.000000000000000111e-01,-1.249801187229180981e-02,-1.646654814828405200e-01,0.000000000000000000e+00,0.000000000000000000e+00,2.000000000000000000e+04
5.600000000000000533e-01,2.000000000000000111e-01,-1.240766264973374063e-02,-1.735493010922424528e-01,0.000000000000000000e+00,0.000000000000000000e+00,2.000000000000000000e+04
5.999999999999999778e-01,2.000000000000000111e-01,-1.229414744427066719e-02,-1.818938771883778227e-01,0.000000000000000000e+00,0.000000000000000000e+00,2.000000000000000000e+04
6.400000000000000133e-01,2.000000000000000111e-01,-1.217447665099334608e-02,-1.897735574861412755e-01,0.000000000000000000e+00,0.000000000000000000e+00,2.000000000000000000e+04
6.800000000000000488e-01,2.000000000000000111e-01,-1.206156024231570291e-02,-1.972647862416883335e-01,0.000000000000000000e+00,0.000000000000000000e+00,2.000000000000000000e+04
7.199999999999999734e-01,2.000000000000000111e-01,-1.196507008167621046e-02,-2.044440624667259732e-01,0.000000000000000000e+00,0.000000000000000000e+00,2.000000000000000000e+04
7.600000000000000089e-01,2.000000000000000111e-01,-1.189227544809649643e-02,-2.113866115770918208e-01,0.000000000000000000e+00,0.000000000000000000e+00,2.000000000000000000e+04
8.000000000000000444e-01,2.000000000000000111e-01,-1.184874192945500372e-02,-2.181656442760726011e-01,0.000000000000000000e+00,0.000000000000000000e+00,2.000000000000000000e+04
8.399999999999999689e-01,2.000000000000000111e-01,-1.183879948927202101e-02,-2.248521124791161285e-01,0.000000000000000000e+00,0.000000000000000000e+00,2.000000000000000000e+04
8.800000000000000044e-01,2.000000000000000111e-01,-1.186568343504577037e-02,-2.315149650256199121e-01,0.000000000000000000e+00,0.000000000000000000e+00,2.000000000000000000e+04
9.200000000000000400e-01,2.000000000000000111e-01,-1.193125050232249698e-02,-2.382221000779690678e-01,0.000000000000000000e+00,0.000000000000000000e+00,2.000000000000000000e+04
9.599999999999999645e-01,2.000000000000000111e-01,-1.203522577457054321e-02,-2.450425949846236073e-01,0.000000000000000000e+00,0.000000000000000000e+00,2.000000000000000000e+04
1.000000000000000000e+00,2.000000000000000111e-01,-1.217419509612847027e-02,-2.520515223051178477e-01,0.000000000000000000e+00,0.000000000000000000e+00,2.000000000000000000e+04
0.000000000000000000e+00,2.399999999999999911e-01,0.000000000000000000e+00,0.000000000000000000e+00,1.000000000000000000e+00,0.000000000000000000e+00,2.000000000000000000e+04
4.000000000000000083e-02,2.399999999999999911e-01,-1.714223638575059546e-03,-1.283122159294423394e-02,0.000000000000000000e+00,0.000000000000000000e+00,2.000000000000000000e+04
8.000000000000000167e-02,2.399999999999999911e-01,-3.027456914715502979e-03,-2.660224382078803934e-02,0.000000000000000000e+00,0.000000000000000000e+00,2.000000000000000000e+04
1.199999999999999956e-01,2.399999999999999911e-01,-4.058887012249521448e-03,-4.098357331535044945e-02,0.000000000000000000e+00,0.000000000000000000e+00,2.000000000000000000e+04
1.600000000000000033e-01,2.399999999999999911e-01,-4.872118348425140237e-03,-5.562671066693770927e-02,0.000000000000000000e+00,0.000000000000000000e+00,2.000000000000000000e+04
2.000000000000000111e-01,2.399999999999999911e-01,-5.491377957571112224e-03,-7.021092480975668626e-02,0.000000000000000000e+00,0.000000000000000000e+00,2.000000000000000000e+04
2.399999999999999911e-01,2.399999999999999911e-01,-5.924550087030164974e-03,-8.447098784039853980e-02,0.000000000000000000e+00,0.000000000000000000e+00,2.000000000000000000e+04
2.800000000000000266e-01,2.399999999999999911e-01,-6.181272146662807575e-03,-9.820761105177833183e-02,0.000000000000000000e+00,0.000000000000000000e+00,2.000000000000000000e+04
3.200000000000000067e-01,2.399999999999999911e-01,-6.280809705360337024e-03,-1.112855459385329454e-01,0.000000000000000000e+00,0.000000000000000000e+00,2.000000000000000000e+04
3.599999999999999867e-01,2.399999999999999911e-01,-6.251416341029272621e-03,-1.236256036467397873e-01,0.000000000000000000e+00,0.000000000000000000e+00,2.000000000000000000e+04
4.000000000000000222e-01,2.399999999999999911e-01,-6.125950097433888880e-03,-1.351950517782488648e-01,0.000000000000000000e+00,0.000000000000000000e+00,2.000000000000000000e+04
4.400000000000000022e-01,2.399999999999999911e-01,-5.937270128478097653e-03,-1.459981639513228124e-01,0.000000000000000000e+00,0.000000000000000000e+00,2.000000000000000000e+04
4.799999999999999822e-01,2.399999999999999911e-01,-5.714839676768228467e-03,-1.560673762332472347e-01,0.000000000000000000e+00,0.000000000000000000e+00,2.000000000000000000e+04
5.200000000000000178e-01,2.399999999999999911e-01,-5.482832646097649323e-03,-1.654553387920882079e-01,0.000000000000000000e+00,0.000000000000000000e+00,2.000000000000000000e+04
5.600000000000000533e-01,2.399999999999999911e-01,-5.259544204464628933e-03,-1.742281205661915522e-01,0.000000000000000000e+00,0.000000000000000000e+00,2.000000000000000000e+04
5.999999999999999778e-01,2.399999999999999911e-01,-5.057736062053717375e-03,-1.824597149592509793e-01,0.000000000000000000e+00,0.000000000000000000e+00,2.000000000000000000e+04
6.400000000000000133e-01,2.399999999999999911e-01,-4.885541105186378893e-03,-1.902278549877128022e-01,0.000000000000000000e+00,0.000000000000000000e+00,2.000000000000000000e+04
6.800000000000000488e-01,2.399999999999999911e-01,-4.747617715389339764e-03,-1.976110340066421778e-01,0.000000000000000000e+00,0.000000000000000000e+00,2.000000000000000000e+04
7.199999999999999734e-01,2.399999999999999911e-01,-4.646328169834115437e-03,-2.046865643132109169e-01,0.000000000000000000e+00,0.000000000000000000e+00,2.000000000000000000e+04
7.600000000000000089e-01,2.399999999999999911e-01,-4.582790056332230327e-03,-2.115294888508317261e-01,0.000000000000000000e+00,0.000000000000000000e+00,2.000000000000000000e+04
8.000000000000000444e-01,2.399999999999999911e-01,-4.557703449899204451e-03,-2.182121829573313299e-01,0.000000000000000000e+00,0.000000000000000000e+00,2.000000000000000000e+04
8.399999999999999689e-01,2.399999999999999911e-01,-4.571889918097585791e-03,-2.248045398938967876e-01,0.000000000000000000e+00,0.000000000000000000e+00,2.000000000000000000e+04
8.800000000000000044e-01,2.399999999999999911e-01,-4.626502488889071806e-03,-2.313747317729171193e-01,0.000000000000000000e+00,0.000000000000000000e+00,2.000000000000000000e+04
9.200000000000000400e-01,2.399999999999999911e-01,-4.722903016057010406e-03,-2.379906944028805371e-01,0.000000000000000000e+00,0.000000000000000000e+00,2.000000000000000000e+04
9.599999999999999645e-01,2.399999999999999911e-01,-4.862306616087287356e-03,-2.447227254648295380e-01,0.000000000000000000e+00,0.000000000000000000e+00,2.000000000000000000e+04
1.000000000000000000e+00,2.399999999999999911e-01,-5.045566415788090182e-03,-2.516479074475161948e-01,0.000000000000000000e+00,0.000000000000000000e+00,2.000000000000000000e+04
0.000000000000000000e+00,2.800000000000000266e-01,0.000000000000000000e+00,0.000000000000000000e+00,1.000000000000000000e+00,0.000000000000000000e+00,2.000000000000000000e+04
4.000000000000000083e-02,2.800000000000000266e-01,-1.277703886425278056e-03,-1.351385984389462912e-02,0.000000000000000000e+00,0.000000000000000000e+00,2.000000000000000000e+04
8.000000000000000167e-02,2.800000000000000266e-01,-2.074458604068528216e-03,-2.774646179072236263e-02,0.000000000000000000e+00,0.000000000000000000e+00,2.000000000000000000e+04
1.199999999999999956e-01,2.800000000000000266e-01,-2.504842673962138448e-03,-4.242146211477355183e-02,0.000000000000000000e+00,0.000000000000000000e+00,2.000000000000000000e+04
1.600000000000000033e-01,2.800000000000000266e-01,-2.653804371941919163e-03,-5.724322697326080650e-02,0.000000000000000000e+00,0.000000000000000000e+00,2.000000000000000000e+04
2.000000000000000111e-01,2.800000000000000266e-01,-2.580641372895051047e-03,-7.193052637177857478e-02,0.000000000000000000e+00,0.000000000000000000e+00,2.000000000000000000e+04
2.399999999999999911e-01,2.800000000000000266e-01,-2.329349565701575517e-03,-8.624058370445046584e-02,0.000000000000000000e+00,0.000000000000000000e+00,2.000000000000000000e+04
2.800000000000000266e-01,2.800000000000000266e-01,-1.938709964186086706e-03,-9.998308289535902393e-02,0.000000000000000000e+00,0.000000000000000000e+00,2.000000000000000000e+04
3.200000000000000067e-01,2.800000000000000266e-01,-1.447937470499801498e-03,-1.130253279780608078e-01,0.000000000000000000e+00,0.000000000000000000e+00,2.000000000000000000e+04
3.599999999999999867e-01,2.800000000000000266e-01,-8.972084907138376531e-04,-1.252903077716336355e-01,0.000000000000000000e+00,0.000000000000000000e+00,2.000000000000000000e+04
4.000000000000000222e-01,2.800000000000000266e-01,-3.250481265834023791e-04,-1.367499045319225393e-01,0.000000000000000000e+00,0.000000000000000000e+00,2.000000000000000000e+04
4.400000000000000022e-01,2.800000000000000266e-01,2.349173101635284742e-04,-1.474155724173470960e-01,0.000000000000000000e+00,0.000000000000000000e+00,2.000000000000000000e+04
4.799999999999999822e-01,2.800000000000000266e-01,7.562750110577687876e-04,-1.573283724659328975e-01,0.000000000000000000e+00,0.000000000000000000e+00,2.000000000000000000e+04
5.200000000000000178e-01,2.800000000000000266e-01,1.220721720244163921e-03,-1.665496630221404151e-01,0.000000000000000000e+00,0.000000000000000000e+00,2.000000000000000000e+04
5.600000000000000533e-01,2.800000000000000266e-01,1.617696811893525998e-03,-1.751532050393379281e-01,0.000000000000000000e+00,0.000000000000000000e+00,2.000000000000000000e+04
5.999999999999999778e-01,2.800000000000000266e-01,1.943157828146812238e-03,-1.832189904867453090e-01,0.000000000000000000e+00,0.000000000000000000e+00,2.000000000000000000e+04
6.400000000000000133e-01,2.800000000000000266e-01,2.197922074926943713e-03,-1.908287813051480208e-01,0.000000000000000000e+00,0.000000000000000000e+00,2.000000000000000000e+04
6.800000000000000488e-01,2.800000000000000266e-01,2.385913177926021929e-03,-1.980631623130271191e-01,0.000000000000000000e+00,0.000000000000000000e+00,2.000000000000000000e+04
7.199999999999999734e-01,2.800000000000000266e-01,2.512542288480275245e-03,-2.049998382854477941e-01,0.000000000000000000e+00,0.000000000000000000e+00,2.000000000000000000e+04
7.600000000000000089e-01,2.800000000000000266e-01,2.583358354013037209e-03,-2.117129075689659634e-01,0.000000000000000000e+00,0.000000000000000000e+00,2.000000000000000000e+04
8.000000000000000444e-01,2.800000000000000266e-01,2.603033179930958410e-03,-2.182728924432826012e-01,0.000000000000000000e+00,0.000000000000000000e+00,2.000000000000000000e+04
8.399999999999999689e-01,2.800000000000000266e-01,2.574702141133020095e-03,-2.247473818835809267e-01,0.000000000000000000e+00,0.000000000000000000e+00,2.000000000000000000e+04
8.800000000000000044e-01,2.800000000000000266e-01,2.499647242416458241e-03,-2.312022379322635213e-01,0.000000000000000000e+00,0.000000000000000000e+00,2.000000000000000000e+04
9.200000000000000400e-01,2.800000000000000266e-01,2.377262294759131811e-03,-2.377034299799754280e-01,0.000000000000000000e+00,0.000000000000000000e+00,2.000000000000000000e+04
9.599999999999999645e-01,2.800000000000000266e-01,2.205142406322497129e-03,-2.443196791199363227e-01,0.000000000000000000e+00,0.000000000000000000e+00,2.000000000000000000e+04
1.000000000000000000e+00,2.800000000000000266e-01,1.978936560716173295e-03,-2.511261514793922678e-01,0.000000000000000000e+00,0.000000000000000000e+00,2.000000000000000000e+04
0.000000000000000000e+00,3.200000000000000067e-01,0.000000000000000000e+00,0.000000000000000000e+00,1.000000000000000000e+00,0.000000000000000000e+00,2.000000000000000000e+04
4.000000000000000083e-02,3.200000000000000067e-01,-9.222432369384987684e-04,-1.430227906544685561e-02,0.000000000000000000e+00,0.000000000000000000e+00,2.000000000000000000e+04
8.000000000000000167e-02,3.200000000000000067e-01,-1.284337306699921731e-03,-2.913405315178346777e-02,0.000000000000000000e+00,0.000000000000000000e+00,2.000000000000000000e+04
1.199999999999999956e-01,3.200000000000000067e-01,-1.195835738156957777e-03,-4.424300995992705432e-02,0.000000000000000000e+00,0.000000000000000000e+00,2.000000000000000000e+04
1.600000000000000033e-01,3.200000000000000067e-01,-7.541865081831583204e-04,-5.936305670829845893e-02,0.000000000000000000e+00,0.000000000000000000e+00,2.000000000000000000e+04
2.000000000000000111e-01,3.200000000000000067e-01,-4.358791490714245892e-05,-7.423872086141125592e-02,0.000000000000000000e+00,0.000000000000000000e+00,2.000000000000000000e+04
2.399999999999999911e-01,3.200000000000000067e-01,8.615478287268058715e-04,-8.864550709984432564e-02,0.000000000000000000e+00,0.000000000000000000e+00,2.000000000000000000e+04
2.800000000000000266e-01,3.200000000000000067e-01,1.892594067936356241e-03,-1.024047433113043082e-01,0.000000000000000000e+00,0.000000000000000000e+00,2.000000000000000000e+04
3.200000000000000067e-01,3.200000000000000067e-01,2.985129616530021908e-03,-1.153924779922721883e-01,0.000000000000000000e+00,0.000000000000000000e+00,2.000000000000000000e+04
3.599999999999999867e-01,3.200000000000000067e-01,4.080366641742575080e-03,-1.275411816327123860e-01,0.000000000000000000e+00,0.000000000000000000e+00,2.000000000000000000e+04
4.000000000000000222e-01,3.200000000000000067e-01,5.128160225108770696e-03,-1.388345580095125820e-01,0.000000000000000000e+00,0.000000000000000000e+00,2.000000000000000000e+04
4.400000000000000022e-01,3.200000000000000067e-01,6.089730468394998798e-03,-1.492977765741568541e-01,0.000000000000000000e+00,0.000000000000000000e+00,2.000000000000000000e+04
4.799999999999999822e-01,3.200000000000000067e-01,6.938936366226391809e-03,-1.589860198256764778e-01,0.000000000000000000e+00,0.000000000000000000e+00,2.000000000000000000e+04
5.200000000000000178e-01,3.200000000000000067e-01,7.661871388087451717e-03,-1.679736091723147418e-01,0.000000000000000000e+00,0.000000000000000000e+00,2.000000000000000000e+04
5.600000000000000533e-01,3.200000000000000067e-01,8.255149346354753725e-03,-1.763449789042432769e-01,0.000000000000000000e+00,0.000000000000000000e+00,2.000000000000000000e+04
5.999999999999999778e-01,3.200000000000000067e-01,8.723448753684472437e-03,-1.841879339119298076e-01,0.000000000000000000e+00,0.000000000000000000e+00,2.000000000000000000e+04
6.400000000000000133e-01,3.200000000000000067e-01,9.076834536950965232e-03,-1.915891003497295630e-01,0.000000000000000000e+00,0.000000000000000000e+00,2.000000000000000000e+04
6.800000000000000488e-01,3.200000000000000067e-01,9.328228137627443337e-03,-1.986312251906094117e-01,0.000000000000000000e+00,0.000000000000000000e+00,2.000000000000000000e+04
7.199999999999999734e-01,3.200000000000000067e-01,9.491242305965307338e-03,-2.053919128483437384e-01,0.000000000000000000e+00,0.000000000000000000e+00,2.000000000000000000e+04
7.600000000000000089e-01,3.200000000000000067e-01,9.578475109222113482e-03,-2.119434235872864891e-01,0.000000000000000000e+00,0.000000000000000000e+00,2.000000000000000000e+04
8.000000000000000444e-01,3.200000000000000067e-01,9.600276896269308372e-03,-2.183532429206754000e-01,0.000000000000000000e+00,0.000000000000000000e+00,2.000000000000000000e+04
8.399999999999999689e-01,3.200000000000000067e-01,9.563956066808352446e-03,-2.246852308411587673e-01,0.000000000000000000e+00,0.000000000000000000e+00,2.000000000000000000e+04
8.800000000000000044e-01,3.200000000000000067e-01,9.473358535501061328e-03,-2.310012570714921609e-01,0.000000000000000000e+00,0.000000000000000000e+00,2.000000000000000000e+04
9.200000000000000400e-01,3.200000000000000067e-01,9.328721058662264171e-03,-2.373633100619308156e-01,0.000000000000000000e+00,0.000000000000000000e+00,2.000000000000000000e+04
9.599999999999999645e-01,3.200000000000000067e-01,9.126635878123479442e-03,-2.438361067124308335e-01,0.000000000000000000e+00,0.000000000000000000e+00,2.000000000000000000e+04
1.000000000000000000e+00,3.200000000000000067e-01,8.859851921204937170e-03,-2.504901558733127476e-01,0.000000000000000000e+00,0.000000000000000000e+00,2.000000000000000000e+04
0.000000000000000000e+00,3.599999999999999867e-01,0.000000000000000000e+00,0.000000000000000000e+00,1.000000000000000000e+00,0.000000000000000000e+00,2.000000000000000000e+04
4.000000000000000083e-02,3.599999999999999867e-01,-6.283057628772688525e-04,-1.520141549754940556e-02,0.000000000000000000e+00,0.000000000000000000e+00,2.000000000000000000e+04
8.000000000000000167e-02,3.599999999999999867e-01,-6.122562758727531770e-04,-3.076396949008916235e-02,0.000000000000000000e+00,0.000000000000000000e+00,2.000000000000000000e+04
1.199999999999999956e-01,3.599999999999999867e-01,-5.815924148120711780e-05,-4.644098973274304182e-02,0.000000000000000000e+00,0.000000000000000000e+00,2.000000000000000000e+04
1.600000000000000033e-01,3.599999999999999867e-01,9.274856996932195159e-04,-6.197882909772479271e-02,0.000000000000000000e+00,0.000000000000000000e+00,2.000000000000000000e+04
2.000000000000000111e-01,3.599999999999999867e-01,2.240606721097045378e-03,-7.713491305349370886e-02,0.000000000000000000e+00,0.000000000000000000e+00,2.000000000000000000e+04
2.399999999999999911e-01,3.599999999999999867e-01,3.779598105617391467e-03,-9.169575150074700531e-02,0.000000000000000000e+00,0.000000000000000000e+00,2.000000000000000000e+04
2.800000000000000266e-01,3.599999999999999867e-01,5.445659202232504444e-03,-1.054925305000273122e-01,0.000000000000000000e+00,0.000000000000000000e+00,2.000000000000000000e+04
3.200000000000000067e-01,3.599999999999999867e-01,7.145741852515734814e-03,-1.184131071084582459e-01,0.000000000000000000e+00,0.000000000000000000e+00,2.000000000000000000e+04
3.599999999999999867e-01,3.599999999999999867e-01,8.797732475928096360e-03,-1.304059214043299664e-01,0.000000000000000000e+00,0.000000000000000000e+00,2.000000000000000000e+04
4.000000000000000222e-01,3.599999999999999867e-01,1.033558075246448181e-02,-1.414745648584762316e-01,0.000000000000000000e+00,0.000000000000000000e+00,2.000000000000000000e+04
4.400000000000000022e-01,3.599999999999999867e-01,1.171238096663654998e-02,-1.516659481949163002e-01,0.000000000000000000e+00,0.000000000000000000e+00,2.000000000000000000e+04
4.799999999999999822e-01,3.599999999999999867e-01,1.290071070648772869e-02,-1.610562904719506361e-01,0.000000000000000000e+00,0.000000000000000000e+00,2.000000000000000000e+04
5.200000000000000178e-01,3.599999999999999867e-01,1.389061960979240049e-02,-1.697381685510124527e-01,0.000000000000000000e+00,0.000000000000000000e+00,2.000000000000000000e+04
5.600000000000000533e-01,3.599999999999999867e-01,1.468615060348221410e-02,-1.778102785575370048e-01,0.000000000000000000e+00,0.000000000000000000e+00,2.000000000000000000e+04
5.999999999999999778e-01,3.599999999999999867e-01,1.530128757228773131e-02,-1.853703048860003699e-01,0.000000000000000000e+00,0.000000000000000000e+00,2.000000000000000000e+04
6.400000000000000133e-01,3.599999999999999867e-01,1.575600124544912148e-02,-1.925105819305964194e-01,0.000000000000000000e+00,0.000000000000000000e+00,2.000000000000000000e+04
6.800000000000000488e-01,3.599999999999999867e-01,1.607279513370176230e-02,-1.993159564380065085e-01,0.000000000000000000e+00,0.000000000000000000e+00,2.000000000000000000e+04
7.199999999999999734e-01,3.599999999999999867e-01,1.627392849332745875e-02,-2.058632394812902333e-01,0.000000000000000000e+00,0.000000000000000000e+00,2.000000000000000000e+04
7.600000000000000089e-01,3.599999999999999867e-01,1.637934049990890165e-02,-2.122217396485941709e-01,0.000000000000000000e+00,0.000000000000000000e+00,2.000000000000000000e+04
8.000000000000000444e-01,3.599999999999999867e-01,1.640521254515267188e-02,-2.184545095895536471e-01,0.000000000000000000e+00,0.000000000000000000e+00,2.000000000000000000e+04
8.399999999999999689e-01,3.599999999999999867e-01,1.636306496039718547e-02,-2.246200732707779590e-01,0.000000000000000000e+00,0.000000000000000000e+00,2.000000000000000000e+04
8.800000000000000044e-01,3.599999999999999867e-01,1.625926958934882302e-02,-2.307745102300874651e-01,0.000000000000000000e+00,0.000000000000000000e+00,2.000000000000000000e+04
9.200000000000000400e-01,3.599999999999999867e-01,1.609485140741140005e-02,-2.369738409999975204e-01,0.000000000000000000e+00,0.000000000000000000e+00,2.000000000000000000e+04
9.599999999999999645e-01,3.599999999999999867e-01,1.586543608121475032e-02,-2.432766604052876147e-01,0.000000000000000000e+00,0.000000000000000000e+00,2.000000000000000000e+04
1.000000000000000000e+00,3.599999999999999867e-01,1.556117250571828828e-02,-2.497468508667993192e-01,0.000000000000000000e+00,0.000000000000000000e+00,2.000000000000000000e+04
0.000000000000000000e+00,4.000000000000000222e-01,0.000000000000000000e+00,0.000000000000000000e+00,1.000000000000000000e+00,0.000000000000000000e+00,2.000000000000000000e+04
4.000000000000000083e-02,4.000000000000000222e-01,-3.844325393232150834e-04,-1.622263615073173473e-02,0.000000000000000000e+00,0.000000000000000000e+00,2.000000000000000000e+04
8.000000000000000167e-02,4.000000000000000222e-01,-3.157391136428254090e-05,-3.265019701043220257e-02,0.000000000000000000e+00,0.000000000000000000e+00,2.000000000000000000e+04
1.199999999999999956e-01,4.000000000000000222e-01,9.536238760571037190e-04,-4.902985154651168243e-02,0.000000000000000000e+00,0.000000000000000000e+00,2.000000000000000000e+04
1.600000000000000033e-01,4.000000000000000222e-01,2.456798363912575910e-03,-6.510724691266525643e-02,0.000000000000000000e+00,0.000000000000000000e+00,2.000000000000000000e+04
2.000000000000000111e-01,4.000000000000000222e-01,4.355926538185024739e-03,-8.064058364154050307e-02,0.000000000000000000e+00,0.000000000000000000e+00,2.000000000000000000e+04
2.399999999999999911e-01,4.000000000000000222e-01,6.522738596464915800e-03,-9.541833944773102372e-02,0.000000000000000000e+00,0.000000000000000000e+00,2.000000000000000000e+04
2.800000000000000266e-01,4.000000000000000222e-01,8.826258422842967258e-03,-1.092769336032219513e-01,0.000000000000000000e+00,0.000000000000000000e+00,2.000000000000000000e+04
3.200000000000000067e-01,4.000000000000000222e-01,1.114088886356176360e-02,-1.221172550431547238e-01,0.000000000000000000e+00,0.000000000000000000e+00,2.000000000000000000e+04
3.599999999999999867e-01,4.000000000000000222e-01,1.335697522706614029e-02,-1.339101975563732061e-01,0.000000000000000000e+00,0.000000000000000000e+00,2.000000000000000000e+04
4.000000000000000222e-01,4.000000000000000222e-01,1.538943509721402668e-02,-1.446886333173972305e-01,0.000000000000000000e+00,0.000000000000000000e+00,2.000000000000000000e+04
4.400000000000000022e-01,4.000000000000000222e-01,1.718174503193136901e-02,-1.545309620557860919e-01,0.000000000000000000e+00,0.000000000000000000e+00,2.000000000000000000e+04
4.799999999999999822e-01,4.000000000000000222e-01,1.870517022568100526e-02,-1.635427930865688828e-01,0.000000000000000000e+00,0.000000000000000000e+00,2.000000000000000000e+04
5.200000000000000178e-01,4.000000000000000222e-01,1.995463343995103681e-02,-1.718411419409311969e-01,0.000000000000000000e+00,0.000000000000000000e+00,2.000000000000000000e+04
5.600000000000000533e-01,4.000000000000000222e-01,2.094293532558619275e-02,-1.795429175548736433e-01,0.000000000000000000e+00,0.000000000000000000e+00,2.000000000000000000e+04
5.999999999999999778e-01,4.000000000000000222e-01,2.169470247984034775e-02,-1.867577271110462123e-01,0.000000000000000000e+00,0.000000000000000000e+00,2.000000000000000000e+04
6.400000000000000133e-01,4.000000000000000222e-01,2.224092266716250210e-02,-1.935842084782212758e-01,0.000000000000000000e+00,0.000000000000000000e+00,2.000000000000000000e+04
6.800000000000000488e-01,4.000000000000000222e-01,2.261447254269348742e-02,-2.001089007516627938e-01,0.000000000000000000e+00,0.000000000000000000e+00,2.000000000000000000e+04
7.199999999999999734e-01,4.000000000000000222e-01,2.284672902896724492e-02,-2.064067729785949434e-01,0.000000000000000000e+00,0.000000000000000000e+00,2.000000000000000000e+04
7.600000000000000089e-01,4.000000000000000222e-01,2.296517476368016564e-02,-2.125427494504475989e-01,0.000000000000000000e+00,0.000000000000000000e+00,2.000000000000000000e+04
8.000000000000000444e-01,4.000000000000000222e-01,2.299182589805175841e-02,-2.185737931697679659e-01,0.000000000000000000e+00,0.000000000000000000e+00,2.000000000000000000e+04
8.399999999999999689e-01,4.000000000000000222e-01,2.294229039905213569e-02,-2.245512934426367180e-01,0.000000000000000000e+00,0.000000000000000000e+00,2.000000000000000000e+04
8.800000000000000044e-01,4.000000000000000222e-01,2.282527808403717398e-02,-2.305236340756378344e-01,0.000000000000000000e+00,0.000000000000000000e+00,2.000000000000000000e+04
9.200000000000000400e-01,4.000000000000000222e-01,2.264241071379566664e-02,-2.365388881987549874e-01,0.000000000000000000e+00,0.000000000000000000e+00,2.000000000000000000e+04
9.599999999999999645e-01,4.000000000000000222e-01,2.238821253093570621e-02,-2.426475809867562061e-01,0.000000000000000000e+00,0.000000000000000000e+00,2.000000000000000000e+04
1.000000000000000000e+00,4.000000000000000222e-01,2.205020323418721215e-02,-2.489053545927419619e-01,0.000000000000000000e+00,0.000000000000000000e+00,2.000000000000000000e+04
0.000000000000000000e+00,4.400000000000000022e-01,0.000000000000000000e+00,0.000000000000000000e+00,1.000000000000000000e+00,0.000000000000000000e+00,2.000000000000000000e+04
4.000000000000000083e-02,4.400000000000000022e-01,-1.847481109631951351e-04,-1.738093471811701790e-02,0.000000000000000000e+00,0.000000000000000000e+00,2.000000000000000000e+04
8.000000000000000167e-02,4.400000000000000022e-01,4.719952203849774757e-04,-3.481633915686996317e-02,0.000000000000000000e+00,0.000000000000000000e+00,2.000000000000000000e+04
1.199999999999999956e-01,4.400000000000000022e-01,1.865819761020406746e-03,-5.203984588607626222e-02,0.000000000000000000e+00,0.000000000000000000e+00,2.000000000000000000e+04
1.600000000000000033e-01,4.400000000000000022e-01,3.875257232133871160e-03,-6.878527193395968242e-02,0.000000000000000000e+00,0.000000000000000000e+00,2.000000000000000000e+04
2.000000000000000111e-01,4.400000000000000022e-01,6.360509127693638950e-03,-8.479903994683216095e-02,0.000000000000000000e+00,0.000000000000000000e+00,2.000000000000000000e+04
2.399999999999999911e-01,4.400000000000000022e-01,9.164649303242499226e-03,-9.986046807307369377e-02,0.000000000000000000e+00,0.000000000000000000e+00,2.000000000000000000e+04
2.800000000000000266e-01,4.400000000000000022e-01,1.211973303470551162e-02,-1.138039427930462588e-01,0.000000000000000000e+00,0.000000000000000000e+00,2.000000000000000000e+04
3.200000000000000067e-01,4.400000000000000022e-01,1.506158361577796152e-02,-1.265438591099241339e-01,0.000000000000000000e+00,0.000000000000000000e+00,2.000000000000000000e+04
3.599999999999999867e-01,4.400000000000000022e-01,1.784809621727957013e-02,-1.380815715683765543e-01,0.000000000000000000e+00,0.000000000000000000e+00,2.000000000000000000e+04
4.000000000000000222e-01,4.400000000000000022e-01,2.037272895346806459e-02,-1.484912275219160138e-01,0.000000000000000000e+00,0.000000000000000000e+00,2.000000000000000000e+04
4.400000000000000022e-01,4.400000000000000022e-01,2.256941376413949471e-02,-1.578948957434251621e-01,0.000000000000000000e+00,0.000000000000000000e+00,2.000000000000000000e+04
4.799999999999999822e-01,4.400000000000000022e-01,2.440990658621251808e-02,-1.664375478310802237e-01,0.000000000000000000e+00,0.000000000000000000e+00,2.000000000000000000e+04
5.200000000000000178e-01,4.400000000000000022e-01,2.589659456914805702e-02,-1.742675358622218784e-01,0.000000000000000000e+00,0.000000000000000000e+00,2.000000000000000000e+04
5.600000000000000533e-01,4.400000000000000022e-01,2.705366103932322491e-02,-1.815239468199169592e-01,0.000000000000000000e+00,0.000000000000000000e+00,2.000000000000000000e+04
5.999999999999999778e-01,4.400000000000000022e-01,2.791857720499452827e-02,-1.883299463141112629e-01,0.000000000000000000e+00,0.000000000000000000e+00,2.000000000000000000e+04
6.400000000000000133e-01,4.400000000000000022e-01,2.853493619412387702e-02,-1.947904808002487720e-01,0.000000000000000000e+00,0.000000000000000000e+00,2.000000000000000000e+04
6.800000000000000488e-01,4.400000000000000022e-01,2.894695644883443081e-02,-2.009927655622943121e-01,0.000000000000000000e+00,0.000000000000000000e+00,2.000000000000000000e+04
7.199999999999999734e-01,4.400000000000000022e-01,2.919557830215308014e-02,-2.070083437309941654e-01,0.000000000000000000e+00,0.000000000000000000e+00,2.000000000000000000e+04
7.600000000000000089e-01,4.400000000000000022e-01,2.931588862041879101e-02,-2.128958999048648770e-01,0.000000000000000000e+00,0.000000000000000000e+00,2.000000000000000000e+04
8.000000000000000444e-01,4.400000000000000022e-01,2.933555365181163624e-02,-2.187043461130548094e-01,0.000000000000000000e+00,0.000000000000000000e+00,2.000000000000000000e+04
8.399999999999999689e-01,4.400000000000000022e-01,2.927395852312585089e-02,-2.244759415548120141e-01,0.000000000000000000e+00,0.000000000000000000e+00,2.000000000000000000e+04
8.800000000000000044e-01,4.400000000000000022e-01,2.914180464334714671e-02,-2.302493646596607269e-01,0.000000000000000000e+00,0.000000000000000000e+00,2.000000000000000000e+04
9.200000000000000400e-01,4.400000000000000022e-01,2.894098387688772214e-02,-2.360627354061493322e-01,0.000000000000000000e+00,0.000000000000000000e+00,2.000000000000000000e+04
9.599999999999999645e-01,4.400000000000000022e-01,2.866462583842284070e-02,-2.419565896509779934e-01,0.000000000000000000e+00,0.000000000000000000e+00,2.000000000000000000e+04
1.000000000000000000e+00,4.400000000000000022e-01,2.829731068443396003e-02,-2.479767282415777929e-01,0.000000000000000000e+00,0.000000000000000000e+00,2.000000000000000000e+04
0.000000000000000000e+00,4.799999999999999822e-01,0.000000000000000000e+00,0.000000000000000000e+00,1.000000000000000000e+00,0.000000000000000000e+00,2.000000000000000000e+04
4.000000000000000083e-02,4.799999999999999822e-01,-2.780401956651888659e-05,-1.869285666729596229e-02,0.000000000000000000e+00,0.000000000000000000e+00,2.000000000000000000e+04
8.000000000000000167e-02,4.799999999999999822e-01,9.029761289526122559e-04,-3.729194630756476475e-02,0.000000000000000000e+00,0.000000000000000000e+00,2.000000000000000000e+04
1.199999999999999956e-01,4.799999999999999822e-01,2.689899810481197716e-03,-5.551336626517763134e-02,0.000000000000000000e+00,0.000000000000000000e+00,2.000000000000000000e+04
1.600000000000000033e-01,4.799999999999999822e-01,5.206118894025232348e-03,-7.306816365687070214e-02,0.000000000000000000e+00,0.000000000000000000e+00,2.000000000000000000e+04
2.000000000000000111e-01,4.799999999999999822e-01,8.293408142844588965e-03,-8.967610361139906339e-02,0.000000000000000000e+00,0.000000000000000000e+00,2.000000000000000000e+04
2.399999999999999911e-01,4.799999999999999822e-01,1.176165329377184925e-02,-1.050926407781266475e-01,0.000000000000000000e+00,0.000000000000000000e+00,2.000000000000000000e+04
2.800000000000000266e-01,4.799999999999999822e-01,1.539716960613948457e-02,-1.191391597616092146e-01,0.000000000000000000e+00,0.000000000000000000e+00,2.000000000000000000e+04
3.200000000000000067e-01,4.799999999999999822e-01,1.898759134011961808e-02,-1.317443122605690964e-01,0.000000000000000000e+00,0.000000000000000000e+00,2.000000000000000000e+04
3.599999999999999867e-01,4.799999999999999822e-01,2.235189814937860869e-02,-1.429517338769784318e-01,0.000000000000000000e+00,0.000000000000000000e+00,2.000000000000000000e+04
4.000000000000000222e-01,4.799999999999999822e-01,2.536026667411519706e-02,-1.528935010159156449e-01,0.000000000000000000e+00,0.000000000000000000e+00,2.000000000000000000e+04
4.400000000000000022e-01,4.799999999999999822e-01,2.793909044366820263e-02,-1.617510899449761119e-01,0.000000000000000000e+00,0.000000000000000000e+00,2.000000000000000000e+04
4.799999999999999822e-01,4.799999999999999822e-01,3.006472492165724458e-02,-1.697206713392917787e-01,0.000000000000000000e+00,0.000000000000000000e+00,2.000000000000000000e+04
5.200000000000000178e-01,4.799999999999999822e-01,3.175164656941916602e-02,-1.769892503439068343e-01,0.000000000000000000e+00,0.000000000000000000e+00,2.000000000000000000e+04
5.600000000000000533e-01,4.799999999999999822e-01,3.303952418127488466e-02,-1.837215545859527954e-01,0.000000000000000000e+00,0.000000000000000000e+00,2.000000000000000000e+04
5.999999999999999778e-01,4.799999999999999822e-01,3.398176639438438978e-02,-1.900550078263553433e-01,0.000000000000000000e+00,0.000000000000000000e+00,2.000000000000000000e+04
6.400000000000000133e-01,4.799999999999999822e-01,3.463656283135265607e-02,-1.960998438515421938e-01,0.000000000000000000e+00,0.000000000000000000e+00,2.000000000000000000e+04
6.800000000000000488e-01,4.799999999999999822e-01,3.506049854692663142e-02,-2.019420175264664274e-01,0.000000000000000000e+00,0.000000000000000000e+00,2.000000000000000000e+04
7.199999999999999734e-01,4.799999999999999822e-01,3.530436877630275389e-02,-2.076473342362260832e-01,0.000000000000000000e+00,0.000000000000000000e+00,2.000000000000000000e+04
7.600000000000000089e-01,4.799999999999999822e-01,3.541067143959160390e-02,-2.132658651309519149e-01,0.000000000000000000e+00,0.000000000000000000e+00,2.000000000000000000e+04
8.000000000000000444e-01,4.799999999999999822e-01,3.541226527556234904e-02,-2.188361800038270966e-01,0.000000000000000000e+00,0.000000000000000000e+00,2.000000000000000000e+04
8.399999999999999689e-01,4.799999999999999822e-01,3.533176228966850019e-02,-2.243892316044871493e-01,0.000000000000000000e+00,0.000000000000000000e+00,2.000000000000000000e+04
8.800000000000000044e-01,4.799999999999999822e-01,3.518132759504870311e-02,-2.299519035513623300e-01,0.000000000000000000e+00,0.000000000000000000e+00,2.000000000000000000e+04
9.200000000000000400e-01,4.799999999999999822e-01,3.496266976816495703e-02,-2.355503216572104319e-01,0.000000000000000000e+00,0.000000000000000000e+00,2.000000000000000000e+04
9.599999999999999645e-01,4.799999999999999822e-01,3.466712124685703000e-02,-2.412130450996005093e-01,0.000000000000000000e+00,0.000000000000000000e+00,2.000000000000000000e+04
1.000000000000000000e+00,4.799999999999999822e-01,3.427584442141156512e-02,-2.469742079906633303e-01,0.000000000000000000e+00,0.000000000000000000e+00,2.000000000000000000e+04
0.000000000000000000e+00,5.200000000000000178e-01,0.000000000000000000e+00,0.000000000000000000e+00,1.000000000000000000e+00,0.000000000000000000e+00,2.000000000000000000e+04
4.000000000000000083e-02,5.200000000000000178e-01,8.382644629181577954e-05,-2.017412586763870502e-02,0.000000000000000000e+00,0.000000000000000000e+00,2.000000000000000000e+04
8.000000000000000167e-02,5.200000000000000178e-01,1.256821185051155585e-03,-4.010907832893770980e-02,0.000000000000000000e+00,0.000000000000000000e+00,2.000000000000000000e+04
1.199999999999999956e-01,5.200000000000000178e-01,3.423841941182803952e-03,-5.950230629548590444e-02,0.000000000000000000e+00,0.000000000000000000e+00,2.000000000000000000e+04
1.600000000000000033e-01,5.200000000000000178e-01,6.456838854477039806e-03,-7.802910724940835541e-02,0.000000000000000000e+00,0.000000000000000000e+00,2.000000000000000000e+04
2.000000000000000111e-01,5.200000000000000178e-01,1.017840577608868612e-02,-9.536255896174627988e-02,0.000000000000000000e+00,0.000000000000000000e+00,2.000000000000000000e+04
2.399999999999999911e-01,5.200000000000000178e-01,1.435778806370040239e-02,-1.112132796071946539e-01,0.000000000000000000e+00,0.000000000000000000e+00,2.000000000000000000e+04
2.800000000000000266e-01,5.200000000000000178e-01,1.872089000133551548e-02,-1.253723534257435435e-01,0.000000000000000000e+00,0.000000000000000000e+00,2.000000000000000000e+04
3.200000000000000067e-01,5.200000000000000178e-01,2.299212071439259500e-02,-1.377852239007181512e-01,0.000000000000000000e+00,0.000000000000000000e+00,2.000000000000000000e+04
3.599999999999999867e-01,5.200000000000000178e-01,2.694295543531438977e-02,-1.485571048657712279e-01,0.000000000000000000e+00,0.000000000000000000e+00,2.000000000000000000e+04
4.000000000000000222e-01,5.200000000000000178e-01,3.041959047485056147e-02,-1.579023399331582478e-01,0.000000000000000000e+00,0.000000000000000000e+00,2.000000000000000000e+04
4.400000000000000022e-01,5.200000000000000178e-01,3.334571907303401916e-02,-1.660825212263774553e-01,0.000000000000000000e+00,0.000000000000000000e+00,2.000000000000000000e+04
4.799999999999999822e-01,5.200000000000000178e-01,3.570947238792712003e-02,-1.733588134566323991e-01,0.000000000000000000e+00,0.000000000000000000e+00,2.000000000000000000e+04
5.200000000000000178e-01,5.200000000000000178e-01,3.754450257357395959e-02,-1.799640105346110019e-01,0.000000000000000000e+00,0.000000000000000000e+00,2.000000000000000000e+04
5.600000000000000533e-01,5.200000000000000178e-01,3.891165469580167013e-02,-1.860906437057530671e-01,0.000000000000000000e+00,0.000000000000000000e+00,2.000000000000000000e+04
5.999999999999999778e-01,5.200000000000000178e-01,3.988415275645624397e-02,-1.918894384433755540e-01,0.000000000000000000e+00,0.000000000000000000e+00,2.000000000000000000e+04
6.400000000000000133e-01,5.200000000000000178e-01,4.053696286718667247e-02,-1.974733302873041829e-01,0.000000000000000000e+00,0.000000000000000000e+00,2.000000000000000000e+04
6.800000000000000488e-01,5.200000000000000178e-01,4.093987673122352622e-02,-2.029238111221591534e-01,0.000000000000000000e+00,0.000000000000000000e+00,2.000000000000000000e+04
7.199999999999999734e-01,5.200000000000000178e-01,4.115346249586217947e-02,-2.082977244266499828e-01,0.000000000000000000e+00,0.000000000000000000e+00,2.000000000000000000e+04
7.600000000000000089e-01,5.200000000000000178e-01,4.122700724960418062e-02,-2.136335701915993701e-01,0.000000000000000000e+00,0.000000000000000000e+00,2.000000000000000000e+04
8.000000000000000444e-01,5.200000000000000178e-01,4.119770745984052684e-02,-2.189569680198004964e-01,0.000000000000000000e+00,0.000000000000000000e+00,2.000000000000000000e+04
8.399999999999999689e-01,5.200000000000000178e-01,4.109053660215986059e-02,-2.242852643029766835e-01,0.000000000000000000e+00,0.000000000000000000e+00,2.000000000000000000e+04
8.800000000000000044e-01,5.200000000000000178e-01,4.091838545840022906e-02,-2.296314477432753465e-01,0.000000000000000000e+00,0.000000000000000000e+00,2.000000000000000000e+04
9.200000000000000400e-01,5.200000000000000178e-01,4.068222021412808143e-02,-2.350076201660779296e-01,0.000000000000000000e+00,0.000000000000000000e+00,2.000000000000000000e+04
9.599999999999999645e-01,5.200000000000000178e-01,4.037114734433649987e-02,-2.404282939484697068e-01,0.000000000000000000e+00,0.000000000000000000e+00,2.000000000000000000e+04
1.000000000000000000e+00,5.200000000000000178e-01,3.996243408136233161e-02,-2.459137729416220886e-01,0.000000000000000000e+00,0.000000000000000000e+00,2.000000000000000000e+04
0.000000000000000000e+00,5.600000000000000533e-01,0.000000000000000000e+00,0.000000000000000000e+00,1.000000000000000000e+00,0.000000000000000000e+00,2.000000000000000000e+04
4.000000000000000083e-02,5.600000000000000533e-01,1.435654613615295586e-04,-2.183604496138158435e-02,0.000000000000000000e+00,0.000000000000000000e+00,2.000000000000000000e+04
8.000000000000000167e-02,5.600000000000000533e-01,1.519410710711187286e-03,-4.329788628061602418e-02,0.000000000000000000e+00,0.000000000000000000e+00,2.000000000000000000e+04
1.199999999999999956e-01,5.600000000000000533e-01,4.051529885657010298e-03,-6.406551985042568953e-02,0.000000000000000000e+00,0.000000000000000000e+00,2.000000000000000000e+04
1.600000000000000033e-01,5.600000000000000533e-01,7.619253983215943000e-03,-8.376024268648608884e-02,0.000000000000000000e+00,0.000000000000000000e+00,2.000000000000000000e+04
2.000000000000000111e-01,5.600000000000000533e-01,1.202590084652184477e-02,-1.019790429945130750e-01,0.000000000000000000e+00,0.000000000000000000e+00,2.000000000000000000e+04
2.399999999999999911e-01,5.600000000000000533e-01,1.698890091860429108e-02,-1.183561328567032250e-01,0.000000000000000000e+00,0.000000000000000000e+00,2.000000000000000000e+04
2.800000000000000266e-01,5.600000000000000533e-01,2.214974863526895932e-02,-1.326234206845771091e-01,0.000000000000000000e+00,0.000000000000000000e+00,2.000000000000000000e+04
3.200000000000000067e-01,5.600000000000000533e-01,2.714647711335699959e-02,-1.447506074866568848e-01,0.000000000000000000e+00,0.000000000000000000e+00,2.000000000000000000e+04
3.599999999999999867e-01,5.600000000000000533e-01,3.169223269547574023e-02,-1.549375233174695998e-01,0.000000000000000000e+00,0.000000000000000000e+00,2.000000000000000000e+04
4.000000000000000222e-01,5.600000000000000533e-01,3.561115600135193043e-02,-1.635171159077135339e-01,0.000000000000000000e+00,0.000000000000000000e+00,2.000000000000000000e+04
4.400000000000000022e-01,5.600000000000000533e-01,3.883359882587644057e-02,-1.708582046173082181e-01,0.000000000000000000e+00,0.000000000000000000e+00,2.000000000000000000e+04
4.799999999999999822e-01,5.600000000000000533e-01,4.137084196845000617e-02,-1.773022545889726687e-01,0.000000000000000000e+00,0.000000000000000000e+00,2.000000000000000000e+04
5.200000000000000178e-01,5.600000000000000533e-01,4.328571443737050384e-02,-1.831336137605249492e-01,0.000000000000000000e+00,0.000000000000000000e+00,2.000000000000000000e+04
5.600000000000000533e-01,5.600000000000000533e-01,4.466746739483121870e-02,-1.885722549684433480e-01,0.000000000000000000e+00,0.000000000000000000e+00,2.000000000000000000e+04
5.999999999999999778e-01,5.600000000000000533e-01,4.561348219839014145e-02,-1.937786351521671724e-01,0.000000000000000000e+00,0.000000000000000000e+00,2.000000000000000000e+04
6.400000000000000133e-01,5.600000000000000533e-01,4.621745920358042575e-02,-1.988636137029778372e-01,0.000000000000000000e+00,0.000000000000000000e+00,2.000000000000000000e+04
6.800000000000000488e-01,5.600000000000000533e-01,4.656266213034863932e-02,-2.038994062687968789e-01,0.000000000000000000e+00,0.000000000000000000e+00,2.000000000000000000e+04
7.199999999999999734e-01,5.600000000000000533e-01,4.671866006487884748e-02,-2.089296195069047790e-01,0.000000000000000000e+00,0.000000000000000000e+00,2.000000000000000000e+04
7.600000000000000089e-01,5.600000000000000533e-01,4.674024894325168322e-02,-2.139776369261780775e-01,0.000000000000000000e+00,0.000000000000000000e+00,2.000000000000000000e+04
8.000000000000000444e-01,5.600000000000000533e-01,4.666756140064349384e-02,-2.190532798692477745e-01,0.000000000000000000e+00,0.000000000000000000e+00,2.000000000000000000e+04
8.399999999999999689e-01,5.600000000000000533e-01,4.652666966640356394e-02,-2.241579836121502800e-01,0.000000000000000000e+00,0.000000000000000000e+00,2.000000000000000000e+04
8.800000000000000044e-01,5.600000000000000533e-01,4.633021863004422453e-02,-2.292888645703135553e-01,0.000000000000000000e+00,0.000000000000000000e+00,2.000000000000000000e+04
9.200000000000000400e-01,5.600000000000000533e-01,4.607780439926566912e-02,-2.344421062648917309e-01,0.000000000000000000e+00,0.000000000000000000e+00,2.000000000000000000e+04
9.599999999999999645e-01,5.600000000000000533e-01,4.575596528638301019e-02,-2.396161113702142964e-01,0.000000000000000000e+00,0.000000000000000000e+00,2.000000000000000000e+04
1.000000000000000000e+00,5.600000000000000533e-01,4.533781254455206827e-02,-2.448148803981073096e-01,0.000000000000000000e+00,0.000000000000000000e+00,2.000000000000000000e+04
0.000000000000000000e+00,5.999999999999999778e-01,0.000000000000000000e+00,0.000000000000000000e+00,1.000000000000000000e+00,0.000000000000000000e+00,2.000000000000000000e+04
4.000000000000000083e-02,5.999999999999999778e-01,1.409070385454272781e-04,-2.367955140706674497e-02,0.000000000000000000e+00,0.000000000000000000e+00,2.000000000000000000e+04
8.000000000000000167e-02,5.999999999999999778e-01,1.666094944545985822e-03,-4.687993908861640135e-02,0.000000000000000000e+00,0.000000000000000000e+00,2.000000000000000000e+04
1.199999999999999956e-01,5.999999999999999778e-01,4.541083007063512547e-03,-6.926552655869970543e-02,0.000000000000000000e+00,0.000000000000000000e+00,2.000000000000000000e+04
1.600000000000000033e-01,5.999999999999999778e-01,8.668400928144618170e-03,-9.037502971636117433e-02,0.000000000000000000e+00,0.000000000000000000e+00,2.000000000000000000e+04
2.000000000000000111e-01,5.999999999999999778e-01,1.383380704459171578e-02,-1.096842773392935622e-01,0.000000000000000000e+00,0.000000000000000000e+00,2.000000000000000000e+04
2.399999999999999911e-01,5.999999999999999778e-01,1.968685969194893665e-02,-1.267021364924784399e-01,0.000000000000000000e+00,0.000000000000000000e+00,2.000000000000000000e+04
2.800000000000000266e-01,5.999999999999999778e-01,2.574506907823634685e-02,-1.410505052431932638e-01,0.000000000000000000e+00,0.000000000000000000e+00,2.000000000000000000e+04
3.200000000000000067e-01,5.999999999999999778e-01,3.152481939605076416e-02,-1.527431136151606028e-01,0.000000000000000000e+00,0.000000000000000000e+00,2.000000000000000000e+04
3.599999999999999867e-01,5.999999999999999778e-01,3.666880355530680036e-02,-1.621321777171375600e-01,0.000000000000000000e+00,0.000000000000000000e+00,2.000000000000000000e+04
4.000000000000000222e-01,5.999999999999999778e-01,4.098680806184574338e-02,-1.697234399478784461e-01,0.000000000000000000e+00,0.000000000000000000e+00,2.000000000000000000e+04
4.400000000000000022e-01,5.999999999999999778e-01,4.443249409921801174e-02,-1.760272950140255865e-01,0.000000000000000000e+00,0.000000000000000000e+00,2.000000000000000000e+04
4.799999999999999822e-01,5.999999999999999778e-01,4.705733164130875001e-02,-1.814806908762511550e-01,0.000000000000000000e+00,0.000000000000000000e+00,2.000000000000000000e+04
5.200000000000000178e-01,5.999999999999999778e-01,4.896654807628589984e-02,-1.864217504940337833e-01,0.000000000000000000e+00,0.000000000000000000e+00,2.000000000000000000e+04
5.600000000000000533e-01,5.999999999999999778e-01,5.028617820083153278e-02,-1.910931923963863632e-01,0.000000000000000000e+00,0.000000000000000000e+00,2.000000000000000000e+04
5.999999999999999778e-01,5.999999999999999778e-01,5.114189661250897329e-02,-1.956578161979853347e-01,0.000000000000000000e+00,0.000000000000000000e+00,2.000000000000000000e+04
6.400000000000000133e-01,5.999999999999999778e-01,5.164719171213882215e-02,-2.002167714450105995e-01,0.000000000000000000e+00,0.000000000000000000e+00,2.000000000000000000e+04
6.800000000000000488e-01,5.999999999999999778e-01,5.189792707025950996e-02,-2.048262988220974079e-01,0.000000000000000000e+00,0.000000000000000000e+00,2.000000000000000000e+04
7.199999999999999734e-01,5.999999999999999778e-01,5.197080521854506585e-02,-2.095114099836031529e-01,0.000000000000000000e+00,0.000000000000000000e+00,2.000000000000000000e+04
7.600000000000000089e-01,5.999999999999999778e-01,5.192393238200080502e-02,-2.142763401797383449e-01,0.000000000000000000e+00,0.000000000000000000e+00,2.000000000000000000e+04
8.000000000000000444e-01,5.999999999999999778e-01,5.179828338694732193e-02,-2.191121908858185419e-01,0.000000000000000000e+00,0.000000000000000000e+00,2.000000000000000000e+04
8.399999999999999689e-01,5.999999999999999778e-01,5.161930571336427465e-02,-2.240023722136841589e-01,0.000000000000000000e+00,0.000000000000000000e+00,2.000000000000000000e+04
8.800000000000000044e-01,5.999999999999999778e-01,5.139819134438165099e-02,-2.289264820523602972e-01,0.000000000000000000e+00,0.000000000000000000e+00,2.000000000000000000e+04
9.200000000000000400e-01,5.999999999999999778e-01,5.113252742935875395e-02,-2.338632409188548811e-01,0.000000000000000000e+00,0.000000000000000000e+00,2.000000000000000000e+04
9.599999999999999645e-01,5.999999999999999778e-01,5.080616398599641093e-02,-2.387930981584746593e-01,0.000000000000000000e+00,0.000000000000000000e+00,2.000000000000000000e+04
1.000000000000000000e+00,5.999999999999999778e-01,5.038826285155693918e-02,-2.437011623084352485e-01,0.000000000000000000e+00,0.000000000000000000e+00,2.000000000000000000e+04
0.000000000000000000e+00,6.400000000000000133e-01,0.000000000000000000e+00,0.000000000000000000e+00,1.000000000000000000e+00,0.000000000000000000e+00,2.000000000000000000e+04
4.000000000000000083e-02,6.400000000000000133e-01,6.250334854114044216e-05,-2.568546341119693627e-02,0.000000000000000000e+00,0.000000000000000000e+00,2.000000000000000000e+04
8.000000000000000167e-02,6.400000000000000133e-01,1.661754260590185810e-03,-5.085773486218524153e-02,0.000000000000000000e+00,0.000000000000000000e+00,2.000000000000000000e+04
1.199999999999999956e-01,6.400000000000000133e-01,4.843639800875397528e-03,-7.516339647396834411e-02,0.000000000000000000e+00,0.000000000000000000e+00,2.000000000000000000e+04
1.600000000000000033e-01,6.400000000000000133e-01,9.561238364032101020e-03,-9.801187227325848517e-02,0.000000000000000000e+00,0.000000000000000000e+00,2.000000000000000000e+04
2.000000000000000111e-01,6.400000000000000133e-01,1.558860170483597311e-02,-1.186879389143816604e-01,0.000000000000000000e+00,0.000000000000000000e+00,2.000000000000000000e+04
2.399999999999999911e-01,6.400000000000000133e-01,2.248538056811515834e-02,-1.364982718089489400e-01,0.000000000000000000e+00,0.000000000000000000e+00,2.000000000000000000e+04
2.800000000000000266e-01,6.400000000000000133e-01,2.957831376309861746e-02,-1.508607598199309396e-01,0.000000000000000000e+00,0.000000000000000000e+00,2.000000000000000000e+04
3.200000000000000067e-01,6.400000000000000133e-01,3.620897015903266902e-02,-1.618829412708490401e-01,0.000000000000000000e+00,0.000000000000000000e+00,2.000000000000000000e+04
3.599999999999999867e-01,6.400000000000000133e-01,4.193959733868699025e-02,-1.701710853432053250e-01,0.000000000000000000e+00,0.000000000000000000e+00,2.000000000000000000e+04
4.000000000000000222e-01,6.400000000000000133e-01,4.658504080501957995e-02,-1.764828346140134563e-01,0.000000000000000000e+00,0.000000000000000000e+00,2.000000000000000000e+04
4.400000000000000022e-01,6.400000000000000133e-01,5.015031766277060210e-02,-1.815105928721410244e-01,0.000000000000000000e+00,0.000000000000000000e+00,2.000000000000000000e+04
4.799999999999999822e-01,6.400000000000000133e-01,5.275132552079070392e-02,-1.857979892231946539e-01,0.000000000000000000e+00,0.000000000000000000e+00,2.000000000000000000e+04
5.200000000000000178e-01,6.400000000000000133e-01,5.455189232775806141e-02,-1.897319672157967430e-01,0.000000000000000000e+00,0.000000000000000000e+00,2.000000000000000000e+04
5.600000000000000533e-01,6.400000000000000133e-01,5.572330828101457190e-02,-1.935664754927560183e-01,0.000000000000000000e+00,0.000000000000000000e+00,2.000000000000000000e+04
5.999999999999999778e-01,6.400000000000000133e-01,5.642226291659888093e-02,-1.974540812232362108e-01,0.000000000000000000e+00,0.000000000000000000e+00,2.000000000000000000e+04
6.400000000000000133e-01,6.400000000000000133e-01,5.678115470686260352e-02,-2.014751690906298187e-01,0.000000000000000000e+00,0.000000000000000000e+00,2.000000000000000000e+04
6.800000000000000488e-01,6.400000000000000133e-01,5.690570140463470372e-02,-2.056613368842086509e-01,0.000000000000000000e+00,0.000000000000000000e+00,2.000000000000000000e+04
7.199999999999999734e-01,6.400000000000000133e-01,5.687632157377279368e-02,-2.100127205624796878e-01,0.000000000000000000e+00,0.000000000000000000e+00,2.000000000000000000e+04
7.600000000000000089e-01,6.400000000000000133e-01,5.675108003727553918e-02,-2.145101470389426113e-01,0.000000000000000000e+00,0.000000000000000000e+00,2.000000000000000000e+04
8.000000000000000444e-01,6.400000000000000133e-01,5.656891926089822192e-02,-2.191232830975558543e-01,0.000000000000000000e+00,0.000000000000000000e+00,2.000000000000000000e+04
8.399999999999999689e-01,6.400000000000000133e-01,5.635247488365511398e-02,-2.238158674726458686e-01,0.000000000000000000e+00,0.000000000000000000e+00,2.000000000000000000e+04
8.800000000000000044e-01,6.400000000000000133e-01,5.611008790346169034e-02,-2.285489434779040541e-01,0.000000000000000000e+00,0.000000000000000000e+00,2.000000000000000000e+04
9.200000000000000400e-01,6.400000000000000133e-01,5.583676958510852550e-02,-2.332828738107670663e-01,0.000000000000000000e+00,0.000000000000000000e+00,2.000000000000000000e+04
9.599999999999999645e-01,6.400000000000000133e-01,5.551392959074809286e-02,-2.379788704996455284e-01,0.000000000000000000e+00,0.000000000000000000e+00,2.000000000000000000e+04
1.000000000000000000e+00,6.400000000000000133e-01,5.510771786321010113e-02,-2.426008305044035918e-01,0.000000000000000000e+00,0.000000000000000000e+00,2.000000000000000000e+04
0.000000000000000000e+00,6.800000000000000488e-01,0.000000000000000000e+00,0.000000000000000000e+00,1.000000000000000000e+00,0.000000000000000000e+00,2.000000000000000000e+04
4.000000000000000083e-02,6.800000000000000488e-01,-1.034221454159321983e-04,-2.779918541998078682e-02,0.000000000000000000e+00,0.000000000000000000e+00,2.000000000000000000e+04
8.000000000000000167e-02,6.800000000000000488e-01,1.465546901500740891e-03,-5.519842060149880714e-02,0.000000000000000000e+00,0.000000000000000000e+00,2.000000000000000000e+04
1.199999999999999956e-01,6.800000000000000488e-01,4.896173468458536911e-03,-8.181008206279762052e-02,0.000000000000000000e+00,0.000000000000000000e+00,2.000000000000000000e+04
1.600000000000000033e-01,6.800000000000000488e-01,1.023780978982304427e-02,-1.068384616834450879e-01,0.000000000000000000e+00,0.000000000000000000e+00,2.000000000000000000e+04
2.000000000000000111e-01,6.800000000000000488e-01,1.726825635122765726e-02,-1.292698842522744251e-01,0.000000000000000000e+00,0.000000000000000000e+00,2.000000000000000000e+04
2.399999999999999911e-01,6.800000000000000488e-01,2.542968552875851315e-02,-1.480876495804996640e-01,0.000000000000000000e+00,0.000000000000000000e+00,2.000000000000000000e+04
2.800000000000000266e-01,6.800000000000000488e-01,3.374169547517615053e-02,-1.623235232464529110e-01,0.000000000000000000e+00,0.000000000000000000e+00,2.000000000000000000e+04
3.200000000000000067e-01,6.800000000000000488e-01,4.129240759375910064e-02,-1.723013200215377239e-01,0.000000000000000000e+00,0.000000000000000000e+00,2.000000000000000000e+04
3.599999999999999867e-01,6.800000000000000488e-01,4.756484185844485346e-02,-1.790592385467555392e-01,0.000000000000000000e+00,0.000000000000000000e+00,2.000000000000000000e+04
4.000000000000000222e-01,6.800000000000000488e-01,5.242041408009088382e-02,-1.837169540389855527e-01,0.000000000000000000e+00,0.000000000000000000e+00,2.000000000000000000e+04
4.400000000000000022e-01,6.800000000000000488e-01,5.596028849264716304e-02,-1.871894711785356269e-01,0.000000000000000000e+00,0.000000000000000000e+00,2.000000000000000000e+04
4.799999999999999822e-01,6.800000000000000488e-01,5.839704125981094035e-02,-1.901267289514213255e-01,0.000000000000000000e+00,0.000000000000000000e+00,2.000000000000000000e+04
5.200000000000000178e-01,6.800000000000000488e-01,5.997073893168063108e-02,-1.929468489998781289e-01,0.000000000000000000e+00,0.000000000000000000e+00,2.000000000000000000e+04
5.600000000000000533e-01,6.800000000000000488e-01,6.090429091492462893e-02,-1.958936183935880149e-01,0.000000000000000000e+00,0.000000000000000000e+00,2.000000000000000000e+04
5.999999999999999778e-01,6.800000000000000488e-01,6.138474513710908548e-02,-1.990903481029610567e-01,0.000000000000000000e+00,0.000000000000000000e+00,2.000000000000000000e+04
6.400000000000000133e-01,6.800000000000000488e-01,6.155919160552396352e-02,-2.025819708077117587e-01,0.000000000000000000e+00,0.000000000000000000e+00,2.000000000000000000e+04
6.800000000000000488e-01,6.800000000000000488e-01,6.153773695370579749e-02,-2.063650988450958235e-01,0.000000000000000000e+00,0.000000000000000000e+00,2.000000000000000000e+04
7.199999999999999734e-01,6.800000000000000488e-01,6.139914540751858357e-02,-2.104082567984563723e-01,0.000000000000000000e+00,0.000000000000000000e+00,2.000000000000000000e+04
7.600000000000000089e-01,6.800000000000000488e-01,6.119682792860258597e-02,-2.146648439651896445e-01,0.000000000000000000e+00,0.000000000000000000e+00,2.000000000000000000e+04
8.000000000000000444e-01,6.800000000000000488e-01,6.096409570561798358e-02,-2.190809900606527638e-01,0.000000000000000000e+00,0.000000000000000000e+00,2.000000000000000000e+04
8.399999999999999689e-01,6.800000000000000488e-01,6.071824306668701515e-02,-2.235999274574006768e-01,0.000000000000000000e+00,0.000000000000000000e+00,2.000000000000000000e+04
8.800000000000000044e-01,6.800000000000000488e-01,6.046329732650917305e-02,-2.281640403373663695e-01,0.000000000000000000e+00,0.000000000000000000e+00,2.000000000000000000e+04
9.200000000000000400e-01,6.800000000000000488e-01,6.019131429642280567e-02,-2.327154470479739501e-01,0.000000000000000000e+00,0.000000000000000000e+00,2.000000000000000000e+04
9.599999999999999645e-01,6.800000000000000488e-01,5.988201475703037319e-02,-2.371958536221153713e-01,0.000000000000000000e+00,0.000000000000000000e+00,2.000000000000000000e+04
1.000000000000000000e+00,6.800000000000000488e-01,5.950044042083123264e-02,-2.415464889739419863e-01,0.000000000000000000e+00,0.000000000000000000e+00,2.000000000000000000e+04
0.000000000000000000e+00,7.199999999999999734e-01,0.000000000000000000e+00,0.000000000000000000e+00,1.000000000000000000e+00,0.000000000000000000e+00,2.000000000000000000e+04
4.000000000000000083e-02,7.199999999999999734e-01,-3.537808945926450158e-04,-2.990870506409279428e-02,0.000000000000000000e+00,0.000000000000000000e+00,2.000000000000000000e+04
8.000000000000000167e-02,7.199999999999999734e-01,1.049386834429721742e-03,-5.980936697118256068e-02,0.000000000000000000e+00,0.000000000000000000e+00,2.000000000000000000e+04
1.199999999999999956e-01,7.199999999999999734e-01,4.636966055381074037e-03,-8.923074359168153835e-02,0.000000000000000000e+00,0.000000000000000000e+00,2.000000000000000000e+04
1.600000000000000033e-01,7.199999999999999734e-01,1.063036850970466157e-02,-1.170545578106236134e-01,0.000000000000000000e+00,0.000000000000000000e+00,2.000000000000000000e+04
2.000000000000000111e-01,7.199999999999999734e-01,1.884983047902442921e-02,-1.418075350654803557e-01,0.000000000000000000e+00,0.000000000000000000e+00,2.000000000000000000e+04
2.399999999999999911e-01,7.199999999999999734e-01,2.859322597434800148e-02,-1.619582313762769898e-01,0.000000000000000000e+00,0.000000000000000000e+00,2.000000000000000000e+04
2.800000000000000266e-01,7.199999999999999734e-01,3.836244354453090255e-02,-1.757836871494120878e-01,0.000000000000000000e+00,0.000000000000000000e+00,2.000000000000000000e+04
3.200000000000000067e-01,7.199999999999999734e-01,4.688033873300920945e-02,-1.841223574374104277e-01,0.000000000000000000e+00,0.000000000000000000e+00,2.000000000000000000e+04
3.599999999999999867e-01,7.199999999999999734e-01,5.358425893766752268e-02,-1.887490776111682422e-01,0.000000000000000000e+00,0.000000000000000000e+00,2.000000000000000000e+04
4.000000000000000222e-01,7.199999999999999734e-01,5.846258205830719146e-02,-1.912851429775974110e-01,0.000000000000000000e+00,0.000000000000000000e+00,2.000000000000000000e+04
4.400000000000000022e-01,7.199999999999999734e-01,6.177956367159795348e-02,-1.928931757927903334e-01,0.000000000000000000e+00,0.000000000000000000e+00,2.000000000000000000e+04
4.799999999999999822e-01,7.199999999999999734e-01,6.388302505263314390e-02,-1.943043775564140263e-01,0.000000000000000000e+00,0.000000000000000000e+00,2.000000000000000000e+04
5.200000000000000178e-01,7.199999999999999734e-01,6.510421249076087102e-02,-1.959302963592568780e-01,0.000000000000000000e+00,0.000000000000000000e+00,2.000000000000000000e+04
5.600000000000000533e-01,7.199999999999999734e-01,6.571793669613726352e-02,-1.979702173330861181e-01,0.000000000000000000e+00,0.000000000000000000e+00,2.000000000000000000e+04
5.999999999999999778e-01,7.199999999999999734e-01,6.593470004913014326e-02,-2.004921427125838373e-01,0.000000000000000000e+00,0.000000000000000000e+00,2.000000000000000000e+04
6.400000000000000133e-01,7.199999999999999734e-01,6.590703897096128472e-02,-2.034877978810956112e-01,0.000000000000000000e+00,0.000000000000000000e+00,2.000000000000000000e+04
6.800000000000000488e-01,7.199999999999999734e-01,6.574050490474393771e-02,-2.069077163178907885e-01,0.000000000000000000e+00,0.000000000000000000e+00,2.000000000000000000e+04
7.199999999999999734e-01,7.199999999999999734e-01,6.550473407426997408e-02,-2.106825166447864328e-01,0.000000000000000000e+00,0.000000000000000000e+00,2.000000000000000000e+04
7.600000000000000089e-01,7.199999999999999734e-01,6.524279779036690208e-02,-2.147351087911940348e-01,0.000000000000000000e+00,0.000000000000000000e+00,2.000000000000000000e+04
8.000000000000000444e-01,7.199999999999999734e-01,6.497837877210553559e-02,-2.189871104893444109e-01,0.000000000000000000e+00,0.000000000000000000e+00,2.000000000000000000e+04
8.399999999999999689e-01,7.199999999999999734e-01,6.472088832447484008e-02,-2.233615859820067273e-01,0.000000000000000000e+00,0.000000000000000000e+00,2.000000000000000000e+04
8.800000000000000044e-01,7.199999999999999734e-01,6.446876714414238874e-02,-2.277833868166279641e-01,0.000000000000000000e+00,0.000000000000000000e+00,2.000000000000000000e+04
9.200000000000000400e-01,7.199999999999999734e-01,6.421107687399207897e-02,-2.321778605564525921e-01,0.000000000000000000e+00,0.000000000000000000e+00,2.000000000000000000e+04
9.599999999999999645e-01,7.199999999999999734e-01,6.392719469672074328e-02,-2.364684788197965459e-01,0.000000000000000000e+00,0.000000000000000000e+00,2.000000000000000000e+04
1.000000000000000000e+00,7.199999999999999734e-01,6.358406073829339644e-02,-2.405740106740278661e-01,0.000000000000000000e+00,0.000000000000000000e+00,2.000000000000000000e+04
0.000000000000000000e+00,7.600000000000000089e-01,0.000000000000000000e+00,0.000000000000000000e+00,1.000000000000000000e+00,0.000000000000000000e+00,2.000000000000000000e+04
4.000000000000000083e-02,7.600000000000000089e-01,-6.360517999475431014e-04,-3.181836321874143003e-02,0.000000000000000000e+00,0.000000000000000000e+00,2.000000000000000000e+04
8.000000000000000167e-02,7.600000000000000089e-01,4.514279821515820271e-04,-6.450343190289867246e-02,0.000000000000000000e+00,0.000000000000000000e+00,2.000000000000000000e+04
1.199999999999999956e-01,7.600000000000000089e-01,4.054112265415159809e-03,-9.739429494706135226e-02,0.000000000000000000e+00,0.000000000000000000e+00,2.000000000000000000e+04
1.600000000000000033e-01,7.600000000000000089e-01,1.069260365868791168e-02,-1.288857819587347076e-01,0.000000000000000000e+00,0.000000000000000000e+00,2.000000000000000000e+04
2.000000000000000111e-01,7.600000000000000089e-01,2.032598838239164929e-02,-1.568120324005674027e-01,0.000000000000000000e+00,0.000000000000000000e+00,2.000000000000000000e+04
2.399999999999999911e-01,7.600000000000000089e-01,3.210571397581891973e-02,-1.788238549186035586e-01,0.000000000000000000e+00,0.000000000000000000e+00,2.000000000000000000e+04
2.800000000000000266e-01,7.600000000000000089e-01,4.361888968841758085e-02,-1.916678395634785759e-01,0.000000000000000000e+00,0.000000000000000000e+00,2.000000000000000000e+04
3.200000000000000067e-01,7.600000000000000089e-01,5.307731669612134051e-02,-1.974217835351476102e-01,0.000000000000000000e+00,0.000000000000000000e+00,2.000000000000000000e+04
3.599999999999999867e-01,7.600000000000000089e-01,5.998398204871211586e-02,-1.990957377003855777e-01,0.000000000000000000e+00,0.000000000000000000e+00,2.000000000000000000e+04
4.000000000000000222e-01,7.600000000000000089e-01,6.459739425296903703e-02,-1.989555744084802180e-01,0.000000000000000000e+00,0.000000000000000000e+00,2.000000000000000000e+04
4.400000000000000022e-01,7.600000000000000089e-01,6.743547790463547131e-02,-1.983876165020534155e-01,0.000000000000000000e+00,0.000000000000000000e+00,2.000000000000000000e+04
4.799999999999999822e-01,7.600000000000000089e-01,6.901842830970406073e-02,-1.981347571829880361e-01,0.000000000000000000e+00,0.000000000000000000e+00,2.000000000000000000e+04
5.200000000000000178e-01,7.600000000000000089e-01,6.977232762576346392e-02,-1.985359005263508114e-01,0.000000000000000000e+00,0.000000000000000000e+00,2.000000000000000000e+04
5.600000000000000533e-01,7.600000000000000089e-01,7.001180286327338131e-02,-1.996968389548281764e-01,0.000000000000000000e+00,0.000000000000000000e+00,2.000000000000000000e+04
5.999999999999999778e-01,7.600000000000000089e-01,6.995406102895164457e-02,-2.015982986762714924e-01,0.000000000000000000e+00,0.000000000000000000e+00,2.000000000000000000e+04
6.400000000000000133e-01,7.600000000000000089e-01,6.974128644256710752e-02,-2.041598946216460486e-01,0.000000000000000000e+00,0.000000000000000000e+00,2.000000000000000000e+04
6.800000000000000488e-01,7.600000000000000089e-01,6.946182560562647046e-02,-2.072760563130793265e-01,0.000000000000000000e+00,0.000000000000000000e+00,2.000000000000000000e+04
7.199999999999999734e-01,7.600000000000000089e-01,6.916706276433419454e-02,-2.108350455005207902e-01,0.000000000000000000e+00,0.000000000000000000e+00,2.000000000000000000e+04
7.600000000000000089e-01,7.600000000000000089e-01,6.888369244665948354e-02,-2.147281240224419019e-01,0.000000000000000000e+00,0.000000000000000000e+00,2.000000000000000000e+04
8.000000000000000444e-01,7.600000000000000089e-01,6.862212100946088467e-02,-2.188531089203373248e-01,0.000000000000000000e+00,0.000000000000000000e+00,2.000000000000000000e+04
8.399999999999999689e-01,7.600000000000000089e-01,6.838195479916024666e-02,-2.231146961447725563e-01,0.000000000000000000e+00,0.000000000000000000e+00,2.000000000000000000e+04
8.800000000000000044e-01,7.600000000000000089e-01,6.815539628794196891e-02,-2.274227298054326829e-01,0.000000000000000000e+00,0.000000000000000000e+00,2.000000000000000000e+04
9.200000000000000400e-01,7.600000000000000089e-01,6.792901000883000417e-02,-2.316888496000448494e-01,0.000000000000000000e+00,0.000000000000000000e+00,2.000000000000000000e+04
9.599999999999999645e-01,7.600000000000000089e-01,6.768376218875625516e-02,-2.358215999400481711e-01,0.000000000000000000e+00,0.000000000000000000e+00,2.000000000000000000e+04
1.000000000000000000e+00,7.600000000000000089e-01,6.739253032411479660e-02,-2.397201251597162186e-01,0.000000000000000000e+00,0.000000000000000000e+00,2.000000000000000000e+04
0.000000000000000000e+00,8.000000000000000444e-01,0.000000000000000000e+00,0.000000000000000000e+00,1.000000000000000000e+00,0.000000000000000000e+00,2.000000000000000000e+04
4.000000000000000083e-02,8.000000000000000444e-01,-7.691373082597545603e-04,-3.323415502328226634e-02,0.000000000000000000e+00,0.000000000000000000e+00,2.000000000000000000e+04
8.000000000000000167e-02,8.000000000000000444e-01,-8.884802877487327233e-05,-6.895480230015572920e-02,0.000000000000000000e+00,0.000000000000000000e+00,2.000000000000000000e+04
1.199999999999999956e-01,8.000000000000000444e-01,3.314614992930912420e-03,-1.061499774435927662e-01,0.000000000000000000e+00,0.000000000000000000e+00,2.000000000000000000e+04
1.600000000000000033e-01,8.000000000000000444e-01,1.047646769312445166e-02,-1.425469231536133918e-01,0.000000000000000000e+00,0.000000000000000000e+00,2.000000000000000000e+04
2.000000000000000111e-01,8.000000000000000444e-01,2.173634195295539445e-02,-1.749685052362841553e-01,0.000000000000000000e+00,0.000000000000000000e+00,2.000000000000000000e+04
2.399999999999999911e-01,8.000000000000000444e-01,3.619613385472456729e-02,-1.997641655363273927e-01,0.000000000000000000e+00,0.000000000000000000e+00,2.000000000000000000e+04
2.800000000000000266e-01,8.000000000000000444e-01,4.974783298180234653e-02,-2.104630298095903629e-01,0.000000000000000000e+00,0.000000000000000000e+00,2.000000000000000000e+04
3.200000000000000067e-01,8.000000000000000444e-01,5.994117523825275712e-02,-2.121431462554124181e-01,0.000000000000000000e+00,0.000000000000000000e+00,2.000000000000000000e+04
3.599999999999999867e-01,8.000000000000000444e-01,6.662473946955070614e-02,-2.097903985658786663e-01,0.000000000000000000e+00,0.000000000000000000e+00,2.000000000000000000e+04
4.000000000000000222e-01,8.000000000000000444e-01,7.055851473373239702e-02,-2.063747199149935097e-01,0.000000000000000000e+00,0.000000000000000000e+00,2.000000000000000000e+04
4.400000000000000022e-01,8.000000000000000444e-01,7.261567302192986628e-02,-2.033731173485290311e-01,0.000000000000000000e+00,0.000000000000000000e+00,2.000000000000000000e+04
4.799999999999999822e-01,8.000000000000000444e-01,7.350456864270714374e-02,-2.014013003680147074e-01,0.000000000000000000e+00,0.000000000000000000e+00,2.000000000000000000e+04
5.200000000000000178e-01,8.000000000000000444e-01,7.372343902834266327e-02,-2.006257514055865832e-01,0.000000000000000000e+00,0.000000000000000000e+00,2.000000000000000000e+04
5.600000000000000533e-01,8.000000000000000444e-01,7.359392925000951546e-02,-2.009974748876666995e-01,0.000000000000000000e+00,0.000000000000000000e+00,2.000000000000000000e+04
5.999999999999999778e-01,8.000000000000000444e-01,7.331009348899705791e-02,-2.023763175290134442e-01,0.000000000000000000e+00,0.000000000000000000e+00,2.000000000000000000e+04
6.400000000000000133e-01,8.000000000000000444e-01,7.298114915842478234e-02,-2.045936246108456535e-01,0.000000000000000000e+00,0.000000000000000000e+00,2.000000000000000000e+04
6.800000000000000488e-01,8.000000000000000444e-01,7.266302752276387888e-02,-2.074816162192602287e-01,0.000000000000000000e+00,0.000000000000000000e+00,2.000000000000000000e+04
7.199999999999999734e-01,8.000000000000000444e-01,7.237966919978000568e-02,-2.108854215128830867e-01,0.000000000000000000e+00,0.000000000000000000e+00,2.000000000000000000e+04
7.600000000000000089e-01,8.000000000000000444e-01,7.213653439906546339e-02,-2.146664324366928667e-01,0.000000000000000000e+00,0.000000000000000000e+00,2.000000000000000000e+04
8.000000000000000444e-01,8.000000000000000444e-01,7.192874300882645677e-02,-2.187015256612987457e-01,0.000000000000000000e+00,0.000000000000000000e+00,2.000000000000000000e+04
8.399999999999999689e-01,8.000000000000000444e-01,7.174578234660689002e-02,-2.228803681309115270e-01,0.000000000000000000e+00,0.000000000000000000e+00,2.000000000000000000e+04
8.800000000000000044e-01,8.000000000000000444e-01,7.157422985248325376e-02,-2.271016004754382311e-01,0.000000000000000000e+00,0.000000000000000000e+00,2.000000000000000000e+04
9.200000000000000400e-01,8.000000000000000444e-01,7.139942731878118343e-02,-2.312677332305022870e-01,0.000000000000000000e+00,0.000000000000000000e+00,2.000000000000000000e+04
9.599999999999999645e-01,8.000000000000000444e-01,7.120628478720467114e-02,-2.352780125411157441e-01,0.000000000000000000e+00,0.000000000000000000e+00,2.000000000000000000e+04
1.000000000000000000e+00,8.000000000000000444e-01,7.097825461538224967e-02,-2.390184144444650882e-01,0.000000000000000000e+00,0.000000000000000000e+00,2.000000000000000000e+04
0.000000000000000000e+00,8.399999999999999689e-01,0.000000000000000000e+00,0.000000000000000000e+00,1.000000000000000000e+00,0.000000000000000000e+00,2.000000000000000000e+04
4.000000000000000083e-02,8.399999999999999689e-01,-2.963848460808041186e-04,-3.381652187436866297e-02,0.000000000000000000e+00,0.000000000000000000e+00,2.000000000000000000e+04
8.000000000000000167e-02,8.399999999999999689e-01,1.725938749167905658e-04,-7.266444216877920859e-02,0.000000000000000000e+00,0.000000000000000000e+00,2.000000000000000000e+04
1.199999999999999956e-01,8.399999999999999689e-01,3.086024212313756131e-03,-1.150902995294130621e-01,0.000000000000000000e+00,0.000000000000000000e+00,2.000000000000000000e+04
1.600000000000000033e-01,8.399999999999999689e-01,1.032550547734069693e-02,-1.581151494334187002e-01,0.000000000000000000e+00,0.000000000000000000e+00,2.000000000000000000e+04
2.000000000000000111e-01,8.399999999999999689e-01,2.322156576616574847e-02,-1.971578721845507198e-01,0.000000000000000000e+00,0.000000000000000000e+00,2.000000000000000000e+04
2.399999999999999911e-01,8.399999999999999689e-01,4.124623422084525148e-02,-2.264778664353001292e-01,0.000000000000000000e+00,0.000000000000000000e+00,2.000000000000000000e+04
2.800000000000000266e-01,8.399999999999999689e-01,5.700592300565422016e-02,-2.326179775471921285e-01,0.000000000000000000e+00,0.000000000000000000e+00,2.000000000000000000e+04
3.200000000000000067e-01,8.399999999999999689e-01,6.735306456184449175e-02,-2.279431325112432627e-01,0.000000000000000000e+00,0.000000000000000000e+00,2.000000000000000000e+04
3.599999999999999867e-01,8.399999999999999689e-01,7.309556813569606515e-02,-2.202752585022979548e-01,0.000000000000000000e+00,0.000000000000000000e+00,2.000000000000000000e+04
4.000000000000000222e-01,8.399999999999999689e-01,7.581465715068283484e-02,-2.130509295945043624e-01,0.000000000000000000e+00,0.000000000000000000e+00,2.000000000000000000e+04
4.400000000000000022e-01,8.399999999999999689e-01,7.680249293088513285e-02,-2.075063324032134504e-01,0.000000000000000000e+00,0.000000000000000000e+00,2.000000000000000000e+04
4.799999999999999822e-01,8.399999999999999689e-01,7.690974216687579412e-02,-2.039023244472887020e-01,0.000000000000000000e+00,0.000000000000000000e+00,2.000000000000000000e+04
5.200000000000000178e-01,8.399999999999999689e-01,7.663622825516387682e-02,-2.021048890408450593e-01,0.000000000000000000e+00,0.000000000000000000e+00,2.000000000000000000e+04
5.600000000000000533e-01,8.399999999999999689e-01,7.624956827972542706e-02,-2.018471826289974791e-01,0.000000000000000000e+00,0.000000000000000000e+00,2.000000000000000000e+04
5.999999999999999778e-01,8.399999999999999689e-01,7.587781392574781403e-02,-2.028419375796229052e-01,0.000000000000000000e+00,0.000000000000000000e+00,2.000000000000000000e+04
6.400000000000000133e-01,8.399999999999999689e-01,7.557101842828341243e-02,-2.048249081281484640e-01,0.000000000000000000e+00,0.000000000000000000e+00,2.000000000000000000e+04
6.800000000000000488e-01,8.399999999999999689e-01,7.533876403676526001e-02,-2.075674973890579977e-01,0.000000000000000000e+00,0.000000000000000000e+00,2.000000000000000000e+04
7.199999999999999734e-01,8.399999999999999689e-01,7.517161699879533476e-02,-2.108764377186861938e-01,0.000000000000000000e+00,0.000000000000000000e+00,2.000000000000000000e+04
7.600000000000000089e-01,8.399999999999999689e-01,7.505263472555571969e-02,-2.145887314895241482e-01,0.000000000000000000e+00,0.000000000000000000e+00,2.000000000000000000e+04
8.000000000000000444e-01,8.399999999999999689e-01,7.496304744701849654e-02,-2.185654605608400303e-01,0.000000000000000000e+00,0.000000000000000000e+00,2.000000000000000000e+04
8.399999999999999689e-01,8.399999999999999689e-01,7.488475697786808882e-02,-2.226858666932577391e-01,0.000000000000000000e+00,0.000000000000000000e+00,2.000000000000000000e+04
8.800000000000000044e-01,8.399999999999999689e-01,7.480142524897544221e-02,-2.268419043303271099e-01,0.000000000000000000e+00,0.000000000000000000e+00,2.000000000000000000e+04
9.200000000000000400e-01,8.399999999999999689e-01,7.469954994428215644e-02,-2.309324277562655181e-01,0.000000000000000000e+00,0.000000000000000000e+00,2.000000000000000000e+04
9.599999999999999645e-01,8.399999999999999689e-01,7.457041141859138689e-02,-2.348551063648187109e-01,0.000000000000000000e+00,0.000000000000000000e+00,2.000000000000000000e+04
1.000000000000000000e+00,8.399999999999999689e-01,7.441228145584001530e-02,-2.384935771312199915e-01,0.000000000000000000e+00,0.000000000000000000e+00,2.000000000000000000e+04
0.000000000000000000e+00,8.800000000000000044e-01,0.000000000000000000e+00,0.000000000000000000e+00,1.000000000000000000e+00,0.000000000000000000e+00,2.000000000000000000e+04
4.000000000000000083e-02,8.800000000000000044e-01,1.672168661783417047e-03,-3.344715426419377080e-02,0.000000000000000000e+00,0.000000000000000000e+00,2.000000000000000000e+04
8.000000000000000167e-02,8.800000000000000044e-01,3.028657165103908980e-03,-7.505236653188565588e-02,0.000000000000000000e+00,0.000000000000000000e+00,2.000000000000000000e+04
1.199999999999999956e-01,8.800000000000000044e-01,5.314944298519168851e-03,-1.232711125100970501e-01,0.000000000000000000e+00,0.000000000000000000e+00,2.000000000000000000e+04
1.600000000000000033e-01,8.800000000000000044e-01,1.139702678817031481e-02,-1.751442314877278417e-01,0.000000000000000000e+00,0.000000000000000000e+00,2.000000000000000000e+04
2.000000000000000111e-01,8.800000000000000044e-01,2.512015295847331089e-02,-2.243754581328001041e-01,0.000000000000000000e+00,0.000000000000000000e+00,2.000000000000000000e+04
2.399999999999999911e-01,8.800000000000000044e-01,4.780946578380442652e-02,-2.617651052827585922e-01,0.000000000000000000e+00,0.000000000000000000e+00,2.000000000000000000e+04
2.800000000000000266e-01,8.800000000000000044e-01,6.546627776037623747e-02,-2.582494443257775663e-01,0.000000000000000000e+00,0.000000000000000000e+00,2.000000000000000000e+04
3.200000000000000067e-01,8.800000000000000044e-01,7.468771805531734809e-02,-2.439400319957635566e-01,0.000000000000000000e+00,0.000000000000000000e+00,2.000000000000000000e+04
3.599999999999999867e-01,8.800000000000000044e-01,7.843335619136106163e-02,-2.296723444539455761e-01,0.000000000000000000e+00,0.000000000000000000e+00,2.000000000000000000e+04
4.000000000000000222e-01,8.800000000000000044e-01,7.940257478735443519e-02,-2.183911486123576162e-01,0.000000000000000000e+00,0.000000000000000000e+00,2.000000000000000000e+04
4.400000000000000022e-01,8.800000000000000044e-01,7.920810833731227463e-02,-2.104731127963555826e-01,0.000000000000000000e+00,0.000000000000000000e+00,2.000000000000000000e+04
4.799999999999999822e-01,8.800000000000000044e-01,7.867113441727248413e-02,-2.055214935394420184e-01,0.000000000000000000e+00,0.000000000000000000e+00,2.000000000000000000e+04
5.200000000000000178e-01,8.800000000000000044e-01,7.815533096599386331e-02,-2.029750872758239733e-01,0.000000000000000000e+00,0.000000000000000000e+00,2.000000000000000000e+04
5.600000000000000533e-01,8.800000000000000044e-01,7.778780816279662336e-02,-2.023075091167646777e-01,0.000000000000000000e+00,0.000000000000000000e+00,2.000000000000000000e+04
5.999999999999999778e-01,8.800000000000000044e-01,7.758490558592462394e-02,-2.030795103840923044e-01,0.000000000000000000e+00,0.000000000000000000e+00,2.000000000000000000e+04
6.400000000000000133e-01,8.800000000000000044e-01,7.751806887055336104e-02,-2.049399504003167893e-01,0.000000000000000000e+00,0.000000000000000000e+00,2.000000000000000000e+04
6.800000000000000488e-01,8.800000000000000044e-01,7.754588512945775891e-02,-2.076113362291115705e-01,0.000000000000000000e+00,0.000000000000000000e+00,2.000000000000000000e+04
7.199999999999999734e-01,8.800000000000000044e-01,7.762823317903583265e-02,-2.108730871591328049e-01,0.000000000000000000e+00,0.000000000000000000e+00,2.000000000000000000e+04
7.600000000000000089e-01,8.800000000000000044e-01,7.773149543075213996e-02,-2.145468419401903304e-01,0.000000000000000000e+00,0.000000000000000000e+00,2.000000000000000000e+04
8.000000000000000444e-01,8.800000000000000044e-01,7.782957577905977309e-02,-2.184848024526095944e-01,0.000000000000000000e+00,0.000000000000000000e+00,2.000000000000000000e+04
8.399999999999999689e-01,8.800000000000000044e-01,7.790316242532818736e-02,-2.225609829196798228e-01,0.000000000000000000e+00,0.000000000000000000e+00,2.000000000000000000e+04
8.800000000000000044e-01,8.800000000000000044e-01,7.793859516650006314e-02,-2.266648860196249504e-01,0.000000000000000000e+00,0.000000000000000000e+00,2.000000000000000000e+04
9.200000000000000400e-01,8.800000000000000044e-01,7.792758566401632170e-02,-2.306966617576048650e-01,0.000000000000000000e+00,0.000000000000000000e+00,2.000000000000000000e+04
9.599999999999999645e-01,8.800000000000000044e-01,7.786995458702189454e-02,-2.345609431518774213e-01,0.000000000000000000e+00,0.000000000000000000e+00,2.000000000000000000e+04
1.000000000000000000e+00,8.800000000000000044e-01,7.778093464205908247e-02,-2.381541718262043805e-01,0.000000000000000000e+00,0.000000000000000000e+00,2.000000000000000000e+04
0.000000000000000000e+00,9.200000000000000400e-01,0.000000000000000000e+00,0.000000000000000000e+00,1.000000000000000000e+00,0.000000000000000000e+00,2.000000000000000000e+04
4.000000000000000083e-02,9.200000000000000400e-01,6.554201060021980392e-03,-3.278916143872118161e-02,0.000000000000000000e+00,0.000000000000000000e+00,2.000000000000000000e+04
8.000000000000000167e-02,9.200000000000000400e-01,1.166043185544316310e-02,-7.621061998519125524e-02,0.000000000000000000e+00,0.000000000000000000e+00,2.000000000000000000e+04
1.199999999999999956e-01,9.200000000000000400e-01,1.490695762750876389e-02,-1.288960792745083850e-01,0.000000000000000000e+00,0.000000000000000000e+00,2.000000000000000000e+04
1.600000000000000033e-01,9.200000000000000400e-01,1.738331231511345415e-02,-1.914950112262493731e-01,0.000000000000000000e+00,0.000000000000000000e+00,2.000000000000000000e+04
2.000000000000000111e-01,9.200000000000000400e-01,2.825107691053993508e-02,-2.572047024764125278e-01,0.000000000000000000e+00,0.000000000000000000e+00,2.000000000000000000e+04
2.399999999999999911e-01,9.200000000000000400e-01,5.635270376531886088e-02,-3.104970377743168086e-01,0.000000000000000000e+00,0.000000000000000000e+00,2.000000000000000000e+04
2.800000000000000266e-01,9.200000000000000400e-01,7.426576708916644842e-02,-2.864047266764447319e-01,0.000000000000000000e+00,0.000000000000000000e+00,2.000000000000000000e+04
3.200000000000000067e-01,9.200000000000000400e-01,8.002176669574662116e-02,-2.584033533659923498e-01,0.000000000000000000e+00,0.000000000000000000e+00,2.000000000000000000e+04
3.599999999999999867e-01,9.200000000000000400e-01,8.063246720358047126e-02,-2.368375031908922512e-01,0.000000000000000000e+00,0.000000000000000000e+00,2.000000000000000000e+04
4.000000000000000222e-01,9.200000000000000400e-01,7.973834839640280003e-02,-2.218712045352795315e-01,0.000000000000000000e+00,0.000000000000000000e+00,2.000000000000000000e+04
4.400000000000000022e-01,9.200000000000000400e-01,7.877582372001505628e-02,-2.121500023020738146e-01,0.000000000000000000e+00,0.000000000000000000e+00,2.000000000000000000e+04
4.799999999999999822e-01,9.200000000000000400e-01,7.818259079270305223e-02,-2.063424807348984980e-01,0.000000000000000000e+00,0.000000000000000000e+00,2.000000000000000000e+04
5.200000000000000178e-01,9.200000000000000400e-01,7.800027158134034688e-02,-2.034030143848277183e-01,0.000000000000000000e+00,0.000000000000000000e+00,2.000000000000000000e+04
5.600000000000000533e-01,9.200000000000000400e-01,7.813974164862645677e-02,-2.025602632211840615e-01,0.000000000000000000e+00,0.000000000000000000e+00,2.000000000000000000e+04
5.999999999999999778e-01,9.200000000000000400e-01,7.848816276724908392e-02,-2.032540277516410032e-01,0.000000000000000000e+00,0.000000000000000000e+00,2.000000000000000000e+04
6.400000000000000133e-01,9.200000000000000400e-01,7.894667005051136943e-02,-2.050751382802837586e-01,0.000000000000000000e+00,0.000000000000000000e+00,2.000000000000000000e+04
6.800000000000000488e-01,9.200000000000000400e-01,7.943969187921512409e-02,-2.077193235595018728e-01,0.000000000000000000e+00,0.000000000000000000e+00,2.000000000000000000e+04
7.199999999999999734e-01,9.200000000000000400e-01,7.991387713229478051e-02,-2.109543154611760174e-01,0.000000000000000000e+00,0.000000000000000000e+00,2.000000000000000000e+04
7.600000000000000089e-01,9.200000000000000400e-01,8.033406818976210340e-02,-2.145970416262423242e-01,0.000000000000000000e+00,0.000000000000000000e+00,2.000000000000000000e+04
8.000000000000000444e-01,9.200000000000000400e-01,8.067911845728349685e-02,-2.184980014419486694e-01,0.000000000000000000e+00,0.000000000000000000e+00,2.000000000000000000e+04
8.399999999999999689e-01,9.200000000000000400e-01,8.093841331362265634e-02,-2.225307795791517107e-01,0.000000000000000000e+00,0.000000000000000000e+00,2.000000000000000000e+04
8.800000000000000044e-01,9.200000000000000400e-01,8.110925225821478957e-02,-2.265855537628414795e-01,0.000000000000000000e+00,0.000000000000000000e+00,2.000000000000000000e+04
9.200000000000000400e-01,9.200000000000000400e-01,8.119529734706695812e-02,-2.305662154950619824e-01,0.000000000000000000e+00,0.000000000000000000e+00,2.000000000000000000e+04
9.599999999999999645e-01,9.200000000000000400e-01,8.120770025402637704e-02,-2.343904449393163503e-01,0.000000000000000000e+00,0.000000000000000000e+00,2.000000000000000000e+04
1.000000000000000000e+00,9.200000000000000400e-01,8.117659268547509910e-02,-2.379847439964716260e-01,0.000000000000000000e+00,0.000000000000000000e+00,2.000000000000000000e+04
0.000000000000000000e+00,9.599999999999999645e-01,0.000000000000000000e+00,0.000000000000000000e+00,1.000000000000000000e+00,0.000000000000000000e+00,2.000000000000000000e+04
4.000000000000000083e-02,9.599999999999999645e-01,1.655714839509788913e-02,-3.398358630324553598e-02,0.000000000000000000e+00,0.000000000000000000e+00,2.000000000000000000e+04
8.000000000000000167e-02,9.599999999999999645e-01,3.047395401047103131e-02,-7.810545288377586381e-02,0.000000000000000000e+00,0.000000000000000000e+00,2.000000000000000000e+04
1.199999999999999956e-01,9.599999999999999645e-01,3.944436053149482507e-02,-1.319128898006701467e-01,0.000000000000000000e+00,0.000000000000000000e+00,2.000000000000000000e+04
1.600000000000000033e-01,9.599999999999999645e-01,4.158841724328942585e-02,-1.998449410648120983e-01,0.000000000000000000e+00,0.000000000000000000e+00,2.000000000000000000e+04
2.000000000000000111e-01,9.599999999999999645e-01,3.614813735961548008e-02,-2.928998226037521913e-01,0.000000000000000000e+00,0.000000000000000000e+00,2.000000000000000000e+04
2.399999999999999911e-01,9.599999999999999645e-01,6.519569322189998350e-02,-3.817814168203597092e-01,0.000000000000000000e+00,0.000000000000000000e+00,2.000000000000000000e+04
2.800000000000000266e-01,9.599999999999999645e-01,7.893557575223691947e-02,-3.134982408679874433e-01,0.000000000000000000e+00,0.000000000000000000e+00,2.000000000000000000e+04
3.200000000000000067e-01,9.599999999999999645e-01,7.833512339592835216e-02,-2.687299947575013670e-01,0.000000000000000000e+00,0.000000000000000000e+00,2.000000000000000000e+04
3.599999999999999867e-01,9.599999999999999645e-01,7.597697915999000740e-02,-2.408327145341519759e-01,0.000000000000000000e+00,0.000000000000000000e+00,2.000000000000000000e+04
4.000000000000000222e-01,9.599999999999999645e-01,7.462158649428880797e-02,-2.234674051851410770e-01,0.000000000000000000e+00,0.000000000000000000e+00,2.000000000000000000e+04
4.400000000000000022e-01,9.599999999999999645e-01,7.444368159442850408e-02,-2.128777409232421036e-01,0.000000000000000000e+00,0.000000000000000000e+00,2.000000000000000000e+04
4.799999999999999822e-01,9.599999999999999645e-01,7.509182894954632981e-02,-2.067875166640509854e-01,0.000000000000000000e+00,0.000000000000000000e+00,2.000000000000000000e+04
5.200000000000000178e-01,9.599999999999999645e-01,7.620754937348814262e-02,-2.037727364540304897e-01,0.000000000000000000e+00,0.000000000000000000e+00,2.000000000000000000e+04
5.600000000000000533e-01,9.599999999999999645e-01,7.752793323855766694e-02,-2.029139250984973442e-01,0.000000000000000000e+00,0.000000000000000000e+00,2.000000000000000000e+04
5.999999999999999778e-01,9.599999999999999645e-01,7.888111580608041240e-02,-2.035969320605617583e-01,0.000000000000000000e+00,0.000000000000000000e+00,2.000000000000000000e+04
6.400000000000000133e-01,9.599999999999999645e-01,8.016165962823852686e-02,-2.053962772730717479e-01,0.000000000000000000e+00,0.000000000000000000e+00,2.000000000000000000e+04
6.800000000000000488e-01,9.599999999999999645e-01,8.130846037466812892e-02,-2.080055434853230467e-01,0.000000000000000000e+00,0.000000000000000000e+00,2.000000000000000000e+04
7.199999999999999734e-01,9.599999999999999645e-01,8.228913662311981847e-02,-2.111949629213827062e-01,0.000000000000000000e+00,0.000000000000000000e+00,2.000000000000000000e+04
7.600000000000000089e-01,9.599999999999999645e-01,8.309005153065712745e-02,-2.147849567971346074e-01,0.000000000000000000e+00,0.000000000000000000e+00,2.000000000000000000e+04
8.000000000000000444e-01,9.599999999999999645e-01,8.371036327049195813e-02,-2.186292794824915287e-01,0.000000000000000000e+00,0.000000000000000000e+00,2.000000000000000000e+04
8.399999999999999689e-01,9.599999999999999645e-01,8.415876420818542425e-02,-2.226043048730851903e-01,0.000000000000000000e+00,0.000000000000000000e+00,2.000000000000000000e+04
8.800000000000000044e-01,9.599999999999999645e-01,8.445193195638879546e-02,-2.266028848387651451e-01,0.000000000000000000e+00,0.000000000000000000e+00,2.000000000000000000e+04
9.200000000000000400e-01,9.599999999999999645e-01,8.461393821222550071e-02,-2.305328707763364127e-01,0.000000000000000000e+00,0.000000000000000000e+00,2.000000000000000000e+04
9.599999999999999645e-01,9.599999999999999645e-01,8.467602502016494115e-02,-2.343227594627367016e-01,0.000000000000000000e+00,0.000000000000000000e+00,2.000000000000000000e+04
1.000000000000000000e+00,9.599999999999999645e-01,8.467881481872832627e-02,-2.379397444177873688e-01,0.000000000000000000e+00,0.000000000000000000e+00,2.000000000000000000e+04
0.000000000000000000e+00,1.000000000000000000e+00,0.000000000000000000e+00,0.000000000000000000e+00,1.000000000000000000e+00,0.000000000000000000e+00,2.000000000000000000e+04
4.000000000000000083e-02,1.000000000000000000e+00,3.651879687768695010e-02,-4.119728892950466625e-02,0.000000000000000000e+00,0.000000000000000000e+00,2.000000000000000000e+04
8.000000000000000167e-02,1.000000000000000000e+00,6.539725711266936026e-02,-8.469873178029178884e-02,0.000000000000000000e+00,0.000000000000000000e+00,2.000000000000000000e+04
1.199999999999999956e-01,1.000000000000000000e+00,8.646119387704008508e-02,-1.368436679566839287e-01,0.000000000000000000e+00,0.000000000000000000e+00,2.000000000000000000e+04
1.600000000000000033e-01,1.000000000000000000e+00,9.954017068126014278e-02,-2.025235064806541752e-01,0.000000000000000000e+00,0.000000000000000000e+00,2.000000000000000000e+04
2.000000000000000111e-01,1.000000000000000000e+00,9.865063260961710878e-02,-2.960064450477170594e-01,0.000000000000000000e+00,0.000000000000000000e+00,2.000000000000000000e+04
2.399999999999999911e-01,1.000000000000000000e+00,4.941980957968623162e-02,-4.977931369049718446e-01,0.000000000000000000e+00,1.000000000000000000e+00,2.000000000000000000e+04
2.800000000000000266e-01,1.000000000000000000e+00,6.171850187532693099e-02,-3.313641182254072892e-01,0.000000000000000000e+00,0.000000000000000000e+00,2.000000000000000000e+04
3.200000000000000067e-01,1.000000000000000000e+00,5.826579105049384949e-02,-2.731242932548294533e-01,0.000000000000000000e+00,0.000000000000000000e+00,2.000000000000000000e+04
3.599999999999999867e-01,1.000000000000000000e+00,5.915031138344686162e-02,-2.423661973320574980e-01,0.000000000000000000e+00,0.000000000000000000e+00,2.000000000000000000e+04
4.000000000000000222e-01,1.000000000000000000e+00,6.229650023399679187e-02,-2.244030786415978362e-01,0.000000000000000000e+00,0.000000000000000000e+00,2.000000000000000000e+04
4.400000000000000022e-01,1.000000000000000000e+00,6.615090912081598995e-02,-2.137427313309091248e-01,0.000000000000000000e+00,0.000000000000000000e+00,2.000000000000000000e+04
4.799999999999999822e-01,1.000000000000000000e+00,6.999829370376919879e-02,-2.076654111359293731e-01,0.000000000000000000e+00,0.000000000000000000e+00,2.000000000000000000e+04
5.200000000000000178e-01,1.000000000000000000e+00,7.354499300425035302e-02,-2.046403194885355048e-01,0.000000000000000000e+00,0.000000000000000000e+00,2.000000000000000000e+04
5.600000000000000533e-01,1.000000000000000000e+00,7.668612302045126061e-02,-2.037340122990012325e-01,0.000000000000000000e+00,0.000000000000000000e+00,2.000000000000000000e+04
5.999999999999999778e-01,1.000000000000000000e+00,7.939783734920229097e-02,-2.043409143733943001e-01,0.000000000000000000e+00,0.000000000000000000e+00,2.000000000000000000e+04
6.400000000000000133e-01,1.000000000000000000e+00,8.168970873376997510e-02,-2.060466434707081684e-01,0.000000000000000000e+00,0.000000000000000000e+00,2.000000000000000000e+04
6.800000000000000488e-01,1.000000000000000000e+00,8.358424591467225606e-02,-2.085536420092957977e-01,0.000000000000000000e+00,0.000000000000000000e+00,2.000000000000000000e+04
7.199999999999999734e-01,1.000000000000000000e+00,8.510852589926932998e-02,-2.116384455536252374e-01,0.000000000000000000e+00,0.000000000000000000e+00,2.000000000000000000e+04
7.600000000000000089e-01,1.000000000000000000e+00,8.629134784488884380e-02,-2.151259839686908149e-01,0.000000000000000000e+00,0.000000000000000000e+00,2.000000000000000000e+04
8.000000000000000444e-01,1.000000000000000000e+00,8.716311238419648111e-02,-2.188736004524645673e-01,0.000000000000000000e+00,0.000000000000000000e+00,2.000000000000000000e+04
8.399999999999999689e-01,1.000000000000000000e+00,8.775733421617058772e-02,-2.227611161678089424e-01,0.000000000000000000e+00,0.000000000000000000e+00,2.000000000000000000e+04
8.800000000000000044e-01,1.000000000000000000e+00,8.811344034530124714e-02,-2.266853712402638332e-01,0.000000000000000000e+00,0.000000000000000000e+00,2.000000000000000000e+04
9.200000000000000400e-01,1.000000000000000000e+00,8.828067748664968073e-02,-2.305593621698091567e-01,0.000000000000000000e+00,0.000000000000000000e+00,2.000000000000000000e+04
9.599999999999999645e-01,1.000000000000000000e+00,8.832226644082324940e-02,-2.343186309241589160e-01,0.000000000000000000e+00,0.000000000000000000e+00,2.000000000000000000e+04
1.000000000000000000e+00,1.000000000000000000e+00,8.831500877973195995e-02,-2.379462583344262305e-01,0.000000000000000000e+00,0.000000000000000000e+00,2.000000000000000000e+04
