X,Y,UX,UY,BOUNDARY,FORCE,MODULUS
0.000000000000000000e+00,0.000000000000000000e+00,0.000000000000000000e+00,0.000000000000000000e+00,1.000000000000000000e+00,0.000000000000000000e+00,5.000000000000000000e+03
6.060606060606060774e-02,0.000000000000000000e+00,-8.165256087632230542e-02,-7.450106595857042269e-02,0.000000000000000000e+00,0.000000000000000000e+00,5.000000000000000000e+03
1.212121212121212155e-01,0.000000000000000000e+00,-1.443996275778417215e-01,-1.300833646652473086e-01,0.000000000000000000e+00,0.000000000000000000e+00,5.000000000000000000e+03
1.818181818181818232e-01,0.000000000000000000e+00,-1.985606967606088624e-01,-1.854645334317775729e-01,0.000000000000000000e+00,0.000000000000000000e+00,5.000000000000000000e+03
2.424242424242424310e-01,0.000000000000000000e+00,-2.469411014412712102e-01,-2.436233252638569380e-01,0.000000000000000000e+00,0.000000000000000000e+00,5.000000000000000000e+03
3.030303030303030387e-01,0.000000000000000000e+00,-2.905890528229779224e-01,-3.053834360011567495e-01,0.000000000000000000e+00,0.000000000000000000e+00,5.000000000000000000e+03
3.636363636363636465e-01,0.000000000000000000e+00,-3.299259392937838875e-01,-3.708994181017761793e-01,0.000000000000000000e+00,0.000000000000000000e+00,5.000000000000000000e+03
4.242424242424242542e-01,0.000000000000000000e+00,-3.651219962281298526e-01,-4.400038824421655947e-01,0.000000000000000000e+00,0.000000000000000000e+00,5.000000000000000000e+03
4.848484848484848619e-01,0.000000000000000000e+00,-3.962525244692906012e-01,-5.123414802410245494e-01,0.000000000000000000e+00,0.000000000000000000e+00,5.000000000000000000e+03
5.454545454545454142e-01,0.000000000000000000e+00,-4.233719682069402857e-01,-5.874382858648216077e-01,0.000000000000000000e+00,0.000000000000000000e+00,5.000000000000000000e+03
6.060606060606060774e-01,0.000000000000000000e+00,-4.465530608944419111e-01,-6.647455224572498267e-01,0.000000000000000000e+00,0.000000000000000000e+00,5.000000000000000000e+03
6.666666666666666297e-01,0.000000000000000000e+00,-4.659094692624662915e-01,-7.436719689285591350e-01,0.000000000000000000e+00,0.000000000000000000e+00,5.000000000000000000e+03
7.272727272727272929e-01,0.000000000000000000e+00,-4.816093354260064796e-01,-8.236115476612245745e-01,0.000000000000000000e+00,0.000000000000000000e+00,5.000000000000000000e+03
7.878787878787878451e-01,0.000000000000000000e+00,-4.938824073851248997e-01,-9.039692151017705291e-01,0.000000000000000000e+00,0.000000000000000000e+00,5.000000000000000000e+03
8.484848484848485084e-01,0.000000000000000000e+00,-5.030213497546596191e-01,-9.841863716876767532e-01,0.000000000000000000e+00,0.000000000000000000e+00,5.000000000000000000e+03
9.090909090909090606e-01,0.000000000000000000e+00,-5.093769864052760665e-01,-1.063765672481528535e+00,0.000000000000000000e+00,0.000000000000000000e+00,5.000000000000000000e+03
9.696969696969697239e-01,0.000000000000000000e+00,-5.133471226248261798e-01,-1.142294053286210920e+00,0.000000000000000000e+00,0.000000000000000000e+00,5.000000000000000000e+03
1.030303030303030276e+00,0.000000000000000000e+00,-5.153591280422330501e-01,-1.219461703531428576e+00,0.000000000000000000e+00,0.000000000000000000e+00,5.000000000000000000e+03
1.090909090909090828e+00,0.000000000000000000e+00,-5.158465157436092907e-01,-1.295075645577743240e+00,0.000000000000000000e+00,0.000000000000000000e+00,5.000000000000000000e+03
1.151515151515151603e+00,0.000000000000000000e+00,-5.152228652845931567e-01,-1.369061188424301356e+00,0.000000000000000000e+00,0.000000000000000000e+00,5.000000000000000000e+03
1.212121212121212155e+00,0.000000000000000000e+00,-5.138588027617374543e-01,-1.441448636997568755e+00,0.000000000000000000e+00,0.000000000000000000e+00,5.000000000000000000e+03
1.272727272727272707e+00,0.000000000000000000e+00,-5.120665728347930656e-01,-1.512349343230950272e+00,0.000000000000000000e+00,0.000000000000000000e+00,5.000000000000000000e+03
1.333333333333333259e+00,0.000000000000000000e+00,-5.100936755093684605e-01,-1.581927945427964444e+00,0.000000000000000000e+00,0.000000000000000000e+00,5.000000000000000000e+03
1.393939393939394034e+00,0.000000000000000000e+00,-5.081243896864786613e-01,-1.650376599526766963e+00,0.000000000000000000e+00,0.000000000000000000e+00,5.000000000000000000e+03
1.454545454545454586e+00,0.000000000000000000e+00,-5.062866864109035747e-01,-1.717894512148950170e+00,0.000000000000000000e+00,0.000000000000000000e+00,5.000000000000000000e+03
1.515151515151515138e+00,0.000000000000000000e+00,-5.046618734743277823e-01,-1.784673803495424815e+00,0.000000000000000000e+00,0.000000000000000000e+00,5.000000000000000000e+03
1.575757575757575690e+00,0.000000000000000000e+00,-5.032947845090797179e-01,-1.850891240382646963e+00,0.000000000000000000e+00,0.000000000000000000e+00,5.000000000000000000e+03
1.636363636363636465e+00,0.000000000000000000e+00,-5.022029817324100698e-01,-1.916704636258056649e+00,0.000000000000000000e+00,0.000000000000000000e+00,5.000000000000000000e+03
1.696969696969697017e+00,0.000000000000000000e+00,-5.013840247275211937e-01,-1.982252444011942005e+00,0.000000000000000000e+00,0.000000000000000000e+00,5.000000000000000000e+03
1.757575757575757569e+00,0.000000000000000000e+00,-5.008202729416685317e-01,-2.047654970207325231e+00,0.000000000000000000e+00,0.000000000000000000e+00,5.000000000000000000e+03
1.818181818181818121e+00,0.000000000000000000e+00,-5.004809509865336681e-01,-2.113015420645539599e+00,0.000000000000000000e+00,0.000000000000000000e+00,5.000000000000000000e+03
1.878787878787878896e+00,0.000000000000000000e+00,-5.003214170227279212e-01,-2.178418267943409425e+00,0.000000000000000000e+00,0.000000000000000000e+00,5.000000000000000000e+03
1.939393939393939448e+00,0.000000000000000000e+00,-5.002800505434848999e-01,-2.243920627105352672e+00,0.000000000000000000e+00,0.000000000000000000e+00,5.000000000000000000e+03
2.000000000000000000e+00,0.000000000000000000e+00,-5.002767275270273428e-01,-2.309531656540136257e+00,0.000000000000000000e+00,0.000000000000000000e+00,5.000000000000000000e+03
0.000000000000000000e+00,6.250000000000000000e-02,0.000000000000000000e+00,0.000000000000000000e+00,1.000000000000000000e+00,0.000000000000000000e+00,5.000000000000000000e+03
6.060606060606060774e-02,6.250000000000000000e-02,-4.739265549226068241e-02,-4.912684341103475127e-02,0.000000000000000000e+00,0.000000000000000000e+00,5.000000000000000000e+03
1.212121212121212155e-01,6.250000000000000000e-02,-1.001987959342142964e-01,-1.065479846129079450e-01,0.000000000000000000e+00,0.000000000000000000e+00,5.000000000000000000e+03
1.818181818181818232e-01,6.250000000000000000e-02,-1.482000724954960214e-01,-1.642289303101831521e-01,0.000000000000000000e+00,0.000000000000000000e+00,5.000000000000000000e+03
2.424242424242424310e-01,6.250000000000000000e-02,-1.915677033343150815e-01,-2.243852080712748498e-01,0.000000000000000000e+00,0.000000000000000000e+00,5.000000000000000000e+03
3.030303030303030387e-01,6.250000000000000000e-02,-2.307475000742984783e-01,-2.879665703081014660e-01,0.000000000000000000e+00,0.000000000000000000e+00,5.000000000000000000e+03
3.636363636363636465e-01,6.250000000000000000e-02,-2.660336161719167869e-01,-3.552187531285508348e-01,0.000000000000000000e+00,0.000000000000000000e+00,5.000000000000000000e+03
4.242424242424242542e-01,6.250000000000000000e-02,-2.976050393999022381e-01,-4.260183152303403387e-01,0.000000000000000000e+00,0.000000000000000000e+00,5.000000000000000000e+03
4.848484848484848619e-01,6.250000000000000000e-02,-3.255788829895805980e-01,-5.000254859758809234e-01,0.000000000000000000e+00,0.000000000000000000e+00,5.000000000000000000e+03
5.454545454545454142e-01,6.250000000000000000e-02,-3.500499608017598741e-01,-5.767651462668191842e-01,0.000000000000000000e+00,0.000000000000000000e+00,5.000000000000000000e+03
6.060606060606060774e-01,6.250000000000000000e-02,-3.711181200105500566e-01,-6.556768630157299160e-01,0.000000000000000000e+00,0.000000000000000000e+00,5.000000000000000000e+03
6.666666666666666297e-01,6.250000000000000000e-02,-3.889068880932562422e-01,-7.361509511152936058e-01,0.000000000000000000e+00,0.000000000000000000e+00,5.000000000000000000e+03
7.272727272727272929e-01,6.250000000000000000e-02,-4.035757753912166956e-01,-8.175585882689953010e-01,0.000000000000000000e+00,0.000000000000000000e+00,5.000000000000000000e+03
7.878787878787878451e-01,6.250000000000000000e-02,-4.153273247497015208e-01,-8.992799167332119481e-01,0.000000000000000000e+00,0.000000000000000000e+00,5.000000000000000000e+03
8.484848484848485084e-01,6.250000000000000000e-02,-4.244091748199718683e-01,-9.807317437721904119e-01,0.000000000000000000e+00,0.000000000000000000e+00,5.000000000000000000e+03
9.090909090909090606e-01,6.250000000000000000e-02,-4.311110177917376607e-01,-1.061394849498191073e+00,0.000000000000000000e+00,0.000000000000000000e+00,5.000000000000000000e+03
9.696969696969697239e-01,6.250000000000000000e-02,-4.357563384000849860e-01,-1.140839641986768571e+00,0.000000000000000000e+00,0.000000000000000000e+00,5.000000000000000000e+03
1.030303030303030276e+00,6.250000000000000000e-02,-4.386893072344322797e-01,-1.218747569828935395e+00,0.000000000000000000e+00,0.000000000000000000e+00,5.000000000000000000e+03
1.090909090909090828e+00,6.250000000000000000e-02,-4.402569449009299807e-01,-1.294927236109782998e+00,0.000000000000000000e+00,0.000000000000000000e+00,5.000000000000000000e+03
1.151515151515151603e+00,6.250000000000000000e-02,-4.407897209581924103e-01,-1.369316228572731164e+00,0.000000000000000000e+00,0.000000000000000000e+00,5.000000000000000000e+03
1.212121212121212155e+00,6.250000000000000000e-02,-4.405850274667578725e-01,-1.441965526093898831e+00,0.000000000000000000e+00,0.000000000000000000e+00,5.000000000000000000e+03
1.272727272727272707e+00,6.250000000000000000e-02,-4.398964220118327106e-01,-1.513011823383712873e+00,0.000000000000000000e+00,0.000000000000000000e+00,5.000000000000000000e+03
1.333333333333333259e+00,6.250000000000000000e-02,-4.389292349622969658e-01,-1.582646082009602662e+00,0.000000000000000000e+00,0.000000000000000000e+00,5.000000000000000000e+03
1.393939393939394034e+00,6.250000000000000000e-02,-4.378415129911875647e-01,-1.651084973362233921e+00,0.000000000000000000e+00,0.000000000000000000e+00,5.000000000000000000e+03
1.454545454545454586e+00,6.250000000000000000e-02,-4.367485917411341179e-01,-1.718548761035745498e+00,0.000000000000000000e+00,0.000000000000000000e+00,5.000000000000000000e+03
1.515151515151515138e+00,6.250000000000000000e-02,-4.357295849518124653e-01,-1.785246514111648253e+00,0.000000000000000000e+00,0.000000000000000000e+00,5.000000000000000000e+03
1.575757575757575690e+00,6.250000000000000000e-02,-4.348344059947147899e-01,-1.851367915757435201e+00,0.000000000000000000e+00,0.000000000000000000e+00,5.000000000000000000e+03
1.636363636363636465e+00,6.250000000000000000e-02,-4.340903593144757600e-01,-1.917080191364781694e+00,0.000000000000000000e+00,0.000000000000000000e+00,5.000000000000000000e+03
1.696969696969697017e+00,6.250000000000000000e-02,-4.335077242616047211e-01,-1.982528479429368717e+00,0.000000000000000000e+00,0.000000000000000000e+00,5.000000000000000000e+03
1.757575757575757569e+00,6.250000000000000000e-02,-4.330840484112180588e-01,-2.047837973810893608e+00,0.000000000000000000e+00,0.000000000000000000e+00,5.000000000000000000e+03
1.818181818181818121e+00,6.250000000000000000e-02,-4.328070444389997551e-01,-2.113116102360283133e+00,0.000000000000000000e+00,0.000000000000000000e+00,5.000000000000000000e+03
1.878787878787878896e+00,6.250000000000000000e-02,-4.326559692116179190e-01,-2.178452607336597957e+00,0.000000000000000000e+00,0.000000000000000000e+00,5.000000000000000000e+03
1.939393939393939448e+00,6.250000000000000000e-02,-4.326008576988297771e-01,-2.243914263365275552e+00,0.000000000000000000e+00,0.000000000000000000e+00,5.000000000000000000e+03
2.000000000000000000e+00,6.250000000000000000e-02,-4.325968004107584308e-01,-2.309527658682370976e+00,0.000000000000000000e+00,0.000000000000000000e+00,5.000000000000000000e+03
0.000000000000000000e+00,1.250000000000000000e-01,0.000000000000000000e+00,0.000000000000000000e+00,1.000000000000000000e+00,0.000000000000000000e+00,5.000000000000000000e+03
6.060606060606060774e-02,1.250000000000000000e-01,-3.430452197921607382e-02,-3.927724646972870215e-02,0.000000000000000000e+00,0.000000000000000000e+00,5.000000000000000000e+03
1.212121212121212155e-01,1.250000000000000000e-01,-7.237606139087524038e-02,-9.001701000574657829e-02,0.000000000000000000e+00,0.000000000000000000e+00,5.000000000000000000e+03
1.818181818181818232e-01,1.250000000000000000e-01,-1.110859034458055589e-01,-1.470277247612235827e-01,0.000000000000000000e+00,0.000000000000000000e+00,5.000000000000000000e+03
2.424242424242424310e-01,1.250000000000000000e-01,-1.476171772713984198e-01,-2.079878396298836807e-01,0.000000000000000000e+00,0.000000000000000000e+00,5.000000000000000000e+03
3.030303030303030387e-01,1.250000000000000000e-01,-1.812709898847828516e-01,-2.728027073730127094e-01,0.000000000000000000e+00,0.000000000000000000e+00,5.000000000000000000e+03
3.636363636363636465e-01,1.250000000000000000e-01,-2.118795897907027603e-01,-3.414358812604436078e-01,0.000000000000000000e+00,0.000000000000000000e+00,5.000000000000000000e+03
4.242424242424242542e-01,1.250000000000000000e-01,-2.394223996599644799e-01,-4.136708608319312752e-01,0.000000000000000000e+00,0.000000000000000000e+00,5.000000000000000000e+03
4.848484848484848619e-01,1.250000000000000000e-01,-2.639268753375723642e-01,-4.891297778259195428e-01,0.000000000000000000e+00,0.000000000000000000e+00,5.000000000000000000e+03
5.454545454545454142e-01,1.250000000000000000e-01,-2.854440419286935482e-01,-5.673155005651548954e-01,0.000000000000000000e+00,0.000000000000000000e+00,5.000000000000000000e+03
6.060606060606060774e-01,1.250000000000000000e-01,-3.040466491787057746e-01,-6.476487184044501522e-01,0.000000000000000000e+00,0.000000000000000000e+00,5.000000000000000000e+03
6.666666666666666297e-01,1.250000000000000000e-01,-3.198342389579693079e-01,-7.294995429716013557e-01,0.000000000000000000e+00,0.000000000000000000e+00,5.000000000000000000e+03
7.272727272727272929e-01,1.250000000000000000e-01,-3.329394665596500102e-01,-8.122164894124448420e-01,0.000000000000000000e+00,0.000000000000000000e+00,5.000000000000000000e+03
7.878787878787878451e-01,1.250000000000000000e-01,-3.435331053920282485e-01,-8.951550990951800957e-01,0.000000000000000000e+00,0.000000000000000000e+00,5.000000000000000000e+03
8.484848484848485084e-01,1.250000000000000000e-01,-3.518261660279908831e-01,-9.777072308988321581e-01,0.000000000000000000e+00,0.000000000000000000e+00,5.000000000000000000e+03
9.090909090909090606e-01,1.250000000000000000e-01,-3.580679688739017985e-01,-1.059330765357987536e+00,0.000000000000000000e+00,0.000000000000000000e+00,5.000000000000000000e+03
9.696969696969697239e-01,1.250000000000000000e-01,-3.625393491472843621e-01,-1.139578241717273066e+00,0.000000000000000000e+00,0.000000000000000000e+00,5.000000000000000000e+03
1.030303030303030276e+00,1.250000000000000000e-01,-3.655409927357212707e-01,-1.218121169038677509e+00,0.000000000000000000e+00,0.000000000000000000e+00,5.000000000000000000e+03
1.090909090909090828e+00,1.250000000000000000e-01,-3.673752746237824440e-01,-1.294771116272387390e+00,0.000000000000000000e+00,0.000000000000000000e+00,5.000000000000000000e+03
1.151515151515151603e+00,1.250000000000000000e-01,-3.683260414369449176e-01,-1.369481873019360307e+00,0.000000000000000000e+00,0.000000000000000000e+00,5.000000000000000000e+03
1.212121212121212155e+00,1.250000000000000000e-01,-3.686428926313929932e-01,-1.442329337003213308e+00,0.000000000000000000e+00,0.000000000000000000e+00,5.000000000000000000e+03
1.272727272727272707e+00,1.250000000000000000e-01,-3.685330238073256104e-01,-1.513478050964975674e+00,0.000000000000000000e+00,0.000000000000000000e+00,5.000000000000000000e+03
1.333333333333333259e+00,1.250000000000000000e-01,-3.681599996503691075e-01,-1.583145278433343517e+00,0.000000000000000000e+00,0.000000000000000000e+00,5.000000000000000000e+03
1.393939393939394034e+00,1.250000000000000000e-01,-3.676472011052510647e-01,-1.651569974488001691e+00,0.000000000000000000e+00,0.000000000000000000e+00,5.000000000000000000e+03
1.454545454545454586e+00,1.250000000000000000e-01,-3.670836672898725728e-01,-1.718989833003832013e+00,0.000000000000000000e+00,0.000000000000000000e+00,5.000000000000000000e+03
1.515151515151515138e+00,1.250000000000000000e-01,-3.665306646518849409e-01,-1.785626672186868324e+00,0.000000000000000000e+00,0.000000000000000000e+00,5.000000000000000000e+03
1.575757575757575690e+00,1.250000000000000000e-01,-3.660279788008320434e-01,-1.851678900858944932e+00,0.000000000000000000e+00,0.000000000000000000e+00,5.000000000000000000e+03
1.636363636363636465e+00,1.250000000000000000e-01,-3.655994252906928366e-01,-1.917319267143014372e+00,0.000000000000000000e+00,0.000000000000000000e+00,5.000000000000000000e+03
1.696969696969697017e+00,1.250000000000000000e-01,-3.652573859197087991e-01,-1.982696077495873288e+00,0.000000000000000000e+00,0.000000000000000000e+00,5.000000000000000000e+03
1.757575757575757569e+00,1.250000000000000000e-01,-3.650063167434868250e-01,-2.047936259585433572e+00,0.000000000000000000e+00,0.000000000000000000e+00,5.000000000000000000e+03
1.818181818181818121e+00,1.250000000000000000e-01,-3.648451353891658533e-01,-2.113148831649390935e+00,0.000000000000000000e+00,0.000000000000000000e+00,5.000000000000000000e+03
1.878787878787878896e+00,1.250000000000000000e-01,-3.647680827580787044e-01,-2.178427459386811371e+00,0.000000000000000000e+00,0.000000000000000000e+00,5.000000000000000000e+03
1.939393939393939448e+00,1.250000000000000000e-01,-3.647627800400765063e-01,-2.243850920973160967e+00,0.000000000000000000e+00,0.000000000000000000e+00,5.000000000000000000e+03
2.000000000000000000e+00,1.250000000000000000e-01,-3.648019885460154765e-01,-2.309480856447859942e+00,0.000000000000000000e+00,0.000000000000000000e+00,5.000000000000000000e+03
0.000000000000000000e+00,1.875000000000000000e-01,0.000000000000000000e+00,0.000000000000000000e+00,1.000000000000000000e+00,0.000000000000000000e+00,5.000000000000000000e+03
6.060606060606060774e-02,1.875000000000000000e-01,-2.598075357457377277e-02,-3.439264304854025567e-02,0.000000000000000000e+00,0.000000000000000000e+00,5.000000000000000000e+03
1.212121212121212155e-01,1.875000000000000000e-01,-5.420314024072421522e-02,-8.040874836316663776e-02,0.000000000000000000e+00,0.000000000000000000e+00,5.000000000000000000e+03
1.818181818181818232e-01,1.875000000000000000e-01,-8.367783397515282662e-02,-1.347718260576410143e-01,0.000000000000000000e+00,0.000000000000000000e+00,5.000000000000000000e+03
2.424242424242424310e-01,1.875000000000000000e-01,-1.128150298396062984e-01,-1.951632073508151877e-01,0.000000000000000000e+00,0.000000000000000000e+00,5.000000000000000000e+03
3.030303030303030387e-01,1.875000000000000000e-01,-1.404245083404128402e-01,-2.603859832076344527e-01,0.000000000000000000e+00,0.000000000000000000e+00,5.000000000000000000e+03
3.636363636363636465e-01,1.875000000000000000e-01,-1.659500918109715617e-01,-3.298838931810903485e-01,0.000000000000000000e+00,0.000000000000000000e+00,5.000000000000000000e+03
4.242424242424242542e-01,1.875000000000000000e-01,-1.891417406834223491e-01,-4.032101102019631234e-01,0.000000000000000000e+00,0.000000000000000000e+00,5.000000000000000000e+03
4.848484848484848619e-01,1.875000000000000000e-01,-2.098923947506659282e-01,-4.798767782639591362e-01,0.000000000000000000e+00,0.000000000000000000e+00,5.000000000000000000e+03
5.454545454545454142e-01,1.875000000000000000e-01,-2.281691118023659037e-01,-5.593272554126865748e-01,0.000000000000000000e+00,0.000000000000000000e+00,5.000000000000000000e+03
6.060606060606060774e-01,1.875000000000000000e-01,-2.439860229004943704e-01,-6.409431308430616481e-01,0.000000000000000000e+00,0.000000000000000000e+00,5.000000000000000000e+03
6.666666666666666297e-01,1.875000000000000000e-01,-2.573961963101669137e-01,-7.240621014916751585e-01,0.000000000000000000e+00,0.000000000000000000e+00,5.000000000000000000e+03
7.272727272727272929e-01,1.875000000000000000e-01,-2.684919482430272453e-01,-8.080007860078658455e-01,0.000000000000000000e+00,0.000000000000000000e+00,5.000000000000000000e+03
7.878787878787878451e-01,1.875000000000000000e-01,-2.774080402790448097e-01,-8.920812978480756605e-01,0.000000000000000000e+00,0.000000000000000000e+00,5.000000000000000000e+03
8.484848484848485084e-01,1.875000000000000000e-01,-2.843241869450816028e-01,-9.756611786219039351e-01,0.000000000000000000e+00,0.000000000000000000e+00,5.000000000000000000e+03
9.090909090909090606e-01,1.875000000000000000e-01,-2.894642032635958984e-01,-1.058165767895697496e+00,0.000000000000000000e+00,0.000000000000000000e+00,5.000000000000000000e+03
9.696969696969697239e-01,1.875000000000000000e-01,-2.930897150394349282e-01,-1.139121103043254868e+00,0.000000000000000000e+00,0.000000000000000000e+00,5.000000000000000000e+03
1.030303030303030276e+00,1.875000000000000000e-01,-2.954878598295488379e-01,-1.218182656877466297e+00,0.000000000000000000e+00,0.000000000000000000e+00,5.000000000000000000e+03
1.090909090909090828e+00,1.875000000000000000e-01,-2.969474536824573407e-01,-1.295167250973017214e+00,0.000000000000000000e+00,0.000000000000000000e+00,5.000000000000000000e+03
1.151515151515151603e+00,1.875000000000000000e-01,-2.977319536799444832e-01,-1.370055284333866474e+00,0.000000000000000000e+00,0.000000000000000000e+00,5.000000000000000000e+03
1.212121212121212155e+00,1.875000000000000000e-01,-2.980608818189198761e-01,-1.442961065408043142e+00,0.000000000000000000e+00,0.000000000000000000e+00,5.000000000000000000e+03
1.272727272727272707e+00,1.875000000000000000e-01,-2.981035004833110236e-01,-1.514088640445857337e+00,0.000000000000000000e+00,0.000000000000000000e+00,5.000000000000000000e+03
1.333333333333333259e+00,1.875000000000000000e-01,-2.979820016220684487e-01,-1.583688851752642401e+00,0.000000000000000000e+00,0.000000000000000000e+00,5.000000000000000000e+03
1.393939393939394034e+00,1.875000000000000000e-01,-2.977796386054695765e-01,-1.652025520708796380e+00,0.000000000000000000e+00,0.000000000000000000e+00,5.000000000000000000e+03
1.454545454545454586e+00,1.875000000000000000e-01,-2.975501468634981772e-01,-1.719352594303791726e+00,0.000000000000000000e+00,0.000000000000000000e+00,5.000000000000000000e+03
1.515151515151515138e+00,1.875000000000000000e-01,-2.973263730696075746e-01,-1.785901016202002367e+00,0.000000000000000000e+00,0.000000000000000000e+00,5.000000000000000000e+03
1.575757575757575690e+00,1.875000000000000000e-01,-2.971272879443271897e-01,-1.851873035857645844e+00,0.000000000000000000e+00,0.000000000000000000e+00,5.000000000000000000e+03
1.636363636363636465e+00,1.875000000000000000e-01,-2.969632935319346800e-01,-1.917441643731436107e+00,0.000000000000000000e+00,0.000000000000000000e+00,5.000000000000000000e+03
1.696969696969697017e+00,1.875000000000000000e-01,-2.968400506161310570e-01,-1.982753192073650528e+00,0.000000000000000000e+00,0.000000000000000000e+00,5.000000000000000000e+03
1.757575757575757569e+00,1.875000000000000000e-01,-2.967610834870609282e-01,-2.047931724595716041e+00,0.000000000000000000e+00,0.000000000000000000e+00,5.000000000000000000e+03
1.818181818181818121e+00,1.875000000000000000e-01,-2.967292476835641235e-01,-2.113083998492281346e+00,0.000000000000000000e+00,0.000000000000000000e+00,5.000000000000000000e+03
1.878787878787878896e+00,1.875000000000000000e-01,-2.967467733276409891e-01,-2.178304711135512495e+00,0.000000000000000000e+00,0.000000000000000000e+00,5.000000000000000000e+03
1.939393939393939448e+00,1.875000000000000000e-01,-2.968129596945074389e-01,-2.243682375971832066e+00,0.000000000000000000e+00,0.000000000000000000e+00,5.000000000000000000e+03
2.000000000000000000e+00,1.875000000000000000e-01,-2.969176594715788875e-01,-2.309308664965562308e+00,0.000000000000000000e+00,0.000000000000000000e+00,5.000000000000000000e+03
0.000000000000000000e+00,2.500000000000000000e-01,0.000000000000000000e+00,0.000000000000000000e+00,1.000000000000000000e+00,0.000000000000000000e+00,5.000000000000000000e+03
6.060606060606060774e-02,2.500000000000000000e-01,-1.959134442477696372e-02,-3.172576410673228625e-02,0.000000000000000000e+00,0.000000000000000000e+00,5.000000000000000000e+03
1.212121212121212155e-01,2.500000000000000000e-01,-4.052668514567011465e-02,-7.465316344443634344e-02,0.000000000000000000e+00,0.000000000000000000e+00,5.000000000000000000e+03
1.818181818181818232e-01,2.500000000000000000e-01,-6.250367836808351507e-02,-1.266356950942707782e-01,0.000000000000000000e+00,0.000000000000000000e+00,5.000000000000000000e+03
2.424242424242424310e-01,2.500000000000000000e-01,-8.471687846220163354e-02,-1.858132326417055169e-01,0.000000000000000000e+00,0.000000000000000000e+00,5.000000000000000000e+03
3.030303030303030387e-01,2.500000000000000000e-01,-1.063003126434340362e-01,-2.508153502345009667e-01,0.000000000000000000e+00,0.000000000000000000e+00,5.000000000000000000e+03
3.636363636363636465e-01,2.500000000000000000e-01,-1.266156757674629096e-01,-3.207077348215852108e-01,0.000000000000000000e+00,0.000000000000000000e+00,5.000000000000000000e+03
4.242424242424242542e-01,2.500000000000000000e-01,-1.452812500975680654e-01,-3.947922671337032452e-01,0.000000000000000000e+00,0.000000000000000000e+00,5.000000000000000000e+03
4.848484848484848619e-01,2.500000000000000000e-01,-1.620803894912092036e-01,-4.724355759796341481e-01,0.000000000000000000e+00,0.000000000000000000e+00,5.000000000000000000e+03
5.454545454545454142e-01,2.500000000000000000e-01,-1.768949815332003239e-01,-5.529946628175025358e-01,0.000000000000000000e+00,0.000000000000000000e+00,5.000000000000000000e+03
6.060606060606060774e-01,2.500000000000000000e-01,-1.896705410389156743e-01,-6.357933075795245692e-01,0.000000000000000000e+00,0.000000000000000000e+00,5.000000000000000000e+03
6.666666666666666297e-01,2.500000000000000000e-01,-2.004022212548954018e-01,-7.201222364074508775e-01,0.000000000000000000e+00,0.000000000000000000e+00,5.000000000000000000e+03
7.272727272727272929e-01,2.500000000000000000e-01,-2.091329787967484699e-01,-8.052523901786315941e-01,0.000000000000000000e+00,0.000000000000000000e+00,5.000000000000000000e+03
7.878787878787878451e-01,2.500000000000000000e-01,-2.159575765728793395e-01,-8.904574515598455697e-01,0.000000000000000000e+00,0.000000000000000000e+00,5.000000000000000000e+03
8.484848484848485084e-01,2.500000000000000000e-01,-2.210274432615518814e-01,-9.750439149770334657e-01,0.000000000000000000e+00,0.000000000000000000e+00,5.000000000000000000e+03
9.090909090909090606e-01,2.500000000000000000e-01,-2.245521114183576805e-01,-1.058387088440209345e+00,0.000000000000000000e+00,0.000000000000000000e+00,5.000000000000000000e+03
9.696969696969697239e-01,2.500000000000000000e-01,-2.267934809390893813e-01,-1.139970656749625944e+00,0.000000000000000000e+00,0.000000000000000000e+00,5.000000000000000000e+03
1.030303030303030276e+00,2.500000000000000000e-01,-2.280519960138027991e-01,-1.219422100021632538e+00,0.000000000000000000e+00,0.000000000000000000e+00,5.000000000000000000e+03
1.090909090909090828e+00,2.500000000000000000e-01,-2.286302533172557272e-01,-1.296567767110862412e+00,0.000000000000000000e+00,0.000000000000000000e+00,5.000000000000000000e+03
1.151515151515151603e+00,2.500000000000000000e-01,-2.287920561749800796e-01,-1.371433157215921961e+00,0.000000000000000000e+00,0.000000000000000000e+00,5.000000000000000000e+03
1.212121212121212155e+00,2.500000000000000000e-01,-2.287383742221202887e-01,-1.444193874797913502e+00,0.000000000000000000e+00,0.000000000000000000e+00,5.000000000000000000e+03
1.272727272727272707e+00,2.500000000000000000e-01,-2.286039099747235459e-01,-1.515112782192016061e+00,0.000000000000000000e+00,0.000000000000000000e+00,5.000000000000000000e+03
1.333333333333333259e+00,2.500000000000000000e-01,-2.284671416434577440e-01,-1.584486619351503256e+00,0.000000000000000000e+00,0.000000000000000000e+00,5.000000000000000000e+03
1.393939393939394034e+00,2.500000000000000000e-01,-2.283654997871213121e-01,-1.652609365352010640e+00,0.000000000000000000e+00,0.000000000000000000e+00,5.000000000000000000e+03
1.454545454545454586e+00,2.500000000000000000e-01,-2.283101390335628422e-01,-1.719751053384123818e+00,0.000000000000000000e+00,0.000000000000000000e+00,5.000000000000000000e+03
1.515151515151515138e+00,2.500000000000000000e-01,-2.282977859336492166e-01,-1.786148055007817259e+00,0.000000000000000000e+00,0.000000000000000000e+00,5.000000000000000000e+03
1.575757575757575690e+00,2.500000000000000000e-01,-2.283191415948375436e-01,-1.852000899362348241e+00,0.000000000000000000e+00,0.000000000000000000e+00,5.000000000000000000e+03
1.636363636363636465e+00,2.500000000000000000e-01,-2.283642983240439794e-01,-1.917476599716696262e+00,0.000000000000000000e+00,0.000000000000000000e+00,5.000000000000000000e+03
1.696969696969697017e+00,2.500000000000000000e-01,-2.284259306071765028e-01,-1.982713427562115216e+00,0.000000000000000000e+00,0.000000000000000000e+00,5.000000000000000000e+03
1.757575757575757569e+00,2.500000000000000000e-01,-2.285009464806817825e-01,-2.047826881471471516e+00,0.000000000000000000e+00,0.000000000000000000e+00,5.000000000000000000e+03
1.818181818181818121e+00,2.500000000000000000e-01,-2.285910237795138744e-01,-2.112916274929871108e+00,0.000000000000000000e+00,0.000000000000000000e+00,5.000000000000000000e+03
1.878787878787878896e+00,2.500000000000000000e-01,-2.287021049466164691e-01,-2.178072082035785062e+00,0.000000000000000000e+00,0.000000000000000000e+00,5.000000000000000000e+03
1.939393939393939448e+00,2.500000000000000000e-01,-2.288425706311203178e-01,-2.243385275012119706e+00,0.000000000000000000e+00,0.000000000000000000e+00,5.000000000000000000e+03
2.000000000000000000e+00,2.500000000000000000e-01,-2.290197152986432338e-01,-2.308962109622584968e+00,0.000000000000000000e+00,0.000000000000000000e+00,5.000000000000000000e+03
0.000000000000000000e+00,3.125000000000000000e-01,0.000000000000000000e+00,0.000000000000000000e+00,1.000000000000000000e+00,0.000000000000000000e+00,5.000000000000000000e+03
6.060606060606060774e-02,3.125000000000000000e-01,-1.421180567490797249e-02,-3.018297361735711518e-02,0.000000000000000000e+00,0.000000000000000000e+00,5.000000000000000000e+03
1.212121212121212155e-01,3.125000000000000000e-01,-2.924313601525898101e-02,-7.111304797855630411e-02,0.000000000000000000e+00,0.000000000000000000e+00,5.000000000000000000e+03
1.818181818181818232e-01,3.125000000000000000e-01,-4.502135578374366620e-02,-1.213201990770261668e-01,0.000000000000000000e+00,0.000000000000000000e+00,5.000000000000000000e+03
2.424242424242424310e-01,3.125000000000000000e-01,-6.113792527669456578e-02,-1.793322678912390999e-01,0.000000000000000000e+00,0.000000000000000000e+00,5.000000000000000000e+03
3.030303030303030387e-01,3.125000000000000000e-01,-7.705027995464465429e-02,-2.438608760695169519e-01,0.000000000000000000e+00,0.000000000000000000e+00,5.000000000000000000e+03
3.636363636363636465e-01,3.125000000000000000e-01,-9.225394957613475277e-02,-3.138543052192199756e-01,0.000000000000000000e+00,0.000000000000000000e+00,5.000000000000000000e+03
4.242424242424242542e-01,3.125000000000000000e-01,-1.063646618753818218e-01,-3.884505262354425170e-01,0.000000000000000000e+00,0.000000000000000000e+00,5.000000000000000000e+03
4.848484848484848619e-01,3.125000000000000000e-01,-1.191169532184895852e-01,-4.668895809567468747e-01,0.000000000000000000e+00,0.000000000000000000e+00,5.000000000000000000e+03
5.454545454545454142e-01,3.125000000000000000e-01,-1.303317682233162966e-01,-5.484410933655249343e-01,0.000000000000000000e+00,0.000000000000000000e+00,5.000000000000000000e+03
6.060606060606060774e-01,3.125000000000000000e-01,-1.398915000685462262e-01,-6.323643053669751879e-01,0.000000000000000000e+00,0.000000000000000000e+00,5.000000000000000000e+03
6.666666666666666297e-01,3.125000000000000000e-01,-1.477297576386726041e-01,-7.178929879240337764e-01,0.000000000000000000e+00,0.000000000000000000e+00,5.000000000000000000e+03
7.272727272727272929e-01,3.125000000000000000e-01,-1.538334145405080011e-01,-8.042384024998778802e-01,0.000000000000000000e+00,0.000000000000000000e+00,5.000000000000000000e+03
7.878787878787878451e-01,3.125000000000000000e-01,-1.582520270116987982e-01,-8.906069166203822718e-01,0.000000000000000000e+00,0.000000000000000000e+00,5.000000000000000000e+03
8.484848484848485084e-01,3.125000000000000000e-01,-1.611089222851379843e-01,-9.762304709930684776e-01,0.000000000000000000e+00,0.000000000000000000e+00,5.000000000000000000e+03
9.090909090909090606e-01,3.125000000000000000e-01,-1.626079409459994518e-01,-1.060408140716007974e+00,0.000000000000000000e+00,0.000000000000000000e+00,5.000000000000000000e+03
9.696969696969697239e-01,3.125000000000000000e-01,-1.630297885432193949e-01,-1.142556262158443081e+00,0.000000000000000000e+00,0.000000000000000000e+00,5.000000000000000000e+03
1.030303030303030276e+00,3.125000000000000000e-01,-1.627178056186222577e-01,-1.222252826068299214e+00,0.000000000000000000e+00,0.000000000000000000e+00,5.000000000000000000e+03
1.090909090909090828e+00,3.125000000000000000e-01,-1.620173838045038950e-01,-1.299342458956476154e+00,0.000000000000000000e+00,0.000000000000000000e+00,5.000000000000000000e+03
1.151515151515151603e+00,3.125000000000000000e-01,-1.612106564685939492e-01,-1.373927140709512829e+00,0.000000000000000000e+00,0.000000000000000000e+00,5.000000000000000000e+03
1.212121212121212155e+00,3.125000000000000000e-01,-1.604856170690437678e-01,-1.446278848978958864e+00,0.000000000000000000e+00,0.000000000000000000e+00,5.000000000000000000e+03
1.272727272727272707e+00,3.125000000000000000e-01,-1.599394997945678687e-01,-1.516746211729834926e+00,0.000000000000000000e+00,0.000000000000000000e+00,5.000000000000000000e+03
1.333333333333333259e+00,3.125000000000000000e-01,-1.596001886479568033e-01,-1.585687472108300078e+00,0.000000000000000000e+00,0.000000000000000000e+00,5.000000000000000000e+03
1.393939393939394034e+00,3.125000000000000000e-01,-1.594515291905002352e-01,-1.653432545809213172e+00,0.000000000000000000e+00,0.000000000000000000e+00,5.000000000000000000e+03
1.454545454545454586e+00,3.125000000000000000e-01,-1.594549871026265664e-01,-1.720266510825544160e+00,0.000000000000000000e+00,0.000000000000000000e+00,5.000000000000000000e+03
1.515151515151515138e+00,3.125000000000000000e-01,-1.595652010238591545e-01,-1.786426158532997688e+00,0.000000000000000000e+00,0.000000000000000000e+00,5.000000000000000000e+03
1.575757575757575690e+00,3.125000000000000000e-01,-1.597397203182825687e-01,-1.852103463144971984e+00,0.000000000000000000e+00,0.000000000000000000e+00,5.000000000000000000e+03
1.636363636363636465e+00,3.125000000000000000e-01,-1.599442726399103454e-01,-1.917452178008435260e+00,0.000000000000000000e+00,0.000000000000000000e+00,5.000000000000000000e+03
1.696969696969697017e+00,3.125000000000000000e-01,-1.601550430358379129e-01,-1.982595503247452262e+00,0.000000000000000000e+00,0.000000000000000000e+00,5.000000000000000000e+03
1.757575757575757569e+00,3.125000000000000000e-01,-1.603591829155447679e-01,-2.047633918887827420e+00,0.000000000000000000e+00,0.000000000000000000e+00,5.000000000000000000e+03
1.818181818181818121e+00,3.125000000000000000e-01,-1.605543847675345581e-01,-2.112653071999493370e+00,0.000000000000000000e+00,0.000000000000000000e+00,5.000000000000000000e+03
1.878787878787878896e+00,3.125000000000000000e-01,-1.607480025237168486e-01,-2.177732305624335396e+00,0.000000000000000000e+00,0.000000000000000000e+00,5.000000000000000000e+03
1.939393939393939448e+00,3.125000000000000000e-01,-1.609559905278632741e-01,-2.242955299115870549e+00,0.000000000000000000e+00,0.000000000000000000e+00,5.000000000000000000e+03
2.000000000000000000e+00,3.125000000000000000e-01,-1.612021271148570967e-01,-2.308425679587115642e+00,0.000000000000000000e+00,0.000000000000000000e+00,5.000000000000000000e+03
0.000000000000000000e+00,3.750000000000000000e-01,0.000000000000000000e+00,0.000000000000000000e+00,1.000000000000000000e+00,0.000000000000000000e+00,5.000000000000000000e+03
6.060606060606060774e-02,3.750000000000000000e-01,-9.400387511885960334e-03,-2.924491561621311159e-02,0.000000000000000000e+00,0.000000000000000000e+00,5.000000000000000000e+03
1.212121212121212155e-01,3.750000000000000000e-01,-1.930295815675408047e-02,-6.891067914613029088e-02,0.000000000000000000e+00,0.000000000000000000e+00,5.000000000000000000e+03
1.818181818181818232e-01,3.750000000000000000e-01,-2.969941519882101158e-02,-1.179163815561326129e-01,0.000000000000000000e+00,0.000000000000000000e+00,5.000000000000000000e+03
2.424242424242424310e-01,3.750000000000000000e-01,-4.038520426436208177e-02,-1.750509133897357461e-01,0.000000000000000000e+00,0.000000000000000000e+00,5.000000000000000000e+03
3.030303030303030387e-01,3.750000000000000000e-01,-5.104576946791055531e-02,-2.391421895603602632e-01,0.000000000000000000e+00,0.000000000000000000e+00,5.000000000000000000e+03
3.636363636363636465e-01,3.750000000000000000e-01,-6.134153904998023571e-02,-3.091377177895752726e-01,0.000000000000000000e+00,0.000000000000000000e+00,5.000000000000000000e+03
4.242424242424242542e-01,3.750000000000000000e-01,-7.096479129898558558e-02,-3.841129757527179667e-01,0.000000000000000000e+00,0.000000000000000000e+00,5.000000000000000000e+03
4.848484848484848619e-01,3.750000000000000000e-01,-7.965992622286345581e-02,-4.632346619252480369e-01,0.000000000000000000e+00,0.000000000000000000e+00,5.000000000000000000e+03
5.454545454545454142e-01,3.750000000000000000e-01,-8.721925384277265381e-02,-5.457097678250272255e-01,0.000000000000000000e+00,0.000000000000000000e+00,5.000000000000000000e+03
6.060606060606060774e-01,3.750000000000000000e-01,-9.347444224398149260e-02,-6.307427010428094949e-01,0.000000000000000000e+00,0.000000000000000000e+00,5.000000000000000000e+03
6.666666666666666297e-01,3.750000000000000000e-01,-9.829665515108887419e-02,-7.175094894348744701e-01,0.000000000000000000e+00,0.000000000000000000e+00,5.000000000000000000e+03
7.272727272727272929e-01,3.750000000000000000e-01,-1.016084398897775659e-01,-8.051508507751201638e-01,0.000000000000000000e+00,0.000000000000000000e+00,5.000000000000000000e+03
7.878787878787878451e-01,3.750000000000000000e-01,-1.034045303773045987e-01,-8.927845337056273811e-01,0.000000000000000000e+00,0.000000000000000000e+00,5.000000000000000000e+03
8.484848484848485084e-01,3.750000000000000000e-01,-1.037752627047868609e-01,-9.795369375376609122e-01,0.000000000000000000e+00,0.000000000000000000e+00,5.000000000000000000e+03
9.090909090909090606e-01,3.750000000000000000e-01,-1.029242293333220287e-01,-1.064593159213641504e+00,0.000000000000000000e+00,0.000000000000000000e+00,5.000000000000000000e+03
9.696969696969697239e-01,3.750000000000000000e-01,-1.011706075919496933e-01,-1.147263547757492175e+00,0.000000000000000000e+00,0.000000000000000000e+00,5.000000000000000000e+03
1.030303030303030276e+00,3.750000000000000000e-01,-9.893999837206308989e-02,-1.227037054984811526e+00,0.000000000000000000e+00,0.000000000000000000e+00,5.000000000000000000e+03
1.090909090909090828e+00,3.750000000000000000e-01,-9.665673637322667877e-02,-1.303795808510306742e+00,0.000000000000000000e+00,0.000000000000000000e+00,5.000000000000000000e+03
1.151515151515151603e+00,3.750000000000000000e-01,-9.463746282149629319e-02,-1.377772060892334949e+00,0.000000000000000000e+00,0.000000000000000000e+00,5.000000000000000000e+03
1.212121212121212155e+00,3.750000000000000000e-01,-9.305515894090730933e-02,-1.449386480109147390e+00,0.000000000000000000e+00,0.000000000000000000e+00,5.000000000000000000e+03
1.272727272727272707e+00,3.750000000000000000e-01,-9.195831560099525237e-02,-1.519108309838281379e+00,0.000000000000000000e+00,0.000000000000000000e+00,5.000000000000000000e+03
1.333333333333333259e+00,3.750000000000000000e-01,-9.131124636511803172e-02,-1.587373944430716666e+00,0.000000000000000000e+00,0.000000000000000000e+00,5.000000000000000000e+03
1.393939393939394034e+00,3.750000000000000000e-01,-9.103345303261244081e-02,-1.654552691971001632e+00,0.000000000000000000e+00,0.000000000000000000e+00,5.000000000000000000e+03
1.454545454545454586e+00,3.750000000000000000e-01,-9.102928632788515051e-02,-1.720940396514633486e+00,0.000000000000000000e+00,0.000000000000000000e+00,5.000000000000000000e+03
1.515151515151515138e+00,3.750000000000000000e-01,-9.120683666655625410e-02,-1.786766359273738836e+00,0.000000000000000000e+00,0.000000000000000000e+00,5.000000000000000000e+03
1.575757575757575690e+00,3.750000000000000000e-01,-9.148811864468531230e-02,-1.852205031608268326e+00,0.000000000000000000e+00,0.000000000000000000e+00,5.000000000000000000e+03
1.636363636363636465e+00,3.750000000000000000e-01,-9.181329631837913119e-02,-1.917388257307760302e+00,0.000000000000000000e+00,0.000000000000000000e+00,5.000000000000000000e+03
1.696969696969697017e+00,3.750000000000000000e-01,-9.214136331115289902e-02,-1.982416381115312598e+00,0.000000000000000000e+00,0.000000000000000000e+00,5.000000000000000000e+03
1.757575757575757569e+00,3.750000000000000000e-01,-9.244907684378740609e-02,-2.047367914042090398e+00,0.000000000000000000e+00,0.000000000000000000e+00,5.000000000000000000e+03
1.818181818181818121e+00,3.750000000000000000e-01,-9.272936708435323971e-02,-2.112308203922298677e+00,0.000000000000000000e+00,0.000000000000000000e+00,5.000000000000000000e+03
1.878787878787878896e+00,3.750000000000000000e-01,-9.299002711112303032e-02,-2.177298085121512461e+00,0.000000000000000000e+00,0.000000000000000000e+00,5.000000000000000000e+03
1.939393939393939448e+00,3.750000000000000000e-01,-9.325330665395846486e-02,-2.242404010989066165e+00,0.000000000000000000e+00,0.000000000000000000e+00,5.000000000000000000e+03
2.000000000000000000e+00,3.750000000000000000e-01,-9.355720774964719488e-02,-2.307711778019065019e+00,0.000000000000000000e+00,0.000000000000000000e+00,5.000000000000000000e+03
0.000000000000000000e+00,4.375000000000000000e-01,0.000000000000000000e+00,0.000000000000000000e+00,1.000000000000000000e+00,0.000000000000000000e+00,5.000000000000000000e+03
6.060606060606060774e-02,4.375000000000000000e-01,-4.886901783312694141e-03,-2.865216010013411918e-02,0.000000000000000000e+00,0.000000000000000000e+00,5.000000000000000000e+03
1.212121212121212155e-01,4.375000000000000000e-01,-1.006614249688719126e-02,-6.757480449162177327e-02,0.000000000000000000e+00,0.000000000000000000e+00,5.000000000000000000e+03
1.818181818181818232e-01,4.375000000000000000e-01,-1.553324667832407108e-02,-1.158730822068996108e-01,0.000000000000000000e+00,0.000000000000000000e+00,5.000000000000000000e+03
2.424242424242424310e-01,4.375000000000000000e-01,-2.120050122063697751e-02,-1.724770175763614410e-01,0.000000000000000000e+00,0.000000000000000000e+00,5.000000000000000000e+03
3.030303030303030387e-01,4.375000000000000000e-01,-2.691652372942016438e-02,-2.363022628110283130e-01,0.000000000000000000e+00,0.000000000000000000e+00,5.000000000000000000e+03
3.636363636363636465e-01,4.375000000000000000e-01,-3.249195742905972711e-02,-3.063337195699153970e-01,0.000000000000000000e+00,0.000000000000000000e+00,5.000000000000000000e+03
4.242424242424242542e-01,4.375000000000000000e-01,-3.772186319564143492e-02,-3.816485171020425615e-01,0.000000000000000000e+00,0.000000000000000000e+00,5.000000000000000000e+03
4.848484848484848619e-01,4.375000000000000000e-01,-4.239792677120930720e-02,-4.613978406400145449e-01,0.000000000000000000e+00,0.000000000000000000e+00,5.000000000000000000e+03
5.454545454545454142e-01,4.375000000000000000e-01,-4.631142868490171344e-02,-5.447671494325444508e-01,0.000000000000000000e+00,0.000000000000000000e+00,5.000000000000000000e+03
6.060606060606060774e-01,4.375000000000000000e-01,-4.925528601057926198e-02,-6.309318867866436920e-01,0.000000000000000000e+00,0.000000000000000000e+00,5.000000000000000000e+03
6.666666666666666297e-01,4.375000000000000000e-01,-5.103504244617180358e-02,-7.190216318914803839e-01,0.000000000000000000e+00,0.000000000000000000e+00,5.000000000000000000e+03
7.272727272727272929e-01,4.375000000000000000e-01,-5.149439677955094247e-02,-8.081016990834453129e-01,0.000000000000000000e+00,0.000000000000000000e+00,5.000000000000000000e+03
7.878787878787878451e-01,4.375000000000000000e-01,-5.055412917994572819e-02,-8.971784312653294791e-01,0.000000000000000000e+00,0.000000000000000000e+00,5.000000000000000000e+03
8.484848484848485084e-01,4.375000000000000000e-01,-4.825690145910829787e-02,-9.852321260596982322e-01,0.000000000000000000e+00,0.000000000000000000e+00,5.000000000000000000e+03
9.090909090909090606e-01,4.375000000000000000e-01,-4.480563921600554111e-02,-1.071279115296659201e+00,0.000000000000000000e+00,0.000000000000000000e+00,5.000000000000000000e+03
9.696969696969697239e-01,4.375000000000000000e-01,-4.057995736670899634e-02,-1.154463020948569563e+00,0.000000000000000000e+00,0.000000000000000000e+00,5.000000000000000000e+03
1.030303030303030276e+00,4.375000000000000000e-01,-3.614807765501595188e-02,-1.234107490097884785e+00,0.000000000000000000e+00,0.000000000000000000e+00,5.000000000000000000e+03
1.090909090909090828e+00,4.375000000000000000e-01,-3.206321753693134463e-02,-1.310176526261028096e+00,0.000000000000000000e+00,0.000000000000000000e+00,5.000000000000000000e+03
1.151515151515151603e+00,4.375000000000000000e-01,-2.868925093323899944e-02,-1.383126285545581480e+00,0.000000000000000000e+00,0.000000000000000000e+00,5.000000000000000000e+03
1.212121212121212155e+00,4.375000000000000000e-01,-2.617001531007549092e-02,-1.453602549873850736e+00,0.000000000000000000e+00,0.000000000000000000e+00,5.000000000000000000e+03
1.272727272727272707e+00,4.375000000000000000e-01,-2.448224394057870595e-02,-1.522236869491959244e+00,0.000000000000000000e+00,0.000000000000000000e+00,5.000000000000000000e+03
1.333333333333333259e+00,4.375000000000000000e-01,-2.350620253207228241e-02,-1.589557469506530429e+00,0.000000000000000000e+00,0.000000000000000000e+00,5.000000000000000000e+03
1.393939393939394034e+00,4.375000000000000000e-01,-2.308327557036115099e-02,-1.655970170773534811e+00,0.000000000000000000e+00,0.000000000000000000e+00,5.000000000000000000e+03
1.454545454545454586e+00,4.375000000000000000e-01,-2.305355004290229187e-02,-1.721771128632258341e+00,0.000000000000000000e+00,0.000000000000000000e+00,5.000000000000000000e+03
1.515151515151515138e+00,4.375000000000000000e-01,-2.327630015257284649e-02,-1.787169580539498259e+00,0.000000000000000000e+00,0.000000000000000000e+00,5.000000000000000000e+03
1.575757575757575690e+00,4.375000000000000000e-01,-2.363865003954982585e-02,-1.852310522022865502e+00,0.000000000000000000e+00,0.000000000000000000e+00,5.000000000000000000e+03
1.636363636363636465e+00,4.375000000000000000e-01,-2.405715981142939747e-02,-1.917293673404538046e+00,0.000000000000000000e+00,0.000000000000000000e+00,5.000000000000000000e+03
1.696969696969697017e+00,4.375000000000000000e-01,-2.447581575384179600e-02,-1.982188158641360332e+00,0.000000000000000000e+00,0.000000000000000000e+00,5.000000000000000000e+03
1.757575757575757569e+00,4.375000000000000000e-01,-2.486273503373755481e-02,-2.047043597449550667e+00,0.000000000000000000e+00,0.000000000000000000e+00,5.000000000000000000e+03
1.818181818181818121e+00,4.375000000000000000e-01,-2.520705236247235484e-02,-2.111898792220425314e+00,0.000000000000000000e+00,0.000000000000000000e+00,5.000000000000000000e+03
1.878787878787878896e+00,4.375000000000000000e-01,-2.551695688282961880e-02,-2.176789394777998599e+00,0.000000000000000000e+00,0.000000000000000000e+00,5.000000000000000000e+03
1.939393939393939448e+00,4.375000000000000000e-01,-2.581965420448072493e-02,-2.241756091863448486e+00,0.000000000000000000e+00,0.000000000000000000e+00,5.000000000000000000e+03
2.000000000000000000e+00,4.375000000000000000e-01,-2.616411260530106253e-02,-2.306854928617948719e+00,0.000000000000000000e+00,0.000000000000000000e+00,5.000000000000000000e+03
0.000000000000000000e+00,5.000000000000000000e-01,0.000000000000000000e+00,0.000000000000000000e+00,1.000000000000000000e+00,0.000000000000000000e+00,5.000000000000000000e+03
6.060606060606060774e-02,5.000000000000000000e-01,-4.722326696166059259e-04,-2.828932714052047326e-02,0.000000000000000000e+00,0.000000000000000000e+00,5.000000000000000000e+03
1.212121212121212155e-01,5.000000000000000000e-01,-1.067534993843296046e-03,-6.688394064935448968e-02,0.000000000000000000e+00,0.000000000000000000e+00,5.000000000000000000e+03
1.818181818181818232e-01,5.000000000000000000e-01,-1.771769530301045776e-03,-1.149093399573465207e-01,0.000000000000000000e+00,0.000000000000000000e+00,5.000000000000000000e+03
2.424242424242424310e-01,5.000000000000000000e-01,-2.585048273653692101e-03,-1.713288234564628865e-01,0.000000000000000000e+00,0.000000000000000000e+00,5.000000000000000000e+03
3.030303030303030387e-01,5.000000000000000000e-01,-3.491028553676116860e-03,-2.351022475770398468e-01,0.000000000000000000e+00,0.000000000000000000e+00,5.000000000000000000e+03
3.636363636363636465e-01,5.000000000000000000e-01,-4.438272204999749865e-03,-3.052597456277925114e-01,0.000000000000000000e+00,0.000000000000000000e+00,5.000000000000000000e+03
4.242424242424242542e-01,5.000000000000000000e-01,-5.332479677684242268e-03,-3.809189038775694369e-01,0.000000000000000000e+00,0.000000000000000000e+00,5.000000000000000000e+03
4.848484848484848619e-01,5.000000000000000000e-01,-6.033037593346828910e-03,-4.612657634947483487e-01,0.000000000000000000e+00,0.000000000000000000e+00,5.000000000000000000e+03
5.454545454545454142e-01,5.000000000000000000e-01,-6.350484385760950083e-03,-5.455133916293177787e-01,0.000000000000000000e+00,0.000000000000000000e+00,5.000000000000000000e+03
6.060606060606060774e-01,5.000000000000000000e-01,-6.048426466562102297e-03,-6.328492248390598096e-01,0.000000000000000000e+00,0.000000000000000000e+00,5.000000000000000000e+03
6.666666666666666297e-01,5.000000000000000000e-01,-4.859187224266853407e-03,-7.223832103019953710e-01,0.000000000000000000e+00,0.000000000000000000e+00,5.000000000000000000e+03
7.272727272727272929e-01,5.000000000000000000e-01,-2.522483474846618032e-03,-8.131106972584480896e-01,0.000000000000000000e+00,0.000000000000000000e+00,5.000000000000000000e+03
7.878787878787878451e-01,5.000000000000000000e-01,1.150791065052285790e-03,-9.039041160709725409e-01,0.000000000000000000e+00,0.000000000000000000e+00,5.000000000000000000e+03
8.484848484848485084e-01,5.000000000000000000e-01,6.198810527886997913e-03,-9.935443684373431728e-01,0.000000000000000000e+00,0.000000000000000000e+00,5.000000000000000000e+03
9.090909090909090606e-01,5.000000000000000000e-01,1.243227837909544053e-02,-1.080797983182213207e+00,0.000000000000000000e+00,0.000000000000000000e+00,5.000000000000000000e+03
9.696969696969697239e-01,5.000000000000000000e-01,1.938747217203565937e-02,-1.164544069505157209e+00,0.000000000000000000e+00,0.000000000000000000e+00,5.000000000000000000e+03
1.030303030303030276e+00,5.000000000000000000e-01,2.625117038085425861e-02,-1.243786949705164568e+00,0.000000000000000000e+00,0.000000000000000000e+00,5.000000000000000000e+03
1.090909090909090828e+00,5.000000000000000000e-01,3.226892460205631197e-02,-1.318678386062551056e+00,0.000000000000000000e+00,0.000000000000000000e+00,5.000000000000000000e+03
1.151515151515151603e+00,5.000000000000000000e-01,3.702711171474892121e-02,-1.390062392733586671e+00,0.000000000000000000e+00,0.000000000000000000e+00,5.000000000000000000e+03
1.212121212121212155e+00,5.000000000000000000e-01,4.044607170805794571e-02,-1.458917255648481959e+00,0.000000000000000000e+00,0.000000000000000000e+00,5.000000000000000000e+03
1.272727272727272707e+00,5.000000000000000000e-01,4.266027017605577426e-02,-1.526080154417062129e+00,0.000000000000000000e+00,0.000000000000000000e+00,5.000000000000000000e+03
1.333333333333333259e+00,5.000000000000000000e-01,4.390215228568764699e-02,-1.592174384488759253e+00,0.000000000000000000e+00,0.000000000000000000e+00,5.000000000000000000e+03
1.393939393939394034e+00,5.000000000000000000e-01,4.442380986907903950e-02,-1.657627267859678621e+00,0.000000000000000000e+00,0.000000000000000000e+00,5.000000000000000000e+03
1.454545454545454586e+00,5.000000000000000000e-01,4.445431340130508863e-02,-1.722715170856824685e+00,0.000000000000000000e+00,0.000000000000000000e+00,5.000000000000000000e+03
1.515151515151515138e+00,5.000000000000000000e-01,4.418159116747719800e-02,-1.787608390146038229e+00,0.000000000000000000e+00,0.000000000000000000e+00,5.000000000000000000e+03
1.575757575757575690e+00,5.000000000000000000e-01,4.374862268919713776e-02,-1.852407090034459802e+00,0.000000000000000000e+00,0.000000000000000000e+00,5.000000000000000000e+03
1.636363636363636465e+00,5.000000000000000000e-01,4.325677831623111341e-02,-1.917167258647044514e+00,0.000000000000000000e+00,0.000000000000000000e+00,5.000000000000000000e+03
1.696969696969697017e+00,5.000000000000000000e-01,4.277187931030097118e-02,-1.981918357391552421e+00,0.000000000000000000e+00,0.000000000000000000e+00,5.000000000000000000e+03
1.757575757575757569e+00,5.000000000000000000e-01,4.233044300015904871e-02,-2.046674922146364928e+00,0.000000000000000000e+00,0.000000000000000000e+00,5.000000000000000000e+03
1.818181818181818121e+00,5.000000000000000000e-01,4.194468946747842431e-02,-2.111444224391939795e+00,0.000000000000000000e+00,0.000000000000000000e+00,5.000000000000000000e+03
1.878787878787878896e+00,5.000000000000000000e-01,4.160541773372337243e-02,-2.176231814314752544e+00,0.000000000000000000e+00,0.000000000000000000e+00,5.000000000000000000e+03
1.939393939393939448e+00,5.000000000000000000e-01,4.128199880849180159e-02,-2.241046546050514898e+00,0.000000000000000000e+00,0.000000000000000000e+00,5.000000000000000000e+03
2.000000000000000000e+00,5.000000000000000000e-01,4.091864762001457684e-02,-2.305906475393002530e+00,0.000000000000000000e+00,0.000000000000000000e+00,5.000000000000000000e+03
0.000000000000000000e+00,5.625000000000000000e-01,0.000000000000000000e+00,0.000000000000000000e+00,1.000000000000000000e+00,0.000000000000000000e+00,5.000000000000000000e+03
6.060606060606060774e-02,5.625000000000000000e-01,4.015659011713958344e-03,-2.814093835340907013e-02,0.000000000000000000e+00,0.000000000000000000e+00,5.000000000000000000e+03
1.212121212121212155e-01,5.625000000000000000e-01,8.089797247534705540e-03,-6.679982415572895127e-02,0.000000000000000000e+00,0.000000000000000000e+00,5.000000000000000000e+03
1.818181818181818232e-01,5.625000000000000000e-01,1.222943358901342446e-02,-1.149618445017802637e-01,0.000000000000000000e+00,0.000000000000000000e+00,5.000000000000000000e+03
2.424242424242424310e-01,5.625000000000000000e-01,1.633766868082053847e-02,-1.715253104991085464e-01,0.000000000000000000e+00,0.000000000000000000e+00,5.000000000000000000e+03
3.030303030303030387e-01,5.625000000000000000e-01,2.029572671042059739e-02,-2.354538731844656729e-01,0.000000000000000000e+00,0.000000000000000000e+00,5.000000000000000000e+03
3.636363636363636465e-01,5.625000000000000000e-01,2.401824180426807495e-02,-3.058242946150343533e-01,0.000000000000000000e+00,0.000000000000000000e+00,5.000000000000000000e+03
4.242424242424242542e-01,5.625000000000000000e-01,2.748355196173769832e-02,-3.818230510206240824e-01,0.000000000000000000e+00,0.000000000000000000e+00,5.000000000000000000e+03
4.848484848484848619e-01,5.625000000000000000e-01,3.075055631757230706e-02,-4.627156885284630095e-01,0.000000000000000000e+00,0.000000000000000000e+00,5.000000000000000000e+03
5.454545454545454142e-01,5.625000000000000000e-01,3.397111350533312674e-02,-5.477968273208797534e-01,0.000000000000000000e+00,0.000000000000000000e+00,5.000000000000000000e+03
6.060606060606060774e-01,5.625000000000000000e-01,3.739859873672957830e-02,-6.363229407995465436e-01,0.000000000000000000e+00,0.000000000000000000e+00,5.000000000000000000e+03
6.666666666666666297e-01,5.625000000000000000e-01,4.138120017828049446e-02,-7.274338768068986383e-01,0.000000000000000000e+00,0.000000000000000000e+00,5.000000000000000000e+03
7.272727272727272929e-01,5.625000000000000000e-01,4.631967708066809380e-02,-8.200804884975895215e-01,0.000000000000000000e+00,0.000000000000000000e+00,5.000000000000000000e+03
7.878787878787878451e-01,5.625000000000000000e-01,5.257513757802177029e-02,-9.129851790249741139e-01,0.000000000000000000e+00,0.000000000000000000e+00,5.000000000000000000e+03
8.484848484848485084e-01,5.625000000000000000e-01,6.033399633075769986e-02,-1.004660663527502384e+00,0.000000000000000000e+00,0.000000000000000000e+00,5.000000000000000000e+03
9.090909090909090606e-01,5.625000000000000000e-01,6.946112437318258115e-02,-1.093502052306237760e+00,0.000000000000000000e+00,0.000000000000000000e+00,5.000000000000000000e+03
9.696969696969697239e-01,5.625000000000000000e-01,7.938870557862563737e-02,-1.177963307899660084e+00,0.000000000000000000e+00,0.000000000000000000e+00,5.000000000000000000e+03
1.030303030303030276e+00,5.625000000000000000e-01,8.887143798865991540e-02,-1.256406037536053732e+00,0.000000000000000000e+00,0.000000000000000000e+00,5.000000000000000000e+03
1.090909090909090828e+00,5.625000000000000000e-01,9.684896856789118602e-02,-1.329427857185824902e+00,0.000000000000000000e+00,0.000000000000000000e+00,5.000000000000000000e+03
1.151515151515151603e+00,5.625000000000000000e-01,1.028832373719464621e-01,-1.398544775357017489e+00,0.000000000000000000e+00,0.000000000000000000e+00,5.000000000000000000e+03
1.212121212121212155e+00,5.625000000000000000e-01,1.070298053487771794e-01,-1.465206794791415801e+00,0.000000000000000000e+00,0.000000000000000000e+00,5.000000000000000000e+03
1.272727272727272707e+00,5.625000000000000000e-01,1.095952293228924651e-01,-1.530487247691404651e+00,0.000000000000000000e+00,0.000000000000000000e+00,5.000000000000000000e+03
1.333333333333333259e+00,5.625000000000000000e-01,1.109598577527859398e-01,-1.595084322787641451e+00,0.000000000000000000e+00,0.000000000000000000e+00,5.000000000000000000e+03
1.393939393939394034e+00,5.625000000000000000e-01,1.114821663090961729e-01,-1.659411908891705867e+00,0.000000000000000000e+00,0.000000000000000000e+00,5.000000000000000000e+03
1.454545454545454586e+00,5.625000000000000000e-01,1.114591315491902657e-01,-1.723693317541431735e+00,0.000000000000000000e+00,0.000000000000000000e+00,5.000000000000000000e+03
1.515151515151515138e+00,5.625000000000000000e-01,1.111176160279119252e-01,-1.788033786093169875e+00,0.000000000000000000e+00,0.000000000000000000e+00,5.000000000000000000e+03
1.575757575757575690e+00,5.625000000000000000e-01,1.106202210504712569e-01,-1.852470165709181993e+00,0.000000000000000000e+00,0.000000000000000000e+00,5.000000000000000000e+03
1.636363636363636465e+00,5.625000000000000000e-01,1.100762701970389307e-01,-1.917002533473616710e+00,0.000000000000000000e+00,0.000000000000000000e+00,5.000000000000000000e+03
1.696969696969697017e+00,5.625000000000000000e-01,1.095532045671589738e-01,-1.981613099312728110e+00,0.000000000000000000e+00,0.000000000000000000e+00,5.000000000000000000e+03
1.757575757575757569e+00,5.625000000000000000e-01,1.090862501160110576e-01,-2.046276759182836358e+00,0.000000000000000000e+00,0.000000000000000000e+00,5.000000000000000000e+03
1.818181818181818121e+00,5.625000000000000000e-01,1.086854585778035120e-01,-2.110966425698619808e+00,0.000000000000000000e+00,0.000000000000000000e+00,5.000000000000000000e+03
1.878787878787878896e+00,5.625000000000000000e-01,1.083396350638628214e-01,-2.175655309140450910e+00,0.000000000000000000e+00,0.000000000000000000e+00,5.000000000000000000e+03
1.939393939393939448e+00,5.625000000000000000e-01,1.080165918898160216e-01,-2.240317712540063955e+00,0.000000000000000000e+00,0.000000000000000000e+00,5.000000000000000000e+03
2.000000000000000000e+00,5.625000000000000000e-01,1.076588813093268399e-01,-2.304929553299382761e+00,0.000000000000000000e+00,0.000000000000000000e+00,5.000000000000000000e+03
0.000000000000000000e+00,6.250000000000000000e-01,0.000000000000000000e+00,0.000000000000000000e+00,1.000000000000000000e+00,0.000000000000000000e+00,5.000000000000000000e+03
6.060606060606060774e-02,6.250000000000000000e-01,8.749499337370640964e-03,-2.828235223009026994e-02,0.000000000000000000e+00,0.000000000000000000e+00,5.000000000000000000e+03
1.212121212121212155e-01,6.250000000000000000e-01,1.779991067890368886e-02,-6.744928210321320117e-02,0.000000000000000000e+00,0.000000000000000000e+00,5.000000000000000000e+03
1.818181818181818232e-01,6.250000000000000000e-01,2.710195821416909803e-02,-1.161649801317377745e-01,0.000000000000000000e+00,0.000000000000000000e+00,5.000000000000000000e+03
2.424242424242424310e-01,6.250000000000000000e-01,3.642165282558366274e-02,-1.731770882416567847e-01,0.000000000000000000e+00,0.000000000000000000e+00,5.000000000000000000e+03
3.030303030303030387e-01,6.250000000000000000e-01,4.548573653647442622e-02,-2.374288939820243249e-01,0.000000000000000000e+00,0.000000000000000000e+00,5.000000000000000000e+03
3.636363636363636465e-01,6.250000000000000000e-01,5.406651069567809664e-02,-3.080526319779818833e-01,0.000000000000000000e+00,0.000000000000000000e+00,5.000000000000000000e+03
4.242424242424242542e-01,6.250000000000000000e-01,6.202287599155797276e-02,-3.843306016585352203e-01,0.000000000000000000e+00,0.000000000000000000e+00,5.000000000000000000e+03
4.848484848484848619e-01,6.250000000000000000e-01,6.932129805505302111e-02,-4.656478901354367816e-01,0.000000000000000000e+00,0.000000000000000000e+00,5.000000000000000000e+03
5.454545454545454142e-01,6.250000000000000000e-01,7.605441201485170499e-02,-5.514355283048341105e-01,0.000000000000000000e+00,0.000000000000000000e+00,5.000000000000000000e+03
6.060606060606060774e-01,6.250000000000000000e-01,8.246574799430204938e-02,-6.410922884526111254e-01,0.000000000000000000e+00,0.000000000000000000e+00,5.000000000000000000e+03
6.666666666666666297e-01,6.250000000000000000e-01,8.897323706300315493e-02,-7.338726657566350120e-01,0.000000000000000000e+00,0.000000000000000000e+00,5.000000000000000000e+03
7.272727272727272929e-01,6.250000000000000000e-01,9.615424696419565265e-02,-8.287509696216415200e-01,0.000000000000000000e+00,0.000000000000000000e+00,5.000000000000000000e+03
7.878787878787878451e-01,6.250000000000000000e-01,1.046384800666748105e-01,-9.243091945997117254e-01,0.000000000000000000e+00,0.000000000000000000e+00,5.000000000000000000e+03
8.484848484848485084e-01,6.250000000000000000e-01,1.148910140980567707e-01,-1.018710175818810848e+00,0.000000000000000000e+00,0.000000000000000000e+00,5.000000000000000000e+03
9.090909090909090606e-01,6.250000000000000000e-01,1.269333030064215828e-01,-1.109794449377467407e+00,0.000000000000000000e+00,0.000000000000000000e+00,5.000000000000000000e+03
9.696969696969697239e-01,6.250000000000000000e-01,1.400964682054825217e-01,-1.195323158098642535e+00,0.000000000000000000e+00,0.000000000000000000e+00,5.000000000000000000e+03
1.030303030303030276e+00,6.250000000000000000e-01,1.523408874000263813e-01,-1.272314312962931071e+00,0.000000000000000000e+00,0.000000000000000000e+00,5.000000000000000000e+03
1.090909090909090828e+00,6.250000000000000000e-01,1.621577757239433260e-01,-1.342448772107179611e+00,0.000000000000000000e+00,0.000000000000000000e+00,5.000000000000000000e+03
1.151515151515151603e+00,6.250000000000000000e-01,1.691780385200815084e-01,-1.408389482175911089e+00,0.000000000000000000e+00,0.000000000000000000e+00,5.000000000000000000e+03
1.212121212121212155e+00,6.250000000000000000e-01,1.737221499511313605e-01,-1.472208159806935868e+00,0.000000000000000000e+00,0.000000000000000000e+00,5.000000000000000000e+03
1.272727272727272707e+00,6.250000000000000000e-01,1.763528886473163249e-01,-1.535200158655879443e+00,0.000000000000000000e+00,0.000000000000000000e+00,5.000000000000000000e+03
1.333333333333333259e+00,6.250000000000000000e-01,1.776328462477214931e-01,-1.598074840806350094e+00,0.000000000000000000e+00,0.000000000000000000e+00,5.000000000000000000e+03
1.393939393939394034e+00,6.250000000000000000e-01,1.780288662136028099e-01,-1.661168936145224428e+00,0.000000000000000000e+00,0.000000000000000000e+00,5.000000000000000000e+03
1.454545454545454586e+00,6.250000000000000000e-01,1.778921084883923198e-01,-1.724604041802623833e+00,0.000000000000000000e+00,0.000000000000000000e+00,5.000000000000000000e+03
1.515151515151515138e+00,6.250000000000000000e-01,1.774697935833160489e-01,-1.788387781353553363e+00,0.000000000000000000e+00,0.000000000000000000e+00,5.000000000000000000e+03
1.575757575757575690e+00,6.250000000000000000e-01,1.769264548385445501e-01,-1.852473885807409015e+00,0.000000000000000000e+00,0.000000000000000000e+00,5.000000000000000000e+03
1.636363636363636465e+00,6.250000000000000000e-01,1.763649613232639024e-01,-1.916795557901603164e+00,0.000000000000000000e+00,0.000000000000000000e+00,5.000000000000000000e+03
1.696969696969697017e+00,6.250000000000000000e-01,1.758437993517225906e-01,-1.981282457965284571e+00,0.000000000000000000e+00,0.000000000000000000e+00,5.000000000000000000e+03
1.757575757575757569e+00,6.250000000000000000e-01,1.753898946798461422e-01,-2.045867983887839969e+00,0.000000000000000000e+00,0.000000000000000000e+00,5.000000000000000000e+03
1.818181818181818121e+00,6.250000000000000000e-01,1.750072626774638596e-01,-2.110490832174241049e+00,0.000000000000000000e+00,0.000000000000000000e+00,5.000000000000000000e+03
1.878787878787878896e+00,6.250000000000000000e-01,1.746818185008263413e-01,-2.175093056234933098e+00,0.000000000000000000e+00,0.000000000000000000e+00,5.000000000000000000e+03
1.939393939393939448e+00,6.250000000000000000e-01,1.743821781413218142e-01,-2.239615821084388614e+00,0.000000000000000000e+00,0.000000000000000000e+00,5.000000000000000000e+03
2.000000000000000000e+00,6.250000000000000000e-01,1.740555293922475544e-01,-2.303993628200016630e+00,0.000000000000000000e+00,0.000000000000000000e+00,5.000000000000000000e+03
0.000000000000000000e+00,6.875000000000000000e-01,0.000000000000000000e+00,0.000000000000000000e+00,1.000000000000000000e+00,0.000000000000000000e+00,5.000000000000000000e+03
6.060606060606060774e-02,6.875000000000000000e-01,1.393164285856363094e-02,-2.889782621164440138e-02,0.000000000000000000e+00,0.000000000000000000e+00,5.000000000000000000e+03
1.212121212121212155e-01,6.875000000000000000e-01,2.851513544196050340e-02,-6.914000022027869119e-02,0.000000000000000000e+00,0.000000000000000000e+00,5.000000000000000000e+03
1.818181818181818232e-01,6.875000000000000000e-01,4.354582272682538252e-02,-1.188539764174389723e-01,0.000000000000000000e+00,0.000000000000000000e+00,5.000000000000000000e+03
2.424242424242424310e-01,6.875000000000000000e-01,5.858198127235019620e-02,-1.765823415990839529e-01,0.000000000000000000e+00,0.000000000000000000e+00,5.000000000000000000e+03
3.030303030303030387e-01,6.875000000000000000e-01,7.316830798127371693e-02,-2.412581685737585635e-01,0.000000000000000000e+00,0.000000000000000000e+00,5.000000000000000000e+03
3.636363636363636465e-01,6.875000000000000000e-01,8.693448056878048946e-02,-3.120967307429934889e-01,0.000000000000000000e+00,0.000000000000000000e+00,5.000000000000000000e+03
4.242424242424242542e-01,6.875000000000000000e-01,9.962739526106464960e-02,-3.885058076632292856e-01,0.000000000000000000e+00,0.000000000000000000e+00,5.000000000000000000e+03
4.848484848484848619e-01,6.875000000000000000e-01,1.111201371890087886e-01,-4.700219202100185401e-01,0.000000000000000000e+00,0.000000000000000000e+00,5.000000000000000000e+03
5.454545454545454142e-01,6.875000000000000000e-01,1.214246546858707559e-01,-5.562568012715290999e-01,0.000000000000000000e+00,0.000000000000000000e+00,5.000000000000000000e+03
6.060606060606060774e-01,6.875000000000000000e-01,1.307263216361616576e-01,-6.468277999584455262e-01,0.000000000000000000e+00,0.000000000000000000e+00,5.000000000000000000e+03
6.666666666666666297e-01,6.875000000000000000e-01,1.394502253594464003e-01,-7.412324957972907802e-01,0.000000000000000000e+00,0.000000000000000000e+00,5.000000000000000000e+03
7.272727272727272929e-01,6.875000000000000000e-01,1.483379031598267561e-01,-8.386241726827790011e-01,0.000000000000000000e+00,0.000000000000000000e+00,5.000000000000000000e+03
7.878787878787878451e-01,6.875000000000000000e-01,1.584061104715663859e-01,-9.375360839829719461e-01,0.000000000000000000e+00,0.000000000000000000e+00,5.000000000000000000e+03
8.484848484848485084e-01,6.875000000000000000e-01,1.706417365010256537e-01,-1.035711613945886622e+00,0.000000000000000000e+00,0.000000000000000000e+00,5.000000000000000000e+03
9.090909090909090606e-01,6.875000000000000000e-01,1.854689922164766691e-01,-1.130164333409598321e+00,0.000000000000000000e+00,0.000000000000000000e+00,5.000000000000000000e+03
9.696969696969697239e-01,6.875000000000000000e-01,2.022046504585799098e-01,-1.217511714027099679e+00,0.000000000000000000e+00,0.000000000000000000e+00,5.000000000000000000e+03
1.030303030303030276e+00,6.875000000000000000e-01,2.172806714051807586e-01,-1.291868922809889408e+00,0.000000000000000000e+00,0.000000000000000000e+00,5.000000000000000000e+03
1.090909090909090828e+00,6.875000000000000000e-01,2.285794494009878997e-01,-1.357586084537337534e+00,0.000000000000000000e+00,0.000000000000000000e+00,5.000000000000000000e+03
1.151515151515151603e+00,6.875000000000000000e-01,2.360468513678288527e-01,-1.419202213534597412e+00,0.000000000000000000e+00,0.000000000000000000e+00,5.000000000000000000e+03
1.212121212121212155e+00,6.875000000000000000e-01,2.404826253416098292e-01,-1.479492506125937190e+00,0.000000000000000000e+00,0.000000000000000000e+00,5.000000000000000000e+03
1.272727272727272707e+00,6.875000000000000000e-01,2.428021477032660802e-01,-1.539855835981361221e+00,0.000000000000000000e+00,0.000000000000000000e+00,5.000000000000000000e+03
1.333333333333333259e+00,6.875000000000000000e-01,2.437646063037336164e-01,-1.600879347924178076e+00,0.000000000000000000e+00,0.000000000000000000e+00,5.000000000000000000e+03
1.393939393939394034e+00,6.875000000000000000e-01,2.439212652001741533e-01,-1.662723604227419605e+00,0.000000000000000000e+00,0.000000000000000000e+00,5.000000000000000000e+03
1.454545454545454586e+00,6.875000000000000000e-01,2.436426937675505444e-01,-1.725346226173068098e+00,0.000000000000000000e+00,0.000000000000000000e+00,5.000000000000000000e+03
1.515151515151515138e+00,6.875000000000000000e-01,2.431641134502163792e-01,-1.788622351859548099e+00,0.000000000000000000e+00,0.000000000000000000e+00,5.000000000000000000e+03
1.575757575757575690e+00,6.875000000000000000e-01,2.426267688313360482e-01,-1.852405390891465498e+00,0.000000000000000000e+00,0.000000000000000000e+00,5.000000000000000000e+03
1.636363636363636465e+00,6.875000000000000000e-01,2.421094876815213515e-01,-1.916554869376478454e+00,0.000000000000000000e+00,0.000000000000000000e+00,5.000000000000000000e+03
1.696969696969697017e+00,6.875000000000000000e-01,2.416506456709369421e-01,-1.980946782501736392e+00,0.000000000000000000e+00,0.000000000000000000e+00,5.000000000000000000e+03
1.757575757575757569e+00,6.875000000000000000e-01,2.412625352863278227e-01,-2.045474908115749280e+00,0.000000000000000000e+00,0.000000000000000000e+00,5.000000000000000000e+03
1.818181818181818121e+00,6.875000000000000000e-01,2.409402710382521906e-01,-2.110047335597770690e+00,0.000000000000000000e+00,0.000000000000000000e+00,5.000000000000000000e+03
1.878787878787878896e+00,6.875000000000000000e-01,2.406668004163264873e-01,-2.174579896494831299e+00,0.000000000000000000e+00,0.000000000000000000e+00,5.000000000000000000e+03
1.939393939393939448e+00,6.875000000000000000e-01,2.404145222527112880e-01,-2.238986727461049320e+00,0.000000000000000000e+00,0.000000000000000000e+00,5.000000000000000000e+03
2.000000000000000000e+00,6.875000000000000000e-01,2.401425377034596964e-01,-2.303167671287195351e+00,0.000000000000000000e+00,0.000000000000000000e+00,5.000000000000000000e+03
0.000000000000000000e+00,7.500000000000000000e-01,0.000000000000000000e+00,0.000000000000000000e+00,1.000000000000000000e+00,0.000000000000000000e+00,5.000000000000000000e+03
6.060606060606060774e-02,7.500000000000000000e-01,1.984158355562039289e-02,-3.033489725602257076e-02,0.000000000000000000e+00,0.000000000000000000e+00,5.000000000000000000e+03
1.212121212121212155e-01,7.500000000000000000e-01,4.083278006031165752e-02,-7.240840753634994464e-02,0.000000000000000000e+00,0.000000000000000000e+00,5.000000000000000000e+03
1.818181818181818232e-01,7.500000000000000000e-01,6.242828812796536592e-02,-1.235815036407767048e-01,0.000000000000000000e+00,0.000000000000000000e+00,5.000000000000000000e+03
2.424242424242424310e-01,7.500000000000000000e-01,8.388259820009758005e-02,-1.822191520324319136e-01,0.000000000000000000e+00,0.000000000000000000e+00,5.000000000000000000e+03
3.030303030303030387e-01,7.500000000000000000e-01,1.045431325299938374e-01,-2.473159350863794181e-01,0.000000000000000000e+00,0.000000000000000000e+00,5.000000000000000000e+03
3.636363636363636465e-01,7.500000000000000000e-01,1.239220118704780493e-01,-3.182265743126973523e-01,0.000000000000000000e+00,0.000000000000000000e+00,5.000000000000000000e+03
4.242424242424242542e-01,7.500000000000000000e-01,1.416883159707144901e-01,-3.945175758742316408e-01,0.000000000000000000e+00,0.000000000000000000e+00,5.000000000000000000e+03
4.848484848484848619e-01,7.500000000000000000e-01,1.576443575512892770e-01,-4.758941695021143281e-01,0.000000000000000000e+00,0.000000000000000000e+00,5.000000000000000000e+03
5.454545454545454142e-01,7.500000000000000000e-01,1.717154313868096416e-01,-5.621649787352032135e-01,0.000000000000000000e+00,0.000000000000000000e+00,5.000000000000000000e+03
6.060606060606060774e-01,7.500000000000000000e-01,1.839741022327962550e-01,-6.532101451272650516e-01,0.000000000000000000e+00,0.000000000000000000e+00,5.000000000000000000e+03
6.666666666666666297e-01,7.500000000000000000e-01,1.947267265356888988e-01,-7.489011746860284591e-01,0.000000000000000000e+00,0.000000000000000000e+00,5.000000000000000000e+03
7.272727272727272929e-01,7.500000000000000000e-01,2.047008204627903949e-01,-8.488646891607594114e-01,0.000000000000000000e+00,0.000000000000000000e+00,5.000000000000000000e+03
7.878787878787878451e-01,7.500000000000000000e-01,2.153138648477512518e-01,-9.519140998696024036e-01,0.000000000000000000e+00,0.000000000000000000e+00,5.000000000000000000e+03
8.484848484848485084e-01,7.500000000000000000e-01,2.284834849344540009e-01,-1.055430340017358137e+00,0.000000000000000000e+00,0.000000000000000000e+00,5.000000000000000000e+03
9.090909090909090606e-01,7.500000000000000000e-01,2.456341784693177044e-01,-1.155213970739791041e+00,0.000000000000000000e+00,0.000000000000000000e+00,5.000000000000000000e+03
9.696969696969697239e-01,7.500000000000000000e-01,2.664292046139825620e-01,-1.245967512423560741e+00,0.000000000000000000e+00,0.000000000000000000e+00,5.000000000000000000e+03
1.030303030303030276e+00,7.500000000000000000e-01,2.842323536367284409e-01,-1.315355638155595086e+00,0.000000000000000000e+00,0.000000000000000000e+00,5.000000000000000000e+03
1.090909090909090828e+00,7.500000000000000000e-01,2.962477532624842591e-01,-1.374360702234903808e+00,0.000000000000000000e+00,0.000000000000000000e+00,5.000000000000000000e+03
1.151515151515151603e+00,7.500000000000000000e-01,3.032954454325965110e-01,-1.430298113175079822e+00,0.000000000000000000e+00,0.000000000000000000e+00,5.000000000000000000e+03
1.212121212121212155e+00,7.500000000000000000e-01,3.069591099901540221e-01,-1.486453779164165656e+00,0.000000000000000000e+00,0.000000000000000000e+00,5.000000000000000000e+03
1.272727272727272707e+00,7.500000000000000000e-01,3.085700326441525587e-01,-1.544014509559763715e+00,0.000000000000000000e+00,0.000000000000000000e+00,5.000000000000000000e+03
1.333333333333333259e+00,7.500000000000000000e-01,3.090389173243313081e-01,-1.603219587753981878e+00,0.000000000000000000e+00,0.000000000000000000e+00,5.000000000000000000e+03
1.393939393939394034e+00,7.500000000000000000e-01,3.089296332875452467e-01,-1.663923095034449906e+00,0.000000000000000000e+00,0.000000000000000000e+00,5.000000000000000000e+03
1.454545454545454586e+00,7.500000000000000000e-01,3.085682144625331857e-01,-1.725853034773299655e+00,0.000000000000000000e+00,0.000000000000000000e+00,5.000000000000000000e+03
1.515151515151515138e+00,7.500000000000000000e-01,3.081315075596784969e-01,-1.788724068415264989e+00,0.000000000000000000e+00,0.000000000000000000e+00,5.000000000000000000e+03
1.575757575757575690e+00,7.500000000000000000e-01,3.077079132586513777e-01,-1.852281121227571159e+00,0.000000000000000000e+00,0.000000000000000000e+00,5.000000000000000000e+03
1.636363636363636465e+00,7.500000000000000000e-01,3.073355136403405630e-01,-1.916311272920353304e+00,0.000000000000000000e+00,0.000000000000000000e+00,5.000000000000000000e+03
1.696969696969697017e+00,7.500000000000000000e-01,3.070245723692306417e-01,-1.980641892056422382e+00,0.000000000000000000e+00,0.000000000000000000e+00,5.000000000000000000e+03
1.757575757575757569e+00,7.500000000000000000e-01,3.067701033157936852e-01,-2.045133401503240744e+00,0.000000000000000000e+00,0.000000000000000000e+00,5.000000000000000000e+03
1.818181818181818121e+00,7.500000000000000000e-01,3.065586119033336665e-01,-2.109670152195724402e+00,0.000000000000000000e+00,0.000000000000000000e+00,5.000000000000000000e+03
1.878787878787878896e+00,7.500000000000000000e-01,3.063719339105158146e-01,-2.174149919799032826e+00,0.000000000000000000e+00,0.000000000000000000e+00,5.000000000000000000e+03
1.939393939393939448e+00,7.500000000000000000e-01,3.061898095680175014e-01,-2.238470512619359365e+00,0.000000000000000000e+00,0.000000000000000000e+00,5.000000000000000000e+03
2.000000000000000000e+00,7.500000000000000000e-01,3.059905889273387691e-01,-2.302511074383253753e+00,0.000000000000000000e+00,0.000000000000000000e+00,5.000000000000000000e+03
0.000000000000000000e+00,8.125000000000000000e-01,0.000000000000000000e+00,0.000000000000000000e+00,1.000000000000000000e+00,0.000000000000000000e+00,5.000000000000000000e+03
6.060606060606060774e-02,8.125000000000000000e-01,2.693744239949615385e-02,-3.322703554120480518e-02,0.000000000000000000e+00,0.000000000000000000e+00,5.000000000000000000e+03
1.212121212121212155e-01,8.125000000000000000e-01,5.565378197569860463e-02,-7.810296715421938263e-02,0.000000000000000000e+00,0.000000000000000000e+00,5.000000000000000000e+03
1.818181818181818232e-01,8.125000000000000000e-01,8.493611552515563379e-02,-1.311316750130105124e-01,0.000000000000000000e+00,0.000000000000000000e+00,5.000000000000000000e+03
2.424242424242424310e-01,8.125000000000000000e-01,1.136477669890713360e-01,-1.907148963186303392e-01,0.000000000000000000e+00,0.000000000000000000e+00,5.000000000000000000e+03
3.030303030303030387e-01,8.125000000000000000e-01,1.409813744710362582e-01,-2.560737786355699042e-01,0.000000000000000000e+00,0.000000000000000000e+00,5.000000000000000000e+03
3.636363636363636465e-01,8.125000000000000000e-01,1.664135957896216156e-01,-3.267906674020040203e-01,0.000000000000000000e+00,0.000000000000000000e+00,5.000000000000000000e+03
4.242424242424242542e-01,8.125000000000000000e-01,1.896153483348410329e-01,-4.026230914155917717e-01,0.000000000000000000e+00,0.000000000000000000e+00,5.000000000000000000e+03
4.848484848484848619e-01,8.125000000000000000e-01,2.103784551985666829e-01,-4.834413079328526708e-01,0.000000000000000000e+00,0.000000000000000000e+00,5.000000000000000000e+03
5.454545454545454142e-01,8.125000000000000000e-01,2.285715350382474531e-01,-5.692261510693645832e-01,0.000000000000000000e+00,0.000000000000000000e+00,5.000000000000000000e+03
6.060606060606060774e-01,8.125000000000000000e-01,2.441330499712958124e-01,-6.600951777767436468e-01,0.000000000000000000e+00,0.000000000000000000e+00,5.000000000000000000e+03
6.666666666666666297e-01,8.125000000000000000e-01,2.571263801657818204e-01,-7.563247205048067023e-01,0.000000000000000000e+00,0.000000000000000000e+00,5.000000000000000000e+03
7.272727272727272929e-01,8.125000000000000000e-01,2.679309801426382198e-01,-8.582797342788726080e-01,0.000000000000000000e+00,0.000000000000000000e+00,5.000000000000000000e+03
7.878787878787878451e-01,8.125000000000000000e-01,2.777621929805665357e-01,-9.659295921439735588e-01,0.000000000000000000e+00,0.000000000000000000e+00,5.000000000000000000e+03
8.484848484848485084e-01,8.125000000000000000e-01,2.897878037460480116e-01,-1.076988587287607269e+00,0.000000000000000000e+00,0.000000000000000000e+00,5.000000000000000000e+03
9.090909090909090606e-01,8.125000000000000000e-01,3.079196792177950059e-01,-1.185612972609219495e+00,0.000000000000000000e+00,0.000000000000000000e+00,5.000000000000000000e+03
9.696969696969697239e-01,8.125000000000000000e-01,3.334657793199581888e-01,-1.283203463478047368e+00,0.000000000000000000e+00,0.000000000000000000e+00,5.000000000000000000e+03
1.030303030303030276e+00,8.125000000000000000e-01,3.534225370726617466e-01,-1.342727829199565681e+00,0.000000000000000000e+00,0.000000000000000000e+00,5.000000000000000000e+03
1.090909090909090828e+00,8.125000000000000000e-01,3.646944379880038833e-01,-1.391726384213465728e+00,0.000000000000000000e+00,0.000000000000000000e+00,5.000000000000000000e+03
1.151515151515151603e+00,8.125000000000000000e-01,3.700995237664812532e-01,-1.440635472375700443e+00,0.000000000000000000e+00,0.000000000000000000e+00,5.000000000000000000e+03
1.212121212121212155e+00,8.125000000000000000e-01,3.723034063115196468e-01,-1.492353640244841850e+00,0.000000000000000000e+00,0.000000000000000000e+00,5.000000000000000000e+03
1.272727272727272707e+00,8.125000000000000000e-01,3.729637222323688439e-01,-1.547243401324174261e+00,0.000000000000000000e+00,0.000000000000000000e+00,5.000000000000000000e+03
1.333333333333333259e+00,8.125000000000000000e-01,3.729732950530469382e-01,-1.604887401873409170e+00,0.000000000000000000e+00,0.000000000000000000e+00,5.000000000000000000e+03
1.393939393939394034e+00,8.125000000000000000e-01,3.727680512463496521e-01,-1.664700417330052584e+00,0.000000000000000000e+00,0.000000000000000000e+00,5.000000000000000000e+03
1.454545454545454586e+00,8.125000000000000000e-01,3.725381306592748798e-01,-1.726135469215179130e+00,0.000000000000000000e+00,0.000000000000000000e+00,5.000000000000000000e+03
1.515151515151515138e+00,8.125000000000000000e-01,3.723514637828695961e-01,-1.788740473310231893e+00,0.000000000000000000e+00,0.000000000000000000e+00,5.000000000000000000e+03
1.575757575757575690e+00,8.125000000000000000e-01,3.722203277979529434e-01,-1.852160650202147929e+00,0.000000000000000000e+00,0.000000000000000000e+00,5.000000000000000000e+03
1.636363636363636465e+00,8.125000000000000000e-01,3.721347983171808260e-01,-1.916123416241698463e+00,0.000000000000000000e+00,0.000000000000000000e+00,5.000000000000000000e+03
1.696969696969697017e+00,8.125000000000000000e-01,3.720782030965315568e-01,-1.980419775365157564e+00,0.000000000000000000e+00,0.000000000000000000e+00,5.000000000000000000e+03
1.757575757575757569e+00,8.125000000000000000e-01,3.720333110937130150e-01,-2.044887170303714807e+00,0.000000000000000000e+00,0.000000000000000000e+00,5.000000000000000000e+03
1.818181818181818121e+00,8.125000000000000000e-01,3.719841895596743275e-01,-2.109395070785363036e+00,0.000000000000000000e+00,0.000000000000000000e+00,5.000000000000000000e+03
1.878787878787878896e+00,8.125000000000000000e-01,3.719169500600918998e-01,-2.173832626407918411e+00,0.000000000000000000e+00,0.000000000000000000e+00,5.000000000000000000e+03
1.939393939393939448e+00,8.125000000000000000e-01,3.718226661379734899e-01,-2.238094948944200357e+00,0.000000000000000000e+00,0.000000000000000000e+00,5.000000000000000000e+03
2.000000000000000000e+00,8.125000000000000000e-01,3.717041552825364747e-01,-2.302061891563264684e+00,0.000000000000000000e+00,0.000000000000000000e+00,5.000000000000000000e+03
0.000000000000000000e+00,8.750000000000000000e-01,0.000000000000000000e+00,0.000000000000000000e+00,1.000000000000000000e+00,0.000000000000000000e+00,5.000000000000000000e+03
6.060606060606060774e-02,8.750000000000000000e-01,3.611254505731784775e-02,-3.876123497143910135e-02,0.000000000000000000e+00,0.000000000000000000e+00,5.000000000000000000e+03
1.212121212121212155e-01,8.750000000000000000e-01,7.451696136999863551e-02,-8.749458303752645494e-02,0.000000000000000000e+00,0.000000000000000000e+00,5.000000000000000000e+03
1.818181818181818232e-01,8.750000000000000000e-01,1.128382601714133654e-01,-1.424909269632263498e-01,0.000000000000000000e+00,0.000000000000000000e+00,5.000000000000000000e+03
2.424242424242424310e-01,8.750000000000000000e-01,1.496127906498013749e-01,-2.027553744644849942e-01,0.000000000000000000e+00,0.000000000000000000e+00,5.000000000000000000e+03
3.030303030303030387e-01,8.750000000000000000e-01,1.840784665841759538e-01,-2.679991662549391918e-01,0.000000000000000000e+00,0.000000000000000000e+00,5.000000000000000000e+03
3.636363636363636465e-01,8.750000000000000000e-01,2.158583321529809473e-01,-3.381293566784622229e-01,0.000000000000000000e+00,0.000000000000000000e+00,5.000000000000000000e+03
4.242424242424242542e-01,8.750000000000000000e-01,2.447605083404788273e-01,-4.131090132528367764e-01,0.000000000000000000e+00,0.000000000000000000e+00,5.000000000000000000e+03
4.848484848484848619e-01,8.750000000000000000e-01,2.706646093357003569e-01,-4.929437351134188794e-01,0.000000000000000000e+00,0.000000000000000000e+00,5.000000000000000000e+03
5.454545454545454142e-01,8.750000000000000000e-01,2.934569960647664955e-01,-5.777245673631782319e-01,0.000000000000000000e+00,0.000000000000000000e+00,5.000000000000000000e+03
6.060606060606060774e-01,8.750000000000000000e-01,3.129932915543129357e-01,-6.677097513114170768e-01,0.000000000000000000e+00,0.000000000000000000e+00,5.000000000000000000e+03
6.666666666666666297e-01,8.750000000000000000e-01,3.290870174186045771e-01,-7.634498949103414311e-01,0.000000000000000000e+00,0.000000000000000000e+00,5.000000000000000000e+03
7.272727272727272929e-01,8.750000000000000000e-01,3.415643015220745093e-01,-8.659634424887278081e-01,0.000000000000000000e+00,0.000000000000000000e+00,5.000000000000000000e+03
7.878787878787878451e-01,8.750000000000000000e-01,3.505624126556589060e-01,-9.768814771911258354e-01,0.000000000000000000e+00,0.000000000000000000e+00,5.000000000000000000e+03
8.484848484848485084e-01,8.750000000000000000e-01,3.578642354181497121e-01,-1.097706907481654115e+00,0.000000000000000000e+00,0.000000000000000000e+00,5.000000000000000000e+03
9.090909090909090606e-01,8.750000000000000000e-01,3.728510378343851128e-01,-1.221673895002154620e+00,0.000000000000000000e+00,0.000000000000000000e+00,5.000000000000000000e+03
9.696969696969697239e-01,8.750000000000000000e-01,4.036859651641849234e-01,-1.333884749177695950e+00,0.000000000000000000e+00,0.000000000000000000e+00,5.000000000000000000e+03
1.030303030303030276e+00,8.750000000000000000e-01,4.239932164463928732e-01,-1.372902650138855929e+00,0.000000000000000000e+00,0.000000000000000000e+00,5.000000000000000000e+03
1.090909090909090828e+00,8.750000000000000000e-01,4.320372796046802466e-01,-1.407758371227440186e+00,0.000000000000000000e+00,0.000000000000000000e+00,5.000000000000000000e+03
1.151515151515151603e+00,8.750000000000000000e-01,4.344908700370991306e-01,-1.448877225093253784e+00,0.000000000000000000e+00,0.000000000000000000e+00,5.000000000000000000e+03
1.212121212121212155e+00,8.750000000000000000e-01,4.349649606143120573e-01,-1.496508546227429903e+00,0.000000000000000000e+00,0.000000000000000000e+00,5.000000000000000000e+03
1.272727272727272707e+00,8.750000000000000000e-01,4.349638054676417398e-01,-1.549297599354649613e+00,0.000000000000000000e+00,0.000000000000000000e+00,5.000000000000000000e+03
1.333333333333333259e+00,8.750000000000000000e-01,4.350067611126024469e-01,-1.605876690256729189e+00,0.000000000000000000e+00,0.000000000000000000e+00,5.000000000000000000e+03
1.393939393939394034e+00,8.750000000000000000e-01,4.352079662835596219e-01,-1.665155853718613077e+00,0.000000000000000000e+00,0.000000000000000000e+00,5.000000000000000000e+03
1.454545454545454586e+00,8.750000000000000000e-01,4.355382165116858384e-01,-1.726325243988078517e+00,0.000000000000000000e+00,0.000000000000000000e+00,5.000000000000000000e+03
1.515151515151515138e+00,8.750000000000000000e-01,4.359336769299089753e-01,-1.788797677789599083e+00,0.000000000000000000e+00,0.000000000000000000e+00,5.000000000000000000e+03
1.575757575757575690e+00,8.750000000000000000e-01,4.363357955293570845e-01,-1.852149495654889177e+00,0.000000000000000000e+00,0.000000000000000000e+00,5.000000000000000000e+03
1.636363636363636465e+00,8.750000000000000000e-01,4.367022545805946399e-01,-1.916072891902148356e+00,0.000000000000000000e+00,0.000000000000000000e+00,5.000000000000000000e+03
1.696969696969697017e+00,8.750000000000000000e-01,4.370068816252321575e-01,-1.980340341706952723e+00,0.000000000000000000e+00,0.000000000000000000e+00,5.000000000000000000e+03
1.757575757575757569e+00,8.750000000000000000e-01,4.372361541728084777e-01,-2.044778857084933676e+00,0.000000000000000000e+00,0.000000000000000000e+00,5.000000000000000000e+03
1.818181818181818121e+00,8.750000000000000000e-01,4.373853408755868366e-01,-2.109251830931024418e+00,0.000000000000000000e+00,0.000000000000000000e+00,5.000000000000000000e+03
1.878787878787878896e+00,8.750000000000000000e-01,4.374556667894252682e-01,-2.173646972220271589e+00,0.000000000000000000e+00,0.000000000000000000e+00,5.000000000000000000e+03
1.939393939393939448e+00,8.750000000000000000e-01,4.374547974606382561e-01,-2.237868529144258822e+00,0.000000000000000000e+00,0.000000000000000000e+00,5.000000000000000000e+03
2.000000000000000000e+00,8.750000000000000000e-01,4.374097059718914937e-01,-2.301823224161331005e+00,0.000000000000000000e+00,0.000000000000000000e+00,5.000000000000000000e+03
0.000000000000000000e+00,9.375000000000000000e-01,0.000000000000000000e+00,0.000000000000000000e+00,1.000000000000000000e+00,0.000000000000000000e+00,5.000000000000000000e+03
6.060606060606060774e-02,9.375000000000000000e-01,4.948368915252939620e-02,-4.925016805029439754e-02,0.000000000000000000e+00,0.000000000000000000e+00,5.000000000000000000e+03
1.212121212121212155e-01,9.375000000000000000e-01,1.003928486836988265e-01,-1.023222058692557918e-01,0.000000000000000000e+00,0.000000000000000000e+00,5.000000000000000000e+03
1.818181818181818232e-01,9.375000000000000000e-01,1.489526248351984439e-01,-1.586612928231520836e-01,0.000000000000000000e+00,0.000000000000000000e+00,5.000000000000000000e+03
2.424242424242424310e-01,9.375000000000000000e-01,1.940972787329804383e-01,-2.188625026171469035e-01,0.000000000000000000e+00,0.000000000000000000e+00,5.000000000000000000e+03
3.030303030303030387e-01,9.375000000000000000e-01,2.356496056190428567e-01,-2.833672897832352766e-01,0.000000000000000000e+00,0.000000000000000000e+00,5.000000000000000000e+03
3.636363636363636465e-01,9.375000000000000000e-01,2.736762312271087683e-01,-3.524310993995162233e-01,0.000000000000000000e+00,0.000000000000000000e+00,5.000000000000000000e+03
4.242424242424242542e-01,9.375000000000000000e-01,3.082767117884092634e-01,-4.261836706342068126e-01,0.000000000000000000e+00,0.000000000000000000e+00,5.000000000000000000e+03
4.848484848484848619e-01,9.375000000000000000e-01,3.395146272374312546e-01,-5.047081181836577946e-01,0.000000000000000000e+00,0.000000000000000000e+00,5.000000000000000000e+03
5.454545454545454142e-01,9.375000000000000000e-01,3.673881138671235003e-01,-5.881308523397147381e-01,0.000000000000000000e+00,0.000000000000000000e+00,5.000000000000000000e+03
6.060606060606060774e-01,9.375000000000000000e-01,3.917988451631360114e-01,-6.767353204921523480e-01,0.000000000000000000e+00,0.000000000000000000e+00,5.000000000000000000e+03
6.666666666666666297e-01,9.375000000000000000e-01,4.124966991490210955e-01,-7.711340382045851483e-01,0.000000000000000000e+00,0.000000000000000000e+00,5.000000000000000000e+03
7.272727272727272929e-01,9.375000000000000000e-01,4.289793310908424084e-01,-8.725761923164162548e-01,0.000000000000000000e+00,0.000000000000000000e+00,5.000000000000000000e+03
7.878787878787878451e-01,9.375000000000000000e-01,4.403306457011196828e-01,-9.835808457987043063e-01,0.000000000000000000e+00,0.000000000000000000e+00,5.000000000000000000e+03
8.484848484848485084e-01,9.375000000000000000e-01,4.450929450740466198e-01,-1.109403131498022388e+00,0.000000000000000000e+00,0.000000000000000000e+00,5.000000000000000000e+03
9.090909090909090606e-01,9.375000000000000000e-01,4.428989621013347810e-01,-1.260651587360758219e+00,0.000000000000000000e+00,0.000000000000000000e+00,5.000000000000000000e+03
9.696969696969697239e-01,9.375000000000000000e-01,4.750996248686922274e-01,-1.407250514590455692e+00,0.000000000000000000e+00,0.000000000000000000e+00,5.000000000000000000e+03
1.030303030303030276e+00,9.375000000000000000e-01,4.913256619848779816e-01,-1.402175234046063590e+00,0.000000000000000000e+00,0.000000000000000000e+00,5.000000000000000000e+03
1.090909090909090828e+00,9.375000000000000000e-01,4.931357229741009096e-01,-1.419615379757418250e+00,0.000000000000000000e+00,0.000000000000000000e+00,5.000000000000000000e+03
1.151515151515151603e+00,9.375000000000000000e-01,4.926485365482399237e-01,-1.453890438306245425e+00,0.000000000000000000e+00,0.000000000000000000e+00,5.000000000000000000e+03
1.212121212121212155e+00,9.375000000000000000e-01,4.926809340403722759e-01,-1.498760363606675305e+00,0.000000000000000000e+00,0.000000000000000000e+00,5.000000000000000000e+03
1.272727272727272707e+00,9.375000000000000000e-01,4.934975258509539109e-01,-1.550427419609501367e+00,0.000000000000000000e+00,0.000000000000000000e+00,5.000000000000000000e+03
1.333333333333333259e+00,9.375000000000000000e-01,4.948189080096347392e-01,-1.606545531131795324e+00,0.000000000000000000e+00,0.000000000000000000e+00,5.000000000000000000e+03
1.393939393939394034e+00,9.375000000000000000e-01,4.963442266805840886e-01,-1.665623344578645026e+00,0.000000000000000000e+00,0.000000000000000000e+00,5.000000000000000000e+03
1.454545454545454586e+00,9.375000000000000000e-01,4.978601947637910086e-01,-1.726687884482151381e+00,0.000000000000000000e+00,0.000000000000000000e+00,5.000000000000000000e+03
1.515151515151515138e+00,9.375000000000000000e-01,4.992398519055177841e-01,-1.789088227215123394e+00,0.000000000000000000e+00,0.000000000000000000e+00,5.000000000000000000e+03
1.575757575757575690e+00,9.375000000000000000e-01,5.004189019470578481e-01,-1.852377702169547780e+00,0.000000000000000000e+00,0.000000000000000000e+00,5.000000000000000000e+03
1.636363636363636465e+00,9.375000000000000000e-01,5.013735601289882604e-01,-1.916241385963707966e+00,0.000000000000000000e+00,0.000000000000000000e+00,5.000000000000000000e+03
1.696969696969697017e+00,9.375000000000000000e-01,5.021047109702119204e-01,-1.980450227511306727e+00,0.000000000000000000e+00,0.000000000000000000e+00,5.000000000000000000e+03
1.757575757575757569e+00,9.375000000000000000e-01,5.026279213759844433e-01,-2.044831286124854319e+00,0.000000000000000000e+00,0.000000000000000000e+00,5.000000000000000000e+03
1.818181818181818121e+00,9.375000000000000000e-01,5.029678113518187832e-01,-2.109248450975165223e+00,0.000000000000000000e+00,0.000000000000000000e+00,5.000000000000000000e+03
1.878787878787878896e+00,9.375000000000000000e-01,5.031553579847095614e-01,-2.173591468084154599e+00,0.000000000000000000e+00,0.000000000000000000e+00,5.000000000000000000e+03
1.939393939393939448e+00,9.375000000000000000e-01,5.032270932507690864e-01,-2.237774740239833360e+00,0.000000000000000000e+00,0.000000000000000000e+00,5.000000000000000000e+03
2.000000000000000000e+00,9.375000000000000000e-01,5.032285390724043905e-01,-2.301751243029806826e+00,0.000000000000000000e+00,0.000000000000000000e+00,5.000000000000000000e+03
0.000000000000000000e+00,1.000000000000000000e+00,0.000000000000000000e+00,0.000000000000000000e+00,1.000000000000000000e+00,0.000000000000000000e+00,5.000000000000000000e+03
6.060606060606060774e-02,1.000000000000000000e+00,7.374484941182959941e-02,-6.909952813329743593e-02,0.000000000000000000e+00,0.000000000000000000e+00,5.000000000000000000e+03
1.212121212121212155e-01,1.000000000000000000e+00,1.398508849697145950e-01,-1.242466911311406880e-01,0.000000000000000000e+00,0.000000000000000000e+00,5.000000000000000000e+03
1.818181818181818232e-01,1.000000000000000000e+00,1.978702902191054602e-01,-1.799996987837082230e-01,0.000000000000000000e+00,0.000000000000000000e+00,5.000000000000000000e+03
2.424242424242424310e-01,1.000000000000000000e+00,2.499947300194739486e-01,-2.389292575702336441e-01,0.000000000000000000e+00,0.000000000000000000e+00,5.000000000000000000e+03
3.030303030303030387e-01,1.000000000000000000e+00,2.974783715247275029e-01,-3.019781308640588913e-01,0.000000000000000000e+00,0.000000000000000000e+00,5.000000000000000000e+03
3.636363636363636465e-01,1.000000000000000000e+00,3.409840091784683280e-01,-3.695579144188220200e-01,0.000000000000000000e+00,0.000000000000000000e+00,5.000000000000000000e+03
4.242424242424242542e-01,1.000000000000000000e+00,3.808764573667062225e-01,-4.418457180702529685e-01,0.000000000000000000e+00,0.000000000000000000e+00,5.000000000000000000e+03
4.848484848484848619e-01,1.000000000000000000e+00,4.173780224288445306e-01,-5.189344708200288592e-01,0.000000000000000000e+00,0.000000000000000000e+00,5.000000000000000000e+03
5.454545454545454142e-01,1.000000000000000000e+00,4.506434014529270837e-01,-6.009448867870336164e-01,0.000000000000000000e+00,0.000000000000000000e+00,5.000000000000000000e+03
6.060606060606060774e-01,1.000000000000000000e+00,4.807853680190283252e-01,-6.881420423543317400e-01,0.000000000000000000e+00,0.000000000000000000e+00,5.000000000000000000e+03
6.666666666666666297e-01,1.000000000000000000e+00,5.078542323962753624e-01,-7.810985066515410136e-01,0.000000000000000000e+00,0.000000000000000000e+00,5.000000000000000000e+03
7.272727272727272929e-01,1.000000000000000000e+00,5.317349995394332618e-01,-8.809792693258434726e-01,0.000000000000000000e+00,0.000000000000000000e+00,5.000000000000000000e+03
7.878787878787878451e-01,1.000000000000000000e+00,5.518310378521013027e-01,-9.901392543078368913e-01,0.000000000000000000e+00,0.000000000000000000e+00,5.000000000000000000e+03
8.484848484848485084e-01,1.000000000000000000e+00,5.660819523025151234e-01,-1.113708026793092332e+00,0.000000000000000000e+00,0.000000000000000000e+00,5.000000000000000000e+03
9.090909090909090606e-01,1.000000000000000000e+00,5.673355057275719648e-01,-1.266063168575759290e+00,0.000000000000000000e+00,0.000000000000000000e+00,5.000000000000000000e+03
9.696969696969697239e-01,1.000000000000000000e+00,5.217440152323213898e-01,-1.526887550540632965e+00,0.000000000000000000e+00,1.000000000000000000e+00,5.000000000000000000e+03
1.030303030303030276e+00,1.000000000000000000e+00,5.371066058049811520e-01,-1.422082517037160043e+00,0.000000000000000000e+00,0.000000000000000000e+00,5.000000000000000000e+03
1.090909090909090828e+00,1.000000000000000000e+00,5.361448966489895662e-01,-1.425270972460472851e+00,0.000000000000000000e+00,0.000000000000000000e+00,5.000000000000000000e+03
1.151515151515151603e+00,1.000000000000000000e+00,5.389427319045538844e-01,-1.456295416470018811e+00,0.000000000000000000e+00,0.000000000000000000e+00,5.000000000000000000e+03
1.212121212121212155e+00,1.000000000000000000e+00,5.435749179792822572e-01,-1.500306258027501283e+00,0.000000000000000000e+00,0.000000000000000000e+00,5.000000000000000000e+03
1.272727272727272707e+00,1.000000000000000000e+00,5.485241479142871635e-01,-1.551706860932199561e+00,0.000000000000000000e+00,0.000000000000000000e+00,5.000000000000000000e+03
1.333333333333333259e+00,1.000000000000000000e+00,5.531061477883418842e-01,-1.607683893618373716e+00,0.000000000000000000e+00,0.000000000000000000e+00,5.000000000000000000e+03
1.393939393939394034e+00,1.000000000000000000e+00,5.570696163482242724e-01,-1.666628594874816738e+00,0.000000000000000000e+00,0.000000000000000000e+00,5.000000000000000000e+03
1.454545454545454586e+00,1.000000000000000000e+00,5.603606186060020589e-01,-1.727548748890271879e+00,0.000000000000000000e+00,0.000000000000000000e+00,5.000000000000000000e+03
1.515151515151515138e+00,1.000000000000000000e+00,5.630093486420689741e-01,-1.789798774664063119e+00,0.000000000000000000e+00,0.000000000000000000e+00,5.000000000000000000e+03
1.575757575757575690e+00,1.000000000000000000e+00,5.650780943124424915e-01,-1.852940513051311910e+00,0.000000000000000000e+00,0.000000000000000000e+00,5.000000000000000000e+03
1.636363636363636465e+00,1.000000000000000000e+00,5.666380448993848518e-01,-1.916665511299916469e+00,0.000000000000000000e+00,0.000000000000000000e+00,5.000000000000000000e+03
1.696969696969697017e+00,1.000000000000000000e+00,5.677598293991855671e-01,-1.980748851129574106e+00,0.000000000000000000e+00,0.000000000000000000e+00,5.000000000000000000e+03
1.757575757575757569e+00,1.000000000000000000e+00,5.685110468491917368e-01,-2.045020411221758483e+00,0.000000000000000000e+00,0.000000000000000000e+00,5.000000000000000000e+03
1.818181818181818121e+00,1.000000000000000000e+00,5.689579371183957068e-01,-2.109346869995443630e+00,0.000000000000000000e+00,0.000000000000000000e+00,5.000000000000000000e+03
1.878787878787878896e+00,1.000000000000000000e+00,5.691700082359431034e-01,-2.173622046377245987e+00,0.000000000000000000e+00,0.000000000000000000e+00,5.000000000000000000e+03
1.939393939393939448e+00,1.000000000000000000e+00,5.692264600345681158e-01,-2.237767369265164952e+00,0.000000000000000000e+00,0.000000000000000000e+00,5.000000000000000000e+03
2.000000000000000000e+00,1.000000000000000000e+00,5.692193543075662054e-01,-2.301755348096245157e+00,0.000000000000000000e+00,0.000000000000000000e+00,5.000000000000000000e+03
