X,Y,UX,UY,BOUNDARY,FORCE,MODULUS
0.000000000000000000e+00,0.000000000000000000e+00,0.000000000000000000e+00,0.000000000000000000e+00,1.000000000000000000e+00,0.000000000000000000e+00,2.000000000000000000e+04
3.030303030303030387e-02,0.000000000000000000e+00,-4.327113805315342676e-03,-4.313084488903741291e-03,0.000000000000000000e+00,0.000000000000000000e+00,2.000000000000000000e+04
6.060606060606060774e-02,0.000000000000000000e+00,-7.461073571274904476e-03,-7.481867907095385468e-03,0.000000000000000000e+00,0.000000000000000000e+00,2.000000000000000000e+04
9.090909090909091161e-02,0.000000000000000000e+00,-1.002803486308423767e-02,-1.044910925747047532e-02,0.000000000000000000e+00,0.000000000000000000e+00,2.000000000000000000e+04
1.212121212121212155e-01,0.000000000000000000e+00,-1.222576862054484438e-02,-1.334496012811373609e-02,0.000000000000000000e+00,0.000000000000000000e+00,2.000000000000000000e+04
1.515151515151515194e-01,0.000000000000000000e+00,-1.414784013796492775e-02,-1.620636277966311378e-02,0.000000000000000000e+00,0.000000000000000000e+00,2.000000000000000000e+04
1.818181818181818232e-01,0.000000000000000000e+00,-1.584689669855596922e-02,-1.904708261261552071e-02,0.000000000000000000e+00,0.000000000000000000e+00,2.000000000000000000e+04
2.121212121212121271e-01,0.000000000000000000e+00,-1.735622720927555013e-02,-2.187190198923747927e-02,0.000000000000000000e+00,0.000000000000000000e+00,2.000000000000000000e+04
2.424242424242424310e-01,0.000000000000000000e+00,-1.869892961705101747e-02,-2.468130582693160366e-02,0.000000000000000000e+00,0.000000000000000000e+00,2.000000000000000000e+04
2.727272727272727071e-01,0.000000000000000000e+00,-1.989229134803352506e-02,-2.747353657250048084e-02,0.000000000000000000e+00,0.000000000000000000e+00,2.000000000000000000e+04
3.030303030303030387e-01,0.000000000000000000e+00,-2.095006315204017699e-02,-3.024564766254150480e-02,0.000000000000000000e+00,0.000000000000000000e+00,2.000000000000000000e+04
3.333333333333333148e-01,0.000000000000000000e+00,-2.188372376746765269e-02,-3.299409299350148511e-02,0.000000000000000000e+00,0.000000000000000000e+00,2.000000000000000000e+04
3.636363636363636465e-01,0.000000000000000000e+00,-2.270322741381235881e-02,-3.571507565794621725e-02,0.000000000000000000e+00,0.000000000000000000e+00,2.000000000000000000e+04
3.939393939393939226e-01,0.000000000000000000e+00,-2.341747004233452056e-02,-3.840476331878490274e-02,0.000000000000000000e+00,0.000000000000000000e+00,2.000000000000000000e+04
4.242424242424242542e-01,0.000000000000000000e+00,-2.403459419015025952e-02,-4.105942671147551348e-02,0.000000000000000000e+00,0.000000000000000000e+00,2.000000000000000000e+04
4.545454545454545303e-01,0.000000000000000000e+00,-2.456219665120659354e-02,-4.367553280550742073e-02,0.000000000000000000e+00,0.000000000000000000e+00,2.000000000000000000e+04
4.848484848484848619e-01,0.000000000000000000e+00,-2.500747514790109191e-02,-4.624981107838808947e-02,0.000000000000000000e+00,0.000000000000000000e+00,2.000000000000000000e+04
5.151515151515151381e-01,0.000000000000000000e+00,-2.537733536054212480e-02,-4.877930424041160284e-02,0.000000000000000000e+00,0.000000000000000000e+00,2.000000000000000000e+04
5.454545454545454142e-01,0.000000000000000000e+00,-2.567847142796141763e-02,-5.126141081114842651e-02,0.000000000000000000e+00,0.000000000000000000e+00,2.000000000000000000e+04
5.757575757575758013e-01,0.000000000000000000e+00,-2.591742819151822072e-02,-5.369392478188228512e-02,0.000000000000000000e+00,0.000000000000000000e+00,2.000000000000000000e+04
6.060606060606060774e-01,0.000000000000000000e+00,-2.610065041755767548e-02,-5.607507646038331628e-02,0.000000000000000000e+00,0.000000000000000000e+00,2.000000000000000000e+04
6.363636363636363535e-01,0.000000000000000000e+00,-2.623452214830397297e-02,-5.840357808447102506e-02,0.000000000000000000e+00,0.000000000000000000e+00,2.000000000000000000e+04
6.666666666666666297e-01,0.000000000000000000e+00,-2.632539770124347339e-02,-6.067867768809591389e-02,0.000000000000000000e+00,0.000000000000000000e+00,2.000000000000000000e+04
6.969696969696970168e-01,0.000000000000000000e+00,-2.637962432164123183e-02,-6.290022488071318751e-02,0.000000000000000000e+00,0.000000000000000000e+00,2.000000000000000000e+04
7.272727272727272929e-01,0.000000000000000000e+00,-2.640355479093296071e-02,-6.506875256579223998e-02,0.000000000000000000e+00,0.000000000000000000e+00,2.000000000000000000e+04
7.575757575757575690e-01,0.000000000000000000e+00,-2.640354605291482179e-02,-6.718557906215620601e-02,0.000000000000000000e+00,0.000000000000000000e+00,2.000000000000000000e+04
7.878787878787878451e-01,0.000000000000000000e+00,-2.638593663480396506e-02,-6.925293536189849886e-02,0.000000000000000000e+00,0.000000000000000000e+00,2.000000000000000000e+04
8.181818181818182323e-01,0.000000000000000000e+00,-2.635699050972941174e-02,-7.127412176377143083e-02,0.000000000000000000e+00,0.000000000000000000e+00,2.000000000000000000e+04
8.484848484848485084e-01,0.000000000000000000e+00,-2.632278674640510865e-02,-7.325369532144583584e-02,0.000000000000000000e+00,0.000000000000000000e+00,2.000000000000000000e+04
8.787878787878787845e-01,0.000000000000000000e+00,-2.628902059741863168e-02,-7.519768036518484355e-02,0.000000000000000000e+00,0.000000000000000000e+00,2.000000000000000000e+04
9.090909090909090606e-01,0.000000000000000000e+00,-2.626065874191661764e-02,-7.711376745609097028e-02,0.000000000000000000e+00,0.000000000000000000e+00,2.000000000000000000e+04
9.393939393939394478e-01,0.000000000000000000e+00,-2.624135154199601708e-02,-7.901138709457418419e-02,0.000000000000000000e+00,0.000000000000000000e+00,2.000000000000000000e+04
9.696969696969697239e-01,0.000000000000000000e+00,-2.623242561525962815e-02,-8.090129364462968209e-02,0.000000000000000000e+00,0.000000000000000000e+00,2.000000000000000000e+04
1.000000000000000000e+00,0.000000000000000000e+00,-2.623107163231001154e-02,-8.279341028476903952e-02,0.000000000000000000e+00,0.000000000000000000e+00,2.000000000000000000e+04
0.000000000000000000e+00,3.030303030303030387e-02,0.000000000000000000e+00,0.000000000000000000e+00,1.000000000000000000e+00,0.000000000000000000e+00,2.000000000000000000e+04
3.030303030303030387e-02,3.030303030303030387e-02,-2.483046327795450543e-03,-3.028034686017244074e-03,0.000000000000000000e+00,0.000000000000000000e+00,2.000000000000000000e+04
6.060606060606060774e-02,3.030303030303030387e-02,-5.196221827357103834e-03,-6.349740578484744033e-03,0.000000000000000000e+00,0.000000000000000000e+00,2.000000000000000000e+04
9.090909090909091161e-02,3.030303030303030387e-02,-7.593203831741520901e-03,-9.468251280377709342e-03,0.000000000000000000e+00,0.000000000000000000e+00,2.000000000000000000e+04
1.212121212121212155e-01,3.030303030303030387e-02,-9.707079087392649075e-03,-1.248364863577602554e-02,0.000000000000000000e+00,0.000000000000000000e+00,2.000000000000000000e+04
1.515151515151515194e-01,3.030303030303030387e-02,-1.158271890606745944e-02,-1.544302864102683331e-02,0.000000000000000000e+00,0.000000000000000000e+00,2.000000000000000000e+04
1.818181818181818232e-01,3.030303030303030387e-02,-1.325470733547219962e-02,-1.836721740525719751e-02,0.000000000000000000e+00,0.000000000000000000e+00,2.000000000000000000e+04
2.121212121212121271e-01,3.030303030303030387e-02,-1.474898836654091328e-02,-2.126518905833647485e-02,0.000000000000000000e+00,0.000000000000000000e+00,2.000000000000000000e+04
2.424242424242424310e-01,3.030303030303030387e-02,-1.608543344531331368e-02,-2.413997402861361996e-02,0.000000000000000000e+00,0.000000000000000000e+00,2.000000000000000000e+04
2.727272727272727071e-01,3.030303030303030387e-02,-1.727975496518144652e-02,-2.699142482577760946e-02,0.000000000000000000e+00,0.000000000000000000e+00,2.000000000000000000e+04
3.030303030303030387e-01,3.030303030303030387e-02,-1.834480740122980402e-02,-2.981765418562253717e-02,0.000000000000000000e+00,0.000000000000000000e+00,2.000000000000000000e+04
3.333333333333333148e-01,3.030303030303030387e-02,-1.929145660400233969e-02,-3.261583721284124632e-02,0.000000000000000000e+00,0.000000000000000000e+00,2.000000000000000000e+04
3.636363636363636465e-01,3.030303030303030387e-02,-2.012916294573855597e-02,-3.538268216661219490e-02,0.000000000000000000e+00,0.000000000000000000e+00,2.000000000000000000e+04
3.939393939393939226e-01,3.030303030303030387e-02,-2.086637758651824215e-02,-3.811471869674812329e-02,0.000000000000000000e+00,0.000000000000000000e+00,2.000000000000000000e+04
4.242424242424242542e-01,3.030303030303030387e-02,-2.151081631749346759e-02,-4.080848150566903504e-02,0.000000000000000000e+00,0.000000000000000000e+00,2.000000000000000000e+04
4.545454545454545303e-01,3.030303030303030387e-02,-2.206965230894820246e-02,-4.346063246460053764e-02,0.000000000000000000e+00,0.000000000000000000e+00,2.000000000000000000e+04
4.848484848484848619e-01,3.030303030303030387e-02,-2.254965431399199444e-02,-4.606804601462943100e-02,0.000000000000000000e+00,0.000000000000000000e+00,2.000000000000000000e+04
5.151515151515151381e-01,3.030303030303030387e-02,-2.295728752389884081e-02,-4.862787286749339910e-02,0.000000000000000000e+00,0.000000000000000000e+00,2.000000000000000000e+04
5.454545454545454142e-01,3.030303030303030387e-02,-2.329878830396760192e-02,-5.113759161775116580e-02,0.000000000000000000e+00,0.000000000000000000e+00,2.000000000000000000e+04
5.757575757575758013e-01,3.030303030303030387e-02,-2.358022015045221215e-02,-5.359505489649930843e-02,0.000000000000000000e+00,0.000000000000000000e+00,2.000000000000000000e+04
6.060606060606060774e-01,3.030303030303030387e-02,-2.380751557869939528e-02,-5.599853510068347057e-02,0.000000000000000000e+00,0.000000000000000000e+00,2.000000000000000000e+04
6.363636363636363535e-01,3.030303030303030387e-02,-2.398650676429911824e-02,-5.834677396823274853e-02,0.000000000000000000e+00,0.000000000000000000e+00,2.000000000000000000e+04
6.666666666666666297e-01,3.030303030303030387e-02,-2.412294628067941649e-02,-6.063904003690599037e-02,0.000000000000000000e+00,0.000000000000000000e+00,2.000000000000000000e+04
6.969696969696970168e-01,3.030303030303030387e-02,-2.422251798480968762e-02,-6.287519815303609094e-02,0.000000000000000000e+00,0.000000000000000000e+00,2.000000000000000000e+04
7.272727272727272929e-01,3.030303030303030387e-02,-2.429083684079887118e-02,-6.505579556805025920e-02,0.000000000000000000e+00,0.000000000000000000e+00,2.000000000000000000e+04
7.575757575757575690e-01,3.030303030303030387e-02,-2.433343513318013060e-02,-6.718216964217814391e-02,0.000000000000000000e+00,0.000000000000000000e+00,2.000000000000000000e+04
7.878787878787878451e-01,3.030303030303030387e-02,-2.435573106333393384e-02,-6.925658251139547861e-02,0.000000000000000000e+00,0.000000000000000000e+00,2.000000000000000000e+04
8.181818181818182323e-01,3.030303030303030387e-02,-2.436297420472669298e-02,-7.128238767954750421e-02,0.000000000000000000e+00,0.000000000000000000e+00,2.000000000000000000e+04
8.484848484848485084e-01,3.030303030303030387e-02,-2.436016094794812153e-02,-7.326423099095477620e-02,0.000000000000000000e+00,0.000000000000000000e+00,2.000000000000000000e+04
8.787878787878787845e-01,3.030303030303030387e-02,-2.435191227729719896e-02,-7.520828057282109846e-02,0.000000000000000000e+00,0.000000000000000000e+00,2.000000000000000000e+04
9.090909090909090606e-01,3.030303030303030387e-02,-2.434230582424002504e-02,-7.712245945508805489e-02,0.000000000000000000e+00,0.000000000000000000e+00,2.000000000000000000e+04
9.393939393939394478e-01,3.030303030303030387e-02,-2.433464944135036931e-02,-7.901660221814278684e-02,0.000000000000000000e+00,0.000000000000000000e+00,2.000000000000000000e+04
9.696969696969697239e-01,3.030303030303030387e-02,-2.433114627998712517e-02,-8.090232619084147814e-02,0.000000000000000000e+00,0.000000000000000000e+00,2.000000000000000000e+04
1.000000000000000000e+00,3.030303030303030387e-02,-2.433218507742257800e-02,-8.279205630181943332e-02,0.000000000000000000e+00,0.000000000000000000e+00,2.000000000000000000e+04
0.000000000000000000e+00,6.060606060606060774e-02,0.000000000000000000e+00,0.000000000000000000e+00,1.000000000000000000e+00,0.000000000000000000e+00,2.000000000000000000e+04
3.030303030303030387e-02,6.060606060606060774e-02,-1.851845302236014394e-03,-2.565280751241570765e-03,0.000000000000000000e+00,0.000000000000000000e+00,2.000000000000000000e+04
6.060606060606060774e-02,6.060606060606060774e-02,-3.871722883447050075e-03,-5.557381604081835895e-03,0.000000000000000000e+00,0.000000000000000000e+00,2.000000000000000000e+04
9.090909090909091161e-02,6.060606060606060774e-02,-5.900693914907334178e-03,-8.656029378189020879e-03,0.000000000000000000e+00,0.000000000000000000e+00,2.000000000000000000e+04
1.212121212121212155e-01,6.060606060606060774e-02,-7.794858125447684354e-03,-1.171899938691584216e-02,0.000000000000000000e+00,0.000000000000000000e+00,2.000000000000000000e+04
1.515151515151515194e-01,6.060606060606060774e-02,-9.528516044312878783e-03,-1.474071727397951309e-02,0.000000000000000000e+00,0.000000000000000000e+00,2.000000000000000000e+04
1.818181818181818232e-01,6.060606060606060774e-02,-1.110422540483013351e-02,-1.772841787835035404e-02,0.000000000000000000e+00,0.000000000000000000e+00,2.000000000000000000e+04
2.121212121212121271e-01,6.060606060606060774e-02,-1.253156435074185074e-02,-2.068713536953920018e-02,0.000000000000000000e+00,0.000000000000000000e+00,2.000000000000000000e+04
2.424242424242424310e-01,6.060606060606060774e-02,-1.382136237751634307e-02,-2.361885686824028580e-02,0.000000000000000000e+00,0.000000000000000000e+00,2.000000000000000000e+04
2.727272727272727071e-01,6.060606060606060774e-02,-1.498400757863306218e-02,-2.652333241460059707e-02,0.000000000000000000e+00,0.000000000000000000e+00,2.000000000000000000e+04
3.030303030303030387e-01,6.060606060606060774e-02,-1.602902323612263175e-02,-2.939886396050290021e-02,0.000000000000000000e+00,0.000000000000000000e+00,2.000000000000000000e+04
3.333333333333333148e-01,6.060606060606060774e-02,-1.696505976791627332e-02,-3.224288050252743787e-02,0.000000000000000000e+00,0.000000000000000000e+00,2.000000000000000000e+04
3.636363636363636465e-01,6.060606060606060774e-02,-1.780001058409555817e-02,-3.505233150903802608e-02,0.000000000000000000e+00,0.000000000000000000e+00,2.000000000000000000e+04
3.939393939393939226e-01,6.060606060606060774e-02,-1.854114933386418959e-02,-3.782395282738140047e-02,0.000000000000000000e+00,0.000000000000000000e+00,2.000000000000000000e+04
4.242424242424242542e-01,6.060606060606060774e-02,-1.919525452207776137e-02,-4.055444795192781476e-02,0.000000000000000000e+00,0.000000000000000000e+00,2.000000000000000000e+04
4.545454545454545303e-01,6.060606060606060774e-02,-1.976871278458170941e-02,-4.324061430349352558e-02,0.000000000000000000e+00,0.000000000000000000e+00,2.000000000000000000e+04
4.848484848484848619e-01,6.060606060606060774e-02,-2.026760108290960594e-02,-4.587943429626004099e-02,0.000000000000000000e+00,0.000000000000000000e+00,2.000000000000000000e+04
5.151515151515151381e-01,6.060606060606060774e-02,-2.069775077510910277e-02,-4.846814441609791774e-02,0.000000000000000000e+00,0.000000000000000000e+00,2.000000000000000000e+04
5.454545454545454142e-01,6.060606060606060774e-02,-2.106479685973336805e-02,-5.100429140877902473e-02,0.000000000000000000e+00,0.000000000000000000e+00,2.000000000000000000e+04
5.757575757575758013e-01,6.060606060606060774e-02,-2.137421521438601438e-02,-5.348578217823420078e-02,0.000000000000000000e+00,0.000000000000000000e+00,2.000000000000000000e+04
6.060606060606060774e-01,6.060606060606060774e-02,-2.163134995142654282e-02,-5.591093256146902057e-02,0.000000000000000000e+00,0.000000000000000000e+00,2.000000000000000000e+04
6.363636363636363535e-01,6.060606060606060774e-02,-2.184143230676737629e-02,-5.827851941347973741e-02,0.000000000000000000e+00,0.000000000000000000e+00,2.000000000000000000e+04
6.666666666666666297e-01,6.060606060606060774e-02,-2.200959183523631610e-02,-6.058784017132732430e-02,0.000000000000000000e+00,0.000000000000000000e+00,2.000000000000000000e+04
6.969696969696970168e-01,6.060606060606060774e-02,-2.214086013824883084e-02,-6.283878411661238117e-02,0.000000000000000000e+00,0.000000000000000000e+00,2.000000000000000000e+04
7.272727272727272929e-01,6.060606060606060774e-02,-2.224016693588876450e-02,-6.503191979069221362e-02,0.000000000000000000e+00,0.000000000000000000e+00,2.000000000000000000e+04
7.575757575757575690e-01,6.060606060606060774e-02,-2.231232809720670382e-02,-6.716860327680800047e-02,0.000000000000000000e+00,0.000000000000000000e+00,2.000000000000000000e+04
7.878787878787878451e-01,6.060606060606060774e-02,-2.236202540798730432e-02,-6.925111207548929892e-02,0.000000000000000000e+00,0.000000000000000000e+00,2.000000000000000000e+04
8.181818181818182323e-01,6.060606060606060774e-02,-2.239377860109655408e-02,-7.128280854979850145e-02,0.000000000000000000e+00,0.000000000000000000e+00,2.000000000000000000e+04
8.484848484848485084e-01,6.060606060606060774e-02,-2.241191169071672304e-02,-7.326833444870840817e-02,0.000000000000000000e+00,0.000000000000000000e+00,2.000000000000000000e+04
8.787878787878787845e-01,6.060606060606060774e-02,-2.242051769006776427e-02,-7.521383220270402847e-02,0.000000000000000000e+00,0.000000000000000000e+00,2.000000000000000000e+04
9.090909090909090606e-01,6.060606060606060774e-02,-2.242342633606374952e-02,-7.712717735126756180e-02,0.000000000000000000e+00,0.000000000000000000e+00,2.000000000000000000e+04
9.393939393939394478e-01,6.060606060606060774e-02,-2.242417093398831052e-02,-7.901818938289217886e-02,0.000000000000000000e+00,0.000000000000000000e+00,2.000000000000000000e+04
9.696969696969697239e-01,6.060606060606060774e-02,-2.242591027257279448e-02,-8.089878233611852432e-02,0.000000000000000000e+00,0.000000000000000000e+00,2.000000000000000000e+04
1.000000000000000000e+00,6.060606060606060774e-02,-2.243113531662880092e-02,-8.278314287753037182e-02,0.000000000000000000e+00,0.000000000000000000e+00,2.000000000000000000e+04
0.000000000000000000e+00,9.090909090909091161e-02,0.000000000000000000e+00,0.000000000000000000e+00,1.000000000000000000e+00,0.000000000000000000e+00,2.000000000000000000e+04
3.030303030303030387e-02,9.090909090909091161e-02,-1.500938321161912658e-03,-2.357879893776210819e-03,0.000000000000000000e+00,0.000000000000000000e+00,2.000000000000000000e+04
6.060606060606060774e-02,9.090909090909091161e-02,-3.095572230184548933e-03,-5.118009064673819004e-03,0.000000000000000000e+00,0.000000000000000000e+00,2.000000000000000000e+04
9.090909090909091161e-02,9.090909090909091161e-02,-4.744241624996214240e-03,-8.082121585192303739e-03,0.000000000000000000e+00,0.000000000000000000e+00,2.000000000000000000e+04
1.212121212121212155e-01,9.090909090909091161e-02,-6.367679515027458402e-03,-1.111356751874226223e-02,0.000000000000000000e+00,0.000000000000000000e+00,2.000000000000000000e+04
1.515151515151515194e-01,9.090909090909091161e-02,-7.908241510411440425e-03,-1.414909648794807420e-02,0.000000000000000000e+00,0.000000000000000000e+00,2.000000000000000000e+04
1.818181818181818232e-01,9.090909090909091161e-02,-9.343212970048109592e-03,-1.716957251159775821e-02,0.000000000000000000e+00,0.000000000000000000e+00,2.000000000000000000e+04
2.121212121212121271e-01,9.090909090909091161e-02,-1.066614582696100329e-02,-2.016863972685360371e-02,0.000000000000000000e+00,0.000000000000000000e+00,2.000000000000000000e+04
2.424242424242424310e-01,9.090909090909091161e-02,-1.187772020376996751e-02,-2.314312556741480315e-02,0.000000000000000000e+00,0.000000000000000000e+00,2.000000000000000000e+04
2.727272727272727071e-01,9.090909090909091161e-02,-1.298172881202325907e-02,-2.609034938195246150e-02,0.000000000000000000e+00,0.000000000000000000e+00,2.000000000000000000e+04
3.030303030303030387e-01,9.090909090909091161e-02,-1.398326972874977536e-02,-2.900744400486358551e-02,0.000000000000000000e+00,0.000000000000000000e+00,2.000000000000000000e+04
3.333333333333333148e-01,9.090909090909091161e-02,-1.488791828765943792e-02,-3.189127538659191491e-02,0.000000000000000000e+00,0.000000000000000000e+00,2.000000000000000000e+04
3.636363636363636465e-01,9.090909090909091161e-02,-1.570134973896960412e-02,-3.473852859735353238e-02,0.000000000000000000e+00,0.000000000000000000e+00,2.000000000000000000e+04
3.939393939393939226e-01,9.090909090909091161e-02,-1.642917407633774987e-02,-3.754582443569350059e-02,0.000000000000000000e+00,0.000000000000000000e+00,2.000000000000000000e+04
4.242424242424242542e-01,9.090909090909091161e-02,-1.707687117309920552e-02,-4.030982634828455397e-02,0.000000000000000000e+00,0.000000000000000000e+00,2.000000000000000000e+04
4.545454545454545303e-01,9.090909090909091161e-02,-1.764977253647503214e-02,-4.302732901906199808e-02,0.000000000000000000e+00,0.000000000000000000e+00,2.000000000000000000e+04
4.848484848484848619e-01,9.090909090909091161e-02,-1.815306359610165468e-02,-4.569533009787946770e-02,0.000000000000000000e+00,0.000000000000000000e+00,2.000000000000000000e+04
5.151515151515151381e-01,9.090909090909091161e-02,-1.859179383739124891e-02,-4.831108927671966258e-02,0.000000000000000000e+00,0.000000000000000000e+00,2.000000000000000000e+04
5.454545454545454142e-01,9.090909090909091161e-02,-1.897088866780005656e-02,-5.087217925477995756e-02,0.000000000000000000e+00,0.000000000000000000e+00,2.000000000000000000e+04
5.757575757575758013e-01,9.090909090909091161e-02,-1.929516014255341916e-02,-5.337653282389157733e-02,0.000000000000000000e+00,0.000000000000000000e+00,2.000000000000000000e+04
6.060606060606060774e-01,9.090909090909091161e-02,-1.956931526141916095e-02,-5.582248995434639649e-02,0.000000000000000000e+00,0.000000000000000000e+00,2.000000000000000000e+04
6.363636363636363535e-01,9.090909090909091161e-02,-1.979796132308881546e-02,-5.820884854625317517e-02,0.000000000000000000e+00,0.000000000000000000e+00,2.000000000000000000e+04
6.666666666666666297e-01,9.090909090909091161e-02,-1.998560823207317858e-02,-6.053492245579800146e-02,0.000000000000000000e+00,0.000000000000000000e+00,2.000000000000000000e+04
6.969696969696970168e-01,9.090909090909091161e-02,-2.013666795290899869e-02,-6.280061046936273594e-02,0.000000000000000000e+00,0.000000000000000000e+00,2.000000000000000000e+04
7.272727272727272929e-01,9.090909090909091161e-02,-2.025545167894359996e-02,-6.500648000035401386e-02,0.000000000000000000e+00,0.000000000000000000e+00,2.000000000000000000e+04
7.575757575757575690e-01,9.090909090909091161e-02,-2.034616588532639145e-02,-6.715386929073377531e-02,0.000000000000000000e+00,0.000000000000000000e+00,2.000000000000000000e+04
7.878787878787878451e-01,9.090909090909091161e-02,-2.041290941508942455e-02,-6.924501159965712471e-02,0.000000000000000000e+00,0.000000000000000000e+00,2.000000000000000000e+04
8.181818181818182323e-01,9.090909090909091161e-02,-2.045967519886237110e-02,-7.128318394402316516e-02,0.000000000000000000e+00,0.000000000000000000e+00,2.000000000000000000e+04
8.484848484848485084e-01,9.090909090909091161e-02,-2.049036202995912007e-02,-7.327288106542854951e-02,0.000000000000000000e+00,0.000000000000000000e+00,2.000000000000000000e+04
8.787878787878787845e-01,9.090909090909091161e-02,-2.050880335373666055e-02,-7.522001240749599804e-02,0.000000000000000000e+00,0.000000000000000000e+00,2.000000000000000000e+04
9.090909090909090606e-01,9.090909090909091161e-02,-2.051881940433121845e-02,-7.713211777260571556e-02,0.000000000000000000e+00,0.000000000000000000e+00,2.000000000000000000e+04
9.393939393939394478e-01,9.090909090909091161e-02,-2.052429232630977388e-02,-7.901860482737869951e-02,0.000000000000000000e+00,0.000000000000000000e+00,2.000000000000000000e+04
9.696969696969697239e-01,9.090909090909091161e-02,-2.052924676353462194e-02,-8.089106331844059250e-02,0.000000000000000000e+00,0.000000000000000000e+00,2.000000000000000000e+04
1.000000000000000000e+00,9.090909090909091161e-02,-2.053790569336854180e-02,-8.276393690530360614e-02,0.000000000000000000e+00,0.000000000000000000e+00,2.000000000000000000e+04
0.000000000000000000e+00,1.212121212121212155e-01,0.000000000000000000e+00,0.000000000000000000e+00,1.000000000000000000e+00,0.000000000000000000e+00,2.000000000000000000e+04
3.030303030303030387e-02,1.212121212121212155e-01,-1.263563561104913066e-03,-2.261878894215860365e-03,0.000000000000000000e+00,0.000000000000000000e+00,2.000000000000000000e+04
6.060606060606060774e-02,1.212121212121212155e-01,-2.575385427370503917e-03,-4.876235499755122299e-03,0.000000000000000000e+00,0.000000000000000000e+00,2.000000000000000000e+04
9.090909090909091161e-02,1.212121212121212155e-01,-3.932834686103781063e-03,-7.716249261648224465e-03,0.000000000000000000e+00,0.000000000000000000e+00,2.000000000000000000e+04
1.212121212121212155e-01,1.212121212121212155e-01,-5.300208167891088014e-03,-1.067684238135711665e-02,0.000000000000000000e+00,0.000000000000000000e+00,2.000000000000000000e+04
1.515151515151515194e-01,1.212121212121212155e-01,-6.635851209051859059e-03,-1.368818212012502984e-02,0.000000000000000000e+00,0.000000000000000000e+00,2.000000000000000000e+04
1.818181818181818232e-01,1.212121212121212155e-01,-7.909982977631093565e-03,-1.671219317569156218e-02,0.000000000000000000e+00,0.000000000000000000e+00,2.000000000000000000e+04
2.121212121212121271e-01,1.212121212121212155e-01,-9.106675895769656207e-03,-1.972996710540313517e-02,0.000000000000000000e+00,0.000000000000000000e+00,2.000000000000000000e+04
2.424242424242424310e-01,1.212121212121212155e-01,-1.021881700187475886e-02,-2.273114809211674095e-02,0.000000000000000000e+00,0.000000000000000000e+00,2.000000000000000000e+04
2.727272727272727071e-01,1.212121212121212155e-01,-1.124434816943567159e-02,-2.570900053926925000e-02,0.000000000000000000e+00,0.000000000000000000e+00,2.000000000000000000e+04
3.030303030303030387e-01,1.212121212121212155e-01,-1.218405330042516242e-02,-2.865833793106025568e-02,0.000000000000000000e+00,0.000000000000000000e+00,2.000000000000000000e+04
3.333333333333333148e-01,1.212121212121212155e-01,-1.304030832390329527e-02,-3.157467517442833632e-02,0.000000000000000000e+00,0.000000000000000000e+00,2.000000000000000000e+04
3.636363636363636465e-01,1.212121212121212155e-01,-1.381637655430942128e-02,-3.445389623356421432e-02,0.000000000000000000e+00,0.000000000000000000e+00,2.000000000000000000e+04
3.939393939393939226e-01,1.212121212121212155e-01,-1.451600862037746333e-02,-3.729213965831817967e-02,0.000000000000000000e+00,0.000000000000000000e+00,2.000000000000000000e+04
4.242424242424242542e-01,1.212121212121212155e-01,-1.514321315006336537e-02,-4.008577548335845453e-02,0.000000000000000000e+00,0.000000000000000000e+00,2.000000000000000000e+04
4.545454545454545303e-01,1.212121212121212155e-01,-1.570212392993407605e-02,-4.283141915881684414e-02,0.000000000000000000e+00,0.000000000000000000e+00,2.000000000000000000e+04
4.848484848484848619e-01,1.212121212121212155e-01,-1.619692197453500085e-02,-4.552595945566776520e-02,0.000000000000000000e+00,0.000000000000000000e+00,2.000000000000000000e+04
5.151515151515151381e-01,1.212121212121212155e-01,-1.663178901723475975e-02,-4.816659114760768468e-02,0.000000000000000000e+00,0.000000000000000000e+00,2.000000000000000000e+04
5.454545454545454142e-01,1.212121212121212155e-01,-1.701087903043180596e-02,-5.075084952308276526e-02,0.000000000000000000e+00,0.000000000000000000e+00,2.000000000000000000e+04
5.757575757575758013e-01,1.212121212121212155e-01,-1.733830010411454431e-02,-5.327664665899839447e-02,0.000000000000000000e+00,0.000000000000000000e+00,2.000000000000000000e+04
6.060606060606060774e-01,1.212121212121212155e-01,-1.761810232334663079e-02,-5.574231075956712772e-02,0.000000000000000000e+00,0.000000000000000000e+00,2.000000000000000000e+04
6.363636363636363535e-01,1.212121212121212155e-01,-1.785426927946809697e-02,-5.814663056285502424e-02,0.000000000000000000e+00,0.000000000000000000e+00,2.000000000000000000e+04
6.666666666666666297e-01,1.212121212121212155e-01,-1.805071215329360351e-02,-6.048890720797629045e-02,0.000000000000000000e+00,0.000000000000000000e+00,2.000000000000000000e+04
6.969696969696970168e-01,1.212121212121212155e-01,-1.821126630081698616e-02,-6.276901617715285875e-02,0.000000000000000000e+00,0.000000000000000000e+00,2.000000000000000000e+04
7.272727272727272929e-01,1.212121212121212155e-01,-1.833969120097575858e-02,-6.498748199870961473e-02,0.000000000000000000e+00,0.000000000000000000e+00,2.000000000000000000e+04
7.575757575757575690e-01,1.212121212121212155e-01,-1.843967566311054129e-02,-6.714556826402109935e-02,0.000000000000000000e+00,0.000000000000000000e+00,2.000000000000000000e+04
7.878787878787878451e-01,1.212121212121212155e-01,-1.851485144676136632e-02,-6.924538507148424171e-02,0.000000000000000000e+00,0.000000000000000000e+00,2.000000000000000000e+04
8.181818181818182323e-01,1.212121212121212155e-01,-1.856881992975212628e-02,-7.129001517472462190e-02,0.000000000000000000e+00,0.000000000000000000e+00,2.000000000000000000e+04
8.484848484848485084e-01,1.212121212121212155e-01,-1.860519800641877858e-02,-7.328365898706740156e-02,0.000000000000000000e+00,0.000000000000000000e+00,2.000000000000000000e+04
8.787878787878787845e-01,1.212121212121212155e-01,-1.862769055841770674e-02,-7.523179801735935257e-02,0.000000000000000000e+00,0.000000000000000000e+00,2.000000000000000000e+04
9.090909090909090606e-01,1.212121212121212155e-01,-1.864019693195189190e-02,-7.714137932649985097e-02,0.000000000000000000e+00,0.000000000000000000e+00,2.000000000000000000e+04
9.393939393939394478e-01,1.212121212121212155e-01,-1.864695792644465583e-02,-7.902103935736883022e-02,0.000000000000000000e+00,0.000000000000000000e+00,2.000000000000000000e+04
9.696969696969697239e-01,1.212121212121212155e-01,-1.865275345117438019e-02,-8.088143921634204092e-02,0.000000000000000000e+00,0.000000000000000000e+00,2.000000000000000000e+04
1.000000000000000000e+00,1.212121212121212155e-01,-1.866319944210484069e-02,-8.273593852872175580e-02,0.000000000000000000e+00,0.000000000000000000e+00,2.000000000000000000e+04
0.000000000000000000e+00,1.515151515151515194e-01,0.000000000000000000e+00,0.000000000000000000e+00,1.000000000000000000e+00,0.000000000000000000e+00,2.000000000000000000e+04
3.030303030303030387e-02,1.515151515151515194e-01,-1.086863902323044169e-03,-2.222942601636797560e-03,0.000000000000000000e+00,0.000000000000000000e+00,2.000000000000000000e+04
6.060606060606060774e-02,1.515151515151515194e-01,-2.194297180039310718e-03,-4.749636871266405165e-03,0.000000000000000000e+00,0.000000000000000000e+00,2.000000000000000000e+04
9.090909090909091161e-02,1.515151515151515194e-01,-3.331542934442609065e-03,-7.496387655222051284e-03,0.000000000000000000e+00,0.000000000000000000e+00,2.000000000000000000e+04
1.212121212121212155e-01,1.515151515151515194e-01,-4.484843058125525736e-03,-1.038519955922003780e-02,0.000000000000000000e+00,0.000000000000000000e+00,2.000000000000000000e+04
1.515151515151515194e-01,1.515151515151515194e-01,-5.629722729588464494e-03,-1.335455235568668193e-02,0.000000000000000000e+00,0.000000000000000000e+00,2.000000000000000000e+04
1.818181818181818232e-01,1.515151515151515194e-01,-6.742239509474869975e-03,-1.636197474740245378e-02,0.000000000000000000e+00,0.000000000000000000e+00,2.000000000000000000e+04
2.121212121212121271e-01,1.515151515151515194e-01,-7.804711278026997025e-03,-1.938065320702244895e-02,0.000000000000000000e+00,0.000000000000000000e+00,2.000000000000000000e+04
2.424242424242424310e-01,1.515151515151515194e-01,-8.806162252709366645e-03,-2.239386830221505933e-02,0.000000000000000000e+00,0.000000000000000000e+00,2.000000000000000000e+04
2.727272727272727071e-01,1.515151515151515194e-01,-9.740636003513169355e-03,-2.539053466895500530e-02,0.000000000000000000e+00,0.000000000000000000e+00,2.000000000000000000e+04
3.030303030303030387e-01,1.515151515151515194e-01,-1.060555829685116448e-02,-2.836262154919914902e-02,0.000000000000000000e+00,0.000000000000000000e+00,2.000000000000000000e+04
3.333333333333333148e-01,1.515151515151515194e-01,-1.140055808736646983e-02,-3.130379918491864311e-02,0.000000000000000000e+00,0.000000000000000000e+00,2.000000000000000000e+04
3.636363636363636465e-01,1.515151515151515194e-01,-1.212668497715899303e-02,-3.420874962124099972e-02,0.000000000000000000e+00,0.000000000000000000e+00,2.000000000000000000e+04
3.939393939393939226e-01,1.515151515151515194e-01,-1.278590226753144495e-02,-3.707282117175956376e-02,0.000000000000000000e+00,0.000000000000000000e+00,2.000000000000000000e+04
4.242424242424242542e-01,1.515151515151515194e-01,-1.338075953400173594e-02,-3.989185922976448001e-02,0.000000000000000000e+00,0.000000000000000000e+00,2.000000000000000000e+04
4.545454545454545303e-01,1.515151515151515194e-01,-1.391417968888354791e-02,-4.266212796667682300e-02,0.000000000000000000e+00,0.000000000000000000e+00,2.000000000000000000e+04
4.848484848484848619e-01,1.515151515151515194e-01,-1.438931874918122390e-02,-4.538027942520990454e-02,0.000000000000000000e+00,0.000000000000000000e+00,2.000000000000000000e+04
5.151515151515151381e-01,1.515151515151515194e-01,-1.480947197792475620e-02,-4.804334798746932172e-02,0.000000000000000000e+00,0.000000000000000000e+00,2.000000000000000000e+04
5.454545454545454142e-01,1.515151515151515194e-01,-1.517800992975739012e-02,-5.064875930777507779e-02,0.000000000000000000e+00,0.000000000000000000e+00,2.000000000000000000e+04
5.757575757575758013e-01,1.515151515151515194e-01,-1.549833416640895856e-02,-5.319434864756094478e-02,0.000000000000000000e+00,0.000000000000000000e+00,2.000000000000000000e+04
6.060606060606060774e-01,1.515151515151515194e-01,-1.577384638531303604e-02,-5.567838669320089584e-02,0.000000000000000000e+00,0.000000000000000000e+00,2.000000000000000000e+04
6.363636363636363535e-01,1.515151515151515194e-01,-1.600792731933645824e-02,-5.809961266305349592e-02,0.000000000000000000e+00,0.000000000000000000e+00,2.000000000000000000e+04
6.666666666666666297e-01,1.515151515151515194e-01,-1.620392359117302228e-02,-6.045727546043113548e-02,0.000000000000000000e+00,0.000000000000000000e+00,2.000000000000000000e+04
6.969696969696970168e-01,1.515151515151515194e-01,-1.636514211383673090e-02,-6.275118411435000321e-02,0.000000000000000000e+00,0.000000000000000000e+00,2.000000000000000000e+04
7.272727272727272929e-01,1.515151515151515194e-01,-1.649485286306413140e-02,-6.498176890082645041e-02,0.000000000000000000e+00,0.000000000000000000e+00,2.000000000000000000e+04
7.575757575757575690e-01,1.515151515151515194e-01,-1.659630206553959833e-02,-6.715015438999466513e-02,0.000000000000000000e+00,0.000000000000000000e+00,2.000000000000000000e+04
7.878787878787878451e-01,1.515151515151515194e-01,-1.667273913219565612e-02,-6.925824522256521232e-02,0.000000000000000000e+00,0.000000000000000000e+00,2.000000000000000000e+04
8.181818181818182323e-01,1.515151515151515194e-01,-1.672746202276598898e-02,-7.130882474610412969e-02,0.000000000000000000e+00,0.000000000000000000e+00,2.000000000000000000e+04
8.484848484848485084e-01,1.515151515151515194e-01,-1.676388707903448197e-02,-7.330566604758087523e-02,0.000000000000000000e+00,0.000000000000000000e+00,2.000000000000000000e+04
8.787878787878787845e-01,1.515151515151515194e-01,-1.678565062225539917e-02,-7.525365537908015878e-02,0.000000000000000000e+00,0.000000000000000000e+00,2.000000000000000000e+04
9.090909090909090606e-01,1.515151515151515194e-01,-1.679675103928877575e-02,-7.715893201237213062e-02,0.000000000000000000e+00,0.000000000000000000e+00,2.000000000000000000e+04
9.393939393939394478e-01,1.515151515151515194e-01,-1.680174356392062640e-02,-7.902906189675333593e-02,0.000000000000000000e+00,0.000000000000000000e+00,2.000000000000000000e+04
9.696969696969697239e-01,1.515151515151515194e-01,-1.680601272734832952e-02,-8.087329606509416347e-02,0.000000000000000000e+00,0.000000000000000000e+00,2.000000000000000000e+04
1.000000000000000000e+00,1.515151515151515194e-01,-1.681619140566692483e-02,-8.270303063337315630e-02,0.000000000000000000e+00,0.000000000000000000e+00,2.000000000000000000e+04
0.000000000000000000e+00,1.818181818181818232e-01,0.000000000000000000e+00,0.000000000000000000e+00,1.000000000000000000e+00,0.000000000000000000e+00,2.000000000000000000e+04
3.030303030303030387e-02,1.818181818181818232e-01,-9.477707440786160105e-04,-2.216287793629525323e-03,0.000000000000000000e+00,0.000000000000000000e+00,2.000000000000000000e+04
6.060606060606060774e-02,1.818181818181818232e-01,-1.898514189381488590e-03,-4.694238904307221870e-03,0.000000000000000000e+00,0.000000000000000000e+00,2.000000000000000000e+04
9.090909090909091161e-02,1.818181818181818232e-01,-2.864741468590583512e-03,-7.376932884110133301e-03,0.000000000000000000e+00,0.000000000000000000e+00,2.000000000000000000e+04
1.212121212121212155e-01,1.818181818181818232e-01,-3.843457061689685688e-03,-1.020646330341532827e-02,0.000000000000000000e+00,0.000000000000000000e+00,2.000000000000000000e+04
1.515151515151515194e-01,1.818181818181818232e-01,-4.821838991551466967e-03,-1.313199129114504295e-02,0.000000000000000000e+00,0.000000000000000000e+00,2.000000000000000000e+04
1.818181818181818232e-01,1.818181818181818232e-01,-5.783671105225634407e-03,-1.611342092843526946e-02,0.000000000000000000e+00,0.000000000000000000e+00,2.000000000000000000e+04
2.121212121212121271e-01,1.818181818181818232e-01,-6.714092102045831484e-03,-1.912147403251642300e-02,0.000000000000000000e+00,0.000000000000000000e+00,2.000000000000000000e+04
2.424242424242424310e-01,1.818181818181818232e-01,-7.601757691007507076e-03,-2.213556646722673535e-02,0.000000000000000000e+00,0.000000000000000000e+00,2.000000000000000000e+04
2.727272727272727071e-01,1.818181818181818232e-01,-8.439022282238764494e-03,-2.514113480237683759e-02,0.000000000000000000e+00,0.000000000000000000e+00,2.000000000000000000e+04
3.030303030303030387e-01,1.818181818181818232e-01,-9.221280771069558999e-03,-2.812747308821935549e-02,0.000000000000000000e+00,0.000000000000000000e+00,2.000000000000000000e+04
3.333333333333333148e-01,1.818181818181818232e-01,-9.946200616388392243e-03,-3.108631026115533588e-02,0.000000000000000000e+00,0.000000000000000000e+00,2.000000000000000000e+04
3.636363636363636465e-01,1.818181818181818232e-01,-1.061308071457157769e-02,-3.401095021470308677e-02,0.000000000000000000e+00,0.000000000000000000e+00,2.000000000000000000e+04
3.939393939393939226e-01,1.818181818181818232e-01,-1.122237027800179060e-02,-3.689576941476099131e-02,0.000000000000000000e+00,0.000000000000000000e+00,2.000000000000000000e+04
4.242424242424242542e-01,1.818181818181818232e-01,-1.177532227141044573e-02,-3.973592792327429457e-02,0.000000000000000000e+00,0.000000000000000000e+00,2.000000000000000000e+04
4.545454545454545303e-01,1.818181818181818232e-01,-1.227374729449132694e-02,-4.252720525689347025e-02,0.000000000000000000e+00,0.000000000000000000e+00,2.000000000000000000e+04
4.848484848484848619e-01,1.818181818181818232e-01,-1.271983905188261987e-02,-4.526590924148151535e-02,0.000000000000000000e+00,0.000000000000000000e+00,2.000000000000000000e+04
5.151515151515151381e-01,1.818181818181818232e-01,-1.311605001110570899e-02,-4.794882814796627007e-02,0.000000000000000000e+00,0.000000000000000000e+00,2.000000000000000000e+04
5.454545454545454142e-01,1.818181818181818232e-01,-1.346500227267868714e-02,-5.057320931531030656e-02,0.000000000000000000e+00,0.000000000000000000e+00,2.000000000000000000e+04
5.757575757575758013e-01,1.818181818181818232e-01,-1.376942353115044766e-02,-5.313675495789593056e-02,0.000000000000000000e+00,0.000000000000000000e+00,2.000000000000000000e+04
6.060606060606060774e-01,1.818181818181818232e-01,-1.403210152143968999e-02,-5.563763020740093018e-02,0.000000000000000000e+00,0.000000000000000000e+00,2.000000000000000000e+04
6.363636363636363535e-01,1.818181818181818232e-01,-1.425585289083537363e-02,-5.807448097051997465e-02,0.000000000000000000e+00,0.000000000000000000e+00,2.000000000000000000e+04
6.666666666666666297e-01,1.818181818181818232e-01,-1.444350434239959936e-02,-6.044646063015168824e-02,0.000000000000000000e+00,0.000000000000000000e+00,2.000000000000000000e+04
6.969696969696970168e-01,1.818181818181818232e-01,-1.459788541347544454e-02,-6.275326537882046363e-02,0.000000000000000000e+00,0.000000000000000000e+00,2.000000000000000000e+04
7.272727272727272929e-01,1.818181818181818232e-01,-1.472183356515122631e-02,-6.499517825688111428e-02,0.000000000000000000e+00,0.000000000000000000e+00,2.000000000000000000e+04
7.575757575757575690e-01,1.818181818181818232e-01,-1.481821348537893865e-02,-6.717312188003603246e-02,0.000000000000000000e+00,0.000000000000000000e+00,2.000000000000000000e+04
7.878787878787878451e-01,1.818181818181818232e-01,-1.488995371758263832e-02,-6.928871945511597130e-02,0.000000000000000000e+00,0.000000000000000000e+00,2.000000000000000000e+04
8.181818181818182323e-01,1.818181818181818232e-01,-1.494010494425779614e-02,-7.134436312662534307e-02,0.000000000000000000e+00,0.000000000000000000e+00,2.000000000000000000e+04
8.484848484848485084e-01,1.818181818181818232e-01,-1.497192550499971270e-02,-7.334328828106634335e-02,0.000000000000000000e+00,0.000000000000000000e+00,2.000000000000000000e+04
8.787878787878787845e-01,1.818181818181818232e-01,-1.498900116027917367e-02,-7.528965287728527078e-02,0.000000000000000000e+00,0.000000000000000000e+00,2.000000000000000000e+04
9.090909090909090606e-01,1.818181818181818232e-01,-1.499540836250050357e-02,-7.718862358334616092e-02,0.000000000000000000e+00,0.000000000000000000e+00,2.000000000000000000e+04
9.393939393939394478e-01,1.818181818181818232e-01,-1.499593536447700950e-02,-7.904647766960029576e-02,0.000000000000000000e+00,0.000000000000000000e+00,2.000000000000000000e+04
9.696969696969697239e-01,1.818181818181818232e-01,-1.499638851690286365e-02,-8.087074246533619559e-02,0.000000000000000000e+00,0.000000000000000000e+00,2.000000000000000000e+04
1.000000000000000000e+00,1.818181818181818232e-01,-1.500404249240126081e-02,-8.267040287184858338e-02,0.000000000000000000e+00,0.000000000000000000e+00,2.000000000000000000e+04
0.000000000000000000e+00,2.121212121212121271e-01,0.000000000000000000e+00,0.000000000000000000e+00,1.000000000000000000e+00,0.000000000000000000e+00,2.000000000000000000e+04
3.030303030303030387e-02,2.121212121212121271e-01,-8.341859684275836594e-04,-2.229293948797965788e-03,0.000000000000000000e+00,0.000000000000000000e+00,2.000000000000000000e+04
6.060606060606060774e-02,2.121212121212121271e-01,-1.659641221444354284e-03,-4.685169597980301005e-03,0.000000000000000000e+00,0.000000000000000000e+00,2.000000000000000000e+04
9.090909090909091161e-02,2.121212121212121271e-01,-2.489043787996331625e-03,-7.327723983621148469e-03,0.000000000000000000e+00,0.000000000000000000e+00,2.000000000000000000e+04
1.212121212121212155e-01,2.121212121212121271e-01,-3.324620266943589982e-03,-1.011346089998084452e-02,0.000000000000000000e+00,0.000000000000000000e+00,2.000000000000000000e+04
1.515151515151515194e-01,2.121212121212121271e-01,-4.160733886012949433e-03,-1.300116526811605742e-02,0.000000000000000000e+00,0.000000000000000000e+00,2.000000000000000000e+04
1.818181818181818232e-01,2.121212121212121271e-01,-4.987484305404429538e-03,-1.595533629346975596e-02,0.000000000000000000e+00,0.000000000000000000e+00,2.000000000000000000e+04
2.121212121212121271e-01,2.121212121212121271e-01,-5.793977479799431590e-03,-1.894742799562516497e-02,0.000000000000000000e+00,0.000000000000000000e+00,2.000000000000000000e+04
2.424242424242424310e-01,2.121212121212121271e-01,-6.570489590668364584e-03,-2.195545728489037285e-02,0.000000000000000000e+00,0.000000000000000000e+00,2.000000000000000000e+04
2.727272727272727071e-01,2.121212121212121271e-01,-7.309419419842962638e-03,-2.496276190507778700e-02,0.000000000000000000e+00,0.000000000000000000e+00,2.000000000000000000e+04
3.030303030303030387e-01,2.121212121212121271e-01,-8.005395593710884494e-03,-2.795660662212857972e-02,0.000000000000000000e+00,0.000000000000000000e+00,2.000000000000000000e+04
3.333333333333333148e-01,2.121212121212121271e-01,-8.654990548172872972e-03,-3.092702671256133962e-02,0.000000000000000000e+00,0.000000000000000000e+00,2.000000000000000000e+04
3.636363636363636465e-01,2.121212121212121271e-01,-9.256333316589085078e-03,-3.386600049866239637e-02,0.000000000000000000e+00,0.000000000000000000e+00,2.000000000000000000e+04
3.939393939393939226e-01,2.121212121212121271e-01,-9.808747141028301489e-03,-3.676689818711929153e-02,0.000000000000000000e+00,0.000000000000000000e+00,2.000000000000000000e+04
4.242424242424242542e-01,2.121212121212121271e-01,-1.031244993241568937e-02,-3.962412716010871999e-02,0.000000000000000000e+00,0.000000000000000000e+00,2.000000000000000000e+04
4.545454545454545303e-01,2.121212121212121271e-01,-1.076831964716463627e-02,-4.243290762126004922e-02,0.000000000000000000e+00,0.000000000000000000e+00,2.000000000000000000e+04
4.848484848484848619e-01,2.121212121212121271e-01,-1.117771500796204028e-02,-4.518913235541973522e-02,0.000000000000000000e+00,0.000000000000000000e+00,2.000000000000000000e+04
5.151515151515151381e-01,2.121212121212121271e-01,-1.154234009910773927e-02,-4.788928044801809419e-02,0.000000000000000000e+00,0.000000000000000000e+00,2.000000000000000000e+04
5.454545454545454142e-01,2.121212121212121271e-01,-1.186414283076014931e-02,-5.053036598070025087e-02,0.000000000000000000e+00,0.000000000000000000e+00,2.000000000000000000e+04
5.757575757575758013e-01,2.121212121212121271e-01,-1.214523955730516941e-02,-5.310991001280287310e-02,0.000000000000000000e+00,0.000000000000000000e+00,2.000000000000000000e+04
6.060606060606060774e-01,2.121212121212121271e-01,-1.238786035543730513e-02,-5.562592878128856666e-02,0.000000000000000000e+00,0.000000000000000000e+00,2.000000000000000000e+04
6.363636363636363535e-01,2.121212121212121271e-01,-1.259431137543137562e-02,-5.807693392074777389e-02,0.000000000000000000e+00,0.000000000000000000e+00,2.000000000000000000e+04
6.666666666666666297e-01,2.121212121212121271e-01,-1.276695227468158111e-02,-6.046194222656344625e-02,0.000000000000000000e+00,0.000000000000000000e+00,2.000000000000000000e+04
6.969696969696970168e-01,2.121212121212121271e-01,-1.290818810006472486e-02,-6.278049343350131095e-02,0.000000000000000000e+00,0.000000000000000000e+00,2.000000000000000000e+04
7.272727272727272929e-01,2.121212121212121271e-01,-1.302047618722588194e-02,-6.503267488157174481e-02,0.000000000000000000e+00,0.000000000000000000e+00,2.000000000000000000e+04
7.575757575757575690e-01,2.121212121212121271e-01,-1.310634975674903821e-02,-6.721915192520708238e-02,0.000000000000000000e+00,0.000000000000000000e+00,2.000000000000000000e+04
7.878787878787878451e-01,2.121212121212121271e-01,-1.316846095529742959e-02,-6.934120261154290421e-02,0.000000000000000000e+00,0.000000000000000000e+00,2.000000000000000000e+04
8.181818181818182323e-01,2.121212121212121271e-01,-1.320964715242828671e-02,-7.140075463416054036e-02,0.000000000000000000e+00,0.000000000000000000e+00,2.000000000000000000e+04
8.484848484848485084e-01,2.121212121212121271e-01,-1.323302543508090429e-02,-7.340042207590120882e-02,0.000000000000000000e+00,0.000000000000000000e+00,2.000000000000000000e+04
8.787878787878787845e-01,2.121212121212121271e-01,-1.324212166068656008e-02,-7.534353935115795098e-02,0.000000000000000000e+00,0.000000000000000000e+00,2.000000000000000000e+04
9.090909090909090606e-01,2.121212121212121271e-01,-1.324104273110669923e-02,-7.723419049115515245e-02,0.000000000000000000e+00,0.000000000000000000e+00,2.000000000000000000e+04
9.393939393939394478e-01,2.121212121212121271e-01,-1.323470530060291347e-02,-7.907723342901031016e-02,0.000000000000000000e+00,0.000000000000000000e+00,2.000000000000000000e+04
9.696969696969697239e-01,2.121212121212121271e-01,-1.322914344572217148e-02,-8.087831829315947352e-02,0.000000000000000000e+00,0.000000000000000000e+00,2.000000000000000000e+04
1.000000000000000000e+00,2.121212121212121271e-01,-1.323193454637391908e-02,-8.264388245626183571e-02,0.000000000000000000e+00,0.000000000000000000e+00,2.000000000000000000e+04
0.000000000000000000e+00,2.424242424242424310e-01,0.000000000000000000e+00,0.000000000000000000e+00,1.000000000000000000e+00,0.000000000000000000e+00,2.000000000000000000e+04
3.030303030303030387e-02,2.424242424242424310e-01,-7.389763839002774738e-04,-2.255039560969608788e-03,0.000000000000000000e+00,0.000000000000000000e+00,2.000000000000000000e+04
6.060606060606060774e-02,2.424242424242424310e-01,-1.461080572651616465e-03,-4.707654905234797196e-03,0.000000000000000000e+00,0.000000000000000000e+00,2.000000000000000000e+04
9.090909090909091161e-02,2.424242424242424310e-01,-2.178075424294924085e-03,-7.328982419156912682e-03,0.000000000000000000e+00,0.000000000000000000e+00,2.000000000000000000e+04
1.212121212121212155e-01,2.424242424242424310e-01,-2.894622050454920530e-03,-1.008578852145761151e-02,0.000000000000000000e+00,0.000000000000000000e+00,2.000000000000000000e+04
1.515151515151515194e-01,2.424242424242424310e-01,-3.609376752504225242e-03,-1.294471153759050100e-02,0.000000000000000000e+00,0.000000000000000000e+00,2.000000000000000000e+04
1.818181818181818232e-01,2.424242424242424310e-01,-4.316979737903727139e-03,-1.587512476401293018e-02,0.000000000000000000e+00,0.000000000000000000e+00,2.000000000000000000e+04
2.121212121212121271e-01,2.424242424242424310e-01,-5.010173369715767260e-03,-1.885064957823861034e-02,0.000000000000000000e+00,0.000000000000000000e+00,2.000000000000000000e+04
2.424242424242424310e-01,2.424242424242424310e-01,-5.681513898708931073e-03,-2.184953883757236037e-02,0.000000000000000000e+00,0.000000000000000000e+00,2.000000000000000000e+04
2.727272727272727071e-01,2.424242424242424310e-01,-6.324442883187107213e-03,-2.485430306524523750e-02,0.000000000000000000e+00,0.000000000000000000e+00,2.000000000000000000e+04
3.030303030303030387e-01,2.424242424242424310e-01,-6.933762380714818610e-03,-2.785098067152549928e-02,0.000000000000000000e+00,0.000000000000000000e+00,2.000000000000000000e+04
3.333333333333333148e-01,2.424242424242424310e-01,-7.505705908068544506e-03,-3.082836017359650085e-02,0.000000000000000000e+00,0.000000000000000000e+00,2.000000000000000000e+04
3.636363636363636465e-01,2.424242424242424310e-01,-8.037802983845404592e-03,-3.377731682064001595e-02,0.000000000000000000e+00,0.000000000000000000e+00,2.000000000000000000e+04
3.939393939393939226e-01,2.424242424242424310e-01,-8.528670109715646638e-03,-3.669030806748816570e-02,0.000000000000000000e+00,0.000000000000000000e+00,2.000000000000000000e+04
4.242424242424242542e-01,2.424242424242424310e-01,-8.977796510038471220e-03,-3.956101256009508099e-02,0.000000000000000000e+00,0.000000000000000000e+00,2.000000000000000000e+04
4.545454545454545303e-01,2.424242424242424310e-01,-9.385352979453750327e-03,-4.238408003806390378e-02,0.000000000000000000e+00,0.000000000000000000e+00,2.000000000000000000e+04
4.848484848484848619e-01,2.424242424242424310e-01,-9.752032083352145386e-03,-4.515496105206311811e-02,0.000000000000000000e+00,0.000000000000000000e+00,2.000000000000000000e+04
5.151515151515151381e-01,2.424242424242424310e-01,-1.007891925276633779e-02,-4.786979225466608118e-02,0.000000000000000000e+00,0.000000000000000000e+00,2.000000000000000000e+04
5.454545454545454142e-01,2.424242424242424310e-01,-1.036739128195988784e-02,-5.052531995529060960e-02,0.000000000000000000e+00,0.000000000000000000e+00,2.000000000000000000e+04
5.757575757575758013e-01,2.424242424242424310e-01,-1.061903827312801231e-02,-5.311885012186114835e-02,0.000000000000000000e+00,0.000000000000000000e+00,2.000000000000000000e+04
6.060606060606060774e-01,2.424242424242424310e-01,-1.083560566245670050e-02,-5.564821694865143553e-02,0.000000000000000000e+00,0.000000000000000000e+00,2.000000000000000000e+04
6.363636363636363535e-01,2.424242424242424310e-01,-1.101895391609845724e-02,-5.811176476949909964e-02,0.000000000000000000e+00,0.000000000000000000e+00,2.000000000000000000e+04
6.666666666666666297e-01,2.424242424242424310e-01,-1.117103451579924342e-02,-6.050833979220059111e-02,0.000000000000000000e+00,0.000000000000000000e+00,2.000000000000000000e+04
6.969696969696970168e-01,2.424242424242424310e-01,-1.129388185876767370e-02,-6.283728911271375950e-02,0.000000000000000000e+00,0.000000000000000000e+00,2.000000000000000000e+04
7.272727272727272929e-01,2.424242424242424310e-01,-1.138962165002701740e-02,-6.509846491184576034e-02,0.000000000000000000e+00,0.000000000000000000e+00,2.000000000000000000e+04
7.575757575757575690e-01,2.424242424242424310e-01,-1.146049727197956565e-02,-6.729223176227655534e-02,0.000000000000000000e+00,0.000000000000000000e+00,2.000000000000000000e+04
7.878787878787878451e-01,2.424242424242424310e-01,-1.150891648975657655e-02,-6.941947467177302100e-02,0.000000000000000000e+00,0.000000000000000000e+00,2.000000000000000000e+04
8.181818181818182323e-01,2.424242424242424310e-01,-1.153752172086852136e-02,-7.148160494970839940e-02,0.000000000000000000e+00,0.000000000000000000e+00,2.000000000000000000e+04
8.484848484848485084e-01,2.424242424242424310e-01,-1.154928803533166251e-02,-7.348056031266404775e-02,0.000000000000000000e+00,0.000000000000000000e+00,2.000000000000000000e+04
8.787878787878787845e-01,2.424242424242424310e-01,-1.154765423481558459e-02,-7.541879492421699194e-02,0.000000000000000000e+00,0.000000000000000000e+00,2.000000000000000000e+04
9.090909090909090606e-01,2.424242424242424310e-01,-1.153669416539538153e-02,-7.729925416071851962e-02,0.000000000000000000e+00,0.000000000000000000e+00,2.000000000000000000e+04
9.393939393939394478e-01,2.424242424242424310e-01,-1.152133849549432862e-02,-7.912532681467830675e-02,0.000000000000000000e+00,0.000000000000000000e+00,2.000000000000000000e+04
9.696969696969697239e-01,2.424242424242424310e-01,-1.150766217853615124e-02,-8.090076060846952688e-02,0.000000000000000000e+00,0.000000000000000000e+00,2.000000000000000000e+04
1.000000000000000000e+00,2.424242424242424310e-01,-1.150325868236899869e-02,-8.262950538447194626e-02,0.000000000000000000e+00,0.000000000000000000e+00,2.000000000000000000e+04
0.000000000000000000e+00,2.727272727272727071e-01,0.000000000000000000e+00,0.000000000000000000e+00,1.000000000000000000e+00,0.000000000000000000e+00,2.000000000000000000e+04
3.030303030303030387e-02,2.727272727272727071e-01,-6.575797776066868734e-04,-2.289525305449732935e-03,0.000000000000000000e+00,0.000000000000000000e+00,2.000000000000000000e+04
6.060606060606060774e-02,2.727272727272727071e-01,-1.292360553785122353e-03,-4.752586801373333628e-03,0.000000000000000000e+00,0.000000000000000000e+00,2.000000000000000000e+04
9.090909090909091161e-02,2.727272727272727071e-01,-1.914886285093014492e-03,-7.367608260174087452e-03,0.000000000000000000e+00,0.000000000000000000e+00,2.000000000000000000e+04
1.212121212121212155e-01,2.727272727272727071e-01,-2.530829020110884810e-03,-1.010867288594718624e-02,0.000000000000000000e+00,0.000000000000000000e+00,2.000000000000000000e+04
1.515151515151515194e-01,2.727272727272727071e-01,-3.141361163445843731e-03,-1.294857995473330803e-02,0.000000000000000000e+00,0.000000000000000000e+00,2.000000000000000000e+04
1.818181818181818232e-01,2.727272727272727071e-01,-3.744228884162373577e-03,-1.586112610421724911e-02,0.000000000000000000e+00,0.000000000000000000e+00,2.000000000000000000e+04
2.121212121212121271e-01,2.727272727272727071e-01,-4.335084644672631583e-03,-1.882255193641160090e-02,0.000000000000000000e+00,0.000000000000000000e+00,2.000000000000000000e+04
2.424242424242424310e-01,2.727272727272727071e-01,-4.908726988595590347e-03,-2.181222446353552058e-02,0.000000000000000000e+00,0.000000000000000000e+00,2.000000000000000000e+04
2.727272727272727071e-01,2.727272727272727071e-01,-5.460036175090955332e-03,-2.481273002030493988e-02,0.000000000000000000e+00,0.000000000000000000e+00,2.000000000000000000e+04
3.030303030303030387e-01,2.727272727272727071e-01,-5.984545588730886059e-03,-2.780959871971327990e-02,0.000000000000000000e+00,0.000000000000000000e+00,2.000000000000000000e+04
3.333333333333333148e-01,2.727272727272727071e-01,-6.478701079177832597e-03,-3.079086491223226307e-02,0.000000000000000000e+00,0.000000000000000000e+00,2.000000000000000000e+04
3.636363636363636465e-01,2.727272727272727071e-01,-6.939908288803292753e-03,-3.374660836308189527e-02,0.000000000000000000e+00,0.000000000000000000e+00,2.000000000000000000e+04
3.939393939393939226e-01,2.727272727272727071e-01,-7.366462810169333367e-03,-3.666855209856484388e-02,0.000000000000000000e+00,0.000000000000000000e+00,2.000000000000000000e+04
4.242424242424242542e-01,2.727272727272727071e-01,-7.757429690472306648e-03,-3.954974127890023561e-02,0.000000000000000000e+00,0.000000000000000000e+00,2.000000000000000000e+04
4.545454545454545303e-01,2.727272727272727071e-01,-8.112510869970048985e-03,-4.238429976154387685e-02,0.000000000000000000e+00,0.000000000000000000e+00,2.000000000000000000e+04
4.848484848484848619e-01,2.727272727272727071e-01,-8.431919931684735831e-03,-4.516725073559113568e-02,0.000000000000000000e+00,0.000000000000000000e+00,2.000000000000000000e+04
5.151515151515151381e-01,2.727272727272727071e-01,-8.716272443837894124e-03,-4.789438645655637317e-02,0.000000000000000000e+00,0.000000000000000000e+00,2.000000000000000000e+04
5.454545454545454142e-01,2.727272727272727071e-01,-8.966494489667299964e-03,-5.056217420986376665e-02,0.000000000000000000e+00,0.000000000000000000e+00,2.000000000000000000e+04
5.757575757575758013e-01,2.727272727272727071e-01,-9.183749426585610318e-03,-5.316768850975699817e-02,0.000000000000000000e+00,0.000000000000000000e+00,2.000000000000000000e+04
6.060606060606060774e-01,2.727272727272727071e-01,-9.369382042370156746e-03,-5.570856213712199051e-02,0.000000000000000000e+00,0.000000000000000000e+00,2.000000000000000000e+04
6.363636363636363535e-01,2.727272727272727071e-01,-9.524879250467840897e-03,-5.818295062127324530e-02,0.000000000000000000e+00,0.000000000000000000e+00,2.000000000000000000e+04
6.666666666666666297e-01,2.727272727272727071e-01,-9.651846846574043889e-03,-6.058950615865917738e-02,0.000000000000000000e+00,0.000000000000000000e+00,2.000000000000000000e+04
6.969696969696970168e-01,2.727272727272727071e-01,-9.752002408542672848e-03,-6.292735780941138835e-02,0.000000000000000000e+00,0.000000000000000000e+00,2.000000000000000000e+04
7.272727272727272929e-01,2.727272727272727071e-01,-9.827185050363130767e-03,-6.519609520689591264e-02,0.000000000000000000e+00,0.000000000000000000e+00,2.000000000000000000e+04
7.575757575757575690e-01,2.727272727272727071e-01,-9.879383385805330653e-03,-6.739575303029622655e-02,0.000000000000000000e+00,0.000000000000000000e+00,2.000000000000000000e+04
7.878787878787878451e-01,2.727272727272727071e-01,-9.910783697239933590e-03,-6.952679318581256318e-02,0.000000000000000000e+00,0.000000000000000000e+00,2.000000000000000000e+04
8.181818181818182323e-01,2.727272727272727071e-01,-9.923840943705759116e-03,-7.159008106483018274e-02,0.000000000000000000e+00,0.000000000000000000e+00,2.000000000000000000e+04
8.484848484848485084e-01,2.727272727272727071e-01,-9.921375917364694264e-03,-7.358685141556711717e-02,0.000000000000000000e+00,0.000000000000000000e+00,2.000000000000000000e+04
8.787878787878787845e-01,2.727272727272727071e-01,-9.906702660967631191e-03,-7.551865820242112393e-02,0.000000000000000000e+00,0.000000000000000000e+00,2.000000000000000000e+04
9.090909090909090606e-01,2.727272727272727071e-01,-9.883791343304155347e-03,-7.738730097393958784e-02,0.000000000000000000e+00,0.000000000000000000e+00,2.000000000000000000e+04
9.393939393939394478e-01,2.727272727272727071e-01,-9.857473277035349798e-03,-7.919471661784538430e-02,0.000000000000000000e+00,0.000000000000000000e+00,2.000000000000000000e+04
9.696969696969697239e-01,2.727272727272727071e-01,-9.833696318611775261e-03,-8.094281723797223937e-02,0.000000000000000000e+00,0.000000000000000000e+00,2.000000000000000000e+04
1.000000000000000000e+00,2.727272727272727071e-01,-9.819838419013696140e-03,-8.263323686030840665e-02,0.000000000000000000e+00,0.000000000000000000e+00,2.000000000000000000e+04
0.000000000000000000e+00,3.030303030303030387e-01,0.000000000000000000e+00,0.000000000000000000e+00,1.000000000000000000e+00,0.000000000000000000e+00,2.000000000000000000e+04
3.030303030303030387e-02,3.030303030303030387e-01,-5.868981597238555380e-04,-2.330358661015340376e-03,0.000000000000000000e+00,0.000000000000000000e+00,2.000000000000000000e+04
6.060606060606060774e-02,3.030303030303030387e-01,-1.146473278777427642e-03,-4.814199625729313758e-03,0.000000000000000000e+00,0.000000000000000000e+00,2.000000000000000000e+04
9.090909090909091161e-02,3.030303030303030387e-01,-1.688047853347664478e-03,-7.434822863422140861e-03,0.000000000000000000e+00,0.000000000000000000e+00,2.000000000000000000e+04
1.212121212121212155e-01,3.030303030303030387e-01,-2.217576640876591561e-03,-1.017154536796342074e-02,0.000000000000000000e+00,0.000000000000000000e+00,2.000000000000000000e+04
1.515151515151515194e-01,3.030303030303030387e-01,-2.737671991868619471e-03,-1.300191104910150726e-02,0.000000000000000000e+00,0.000000000000000000e+00,2.000000000000000000e+04
1.818181818181818232e-01,3.030303030303030387e-01,-3.248155510510173163e-03,-1.590347239527890519e-02,0.000000000000000000e+00,0.000000000000000000e+00,2.000000000000000000e+04
2.121212121212121271e-01,3.030303030303030387e-01,-3.746876927134523347e-03,-1.885505680891799360e-02,0.000000000000000000e+00,0.000000000000000000e+00,2.000000000000000000e+04
2.424242424242424310e-01,3.030303030303030387e-01,-4.230572746282108311e-03,-2.183752107851365601e-02,0.000000000000000000e+00,0.000000000000000000e+00,2.000000000000000000e+04
2.727272727272727071e-01,3.030303030303030387e-01,-4.695602924889362255e-03,-2.483407007405028649e-02,0.000000000000000000e+00,0.000000000000000000e+00,2.000000000000000000e+04
3.030303030303030387e-01,3.030303030303030387e-01,-5.138484946081255458e-03,-2.783025804204165496e-02,0.000000000000000000e+00,0.000000000000000000e+00,2.000000000000000000e+04
3.333333333333333148e-01,3.030303030303030387e-01,-5.556216958333815188e-03,-3.081379920690547475e-02,0.000000000000000000e+00,0.000000000000000000e+00,2.000000000000000000e+04
3.636363636363636465e-01,3.030303030303030387e-01,-5.946427641296742929e-03,-3.377429458716996180e-02,0.000000000000000000e+00,0.000000000000000000e+00,2.000000000000000000e+04
3.939393939393939226e-01,3.030303030303030387e-01,-6.307406692498112449e-03,-3.670294780794471079e-02,0.000000000000000000e+00,0.000000000000000000e+00,2.000000000000000000e+04
4.242424242424242542e-01,3.030303030303030387e-01,-6.638065122174483489e-03,-3.959230894912185023e-02,0.000000000000000000e+00,0.000000000000000000e+00,2.000000000000000000e+04
4.545454545454545303e-01,3.030303030303030387e-01,-6.937861315879355686e-03,-4.243606090527696911e-02,0.000000000000000000e+00,0.000000000000000000e+00,2.000000000000000000e+04
4.848484848484848619e-01,3.030303030303030387e-01,-7.206715697679912797e-03,-4.522884876012758792e-02,0.000000000000000000e+00,0.000000000000000000e+00,2.000000000000000000e+04
5.151515151515151381e-01,3.030303030303030387e-01,-7.444927099658756563e-03,-4.796614652568700204e-02,0.000000000000000000e+00,0.000000000000000000e+00,2.000000000000000000e+04
5.454545454545454142e-01,3.030303030303030387e-01,-7.653097748602543868e-03,-5.064415389453921779e-02,0.000000000000000000e+00,0.000000000000000000e+00,2.000000000000000000e+04
5.757575757575758013e-01,3.030303030303030387e-01,-7.832070227330066234e-03,-5.325971600571840353e-02,0.000000000000000000e+00,0.000000000000000000e+00,2.000000000000000000e+04
6.060606060606060774e-01,3.030303030303030387e-01,-7.982877932803403298e-03,-5.581026028110579879e-02,0.000000000000000000e+00,0.000000000000000000e+00,2.000000000000000000e+04
6.363636363636363535e-01,3.030303030303030387e-01,-8.106709753579154076e-03,-5.829374549778972708e-02,0.000000000000000000e+00,0.000000000000000000e+00,2.000000000000000000e+04
6.666666666666666297e-01,3.030303030303030387e-01,-8.204889483363215705e-03,-6.070861915045471652e-02,0.000000000000000000e+00,0.000000000000000000e+00,2.000000000000000000e+04
6.969696969696970168e-01,3.030303030303030387e-01,-8.278870607289916944e-03,-6.305377973729620056e-02,0.000000000000000000e+00,0.000000000000000000e+00,2.000000000000000000e+04
7.272727272727272929e-01,3.030303030303030387e-01,-8.330247385400108354e-03,-6.532854086177874997e-02,0.000000000000000000e+00,0.000000000000000000e+00,2.000000000000000000e+04
7.575757575757575690e-01,3.030303030303030387e-01,-8.360783522016990502e-03,-6.753259399692498888e-02,0.000000000000000000e+00,0.000000000000000000e+00,2.000000000000000000e+04
7.878787878787878451e-01,3.030303030303030387e-01,-8.372460098163643852e-03,-6.966596642878435108e-02,0.000000000000000000e+00,0.000000000000000000e+00,2.000000000000000000e+04
8.181818181818182323e-01,3.030303030303030387e-01,-8.367544831160603214e-03,-7.172897028894237303e-02,0.000000000000000000e+00,0.000000000000000000e+00,2.000000000000000000e+04
8.484848484848485084e-01,3.030303030303030387e-01,-8.348685106916976795e-03,-7.372213767076228608e-02,0.000000000000000000e+00,0.000000000000000000e+00,2.000000000000000000e+04
8.787878787878787845e-01,3.030303030303030387e-01,-8.319027616012650284e-03,-7.564613546797635535e-02,0.000000000000000000e+00,0.000000000000000000e+00,2.000000000000000000e+04
9.090909090909090606e-01,3.030303030303030387e-01,-8.282367801915525851e-03,-7.750165141262536916e-02,0.000000000000000000e+00,0.000000000000000000e+00,2.000000000000000000e+04
9.393939393939394478e-01,3.030303030303030387e-01,-8.243332534679029266e-03,-7.928923899304704537e-02,0.000000000000000000e+00,0.000000000000000000e+00,2.000000000000000000e+04
9.696969696969697239e-01,3.030303030303030387e-01,-8.207598789949454784e-03,-8.100910194037910794e-02,0.000000000000000000e+00,0.000000000000000000e+00,2.000000000000000000e+04
1.000000000000000000e+00,3.030303030303030387e-01,-8.182147725917510855e-03,-8.266078670665863437e-02,0.000000000000000000e+00,0.000000000000000000e+00,2.000000000000000000e+04
0.000000000000000000e+00,3.333333333333333148e-01,0.000000000000000000e+00,0.000000000000000000e+00,1.000000000000000000e+00,0.000000000000000000e+00,2.000000000000000000e+04
3.030303030303030387e-02,3.333333333333333148e-01,-5.247289575346239868e-04,-2.376083152725837807e-03,0.000000000000000000e+00,0.000000000000000000e+00,2.000000000000000000e+04
6.060606060606060774e-02,3.333333333333333148e-01,-1.018504670306429006e-03,-4.888785343196117017e-03,0.000000000000000000e+00,0.000000000000000000e+00,2.000000000000000000e+04
9.090909090909091161e-02,3.333333333333333148e-01,-1.489534982908131879e-03,-7.524695703422550758e-03,0.000000000000000000e+00,0.000000000000000000e+00,2.000000000000000000e+04
1.212121212121212155e-01,3.333333333333333148e-01,-1.943692450789369277e-03,-1.026688418374277142e-02,0.000000000000000000e+00,0.000000000000000000e+00,2.000000000000000000e+04
1.515151515151515194e-01,3.333333333333333148e-01,-2.384381473456170623e-03,-1.309651105709833639e-02,0.000000000000000000e+00,0.000000000000000000e+00,2.000000000000000000e+04
1.818181818181818232e-01,3.333333333333333148e-01,-2.812792294249035884e-03,-1.599420799897327550e-02,0.000000000000000000e+00,0.000000000000000000e+00,2.000000000000000000e+04
2.121212121212121271e-01,3.333333333333333148e-01,-3.228389383607412674e-03,-1.894114297565421823e-02,0.000000000000000000e+00,0.000000000000000000e+00,2.000000000000000000e+04
2.424242424242424310e-01,3.333333333333333148e-01,-3.629488038032127085e-03,-2.191974419753130177e-02,0.000000000000000000e+00,0.000000000000000000e+00,2.000000000000000000e+04
2.727272727272727071e-01,3.333333333333333148e-01,-4.013802749351379900e-03,-2.491410961685831468e-02,0.000000000000000000e+00,0.000000000000000000e+00,2.000000000000000000e+04
3.030303030303030387e-01,3.333333333333333148e-01,-4.378894031092137908e-03,-2.791016252711461809e-02,0.000000000000000000e+00,0.000000000000000000e+00,2.000000000000000000e+04
3.333333333333333148e-01,3.333333333333333148e-01,-4.722484422609948655e-03,-3.089562866629715077e-02,0.000000000000000000e+00,0.000000000000000000e+00,2.000000000000000000e+04
3.636363636363636465e-01,3.333333333333333148e-01,-5.042648750235055773e-03,-3.385990752813165111e-02,0.000000000000000000e+00,0.000000000000000000e+00,2.000000000000000000e+04
3.939393939393939226e-01,3.333333333333333148e-01,-5.337903248444581493e-03,-3.679389598326804345e-02,0.000000000000000000e+00,0.000000000000000000e+00,2.000000000000000000e+04
4.242424242424242542e-01,3.333333333333333148e-01,-5.607223907322049679e-03,-3.968980324052923808e-02,0.000000000000000000e+00,0.000000000000000000e+00,2.000000000000000000e+04
4.545454545454545303e-01,3.333333333333333148e-01,-5.850021360350976009e-03,-4.254097881380650148e-02,0.000000000000000000e+00,0.000000000000000000e+00,2.000000000000000000e+04
4.848484848484848619e-01,3.333333333333333148e-01,-6.066093067558155950e-03,-4.534176258962788197e-02,0.000000000000000000e+00,0.000000000000000000e+00,2.000000000000000000e+04
5.151515151515151381e-01,3.333333333333333148e-01,-6.255566966985387327e-03,-4.808735853477829475e-02,0.000000000000000000e+00,0.000000000000000000e+00,2.000000000000000000e+04
5.454545454545454142e-01,3.333333333333333148e-01,-6.418845611579446220e-03,-5.077372979832987798e-02,0.000000000000000000e+00,0.000000000000000000e+00,2.000000000000000000e+04
5.757575757575758013e-01,3.333333333333333148e-01,-6.556556279808542498e-03,-5.339751148733647146e-02,0.000000000000000000e+00,0.000000000000000000e+00,2.000000000000000000e+04
6.060606060606060774e-01,3.333333333333333148e-01,-6.669510352267410576e-03,-5.595593711516240465e-02,0.000000000000000000e+00,0.000000000000000000e+00,2.000000000000000000e+04
6.363636363636363535e-01,3.333333333333333148e-01,-6.758673998113328731e-03,-5.844677493775259774e-02,0.000000000000000000e+00,0.000000000000000000e+00,2.000000000000000000e+04
6.666666666666666297e-01,3.333333333333333148e-01,-6.825151588784603325e-03,-6.086827071952337354e-02,0.000000000000000000e+00,0.000000000000000000e+00,2.000000000000000000e+04
6.969696969696970168e-01,3.333333333333333148e-01,-6.870183015327634320e-03,-6.321909371258063737e-02,0.000000000000000000e+00,0.000000000000000000e+00,2.000000000000000000e+04
7.272727272727272929e-01,3.333333333333333148e-01,-6.895156068648181265e-03,-6.549828270182780909e-02,0.000000000000000000e+00,0.000000000000000000e+00,2.000000000000000000e+04
7.575757575757575690e-01,3.333333333333333148e-01,-6.901635141979006391e-03,-6.770518882758841395e-02,0.000000000000000000e+00,0.000000000000000000e+00,2.000000000000000000e+04
7.878787878787878451e-01,3.333333333333333148e-01,-6.891407660283419521e-03,-6.983941153001822777e-02,0.000000000000000000e+00,0.000000000000000000e+00,2.000000000000000000e+04
8.181818181818182323e-01,3.333333333333333148e-01,-6.866549782795623898e-03,-7.190072334569554136e-02,0.000000000000000000e+00,0.000000000000000000e+00,2.000000000000000000e+04
8.484848484848485084e-01,3.333333333333333148e-01,-6.829513023296906668e-03,-7.388897837530458701e-02,0.000000000000000000e+00,0.000000000000000000e+00,2.000000000000000000e+04
8.787878787878787845e-01,3.333333333333333148e-01,-6.783233439807667339e-03,-7.580399790662353809e-02,0.000000000000000000e+00,0.000000000000000000e+00,2.000000000000000000e+04
9.090909090909090606e-01,3.333333333333333148e-01,-6.731264857612446161e-03,-7.764542465085237655e-02,0.000000000000000000e+00,0.000000000000000000e+00,2.000000000000000000e+04
9.393939393939394478e-01,3.333333333333333148e-01,-6.677936939475914366e-03,-7.941253384926530434e-02,0.000000000000000000e+00,0.000000000000000000e+00,2.000000000000000000e+04
9.696969696969697239e-01,3.333333333333333148e-01,-6.628537155339181072e-03,-8.110398447933955812e-02,0.000000000000000000e+00,0.000000000000000000e+00,2.000000000000000000e+04
1.000000000000000000e+00,3.333333333333333148e-01,-6.589511480105040078e-03,-8.271748669721885883e-02,0.000000000000000000e+00,0.000000000000000000e+00,2.000000000000000000e+04
0.000000000000000000e+00,3.636363636363636465e-01,0.000000000000000000e+00,0.000000000000000000e+00,1.000000000000000000e+00,0.000000000000000000e+00,2.000000000000000000e+04
3.030303030303030387e-02,3.636363636363636465e-01,-4.694483530926703589e-04,-2.425815470471100882e-03,0.000000000000000000e+00,0.000000000000000000e+00,2.000000000000000000e+04
6.060606060606060774e-02,3.636363636363636465e-01,-9.048761249608113259e-04,-4.973951376368952390e-03,0.000000000000000000e+00,0.000000000000000000e+00,2.000000000000000000e+04
9.090909090909091161e-02,3.636363636363636465e-01,-1.313514424062476975e-03,-7.633215580815062330e-03,0.000000000000000000e+00,0.000000000000000000e+00,2.000000000000000000e+04
1.212121212121212155e-01,3.636363636363636465e-01,-1.700981953139339220e-03,-1.038936705454387814e-02,0.000000000000000000e+00,0.000000000000000000e+00,2.000000000000000000e+04
1.515151515151515194e-01,3.636363636363636465e-01,-2.071088226964631560e-03,-1.322630064477117902e-02,0.000000000000000000e+00,0.000000000000000000e+00,2.000000000000000000e+04
1.818181818181818232e-01,3.636363636363636465e-01,-2.425918498174372846e-03,-1.612711754213893081e-02,0.000000000000000000e+00,0.000000000000000000e+00,2.000000000000000000e+04
2.121212121212121271e-01,3.636363636363636465e-01,-2.766110827017075925e-03,-1.907500383498972676e-02,0.000000000000000000e+00,0.000000000000000000e+00,2.000000000000000000e+04
2.424242424242424310e-01,3.636363636363636465e-01,-3.091231673272870455e-03,-2.205388292208978335e-02,0.000000000000000000e+00,0.000000000000000000e+00,2.000000000000000000e+04
2.727272727272727071e-01,3.636363636363636465e-01,-3.400168495840723368e-03,-2.504884375503809227e-02,0.000000000000000000e+00,0.000000000000000000e+00,2.000000000000000000e+04
3.030303030303030387e-01,3.636363636363636465e-01,-3.691480385085182947e-03,-2.804637310670195574e-02,0.000000000000000000e+00,0.000000000000000000e+00,2.000000000000000000e+04
3.333333333333333148e-01,3.636363636363636465e-01,-3.963673868272853812e-03,-3.103443498105806428e-02,0.000000000000000000e+00,0.000000000000000000e+00,2.000000000000000000e+04
3.636363636363636465e-01,3.636363636363636465e-01,-4.215394443477292995e-03,-3.400244426236401912e-02,0.000000000000000000e+00,0.000000000000000000e+00,2.000000000000000000e+04
3.939393939393939226e-01,3.636363636363636465e-01,-4.445541001225307084e-03,-3.694117709085090184e-02,0.000000000000000000e+00,0.000000000000000000e+00,2.000000000000000000e+04
4.242424242424242542e-01,3.636363636363636465e-01,-4.653318961068115753e-03,-3.984265090641280621e-02,0.000000000000000000e+00,0.000000000000000000e+00,2.000000000000000000e+04
4.545454545454545303e-01,3.636363636363636465e-01,-4.838250083549733641e-03,-4.269999632510313586e-02,0.000000000000000000e+00,0.000000000000000000e+00,2.000000000000000000e+04
4.848484848484848619e-01,3.636363636363636465e-01,-5.000155081649771197e-03,-4.550733362912158519e-02,0.000000000000000000e+00,0.000000000000000000e+00,2.000000000000000000e+04
5.151515151515151381e-01,3.636363636363636465e-01,-5.139121732225585687e-03,-4.825965979971439529e-02,0.000000000000000000e+00,0.000000000000000000e+00,2.000000000000000000e+04
5.454545454545454142e-01,3.636363636363636465e-01,-5.255467708284815125e-03,-5.095274767887700285e-02,0.000000000000000000e+00,0.000000000000000000e+00,2.000000000000000000e+04
5.757575757575758013e-01,3.636363636363636465e-01,-5.349704505581636717e-03,-5.358305642002334640e-02,0.000000000000000000e+00,0.000000000000000000e+00,2.000000000000000000e+04
6.060606060606060774e-01,3.636363636363636465e-01,-5.422506774490626694e-03,-5.614765119954279182e-02,0.000000000000000000e+00,0.000000000000000000e+00,2.000000000000000000e+04
6.363636363636363535e-01,3.636363636363636465e-01,-5.474689996633183564e-03,-5.864412966200333727e-02,0.000000000000000000e+00,0.000000000000000000e+00,2.000000000000000000e+04
6.666666666666666297e-01,3.636363636363636465e-01,-5.507198598883770307e-03,-6.107055238916828804e-02,0.000000000000000000e+00,0.000000000000000000e+00,2.000000000000000000e+04
6.969696969696970168e-01,3.636363636363636465e-01,-5.521106113896975635e-03,-6.342537458893660052e-02,0.000000000000000000e+00,0.000000000000000000e+00,2.000000000000000000e+04
7.272727272727272929e-01,3.636363636363636465e-01,-5.517628744649001431e-03,-6.570737606456561464e-02,0.000000000000000000e+00,0.000000000000000000e+00,2.000000000000000000e+04
7.575757575757575690e-01,3.636363636363636465e-01,-5.498153570030115539e-03,-6.791558627533063330e-02,0.000000000000000000e+00,0.000000000000000000e+00,2.000000000000000000e+04
7.878787878787878451e-01,3.636363636363636465e-01,-5.464282562464620879e-03,-7.004920089474878098e-02,0.000000000000000000e+00,0.000000000000000000e+00,2.000000000000000000e+04
8.181818181818182323e-01,3.636363636363636465e-01,-5.417893514430626584e-03,-7.210748567602466574e-02,0.000000000000000000e+00,0.000000000000000000e+00,2.000000000000000000e+04
8.484848484848485084e-01,3.636363636363636465e-01,-5.361218828258590245e-03,-7.408966259574500945e-02,0.000000000000000000e+00,0.000000000000000000e+00,2.000000000000000000e+04
8.787878787878787845e-01,3.636363636363636465e-01,-5.296942834141765005e-03,-7.599477207558288927e-02,0.000000000000000000e+00,0.000000000000000000e+00,2.000000000000000000e+04
9.090909090909090606e-01,3.636363636363636465e-01,-5.228317729329396910e-03,-7.782150342565234691e-02,0.000000000000000000e+00,0.000000000000000000e+00,2.000000000000000000e+04
9.393939393939394478e-01,3.636363636363636465e-01,-5.159297113539387282e-03,-7.956798331230513499e-02,0.000000000000000000e+00,0.000000000000000000e+00,2.000000000000000000e+04
9.696969696969697239e-01,3.636363636363636465e-01,-5.094683935873238305e-03,-8.123150893377543980e-02,0.000000000000000000e+00,0.000000000000000000e+00,2.000000000000000000e+04
1.000000000000000000e+00,3.636363636363636465e-01,-5.040285666471020984e-03,-8.280820923186983651e-02,0.000000000000000000e+00,0.000000000000000000e+00,2.000000000000000000e+04
0.000000000000000000e+00,3.939393939393939226e-01,0.000000000000000000e+00,0.000000000000000000e+00,1.000000000000000000e+00,0.000000000000000000e+00,2.000000000000000000e+04
3.030303030303030387e-02,3.939393939393939226e-01,-4.198235546128434390e-04,-2.479039397513854888e-03,0.000000000000000000e+00,0.000000000000000000e+00,2.000000000000000000e+04
6.060606060606060774e-02,3.939393939393939226e-01,-8.028990765485633169e-04,-5.068175968325425336e-03,0.000000000000000000e+00,0.000000000000000000e+00,2.000000000000000000e+04
9.090909090909091161e-02,3.939393939393939226e-01,-1.155618713121099898e-03,-7.757695783543399649e-03,0.000000000000000000e+00,0.000000000000000000e+00,2.000000000000000000e+04
1.212121212121212155e-01,3.939393939393939226e-01,-1.483279529331532707e-03,-1.053527169079856995e-02,0.000000000000000000e+00,0.000000000000000000e+00,2.000000000000000000e+04
1.515151515151515194e-01,3.939393939393939226e-01,-1.789869105492399677e-03,-1.338684734324789398e-02,0.000000000000000000e+00,0.000000000000000000e+00,2.000000000000000000e+04
1.818181818181818232e-01,3.939393939393939226e-01,-2.078055569580411575e-03,-1.629747103105200906e-02,0.000000000000000000e+00,0.000000000000000000e+00,2.000000000000000000e+04
2.121212121212121271e-01,3.939393939393939226e-01,-2.349329883527055598e-03,-1.925201491305315177e-02,0.000000000000000000e+00,0.000000000000000000e+00,2.000000000000000000e+04
2.424242424242424310e-01,3.939393939393939226e-01,-2.604240642460951046e-03,-2.223574474474644680e-02,0.000000000000000000e+00,0.000000000000000000e+00,2.000000000000000000e+04
2.727272727272727071e-01,3.939393939393939226e-01,-2.842665201844242137e-03,-2.523473071164016035e-02,0.000000000000000000e+00,0.000000000000000000e+00,2.000000000000000000e+04
3.030303030303030387e-01,3.939393939393939226e-01,-3.064072273285227063e-03,-2.823610969537690071e-02,0.000000000000000000e+00,0.000000000000000000e+00,2.000000000000000000e+04
3.333333333333333148e-01,3.939393939393939226e-01,-3.267746305370125646e-03,-3.122822223791885815e-02,0.000000000000000000e+00,0.000000000000000000e+00,2.000000000000000000e+04
3.636363636363636465e-01,3.939393939393939226e-01,-3.452959225465132044e-03,-3.420065353325679736e-02,0.000000000000000000e+00,0.000000000000000000e+00,2.000000000000000000e+04
3.939393939393939226e-01,3.939393939393939226e-01,-3.619087595239953246e-03,-3.714420792015374340e-02,0.000000000000000000e+00,0.000000000000000000e+00,2.000000000000000000e+04
4.242424242424242542e-01,3.939393939393939226e-01,-3.765681485068282305e-03,-4.005084236351260513e-02,0.000000000000000000e+00,0.000000000000000000e+00,2.000000000000000000e+04
4.545454545454545303e-01,3.939393939393939226e-01,-3.892495408676455680e-03,-4.291357839231027538e-02,0.000000000000000000e+00,0.000000000000000000e+00,2.000000000000000000e+04
4.848484848484848619e-01,3.939393939393939226e-01,-3.999492472511950898e-03,-4.572640571764172851e-02,0.000000000000000000e+00,0.000000000000000000e+00,2.000000000000000000e+04
5.151515151515151381e-01,3.939393939393939226e-01,-4.086831801661355325e-03,-4.848418543168887818e-02,0.000000000000000000e+00,0.000000000000000000e+00,2.000000000000000000e+04
5.454545454545454142e-01,3.939393939393939226e-01,-4.154847432008674200e-03,-5.118255673069912332e-02,0.000000000000000000e+00,0.000000000000000000e+00,2.000000000000000000e+04
5.757575757575758013e-01,3.939393939393939226e-01,-4.204024928683464113e-03,-5.381784845515438093e-02,0.000000000000000000e+00,0.000000000000000000e+00,2.000000000000000000e+04
6.060606060606060774e-01,3.939393939393939226e-01,-4.234980350982446400e-03,-5.638699510415703248e-02,0.000000000000000000e+00,0.000000000000000000e+00,2.000000000000000000e+04
6.363636363636363535e-01,3.939393939393939226e-01,-4.248444933667180554e-03,-5.888745602245521599e-02,0.000000000000000000e+00,0.000000000000000000e+00,2.000000000000000000e+04
6.666666666666666297e-01,3.939393939393939226e-01,-4.245257966494488285e-03,-6.131713589463601982e-02,0.000000000000000000e+00,0.000000000000000000e+00,2.000000000000000000e+04
6.969696969696970168e-01,3.939393939393939226e-01,-4.226369751541726207e-03,-6.367430430726560286e-02,0.000000000000000000e+00,0.000000000000000000e+00,2.000000000000000000e+04
7.272727272727272929e-01,3.939393939393939226e-01,-4.192856115610542854e-03,-6.595751182085457520e-02,0.000000000000000000e+00,0.000000000000000000e+00,2.000000000000000000e+04
7.575757575757575690e-01,3.939393939393939226e-01,-4.145945673508164009e-03,-6.816549964430773656e-02,0.000000000000000000e+00,0.000000000000000000e+00,2.000000000000000000e+04
7.878787878787878451e-01,3.939393939393939226e-01,-4.087060807512379011e-03,-7.029709957063044745e-02,0.000000000000000000e+00,0.000000000000000000e+00,2.000000000000000000e+04
8.181818181818182323e-01,3.939393939393939226e-01,-4.017873084639179276e-03,-7.235112027393658662e-02,0.000000000000000000e+00,0.000000000000000000e+00,2.000000000000000000e+04
8.484848484848485084e-01,3.939393939393939226e-01,-3.940373509026039688e-03,-7.432621534398607677e-02,0.000000000000000000e+00,0.000000000000000000e+00,2.000000000000000000e+04
8.787878787878787845e-01,3.939393939393939226e-01,-3.856957515646718300e-03,-7.622072749531345892e-02,0.000000000000000000e+00,0.000000000000000000e+00,2.000000000000000000e+04
9.090909090909090606e-01,3.939393939393939226e-01,-3.770523823117368986e-03,-7.803250217707484448e-02,0.000000000000000000e+00,0.000000000000000000e+00,2.000000000000000000e+04
9.393939393939394478e-01,3.939393939393939226e-01,-3.684584966134817844e-03,-7.975866231096763459e-02,0.000000000000000000e+00,0.000000000000000000e+00,2.000000000000000000e+04
9.696969696969697239e-01,3.939393939393939226e-01,-3.603385198524637883e-03,-8.139533427462572468e-02,0.000000000000000000e+00,0.000000000000000000e+00,2.000000000000000000e+04
1.000000000000000000e+00,3.939393939393939226e-01,-3.532018099392176397e-03,-8.293731425249117883e-02,0.000000000000000000e+00,0.000000000000000000e+00,2.000000000000000000e+04
0.000000000000000000e+00,4.242424242424242542e-01,0.000000000000000000e+00,0.000000000000000000e+00,1.000000000000000000e+00,0.000000000000000000e+00,2.000000000000000000e+04
3.030303030303030387e-02,4.242424242424242542e-01,-3.748957100859438558e-04,-2.535484091994298639e-03,0.000000000000000000e+00,0.000000000000000000e+00,2.000000000000000000e+04
6.060606060606060774e-02,4.242424242424242542e-01,-7.105001430377829840e-04,-5.170533664096718315e-03,0.000000000000000000e+00,0.000000000000000000e+00,2.000000000000000000e+04
9.090909090909091161e-02,4.242424242424242542e-01,-1.012492743336127279e-03,-7.896386801496712779e-03,0.000000000000000000e+00,0.000000000000000000e+00,2.000000000000000000e+04
1.212121212121212155e-01,4.242424242424242542e-01,-1.285837065815993675e-03,-1.070205600206878584e-02,0.000000000000000000e+00,0.000000000000000000e+00,2.000000000000000000e+04
1.515151515151515194e-01,4.242424242424242542e-01,-1.534570468644493512e-03,-1.357499872489673423e-02,0.000000000000000000e+00,0.000000000000000000e+00,2.000000000000000000e+04
1.818181818181818232e-01,4.242424242424242542e-01,-1.761742089231118540e-03,-1.650177267658336361e-02,0.000000000000000000e+00,0.000000000000000000e+00,2.000000000000000000e+04
2.121212121212121271e-01,4.242424242424242542e-01,-1.969469216410687715e-03,-1.946862422994824482e-02,0.000000000000000000e+00,0.000000000000000000e+00,2.000000000000000000e+04
2.424242424242424310e-01,4.242424242424242542e-01,-2.159074161758282092e-03,-2.246197820542796680e-02,0.000000000000000000e+00,0.000000000000000000e+00,2.000000000000000000e+04
2.727272727272727071e-01,4.242424242424242542e-01,-2.331263313833568593e-03,-2.546881514638274502e-02,0.000000000000000000e+00,0.000000000000000000e+00,2.000000000000000000e+04
3.030303030303030387e-01,4.242424242424242542e-01,-2.486315296191280930e-03,-2.847693683762388475e-02,0.000000000000000000e+00,0.000000000000000000e+00,2.000000000000000000e+04
3.333333333333333148e-01,4.242424242424242542e-01,-2.624253749033794627e-03,-3.147513135052522337e-02,0.000000000000000000e+00,0.000000000000000000e+00,2.000000000000000000e+04
3.636363636363636465e-01,4.242424242424242542e-01,-2.744989921907246486e-03,-3.445325508599589304e-02,0.000000000000000000e+00,0.000000000000000000e+00,2.000000000000000000e+04
3.939393939393939226e-01,4.242424242424242542e-01,-2.848429084374604504e-03,-3.740225146819397412e-02,0.000000000000000000e+00,0.000000000000000000e+00,2.000000000000000000e+04
4.242424242424242542e-01,4.242424242424242542e-01,-2.934541504541978655e-03,-4.031412498089696067e-02,0.000000000000000000e+00,0.000000000000000000e+00,2.000000000000000000e+04
4.545454545454545303e-01,4.242424242424242542e-01,-3.003402981016865900e-03,-4.318188629093529934e-02,0.000000000000000000e+00,0.000000000000000000e+00,2.000000000000000000e+04
4.848484848484848619e-01,4.242424242424242542e-01,-3.055211878528770950e-03,-4.599948041575196989e-02,0.000000000000000000e+00,0.000000000000000000e+00,2.000000000000000000e+04
5.151515151515151381e-01,4.242424242424242542e-01,-3.090289924117918443e-03,-4.876170615348345699e-02,0.000000000000000000e+00,0.000000000000000000e+00,2.000000000000000000e+04
5.454545454545454142e-01,4.242424242424242542e-01,-3.109073356424785044e-03,-5.146413182326858848e-02,0.000000000000000000e+00,0.000000000000000000e+00,2.000000000000000000e+04
5.757575757575758013e-01,4.242424242424242542e-01,-3.112099944362938658e-03,-5.410300994160546773e-02,0.000000000000000000e+00,0.000000000000000000e+00,2.000000000000000000e+04
6.060606060606060774e-01,4.242424242424242542e-01,-3.099996263949827101e-03,-5.667519174148932803e-02,0.000000000000000000e+00,0.000000000000000000e+00,2.000000000000000000e+04
6.363636363636363535e-01,4.242424242424242542e-01,-3.073468626197669012e-03,-5.917804127204377013e-02,0.000000000000000000e+00,0.000000000000000000e+00,2.000000000000000000e+04
6.666666666666666297e-01,4.242424242424242542e-01,-3.033300245794030587e-03,-6.160934802359054052e-02,0.000000000000000000e+00,0.000000000000000000e+00,2.000000000000000000e+04
6.969696969696970168e-01,4.242424242424242542e-01,-2.980356622142760030e-03,-6.396723645563738569e-02,0.000000000000000000e+00,0.000000000000000000e+00,2.000000000000000000e+04
7.272727272727272929e-01,4.242424242424242542e-01,-2.915600631290167239e-03,-6.625007034873965639e-02,0.000000000000000000e+00,0.000000000000000000e+00,2.000000000000000000e+04
7.575757575757575690e-01,4.242424242424242542e-01,-2.840118447510552903e-03,-6.845634947573771278e-02,0.000000000000000000e+00,0.000000000000000000e+00,2.000000000000000000e+04
7.878787878787878451e-01,4.242424242424242542e-01,-2.755157071834502154e-03,-7.058459563985436391e-02,0.000000000000000000e+00,0.000000000000000000e+00,2.000000000000000000e+04
8.181818181818182323e-01,4.242424242424242542e-01,-2.662173884446601344e-03,-7.263322462009318137e-02,0.000000000000000000e+00,0.000000000000000000e+00,2.000000000000000000e+04
8.484848484848485084e-01,4.242424242424242542e-01,-2.562898195192879740e-03,-7.460039997210513030e-02,0.000000000000000000e+00,0.000000000000000000e+00,2.000000000000000000e+04
8.787878787878787845e-01,4.242424242424242542e-01,-2.459404162574036368e-03,-7.648386393852914245e-02,0.000000000000000000e+00,0.000000000000000000e+00,2.000000000000000000e+04
9.090909090909090606e-01,4.242424242424242542e-01,-2.354193579201658507e-03,-7.828073993408324327e-02,0.000000000000000000e+00,0.000000000000000000e+00,2.000000000000000000e+04
9.393939393939394478e-01,4.242424242424242542e-01,-2.250285732590320744e-03,-7.998730026691601436e-02,0.000000000000000000e+00,0.000000000000000000e+00,2.000000000000000000e+04
9.696969696969697239e-01,4.242424242424242542e-01,-2.151309661959846867e-03,-8.159869220200341444e-02,0.000000000000000000e+00,0.000000000000000000e+00,2.000000000000000000e+04
1.000000000000000000e+00,4.242424242424242542e-01,-2.061591499128418055e-03,-8.310861580531649084e-02,0.000000000000000000e+00,0.000000000000000000e+00,2.000000000000000000e+04
0.000000000000000000e+00,4.545454545454545303e-01,0.000000000000000000e+00,0.000000000000000000e+00,1.000000000000000000e+00,0.000000000000000000e+00,2.000000000000000000e+04
3.030303030303030387e-02,4.545454545454545303e-01,-3.339037799104188848e-04,-2.595049960095568032e-03,0.000000000000000000e+00,0.000000000000000000e+00,2.000000000000000000e+04
6.060606060606060774e-02,4.545454545454545303e-01,-6.260443871643435248e-04,-5.280521682211936942e-03,0.000000000000000000e+00,0.000000000000000000e+00,2.000000000000000000e+04
9.090909090909091161e-02,4.545454545454545303e-01,-8.815003216455169835e-04,-8.048220407640990434e-03,0.000000000000000000e+00,0.000000000000000000e+00,2.000000000000000000e+04
1.212121212121212155e-01,4.545454545454545303e-01,-1.104919582927223849e-03,-1.088806462544729577e-02,0.000000000000000000e+00,0.000000000000000000e+00,2.000000000000000000e+04
1.515151515151515194e-01,4.545454545454545303e-01,-1.300322587778357693e-03,-1.378860464548075510e-02,0.000000000000000000e+00,0.000000000000000000e+00,2.000000000000000000e+04
1.818181818181818232e-01,4.545454545454545303e-01,-1.471012689591896013e-03,-1.673754391228059191e-02,0.000000000000000000e+00,0.000000000000000000e+00,2.000000000000000000e+04
2.121212121212121271e-01,4.545454545454545303e-01,-1.619577726465799058e-03,-1.972222251873465698e-02,0.000000000000000000e+00,0.000000000000000000e+00,2.000000000000000000e+04
2.424242424242424310e-01,4.545454545454545303e-01,-1.747958799592891441e-03,-2.273003559024300291e-02,0.000000000000000000e+00,0.000000000000000000e+00,2.000000000000000000e+04
2.727272727272727071e-01,4.545454545454545303e-01,-1.857560405300618224e-03,-2.574877171374398768e-02,0.000000000000000000e+00,0.000000000000000000e+00,2.000000000000000000e+04
3.030303030303030387e-01,4.545454545454545303e-01,-1.949378023404990711e-03,-2.876686732255110540e-02,0.000000000000000000e+00,0.000000000000000000e+00,2.000000000000000000e+04
3.333333333333333148e-01,4.545454545454545303e-01,-2.024123948497975976e-03,-3.177358124714448062e-02,0.000000000000000000e+00,0.000000000000000000e+00,2.000000000000000000e+04
3.636363636363636465e-01,4.545454545454545303e-01,-2.082338127322298088e-03,-3.475909919152874589e-02,0.000000000000000000e+00,0.000000000000000000e+00,2.000000000000000000e+04
3.939393939393939226e-01,4.545454545454545303e-01,-2.124476771806764908e-03,-3.771458075555281231e-02,0.000000000000000000e+00,0.000000000000000000e+00,2.000000000000000000e+04
4.242424242424242542e-01,4.545454545454545303e-01,-2.150976624785602351e-03,-4.063216219275662955e-02,0.000000000000000000e+00,0.000000000000000000e+00,2.000000000000000000e+04
4.545454545454545303e-01,4.545454545454545303e-01,-2.162296468522306205e-03,-4.350492699517387318e-02,0.000000000000000000e+00,0.000000000000000000e+00,2.000000000000000000e+04
4.848484848484848619e-01,4.545454545454545303e-01,-2.158939705626929627e-03,-4.632685432771421752e-02,0.000000000000000000e+00,0.000000000000000000e+00,2.000000000000000000e+04
5.151515151515151381e-01,4.545454545454545303e-01,-2.141462828422223408e-03,-4.909275291447914857e-02,0.000000000000000000e+00,0.000000000000000000e+00,2.000000000000000000e+04
5.454545454545454142e-01,4.545454545454545303e-01,-2.110474688883210229e-03,-5.179818565229216132e-02,0.000000000000000000e+00,0.000000000000000000e+00,2.000000000000000000e+04
5.757575757575758013e-01,4.545454545454545303e-01,-2.066631053948954442e-03,-5.443938823765270829e-02,0.000000000000000000e+00,0.000000000000000000e+00,2.000000000000000000e+04
6.060606060606060774e-01,4.545454545454545303e-01,-2.010628270165724409e-03,-5.701318351991329497e-02,0.000000000000000000e+00,0.000000000000000000e+00,2.000000000000000000e+04
6.363636363636363535e-01,4.545454545454545303e-01,-1.943199155532516174e-03,-5.951689210553705311e-02,0.000000000000000000e+00,0.000000000000000000e+00,2.000000000000000000e+04
6.666666666666666297e-01,4.545454545454545303e-01,-1.865113583838643504e-03,-6.194823885480824771e-02,0.000000000000000000e+00,0.000000000000000000e+00,2.000000000000000000e+04
6.969696969696970168e-01,4.545454545454545303e-01,-1.777185662681438939e-03,-6.430525424158643755e-02,0.000000000000000000e+00,0.000000000000000000e+00,2.000000000000000000e+04
7.272727272727272929e-01,4.545454545454545303e-01,-1.680288926466908233e-03,-6.658616900748502709e-02,0.000000000000000000e+00,0.000000000000000000e+00,2.000000000000000000e+04
7.575757575757575690e-01,4.545454545454545303e-01,-1.575380544083315867e-03,-6.878930007156777715e-02,0.000000000000000000e+00,0.000000000000000000e+00,2.000000000000000000e+04
7.878787878787878451e-01,4.545454545454545303e-01,-1.463535140069415668e-03,-7.091292521139322402e-02,0.000000000000000000e+00,0.000000000000000000e+00,2.000000000000000000e+04
8.181818181818182323e-01,4.545454545454545303e-01,-1.345988402982314187e-03,-7.295514358350103923e-02,0.000000000000000000e+00,0.000000000000000000e+00,2.000000000000000000e+04
8.484848484848485084e-01,4.545454545454545303e-01,-1.224190152521250838e-03,-7.491371868882201746e-02,0.000000000000000000e+00,0.000000000000000000e+00,2.000000000000000000e+04
8.787878787878787845e-01,4.545454545454545303e-01,-1.099865893939496646e-03,-7.678589991777667878e-02,0.000000000000000000e+00,0.000000000000000000e+00,2.000000000000000000e+04
9.090909090909090606e-01,4.545454545454545303e-01,-9.750850256134467944e-04,-7.856821837279356902e-02,0.000000000000000000e+00,0.000000000000000000e+00,2.000000000000000000e+04
9.393939393939394478e-01,4.545454545454545303e-01,-8.523326912567888132e-04,-8.025625237664070488e-02,0.000000000000000000e+00,0.000000000000000000e+00,2.000000000000000000e+04
9.696969696969697239e-01,4.545454545454545303e-01,-7.345806978776637294e-04,-8.184435818627296133e-02,0.000000000000000000e+00,0.000000000000000000e+00,2.000000000000000000e+04
1.000000000000000000e+00,4.545454545454545303e-01,-6.253509441888047181e-04,-8.332536241833328472e-02,0.000000000000000000e+00,0.000000000000000000e+00,2.000000000000000000e+04
0.000000000000000000e+00,4.848484848484848619e-01,0.000000000000000000e+00,0.000000000000000000e+00,1.000000000000000000e+00,0.000000000000000000e+00,2.000000000000000000e+04
3.030303030303030387e-02,4.848484848484848619e-01,-2.962333159599573294e-04,-2.657762535940799697e-03,0.000000000000000000e+00,0.000000000000000000e+00,2.000000000000000000e+04
6.060606060606060774e-02,4.848484848484848619e-01,-5.482176620896739251e-04,-5.397948100414030892e-03,0.000000000000000000e+00,0.000000000000000000e+00,2.000000000000000000e+04
9.090909090909091161e-02,4.848484848484848619e-01,-7.605282993753747578e-04,-8.212638534953825564e-03,0.000000000000000000e+00,0.000000000000000000e+00,2.000000000000000000e+04
1.212121212121212155e-01,4.848484848484848619e-01,-9.375311733005051509e-04,-1.109232353015320374e-02,0.000000000000000000e+00,0.000000000000000000e+00,2.000000000000000000e+04
1.515151515151515194e-01,4.848484848484848619e-01,-1.083201809851391676e-03,-1.402631079234839193e-02,0.000000000000000000e+00,0.000000000000000000e+00,2.000000000000000000e+04
1.818181818181818232e-01,4.848484848484848619e-01,-1.201022278635080227e-03,-1.700314720809665073e-02,0.000000000000000000e+00,0.000000000000000000e+00,2.000000000000000000e+04
2.121212121212121271e-01,4.848484848484848619e-01,-1.293947594226008179e-03,-2.001101949032256175e-02,0.000000000000000000e+00,0.000000000000000000e+00,2.000000000000000000e+04
2.424242424242424310e-01,4.848484848484848619e-01,-1.364426873771178638e-03,-2.303811152106870555e-02,0.000000000000000000e+00,0.000000000000000000e+00,2.000000000000000000e+04
2.727272727272727071e-01,4.848484848484848619e-01,-1.414461981275430590e-03,-2.607290430824034735e-02,0.000000000000000000e+00,0.000000000000000000e+00,2.000000000000000000e+04
3.030303030303030387e-01,4.848484848484848619e-01,-1.445686681524191311e-03,-2.910441231218445848e-02,0.000000000000000000e+00,0.000000000000000000e+00,2.000000000000000000e+04
3.333333333333333148e-01,4.848484848484848619e-01,-1.459451705064368715e-03,-3.212235631491933835e-02,0.000000000000000000e+00,0.000000000000000000e+00,2.000000000000000000e+04
3.636363636363636465e-01,4.848484848484848619e-01,-1.456904716569880657e-03,-3.511727769148205447e-02,0.000000000000000000e+00,0.000000000000000000e+00,2.000000000000000000e+04
3.939393939393939226e-01,4.848484848484848619e-01,-1.439058155014469364e-03,-3.808060183567810175e-02,0.000000000000000000e+00,0.000000000000000000e+00,2.000000000000000000e+04
4.242424242424242542e-01,4.848484848484848619e-01,-1.406841607686278072e-03,-4.100465975065126223e-02,0.000000000000000000e+00,0.000000000000000000e+00,2.000000000000000000e+04
4.545454545454545303e-01,4.848484848484848619e-01,-1.361138357542781858e-03,-4.388267676431999859e-02,0.000000000000000000e+00,0.000000000000000000e+00,2.000000000000000000e+04
4.848484848484848619e-01,4.848484848484848619e-01,-1.302807821545994655e-03,-4.670873638183922760e-02,0.000000000000000000e+00,0.000000000000000000e+00,2.000000000000000000e+04
5.151515151515151381e-01,4.848484848484848619e-01,-1.232696803313247658e-03,-4.947772584988990169e-02,0.000000000000000000e+00,0.000000000000000000e+00,2.000000000000000000e+04
5.454545454545454142e-01,4.848484848484848619e-01,-1.151642977367535892e-03,-5.218526841673614552e-02,0.000000000000000000e+00,0.000000000000000000e+00,2.000000000000000000e+04
5.757575757575758013e-01,4.848484848484848619e-01,-1.060474017064131410e-03,-5.482764575635474397e-02,0.000000000000000000e+00,0.000000000000000000e+00,2.000000000000000000e+04
6.060606060606060774e-01,4.848484848484848619e-01,-9.600054751998904996e-04,-5.740171270554544902e-02,0.000000000000000000e+00,0.000000000000000000e+00,2.000000000000000000e+04
6.363636363636363535e-01,4.848484848484848619e-01,-8.510400810633380730e-04,-5.990480537611782980e-02,0.000000000000000000e+00,0.000000000000000000e+00,2.000000000000000000e+04
6.666666666666666297e-01,4.848484848484848619e-01,-7.343706314875728764e-04,-6.233464283313273901e-02,0.000000000000000000e+00,0.000000000000000000e+00,2.000000000000000000e+04
6.969696969696970168e-01,4.848484848484848619e-01,-6.107881797161155996e-04,-6.468922183300038209e-02,0.000000000000000000e+00,0.000000000000000000e+00,2.000000000000000000e+04
7.272727272727272929e-01,4.848484848484848619e-01,-4.810967824094171787e-04,-6.696670354513131751e-02,0.000000000000000000e+00,0.000000000000000000e+00,2.000000000000000000e+04
7.575757575757575690e-01,4.848484848484848619e-01,-3.461356459178622385e-04,-6.916529069707851030e-02,0.000000000000000000e+00,0.000000000000000000e+00,2.000000000000000000e+04
7.878787878787878451e-01,4.848484848484848619e-01,-2.068090968079750391e-04,-7.128309315617469000e-02,0.000000000000000000e+00,0.000000000000000000e+00,2.000000000000000000e+04
8.181818181818182323e-01,4.848484848484848619e-01,-6.412435715364281287e-05,-7.331797957437574675e-02,0.000000000000000000e+00,0.000000000000000000e+00,2.000000000000000000e+04
8.484848484848485084e-01,4.848484848484848619e-01,8.076340708598242198e-05,-7.526741237676629059e-02,0.000000000000000000e+00,0.000000000000000000e+00,2.000000000000000000e+04
8.787878787878787845e-01,4.848484848484848619e-01,2.264999228041723108e-04,-7.712826308869837055e-02,0.000000000000000000e+00,0.000000000000000000e+00,2.000000000000000000e+04
9.090909090909090606e-01,4.848484848484848619e-01,3.714764827048527927e-04,-7.889660482695595722e-02,0.000000000000000000e+00,0.000000000000000000e+00,2.000000000000000000e+04
9.393939393939394478e-01,4.848484848484848619e-01,5.137734144378077773e-04,-8.056747884001007332e-02,0.000000000000000000e+00,0.000000000000000000e+00,2.000000000000000000e+04
9.696969696969697239e-01,4.848484848484848619e-01,6.511065549048067119e-04,-8.213463247537969303e-02,0.000000000000000000e+00,0.000000000000000000e+00,2.000000000000000000e+04
1.000000000000000000e+00,4.848484848484848619e-01,7.807823773317096533e-04,-8.359022719272266033e-02,0.000000000000000000e+00,0.000000000000000000e+00,2.000000000000000000e+04
0.000000000000000000e+00,5.151515151515151381e-01,0.000000000000000000e+00,0.000000000000000000e+00,1.000000000000000000e+00,0.000000000000000000e+00,2.000000000000000000e+04
3.030303030303030387e-02,5.151515151515151381e-01,-2.613810159381629904e-04,-2.723743474033266457e-03,0.000000000000000000e+00,0.000000000000000000e+00,2.000000000000000000e+04
6.060606060606060774e-02,5.151515151515151381e-01,-4.759459889001324334e-04,-5.522859047043006397e-03,0.000000000000000000e+00,0.000000000000000000e+00,2.000000000000000000e+04
9.090909090909091161e-02,5.151515151515151381e-01,-6.478523116615242557e-04,-8.389477982481080218e-03,0.000000000000000000e+00,0.000000000000000000e+00,2.000000000000000000e+04
1.212121212121212155e-01,5.151515151515151381e-01,-7.812251376540695416e-04,-1.131439617833428224e-02,0.000000000000000000e+00,0.000000000000000000e+00,2.000000000000000000e+04
1.515151515151515194e-01,5.151515151515151381e-01,-8.799918662344079863e-04,-1.428740702860005485e-02,0.000000000000000000e+00,0.000000000000000000e+00,2.000000000000000000e+04
1.818181818181818232e-01,5.151515151515151381e-01,-9.477731302006136985e-04,-1.729764800448675699e-02,0.000000000000000000e+00,0.000000000000000000e+00,2.000000000000000000e+04
2.121212121212121271e-01,5.151515151515151381e-01,-9.878263840319646740e-04,-2.033393655668608649e-02,0.000000000000000000e+00,0.000000000000000000e+00,2.000000000000000000e+04
2.424242424242424310e-01,5.151515151515151381e-01,-1.003033320672199261e-03,-2.338507667495191150e-02,0.000000000000000000e+00,0.000000000000000000e+00,2.000000000000000000e+04
2.727272727272727071e-01,5.151515151515151381e-01,-9.959197920570207231e-04,-2.644012348642214849e-02,0.000000000000000000e+00,0.000000000000000000e+00,2.000000000000000000e+04
3.030303030303030387e-01,5.151515151515151381e-01,-9.686963827720493098e-04,-2.948859897916555547e-02,0.000000000000000000e+00,0.000000000000000000e+00,2.000000000000000000e+04
3.333333333333333148e-01,5.151515151515151381e-01,-9.233088285615710959e-04,-3.252065684704455450e-02,0.000000000000000000e+00,0.000000000000000000e+00,2.000000000000000000e+04
3.636363636363636465e-01,5.151515151515151381e-01,-8.614895423766750441e-04,-3.552719828561816395e-02,0.000000000000000000e+00,0.000000000000000000e+00,2.000000000000000000e+04
3.939393939393939226e-01,5.151515151515151381e-01,-7.848040703216296529e-04,-3.849994321295898553e-02,0.000000000000000000e+00,0.000000000000000000e+00,2.000000000000000000e+04
4.242424242424242542e-01,5.151515151515151381e-01,-6.946888803759766013e-04,-4.143146288224437007e-02,0.000000000000000000e+00,0.000000000000000000e+00,2.000000000000000000e+04
4.545454545454545303e-01,5.151515151515151381e-01,-5.924791452273950277e-04,-4.431518035419539092e-02,0.000000000000000000e+00,0.000000000000000000e+00,2.000000000000000000e+04
4.848484848484848619e-01,5.151515151515151381e-01,-4.794269219885148050e-04,-4.714534504192106207e-02,0.000000000000000000e+00,0.000000000000000000e+00,2.000000000000000000e+04
5.151515151515151381e-01,5.151515151515151381e-01,-3.567112997529814497e-04,-4.991698678763479419e-02,0.000000000000000000e+00,0.000000000000000000e+00,2.000000000000000000e+04
5.454545454545454142e-01,5.151515151515151381e-01,-2.254427292631518609e-04,-5.262585391755263131e-02,0.000000000000000000e+00,0.000000000000000000e+00,2.000000000000000000e+04
5.757575757575758013e-01,5.151515151515151381e-01,-8.666397530571380179e-05,-5.526833863361049759e-02,0.000000000000000000e+00,0.000000000000000000e+00,2.000000000000000000e+04
6.060606060606060774e-01,5.151515151515151381e-01,5.864993279759027535e-05,-5.784139206081238133e-02,0.000000000000000000e+00,0.000000000000000000e+00,2.000000000000000000e+04
6.363636363636363535e-01,5.151515151515151381e-01,2.095906209358728461e-04,-6.034243034124243260e-02,0.000000000000000000e+00,0.000000000000000000e+00,2.000000000000000000e+04
6.666666666666666297e-01,5.151515151515151381e-01,3.653123648849365170e-04,-6.276923237056256100e-02,0.000000000000000000e+00,0.000000000000000000e+00,2.000000000000000000e+04
6.969696969696970168e-01,5.151515151515151381e-01,5.250237385514475424e-04,-6.511982910405160474e-02,0.000000000000000000e+00,0.000000000000000000e+00,2.000000000000000000e+04
7.272727272727272929e-01,5.151515151515151381e-01,6.879738780388494537e-04,-6.739238379883356889e-02,0.000000000000000000e+00,0.000000000000000000e+00,2.000000000000000000e+04
7.575757575757575690e-01,5.151515151515151381e-01,8.534327102478816637e-04,-6.958506208737867682e-02,0.000000000000000000e+00,0.000000000000000000e+00,2.000000000000000000e+04
7.878787878787878451e-01,5.151515151515151381e-01,1.020664892379266738e-03,-7.169589038034196449e-02,0.000000000000000000e+00,0.000000000000000000e+00,2.000000000000000000e+04
8.181818181818182323e-01,5.151515151515151381e-01,1.188897636501752520e-03,-7.372260076953737751e-02,0.000000000000000000e+00,0.000000000000000000e+00,2.000000000000000000e+04
8.484848484848485084e-01,5.151515151515151381e-01,1.357283077529258765e-03,-7.566246035293490435e-02,0.000000000000000000e+00,0.000000000000000000e+00,2.000000000000000000e+04
8.787878787878787845e-01,5.151515151515151381e-01,1.524856414130224035e-03,-7.751208276060624069e-02,0.000000000000000000e+00,0.000000000000000000e+00,2.000000000000000000e+04
9.090909090909090606e-01,5.151515151515151381e-01,1.690491740716098396e-03,-7.926721967926333989e-02,0.000000000000000000e+00,0.000000000000000000e+00,2.000000000000000000e+04
9.393939393939394478e-01,5.151515151515151381e-01,1.852858315517561276e-03,-8.092253044996149114e-02,0.000000000000000000e+00,0.000000000000000000e+00,2.000000000000000000e+04
9.696969696969697239e-01,5.151515151515151381e-01,2.010380966890573228e-03,-8.247132849688761091e-02,0.000000000000000000e+00,0.000000000000000000e+00,2.000000000000000000e+04
1.000000000000000000e+00,5.151515151515151381e-01,2.161209358531725449e-03,-8.390530462534358247e-02,0.000000000000000000e+00,0.000000000000000000e+00,2.000000000000000000e+04
0.000000000000000000e+00,5.454545454545454142e-01,0.000000000000000000e+00,0.000000000000000000e+00,1.000000000000000000e+00,0.000000000000000000e+00,2.000000000000000000e+04
3.030303030303030387e-02,5.454545454545454142e-01,-2.289296290915224220e-04,-2.793192359177291539e-03,0.000000000000000000e+00,0.000000000000000000e+00,2.000000000000000000e+04
6.060606060606060774e-02,5.454545454545454142e-01,-4.083389711497446123e-04,-5.655491183887783810e-03,0.000000000000000000e+00,0.000000000000000000e+00,2.000000000000000000e+04
9.090909090909091161e-02,5.454545454545454142e-01,-5.420426445319853582e-04,-8.578892606999642678e-03,0.000000000000000000e+00,0.000000000000000000e+00,2.000000000000000000e+04
1.212121212121212155e-01,5.454545454545454142e-01,-6.339698811410906078e-04,-1.155428303643988956e-02,0.000000000000000000e+00,0.000000000000000000e+00,2.000000000000000000e+04
1.515151515151515194e-01,5.454545454545454142e-01,-6.880127463352993331e-04,-1.457171713549926077e-02,0.000000000000000000e+00,0.000000000000000000e+00,2.000000000000000000e+04
1.818181818181818232e-01,5.454545454545454142e-01,-7.079149799622437567e-04,-1.762070916526065414e-02,0.000000000000000000e+00,0.000000000000000000e+00,2.000000000000000000e+04
2.121212121212121271e-01,5.454545454545454142e-01,-6.972003572863364005e-04,-2.069051878714226952e-02,0.000000000000000000e+00,0.000000000000000000e+00,2.000000000000000000e+04
2.424242424242424310e-01,5.454545454545454142e-01,-6.591356433735612785e-04,-2.377041617681107180e-02,0.000000000000000000e+00,0.000000000000000000e+00,2.000000000000000000e+04
2.727272727272727071e-01,5.454545454545454142e-01,-5.967209287671362437e-04,-2.684991550283650705e-02,0.000000000000000000e+00,0.000000000000000000e+00,2.000000000000000000e+04
3.030303030303030387e-01,5.454545454545454142e-01,-5.126992635318859074e-04,-2.991896997641391859e-02,0.000000000000000000e+00,0.000000000000000000e+00,2.000000000000000000e+04
3.333333333333333148e-01,5.454545454545454142e-01,-4.095777939983329011e-04,-3.296812541767545762e-02,0.000000000000000000e+00,0.000000000000000000e+00,2.000000000000000000e+04
3.636363636363636465e-01,5.454545454545454142e-01,-2.896537211925351209e-04,-3.598863236708167712e-02,0.000000000000000000e+00,0.000000000000000000e+00,2.000000000000000000e+04
3.939393939393939226e-01,5.454545454545454142e-01,-1.550399912973680482e-04,-3.897251907044078229e-02,0.000000000000000000e+00,0.000000000000000000e+00,2.000000000000000000e+04
4.242424242424242542e-01,5.454545454545454142e-01,-7.687373733123380285e-06,-4.191262916214023165e-02,0.000000000000000000e+00,0.000000000000000000e+00,2.000000000000000000e+04
4.545454545454545303e-01,5.454545454545454142e-01,1.505987761781583912e-04,-4.480262862981327504e-02,0.000000000000000000e+00,0.000000000000000000e+00,2.000000000000000000e+04
4.848484848484848619e-01,5.454545454545454142e-01,3.181474071106279934e-04,-4.763698679318159601e-02,0.000000000000000000e+00,0.000000000000000000e+00,2.000000000000000000e+04
5.151515151515151381e-01,5.454545454545454142e-01,4.934156437948895553e-04,-5.041093572951284990e-02,0.000000000000000000e+00,0.000000000000000000e+00,2.000000000000000000e+04
5.454545454545454142e-01,5.454545454545454142e-01,6.749863292180792625e-04,-5.312041198886972848e-02,0.000000000000000000e+00,0.000000000000000000e+00,2.000000000000000000e+04
5.757575757575758013e-01,5.454545454545454142e-01,8.615676049450554609e-04,-5.576198370386678538e-02,0.000000000000000000e+00,0.000000000000000000e+00,2.000000000000000000e+04
6.060606060606060774e-01,5.454545454545454142e-01,1.051992828711029995e-03,-5.833276541703170948e-02,0.000000000000000000e+00,0.000000000000000000e+00,2.000000000000000000e+04
6.363636363636363535e-01,5.454545454545454142e-01,1.245219235859580881e-03,-6.083032219388131989e-02,0.000000000000000000e+00,0.000000000000000000e+00,2.000000000000000000e+04
6.666666666666666297e-01,5.454545454545454142e-01,1.440323969958919254e-03,-6.325256389995356776e-02,0.000000000000000000e+00,0.000000000000000000e+00,2.000000000000000000e+04
6.969696969696970168e-01,5.454545454545454142e-01,1.636496390078465276e-03,-6.559762991130740906e-02,0.000000000000000000e+00,0.000000000000000000e+00,2.000000000000000000e+04
7.272727272727272929e-01,5.454545454545454142e-01,1.833025878077953943e-03,-6.786376400337403025e-02,0.000000000000000000e+00,0.000000000000000000e+00,2.000000000000000000e+04
7.575757575757575690e-01,5.454545454545454142e-01,2.029284705463870169e-03,-7.004917872056132255e-02,0.000000000000000000e+00,0.000000000000000000e+00,2.000000000000000000e+04
7.878787878787878451e-01,5.454545454545454142e-01,2.224705875483191583e-03,-7.215190816794948836e-02,0.000000000000000000e+00,0.000000000000000000e+00,2.000000000000000000e+04
8.181818181818182323e-01,5.454545454545454142e-01,2.418756241202582417e-03,-7.416964789198622621e-02,0.000000000000000000e+00,0.000000000000000000e+00,2.000000000000000000e+04
8.484848484848485084e-01,5.454545454545454142e-01,2.610905629527735233e-03,-7.609958034455983900e-02,0.000000000000000000e+00,0.000000000000000000e+00,2.000000000000000000e+04
8.787878787878787845e-01,5.454545454545454142e-01,2.800593192037577339e-03,-7.793818438407398852e-02,0.000000000000000000e+00,0.000000000000000000e+00,2.000000000000000000e+04
9.090909090909090606e-01,5.454545454545454142e-01,2.987192770896732359e-03,-7.968102740821465801e-02,0.000000000000000000e+00,0.000000000000000000e+00,2.000000000000000000e+04
9.393939393939394478e-01,5.454545454545454142e-01,3.169979715248748536e-03,-8.132253911125252033e-02,0.000000000000000000e+00,0.000000000000000000e+00,2.000000000000000000e+04
9.696969696969697239e-01,5.454545454545454142e-01,3.348102288286422014e-03,-8.285576661385603281e-02,0.000000000000000000e+00,0.000000000000000000e+00,2.000000000000000000e+04
1.000000000000000000e+00,5.454545454545454142e-01,3.520561501534701099e-03,-8.427211193103437137e-02,0.000000000000000000e+00,0.000000000000000000e+00,2.000000000000000000e+04
0.000000000000000000e+00,5.757575757575758013e-01,0.000000000000000000e+00,0.000000000000000000e+00,1.000000000000000000e+00,0.000000000000000000e+00,2.000000000000000000e+04
3.030303030303030387e-02,5.757575757575758013e-01,-1.985298678507441724e-04,-2.866375574292923546e-03,0.000000000000000000e+00,0.000000000000000000e+00,2.000000000000000000e+04
6.060606060606060774e-02,5.757575757575758013e-01,-3.446493004085478501e-04,-5.796241017067940531e-03,0.000000000000000000e+00,0.000000000000000000e+00,2.000000000000000000e+04
9.090909090909091161e-02,5.757575757575758013e-01,-4.418969762343725820e-04,-8.781301183164440249e-03,0.000000000000000000e+00,0.000000000000000000e+00,2.000000000000000000e+04
1.212121212121212155e-01,5.757575757575758013e-01,-4.940525925504672764e-04,-1.181235194883014164e-02,0.000000000000000000e+00,0.000000000000000000e+00,2.000000000000000000e+04
1.515151515151515194e-01,5.757575757575758013e-01,-5.049963594358191765e-04,-1.487951967992629139e-02,0.000000000000000000e+00,0.000000000000000000e+00,2.000000000000000000e+04
1.818181818181818232e-01,5.757575757575758013e-01,-4.785972868093450847e-04,-1.797251204288272813e-02,0.000000000000000000e+00,0.000000000000000000e+00,2.000000000000000000e+04
2.121212121212121271e-01,5.757575757575758013e-01,-4.186308136016943389e-04,-2.108086544286924199e-02,0.000000000000000000e+00,0.000000000000000000e+00,2.000000000000000000e+04
2.424242424242424310e-01,5.757575757575758013e-01,-3.287233712082386844e-04,-2.419417683187021634e-02,0.000000000000000000e+00,0.000000000000000000e+00,2.000000000000000000e+04
2.727272727272727071e-01,5.757575757575758013e-01,-2.123195291095770457e-04,-2.730231056432827486e-02,0.000000000000000000e+00,0.000000000000000000e+00,2.000000000000000000e+04
3.030303030303030387e-01,5.757575757575758013e-01,-7.266640560725078773e-05,-3.039557401420533295e-02,0.000000000000000000e+00,0.000000000000000000e+00,2.000000000000000000e+04
3.333333333333333148e-01,5.757575757575758013e-01,8.719009564378557239e-05,-3.346485851761570041e-02,0.000000000000000000e+00,0.000000000000000000e+00,2.000000000000000000e+04
3.636363636363636465e-01,5.757575757575758013e-01,2.644021417083415202e-04,-3.650174466686476049e-02,0.000000000000000000e+00,0.000000000000000000e+00,2.000000000000000000e+04
3.939393939393939226e-01,5.757575757575758013e-01,4.563138994396915833e-04,-3.949857293261490460e-02,0.000000000000000000e+00,0.000000000000000000e+00,2.000000000000000000e+04
4.242424242424242542e-01,5.757575757575758013e-01,6.604553829745729576e-04,-4.244848198313969784e-02,0.000000000000000000e+00,0.000000000000000000e+00,2.000000000000000000e+04
4.545454545454545303e-01,5.757575757575758013e-01,8.745379211362939694e-04,-4.534541791902229474e-02,0.000000000000000000e+00,0.000000000000000000e+00,2.000000000000000000e+04
4.848484848484848619e-01,5.757575757575758013e-01,1.096451931917519955e-03,-4.818411801236997111e-02,0.000000000000000000e+00,0.000000000000000000e+00,2.000000000000000000e+04
5.151515151515151381e-01,5.757575757575758013e-01,1.324266889476500425e-03,-5.096007252572980900e-02,0.000000000000000000e+00,0.000000000000000000e+00,2.000000000000000000e+04
5.454545454545454142e-01,5.757575757575758013e-01,1.556232811020435113e-03,-5.366946789264520623e-02,0.000000000000000000e+00,0.000000000000000000e+00,2.000000000000000000e+04
5.757575757575758013e-01,5.757575757575758013e-01,1.790782267209603497e-03,-5.630911406971070982e-02,0.000000000000000000e+00,0.000000000000000000e+00,2.000000000000000000e+04
6.060606060606060774e-01,5.757575757575758013e-01,2.026531795385588808e-03,-5.887635830405663073e-02,0.000000000000000000e+00,0.000000000000000000e+00,2.000000000000000000e+04
6.363636363636363535e-01,5.757575757575758013e-01,2.262281624074779802e-03,-6.136898696502336020e-02,0.000000000000000000e+00,0.000000000000000000e+00,2.000000000000000000e+04
6.666666666666666297e-01,5.757575757575758013e-01,2.497012754351030702e-03,-6.378511650877151384e-02,0.000000000000000000e+00,0.000000000000000000e+00,2.000000000000000000e+04
6.969696969696970168e-01,5.757575757575758013e-01,2.729880650940986076e-03,-6.612307410768432370e-02,0.000000000000000000e+00,0.000000000000000000e+00,2.000000000000000000e+04
7.272727272727272929e-01,5.757575757575758013e-01,2.960205046596690523e-03,-6.838126799941839085e-02,0.000000000000000000e+00,0.000000000000000000e+00,2.000000000000000000e+04
7.575757575757575690e-01,5.757575757575758013e-01,3.187455641778071721e-03,-7.055804720438675626e-02,0.000000000000000000e+00,0.000000000000000000e+00,2.000000000000000000e+04
7.878787878787878451e-01,5.757575757575758013e-01,3.411233782580974476e-03,-7.265154993538483486e-02,0.000000000000000000e+00,0.000000000000000000e+00,2.000000000000000000e+04
8.181818181818182323e-01,5.757575757575758013e-01,3.631250525249327035e-03,-7.465953979215195213e-02,0.000000000000000000e+00,0.000000000000000000e+00,2.000000000000000000e+04
8.484848484848485084e-01,5.757575757575758013e-01,3.847301852414155340e-03,-7.657922871665713560e-02,0.000000000000000000e+00,0.000000000000000000e+00,2.000000000000000000e+04
8.787878787878787845e-01,5.757575757575758013e-01,4.059242202501378745e-03,-7.840708571142272765e-02,0.000000000000000000e+00,0.000000000000000000e+00,2.000000000000000000e+04
9.090909090909090606e-01,5.757575757575758013e-01,4.266957914019610908e-03,-8.013863053554394489e-02,0.000000000000000000e+00,0.000000000000000000e+00,2.000000000000000000e+04
9.393939393939394478e-01,5.757575757575758013e-01,4.470342664674469522e-03,-8.176821204683200339e-02,0.000000000000000000e+00,0.000000000000000000e+00,2.000000000000000000e+04
9.696969696969697239e-01,5.757575757575758013e-01,4.669277475821890025e-03,-8.328877161717128386e-02,0.000000000000000000e+00,0.000000000000000000e+00,2.000000000000000000e+04
1.000000000000000000e+00,5.757575757575758013e-01,4.863618300836549356e-03,-8.469159316417364247e-02,0.000000000000000000e+00,0.000000000000000000e+00,2.000000000000000000e+04
0.000000000000000000e+00,6.060606060606060774e-01,0.000000000000000000e+00,0.000000000000000000e+00,1.000000000000000000e+00,0.000000000000000000e+00,2.000000000000000000e+04
3.030303030303030387e-02,6.060606060606060774e-01,-1.698871927128625084e-04,-2.943619918165743272e-03,0.000000000000000000e+00,0.000000000000000000e+00,2.000000000000000000e+04
6.060606060606060774e-02,6.060606060606060774e-01,-2.842433312056465091e-04,-5.945645695763043803e-03,0.000000000000000000e+00,0.000000000000000000e+00,2.000000000000000000e+04
9.090909090909091161e-02,6.060606060606060774e-01,-3.463915704328511666e-04,-8.997353201413925070e-03,0.000000000000000000e+00,0.000000000000000000e+00,2.000000000000000000e+04
1.212121212121212155e-01,6.060606060606060774e-01,-3.600090668128783653e-04,-1.208929078072535843e-02,0.000000000000000000e+00,0.000000000000000000e+00,2.000000000000000000e+04
1.515151515151515194e-01,6.060606060606060774e-01,-3.289951070330019312e-04,-1.521149234371971075e-02,0.000000000000000000e+00,0.000000000000000000e+00,2.000000000000000000e+04
1.818181818181818232e-01,6.060606060606060774e-01,-2.573590930013108357e-04,-1.835369891767514930e-02,0.000000000000000000e+00,0.000000000000000000e+00,2.000000000000000000e+04
2.121212121212121271e-01,6.060606060606060774e-01,-1.491299043460950408e-04,-2.150557710661803179e-02,0.000000000000000000e+00,0.000000000000000000e+00,2.000000000000000000e+04
2.424242424242424310e-01,6.060606060606060774e-01,-8.285898811763834588e-06,-2.465692452369111498e-02,0.000000000000000000e+00,0.000000000000000000e+00,2.000000000000000000e+04
2.727272727272727071e-01,6.060606060606060774e-01,1.612967925048425753e-04,-2.779785433617651749e-02,0.000000000000000000e+00,0.000000000000000000e+00,2.000000000000000000e+04
3.030303030303030387e-01,6.060606060606060774e-01,3.558809514482345849e-04,-3.091895330511670870e-02,0.000000000000000000e+00,0.000000000000000000e+00,2.000000000000000000e+04
3.333333333333333148e-01,6.060606060606060774e-01,5.718935459947378872e-04,-3.401140988922850272e-02,0.000000000000000000e+00,0.000000000000000000e+00,2.000000000000000000e+04
3.636363636363636465e-01,6.060606060606060774e-01,8.059430376959491639e-04,-3.706711095037365511e-02,0.000000000000000000e+00,0.000000000000000000e+00,2.000000000000000000e+04
3.939393939393939226e-01,6.060606060606060774e-01,1.054831669801711272e-03,-4.007870723541739205e-02,0.000000000000000000e+00,0.000000000000000000e+00,2.000000000000000000e+04
4.242424242424242542e-01,6.060606060606060774e-01,1.315564987079580368e-03,-4.303964905950100062e-02,0.000000000000000000e+00,0.000000000000000000e+00,2.000000000000000000e+04
4.545454545454545303e-01,6.060606060606060774e-01,1.585360082569999300e-03,-4.594419446743127494e-02,0.000000000000000000e+00,0.000000000000000000e+00,2.000000000000000000e+04
4.848484848484848619e-01,6.060606060606060774e-01,1.861653356832702498e-03,-4.878739262908445701e-02,0.000000000000000000e+00,0.000000000000000000e+00,2.000000000000000000e+04
5.151515151515151381e-01,6.060606060606060774e-01,2.142107983625701588e-03,-5.156504538352932321e-02,0.000000000000000000e+00,0.000000000000000000e+00,2.000000000000000000e+04
5.454545454545454142e-01,6.060606060606060774e-01,2.424620839570608075e-03,-5.427364975134810199e-02,0.000000000000000000e+00,0.000000000000000000e+00,2.000000000000000000e+04
5.757575757575758013e-01,6.060606060606060774e-01,2.707328381555826162e-03,-5.691032395526002957e-02,0.000000000000000000e+00,0.000000000000000000e+00,2.000000000000000000e+04
6.060606060606060774e-01,6.060606060606060774e-01,2.988610830269168572e-03,-5.947271909076590896e-02,0.000000000000000000e+00,0.000000000000000000e+00,2.000000000000000000e+04
6.363636363636363535e-01,6.060606060606060774e-01,3.267094014961257828e-03,-6.195891812655587860e-02,0.000000000000000000e+00,0.000000000000000000e+00,2.000000000000000000e+04
6.666666666666666297e-01,6.060606060606060774e-01,3.541648323015412266e-03,-6.436732343276775625e-02,0.000000000000000000e+00,0.000000000000000000e+00,2.000000000000000000e+04
6.969696969696970168e-01,6.060606060606060774e-01,3.811384350059395226e-03,-6.669653356710086856e-02,0.000000000000000000e+00,0.000000000000000000e+00,2.000000000000000000e+04
7.272727272727272929e-01,6.060606060606060774e-01,4.075645040012558507e-03,-6.894520961926478564e-02,0.000000000000000000e+00,0.000000000000000000e+00,2.000000000000000000e+04
7.575757575757575690e-01,6.060606060606060774e-01,4.333994324770876726e-03,-7.111193104315532976e-02,0.000000000000000000e+00,0.000000000000000000e+00,2.000000000000000000e+04
7.878787878787878451e-01,6.060606060606060774e-01,4.586202512442894702e-03,-7.319504061145552798e-02,0.000000000000000000e+00,0.000000000000000000e+00,2.000000000000000000e+04
8.181818181818182323e-01,6.060606060606060774e-01,4.832228929121826395e-03,-7.519247792804729935e-02,0.000000000000000000e+00,0.000000000000000000e+00,2.000000000000000000e+04
8.484848484848485084e-01,6.060606060606060774e-01,5.072202593571023543e-03,-7.710160085227282800e-02,0.000000000000000000e+00,0.000000000000000000e+00,2.000000000000000000e+04
8.787878787878787845e-01,6.060606060606060774e-01,5.306401998878529022e-03,-7.891899425390591638e-02,0.000000000000000000e+00,0.000000000000000000e+00,2.000000000000000000e+04
9.090909090909090606e-01,6.060606060606060774e-01,5.535235388680335641e-03,-8.064026576351321363e-02,0.000000000000000000e+00,0.000000000000000000e+00,2.000000000000000000e+04
9.393939393939394478e-01,6.060606060606060774e-01,5.759223238201612027e-03,-8.225982864963354846e-02,0.000000000000000000e+00,0.000000000000000000e+00,2.000000000000000000e+04
9.696969696969697239e-01,6.060606060606060774e-01,5.978984958508831889e-03,-8.377067268038296266e-02,0.000000000000000000e+00,0.000000000000000000e+00,2.000000000000000000e+04
1.000000000000000000e+00,6.060606060606060774e-01,6.195232094454160808e-03,-8.516412483459899485e-02,0.000000000000000000e+00,0.000000000000000000e+00,2.000000000000000000e+04
0.000000000000000000e+00,6.363636363636363535e-01,0.000000000000000000e+00,0.000000000000000000e+00,1.000000000000000000e+00,0.000000000000000000e+00,2.000000000000000000e+04
3.030303030303030387e-02,6.363636363636363535e-01,-1.427520707444007123e-04,-3.025309526198863893e-03,0.000000000000000000e+00,0.000000000000000000e+00,2.000000000000000000e+04
6.060606060606060774e-02,6.363636363636363535e-01,-2.265794571809773479e-04,-6.104371869204029862e-03,0.000000000000000000e+00,0.000000000000000000e+00,2.000000000000000000e+04
9.090909090909091161e-02,6.363636363636363535e-01,-2.546454227418707642e-04,-9.227907481833665451e-03,0.000000000000000000e+00,0.000000000000000000e+00,2.000000000000000000e+04
1.212121212121212155e-01,6.363636363636363535e-01,-2.305719627153857349e-04,-1.238607639507438227e-02,0.000000000000000000e+00,0.000000000000000000e+00,2.000000000000000000e+04
1.515151515151515194e-01,6.363636363636363535e-01,-1.583139450545993697e-04,-1.556867408435865484e-02,0.000000000000000000e+00,0.000000000000000000e+00,2.000000000000000000e+04
1.818181818181818232e-01,6.363636363636363535e-01,-4.204623375180146767e-05,-1.876533250598143993e-02,0.000000000000000000e+00,0.000000000000000000e+00,2.000000000000000000e+04
2.121212121212121271e-01,6.363636363636363535e-01,1.139341033269413605e-04,-2.196571710522436313e-02,0.000000000000000000e+00,0.000000000000000000e+00,2.000000000000000000e+04
2.424242424242424310e-01,6.363636363636363535e-01,3.052901135189761196e-04,-2.515971169933654827e-02,0.000000000000000000e+00,0.000000000000000000e+00,2.000000000000000000e+04
2.727272727272727071e-01,6.363636363636363535e-01,5.277127127332345785e-04,-2.833758463588762974e-02,0.000000000000000000e+00,0.000000000000000000e+00,2.000000000000000000e+04
3.030303030303030387e-01,6.363636363636363535e-01,7.769756256385835363e-04,-3.149013131304667645e-02,0.000000000000000000e+00,0.000000000000000000e+00,2.000000000000000000e+04
3.333333333333333148e-01,6.363636363636363535e-01,1.048979684533347121e-03,-3.460878985149191955e-02,0.000000000000000000e+00,0.000000000000000000e+00,2.000000000000000000e+04
3.636363636363636465e-01,6.363636363636363535e-01,1.339788718387471215e-03,-3.768572829451896644e-02,0.000000000000000000e+00,0.000000000000000000e+00,2.000000000000000000e+04
3.939393939393939226e-01,6.363636363636363535e-01,1.645659053757366451e-03,-4.071390308856245172e-02,0.000000000000000000e+00,0.000000000000000000e+00,2.000000000000000000e+04
4.242424242424242542e-01,6.363636363636363535e-01,1.963064268851929042e-03,-4.368708970270928499e-02,0.000000000000000000e+00,0.000000000000000000e+00,2.000000000000000000e+04
4.545454545454545303e-01,6.363636363636363535e-01,2.288716384848219799e-03,-4.659988705820974908e-02,0.000000000000000000e+00,0.000000000000000000e+00,2.000000000000000000e+04
4.848484848484848619e-01,6.363636363636363535e-01,2.619584223395176378e-03,-4.944769796105328435e-02,0.000000000000000000e+00,0.000000000000000000e+00,2.000000000000000000e+04
5.151515151515151381e-01,6.363636363636363535e-01,2.952909263652170064e-03,-5.222668798759530495e-02,0.000000000000000000e+00,0.000000000000000000e+00,2.000000000000000000e+04
5.454545454545454142e-01,6.363636363636363535e-01,3.286219030608297093e-03,-5.493372530465621267e-02,0.000000000000000000e+00,0.000000000000000000e+00,2.000000000000000000e+04
5.757575757575758013e-01,6.363636363636363535e-01,3.617337851961566382e-03,-5.756630375856766624e-02,0.000000000000000000e+00,0.000000000000000000e+00,2.000000000000000000e+04
6.060606060606060774e-01,6.363636363636363535e-01,3.944394729877200717e-03,-6.012245129091348811e-02,0.000000000000000000e+00,0.000000000000000000e+00,2.000000000000000000e+04
6.363636363636363535e-01,6.363636363636363535e-01,4.265828071886382418e-03,-6.260062537806353189e-02,0.000000000000000000e+00,0.000000000000000000e+00,2.000000000000000000e+04
6.666666666666666297e-01,6.363636363636363535e-01,4.580387092205599059e-03,-6.499959678769688665e-02,0.000000000000000000e+00,0.000000000000000000e+00,2.000000000000000000e+04
6.969696969696970168e-01,6.363636363636363535e-01,4.887129810580749696e-03,-6.731832253315848946e-02,0.000000000000000000e+00,0.000000000000000000e+00,2.000000000000000000e+04
7.272727272727272929e-01,6.363636363636363535e-01,5.185417722939515868e-03,-6.955580851517019492e-02,0.000000000000000000e+00,0.000000000000000000e+00,2.000000000000000000e+04
7.575757575757575690e-01,6.363636363636363535e-01,5.474907383746889511e-03,-7.171096199569421126e-02,0.000000000000000000e+00,0.000000000000000000e+00,2.000000000000000000e+04
7.878787878787878451e-01,6.363636363636363535e-01,5.755539315926508533e-03,-7.378243377401712266e-02,0.000000000000000000e+00,0.000000000000000000e+00,2.000000000000000000e+04
8.181818181818182323e-01,6.363636363636363535e-01,6.027524846544210849e-03,-7.576844975342354738e-02,0.000000000000000000e+00,0.000000000000000000e+00,2.000000000000000000e+04
8.484848484848485084e-01,6.363636363636363535e-01,6.291331653636265606e-03,-7.766663152242109236e-02,0.000000000000000000e+00,0.000000000000000000e+00,2.000000000000000000e+04
8.787878787878787845e-01,6.363636363636363535e-01,6.547669000276638840e-03,-7.947380565386381879e-02,0.000000000000000000e+00,0.000000000000000000e+00,2.000000000000000000e+04
9.090909090909090606e-01,6.363636363636363535e-01,6.797473822166756607e-03,-8.118580167720447494e-02,0.000000000000000000e+00,0.000000000000000000e+00,2.000000000000000000e+04
9.393939393939394478e-01,6.363636363636363535e-01,7.041899014636384020e-03,-8.279723913211377295e-02,0.000000000000000000e+00,0.000000000000000000e+00,2.000000000000000000e+04
9.696969696969697239e-01,6.363636363636363535e-01,7.282305414880898067e-03,-8.430130478855765719e-02,0.000000000000000000e+00,0.000000000000000000e+00,2.000000000000000000e+04
1.000000000000000000e+00,6.363636363636363535e-01,7.520259066336196577e-03,-8.568952202509839966e-02,0.000000000000000000e+00,0.000000000000000000e+00,2.000000000000000000e+04
0.000000000000000000e+00,6.666666666666666297e-01,0.000000000000000000e+00,0.000000000000000000e+00,1.000000000000000000e+00,0.000000000000000000e+00,2.000000000000000000e+04
3.030303030303030387e-02,6.666666666666666297e-01,-1.169127655630768076e-04,-3.111885175472682390e-03,0.000000000000000000e+00,0.000000000000000000e+00,2.000000000000000000e+04
6.060606060606060774e-02,6.666666666666666297e-01,-1.711921050491175406e-04,-6.273210373076924806e-03,0.000000000000000000e+00,0.000000000000000000e+00,2.000000000000000000e+04
9.090909090909091161e-02,6.666666666666666297e-01,-1.658936817573067421e-04,-9.474020181236358917e-03,0.000000000000000000e+00,0.000000000000000000e+00,2.000000000000000000e+04
1.212121212121212155e-01,6.666666666666666297e-01,-1.046322817559732724e-04,-1.270395585377784645e-02,0.000000000000000000e+00,0.000000000000000000e+00,2.000000000000000000e+04
1.515151515151515194e-01,6.666666666666666297e-01,8.540564525579545001e-06,-1.595244103199842597e-02,0.000000000000000000e+00,0.000000000000000000e+00,2.000000000000000000e+04
1.818181818181818232e-01,6.666666666666666297e-01,1.692513834206151458e-04,-1.920886914761034750e-02,0.000000000000000000e+00,0.000000000000000000e+00,2.000000000000000000e+04
2.121212121212121271e-01,6.666666666666666297e-01,3.729095146276546085e-04,-2.246278505769689141e-02,0.000000000000000000e+00,0.000000000000000000e+00,2.000000000000000000e+04
2.424242424242424310e-01,6.666666666666666297e-01,6.148006431168990182e-04,-2.570405424912838854e-02,0.000000000000000000e+00,0.000000000000000000e+00,2.000000000000000000e+04
2.727272727272727071e-01,6.666666666666666297e-01,8.901689592344984650e-04,-2.892301407171635197e-02,0.000000000000000000e+00,0.000000000000000000e+00,2.000000000000000000e+04
3.030303030303030387e-01,6.666666666666666297e-01,1.194288537857895538e-03,-3.211060276416305426e-02,0.000000000000000000e+00,0.000000000000000000e+00,2.000000000000000000e+04
3.333333333333333148e-01,6.666666666666666297e-01,1.522524972741603772e-03,-3.525846339358298942e-02,0.000000000000000000e+00,0.000000000000000000e+00,2.000000000000000000e+04
3.636363636363636465e-01,6.666666666666666297e-01,1.870388489430287052e-03,-3.835902113189851304e-02,0.000000000000000000e+00,0.000000000000000000e+00,2.000000000000000000e+04
3.939393939393939226e-01,6.666666666666666297e-01,2.233579744516337329e-03,-4.140553346058530731e-02,0.000000000000000000e+00,0.000000000000000000e+00,2.000000000000000000e+04
4.242424242424242542e-01,6.666666666666666297e-01,2.608029365287294326e-03,-4.439211387440412243e-02,0.000000000000000000e+00,0.000000000000000000e+00,2.000000000000000000e+04
4.545454545454545303e-01,6.666666666666666297e-01,2.989932056312049041e-03,-4.731373041409658170e-02,0.000000000000000000e+00,0.000000000000000000e+00,2.000000000000000000e+04
4.848484848484848619e-01,6.666666666666666297e-01,3.375775854531097488e-03,-5.016618088786029689e-02,0.000000000000000000e+00,0.000000000000000000e+00,2.000000000000000000e+04
5.151515151515151381e-01,6.666666666666666297e-01,3.762366895009578230e-03,-5.294604694965881347e-02,0.000000000000000000e+00,0.000000000000000000e+00,2.000000000000000000e+04
5.454545454545454142e-01,6.666666666666666297e-01,4.146849883309949684e-03,-5.565062931044492678e-02,0.000000000000000000e+00,0.000000000000000000e+00,2.000000000000000000e+04
5.757575757575758013e-01,6.666666666666666297e-01,4.526724370078024848e-03,-5.827786629675740793e-02,0.000000000000000000e+00,0.000000000000000000e+00,2.000000000000000000e+04
6.060606060606060774e-01,6.666666666666666297e-01,4.899856889042880290e-03,-6.082623777564691997e-02,0.000000000000000000e+00,0.000000000000000000e+00,2.000000000000000000e+04
6.363636363636363535e-01,6.666666666666666297e-01,5.264489042533384601e-03,-6.329465617306505310e-02,0.000000000000000000e+00,0.000000000000000000e+00,2.000000000000000000e+04
6.666666666666666297e-01,6.666666666666666297e-01,5.619241685304952189e-03,-6.568234596158395444e-02,0.000000000000000000e+00,0.000000000000000000e+00,2.000000000000000000e+04
6.969696969696970168e-01,6.666666666666666297e-01,5.963115453159648430e-03,-6.798871261730800308e-02,0.000000000000000000e+00,0.000000000000000000e+00,2.000000000000000000e+04
7.272727272727272929e-01,6.666666666666666297e-01,6.295487994084504602e-03,-7.021320167699138248e-02,0.000000000000000000e+00,0.000000000000000000e+00,2.000000000000000000e+04
7.575757575757575690e-01,6.666666666666666297e-01,6.616108375860521411e-03,-7.235514819389818331e-02,0.000000000000000000e+00,0.000000000000000000e+00,2.000000000000000000e+04
7.878787878787878451e-01,6.666666666666666297e-01,6.925089258092410015e-03,-7.441361662194001525e-02,0.000000000000000000e+00,0.000000000000000000e+00,2.000000000000000000e+04
8.181818181818182323e-01,6.666666666666666297e-01,7.222897524080940795e-03,-7.638723097789615335e-02,0.000000000000000000e+00,0.000000000000000000e+00,2.000000000000000000e+04
8.484848484848485084e-01,6.666666666666666297e-01,7.510344166376942132e-03,-7.827399506629871551e-02,0.000000000000000000e+00,0.000000000000000000e+00,2.000000000000000000e+04
8.787878787878787845e-01,6.666666666666666297e-01,7.788574306772822788e-03,-8.007110262584504756e-02,0.000000000000000000e+00,0.000000000000000000e+00,2.000000000000000000e+04
9.090909090909090606e-01,6.666666666666666297e-01,8.059058302513575842e-03,-8.177473749415377358e-02,0.000000000000000000e+00,0.000000000000000000e+00,2.000000000000000000e+04
9.393939393939394478e-01,6.666666666666666297e-01,8.323584937272225301e-03,-8.337986431044074054e-02,0.000000000000000000e+00,0.000000000000000000e+00,2.000000000000000000e+04
9.696969696969697239e-01,6.666666666666666297e-01,8.584257704166804379e-03,-8.488001089682618849e-02,0.000000000000000000e+00,0.000000000000000000e+00,2.000000000000000000e+04
1.000000000000000000e+00,6.666666666666666297e-01,8.843495140025053880e-03,-8.626704427739370629e-02,0.000000000000000000e+00,0.000000000000000000e+00,2.000000000000000000e+04
0.000000000000000000e+00,6.969696969696970168e-01,0.000000000000000000e+00,0.000000000000000000e+00,1.000000000000000000e+00,0.000000000000000000e+00,2.000000000000000000e+04
3.030303030303030387e-02,6.969696969696970168e-01,-9.219001065700016767e-05,-3.203845390396841894e-03,0.000000000000000000e+00,0.000000000000000000e+00,2.000000000000000000e+04
6.060606060606060774e-02,6.969696969696970168e-01,-1.176798537981638381e-04,-6.453075291522767688e-03,0.000000000000000000e+00,0.000000000000000000e+00,2.000000000000000000e+04
9.090909090909091161e-02,6.969696969696970168e-01,-7.946782820848595367e-05,-9.736939900156383471e-03,0.000000000000000000e+00,0.000000000000000000e+00,2.000000000000000000e+04
1.212121212121212155e-01,6.969696969696970168e-01,1.878952909429569849e-05,-1.304443700200613732e-02,0.000000000000000000e+00,0.000000000000000000e+00,2.000000000000000000e+04
1.515151515151515194e-01,6.969696969696970168e-01,1.728987706137537683e-04,-1.636449317442324053e-02,0.000000000000000000e+00,0.000000000000000000e+00,2.000000000000000000e+04
1.818181818181818232e-01,6.969696969696970168e-01,3.782476561992047411e-04,-1.968614308162301013e-02,0.000000000000000000e+00,0.000000000000000000e+00,2.000000000000000000e+04
2.121212121212121271e-01,6.969696969696970168e-01,6.299173340681982550e-04,-2.299870069667897879e-02,0.000000000000000000e+00,0.000000000000000000e+00,2.000000000000000000e+04
2.424242424242424310e-01,6.969696969696970168e-01,9.227868157318154128e-04,-2.629191689616888761e-02,0.000000000000000000e+00,0.000000000000000000e+00,2.000000000000000000e+04
2.727272727272727071e-01,6.969696969696970168e-01,1.251628790773570829e-03,-2.955611876121056955e-02,0.000000000000000000e+00,0.000000000000000000e+00,2.000000000000000000e+04
3.030303030303030387e-01,6.969696969696970168e-01,1.611196458643994814e-03,-3.278232697066685991e-02,0.000000000000000000e+00,0.000000000000000000e+00,2.000000000000000000e+04
3.333333333333333148e-01,6.969696969696970168e-01,1.996301492472905576e-03,-3.596234878918146138e-02,0.000000000000000000e+00,0.000000000000000000e+00,2.000000000000000000e+04
3.636363636363636465e-01,6.969696969696970168e-01,2.401883510109825964e-03,-3.908884525079463212e-02,0.000000000000000000e+00,0.000000000000000000e+00,2.000000000000000000e+04
3.939393939393939226e-01,6.969696969696970168e-01,2.823071542904706348e-03,-4.215537215141497429e-02,0.000000000000000000e+00,0.000000000000000000e+00,2.000000000000000000e+04
4.242424242424242542e-01,6.969696969696970168e-01,3.255238004724182992e-03,-4.515639534061173521e-02,0.000000000000000000e+00,0.000000000000000000e+00,2.000000000000000000e+04
4.545454545454545303e-01,6.969696969696970168e-01,3.694045615407314485e-03,-4.808728151174407328e-02,0.000000000000000000e+00,0.000000000000000000e+00,2.000000000000000000e+04
4.848484848484848619e-01,6.969696969696970168e-01,4.135487662784606902e-03,-5.094426621156492030e-02,0.000000000000000000e+00,0.000000000000000000e+00,2.000000000000000000e+04
5.151515151515151381e-01,6.969696969696970168e-01,4.575921925332084549e-03,-5.372440112246369692e-02,0.000000000000000000e+00,0.000000000000000000e+00,2.000000000000000000e+04
5.454545454545454142e-01,6.969696969696970168e-01,5.012098542676960214e-03,-5.642548282106673446e-02,0.000000000000000000e+00,0.000000000000000000e+00,2.000000000000000000e+04
5.757575757575758013e-01,6.969696969696970168e-01,5.441182122054443945e-03,-5.904596520469584248e-02,0.000000000000000000e+00,0.000000000000000000e+00,2.000000000000000000e+04
6.060606060606060774e-01,6.969696969696970168e-01,5.860768404962451300e-03,-6.158485762842327849e-02,0.000000000000000000e+00,0.000000000000000000e+00,2.000000000000000000e+04
6.363636363636363535e-01,6.969696969696970168e-01,6.268895882746949345e-03,-6.404161054137270936e-02,0.000000000000000000e+00,0.000000000000000000e+00,2.000000000000000000e+04
6.666666666666666297e-01,6.969696969696970168e-01,6.664052832174977535e-03,-6.641599008526374859e-02,0.000000000000000000e+00,0.000000000000000000e+00,2.000000000000000000e+04
6.969696969696970168e-01,6.969696969696970168e-01,7.045180330761103248e-03,-6.870794275535153928e-02,0.000000000000000000e+00,0.000000000000000000e+00,2.000000000000000000e+04
7.272727272727272929e-01,6.969696969696970168e-01,7.411671896277149604e-03,-7.091745085738698773e-02,0.000000000000000000e+00,0.000000000000000000e+00,2.000000000000000000e+04
7.575757575757575690e-01,6.969696969696970168e-01,7.763370467274177157e-03,-7.304437915584349739e-02,0.000000000000000000e+00,0.000000000000000000e+00,2.000000000000000000e+04
7.878787878787878451e-01,6.969696969696970168e-01,8.100563495921390619e-03,-7.508831282821909481e-02,0.000000000000000000e+00,0.000000000000000000e+00,2.000000000000000000e+04
8.181818181818182323e-01,6.969696969696970168e-01,8.423976957586435180e-03,-7.704838664550536786e-02,0.000000000000000000e+00,0.000000000000000000e+00,2.000000000000000000e+04
8.484848484848485084e-01,6.969696969696970168e-01,8.734769091251119374e-03,-7.892310521579422311e-02,0.000000000000000000e+00,0.000000000000000000e+00,2.000000000000000000e+04
8.787878787878787845e-01,6.969696969696970168e-01,9.034524669088224436e-03,-8.071015418032204125e-02,0.000000000000000000e+00,0.000000000000000000e+00,2.000000000000000000e+04
9.090909090909090606e-01,6.969696969696970168e-01,9.325250549071528033e-03,-8.240620246014825068e-02,0.000000000000000000e+00,0.000000000000000000e+00,2.000000000000000000e+04
9.393939393939394478e-01,6.969696969696970168e-01,9.609373185688769095e-03,-8.400669603368614291e-02,0.000000000000000000e+00,0.000000000000000000e+00,2.000000000000000000e+04
9.696969696969697239e-01,6.969696969696970168e-01,9.889738652144788172e-03,-8.550564428929907645e-02,0.000000000000000000e+00,0.000000000000000000e+00,2.000000000000000000e+04
1.000000000000000000e+00,6.969696969696970168e-01,1.016961555247073920e-02,-8.689540073997702174e-02,0.000000000000000000e+00,0.000000000000000000e+00,2.000000000000000000e+04
0.000000000000000000e+00,7.272727272727272929e-01,0.000000000000000000e+00,0.000000000000000000e+00,1.000000000000000000e+00,0.000000000000000000e+00,2.000000000000000000e+04
3.030303030303030387e-02,7.272727272727272929e-01,-6.843311218371918292e-05,-3.301748984953528209e-03,0.000000000000000000e+00,0.000000000000000000e+00,2.000000000000000000e+04
6.060606060606060774e-02,7.272727272727272929e-01,-6.569663867661623485e-05,-6.645006455053399652e-03,0.000000000000000000e+00,0.000000000000000000e+00,2.000000000000000000e+04
9.090909090909091161e-02,7.272727272727272929e-01,5.219142811742937793e-06,-1.001810836370816554e-02,0.000000000000000000e+00,0.000000000000000000e+00,2.000000000000000000e+04
1.212121212121212155e-01,7.272727272727272929e-01,1.405653773585007773e-04,-1.340928648785755933e-02,0.000000000000000000e+00,0.000000000000000000e+00,2.000000000000000000e+04
1.515151515151515194e-01,7.272727272727272929e-01,3.359572633751376804e-04,-1.680684973670424145e-02,0.000000000000000000e+00,0.000000000000000000e+00,2.000000000000000000e+04
1.818181818181818232e-01,7.272727272727272929e-01,5.864971171460882458e-04,-2.019935988243082986e-02,0.000000000000000000e+00,0.000000000000000000e+00,2.000000000000000000e+04
2.121212121212121271e-01,7.272727272727272929e-01,8.868949216359607417e-04,-2.357579647482751714e-02,0.000000000000000000e+00,0.000000000000000000e+00,2.000000000000000000e+04
2.424242424242424310e-01,7.272727272727272929e-01,1.231584113850813737e-03,-2.692570623447470765e-02,0.000000000000000000e+00,0.000000000000000000e+00,2.000000000000000000e+04
2.727272727272727071e-01,7.272727272727272929e-01,1.614831003702587447e-03,-3.023933297332004680e-02,0.000000000000000000e+00,0.000000000000000000e+00,2.000000000000000000e+04
3.030303030303030387e-01,7.272727272727272929e-01,2.030836751503282186e-03,-3.350772498535486282e-02,0.000000000000000000e+00,0.000000000000000000e+00,2.000000000000000000e+04
3.333333333333333148e-01,7.272727272727272929e-01,2.473831246247527264e-03,-3.672281780920217537e-02,0.000000000000000000e+00,0.000000000000000000e+00,2.000000000000000000e+04
3.636363636363636465e-01,7.272727272727272929e-01,2.938158527800435911e-03,-3.987749122361777115e-02,0.000000000000000000e+00,0.000000000000000000e+00,2.000000000000000000e+04
3.939393939393939226e-01,7.272727272727272929e-01,3.418353601848476281e-03,-4.296560024099162212e-02,0.000000000000000000e+00,0.000000000000000000e+00,2.000000000000000000e+04
4.242424242424242542e-01,7.272727272727272929e-01,3.909210633311829830e-03,-4.598198066796801292e-02,0.000000000000000000e+00,0.000000000000000000e+00,2.000000000000000000e+04
4.545454545454545303e-01,7.272727272727272929e-01,4.405842599711150623e-03,-4.892243047186127514e-02,0.000000000000000000e+00,0.000000000000000000e+00,2.000000000000000000e+04
4.848484848484848619e-01,7.272727272727272929e-01,4.903732565296159765e-03,-5.178366870315279785e-02,0.000000000000000000e+00,0.000000000000000000e+00,2.000000000000000000e+04
5.151515151515151381e-01,7.272727272727272929e-01,5.398776817620748979e-03,-5.456327406587741652e-02,0.000000000000000000e+00,0.000000000000000000e+00,2.000000000000000000e+04
5.454545454545454142e-01,7.272727272727272929e-01,5.887320200764795987e-03,-5.725960539838585023e-02,0.000000000000000000e+00,0.000000000000000000e+00,2.000000000000000000e+04
5.757575757575758013e-01,7.272727272727272929e-01,6.366184085871070229e-03,-5.987170633686598326e-02,0.000000000000000000e+00,0.000000000000000000e+00,2.000000000000000000e+04
6.060606060606060774e-01,7.272727272727272929e-01,6.832687536097038772e-03,-6.239919630263444233e-02,0.000000000000000000e+00,0.000000000000000000e+00,2.000000000000000000e+04
6.363636363636363535e-01,7.272727272727272929e-01,7.284662341333412831e-03,-6.484214970857216098e-02,0.000000000000000000e+00,0.000000000000000000e+00,2.000000000000000000e+04
6.666666666666666297e-01,7.272727272727272929e-01,7.720462708117723297e-03,-6.720096495223218391e-02,0.000000000000000000e+00,0.000000000000000000e+00,2.000000000000000000e+04
6.969696969696970168e-01,7.272727272727272929e-01,8.138970482212922949e-03,-6.947622438784870069e-02,0.000000000000000000e+00,0.000000000000000000e+00,2.000000000000000000e+04
7.272727272727272929e-01,7.272727272727272929e-01,8.539596847025805390e-03,-7.166854608200444454e-02,0.000000000000000000e+00,0.000000000000000000e+00,2.000000000000000000e+04
7.575757575757575690e-01,7.272727272727272929e-01,8.922281474389878730e-03,-7.377842779230051051e-02,0.000000000000000000e+00,0.000000000000000000e+00,2.000000000000000000e+04
7.878787878787878451e-01,7.272727272727272929e-01,9.287490101584023119e-03,-7.580608329710861182e-02,0.000000000000000000e+00,0.000000000000000000e+00,2.000000000000000000e+04
8.181818181818182323e-01,7.272727272727272929e-01,9.636211468071425798e-03,-7.775127097677797527e-02,0.000000000000000000e+00,0.000000000000000000e+00,2.000000000000000000e+04
8.484848484848485084e-01,7.272727272727272929e-01,9.969954466719116101e-03,-7.961311442891924606e-02,0.000000000000000000e+00,0.000000000000000000e+00,2.000000000000000000e+04
8.787878787878787845e-01,7.272727272727272929e-01,1.029074624674148307e-02,-8.138991491571866133e-02,0.000000000000000000e+00,0.000000000000000000e+00,2.000000000000000000e+04
9.090909090909090606e-01,7.272727272727272929e-01,1.060113184809710792e-02,-8.307895560884301367e-02,0.000000000000000000e+00,0.000000000000000000e+00,2.000000000000000000e+04
9.393939393939394478e-01,7.272727272727272929e-01,1.090417574700202827e-02,-8.467629793141251415e-02,0.000000000000000000e+00,0.000000000000000000e+00,2.000000000000000000e+04
9.696969696969697239e-01,7.272727272727272929e-01,1.120346544580618810e-02,-8.617657080364046762e-02,0.000000000000000000e+00,0.000000000000000000e+00,2.000000000000000000e+04
1.000000000000000000e+00,7.272727272727272929e-01,1.150311694385447968e-02,-8.757275427647345789e-02,0.000000000000000000e+00,0.000000000000000000e+00,2.000000000000000000e+04
0.000000000000000000e+00,7.575757575757575690e-01,0.000000000000000000e+00,0.000000000000000000e+00,1.000000000000000000e+00,0.000000000000000000e+00,2.000000000000000000e+04
3.030303030303030387e-02,7.575757575757575690e-01,-4.551715938133283663e-05,-3.406218826912707498e-03,0.000000000000000000e+00,0.000000000000000000e+00,2.000000000000000000e+04
6.060606060606060774e-02,7.575757575757575690e-01,-1.494530350345807328e-05,-6.850174785853478318e-03,0.000000000000000000e+00,0.000000000000000000e+00,2.000000000000000000e+04
9.090909090909091161e-02,7.575757575757575690e-01,8.868378053499287198e-05,-1.031916568392310732e-02,0.000000000000000000e+00,0.000000000000000000e+00,2.000000000000000000e+04
1.212121212121212155e-01,7.575757575757575690e-01,2.614760302355931243e-04,-1.380053390997728301e-02,0.000000000000000000e+00,0.000000000000000000e+00,2.000000000000000000e+04
1.515151515151515194e-01,7.575757575757575690e-01,4.988013603173086473e-04,-1.728185180433029419e-02,0.000000000000000000e+00,0.000000000000000000e+00,2.000000000000000000e+04
1.818181818181818232e-01,7.575757575757575690e-01,7.954235020611437074e-04,-2.075109766668401662e-02,0.000000000000000000e+00,0.000000000000000000e+00,2.000000000000000000e+04
2.121212121212121271e-01,7.575757575757575690e-01,1.145630249348580324e-03,-2.419681782174139956e-02,0.000000000000000000e+00,0.000000000000000000e+00,2.000000000000000000e+04
2.424242424242424310e-01,7.575757575757575690e-01,1.543361441285899787e-03,-2.760827068179369861e-02,0.000000000000000000e+00,0.000000000000000000e+00,2.000000000000000000e+04
2.727272727272727071e-01,7.575757575757575690e-01,1.982332509181787290e-03,-3.097554943731800278e-02,0.000000000000000000e+00,0.000000000000000000e+00,2.000000000000000000e+04
3.030303030303030387e-01,7.575757575757575690e-01,2.456151866011803669e-03,-3.428968081184629452e-02,0.000000000000000000e+00,0.000000000000000000e+00,2.000000000000000000e+04
3.333333333333333148e-01,7.575757575757575690e-01,2.958430803325377313e-03,-3.754269818187642993e-02,0.000000000000000000e+00,0.000000000000000000e+00,2.000000000000000000e+04
3.636363636363636465e-01,7.575757575757575690e-01,3.482884883847430901e-03,-4.072768823666612914e-02,0.000000000000000000e+00,0.000000000000000000e+00,2.000000000000000000e+04
3.939393939393939226e-01,7.575757575757575690e-01,4.023426088976694154e-03,-4.383881119090903000e-02,0.000000000000000000e+00,0.000000000000000000e+00,2.000000000000000000e+04
4.242424242424242542e-01,7.575757575757575690e-01,4.574245215823093992e-03,-4.687129532444234137e-02,0.000000000000000000e+00,0.000000000000000000e+00,2.000000000000000000e+04
4.545454545454545303e-01,7.575757575757575690e-01,5.129884235642467698e-03,-4.982140727151553039e-02,0.000000000000000000e+00,0.000000000000000000e+00,2.000000000000000000e+04
4.848484848484848619e-01,7.575757575757575690e-01,5.685298538133604605e-03,-5.268639998906803762e-02,0.000000000000000000e+00,0.000000000000000000e+00,2.000000000000000000e+04
5.151515151515151381e-01,7.575757575757575690e-01,6.235909201513559728e-03,-5.546444067945353190e-02,0.000000000000000000e+00,0.000000000000000000e+00,2.000000000000000000e+04
5.454545454545454142e-01,7.575757575757575690e-01,6.777645647162355499e-03,-5.815452111971392696e-02,0.000000000000000000e+00,0.000000000000000000e+00,2.000000000000000000e+04
5.757575757575758013e-01,7.575757575757575690e-01,7.306979254471759541e-03,-6.075635286043070543e-02,0.000000000000000000e+00,0.000000000000000000e+00,2.000000000000000000e+04
6.060606060606060774e-01,7.575757575757575690e-01,7.820948716704387987e-03,-6.327024961751055721e-02,0.000000000000000000e+00,0.000000000000000000e+00,2.000000000000000000e+04
6.363636363636363535e-01,7.575757575757575690e-01,8.317178100620020720e-03,-6.569699891501457056e-02,0.000000000000000000e+00,0.000000000000000000e+00,2.000000000000000000e+04
6.666666666666666297e-01,7.575757575757575690e-01,8.793888720010609866e-03,-6.803772467858063000e-02,0.000000000000000000e+00,0.000000000000000000e+00,2.000000000000000000e+04
6.969696969696970168e-01,7.575757575757575690e-01,9.249906036578634666e-03,-7.029374206365880673e-02,0.000000000000000000e+00,0.000000000000000000e+00,2.000000000000000000e+04
7.272727272727272929e-01,7.575757575757575690e-01,9.684662853990007314e-03,-7.246640536862646031e-02,0.000000000000000000e+00,0.000000000000000000e+00,2.000000000000000000e+04
7.575757575757575690e-01,7.575757575757575690e-01,1.009820006858220404e-02,-7.455694946691801550e-02,0.000000000000000000e+00,0.000000000000000000e+00,2.000000000000000000e+04
7.878787878787878451e-01,7.575757575757575690e-01,1.049116618186838636e-02,-7.656632482907202442e-02,0.000000000000000000e+00,0.000000000000000000e+00,2.000000000000000000e+04
8.181818181818182323e-01,7.575757575757575690e-01,1.086481666630464971e-02,-7.849502592602741746e-02,0.000000000000000000e+00,0.000000000000000000e+00,2.000000000000000000e+04
8.484848484848485084e-01,7.575757575757575690e-01,1.122101410844259135e-02,-8.034291263603299260e-02,0.000000000000000000e+00,0.000000000000000000e+00,2.000000000000000000e+04
8.787878787878787845e-01,7.575757575757575690e-01,1.156222983437704341e-02,-8.210902424183347259e-02,0.000000000000000000e+00,0.000000000000000000e+00,2.000000000000000000e+04
9.090909090909090606e-01,7.575757575757575690e-01,1.189154745261827156e-02,-8.379138572040520372e-02,0.000000000000000000e+00,0.000000000000000000e+00,2.000000000000000000e+04
9.393939393939394478e-01,7.575757575757575690e-01,1.221266842973576724e-02,-8.538680630721104392e-02,0.000000000000000000e+00,0.000000000000000000e+00,2.000000000000000000e+04
9.696969696969697239e-01,7.575757575757575690e-01,1.252991944458096973e-02,-8.689067076726166017e-02,0.000000000000000000e+00,0.000000000000000000e+00,2.000000000000000000e+04
1.000000000000000000e+00,7.575757575757575690e-01,1.284826084874858207e-02,-8.829672442545387356e-02,0.000000000000000000e+00,0.000000000000000000e+00,2.000000000000000000e+04
0.000000000000000000e+00,7.878787878787878451e-01,0.000000000000000000e+00,0.000000000000000000e+00,1.000000000000000000e+00,0.000000000000000000e+00,2.000000000000000000e+04
3.030303030303030387e-02,7.878787878787878451e-01,-2.334111305597452374e-05,-3.517946715054720390e-03,0.000000000000000000e+00,0.000000000000000000e+00,2.000000000000000000e+04
6.060606060606060774e-02,7.878787878787878451e-01,3.482702495389887541e-05,-7.069890149580470955e-03,0.000000000000000000e+00,0.000000000000000000e+00,2.000000000000000000e+04
9.090909090909091161e-02,7.878787878787878451e-01,1.713803701200158013e-04,-1.064195959228617268e-02,0.000000000000000000e+00,0.000000000000000000e+00,2.000000000000000000e+04
1.212121212121212155e-01,7.878787878787878451e-01,3.822236264729265433e-04,-1.422048125426892372e-02,0.000000000000000000e+00,0.000000000000000000e+00,2.000000000000000000e+04
1.515151515151515194e-01,7.878787878787878451e-01,6.624224581212131329e-04,-1.779217122647247171e-02,0.000000000000000000e+00,0.000000000000000000e+00,2.000000000000000000e+04
1.818181818181818232e-01,7.878787878787878451e-01,1.006342122845693384e-03,-2.134431511666319212e-02,0.000000000000000000e+00,0.000000000000000000e+00,2.000000000000000000e+04
2.121212121212121271e-01,7.878787878787878451e-01,1.407789080355925041e-03,-2.486493023931111990e-02,0.000000000000000000e+00,0.000000000000000000e+00,2.000000000000000000e+04
2.424242424242424310e-01,7.878787878787878451e-01,1.860152491327967793e-03,-2.834290678435817321e-02,0.000000000000000000e+00,0.000000000000000000e+00,2.000000000000000000e+04
2.727272727272727071e-01,7.878787878787878451e-01,2.356542910566346814e-03,-3.176812507024694143e-02,0.000000000000000000e+00,0.000000000000000000e+00,2.000000000000000000e+04
3.030303030303030387e-01,7.878787878787878451e-01,2.889925857562195086e-03,-3.513154675383610426e-02,0.000000000000000000e+00,0.000000000000000000e+00,2.000000000000000000e+04
3.333333333333333148e-01,7.878787878787878451e-01,3.453248305643317854e-03,-3.842527868836022320e-02,0.000000000000000000e+00,0.000000000000000000e+00,2.000000000000000000e+04
3.636363636363636465e-01,7.878787878787878451e-01,4.039556466070356490e-03,-4.164260895414290120e-02,0.000000000000000000e+00,0.000000000000000000e+00,2.000000000000000000e+04
3.939393939393939226e-01,7.878787878787878451e-01,4.642103564192599612e-03,-4.477801539785263019e-02,0.000000000000000000e+00,0.000000000000000000e+00,2.000000000000000000e+04
4.242424242424242542e-01,7.878787878787878451e-01,5.254446623063450082e-03,-4.782714776579502503e-02,0.000000000000000000e+00,0.000000000000000000e+00,2.000000000000000000e+04
4.545454545454545303e-01,7.878787878787878451e-01,5.870531595991085490e-03,-5.078678516641888657e-02,0.000000000000000000e+00,0.000000000000000000e+00,2.000000000000000000e+04
4.848484848484848619e-01,7.878787878787878451e-01,6.484766528143066054e-03,-5.365477111180625563e-02,0.000000000000000000e+00,0.000000000000000000e+00,2.000000000000000000e+04
5.151515151515151381e-01,7.878787878787878451e-01,7.092082775987658232e-03,-5.642992874015705790e-02,0.000000000000000000e+00,0.000000000000000000e+00,2.000000000000000000e+04
5.454545454545454142e-01,7.878787878787878451e-01,7.687984662437747155e-03,-5.911195899557437905e-02,0.000000000000000000e+00,0.000000000000000000e+00,2.000000000000000000e+04
5.757575757575758013e-01,7.878787878787878451e-01,8.268588280298068069e-03,-6.170132453629113140e-02,0.000000000000000000e+00,0.000000000000000000e+00,2.000000000000000000e+04
6.060606060606060774e-01,7.878787878787878451e-01,8.830650459845941491e-03,-6.419912197069990722e-02,0.000000000000000000e+00,0.000000000000000000e+00,2.000000000000000000e+04
6.363636363636363535e-01,7.878787878787878451e-01,9.371589171371201565e-03,-6.660694470763228736e-02,0.000000000000000000e+00,0.000000000000000000e+00,2.000000000000000000e+04
6.666666666666666297e-01,7.878787878787878451e-01,9.889496826223000830e-03,-6.892673828813357384e-02,0.000000000000000000e+00,0.000000000000000000e+00,2.000000000000000000e+04
6.969696969696970168e-01,7.878787878787878451e-01,1.038314806036695452e-02,-7.116064958085810410e-02,0.000000000000000000e+00,0.000000000000000000e+00,2.000000000000000000e+04
7.272727272727272929e-01,7.878787878787878451e-01,1.085200362710669539e-02,-7.331087071426353741e-02,0.000000000000000000e+00,0.000000000000000000e+00,2.000000000000000000e+04
7.575757575757575690e-01,7.878787878787878451e-01,1.129621198900154083e-02,-7.537947812677148196e-02,0.000000000000000000e+00,0.000000000000000000e+00,2.000000000000000000e+04
7.878787878787878451e-01,7.878787878787878451e-01,1.171661008481015773e-02,-7.736826667825474901e-02,0.000000000000000000e+00,0.000000000000000000e+00,2.000000000000000000e+04
8.181818181818182323e-01,7.878787878787878451e-01,1.211472455920964419e-02,-7.927857841521043780e-02,0.000000000000000000e+00,0.000000000000000000e+00,2.000000000000000000e+04
8.484848484848485084e-01,7.878787878787878451e-01,1.249277448565287198e-02,-8.111112534523209905e-02,0.000000000000000000e+00,0.000000000000000000e+00,2.000000000000000000e+04
8.787878787878787845e-01,7.878787878787878451e-01,1.285367629057193421e-02,-8.286580547618797865e-02,0.000000000000000000e+00,0.000000000000000000e+00,2.000000000000000000e+04
9.090909090909090606e-01,7.878787878787878451e-01,1.320105120418902170e-02,-8.454151142906507488e-02,0.000000000000000000e+00,0.000000000000000000e+00,2.000000000000000000e+04
9.393939393939394478e-01,7.878787878787878451e-01,1.353923512288166160e-02,-8.613593115291687252e-02,0.000000000000000000e+00,0.000000000000000000e+00,2.000000000000000000e+04
9.696969696969697239e-01,7.878787878787878451e-01,1.387329027385054633e-02,-8.764534066269852319e-02,0.000000000000000000e+00,0.000000000000000000e+00,2.000000000000000000e+04
1.000000000000000000e+00,7.878787878787878451e-01,1.420901752957422562e-02,-8.906438928756663098e-02,0.000000000000000000e+00,0.000000000000000000e+00,2.000000000000000000e+04
0.000000000000000000e+00,8.181818181818182323e-01,0.000000000000000000e+00,0.000000000000000000e+00,1.000000000000000000e+00,0.000000000000000000e+00,2.000000000000000000e+04
3.030303030303030387e-02,8.181818181818182323e-01,-1.826609389793618497e-06,-3.637699338498911507e-03,0.000000000000000000e+00,0.000000000000000000e+00,2.000000000000000000e+04
6.060606060606060774e-02,8.181818181818182323e-01,8.383211671764292201e-05,-7.305611553739680894e-03,0.000000000000000000e+00,0.000000000000000000e+00,2.000000000000000000e+04
9.090909090909091161e-02,8.181818181818182323e-01,2.537068995059290244e-04,-1.098855831154298655e-02,0.000000000000000000e+00,0.000000000000000000e+00,2.000000000000000000e+04
1.212121212121212155e-01,8.181818181818182323e-01,5.034411406553202699e-04,-1.467171713205340892e-02,0.000000000000000000e+00,0.000000000000000000e+00,2.000000000000000000e+04
1.515151515151515194e-01,8.181818181818182323e-01,8.277315076078682349e-04,-1.834082521351148437e-02,0.000000000000000000e+00,0.000000000000000000e+00,2.000000000000000000e+04
1.818181818181818232e-01,8.181818181818182323e-01,1.220477586866629272e-03,-2.198236571981121781e-02,0.000000000000000000e+00,0.000000000000000000e+00,2.000000000000000000e+04
2.121212121212121271e-01,8.181818181818182323e-01,1.674936836234746295e-03,-2.558373270901135796e-02,0.000000000000000000e+00,0.000000000000000000e+00,2.000000000000000000e+04
2.424242424242424310e-01,8.181818181818182323e-01,2.183881320868685718e-03,-2.913337149605810597e-02,0.000000000000000000e+00,0.000000000000000000e+00,2.000000000000000000e+04
2.727272727272727071e-01,8.181818181818182323e-01,2.739753019324960622e-03,-3.262089194369684197e-02,0.000000000000000000e+00,0.000000000000000000e+00,2.000000000000000000e+04
3.030303030303030387e-01,8.181818181818182323e-01,3.334814806597348556e-03,-3.603715294054168905e-02,0.000000000000000000e+00,0.000000000000000000e+00,2.000000000000000000e+04
3.333333333333333148e-01,8.181818181818182323e-01,3.961294550464656249e-03,-3.937431713503154046e-02,0.000000000000000000e+00,0.000000000000000000e+00,2.000000000000000000e+04
3.636363636363636465e-01,8.181818181818182323e-01,4.611520097656096780e-03,-4.262587582489149596e-02,0.000000000000000000e+00,0.000000000000000000e+00,2.000000000000000000e+04
3.939393939393939226e-01,8.181818181818182323e-01,5.278043287376057470e-03,-4.578664472264507013e-02,0.000000000000000000e+00,0.000000000000000000e+00,2.000000000000000000e+04
4.242424242424242542e-01,8.181818181818182323e-01,5.953751522616737395e-03,-4.885273208959074742e-02,0.000000000000000000e+00,0.000000000000000000e+00,2.000000000000000000e+04
4.545454545454545303e-01,8.181818181818182323e-01,6.631965860505564456e-03,-5.182148140901489397e-02,0.000000000000000000e+00,0.000000000000000000e+00,2.000000000000000000e+04
4.848484848484848619e-01,8.181818181818182323e-01,7.306525048899575707e-03,-5.469139131001241050e-02,0.000000000000000000e+00,0.000000000000000000e+00,2.000000000000000000e+04
5.151515151515151381e-01,8.181818181818182323e-01,7.971855424764294831e-03,-5.746201581906529299e-02,0.000000000000000000e+00,0.000000000000000000e+00,2.000000000000000000e+04
5.454545454545454142e-01,8.181818181818182323e-01,8.623027079376179363e-03,-6.013384818405475424e-02,0.000000000000000000e+00,0.000000000000000000e+00,2.000000000000000000e+04
5.757575757575758013e-01,8.181818181818182323e-01,9.255797160010492339e-03,-6.270819147889365730e-02,0.000000000000000000e+00,0.000000000000000000e+00,2.000000000000000000e+04
6.060606060606060774e-01,8.181818181818182323e-01,9.866641590838876735e-03,-6.518701896913650651e-02,0.000000000000000000e+00,0.000000000000000000e+00,2.000000000000000000e+04
6.363636363636363535e-01,8.181818181818182323e-01,1.045277683376017071e-02,-6.757282682855783595e-02,0.000000000000000000e+00,0.000000000000000000e+00,2.000000000000000000e+04
6.666666666666666297e-01,8.181818181818182323e-01,1.101217355511954765e-02,-6.986848128425530990e-02,0.000000000000000000e+00,0.000000000000000000e+00,2.000000000000000000e+04
6.969696969696970168e-01,8.181818181818182323e-01,1.154356420597345972e-02,-7.207706168020992787e-02,0.000000000000000000e+00,0.000000000000000000e+00,2.000000000000000000e+04
7.272727272727272929e-01,8.181818181818182323e-01,1.204644655770912252e-02,-7.420170033469175586e-02,0.000000000000000000e+00,0.000000000000000000e+00,2.000000000000000000e+04
7.575757575757575690e-01,8.181818181818182323e-01,1.252108516297296623e-02,-7.624541947118482210e-02,0.000000000000000000e+00,0.000000000000000000e+00,2.000000000000000000e+04
7.878787878787878451e-01,8.181818181818182323e-01,1.296851253942683975e-02,-7.821096496625196126e-02,0.000000000000000000e+00,0.000000000000000000e+00,2.000000000000000000e+04
8.181818181818182323e-01,8.181818181818182323e-01,1.339053160836218073e-02,-8.010063621527266364e-02,0.000000000000000000e+00,0.000000000000000000e+00,2.000000000000000000e+04
8.484848484848485084e-01,8.181818181818182323e-01,1.378972056975675403e-02,-8.191611109601458496e-02,0.000000000000000000e+00,0.000000000000000000e+00,2.000000000000000000e+04
8.787878787878787845e-01,8.181818181818182323e-01,1.416944096755145752e-02,-8.365826483220166476e-02,0.000000000000000000e+00,0.000000000000000000e+00,2.000000000000000000e+04
9.090909090909090606e-01,8.181818181818182323e-01,1.453384920036670733e-02,-8.532698154090560816e-02,0.000000000000000000e+00,0.000000000000000000e+00,2.000000000000000000e+04
9.393939393939394478e-01,8.181818181818182323e-01,1.488791116936906932e-02,-8.692095740034903872e-02,0.000000000000000000e+00,0.000000000000000000e+00,2.000000000000000000e+04
9.696969696969697239e-01,8.181818181818182323e-01,1.523741913234055029e-02,-8.843749470613145036e-02,0.000000000000000000e+00,0.000000000000000000e+00,2.000000000000000000e+04
1.000000000000000000e+00,8.181818181818182323e-01,1.558900915839872905e-02,-8.987228659795837293e-02,0.000000000000000000e+00,0.000000000000000000e+00,2.000000000000000000e+04
0.000000000000000000e+00,8.484848484848485084e-01,0.000000000000000000e+00,0.000000000000000000e+00,1.000000000000000000e+00,0.000000000000000000e+00,2.000000000000000000e+04
3.030303030303030387e-02,8.484848484848485084e-01,1.908263338206212502e-05,-3.766325347656715537e-03,0.000000000000000000e+00,0.000000000000000000e+00,2.000000000000000000e+04
6.060606060606060774e-02,8.484848484848485084e-01,1.322426372149200426e-04,-7.558959670130076074e-03,0.000000000000000000e+00,0.000000000000000000e+00,2.000000000000000000e+04
9.090909090909091161e-02,8.484848484848485084e-01,3.360092602029905707e-04,-1.136126694891156919e-02,0.000000000000000000e+00,0.000000000000000000e+00,2.000000000000000000e+04
1.212121212121212155e-01,8.484848484848485084e-01,6.256994846088566927e-04,-1.515713560278440786e-02,0.000000000000000000e+00,0.000000000000000000e+00,2.000000000000000000e+04
1.515151515151515194e-01,8.484848484848485084e-01,9.955695357732653478e-04,-1.893119634178055954e-02,0.000000000000000000e+00,0.000000000000000000e+00,2.000000000000000000e+04
1.818181818181818232e-01,8.484848484848485084e-01,1.438978015045249380e-03,-2.266901791622617096e-02,0.000000000000000000e+00,0.000000000000000000e+00,2.000000000000000000e+04
2.121212121212121271e-01,8.484848484848485084e-01,1.948556497346701092e-03,-2.635727713694964100e-02,0.000000000000000000e+00,0.000000000000000000e+00,2.000000000000000000e+04
2.424242424242424310e-01,8.484848484848485084e-01,2.516383611466483424e-03,-2.998390024037498464e-02,0.000000000000000000e+00,0.000000000000000000e+00,2.000000000000000000e+04
2.727272727272727071e-01,8.484848484848485084e-01,3.134158856061996200e-03,-3.353817341356224446e-02,0.000000000000000000e+00,0.000000000000000000e+00,2.000000000000000000e+04
3.030303030303030387e-01,8.484848484848485084e-01,3.793372673444725916e-03,-3.701082107972494123e-02,0.000000000000000000e+00,0.000000000000000000e+00,2.000000000000000000e+04
3.333333333333333148e-01,8.484848484848485084e-01,4.485469602088993854e-03,-4.039405137367467480e-02,0.000000000000000000e+00,0.000000000000000000e+00,2.000000000000000000e+04
3.636363636363636465e-01,8.484848484848485084e-01,5.202001667311378398e-03,-4.368156909831886342e-02,0.000000000000000000e+00,0.000000000000000000e+00,2.000000000000000000e+04
3.939393939393939226e-01,8.484848484848485084e-01,5.934769564082407849e-03,-4.686855732153066140e-02,0.000000000000000000e+00,0.000000000000000000e+00,2.000000000000000000e+04
4.242424242424242542e-01,8.484848484848485084e-01,6.675949650539855090e-03,-4.995162960470881514e-02,0.000000000000000000e+00,0.000000000000000000e+00,2.000000000000000000e+04
4.545454545454545303e-01,8.484848484848485084e-01,7.418205309744202273e-03,-5.292875559524037182e-02,0.000000000000000000e+00,0.000000000000000000e+00,2.000000000000000000e+04
4.848484848484848619e-01,8.484848484848485084e-01,8.154781840598267911e-03,-5.579916330663142049e-02,0.000000000000000000e+00,0.000000000000000000e+00,2.000000000000000000e+04
5.151515151515151381e-01,8.484848484848485084e-01,8.879584682221207739e-03,-5.856322180174592523e-02,0.000000000000000000e+00,0.000000000000000000e+00,2.000000000000000000e+04
5.454545454545454142e-01,8.484848484848485084e-01,9.587241424124939848e-03,-6.122230815346960814e-02,0.000000000000000000e+00,0.000000000000000000e+00,2.000000000000000000e+04
5.757575757575758013e-01,8.484848484848485084e-01,1.027314866709354117e-02,-6.377866247384746112e-02,0.000000000000000000e+00,0.000000000000000000e+00,2.000000000000000000e+04
6.060606060606060774e-01,8.484848484848485084e-01,1.093350533805464639e-02,-6.623523449240804883e-02,0.000000000000000000e+00,0.000000000000000000e+00,2.000000000000000000e+04
6.363636363636363535e-01,8.484848484848485084e-01,1.156533449457613702e-02,-6.859552466283375116e-02,0.000000000000000000e+00,0.000000000000000000e+00,2.000000000000000000e+04
6.666666666666666297e-01,8.484848484848485084e-01,1.216649595894158352e-02,-7.086342213441054749e-02,0.000000000000000000e+00,0.000000000000000000e+00,2.000000000000000000e+04
6.969696969696970168e-01,8.484848484848485084e-01,1.273569228678751372e-02,-7.304304119769412795e-02,0.000000000000000000e+00,0.000000000000000000e+00,2.000000000000000000e+04
7.272727272727272929e-01,8.484848484848485084e-01,1.327247059940556140e-02,-7.513855705958076558e-02,0.000000000000000000e+00,0.000000000000000000e+00,2.000000000000000000e+04
7.575757575757575690e-01,8.484848484848485084e-01,1.377722269777273932e-02,-7.715404107375160858e-02,0.000000000000000000e+00,0.000000000000000000e+00,2.000000000000000000e+04
7.878787878787878451e-01,8.484848484848485084e-01,1.425118564054651815e-02,-7.909329489282848624e-02,0.000000000000000000e+00,0.000000000000000000e+00,2.000000000000000000e+04
8.181818181818182323e-01,8.484848484848485084e-01,1.469644462002149717e-02,-8.095968245441587108e-02,0.000000000000000000e+00,0.000000000000000000e+00,2.000000000000000000e+04
8.484848484848485084e-01,8.484848484848485084e-01,1.511593952168383687e-02,-8.275595829198401088e-02,0.000000000000000000e+00,0.000000000000000000e+00,2.000000000000000000e+04
8.787878787878787845e-01,8.484848484848485084e-01,1.551347601540679563e-02,-8.448409039362977935e-02,0.000000000000000000e+00,0.000000000000000000e+00,2.000000000000000000e+04
9.090909090909090606e-01,8.484848484848485084e-01,1.589374140852016157e-02,-8.614507573186072631e-02,0.000000000000000000e+00,0.000000000000000000e+00,2.000000000000000000e+04
9.393939393939394478e-01,8.484848484848485084e-01,1.626232480043676362e-02,-8.773874666638187270e-02,0.000000000000000000e+00,0.000000000000000000e+00,2.000000000000000000e+04
9.696969696969697239e-01,8.484848484848485084e-01,1.662574032225145118e-02,-8.926356668735042910e-02,0.000000000000000000e+00,0.000000000000000000e+00,2.000000000000000000e+04
1.000000000000000000e+00,8.484848484848485084e-01,1.699145143094344876e-02,-9.071641442495606555e-02,0.000000000000000000e+00,0.000000000000000000e+00,2.000000000000000000e+04
0.000000000000000000e+00,8.787878787878787845e-01,0.000000000000000000e+00,0.000000000000000000e+00,1.000000000000000000e+00,0.000000000000000000e+00,2.000000000000000000e+04
3.030303030303030387e-02,8.787878787878787845e-01,3.942087798078486153e-05,-3.904763615238797739e-03,0.000000000000000000e+00,0.000000000000000000e+00,2.000000000000000000e+04
6.060606060606060774e-02,8.787878787878787845e-01,1.801931424830831535e-04,-7.831731767278075906e-03,0.000000000000000000e+00,0.000000000000000000e+00,2.000000000000000000e+04
9.090909090909091161e-02,8.787878787878787845e-01,4.185839989135180781e-04,-1.176264746027828358e-02,0.000000000000000000e+00,0.000000000000000000e+00,2.000000000000000000e+04
1.212121212121212155e-01,8.787878787878787845e-01,7.495127303874071605e-04,-1.567995957955353736e-02,0.000000000000000000e+00,0.000000000000000000e+00,2.000000000000000000e+04
1.515151515151515194e-01,8.787878787878787845e-01,1.166715883300737267e-03,-1.956705792157119664e-02,0.000000000000000000e+00,0.000000000000000000e+00,2.000000000000000000e+04
1.818181818181818232e-01,8.787878787878787845e-01,1.662926610980768050e-03,-2.340848109266959950e-02,0.000000000000000000e+00,0.000000000000000000e+00,2.000000000000000000e+04
2.121212121212121271e-01,8.787878787878787845e-01,2.230063554371000071e-03,-2.719009378793520171e-02,0.000000000000000000e+00,0.000000000000000000e+00,2.000000000000000000e+04
2.424242424242424310e-01,8.787878787878787845e-01,2.859424766251298256e-03,-3.089923074565840283e-02,0.000000000000000000e+00,0.000000000000000000e+00,2.000000000000000000e+04
2.727272727272727071e-01,8.787878787878787845e-01,3.541882367876795969e-03,-3.452480545914874549e-02,0.000000000000000000e+00,0.000000000000000000e+00,2.000000000000000000e+04
3.030303030303030387e-01,8.787878787878787845e-01,4.268073845519732186e-03,-3.805738254362932282e-02,0.000000000000000000e+00,0.000000000000000000e+00,2.000000000000000000e+04
3.333333333333333148e-01,8.787878787878787845e-01,5.028586155502499586e-03,-4.148921352397564460e-02,0.000000000000000000e+00,0.000000000000000000e+00,2.000000000000000000e+04
3.636363636363636465e-01,8.787878787878787845e-01,5.814129133145363136e-03,-4.481423673300998639e-02,0.000000000000000000e+00,0.000000000000000000e+00,2.000000000000000000e+04
3.939393939393939226e-01,8.787878787878787845e-01,6.615695122278069176e-03,-4.802804296671669276e-02,0.000000000000000000e+00,0.000000000000000000e+00,2.000000000000000000e+04
4.242424242424242542e-01,8.787878787878787845e-01,7.424702279298782057e-03,-5.112780948075003329e-02,0.000000000000000000e+00,0.000000000000000000e+00,2.000000000000000000e+04
4.545454545454545303e-01,8.787878787878787845e-01,8.233119663753889206e-03,-5.411220575940907385e-02,0.000000000000000000e+00,0.000000000000000000e+00,2.000000000000000000e+04
4.848484848484848619e-01,8.787878787878787845e-01,9.033572988221020769e-03,-5.698127516412875015e-02,0.000000000000000000e+00,0.000000000000000000e+00,2.000000000000000000e+04
5.151515151515151381e-01,8.787878787878787845e-01,9.819430724821944304e-03,-5.973629700374184087e-02,0.000000000000000000e+00,0.000000000000000000e+00,2.000000000000000000e+04
5.454545454545454142e-01,8.787878787878787845e-01,1.058487110033764188e-02,-6.237963371830517606e-02,0.000000000000000000e+00,0.000000000000000000e+00,2.000000000000000000e+04
5.757575757575758013e-01,8.787878787878787845e-01,1.132493129811549919e-02,-6.491456772010156806e-02,0.000000000000000000e+00,0.000000000000000000e+00,2.000000000000000000e+04
6.060606060606060774e-01,8.787878787878787845e-01,1.203554086892943444e-02,-6.734513201065338295e-02,0.000000000000000000e+00,0.000000000000000000e+00,2.000000000000000000e+04
6.363636363636363535e-01,8.787878787878787845e-01,1.271354189273676480e-02,-6.967593803925760387e-02,0.000000000000000000e+00,0.000000000000000000e+00,2.000000000000000000e+04
6.666666666666666297e-01,8.787878787878787845e-01,1.335669880243716204e-02,-7.191200345166888497e-02,0.000000000000000000e+00,0.000000000000000000e+00,2.000000000000000000e+04
6.969696969696970168e-01,8.787878787878787845e-01,1.396370096853100443e-02,-7.405858146855733015e-02,0.000000000000000000e+00,0.000000000000000000e+00,2.000000000000000000e+04
7.272727272727272929e-01,8.787878787878787845e-01,1.453416115250079702e-02,-7.612099270122053840e-02,0.000000000000000000e+00,0.000000000000000000e+00,2.000000000000000000e+04
7.575757575757575690e-01,8.787878787878787845e-01,1.506861277871490191e-02,-7.810445931720312596e-02,0.000000000000000000e+00,0.000000000000000000e+00,2.000000000000000000e+04
7.878787878787878451e-01,8.787878787878787845e-01,1.556850866678749501e-02,-8.001394065985462101e-02,0.000000000000000000e+00,0.000000000000000000e+00,2.000000000000000000e+04
8.181818181818182323e-01,8.787878787878787845e-01,1.603622342720981142e-02,-8.185396874029268743e-02,0.000000000000000000e+00,0.000000000000000000e+00,2.000000000000000000e+04
8.484848484848485084e-01,8.787878787878787845e-01,1.647506116997120643e-02,-8.362848148384198488e-02,0.000000000000000000e+00,0.000000000000000000e+00,2.000000000000000000e+04
8.787878787878787845e-01,8.787878787878787845e-01,1.688926952317633401e-02,-8.534065124351948584e-02,0.000000000000000000e+00,0.000000000000000000e+00,2.000000000000000000e+04
9.090909090909090606e-01,8.787878787878787845e-01,1.728406021732217454e-02,-8.699270590251624580e-02,0.000000000000000000e+00,0.000000000000000000e+00,2.000000000000000000e+04
9.393939393939394478e-01,8.787878787878787845e-01,1.766563566913388617e-02,-8.858573988467838278e-02,0.000000000000000000e+00,0.000000000000000000e+00,2.000000000000000000e+04
9.696969696969697239e-01,8.787878787878787845e-01,1.804122010353067379e-02,-9.011951258438737067e-02,0.000000000000000000e+00,0.000000000000000000e+00,2.000000000000000000e+04
1.000000000000000000e+00,8.787878787878787845e-01,1.841909279097955071e-02,-9.159223212315809048e-02,0.000000000000000000e+00,0.000000000000000000e+00,2.000000000000000000e+04
0.000000000000000000e+00,9.090909090909090606e-01,0.000000000000000000e+00,0.000000000000000000e+00,1.000000000000000000e+00,0.000000000000000000e+00,2.000000000000000000e+04
3.030303030303030387e-02,9.090909090909090606e-01,5.919993958687934968e-05,-4.054052806778080803e-03,0.000000000000000000e+00,0.000000000000000000e+00,2.000000000000000000e+04
6.060606060606060774e-02,9.090909090909090606e-01,2.277801760110072737e-04,-8.125919227101411138e-03,0.000000000000000000e+00,0.000000000000000000e+00,2.000000000000000000e+04
9.090909090909091161e-02,9.090909090909090606e-01,5.016798200316865356e-04,-1.219554237054229148e-02,0.000000000000000000e+00,0.000000000000000000e+00,2.000000000000000000e+04
1.212121212121212155e-01,9.090909090909090606e-01,8.753417759956920409e-04,-1.624376899164661422e-02,0.000000000000000000e+00,0.000000000000000000e+00,2.000000000000000000e+04
1.515151515151515194e-01,9.090909090909090606e-01,1.341894618941972921e-03,-2.025260488815608384e-02,0.000000000000000000e+00,0.000000000000000000e+00,2.000000000000000000e+04
1.818181818181818232e-01,9.090909090909090606e-01,1.893351191161596683e-03,-2.420543757607075339e-02,0.000000000000000000e+00,0.000000000000000000e+00,2.000000000000000000e+04
2.121212121212121271e-01,9.090909090909090606e-01,2.520818764959122278e-03,-2.808722286606836135e-02,0.000000000000000000e+00,0.000000000000000000e+00,2.000000000000000000e+04
2.424242424242424310e-01,9.090909090909090606e-01,3.214715721729980401e-03,-3.188463282387268144e-02,0.000000000000000000e+00,0.000000000000000000e+00,2.000000000000000000e+04
2.727272727272727071e-01,9.090909090909090606e-01,3.964989834415016609e-03,-3.558616341490680041e-02,0.000000000000000000e+00,0.000000000000000000e+00,2.000000000000000000e+04
3.030303030303030387e-01,9.090909090909090606e-01,4.761333400300553527e-03,-3.918220097571186583e-02,0.000000000000000000e+00,0.000000000000000000e+00,2.000000000000000000e+04
3.333333333333333148e-01,9.090909090909090606e-01,5.593390677614430012e-03,-4.266504757445647306e-02,0.000000000000000000e+00,0.000000000000000000e+00,2.000000000000000000e+04
3.636363636363636465e-01,9.090909090909090606e-01,6.450953377372840164e-03,-4.602890634150123145e-02,0.000000000000000000e+00,0.000000000000000000e+00,2.000000000000000000e+04
3.939393939393939226e-01,9.090909090909090606e-01,7.324140400463248317e-03,-4.926982894570413468e-02,0.000000000000000000e+00,0.000000000000000000e+00,2.000000000000000000e+04
4.242424242424242542e-01,9.090909090909090606e-01,8.203558624027518578e-03,-5.238562849532059362e-02,0.000000000000000000e+00,0.000000000000000000e+00,2.000000000000000000e+04
4.545454545454545303e-01,9.090909090909090606e-01,9.080442337502091579e-03,-5.537576215271661217e-02,0.000000000000000000e+00,0.000000000000000000e+00,2.000000000000000000e+04
4.848484848484848619e-01,9.090909090909090606e-01,9.946769879155851687e-03,-5.824118855713326937e-02,0.000000000000000000e+00,0.000000000000000000e+00,2.000000000000000000e+04
5.151515151515151381e-01,9.090909090909090606e-01,1.079535706947854119e-02,-6.098420565204196175e-02,0.000000000000000000e+00,0.000000000000000000e+00,2.000000000000000000e+04
5.454545454545454142e-01,9.090909090909090606e-01,1.161992809962823954e-02,-6.360827465271279291e-02,0.000000000000000000e+00,0.000000000000000000e+00,2.000000000000000000e+04
5.757575757575758013e-01,9.090909090909090606e-01,1.241516552838223264e-02,-6.611783565246588668e-02,0.000000000000000000e+00,0.000000000000000000e+00,2.000000000000000000e+04
6.060606060606060774e-01,9.090909090909090606e-01,1.317674189649973605e-02,-6.851811978549604554e-02,0.000000000000000000e+00,0.000000000000000000e+00,2.000000000000000000e+04
6.363636363636363535e-01,9.090909090909090606e-01,1.390133612936855084e-02,-7.081496200784691275e-02,0.000000000000000000e+00,0.000000000000000000e+00,2.000000000000000000e+04
6.666666666666666297e-01,9.090909090909090606e-01,1.458663833689202889e-02,-7.301461751335722172e-02,0.000000000000000000e+00,0.000000000000000000e+00,2.000000000000000000e+04
6.969696969696970168e-01,9.090909090909090606e-01,1.523134682563653808e-02,-7.512358366008022037e-02,0.000000000000000000e+00,0.000000000000000000e+00,2.000000000000000000e+04
7.272727272727272929e-01,9.090909090909090606e-01,1.583516112182525165e-02,-7.714842812948091710e-02,0.000000000000000000e+00,0.000000000000000000e+00,2.000000000000000000e+04
7.575757575757575690e-01,9.090909090909090606e-01,1.639877458588066134e-02,-7.909562294595438858e-02,0.000000000000000000e+00,0.000000000000000000e+00,2.000000000000000000e+04
7.878787878787878451e-01,9.090909090909090606e-01,1.692386980628067181e-02,-8.097138300097678210e-02,0.000000000000000000e+00,0.000000000000000000e+00,2.000000000000000000e+04
8.181818181818182323e-01,9.090909090909090606e-01,1.741311941910221942e-02,-8.278150689102119208e-02,0.000000000000000000e+00,0.000000000000000000e+00,2.000000000000000000e+04
8.484848484848485084e-01,9.090909090909090606e-01,1.787019433298996096e-02,-8.453121721403254740e-02,0.000000000000000000e+00,0.000000000000000000e+00,2.000000000000000000e+04
8.787878787878787845e-01,9.090909090909090606e-01,1.829978056532967357e-02,-8.622499698875644991e-02,0.000000000000000000e+00,0.000000000000000000e+00,2.000000000000000000e+04
9.090909090909090606e-01,9.090909090909090606e-01,1.870760502642101336e-02,-8.786641857186254512e-02,0.000000000000000000e+00,0.000000000000000000e+00,2.000000000000000000e+04
9.393939393939394478e-01,9.090909090909090606e-01,1.910046963206661966e-02,-8.945796135496079937e-02,0.000000000000000000e+00,0.000000000000000000e+00,2.000000000000000000e+04
9.696969696969697239e-01,9.090909090909090606e-01,1.948629208616609390e-02,-9.100081463365551626e-02,0.000000000000000000e+00,0.000000000000000000e+00,2.000000000000000000e+04
1.000000000000000000e+00,9.090909090909090606e-01,1.987415055852967405e-02,-9.249466236331653490e-02,0.000000000000000000e+00,0.000000000000000000e+00,2.000000000000000000e+04
0.000000000000000000e+00,9.393939393939394478e-01,0.000000000000000000e+00,0.000000000000000000e+00,1.000000000000000000e+00,0.000000000000000000e+00,2.000000000000000000e+04
3.030303030303030387e-02,9.393939393939394478e-01,7.840827384938203954e-05,-4.215342415088487414e-03,0.000000000000000000e+00,0.000000000000000000e+00,2.000000000000000000e+04
6.060606060606060774e-02,9.393939393939394478e-01,2.750615064627526512e-04,-8.443727893141957791e-03,0.000000000000000000e+00,0.000000000000000000e+00,2.000000000000000000e+04
9.090909090909091161e-02,9.393939393939394478e-01,5.854979344638202698e-04,-1.266310254710818761e-02,0.000000000000000000e+00,0.000000000000000000e+00,2.000000000000000000e+04
1.212121212121212155e-01,9.393939393939394478e-01,1.003596630613617360e-03,-1.685253402586431998e-02,0.000000000000000000e+00,0.000000000000000000e+00,2.000000000000000000e+04
1.515151515151515194e-01,9.393939393939394478e-01,1.521779411342817677e-03,-2.099249055130280456e-02,0.000000000000000000e+00,0.000000000000000000e+00,2.000000000000000000e+04
1.818181818181818232e-01,9.393939393939394478e-01,2.131232077026746358e-03,-2.506508097209871749e-02,0.000000000000000000e+00,0.000000000000000000e+00,2.000000000000000000e+04
2.121212121212121271e-01,9.393939393939394478e-01,2.822139243306031123e-03,-2.905425259424563797e-02,0.000000000000000000e+00,0.000000000000000000e+00,2.000000000000000000e+04
2.424242424242424310e-01,9.393939393939394478e-01,3.583927124038461566e-03,-3.294594444385029464e-02,0.000000000000000000e+00,0.000000000000000000e+00,2.000000000000000000e+04
2.727272727272727071e-01,9.393939393939394478e-01,4.405508715354086550e-03,-3.672819442882687552e-02,0.000000000000000000e+00,0.000000000000000000e+00,2.000000000000000000e+04
3.030303030303030387e-01,9.393939393939394478e-01,5.275525908850393041e-03,-4.039119971257021380e-02,0.000000000000000000e+00,0.000000000000000000e+00,2.000000000000000000e+04
3.333333333333333148e-01,9.393939393939394478e-01,6.182583181645604116e-03,-4.392733059000492740e-02,0.000000000000000000e+00,0.000000000000000000e+00,2.000000000000000000e+04
3.636363636363636465e-01,9.393939393939394478e-01,7.115467750902396138e-03,-4.733109930703147811e-02,0.000000000000000000e+00,0.000000000000000000e+00,2.000000000000000000e+04
3.939393939393939226e-01,9.393939393939394478e-01,8.063351521312997830e-03,-5.059908656199524346e-02,0.000000000000000000e+00,0.000000000000000000e+00,2.000000000000000000e+04
4.242424242424242542e-01,9.393939393939394478e-01,9.015970851700636987e-03,-5.372982977657394382e-02,0.000000000000000000e+00,0.000000000000000000e+00,2.000000000000000000e+04
4.545454545454545303e-01,9.393939393939394478e-01,9.963781131567091970e-03,-5.672367847649120720e-02,0.000000000000000000e+00,0.000000000000000000e+00,2.000000000000000000e+04
4.848484848484848619e-01,9.393939393939394478e-01,1.089808434712558234e-02,-5.958262311732603206e-02,0.000000000000000000e+00,0.000000000000000000e+00,2.000000000000000000e+04
5.151515151515151381e-01,9.393939393939394478e-01,1.181112914078242225e-02,-6.231010429043870591e-02,0.000000000000000000e+00,0.000000000000000000e+00,2.000000000000000000e+04
5.454545454545454142e-01,9.393939393939394478e-01,1.269618421409063683e-02,-6.491080936864740414e-02,0.000000000000000000e+00,0.000000000000000000e+00,2.000000000000000000e+04
5.757575757575758013e-01,9.393939393939394478e-01,1.354758717575205336e-02,-6.739046329052242323e-02,0.000000000000000000e+00,0.000000000000000000e+00,2.000000000000000000e+04
6.060606060606060774e-01,9.393939393939394478e-01,1.436077199545320558e-02,-6.975561938949621787e-02,0.000000000000000000e+00,0.000000000000000000e+00,2.000000000000000000e+04
6.363636363636363535e-01,9.393939393939394478e-01,1.513227902411599587e-02,-7.201345504777895146e-02,0.000000000000000000e+00,0.000000000000000000e+00,2.000000000000000000e+04
6.666666666666666297e-01,9.393939393939394478e-01,1.585975204886518053e-02,-7.417157561506818042e-02,0.000000000000000000e+00,0.000000000000000000e+00,2.000000000000000000e+04
6.969696969696970168e-01,9.393939393939394478e-01,1.654192706482003963e-02,-7.623782859812563983e-02,0.000000000000000000e+00,0.000000000000000000e+00,2.000000000000000000e+04
7.272727272727272929e-01,9.393939393939394478e-01,1.717861738676325356e-02,-7.822012870419801922e-02,0.000000000000000000e+00,0.000000000000000000e+00,2.000000000000000000e+04
7.575757575757575690e-01,9.393939393939394478e-01,1.777069942633681052e-02,-8.012629299045161135e-02,0.000000000000000000e+00,0.000000000000000000e+00,2.000000000000000000e+04
7.878787878787878451e-01,9.393939393939394478e-01,1.832010296382339393e-02,-8.196388418938030385e-02,0.000000000000000000e+00,0.000000000000000000e+00,2.000000000000000000e+04
8.181818181818182323e-01,9.393939393939394478e-01,1.882980908472282541e-02,-8.374005928027369872e-02,0.000000000000000000e+00,0.000000000000000000e+00,2.000000000000000000e+04
8.484848484848485084e-01,9.393939393939394478e-01,1.930385816045213088e-02,-8.546141957564661051e-02,0.000000000000000000e+00,0.000000000000000000e+00,2.000000000000000000e+04
8.787878787878787845e-01,9.393939393939394478e-01,1.974736935102122323e-02,-8.713385799412873278e-02,0.000000000000000000e+00,0.000000000000000000e+00,2.000000000000000000e+04
9.090909090909090606e-01,9.393939393939394478e-01,2.016657210806278508e-02,-8.876239879752359507e-02,0.000000000000000000e+00,0.000000000000000000e+00,2.000000000000000000e+04
9.393939393939394478e-01,9.393939393939394478e-01,2.056884906443791003e-02,-9.035102487929871917e-02,0.000000000000000000e+00,0.000000000000000000e+00,2.000000000000000000e+04
9.696969696969697239e-01,9.393939393939394478e-01,2.096278851253621789e-02,-9.190248770827909308e-02,0.000000000000000000e+00,0.000000000000000000e+00,2.000000000000000000e+04
1.000000000000000000e+00,9.393939393939394478e-01,2.135824339696538315e-02,-9.341809526508161599e-02,0.000000000000000000e+00,0.000000000000000000e+00,2.000000000000000000e+04
0.000000000000000000e+00,9.696969696969697239e-01,0.000000000000000000e+00,0.000000000000000000e+00,1.000000000000000000e+00,0.000000000000000000e+00,2.000000000000000000e+04
3.030303030303030387e-02,9.696969696969697239e-01,9.700955896209216686e-05,-4.389905442214964669e-03,0.000000000000000000e+00,0.000000000000000000e+00,2.000000000000000000e+04
6.060606060606060774e-02,9.696969696969697239e-01,3.220544803699444550e-04,-8.787601557177364062e-03,0.000000000000000000e+00,0.000000000000000000e+00,2.000000000000000000e+04
9.090909090909091161e-02,9.696969696969697239e-01,6.701912472976027458e-04,-1.316881941526336537e-02,0.000000000000000000e+00,0.000000000000000000e+00,2.000000000000000000e+04
1.212121212121212155e-01,9.696969696969697239e-01,1.134637355748939827e-03,-1.751065389303190292e-02,0.000000000000000000e+00,0.000000000000000000e+00,2.000000000000000000e+04
1.515151515151515194e-01,9.696969696969697239e-01,1.706996965897849671e-03,-2.179186969405482593e-02,0.000000000000000000e+00,0.000000000000000000e+00,2.000000000000000000e+04
1.818181818181818232e-01,9.696969696969697239e-01,2.377508552979567483e-03,-2.599316137351832118e-02,0.000000000000000000e+00,0.000000000000000000e+00,2.000000000000000000e+04
2.121212121212121271e-01,9.696969696969697239e-01,3.135308201971883073e-03,-3.009736433652113186e-02,0.000000000000000000e+00,0.000000000000000000e+00,2.000000000000000000e+04
2.424242424242424310e-01,9.696969696969697239e-01,3.968702311663744459e-03,-3.408961463870043007e-02,0.000000000000000000e+00,0.000000000000000000e+00,2.000000000000000000e+04
2.727272727272727071e-01,9.696969696969697239e-01,4.865443496958441957e-03,-3.795745614976308441e-02,0.000000000000000000e+00,0.000000000000000000e+00,2.000000000000000000e+04
3.030303030303030387e-01,9.696969696969697239e-01,5.813003430482755959e-03,-4.169089444620206752e-02,0.000000000000000000e+00,0.000000000000000000e+00,2.000000000000000000e+04
3.333333333333333148e-01,9.696969696969697239e-01,6.798836341586203709e-03,-4.528239783320148204e-02,0.000000000000000000e+00,0.000000000000000000e+00,2.000000000000000000e+04
3.636363636363636465e-01,9.696969696969697239e-01,7.810627024449717098e-03,-4.872684722635787363e-02,0.000000000000000000e+00,0.000000000000000000e+00,2.000000000000000000e+04
3.939393939393939226e-01,9.696969696969697239e-01,8.836517626340944717e-03,-5.202143821458470041e-02,0.000000000000000000e+00,0.000000000000000000e+00,2.000000000000000000e+04
4.242424242424242542e-01,9.696969696969697239e-01,9.865308278735667943e-03,-5.516554033368079035e-02,0.000000000000000000e+00,0.000000000000000000e+00,2.000000000000000000e+04
4.545454545454545303e-01,9.696969696969697239e-01,1.088662781243939122e-02,-5.816052018666606482e-02,0.000000000000000000e+00,0.000000000000000000e+00,2.000000000000000000e+04
4.848484848484848619e-01,9.696969696969697239e-01,1.189107229626085518e-02,-6.100953631436314278e-02,0.000000000000000000e+00,0.000000000000000000e+00,2.000000000000000000e+04
5.151515151515151381e-01,9.696969696969697239e-01,1.287031082499936682e-02,-6.371731445466545518e-02,0.000000000000000000e+00,0.000000000000000000e+00,2.000000000000000000e+04
5.454545454545454142e-01,9.696969696969697239e-01,1.381715969137434566e-02,-6.628991192802448362e-02,0.000000000000000000e+00,0.000000000000000000e+00,2.000000000000000000e+04
5.757575757575758013e-01,9.696969696969697239e-01,1.472562764644909372e-02,-6.873447935000770448e-02,0.000000000000000000e+00,0.000000000000000000e+00,2.000000000000000000e+04
6.060606060606060774e-01,9.696969696969697239e-01,1.559093625492237283e-02,-7.105902678803265038e-02,0.000000000000000000e+00,0.000000000000000000e+00,2.000000000000000000e+04
6.363636363636363535e-01,9.696969696969697239e-01,1.640952030415043089e-02,-7.327219999387689364e-02,0.000000000000000000e+00,0.000000000000000000e+00,2.000000000000000000e+04
6.666666666666666297e-01,9.696969696969697239e-01,1.717901379757551944e-02,-7.538307062250579338e-02,0.000000000000000000e+00,0.000000000000000000e+00,2.000000000000000000e+04
6.969696969696970168e-01,9.696969696969697239e-01,1.789822726495384972e-02,-7.740094254855002520e-02,0.000000000000000000e+00,0.000000000000000000e+00,2.000000000000000000e+04
7.272727272727272929e-01,9.696969696969697239e-01,1.856712199275957487e-02,-7.933517464381559248e-02,0.000000000000000000e+00,0.000000000000000000e+00,2.000000000000000000e+04
7.575757575757575690e-01,9.696969696969697239e-01,1.918678637244501314e-02,-8.119501877560912628e-02,0.000000000000000000e+00,0.000000000000000000e+00,2.000000000000000000e+04
7.878787878787878451e-01,9.696969696969697239e-01,1.975941893840242602e-02,-8.298947038343583438e-02,0.000000000000000000e+00,0.000000000000000000e+00,2.000000000000000000e+04
8.181818181818182323e-01,9.696969696969697239e-01,2.028832187161268980e-02,-8.472712781760803613e-02,0.000000000000000000e+00,0.000000000000000000e+00,2.000000000000000000e+04
8.484848484848485084e-01,9.696969696969697239e-01,2.077790781747679977e-02,-8.641605568267096693e-02,0.000000000000000000e+00,0.000000000000000000e+00,2.000000000000000000e+04
8.787878787878787845e-01,9.696969696969697239e-01,2.123372183184064205e-02,-8.806364671399291577e-02,0.000000000000000000e+00,0.000000000000000000e+00,2.000000000000000000e+04
9.090909090909090606e-01,9.696969696969697239e-01,2.166247913916054604e-02,-8.967647621585474182e-02,0.000000000000000000e+00,0.000000000000000000e+00,2.000000000000000000e+04
9.393939393939394478e-01,9.696969696969697239e-01,2.207211816176584199e-02,-9.126014279503989746e-02,0.000000000000000000e+00,0.000000000000000000e+00,2.000000000000000000e+04
9.696969696969697239e-01,9.696969696969697239e-01,2.247186695282790692e-02,-9.281908903413360612e-02,0.000000000000000000e+00,0.000000000000000000e+00,2.000000000000000000e+04
1.000000000000000000e+00,9.696969696969697239e-01,2.287231972896267701e-02,-9.435639587351413171e-02,0.000000000000000000e+00,0.000000000000000000e+00,2.000000000000000000e+04
0.000000000000000000e+00,1.000000000000000000e+00,0.000000000000000000e+00,0.000000000000000000e+00,1.000000000000000000e+00,0.000000000000000000e+00,2.000000000000000000e+04
3.030303030303030387e-02,1.000000000000000000e+00,1.149407169010947837e-04,-4.579152934407983676e-03,0.000000000000000000e+00,0.000000000000000000e+00,2.000000000000000000e+04
6.060606060606060774e-02,1.000000000000000000e+00,3.687333935805050958e-04,-9.160248935353068611e-03,0.000000000000000000e+00,0.000000000000000000e+00,2.000000000000000000e+04
9.090909090909091161e-02,1.000000000000000000e+00,7.558622658053898999e-04,-1.371656207542830061e-02,0.000000000000000000e+00,0.000000000000000000e+00,2.000000000000000000e+04
1.212121212121212155e-01,1.000000000000000000e+00,1.268773548703471714e-03,-1.822300166988257558e-02,0.000000000000000000e+00,0.000000000000000000e+00,2.000000000000000000e+04
1.515151515151515194e-01,1.000000000000000000e+00,1.898128952266995954e-03,-2.265644865090166507e-02,0.000000000000000000e+00,0.000000000000000000e+00,2.000000000000000000e+04
1.818181818181818232e-01,1.000000000000000000e+00,2.633083892146878546e-03,-2.699603813564385377e-02,0.000000000000000000e+00,0.000000000000000000e+00,2.000000000000000000e+04
2.121212121212121271e-01,1.000000000000000000e+00,3.461583456549431788e-03,-3.122338550390035480e-02,0.000000000000000000e+00,0.000000000000000000e+00,2.000000000000000000e+04
2.424242424242424310e-01,1.000000000000000000e+00,4.370669345159857930e-03,-3.532275399191184273e-02,0.000000000000000000e+00,0.000000000000000000e+00,2.000000000000000000e+04
2.727272727272727071e-01,1.000000000000000000e+00,5.346790912013336949e-03,-3.928116233878446023e-02,0.000000000000000000e+00,0.000000000000000000e+00,2.000000000000000000e+04
3.030303030303030387e-01,1.000000000000000000e+00,6.376113190498133854e-03,-4.308843171094070557e-02,0.000000000000000000e+00,0.000000000000000000e+00,2.000000000000000000e+04
3.333333333333333148e-01,1.000000000000000000e+00,7.444814521120873135e-03,-4.673717221317240378e-02,0.000000000000000000e+00,0.000000000000000000e+00,2.000000000000000000e+04
3.636363636363636465e-01,1.000000000000000000e+00,8.539366353570037455e-03,-5.022271087336754175e-02,0.000000000000000000e+00,0.000000000000000000e+00,2.000000000000000000e+04
3.939393939393939226e-01,1.000000000000000000e+00,9.646788155423984337e-03,-5.354296500320052110e-02,0.000000000000000000e+00,0.000000000000000000e+00,2.000000000000000000e+04
4.242424242424242542e-01,1.000000000000000000e+00,1.075487126190721732e-02,-5.669826706968741220e-02,0.000000000000000000e+00,0.000000000000000000e+00,2.000000000000000000e+04
4.545454545454545303e-01,1.000000000000000000e+00,1.185236696163457365e-02,-5.969114933072969253e-02,0.000000000000000000e+00,0.000000000000000000e+00,2.000000000000000000e+04
4.848484848484848619e-01,1.000000000000000000e+00,1.292913602627674546e-02,-6.252609814034673641e-02,0.000000000000000000e+00,0.000000000000000000e+00,2.000000000000000000e+04
5.151515151515151381e-01,1.000000000000000000e+00,1.397625905788666550e-02,-6.520928874425901967e-02,0.000000000000000000e+00,0.000000000000000000e+00,2.000000000000000000e+04
5.454545454545454142e-01,1.000000000000000000e+00,1.498610920665239404e-02,-6.774831143474679962e-02,0.000000000000000000e+00,0.000000000000000000e+00,2.000000000000000000e+04
5.757575757575758013e-01,1.000000000000000000e+00,1.595239078012638048e-02,-7.015189914033452545e-02,0.000000000000000000e+00,0.000000000000000000e+00,2.000000000000000000e+04
6.060606060606060774e-01,1.000000000000000000e+00,1.687014885437594300e-02,-7.242966503815136126e-02,0.000000000000000000e+00,0.000000000000000000e+00,2.000000000000000000e+04
6.363636363636363535e-01,1.000000000000000000e+00,1.773575611351753054e-02,-7.459185681104540944e-02,0.000000000000000000e+00,0.000000000000000000e+00,2.000000000000000000e+04
6.666666666666666297e-01,1.000000000000000000e+00,1.854688376360261876e-02,-7.664913195933056866e-02,0.000000000000000000e+00,0.000000000000000000e+00,2.000000000000000000e+04
6.969696969696970168e-01,1.000000000000000000e+00,1.930246352252140002e-02,-7.861235632495765235e-02,0.000000000000000000e+00,0.000000000000000000e+00,2.000000000000000000e+04
7.272727272727272929e-01,1.000000000000000000e+00,2.000264744703383543e-02,-8.049242585238021441e-02,0.000000000000000000e+00,0.000000000000000000e+00,2.000000000000000000e+04
7.575757575757575690e-01,1.000000000000000000e+00,2.064877180313072491e-02,-8.230010969886611405e-02,0.000000000000000000e+00,0.000000000000000000e+00,2.000000000000000000e+04
7.878787878787878451e-01,1.000000000000000000e+00,2.124333039648142532e-02,-8.404591117037644998e-02,0.000000000000000000e+00,0.000000000000000000e+00,2.000000000000000000e+04
8.181818181818182323e-01,1.000000000000000000e+00,2.178996182237558088e-02,-8.573994161075854104e-02,0.000000000000000000e+00,0.000000000000000000e+00,2.000000000000000000e+04
8.484848484848485084e-01,1.000000000000000000e+00,2.229345401692673506e-02,-8.739180129907192507e-02,0.000000000000000000e+00,0.000000000000000000e+00,2.000000000000000000e+04
8.787878787878787845e-01,1.000000000000000000e+00,2.275976832041741102e-02,-8.901046058644332404e-02,0.000000000000000000e+00,0.000000000000000000e+00,2.000000000000000000e+04
9.090909090909090606e-01,1.000000000000000000e+00,2.319608400761576095e-02,-9.060413390194825556e-02,0.000000000000000000e+00,0.000000000000000000e+00,2.000000000000000000e+04
9.393939393939394478e-01,1.000000000000000000e+00,2.361086289153600110e-02,-9.218013885535147889e-02,0.000000000000000000e+00,0.000000000000000000e+00,2.000000000000000000e+04
9.696969696969697239e-01,1.000000000000000000e+00,2.401393214909176843e-02,-9.374473245466800886e-02,0.000000000000000000e+00,0.000000000000000000e+00,2.000000000000000000e+04
1.000000000000000000e+00,1.000000000000000000e+00,2.441658192759595114e-02,-9.530291644691653297e-02,0.000000000000000000e+00,0.000000000000000000e+00,2.000000000000000000e+04
0.000000000000000000e+00,1.030303030303030276e+00,0.000000000000000000e+00,0.000000000000000000e+00,1.000000000000000000e+00,0.000000000000000000e+00,2.000000000000000000e+04
3.030303030303030387e-02,1.030303030303030276e+00,1.321092820824261752e-04,-4.784650587228279559e-03,0.000000000000000000e+00,0.000000000000000000e+00,2.000000000000000000e+04
6.060606060606060774e-02,1.030303030303030276e+00,4.150257038088921526e-04,-9.564674509153487172e-03,0.000000000000000000e+00,0.000000000000000000e+00,2.000000000000000000e+04
9.090909090909091161e-02,1.030303030303030276e+00,8.425594798155137044e-04,-1.431061982838762597e-02,0.000000000000000000e+00,0.000000000000000000e+00,2.000000000000000000e+04
1.212121212121212155e-01,1.030303030303030276e+00,1.406262080743882203e-03,-1.899497584713948084e-02,0.000000000000000000e+00,0.000000000000000000e+00,2.000000000000000000e+04
1.515151515151515194e-01,1.030303030303030276e+00,2.095712140249934505e-03,-2.359254312060477324e-02,0.000000000000000000e+00,0.000000000000000000e+00,2.000000000000000000e+04
1.818181818181818232e-01,1.030303030303030276e+00,2.898828725691214147e-03,-2.808074108832761887e-02,0.000000000000000000e+00,0.000000000000000000e+00,2.000000000000000000e+04
2.121212121212121271e-01,1.030303030303030276e+00,3.802204577670058924e-03,-3.243985119547052043e-02,0.000000000000000000e+00,0.000000000000000000e+00,2.000000000000000000e+04
2.424242424242424310e-01,1.030303030303030276e+00,4.791452114408889344e-03,-3.665319367924482069e-02,0.000000000000000000e+00,0.000000000000000000e+00,2.000000000000000000e+04
2.727272727272727071e-01,1.030303030303030276e+00,5.851554724973053075e-03,-4.070723632796809099e-02,0.000000000000000000e+00,0.000000000000000000e+00,2.000000000000000000e+04
3.030303030303030387e-01,1.030303030303030276e+00,6.967215282580247956e-03,-4.459163397520590072e-02,0.000000000000000000e+00,0.000000000000000000e+00,2.000000000000000000e+04
3.333333333333333148e-01,1.030303030303030276e+00,8.123193170977266106e-03,-4.829919861335997544e-02,0.000000000000000000e+00,0.000000000000000000e+00,2.000000000000000000e+04
3.636363636363636465e-01,1.030303030303030276e+00,9.304620766884414904e-03,-5.182580193969416743e-02,0.000000000000000000e+00,0.000000000000000000e+00,2.000000000000000000e+04
3.939393939393939226e-01,1.030303030303030276e+00,1.049729056895060131e-02,-5.517021478417703101e-02,0.000000000000000000e+00,0.000000000000000000e+00,2.000000000000000000e+04
4.242424242424242542e-01,1.030303030303030276e+00,1.168790520340419296e-02,-5.833389086957459918e-02,0.000000000000000000e+00,0.000000000000000000e+00,2.000000000000000000e+04
4.545454545454545303e-01,1.030303030303030276e+00,1.286428438355303148e-02,-6.132070521096996685e-02,0.000000000000000000e+00,0.000000000000000000e+00,2.000000000000000000e+04
4.848484848484848619e-01,1.030303030303030276e+00,1.401552538232592182e-02,-6.413665965247009049e-02,0.000000000000000000e+00,0.000000000000000000e+00,2.000000000000000000e+04
5.151515151515151381e-01,1.030303030303030276e+00,1.513211638974241123e-02,-6.678956918279869981e-02,0.000000000000000000e+00,0.000000000000000000e+00,2.000000000000000000e+04
5.454545454545454142e-01,1.030303030303030276e+00,1.620600492194625153e-02,-6.928874261688752756e-02,0.000000000000000000e+00,0.000000000000000000e+00,2.000000000000000000e+04
5.757575757575758013e-01,1.030303030303030276e+00,1.723062591628096718e-02,-7.164467005454228099e-02,0.000000000000000000e+00,0.000000000000000000e+00,2.000000000000000000e+04
6.060606060606060774e-01,1.030303030303030276e+00,1.820089607278112948e-02,-7.386872747290809671e-02,0.000000000000000000e+00,0.000000000000000000e+00,2.000000000000000000e+04
6.363636363636363535e-01,1.030303030303030276e+00,1.911318228319452278e-02,-7.597290619886923335e-02,0.000000000000000000e+00,0.000000000000000000e+00,2.000000000000000000e+04
6.666666666666666297e-01,1.030303030303030276e+00,1.996525262151390562e-02,-7.796957216299431337e-02,0.000000000000000000e+00,0.000000000000000000e+00,2.000000000000000000e+04
6.969696969696970168e-01,1.030303030303030276e+00,2.075621842479525442e-02,-7.987125702720683507e-02,0.000000000000000000e+00,0.000000000000000000e+00,2.000000000000000000e+04
7.272727272727272929e-01,1.030303030303030276e+00,2.148647557955986678e-02,-8.169048069447383542e-02,0.000000000000000000e+00,0.000000000000000000e+00,2.000000000000000000e+04
7.575757575757575690e-01,1.030303030303030276e+00,2.215765236808186003e-02,-8.343960245984065327e-02,0.000000000000000000e+00,0.000000000000000000e+00,2.000000000000000000e+04
7.878787878787878451e-01,1.030303030303030276e+00,2.277257023064985578e-02,-8.513069618838164931e-02,0.000000000000000000e+00,0.000000000000000000e+00,2.000000000000000000e+04
8.181818181818182323e-01,1.030303030303030276e+00,2.333522265122881315e-02,-8.677544339707334020e-02,0.000000000000000000e+00,0.000000000000000000e+00,2.000000000000000000e+04
8.484848484848485084e-01,1.030303030303030276e+00,2.385077613230122268e-02,-8.838503693388881366e-02,0.000000000000000000e+00,0.000000000000000000e+00,2.000000000000000000e+04
8.787878787878787845e-01,1.030303030303030276e+00,2.432559591791574882e-02,-8.997008703578007749e-02,0.000000000000000000e+00,0.000000000000000000e+00,2.000000000000000000e+04
9.090909090909090606e-01,1.030303030303030276e+00,2.476729775377583403e-02,-9.154052085675423722e-02,0.000000000000000000e+00,0.000000000000000000e+00,2.000000000000000000e+04
9.393939393939394478e-01,1.030303030303030276e+00,2.518482552053108448e-02,-9.310546604949954119e-02,0.000000000000000000e+00,0.000000000000000000e+00,2.000000000000000000e+04
9.696969696969697239e-01,1.030303030303030276e+00,2.558855300824462720e-02,-9.467310864015747451e-02,0.000000000000000000e+00,0.000000000000000000e+00,2.000000000000000000e+04
1.000000000000000000e+00,1.030303030303030276e+00,2.599040637647481722e-02,-9.625051526114992984e-02,0.000000000000000000e+00,0.000000000000000000e+00,2.000000000000000000e+04
0.000000000000000000e+00,1.060606060606060552e+00,0.000000000000000000e+00,0.000000000000000000e+00,1.000000000000000000e+00,0.000000000000000000e+00,2.000000000000000000e+04
3.030303030303030387e-02,1.060606060606060552e+00,1.483899819365124798e-04,-5.008137633249060139e-03,0.000000000000000000e+00,0.000000000000000000e+00,2.000000000000000000e+04
6.060606060606060774e-02,1.060606060606060552e+00,4.608068072005428633e-04,-1.000421360109548380e-02,0.000000000000000000e+00,0.000000000000000000e+00,2.000000000000000000e+04
9.090909090909091161e-02,1.060606060606060552e+00,9.302718068036693218e-04,-1.495575062586455492e-02,0.000000000000000000e+00,0.000000000000000000e+00,2.000000000000000000e+04
1.212121212121212155e-01,1.060606060606060552e+00,1.547302588213733329e-03,-1.983255926562081661e-02,0.000000000000000000e+00,0.000000000000000000e+00,2.000000000000000000e+04
1.515151515151515194e-01,1.060606060606060552e+00,2.300236208888629692e-03,-2.460714457914959033e-02,0.000000000000000000e+00,0.000000000000000000e+00,2.000000000000000000e+04
1.818181818181818232e-01,1.060606060606060552e+00,3.175582262550214786e-03,-2.925504123156945704e-02,0.000000000000000000e+00,0.000000000000000000e+00,2.000000000000000000e+04
2.121212121212121271e-01,1.060606060606060552e+00,4.158398314066342159e-03,-3.375507576468861348e-02,0.000000000000000000e+00,0.000000000000000000e+00,2.000000000000000000e+04
2.424242424242424310e-01,1.060606060606060552e+00,5.232680321948151268e-03,-3.808955431912498801e-02,0.000000000000000000e+00,0.000000000000000000e+00,2.000000000000000000e+04
2.727272727272727071e-01,1.060606060606060552e+00,6.381760083475146277e-03,-4.224437352942855828e-02,0.000000000000000000e+00,0.000000000000000000e+00,2.000000000000000000e+04
3.030303030303030387e-01,1.060606060606060552e+00,7.588700590558326506e-03,-4.620905236297005725e-02,0.000000000000000000e+00,0.000000000000000000e+00,2.000000000000000000e+04
3.333333333333333148e-01,1.060606060606060552e+00,8.836678938363113495e-03,-4.997668382497083561e-02,0.000000000000000000e+00,0.000000000000000000e+00,2.000000000000000000e+04
3.636363636363636465e-01,1.060606060606060552e+00,1.010934559902524135e-02,-5.354380789043457906e-02,0.000000000000000000e+00,0.000000000000000000e+00,2.000000000000000000e+04
3.939393939393939226e-01,1.060606060606060552e+00,1.139114892851097495e-02,-5.691021058108480801e-02,0.000000000000000000e+00,0.000000000000000000e+00,2.000000000000000000e+04
4.242424242424242542e-01,1.060606060606060552e+00,1.266761500009156924e-02,-6.007865823934414873e-02,0.000000000000000000e+00,0.000000000000000000e+00,2.000000000000000000e+04
4.545454545454545303e-01,1.060606060606060552e+00,1.392557525273894169e-02,-6.305457997392788227e-02,0.000000000000000000e+00,0.000000000000000000e+00,2.000000000000000000e+04
4.848484848484848619e-01,1.060606060606060552e+00,1.515333772278350428e-02,-6.584571418503616658e-02,0.000000000000000000e+00,0.000000000000000000e+00,2.000000000000000000e+04
5.151515151515151381e-01,1.060606060606060552e+00,1.634080132437182309e-02,-6.846173649521050675e-02,0.000000000000000000e+00,0.000000000000000000e+00,2.000000000000000000e+04
5.454545454545454142e-01,1.060606060606060552e+00,1.747951625061923073e-02,-7.091388615450648636e-02,0.000000000000000000e+00,0.000000000000000000e+00,2.000000000000000000e+04
5.757575757575758013e-01,1.060606060606060552e+00,1.856269665970765315e-02,-7.321460623322993688e-02,0.000000000000000000e+00,0.000000000000000000e+00,2.000000000000000000e+04
6.060606060606060774e-01,1.060606060606060552e+00,1.958519412045968758e-02,-7.537721005940965779e-02,0.000000000000000000e+00,0.000000000000000000e+00,2.000000000000000000e+04
6.363636363636363535e-01,1.060606060606060552e+00,2.054344171958422116e-02,-7.741558287919753090e-02,0.000000000000000000e+00,0.000000000000000000e+00,2.000000000000000000e+04
6.666666666666666297e-01,1.060606060606060552e+00,2.143537931617549644e-02,-7.934392406176241086e-02,0.000000000000000000e+00,0.000000000000000000e+00,2.000000000000000000e+04
6.969696969696970168e-01,1.060606060606060552e+00,2.226037029758470842e-02,-8.117653168142875686e-02,0.000000000000000000e+00,0.000000000000000000e+00,2.000000000000000000e+04
7.272727272727272929e-01,1.060606060606060552e+00,2.301911951595396466e-02,-8.292762821067599377e-02,0.000000000000000000e+00,0.000000000000000000e+00,2.000000000000000000e+04
7.575757575757575690e-01,1.060606060606060552e+00,2.371360104020739379e-02,-8.461122345381349996e-02,0.000000000000000000e+00,0.000000000000000000e+00,2.000000000000000000e+04
7.878787878787878451e-01,1.060606060606060552e+00,2.434700309328489271e-02,-8.624100875654186482e-02,0.000000000000000000e+00,0.000000000000000000e+00,2.000000000000000000e+04
8.181818181818182323e-01,1.060606060606060552e+00,2.492369616920113787e-02,-8.783027489340683447e-02,0.000000000000000000e+00,0.000000000000000000e+00,2.000000000000000000e+04
8.484848484848485084e-01,1.060606060606060552e+00,2.544922890613999719e-02,-8.939184478258968558e-02,0.000000000000000000e+00,0.000000000000000000e+00,2.000000000000000000e+04
8.787878787878787845e-01,1.060606060606060552e+00,2.593035485616907929e-02,-9.093801121546829513e-02,0.000000000000000000e+00,0.000000000000000000e+00,2.000000000000000000e+04
9.090909090909090606e-01,1.060606060606060552e+00,2.637509183015573216e-02,-9.248046903521416062e-02,0.000000000000000000e+00,0.000000000000000000e+00,2.000000000000000000e+04
9.393939393939394478e-01,1.060606060606060552e+00,2.679281397189725578e-02,-9.403023059317258681e-02,0.000000000000000000e+00,0.000000000000000000e+00,2.000000000000000000e+04
9.696969696969697239e-01,1.060606060606060552e+00,2.719437507377579777e-02,-9.559751282106856984e-02,0.000000000000000000e+00,0.000000000000000000e+00,2.000000000000000000e+04
1.000000000000000000e+00,1.060606060606060552e+00,2.759225982329641461e-02,-9.719158388126886150e-02,0.000000000000000000e+00,0.000000000000000000e+00,2.000000000000000000e+04
0.000000000000000000e+00,1.090909090909090828e+00,0.000000000000000000e+00,0.000000000000000000e+00,1.000000000000000000e+00,0.000000000000000000e+00,2.000000000000000000e+04
3.030303030303030387e-02,1.090909090909090828e+00,1.636203402597252439e-04,-5.251548194532034558e-03,0.000000000000000000e+00,0.000000000000000000e+00,2.000000000000000000e+04
6.060606060606060774e-02,1.090909090909090828e+00,5.058929760817085968e-04,-1.048257200445002792e-02,0.000000000000000000e+00,0.000000000000000000e+00,2.000000000000000000e+04
9.090909090909091161e-02,1.090909090909090828e+00,1.018920489640506941e-03,-1.565723592383896565e-02,0.000000000000000000e+00,0.000000000000000000e+00,2.000000000000000000e+04
1.212121212121212155e-01,1.090909090909090828e+00,1.692029940836721740e-03,-2.074238613179865687e-02,0.000000000000000000e+00,0.000000000000000000e+00,2.000000000000000000e+04
1.515151515151515194e-01,1.090909090909090828e+00,2.512138373598129994e-03,-2.570799625038706904e-02,0.000000000000000000e+00,0.000000000000000000e+00,2.000000000000000000e+04
1.818181818181818232e-01,1.090909090909090828e+00,3.464150532743215903e-03,-3.052753215196280304e-02,0.000000000000000000e+00,0.000000000000000000e+00,2.000000000000000000e+04
2.121212121212121271e-01,1.090909090909090828e+00,4.531381596622590865e-03,-3.517823578104484900e-02,0.000000000000000000e+00,0.000000000000000000e+00,2.000000000000000000e+04
2.424242424242424310e-01,1.090909090909090828e+00,5.695997874007651361e-03,-3.964132622425683983e-02,0.000000000000000000e+00,0.000000000000000000e+00,2.000000000000000000e+04
2.727272727272727071e-01,1.090909090909090828e+00,6.939467231790243627e-03,-4.390211454972105243e-02,0.000000000000000000e+00,0.000000000000000000e+00,2.000000000000000000e+04
3.030303030303030387e-01,1.090909090909090828e+00,8.243008979230559072e-03,-4.795002834108997442e-02,0.000000000000000000e+00,0.000000000000000000e+00,2.000000000000000000e+04
3.333333333333333148e-01,1.090909090909090828e+00,9.588030733322802646e-03,-5.177854303536287561e-02,0.000000000000000000e+00,0.000000000000000000e+00,2.000000000000000000e+04
3.636363636363636465e-01,1.090909090909090828e+00,1.095653821393490282e-02,-5.538502037503953424e-02,0.000000000000000000e+00,0.000000000000000000e+00,2.000000000000000000e+04
3.939393939393939226e-01,1.090909090909090828e+00,1.233150367363564960e-02,-5.877045922548138762e-02,0.000000000000000000e+00,0.000000000000000000e+00,2.000000000000000000e+04
4.242424242424242542e-01,1.090909090909090828e+00,1.369718016485240754e-02,-6.193916982389037484e-02,0.000000000000000000e+00,0.000000000000000000e+00,2.000000000000000000e+04
4.545454545454545303e-01,1.090909090909090828e+00,1.503935204280687499e-02,-6.489838798705803435e-02,0.000000000000000000e+00,0.000000000000000000e+00,2.000000000000000000e+04
4.848484848484848619e-01,1.090909090909090828e+00,1.634551652205475797e-02,-6.765784975039570992e-02,0.000000000000000000e+00,0.000000000000000000e+00,2.000000000000000000e+04
5.151515151515151381e-01,1.090909090909090828e+00,1.760499602344584372e-02,-7.022934862633534170e-02,0.000000000000000000e+00,0.000000000000000000e+00,2.000000000000000000e+04
5.454545454545454142e-01,1.090909090909090828e+00,1.880898572721513562e-02,-7.262629702638670470e-02,0.000000000000000000e+00,0.000000000000000000e+00,2.000000000000000000e+04
5.757575757575758013e-01,1.090909090909090828e+00,1.995054461373347091e-02,-7.486331075019628245e-02,0.000000000000000000e+00,0.000000000000000000e+00,2.000000000000000000e+04
6.060606060606060774e-01,1.090909090909090828e+00,2.102454100487704397e-02,-7.695583144844474199e-02,0.000000000000000000e+00,0.000000000000000000e+00,2.000000000000000000e+04
6.363636363636363535e-01,1.090909090909090828e+00,2.202756514173001209e-02,-7.891979731725280722e-02,0.000000000000000000e+00,0.000000000000000000e+00,2.000000000000000000e+04
6.666666666666666297e-01,1.090909090909090828e+00,2.295782176146715994e-02,-8.077136758750269596e-02,0.000000000000000000e+00,0.000000000000000000e+00,2.000000000000000000e+04
6.969696969696970168e-01,1.090909090909090828e+00,2.381501518980776513e-02,-8.252670206672359232e-02,0.000000000000000000e+00,0.000000000000000000e+00,2.000000000000000000e+04
7.272727272727272929e-01,1.090909090909090828e+00,2.460023840471796744e-02,-8.420179331955210400e-02,0.000000000000000000e+00,0.000000000000000000e+00,2.000000000000000000e+04
7.575757575757575690e-01,1.090909090909090828e+00,2.531587609596604171e-02,-8.581234611908095111e-02,0.000000000000000000e+00,0.000000000000000000e+00,2.000000000000000000e+04
7.878787878787878451e-01,1.090909090909090828e+00,2.596553014060953846e-02,-8.737369653165248662e-02,0.000000000000000000e+00,0.000000000000000000e+00,2.000000000000000000e+04
8.181818181818182323e-01,1.090909090909090828e+00,2.655397427278663805e-02,-8.890076130603036253e-02,0.000000000000000000e+00,0.000000000000000000e+00,2.000000000000000000e+04
8.484848484848485084e-01,1.090909090909090828e+00,2.708714312185445117e-02,-9.040800698639384070e-02,0.000000000000000000e+00,0.000000000000000000e+00,2.000000000000000000e+04
8.787878787878787845e-01,1.090909090909090828e+00,2.757215924526282280e-02,-9.190942721705827601e-02,0.000000000000000000e+00,0.000000000000000000e+00,2.000000000000000000e+04
9.090909090909090606e-01,1.090909090909090828e+00,2.801740026565366012e-02,-9.341851593357028416e-02,0.000000000000000000e+00,0.000000000000000000e+00,2.000000000000000000e+04
9.393939393939394478e-01,1.090909090909090828e+00,2.843260667554832477e-02,-9.494822344976507067e-02,0.000000000000000000e+00,0.000000000000000000e+00,2.000000000000000000e+04
9.696969696969697239e-01,1.090909090909090828e+00,2.882902921456494821e-02,-9.651088180265959826e-02,0.000000000000000000e+00,0.000000000000000000e+00,2.000000000000000000e+04
1.000000000000000000e+00,1.090909090909090828e+00,2.921961285766778299e-02,-9.811808509922602395e-02,0.000000000000000000e+00,0.000000000000000000e+00,2.000000000000000000e+04
0.000000000000000000e+00,1.121212121212121104e+00,0.000000000000000000e+00,0.000000000000000000e+00,1.000000000000000000e+00,0.000000000000000000e+00,2.000000000000000000e+04
3.030303030303030387e-02,1.121212121212121104e+00,1.775950471832689933e-04,-5.517035211360547982e-03,0.000000000000000000e+00,0.000000000000000000e+00,2.000000000000000000e+04
6.060606060606060774e-02,1.121212121212121104e+00,5.500318925183112981e-04,-1.100387036645015387e-02,0.000000000000000000e+00,0.000000000000000000e+00,2.000000000000000000e+04
9.090909090909091161e-02,1.121212121212121104e+00,1.108347567303546131e-03,-1.642094229947495612e-02,0.000000000000000000e+00,0.000000000000000000e+00,2.000000000000000000e+04
1.212121212121212155e-01,1.121212121212121104e+00,1.840502552853082044e-03,-2.173181775406050897e-02,0.000000000000000000e+00,0.000000000000000000e+00,2.000000000000000000e+04
1.515151515151515194e-01,1.121212121212121104e+00,2.731793561366505085e-03,-2.690367966034273167e-02,0.000000000000000000e+00,0.000000000000000000e+00,2.000000000000000000e+04
1.818181818181818232e-01,1.121212121212121104e+00,3.765300403225825196e-03,-3.190772360918021910e-02,0.000000000000000000e+00,0.000000000000000000e+00,2.000000000000000000e+04
2.121212121212121271e-01,1.121212121212121104e+00,4.922361046734093255e-03,-3.671946620259410043e-02,0.000000000000000000e+00,0.000000000000000000e+00,2.000000000000000000e+04
2.424242424242424310e-01,1.121212121212121104e+00,6.183068897600351582e-03,-4.131896308170332488e-02,0.000000000000000000e+00,0.000000000000000000e+00,2.000000000000000000e+04
2.727272727272727071e-01,1.121212121212121104e+00,7.526784158162348574e-03,-4.569093092073155116e-02,0.000000000000000000e+00,0.000000000000000000e+00,2.000000000000000000e+04
3.030303030303030387e-01,1.121212121212121104e+00,8.932647664081251951e-03,-4.982476611042706283e-02,0.000000000000000000e+00,0.000000000000000000e+00,2.000000000000000000e+04
3.333333333333333148e-01,1.121212121212121104e+00,1.038008191554767173e-02,-5.371445410244071045e-02,0.000000000000000000e+00,0.000000000000000000e+00,2.000000000000000000e+04
3.636363636363636465e-01,1.121212121212121104e+00,1.184926130491545729e-02,-5.735836775391296716e-02,0.000000000000000000e+00,0.000000000000000000e+00,2.000000000000000000e+04
3.939393939393939226e-01,1.121212121212121104e+00,1.332153285723033237e-02,-6.075896005244679071e-02,0.000000000000000000e+00,0.000000000000000000e+00,2.000000000000000000e+04
4.242424242424242542e-01,1.121212121212121104e+00,1.477977072779844067e-02,-6.392236493008499054e-02,0.000000000000000000e+00,0.000000000000000000e+00,2.000000000000000000e+04
4.545454545454545303e-01,1.121212121212121104e+00,1.620865209853911484e-02,-6.685792755451666625e-02,0.000000000000000000e+00,0.000000000000000000e+00,2.000000000000000000e+04
4.848484848484848619e-01,1.121212121212121104e+00,1.759484818473551829e-02,-6.957769078542337671e-02,0.000000000000000000e+00,0.000000000000000000e+00,2.000000000000000000e+04
5.151515151515151381e-01,1.121212121212121104e+00,1.892713068207555263e-02,-7.209586646186214032e-02,0.000000000000000000e+00,0.000000000000000000e+00,2.000000000000000000e+04
5.454545454545454142e-01,1.121212121212121104e+00,2.019640007765689110e-02,-7.442831883045167296e-02,0.000000000000000000e+00,0.000000000000000000e+00,2.000000000000000000e+04
5.757575757575758013e-01,1.121212121212121104e+00,2.139564705577727891e-02,-7.659208342427990812e-02,0.000000000000000000e+00,0.000000000000000000e+00,2.000000000000000000e+04
6.060606060606060774e-01,1.121212121212121104e+00,2.251986138897039275e-02,-7.860493908080740111e-02,0.000000000000000000e+00,0.000000000000000000e+00,2.000000000000000000e+04
6.363636363636363535e-01,1.121212121212121104e+00,2.356590421319662912e-02,-8.048504456527377782e-02,0.000000000000000000e+00,0.000000000000000000e+00,2.000000000000000000e+04
6.666666666666666297e-01,1.121212121212121104e+00,2.453235968426271604e-02,-8.225064525803589544e-02,0.000000000000000000e+00,0.000000000000000000e+00,2.000000000000000000e+04
6.969696969696970168e-01,1.121212121212121104e+00,2.541938106205436990e-02,-8.391985009566453602e-02,0.000000000000000000e+00,0.000000000000000000e+00,2.000000000000000000e+04
7.272727272727272929e-01,1.121212121212121104e+00,2.622854465112825842e-02,-8.551047467535229096e-02,0.000000000000000000e+00,0.000000000000000000e+00,2.000000000000000000e+04
7.575757575757575690e-01,1.121212121212121104e+00,2.696272307458299697e-02,-8.703994317116293955e-02,0.000000000000000000e+00,0.000000000000000000e+00,2.000000000000000000e+04
7.878787878787878451e-01,1.121212121212121104e+00,2.762598732574667384e-02,-8.852523935513698095e-02,0.000000000000000000e+00,0.000000000000000000e+00,2.000000000000000000e+04
8.181818181818182323e-01,1.121212121212121104e+00,2.822354509124972224e-02,-8.998289537501578950e-02,0.000000000000000000e+00,0.000000000000000000e+00,2.000000000000000000e+04
8.484848484848485084e-01,1.121212121212121104e+00,2.876172104665842416e-02,-9.142900579706239594e-02,0.000000000000000000e+00,0.000000000000000000e+00,2.000000000000000000e+04
8.787878787878787845e-01,1.121212121212121104e+00,2.924798319739886979e-02,-9.287925357197138188e-02,0.000000000000000000e+00,0.000000000000000000e+00,2.000000000000000000e+04
9.090909090909090606e-01,1.121212121212121104e+00,2.969101782239320225e-02,-9.434893385268228183e-02,0.000000000000000000e+00,0.000000000000000000e+00,2.000000000000000000e+04
9.393939393939394478e-01,1.121212121212121104e+00,3.010085408374603422e-02,-9.585296085971499458e-02,0.000000000000000000e+00,0.000000000000000000e+00,2.000000000000000000e+04
9.696969696969697239e-01,1.121212121212121104e+00,3.048903777337012497e-02,-9.740584217955210178e-02,0.000000000000000000e+00,0.000000000000000000e+00,2.000000000000000000e+04
1.000000000000000000e+00,1.121212121212121104e+00,3.086885184111638064e-02,-9.902160397697416794e-02,0.000000000000000000e+00,0.000000000000000000e+00,2.000000000000000000e+04
0.000000000000000000e+00,1.151515151515151603e+00,0.000000000000000000e+00,0.000000000000000000e+00,1.000000000000000000e+00,0.000000000000000000e+00,2.000000000000000000e+04
3.030303030303030387e-02,1.151515151515151603e+00,1.900587549778979635e-04,-5.806996925013995989e-03,0.000000000000000000e+00,0.000000000000000000e+00,2.000000000000000000e+04
6.060606060606060774e-02,1.151515151515151603e+00,5.928899994824494762e-04,-1.157269329879692492e-02,0.000000000000000000e+00,0.000000000000000000e+00,2.000000000000000000e+04
9.090909090909091161e-02,1.151515151515151603e+00,1.198299684073369023e-03,-1.725338996153267385e-02,0.000000000000000000e+00,0.000000000000000000e+00,2.000000000000000000e+04
1.212121212121212155e-01,1.151515151515151603e+00,1.992684927625859581e-03,-2.280902750390783815e-02,0.000000000000000000e+00,0.000000000000000000e+00,2.000000000000000000e+04
1.515151515151515194e-01,1.151515151515151603e+00,2.959498320382642801e-03,-2.820371283806821089e-02,0.000000000000000000e+00,0.000000000000000000e+00,2.000000000000000000e+04
1.818181818181818232e-01,1.151515151515151603e+00,4.079747570289588877e-03,-3.340614898957860318e-02,0.000000000000000000e+00,0.000000000000000000e+00,2.000000000000000000e+04
2.121212121212121271e-01,1.151515151515151603e+00,5.332527431651450794e-03,-3.838997201761271127e-02,0.000000000000000000e+00,0.000000000000000000e+00,2.000000000000000000e+04
2.424242424242424310e-01,1.151515151515151603e+00,6.695580233159221552e-03,-4.313399166083715236e-02,0.000000000000000000e+00,0.000000000000000000e+00,2.000000000000000000e+04
2.727272727272727071e-01,1.151515151515151603e+00,8.145877508899829547e-03,-4.762232606068914076e-02,0.000000000000000000e+00,0.000000000000000000e+00,2.000000000000000000e+04
3.030303030303030387e-01,1.151515151515151603e+00,9.660209545625129610e-03,-5.184441796331226010e-02,0.000000000000000000e+00,0.000000000000000000e+00,2.000000000000000000e+04
3.333333333333333148e-01,1.151515151515151603e+00,1.121576371440231173e-02,-5.579492120188692811e-02,0.000000000000000000e+00,0.000000000000000000e+00,2.000000000000000000e+04
3.636363636363636465e-01,1.151515151515151603e+00,1.279066802459432814e-02,-5.947345243504601614e-02,0.000000000000000000e+00,0.000000000000000000e+00,2.000000000000000000e+04
3.939393939393939226e-01,1.151515151515151603e+00,1.436447503212973445e-02,-6.288421338099478564e-02,0.000000000000000000e+00,0.000000000000000000e+00,2.000000000000000000e+04
4.242424242424242542e-01,1.151515151515151603e+00,1.591856387779862908e-02,-6.603550089469380213e-02,0.000000000000000000e+00,0.000000000000000000e+00,2.000000000000000000e+04
4.545454545454545303e-01,1.151515151515151603e+00,1.743644447018264862e-02,-6.893913311002285160e-02,0.000000000000000000e+00,0.000000000000000000e+00,2.000000000000000000e+04
4.848484848484848619e-01,1.151515151515151603e+00,1.890395631530614184e-02,-7.160982693567057022e-02,0.000000000000000000e+00,0.000000000000000000e+00,2.000000000000000000e+04
5.151515151515151381e-01,1.151515151515151603e+00,2.030936348473803138e-02,-7.406456427005433940e-02,0.000000000000000000e+00,0.000000000000000000e+00,2.000000000000000000e+04
5.454545454545454142e-01,1.151515151515151603e+00,2.164335516155411684e-02,-7.632198166844657294e-02,0.000000000000000000e+00,0.000000000000000000e+00,2.000000000000000000e+04
5.757575757575758013e-01,1.151515151515151603e+00,2.289896712305715398e-02,-7.840181211161031949e-02,0.000000000000000000e+00,0.000000000000000000e+00,2.000000000000000000e+04
6.060606060606060774e-01,1.151515151515151603e+00,2.407144305189857017e-02,-8.032439959251164163e-02,0.000000000000000000e+00,0.000000000000000000e+00,2.000000000000000000e+04
6.363636363636363535e-01,1.151515151515151603e+00,2.515805585858277987e-02,-8.211029891665948266e-02,0.000000000000000000e+00,0.000000000000000000e+00,2.000000000000000000e+04
6.666666666666666297e-01,1.151515151515151603e+00,2.615790869833328064e-02,-8.377996546405037936e-02,0.000000000000000000e+00,0.000000000000000000e+00,2.000000000000000000e+04
6.969696969696970168e-01,1.151515151515151603e+00,2.707173364003691296e-02,-8.535353329101839914e-02,0.000000000000000000e+00,0.000000000000000000e+00,2.000000000000000000e+04
7.272727272727272929e-01,1.151515151515151603e+00,2.790170353926323121e-02,-8.685067506847739260e-02,0.000000000000000000e+00,0.000000000000000000e+00,2.000000000000000000e+04
7.575757575757575690e-01,1.151515151515151603e+00,2.865127002596233943e-02,-8.829053388707484851e-02,0.000000000000000000e+00,0.000000000000000000e+00,2.000000000000000000e+04
7.878787878787878451e-01,1.151515151515151603e+00,2.932503795417373132e-02,-8.969171467056194502e-02,0.000000000000000000e+00,0.000000000000000000e+00,2.000000000000000000e+04
8.181818181818182323e-01,1.151515151515151603e+00,2.992868435931386739e-02,-9.107232151382042840e-02,0.000000000000000000e+00,0.000000000000000000e+00,2.000000000000000000e+04
8.484848484848485084e-01,1.151515151515151603e+00,3.046892799862463766e-02,-9.245002638178273502e-02,0.000000000000000000e+00,0.000000000000000000e+00,2.000000000000000000e+04
8.787878787878787845e-01,1.151515151515151603e+00,3.095355389265883050e-02,-9.384215398366724248e-02,0.000000000000000000e+00,0.000000000000000000e+00,2.000000000000000000e+04
9.090909090909090606e-01,1.151515151515151603e+00,3.139149585395412806e-02,-9.526576704254348382e-02,0.000000000000000000e+00,0.000000000000000000e+00,2.000000000000000000e+04
9.393939393939394478e-01,1.151515151515151603e+00,3.179297864985869415e-02,-9.673773544703824501e-02,0.000000000000000000e+00,0.000000000000000000e+00,2.000000000000000000e+04
9.696969696969697239e-01,1.151515151515151603e+00,3.216972003491331417e-02,-9.827477180152879854e-02,0.000000000000000000e+00,0.000000000000000000e+00,2.000000000000000000e+04
1.000000000000000000e+00,1.151515151515151603e+00,3.253519122035579414e-02,-9.989341465294074296e-02,0.000000000000000000e+00,0.000000000000000000e+00,2.000000000000000000e+04
0.000000000000000000e+00,1.181818181818181879e+00,0.000000000000000000e+00,0.000000000000000000e+00,1.000000000000000000e+00,0.000000000000000000e+00,2.000000000000000000e+04
3.030303030303030387e-02,1.181818181818181879e+00,2.006968516856916620e-04,-6.124105661378720367e-03,0.000000000000000000e+00,0.000000000000000000e+00,2.000000000000000000e+04
6.060606060606060774e-02,1.181818181818181879e+00,6.340356110023467233e-04,-1.219414280331336531e-02,0.000000000000000000e+00,0.000000000000000000e+00,2.000000000000000000e+04
9.090909090909091161e-02,1.181818181818181879e+00,1.288405529661093910e-03,-1.816182788324223474e-02,0.000000000000000000e+00,0.000000000000000000e+00,2.000000000000000000e+04
1.212121212121212155e-01,1.181818181818181879e+00,2.148422194144603264e-03,-2.398309524405317639e-02,0.000000000000000000e+00,0.000000000000000000e+00,2.000000000000000000e+04
1.515151515151515194e-01,1.181818181818181879e+00,3.195445935161027925e-03,-2.961866122159272779e-02,0.000000000000000000e+00,0.000000000000000000e+00,2.000000000000000000e+04
1.818181818181818232e-01,1.181818181818181879e+00,4.408136030941961665e-03,-3.503448862985523993e-02,0.000000000000000000e+00,0.000000000000000000e+00,2.000000000000000000e+04
2.121212121212121271e-01,1.181818181818181879e+00,5.763042913134269925e-03,-4.020215820216112290e-02,0.000000000000000000e+00,0.000000000000000000e+00,2.000000000000000000e+04
2.424242424242424310e-01,1.181818181818181879e+00,7.235238823624183351e-03,-4.509914092042627970e-02,0.000000000000000000e+00,0.000000000000000000e+00,2.000000000000000000e+04
2.727272727272727071e-01,1.181818181818181879e+00,8.798980859300246926e-03,-4.970895488793988098e-02,0.000000000000000000e+00,0.000000000000000000e+00,2.000000000000000000e+04
3.030303030303030387e-01,1.181818181818181879e+00,1.042839120748473639e-02,-5.402118556022675322e-02,0.000000000000000000e+00,0.000000000000000000e+00,2.000000000000000000e+04
3.333333333333333148e-01,1.181818181818181879e+00,1.209812999749881358e-02,-5.803134987987165760e-02,0.000000000000000000e+00,0.000000000000000000e+00,2.000000000000000000e+04
3.636363636363636465e-01,1.181818181818181879e+00,1.378402920595546595e-02,-6.174059384982477638e-02,0.000000000000000000e+00,0.000000000000000000e+00,2.000000000000000000e+04
3.939393939393939226e-01,1.181818181818181879e+00,1.546365391710646624e-02,-6.515522833599407537e-02,0.000000000000000000e+00,0.000000000000000000e+00,2.000000000000000000e+04
4.242424242424242542e-01,1.181818181818181879e+00,1.711676111581868567e-02,-6.828612571711374646e-02,0.000000000000000000e+00,0.000000000000000000e+00,2.000000000000000000e+04
4.545454545454545303e-01,1.181818181818181879e+00,1.872563529627713566e-02,-7.114801545760025825e-02,0.000000000000000000e+00,0.000000000000000000e+00,2.000000000000000000e+04
4.848484848484848619e-01,1.181818181818181879e+00,2.027529222581169258e-02,-7.375872596358194755e-02,0.000000000000000000e+00,0.000000000000000000e+00,2.000000000000000000e+04
5.151515151515151381e-01,1.181818181818181879e+00,2.175355450076518066e-02,-7.613842183523625295e-02,0.000000000000000000e+00,0.000000000000000000e+00,2.000000000000000000e+04
5.454545454545454142e-01,1.181818181818181879e+00,2.315101287626739751e-02,-7.830888076705083689e-02,0.000000000000000000e+00,0.000000000000000000e+00,2.000000000000000000e+04
5.757575757575758013e-01,1.181818181818181879e+00,2.446089452205926426e-02,-8.029284508218823002e-02,0.000000000000000000e+00,0.000000000000000000e+00,2.000000000000000000e+04
6.060606060606060774e-01,1.181818181818181879e+00,2.567886309080115448e-02,-8.211347168767932359e-02,0.000000000000000000e+00,0.000000000000000000e+00,2.000000000000000000e+04
6.363636363636363535e-01,1.181818181818181879e+00,2.680277621013182898e-02,-8.379389314619255236e-02,0.000000000000000000e+00,0.000000000000000000e+00,2.000000000000000000e+04
6.666666666666666297e-01,1.181818181818181879e+00,2.783242450483147321e-02,-8.535689291141794477e-02,0.000000000000000000e+00,0.000000000000000000e+00,2.000000000000000000e+04
6.969696969696970168e-01,1.181818181818181879e+00,2.876927337730103562e-02,-8.682469020316813113e-02,0.000000000000000000e+00,0.000000000000000000e+00,2.000000000000000000e+04
7.272727272727272929e-01,1.181818181818181879e+00,2.961622528003659757e-02,-8.821882459977654911e-02,0.000000000000000000e+00,0.000000000000000000e+00,2.000000000000000000e+04
7.575757575757575690e-01,1.181818181818181879e+00,3.037741667638157311e-02,-8.956012694763726412e-02,0.000000000000000000e+00,0.000000000000000000e+00,2.000000000000000000e+04
7.878787878787878451e-01,1.181818181818181879e+00,3.105806067828169661e-02,-9.086876120380384114e-02,0.000000000000000000e+00,0.000000000000000000e+00,2.000000000000000000e+04
8.181818181818182323e-01,1.181818181818181879e+00,3.166434366407886586e-02,-9.216432085949462227e-02,0.000000000000000000e+00,0.000000000000000000e+00,2.000000000000000000e+04
8.484848484848485084e-01,1.181818181818181879e+00,3.220338206275037696e-02,-9.346596318911570833e-02,0.000000000000000000e+00,0.000000000000000000e+00,2.000000000000000000e+04
8.787878787878787845e-01,1.181818181818181879e+00,3.268324388333566921e-02,-9.479256434803765008e-02,0.000000000000000000e+00,0.000000000000000000e+00,2.000000000000000000e+04
9.090909090909090606e-01,1.181818181818181879e+00,3.311303833441932992e-02,-9.616287800460296409e-02,0.000000000000000000e+00,0.000000000000000000e+00,2.000000000000000000e+04
9.393939393939394478e-01,1.181818181818181879e+00,3.350307583267289613e-02,-9.759567952696183990e-02,0.000000000000000000e+00,0.000000000000000000e+00,2.000000000000000000e+04
9.696969696969697239e-01,1.181818181818181879e+00,3.386509962245346644e-02,-9.910987662697171019e-02,0.000000000000000000e+00,0.000000000000000000e+00,2.000000000000000000e+04
1.000000000000000000e+00,1.181818181818181879e+00,3.421258887970805851e-02,-1.007245657456138782e-01,0.000000000000000000e+00,0.000000000000000000e+00,2.000000000000000000e+04
0.000000000000000000e+00,1.212121212121212155e+00,0.000000000000000000e+00,0.000000000000000000e+00,1.000000000000000000e+00,0.000000000000000000e+00,2.000000000000000000e+04
3.030303030303030387e-02,1.212121212121212155e+00,2.091236290460610865e-04,-6.471338282228560057e-03,0.000000000000000000e+00,0.000000000000000000e+00,2.000000000000000000e+04
6.060606060606060774e-02,1.212121212121212155e+00,6.729163526579932681e-04,-1.287389497368723532e-02,0.000000000000000000e+00,0.000000000000000000e+00,2.000000000000000000e+04
9.090909090909091161e-02,1.212121212121212155e+00,1.378144571300815883e-03,-1.915431463573083470e-02,0.000000000000000000e+00,0.000000000000000000e+00,2.000000000000000000e+04
1.212121212121212155e-01,1.212121212121212155e+00,2.307403552603437807e-03,-2.526411102449959561e-02,0.000000000000000000e+00,0.000000000000000000e+00,2.000000000000000000e+04
1.515151515151515194e-01,1.212121212121212155e+00,3.439689278914795888e-03,-3.116026227144759811e-02,0.000000000000000000e+00,0.000000000000000000e+00,2.000000000000000000e+04
1.818181818181818232e-01,1.212121212121212155e+00,4.751005636739464091e-03,-3.680571141285184089e-02,0.000000000000000000e+00,0.000000000000000000e+00,2.000000000000000000e+04
2.121212121212121271e-01,1.212121212121212155e+00,6.215018203908330430e-03,-4.216978164647354477e-02,0.000000000000000000e+00,0.000000000000000000e+00,2.000000000000000000e+04
2.424242424242424310e-01,1.212121212121212155e+00,7.803761937674394064e-03,-4.722849494713319413e-02,0.000000000000000000e+00,0.000000000000000000e+00,2.000000000000000000e+04
2.727272727272727071e-01,1.212121212121212155e+00,9.488399211696819588e-03,-5.196476660899547462e-02,0.000000000000000000e+00,0.000000000000000000e+00,2.000000000000000000e+04
3.030303030303030387e-01,1.212121212121212155e+00,1.124001026641799697e-02,-5.636844099024122118e-02,0.000000000000000000e+00,0.000000000000000000e+00,2.000000000000000000e+04
3.333333333333333148e-01,1.212121212121212155e+00,1.303038359553923553e-02,-6.043613609500413791e-02,0.000000000000000000e+00,0.000000000000000000e+00,2.000000000000000000e+04
3.636363636363636465e-01,1.212121212121212155e+00,1.483276300701926245e-02,-6.417087800748134951e-02,0.000000000000000000e+00,0.000000000000000000e+00,2.000000000000000000e+04
3.939393939393939226e-01,1.212121212121212155e+00,1.662250491293650739e-02,-6.758152926016289253e-02,0.000000000000000000e+00,0.000000000000000000e+00,2.000000000000000000e+04
4.242424242424242542e-01,1.212121212121212155e+00,1.837760543766798690e-02,-7.068204175491604735e-02,0.000000000000000000e+00,0.000000000000000000e+00,2.000000000000000000e+04
4.545454545454545303e-01,1.212121212121212155e+00,2.007907055564722709e-02,-7.349058684393476593e-02,0.000000000000000000e+00,0.000000000000000000e+00,2.000000000000000000e+04
4.848484848484848619e-01,1.212121212121212155e+00,2.171111981802322302e-02,-7.602862706879251475e-02,0.000000000000000000e+00,0.000000000000000000e+00,2.000000000000000000e+04
5.151515151515151381e-01,1.212121212121212155e+00,2.326123111754153580e-02,-7.831999457265063913e-02,0.000000000000000000e+00,0.000000000000000000e+00,2.000000000000000000e+04
5.454545454545454142e-01,1.212121212121212155e+00,2.472004731790111015e-02,-8.039003252933045462e-02,0.000000000000000000e+00,0.000000000000000000e+00,2.000000000000000000e+04
5.757575757575758013e-01,1.212121212121212155e+00,2.608117402995608486e-02,-8.226484184939297784e-02,0.000000000000000000e+00,0.000000000000000000e+00,2.000000000000000000e+04
6.060606060606060774e-01,1.212121212121212155e+00,2.734090137724725159e-02,-8.397065965428628098e-02,0.000000000000000000e+00,0.000000000000000000e+00,2.000000000000000000e+04
6.363636363636363535e-01,1.212121212121212155e+00,2.849788217912515437e-02,-8.553338132789316262e-02,0.000000000000000000e+00,0.000000000000000000e+00,2.000000000000000000e+04
6.666666666666666297e-01,1.212121212121212155e+00,2.955279587261693333e-02,-8.697822594374168825e-02,0.000000000000000000e+00,0.000000000000000000e+00,2.000000000000000000e+04
6.969696969696970168e-01,1.212121212121212155e+00,3.050802294923468314e-02,-8.832953608444310545e-02,0.000000000000000000e+00,0.000000000000000000e+00,2.000000000000000000e+04
7.272727272727272929e-01,1.212121212121212155e+00,3.136734971864164195e-02,-8.961069736874978375e-02,0.000000000000000000e+00,0.000000000000000000e+00,2.000000000000000000e+04
7.575757575757575690e-01,1.212121212121212155e+00,3.213571853796649835e-02,-9.084415983783272752e-02,0.000000000000000000e+00,0.000000000000000000e+00,2.000000000000000000e+04
7.878787878787878451e-01,1.212121212121212155e+00,3.281903467983780104e-02,-9.205154202922298523e-02,0.000000000000000000e+00,0.000000000000000000e+00,2.000000000000000000e+04
8.181818181818182323e-01,1.212121212121212155e+00,3.342403792966193443e-02,-9.325379838910458075e-02,0.000000000000000000e+00,0.000000000000000000e+00,2.000000000000000000e+04
8.484848484848485084e-01,1.212121212121212155e+00,3.395824480184092553e-02,-9.447143103099595041e-02,0.000000000000000000e+00,0.000000000000000000e+00,2.000000000000000000e+04
8.787878787878787845e-01,1.212121212121212155e+00,3.442996582323837318e-02,-9.572472724958945578e-02,0.000000000000000000e+00,0.000000000000000000e+00,2.000000000000000000e+04
9.090909090909090606e-01,1.212121212121212155e+00,3.484840144999347411e-02,-9.703400427389347049e-02,0.000000000000000000e+00,0.000000000000000000e+00,2.000000000000000000e+04
9.393939393939394478e-01,1.212121212121212155e+00,3.522381961134044004e-02,-9.841984223872619897e-02,0.000000000000000000e+00,0.000000000000000000e+00,2.000000000000000000e+04
9.696969696969697239e-01,1.212121212121212155e+00,3.556781733004679008e-02,-9.990328511383027299e-02,0.000000000000000000e+00,0.000000000000000000e+00,2.000000000000000000e+04
1.000000000000000000e+00,1.212121212121212155e+00,3.589366804944497946e-02,-1.015059872919228806e-01,0.000000000000000000e+00,0.000000000000000000e+00,2.000000000000000000e+04
0.000000000000000000e+00,1.242424242424242431e+00,0.000000000000000000e+00,0.000000000000000000e+00,1.000000000000000000e+00,0.000000000000000000e+00,2.000000000000000000e+04
3.030303030303030387e-02,1.242424242424242431e+00,2.148670914754056342e-04,-6.852007064489865941e-03,0.000000000000000000e+00,0.000000000000000000e+00,2.000000000000000000e+04
6.060606060606060774e-02,1.242424242424242431e+00,7.088290170631628530e-04,-1.361825794793831979e-02,0.000000000000000000e+00,0.000000000000000000e+00,2.000000000000000000e+04
9.090909090909091161e-02,1.242424242424242431e+00,1.466803898734843955e-03,-2.023980298474400280e-02,0.000000000000000000e+00,0.000000000000000000e+00,2.000000000000000000e+04
1.212121212121212155e-01,1.242424242424242431e+00,2.469110431702293326e-03,-2.666328715548090672e-02,0.000000000000000000e+00,0.000000000000000000e+00,2.000000000000000000e+04
1.515151515151515194e-01,1.242424242424242431e+00,3.692086709235575023e-03,-3.284156467700757170e-02,0.000000000000000000e+00,0.000000000000000000e+00,2.000000000000000000e+04
1.818181818181818232e-01,1.242424242424242431e+00,5.108743193304550109e-03,-3.873423758649421900e-02,0.000000000000000000e+00,0.000000000000000000e+00,2.000000000000000000e+04
2.121212121212121271e-01,1.242424242424242431e+00,6.689475866011815493e-03,-4.430812983375199965e-02,0.000000000000000000e+00,0.000000000000000000e+00,2.000000000000000000e+04
2.424242424242424310e-01,1.242424242424242431e+00,8.402857648736529461e-03,-4.953767563663152851e-02,0.000000000000000000e+00,0.000000000000000000e+00,2.000000000000000000e+04
2.727272727272727071e-01,1.242424242424242431e+00,1.021650844426085988e-02,-5.440517670642663894e-02,0.000000000000000000e+00,0.000000000000000000e+00,2.000000000000000000e+04
3.030303030303030387e-01,1.242424242424242431e+00,1.209802188999396615e-02,-5.890087268341410998e-02,0.000000000000000000e+00,0.000000000000000000e+00,2.000000000000000000e+04
3.333333333333333148e-01,1.242424242424242431e+00,1.401590462823569007e-02,-6.302277249925249125e-02,0.000000000000000000e+00,0.000000000000000000e+00,2.000000000000000000e+04
3.636363636363636465e-01,1.242424242424242431e+00,1.594046747630447486e-02,-6.677621460494111150e-02,0.000000000000000000e+00,0.000000000000000000e+00,2.000000000000000000e+04
3.939393939393939226e-01,1.242424242424242431e+00,1.784460348281061842e-02,-7.017315943409986601e-02,0.000000000000000000e+00,0.000000000000000000e+00,2.000000000000000000e+04
4.242424242424242542e-01,1.242424242424242431e+00,1.970439770578379796e-02,-7.323125735425581317e-02,0.000000000000000000e+00,0.000000000000000000e+00,2.000000000000000000e+04
4.545454545454545303e-01,1.242424242424242431e+00,2.149953434546112915e-02,-7.597276654774795523e-02,0.000000000000000000e+00,0.000000000000000000e+00,2.000000000000000000e+04
4.848484848484848619e-01,1.242424242424242431e+00,2.321349206792785655e-02,-7.842340985273947573e-02,0.000000000000000000e+00,0.000000000000000000e+00,2.000000000000000000e+04
5.151515151515151381e-01,1.242424242424242431e+00,2.483354155826689516e-02,-8.061125706787439227e-02,0.000000000000000000e+00,0.000000000000000000e+00,2.000000000000000000e+04
5.454545454545454142e-01,1.242424242424242431e+00,2.635057641818521965e-02,-8.256570417386514815e-02,0.000000000000000000e+00,0.000000000000000000e+00,2.000000000000000000e+04
5.757575757575758013e-01,1.242424242424242431e+00,2.775881806640325550e-02,-8.431659962872985192e-02,0.000000000000000000e+00,0.000000000000000000e+00,2.000000000000000000e+04
6.060606060606060774e-01,1.242424242424242431e+00,2.905543796926591052e-02,-8.589354583019968847e-02,0.000000000000000000e+00,0.000000000000000000e+00,2.000000000000000000e+04
6.363636363636363535e-01,1.242424242424242431e+00,3.024013807362327041e-02,-8.732538462170526261e-02,0.000000000000000000e+00,0.000000000000000000e+00,2.000000000000000000e+04
6.666666666666666297e-01,1.242424242424242431e+00,3.131472475227321112e-02,-8.863986105938284621e-02,0.000000000000000000e+00,0.000000000000000000e+00,2.000000000000000000e+04
6.969696969696970168e-01,1.242424242424242431e+00,3.228270468326994297e-02,-8.986344983171051792e-02,0.000000000000000000e+00,0.000000000000000000e+00,2.000000000000000000e+04
7.272727272727272929e-01,1.242424242424242431e+00,3.314892418819163217e-02,-9.102132313655716955e-02,0.000000000000000000e+00,0.000000000000000000e+00,2.000000000000000000e+04
7.575757575757575690e-01,1.242424242424242431e+00,3.391926748540163850e-02,-9.213743648246792983e-02,0.000000000000000000e+00,0.000000000000000000e+00,2.000000000000000000e+04
7.878787878787878451e-01,1.242424242424242431e+00,3.460042449457017416e-02,-9.323470872444622470e-02,0.000000000000000000e+00,0.000000000000000000e+00,2.000000000000000000e+04
8.181818181818182323e-01,1.242424242424242431e+00,3.519973537466767471e-02,-9.433527370191305272e-02,0.000000000000000000e+00,0.000000000000000000e+00,2.000000000000000000e+04
8.484848484848485084e-01,1.242424242424242431e+00,3.572511680138321100e-02,-9.546078232574539690e-02,0.000000000000000000e+00,0.000000000000000000e+00,2.000000000000000000e+04
8.787878787878787845e-01,1.242424242424242431e+00,3.618507387866860131e-02,-9.663273525824163379e-02,0.000000000000000000e+00,0.000000000000000000e+00,2.000000000000000000e+04
9.090909090909090606e-01,1.242424242424242431e+00,3.658880124906089409e-02,-9.787282701029755005e-02,0.000000000000000000e+00,0.000000000000000000e+00,2.000000000000000000e+04
9.393939393939394478e-01,1.242424242424242431e+00,3.694637709507746920e-02,-9.920328205104354813e-02,0.000000000000000000e+00,0.000000000000000000e+00,2.000000000000000000e+04
9.696969696969697239e-01,1.242424242424242431e+00,3.726905396045582242e-02,-1.006471622083357359e-01,0.000000000000000000e+00,0.000000000000000000e+00,2.000000000000000000e+04
1.000000000000000000e+00,1.242424242424242431e+00,3.756965029473029183e-02,-1.022286221515238680e-01,0.000000000000000000e+00,0.000000000000000000e+00,2.000000000000000000e+04
0.000000000000000000e+00,1.272727272727272707e+00,0.000000000000000000e+00,0.000000000000000000e+00,1.000000000000000000e+00,0.000000000000000000e+00,2.000000000000000000e+04
3.030303030303030387e-02,1.272727272727272707e+00,2.173494442236424175e-04,-7.269788818692990255e-03,0.000000000000000000e+00,0.000000000000000000e+00,2.000000000000000000e+04
6.060606060606060774e-02,1.272727272727272707e+00,7.408792839860111994e-04,-1.443422756764983945e-02,0.000000000000000000e+00,0.000000000000000000e+00,2.000000000000000000e+04
9.090909090909091161e-02,1.272727272727272707e+00,1.553418893656860521e-03,-2.142822477151487548e-02,0.000000000000000000e+00,0.000000000000000000e+00,2.000000000000000000e+04
1.212121212121212155e-01,1.272727272727272707e+00,2.632743696461973051e-03,-2.819307672510823828e-02,0.000000000000000000e+00,0.000000000000000000e+00,2.000000000000000000e+04
1.515151515151515194e-01,1.272727272727272707e+00,3.952224731171046293e-03,-3.467708285797974077e-02,0.000000000000000000e+00,0.000000000000000000e+00,2.000000000000000000e+04
1.818181818181818232e-01,1.272727272727272707e+00,5.481511145540210635e-03,-4.083612654447939250e-02,0.000000000000000000e+00,0.000000000000000000e+00,2.000000000000000000e+04
2.121212121212121271e-01,1.272727272727272707e+00,7.187294958379875781e-03,-4.663423266837844749e-02,0.000000000000000000e+00,0.000000000000000000e+00,2.000000000000000000e+04
2.424242424242424310e-01,1.272727272727272707e+00,9.034192492637928631e-03,-5.204406310988238249e-02,0.000000000000000000e+00,0.000000000000000000e+00,2.000000000000000000e+04
2.727272727272727071e-01,1.272727272727272707e+00,1.098574844724310891e-02,-5.704727621956794115e-02,0.000000000000000000e+00,0.000000000000000000e+00,2.000000000000000000e+04
3.030303030303030387e-01,1.272727272727272707e+00,1.300553466121652166e-02,-6.163466282554167647e-02,0.000000000000000000e+00,0.000000000000000000e+00,2.000000000000000000e+04
3.333333333333333148e-01,1.272727272727272707e+00,1.505828173660000123e-02,-6.580597598277970750e-02,0.000000000000000000e+00,0.000000000000000000e+00,2.000000000000000000e+04
3.636363636363636465e-01,1.272727272727272707e+00,1.711095682940924970e-02,-6.956940254544287383e-02,0.000000000000000000e+00,0.000000000000000000e+00,2.000000000000000000e+04
3.939393939393939226e-01,1.272727272727272707e+00,1.913369533862041560e-02,-7.294067993207048461e-02,0.000000000000000000e+00,0.000000000000000000e+00,2.000000000000000000e+04
4.242424242424242542e-01,1.272727272727272707e+00,2.110051084109656680e-02,-7.594192191060543384e-02,0.000000000000000000e+00,0.000000000000000000e+00,2.000000000000000000e+04
4.545454545454545303e-01,1.272727272727272707e+00,2.298973988082867598e-02,-7.860026113922394253e-02,0.000000000000000000e+00,0.000000000000000000e+00,2.000000000000000000e+04
4.848484848484848619e-01,1.272727272727272707e+00,2.478421505625255997e-02,-8.094643276799524945e-02,0.000000000000000000e+00,0.000000000000000000e+00,2.000000000000000000e+04
5.151515151515151381e-01,1.272727272727272707e+00,2.647119158228034702e-02,-8.301341444377485779e-02,0.000000000000000000e+00,0.000000000000000000e+00,2.000000000000000000e+04
5.454545454545454142e-01,1.272727272727272707e+00,2.804207382995740211e-02,-8.483521253994129319e-02,0.000000000000000000e+00,0.000000000000000000e+00,2.000000000000000000e+04
5.757575757575758013e-01,1.272727272727272707e+00,2.949199831803174521e-02,-8.644585250192471371e-02,0.000000000000000000e+00,0.000000000000000000e+00,2.000000000000000000e+04
6.060606060606060774e-01,1.272727272727272707e+00,3.081933014481773661e-02,-8.787860065374242247e-02,0.000000000000000000e+00,0.000000000000000000e+00,2.000000000000000000e+04
6.363636363636363535e-01,1.272727272727272707e+00,3.202512397899431179e-02,-8.916542007968317196e-02,0.000000000000000000e+00,0.000000000000000000e+00,2.000000000000000000e+04
6.666666666666666297e-01,1.272727272727272707e+00,3.311259153176666220e-02,-9.033664581617964484e-02,0.000000000000000000e+00,0.000000000000000000e+00,2.000000000000000000e+04
6.969696969696970168e-01,1.272727272727272707e+00,3.408660734056095237e-02,-9.142085419311896111e-02,0.000000000000000000e+00,0.000000000000000000e+00,2.000000000000000000e+04
7.272727272727272929e-01,1.272727272727272707e+00,3.495327533671372527e-02,-9.244489641193394391e-02,0.000000000000000000e+00,0.000000000000000000e+00,2.000000000000000000e+04
7.575757575757575690e-01,1.272727272727272707e+00,3.571957095245460734e-02,-9.343406569888974833e-02,0.000000000000000000e+00,0.000000000000000000e+00,2.000000000000000000e+04
7.878787878787878451e-01,1.272727272727272707e+00,3.639306780159462518e-02,-9.441236907321835792e-02,0.000000000000000000e+00,0.000000000000000000e+00,2.000000000000000000e+04
8.181818181818182323e-01,1.272727272727272707e+00,3.698175423272254819e-02,-9.540287763253198217e-02,0.000000000000000000e+00,0.000000000000000000e+00,2.000000000000000000e+04
8.484848484848485084e-01,1.272727272727272707e+00,3.749394307612643334e-02,-9.642813229974896150e-02,0.000000000000000000e+00,0.000000000000000000e+00,2.000000000000000000e+04
8.787878787878787845e-01,1.272727272727272707e+00,3.793827734771797883e-02,-9.751058449206043144e-02,0.000000000000000000e+00,0.000000000000000000e+00,2.000000000000000000e+04
9.090909090909090606e-01,1.272727272727272707e+00,3.832383514833635763e-02,-9.867305268180832922e-02,0.000000000000000000e+00,0.000000000000000000e+00,2.000000000000000000e+04
9.393939393939394478e-01,1.272727272727272707e+00,3.866033809996659992e-02,-9.993917600671678447e-02,0.000000000000000000e+00,0.000000000000000000e+00,2.000000000000000000e+04
9.696969696969697239e-01,1.272727272727272707e+00,3.895846897530864938e-02,-1.013338447592304903e-01,0.000000000000000000e+00,0.000000000000000000e+00,2.000000000000000000e+04
1.000000000000000000e+00,1.272727272727272707e+00,3.923030526951795660e-02,-1.028835846406946086e-01,0.000000000000000000e+00,0.000000000000000000e+00,2.000000000000000000e+04
0.000000000000000000e+00,1.303030303030302983e+00,0.000000000000000000e+00,0.000000000000000000e+00,1.000000000000000000e+00,0.000000000000000000e+00,2.000000000000000000e+04
3.030303030303030387e-02,1.303030303030302983e+00,2.158620507338722503e-04,-7.728748593243898145e-03,0.000000000000000000e+00,0.000000000000000000e+00,2.000000000000000000e+04
6.060606060606060774e-02,1.303030303030302983e+00,7.679279389328839793e-04,-1.532953489851564613e-02,0.000000000000000000e+00,0.000000000000000000e+00,2.000000000000000000e+04
9.090909090909091161e-02,1.303030303030302983e+00,1.636691989587667467e-03,-2.273057030303525169e-02,0.000000000000000000e+00,0.000000000000000000e+00,2.000000000000000000e+04
1.212121212121212155e-01,1.303030303030302983e+00,2.797122349474882603e-03,-2.986729511115222488e-02,0.000000000000000000e+00,0.000000000000000000e+00,2.000000000000000000e+04
1.515151515151515194e-01,1.303030303030302983e+00,4.219309143735433358e-03,-3.668296722110093999e-02,0.000000000000000000e+00,0.000000000000000000e+00,2.000000000000000000e+04
1.818181818181818232e-01,1.303030303030302983e+00,5.869146153848574070e-03,-4.312929447180712667e-02,0.000000000000000000e+00,0.000000000000000000e+00,2.000000000000000000e+04
2.121212121212121271e-01,1.303030303030302983e+00,7.709131100466603929e-03,-4.916711617926871475e-02,0.000000000000000000e+00,0.000000000000000000e+00,2.000000000000000000e+04
2.424242424242424310e-01,1.303030303030302983e+00,9.699342842214775037e-03,-5.476706480387779491e-02,0.000000000000000000e+00,0.000000000000000000e+00,2.000000000000000000e+04
2.727272727272727071e-01,1.303030303030302983e+00,1.179860899791666633e-02,-5.991008925645126965e-02,0.000000000000000000e+00,0.000000000000000000e+00,2.000000000000000000e+04
3.030303030303030387e-01,1.303030303030302983e+00,1.396582671631739145e-02,-6.458770498691863982e-02,0.000000000000000000e+00,0.000000000000000000e+00,2.000000000000000000e+04
3.333333333333333148e-01,1.303030303030302983e+00,1.616134791837026824e-02,-6.880184135422123815e-02,0.000000000000000000e+00,0.000000000000000000e+00,2.000000000000000000e+04
3.636363636363636465e-01,1.303030303030302983e+00,1.834830268453783303e-02,-7.256420428300160153e-02,0.000000000000000000e+00,0.000000000000000000e+00,2.000000000000000000e+04
3.939393939393939226e-01,1.303030303030302983e+00,2.049372823993957440e-02,-7.589515998019902288e-02,0.000000000000000000e+00,0.000000000000000000e+00,2.000000000000000000e+04
4.242424242424242542e-01,1.303030303030302983e+00,2.256939965367857001e-02,-7.882223781881451952e-02,0.000000000000000000e+00,0.000000000000000000e+00,2.000000000000000000e+04
4.545454545454545303e-01,1.303030303030302983e+00,2.455230899918118409e-02,-8.137841143518607934e-02,0.000000000000000000e+00,0.000000000000000000e+00,2.000000000000000000e+04
4.848484848484848619e-01,1.303030303030302983e+00,2.642479366723385695e-02,-8.360033307515586654e-02,0.000000000000000000e+00,0.000000000000000000e+00,2.000000000000000000e+04
5.151515151515151381e-01,1.303030303030302983e+00,2.817435747524464629e-02,-8.552667470697186691e-02,0.000000000000000000e+00,0.000000000000000000e+00,2.000000000000000000e+04
5.454545454545454142e-01,1.303030303030302983e+00,2.979325390797264370e-02,-8.719668705827225696e-02,0.000000000000000000e+00,0.000000000000000000e+00,2.000000000000000000e+04
5.757575757575758013e-01,1.303030303030302983e+00,3.127790972725538049e-02,-8.864904043618689056e-02,0.000000000000000000e+00,0.000000000000000000e+00,2.000000000000000000e+04
6.060606060606060774e-01,1.303030303030302983e+00,3.262826343704090803e-02,-8.992096955535462677e-02,0.000000000000000000e+00,0.000000000000000000e+00,2.000000000000000000e+04
6.363636363636363535e-01,1.303030303030302983e+00,3.384708178518710392e-02,-9.104771354497824543e-02,0.000000000000000000e+00,0.000000000000000000e+00,2.000000000000000000e+04
6.666666666666666297e-01,1.303030303030302983e+00,3.493930307707283217e-02,-9.206222257976502676e-02,0.000000000000000000e+00,0.000000000000000000e+00,2.000000000000000000e+04
6.969696969696970168e-01,1.303030303030302983e+00,3.591144174310716836e-02,-9.299509258739709072e-02,0.000000000000000000e+00,0.000000000000000000e+00,2.000000000000000000e+04
7.272727272727272929e-01,1.303030303030302983e+00,3.677107622699805206e-02,-9.387468672240836809e-02,0.000000000000000000e+00,0.000000000000000000e+00,2.000000000000000000e+04
7.575757575757575690e-01,1.303030303030302983e+00,3.752643270429377453e-02,-9.472740422365236168e-02,0.000000000000000000e+00,0.000000000000000000e+00,2.000000000000000000e+04
7.878787878787878451e-01,1.303030303030302983e+00,3.818607056815515738e-02,-9.557806173828257978e-02,0.000000000000000000e+00,0.000000000000000000e+00,2.000000000000000000e+04
8.181818181818182323e-01,1.303030303030302983e+00,3.875867179291731662e-02,-9.645035756244105252e-02,0.000000000000000000e+00,0.000000000000000000e+00,2.000000000000000000e+04
8.484848484848485084e-01,1.303030303030302983e+00,3.925293476962572747e-02,-9.736739436389588165e-02,0.000000000000000000e+00,0.000000000000000000e+00,2.000000000000000000e+04
8.787878787878787845e-01,1.303030303030302983e+00,3.967757349700559016e-02,-9.835224004675301168e-02,0.000000000000000000e+00,0.000000000000000000e+00,2.000000000000000000e+04
9.090909090909090606e-01,1.303030303030302983e+00,4.004142459971349322e-02,-9.942850900215134680e-02,0.000000000000000000e+00,0.000000000000000000e+00,2.000000000000000000e+04
9.393939393939394478e-01,1.303030303030302983e+00,4.035366704597634357e-02,-1.006209467538823482e-01,0.000000000000000000e+00,0.000000000000000000e+00,2.000000000000000000e+04
9.696969696969697239e-01,1.303030303030302983e+00,4.062416217396743606e-02,-1.019559997615233360e-01,0.000000000000000000e+00,0.000000000000000000e+00,2.000000000000000000e+04
1.000000000000000000e+00,1.303030303030302983e+00,4.086392422528795781e-02,-1.034623487676390174e-01,0.000000000000000000e+00,0.000000000000000000e+00,2.000000000000000000e+04
0.000000000000000000e+00,1.333333333333333259e+00,0.000000000000000000e+00,0.000000000000000000e+00,1.000000000000000000e+00,0.000000000000000000e+00,2.000000000000000000e+04
3.030303030303030387e-02,1.333333333333333259e+00,2.095333719095810951e-04,-8.233352074964143605e-03,0.000000000000000000e+00,0.000000000000000000e+00,2.000000000000000000e+04
6.060606060606060774e-02,1.333333333333333259e+00,7.885192032947995096e-04,-1.631267632231975934e-02,0.000000000000000000e+00,0.000000000000000000e+00,2.000000000000000000e+04
9.090909090909091161e-02,1.333333333333333259e+00,1.714881945138491473e-03,-2.415895311293266012e-02,0.000000000000000000e+00,0.000000000000000000e+00,2.000000000000000000e+04
1.212121212121212155e-01,1.333333333333333259e+00,2.960543766375329892e-03,-3.170123887394188378e-02,0.000000000000000000e+00,0.000000000000000000e+00,2.000000000000000000e+04
1.515151515151515194e-01,1.333333333333333259e+00,4.492013899906995705e-03,-3.887719035672233120e-02,0.000000000000000000e+00,0.000000000000000000e+00,2.000000000000000000e+04
1.818181818181818232e-01,1.333333333333333259e+00,6.271017826075139974e-03,-4.563376850962429232e-02,0.000000000000000000e+00,0.000000000000000000e+00,2.000000000000000000e+04
2.121212121212121271e-01,1.333333333333333259e+00,8.255304851723805834e-03,-5.192811020622755541e-02,0.000000000000000000e+00,0.000000000000000000e+00,2.000000000000000000e+04
2.424242424242424310e-01,1.333333333333333259e+00,1.039972643840351291e-02,-5.772844836097485582e-02,0.000000000000000000e+00,0.000000000000000000e+00,2.000000000000000000e+04
2.727272727272727071e-01,1.333333333333333259e+00,1.265760826567148729e-02,-6.301489358680305297e-02,0.000000000000000000e+00,0.000000000000000000e+00,2.000000000000000000e+04
3.030303030303030387e-01,1.333333333333333259e+00,1.498236442700212785e-02,-6.777987332360423112e-02,0.000000000000000000e+00,0.000000000000000000e+00,2.000000000000000000e+04
3.333333333333333148e-01,1.333333333333333259e+00,1.732922392496008199e-02,-7.202802684510628550e-02,0.000000000000000000e+00,0.000000000000000000e+00,2.000000000000000000e+04
3.636363636363636465e-01,1.333333333333333259e+00,1.965688214808241144e-02,-7.577542840319884121e-02,0.000000000000000000e+00,0.000000000000000000e+00,2.000000000000000000e+04
3.939393939393939226e-01,1.333333333333333259e+00,2.192888491624734801e-02,-7.904815283086751021e-02,0.000000000000000000e+00,0.000000000000000000e+00,2.000000000000000000e+04
4.242424242424242542e-01,1.333333333333333259e+00,2.411460284404223428e-02,-8.188033978224842913e-02,0.000000000000000000e+00,0.000000000000000000e+00,2.000000000000000000e+04
4.545454545454545303e-01,1.333333333333333259e+00,2.618973385511618249e-02,-8.431199524970281467e-02,0.000000000000000000e+00,0.000000000000000000e+00,2.000000000000000000e+04
4.848484848484848619e-01,1.333333333333333259e+00,2.813635048822970414e-02,-8.638677799512560485e-02,0.000000000000000000e+00,0.000000000000000000e+00,2.000000000000000000e+04
5.151515151515151381e-01,1.333333333333333259e+00,2.994256571295420000e-02,-8.814997377563744962e-02,0.000000000000000000e+00,0.000000000000000000e+00,2.000000000000000000e+04
5.454545454545454142e-01,1.333333333333333259e+00,3.160192009459868862e-02,-8.964679139590590873e-02,0.000000000000000000e+00,0.000000000000000000e+00,2.000000000000000000e+04
5.757575757575758013e-01,1.333333333333333259e+00,3.311259804416943897e-02,-9.092104568792852559e-02,0.000000000000000000e+00,0.000000000000000000e+00,2.000000000000000000e+04
6.060606060606060774e-01,1.333333333333333259e+00,3.447656950469159265e-02,-9.201423701072528050e-02,0.000000000000000000e+00,0.000000000000000000e+00,2.000000000000000000e+04
6.363636363636363535e-01,1.333333333333333259e+00,3.569873381672643980e-02,-9.296499924075073140e-02,0.000000000000000000e+00,0.000000000000000000e+00,2.000000000000000000e+04
6.666666666666666297e-01,1.333333333333333259e+00,3.678612087610969722e-02,-9.380886733460258586e-02,0.000000000000000000e+00,0.000000000000000000e+00,2.000000000000000000e+04
6.969696969696970168e-01,1.333333333333333259e+00,3.774718495681280567e-02,-9.457830769454503295e-02,0.000000000000000000e+00,0.000000000000000000e+00,2.000000000000000000e+04
7.272727272727272929e-01,1.333333333333333259e+00,3.859121068140235894e-02,-9.530295553778954376e-02,0.000000000000000000e+00,0.000000000000000000e+00,2.000000000000000000e+04
7.575757575757575690e-01,1.333333333333333259e+00,3.932783917768520321e-02,-9.601000955566682538e-02,0.000000000000000000e+00,0.000000000000000000e+00,2.000000000000000000e+04
7.878787878787878451e-01,1.333333333333333259e+00,3.996671525100567446e-02,-9.672474251563449588e-02,0.000000000000000000e+00,0.000000000000000000e+00,2.000000000000000000e+04
8.181818181818182323e-01,1.333333333333333259e+00,4.051725282307423043e-02,-9.747109514304565236e-02,0.000000000000000000e+00,0.000000000000000000e+00,2.000000000000000000e+04
8.484848484848485084e-01,1.333333333333333259e+00,4.098851520993324754e-02,-9.827232836107495373e-02,0.000000000000000000e+00,0.000000000000000000e+00,2.000000000000000000e+04
8.787878787878787845e-01,1.333333333333333259e+00,4.138920832162029662e-02,-9.915171500902092427e-02,0.000000000000000000e+00,0.000000000000000000e+00,2.000000000000000000e+04
9.090909090909090606e-01,1.333333333333333259e+00,4.172778792778384510e-02,-1.001332560650537856e-01,0.000000000000000000e+00,0.000000000000000000e+00,2.000000000000000000e+04
9.393939393939394478e-01,1.333333333333333259e+00,4.201268618818984613e-02,-1.012424079144426808e-01,0.000000000000000000e+00,0.000000000000000000e+00,2.000000000000000000e+04
9.696969696969697239e-01,1.333333333333333259e+00,4.225266718378168501e-02,-1.025068061610632797e-01,0.000000000000000000e+00,0.000000000000000000e+00,2.000000000000000000e+04
1.000000000000000000e+00,1.333333333333333259e+00,4.245732569352464458e-02,-1.039569677462985064e-01,0.000000000000000000e+00,0.000000000000000000e+00,2.000000000000000000e+04
0.000000000000000000e+00,1.363636363636363535e+00,0.000000000000000000e+00,0.000000000000000000e+00,1.000000000000000000e+00,0.000000000000000000e+00,2.000000000000000000e+04
3.030303030303030387e-02,1.363636363636363535e+00,1.972881279001382604e-04,-8.788457411793430471e-03,0.000000000000000000e+00,0.000000000000000000e+00,2.000000000000000000e+04
6.060606060606060774e-02,1.363636363636363535e+00,8.007855703281459682e-04,-1.739291181181246496e-02,0.000000000000000000e+00,0.000000000000000000e+00,2.000000000000000000e+04
9.090909090909091161e-02,1.363636363636363535e+00,1.785653787519509350e-03,-2.572664609176237085e-02,0.000000000000000000e+00,0.000000000000000000e+00,2.000000000000000000e+04
1.212121212121212155e-01,1.363636363636363535e+00,3.120592566894906175e-03,-3.371179339844325440e-02,0.000000000000000000e+00,0.000000000000000000e+00,2.000000000000000000e+04
1.515151515151515194e-01,1.363636363636363535e+00,4.768273949286759399e-03,-4.127974910965228478e-02,0.000000000000000000e+00,0.000000000000000000e+00,2.000000000000000000e+04
1.818181818181818232e-01,1.363636363636363535e+00,6.685835600744903691e-03,-4.837198674367120671e-02,0.000000000000000000e+00,0.000000000000000000e+00,2.000000000000000000e+04
2.121212121212121271e-01,1.363636363636363535e+00,8.825650294742920163e-03,-5.494122709857873071e-02,0.000000000000000000e+00,0.000000000000000000e+00,2.000000000000000000e+04
2.424242424242424310e-01,1.363636363636363535e+00,1.113651099200570552e-02,-6.095275938848078445e-02,0.000000000000000000e+00,0.000000000000000000e+00,2.000000000000000000e+04
2.727272727272727071e-01,1.363636363636363535e+00,1.356526554835164704e-02,-6.638562452374861811e-02,0.000000000000000000e+00,0.000000000000000000e+00,2.000000000000000000e+04
3.030303030303030387e-01,1.363636363636363535e+00,1.605882814535722347e-02,-7.123335803461083859e-02,0.000000000000000000e+00,0.000000000000000000e+00,2.000000000000000000e+04
3.333333333333333148e-01,1.363636363636363535e+00,1.856637407624459751e-02,-7.550397769847179419e-02,0.000000000000000000e+00,0.000000000000000000e+00,2.000000000000000000e+04
3.636363636363636465e-01,1.363636363636363535e+00,2.104143544767953997e-02,-7.921901784858084716e-02,0.000000000000000000e+00,0.000000000000000000e+00,2.000000000000000000e+04
3.939393939393939226e-01,1.363636363636363535e+00,2.344361596506786341e-02,-8.241164744189861946e-02,0.000000000000000000e+00,0.000000000000000000e+00,2.000000000000000000e+04
4.242424242424242542e-01,1.363636363636363535e+00,2.573973162808472145e-02,-8.512412760778234611e-02,0.000000000000000000e+00,0.000000000000000000e+00,2.000000000000000000e+04
4.545454545454545303e-01,1.363636363636363535e+00,2.790431135184138697e-02,-8.740497107059572168e-02,0.000000000000000000e+00,0.000000000000000000e+00,2.000000000000000000e+04
4.848484848484848619e-01,1.363636363636363535e+00,2.991950575961144915e-02,-8.930615381927858865e-02,0.000000000000000000e+00,0.000000000000000000e+00,2.000000000000000000e+04
5.151515151515151381e-01,1.363636363636363535e+00,3.177452597905947723e-02,-9.088064331115690286e-02,0.000000000000000000e+00,0.000000000000000000e+00,2.000000000000000000e+04
5.454545454545454142e-01,1.363636363636363535e+00,3.346476372298613777e-02,-9.218039804482197619e-02,0.000000000000000000e+00,0.000000000000000000e+00,2.000000000000000000e+04
5.757575757575758013e-01,1.363636363636363535e+00,3.499073953263459602e-02,-9.325489501147919691e-02,0.000000000000000000e+00,0.000000000000000000e+00,2.000000000000000000e+04
6.060606060606060774e-01,1.363636363636363535e+00,3.635700188855333498e-02,-9.415016978807286274e-02,0.000000000000000000e+00,0.000000000000000000e+00,2.000000000000000000e+04
6.363636363636363535e-01,1.363636363636363535e+00,3.757106807716991542e-02,-9.490831085167365788e-02,0.000000000000000000e+00,0.000000000000000000e+00,2.000000000000000000e+04
6.666666666666666297e-01,1.363636363636363535e+00,3.864246642614679178e-02,-9.556733018082257114e-02,0.000000000000000000e+00,0.000000000000000000e+00,2.000000000000000000e+04
6.969696969696970168e-01,1.363636363636363535e+00,3.958191320809568287e-02,-9.616132934219570605e-02,0.000000000000000000e+00,0.000000000000000000e+00,2.000000000000000000e+04
7.272727272727272929e-01,1.363636363636363535e+00,4.040063781806543797e-02,-9.672088746607364340e-02,0.000000000000000000e+00,0.000000000000000000e+00,2.000000000000000000e+04
7.575757575757575690e-01,1.363636363636363535e+00,4.110985672948367503e-02,-9.727360968226586579e-02,0.000000000000000000e+00,0.000000000000000000e+00,2.000000000000000000e+04
7.878787878787878451e-01,1.363636363636363535e+00,4.172038936232599221e-02,-9.784478820403121058e-02,0.000000000000000000e+00,0.000000000000000000e+00,2.000000000000000000e+04
8.181818181818182323e-01,1.363636363636363535e+00,4.224240620981576516e-02,-9.845814112537540352e-02,0.000000000000000000e+00,0.000000000000000000e+00,2.000000000000000000e+04
8.484848484848485084e-01,1.363636363636363535e+00,4.268530024669336953e-02,-9.913660490683313953e-02,0.000000000000000000e+00,0.000000000000000000e+00,2.000000000000000000e+04
8.787878787878787845e-01,1.363636363636363535e+00,4.305767582818457312e-02,-9.990316484488508120e-02,0.000000000000000000e+00,0.000000000000000000e+00,2.000000000000000000e+04
9.090909090909090606e-01,1.363636363636363535e+00,4.336745422257998889e-02,-1.007817132659230147e-01,0.000000000000000000e+00,0.000000000000000000e+00,2.000000000000000000e+04
9.393939393939394478e-01,1.363636363636363535e+00,4.362210100052203027e-02,-1.017979276199370287e-01,0.000000000000000000e+00,0.000000000000000000e+00,2.000000000000000000e+04
9.696969696969697239e-01,1.363636363636363535e+00,4.382898722557123511e-02,-1.029801599635150472e-01,0.000000000000000000e+00,0.000000000000000000e+00,2.000000000000000000e+04
1.000000000000000000e+00,1.363636363636363535e+00,4.399590326675838214e-02,-1.043603253749740278e-01,0.000000000000000000e+00,0.000000000000000000e+00,2.000000000000000000e+04
0.000000000000000000e+00,1.393939393939394034e+00,0.000000000000000000e+00,0.000000000000000000e+00,1.000000000000000000e+00,0.000000000000000000e+00,2.000000000000000000e+04
3.030303030303030387e-02,1.393939393939394034e+00,1.777957417972958042e-04,-9.399272102777866261e-03,0.000000000000000000e+00,0.000000000000000000e+00,2.000000000000000000e+04
6.060606060606060774e-02,1.393939393939394034e+00,8.023222104496159114e-04,-1.858020953297092118e-02,0.000000000000000000e+00,0.000000000000000000e+00,2.000000000000000000e+04
9.090909090909091161e-02,1.393939393939394034e+00,1.845876969206996761e-03,-2.744806804806529388e-02,0.000000000000000000e+00,0.000000000000000000e+00,2.000000000000000000e+04
1.212121212121212155e-01,1.393939393939394034e+00,3.273881831544456309e-03,-3.591751651096964509e-02,0.000000000000000000e+00,0.000000000000000000e+00,2.000000000000000000e+04
1.515151515151515194e-01,1.393939393939394034e+00,5.045005025890236978e-03,-4.391288233625705723e-02,0.000000000000000000e+00,0.000000000000000000e+00,2.000000000000000000e+04
1.818181818181818232e-01,1.393939393939394034e+00,7.111389493025551886e-03,-5.136915731701201943e-02,0.000000000000000000e+00,0.000000000000000000e+00,2.000000000000000000e+04
2.121212121212121271e-01,1.393939393939394034e+00,9.419315188467241098e-03,-5.823363560400292294e-02,0.000000000000000000e+00,0.000000000000000000e+00,2.000000000000000000e+04
2.424242424242424310e-01,1.393939393939394034e+00,1.191049828198064223e-02,-6.446785360530625508e-02,0.000000000000000000e+00,0.000000000000000000e+00,2.000000000000000000e+04
2.727272727272727071e-01,1.393939393939394034e+00,1.452407293413084284e-02,-7.004938959995030134e-02,0.000000000000000000e+00,0.000000000000000000e+00,2.000000000000000000e+04
3.030303030303030387e-01,1.393939393939394034e+00,1.719915309245102775e-02,-7.497308579769904058e-02,0.000000000000000000e+00,0.000000000000000000e+00,2.000000000000000000e+04
3.333333333333333148e-01,1.393939393939394034e+00,1.987768205589096268e-02,-7.925119400535896030e-02,0.000000000000000000e+00,0.000000000000000000e+00,2.000000000000000000e+04
3.636363636363636465e-01,1.393939393939394034e+00,2.250713665325562718e-02,-8.291213750933169868e-02,0.000000000000000000e+00,0.000000000000000000e+00,2.000000000000000000e+04
3.939393939393939226e-01,1.393939393939394034e+00,2.504267017993099670e-02,-8.599798044408560327e-02,0.000000000000000000e+00,0.000000000000000000e+00,2.000000000000000000e+04
4.242424242424242542e-01,1.393939393939394034e+00,2.744843604701366346e-02,-8.856103238491414009e-02,0.000000000000000000e+00,0.000000000000000000e+00,2.000000000000000000e+04
4.545454545454545303e-01,1.393939393939394034e+00,2.969803613756611879e-02,-9.066014251120520229e-02,0.000000000000000000e+00,0.000000000000000000e+00,2.000000000000000000e+04
4.848484848484848619e-01,1.393939393939394034e+00,3.177420099655581948e-02,-9.235717621096622976e-02,0.000000000000000000e+00,0.000000000000000000e+00,2.000000000000000000e+04
5.151515151515151381e-01,1.393939393939394034e+00,3.366789922500063037e-02,-9.371400994473283452e-02,0.000000000000000000e+00,0.000000000000000000e+00,2.000000000000000000e+04
5.454545454545454142e-01,1.393939393939394034e+00,3.537709604219117093e-02,-9.479021041944027393e-02,0.000000000000000000e+00,0.000000000000000000e+00,2.000000000000000000e+04
5.757575757575758013e-01,1.393939393939394034e+00,3.690535830791742689e-02,-9.564142780937590071e-02,0.000000000000000000e+00,0.000000000000000000e+00,2.000000000000000000e+04
6.060606060606060774e-01,1.393939393939394034e+00,3.826045877987653554e-02,-9.631844407034591271e-02,0.000000000000000000e+00,0.000000000000000000e+00,2.000000000000000000e+04
6.363636363636363535e-01,1.393939393939394034e+00,3.945308331649351880e-02,-9.686677201767285306e-02,0.000000000000000000e+00,0.000000000000000000e+00,2.000000000000000000e+04
6.666666666666666297e-01,1.393939393939394034e+00,4.049570115554061017e-02,-9.732668734535934729e-02,0.000000000000000000e+00,0.000000000000000000e+00,2.000000000000000000e+04
6.969696969696970168e-01,1.393939393939394034e+00,4.140162460496225189e-02,-9.773358222724233546e-02,0.000000000000000000e+00,0.000000000000000000e+00,2.000000000000000000e+04
7.272727272727272929e-01,1.393939393939394034e+00,4.218426114839887719e-02,-9.811854598461505761e-02,0.000000000000000000e+00,0.000000000000000000e+00,2.000000000000000000e+04
7.575757575757575690e-01,1.393939393939394034e+00,4.285654690100847847e-02,-9.850909891916580230e-02,0.000000000000000000e+00,0.000000000000000000e+00,2.000000000000000000e+04
7.878787878787878451e-01,1.393939393939394034e+00,4.343054367201631266e-02,-9.893002575838458212e-02,0.000000000000000000e+00,0.000000000000000000e+00,2.000000000000000000e+04
8.181818181818182323e-01,1.393939393939394034e+00,4.391718070432600735e-02,-9.940427307763992359e-02,0.000000000000000000e+00,0.000000000000000000e+00,2.000000000000000000e+04
8.484848484848485084e-01,1.393939393939394034e+00,4.432612486969063348e-02,-9.995388958166546989e-02,0.000000000000000000e+00,0.000000000000000000e+00,2.000000000000000000e+04
8.787878787878787845e-01,1.393939393939394034e+00,4.466576848784621634e-02,-1.006009989501967516e-01,0.000000000000000000e+00,0.000000000000000000e+00,2.000000000000000000e+04
9.090909090909090606e-01,1.393939393939394034e+00,4.494333115327896894e-02,-1.013688020797380018e-01,0.000000000000000000e+00,0.000000000000000000e+00,2.000000000000000000e+04
9.393939393939394478e-01,1.393939393939394034e+00,4.516508040561837550e-02,-1.022826090513998670e-01,0.000000000000000000e+00,0.000000000000000000e+00,2.000000000000000000e+04
9.696969696969697239e-01,1.393939393939394034e+00,4.533668533749442980e-02,-1.033709010164640674e-01,0.000000000000000000e+00,0.000000000000000000e+00,2.000000000000000000e+04
1.000000000000000000e+00,1.393939393939394034e+00,4.546372690492121033e-02,-1.046664182722586850e-01,0.000000000000000000e+00,0.000000000000000000e+00,2.000000000000000000e+04
0.000000000000000000e+00,1.424242424242424310e+00,0.000000000000000000e+00,0.000000000000000000e+00,1.000000000000000000e+00,0.000000000000000000e+00,2.000000000000000000e+04
3.030303030303030387e-02,1.424242424242424310e+00,1.494062244876037573e-04,-1.007125304076013535e-02,0.000000000000000000e+00,0.000000000000000000e+00,2.000000000000000000e+04
6.060606060606060774e-02,1.424242424242424310e+00,7.900228327688670277e-04,-1.988510411019734150e-02,0.000000000000000000e+00,0.000000000000000000e+00,2.000000000000000000e+04
9.090909090909091161e-02,1.424242424242424310e+00,1.891356630213291996e-03,-2.933868999317009590e-02,0.000000000000000000e+00,0.000000000000000000e+00,2.000000000000000000e+04
1.212121212121212155e-01,1.424242424242424310e+00,3.415706877878124919e-03,-3.833867969440928058e-02,0.000000000000000000e+00,0.000000000000000000e+00,2.000000000000000000e+04
1.515151515151515194e-01,1.424242424242424310e+00,5.317730077725313712e-03,-4.680130431844384264e-02,0.000000000000000000e+00,0.000000000000000000e+00,2.000000000000000000e+04
1.818181818181818232e-01,1.424242424242424310e+00,7.544208572910531679e-03,-5.465369592911641095e-02,0.000000000000000000e+00,0.000000000000000000e+00,2.000000000000000000e+04
2.121212121212121271e-01,1.424242424242424310e+00,1.003450460620188868e-02,-6.183626445871261840e-02,0.000000000000000000e+00,0.000000000000000000e+00,2.000000000000000000e+04
2.424242424242424310e-01,1.424242424242424310e+00,1.272198544772106844e-02,-6.830558486174162502e-02,0.000000000000000000e+00,0.000000000000000000e+00,2.000000000000000000e+04
2.727272727272727071e-01,1.424242424242424310e+00,1.553647580920112029e-02,-7.403713140977986884e-02,0.000000000000000000e+00,0.000000000000000000e+00,2.000000000000000000e+04
3.030303030303030387e-01,1.424242424242424310e+00,1.840759888835919941e-02,-7.902724855686119043e-02,0.000000000000000000e+00,0.000000000000000000e+00,2.000000000000000000e+04
3.333333333333333148e-01,1.424242424242424310e+00,2.126855788742067210e-02,-8.329354741102143467e-02,0.000000000000000000e+00,0.000000000000000000e+00,2.000000000000000000e+04
3.636363636363636465e-01,1.424242424242424310e+00,2.405968156585392217e-02,-8.687324842769117428e-02,0.000000000000000000e+00,0.000000000000000000e+00,2.000000000000000000e+04
3.939393939393939226e-01,1.424242424242424310e+00,2.673111693252864379e-02,-8.981968397626918788e-02,0.000000000000000000e+00,0.000000000000000000e+00,2.000000000000000000e+04
4.242424242424242542e-01,1.424242424242424310e+00,2.924433447917450940e-02,-9.219768715898957190e-02,0.000000000000000000e+00,0.000000000000000000e+00,2.000000000000000000e+04
4.545454545454545303e-01,1.424242424242424310e+00,3.157243090547336845e-02,-9.407871654663677030e-02,0.000000000000000000e+00,0.000000000000000000e+00,2.000000000000000000e+04
4.848484848484848619e-01,1.424242424242424310e+00,3.369944152194506715e-02,-9.553640092029053177e-02,0.000000000000000000e+00,0.000000000000000000e+00,2.000000000000000000e+04
5.151515151515151381e-01,1.424242424242424310e+00,3.561897581575748650e-02,-9.664291336820925171e-02,0.000000000000000000e+00,0.000000000000000000e+00,2.000000000000000000e+04
5.454545454545454142e-01,1.424242424242424310e+00,3.733249102842545186e-02,-9.746632832536898661e-02,0.000000000000000000e+00,0.000000000000000000e+00,2.000000000000000000e+04
5.757575757575758013e-01,1.424242424242424310e+00,3.884746324073938550e-02,-9.806893336378566528e-02,0.000000000000000000e+00,0.000000000000000000e+00,2.000000000000000000e+04
6.060606060606060774e-01,1.424242424242424310e+00,4.017564007168476781e-02,-9.850636510496062204e-02,0.000000000000000000e+00,0.000000000000000000e+00,2.000000000000000000e+04
6.363636363636363535e-01,1.424242424242424310e+00,4.133148674790364241e-02,-9.882739846934134043e-02,0.000000000000000000e+00,0.000000000000000000e+00,2.000000000000000000e+04
6.666666666666666297e-01,1.424242424242424310e+00,4.233087894311193811e-02,-9.907421871377516953e-02,0.000000000000000000e+00,0.000000000000000000e+00,2.000000000000000000e+04
6.969696969696970168e-01,1.424242424242424310e+00,4.319005431668216516e-02,-9.928302775271138914e-02,0.000000000000000000e+00,0.000000000000000000e+00,2.000000000000000000e+04
7.272727272727272929e-01,1.424242424242424310e+00,4.392480868622058998e-02,-9.948486710469889305e-02,0.000000000000000000e+00,0.000000000000000000e+00,2.000000000000000000e+04
7.575757575757575690e-01,1.424242424242424310e+00,4.454990913142466147e-02,-9.970657155742979061e-02,0.000000000000000000e+00,0.000000000000000000e+00,2.000000000000000000e+04
7.878787878787878451e-01,1.424242424242424310e+00,4.507869170879474224e-02,-9.997179617691807907e-02,0.000000000000000000e+00,0.000000000000000000e+00,2.000000000000000000e+04
8.181818181818182323e-01,1.424242424242424310e+00,4.552281300667258140e-02,-1.003020828920358209e-01,0.000000000000000000e+00,0.000000000000000000e+00,2.000000000000000000e+04
8.484848484848485084e-01,1.424242424242424310e+00,4.589213034900126165e-02,-1.007179512169731617e-01,0.000000000000000000e+00,0.000000000000000000e+00,2.000000000000000000e+04
8.787878787878787845e-01,1.424242424242424310e+00,4.619469361960555631e-02,-1.012400110158020450e-01,0.000000000000000000e+00,0.000000000000000000e+00,2.000000000000000000e+04
9.090909090909090606e-01,1.424242424242424310e+00,4.643684154600398462e-02,-1.018901040249180490e-01,0.000000000000000000e+00,0.000000000000000000e+00,2.000000000000000000e+04
9.393939393939394478e-01,1.424242424242424310e+00,4.662340636882462280e-02,-1.026924855010361154e-01,0.000000000000000000e+00,0.000000000000000000e+00,2.000000000000000000e+04
9.696969696969697239e-01,1.424242424242424310e+00,4.675804287191093200e-02,-1.036750579976431219e-01,0.000000000000000000e+00,0.000000000000000000e+00,2.000000000000000000e+04
1.000000000000000000e+00,1.424242424242424310e+00,4.684371056413942636e-02,-1.048706657494882927e-01,0.000000000000000000e+00,0.000000000000000000e+00,2.000000000000000000e+04
0.000000000000000000e+00,1.454545454545454586e+00,0.000000000000000000e+00,0.000000000000000000e+00,1.000000000000000000e+00,0.000000000000000000e+00,2.000000000000000000e+04
3.030303030303030387e-02,1.454545454545454586e+00,1.100724400914819464e-04,-1.080991666750777923e-02,0.000000000000000000e+00,0.000000000000000000e+00,2.000000000000000000e+04
6.060606060606060774e-02,1.454545454545454586e+00,7.598685171671566707e-04,-2.131842045991581489e-02,0.000000000000000000e+00,0.000000000000000000e+00,2.000000000000000000e+04
9.090909090909091161e-02,1.454545454545454586e+00,1.916480988788817237e-03,-3.141481688296449831e-02,0.000000000000000000e+00,0.000000000000000000e+00,2.000000000000000000e+04
1.212121212121212155e-01,1.454545454545454586e+00,3.539589097510558325e-03,-4.099724103499780697e-02,0.000000000000000000e+00,0.000000000000000000e+00,2.000000000000000000e+04
1.515151515151515194e-01,1.454545454545454586e+00,5.580089690283620944e-03,-4.997245442544717003e-02,0.000000000000000000e+00,0.000000000000000000e+00,2.000000000000000000e+04
1.818181818181818232e-01,1.454545454545454586e+00,7.979120518764048348e-03,-5.825776971289763073e-02,0.000000000000000000e+00,0.000000000000000000e+00,2.000000000000000000e+04
2.121212121212121271e-01,1.454545454545454586e+00,1.066816253983957595e-02,-6.578458501204828557e-02,0.000000000000000000e+00,0.000000000000000000e+00,2.000000000000000000e+04
2.424242424242424310e-01,1.454545454545454586e+00,1.357061129840793183e-02,-7.250270744823232583e-02,0.000000000000000000e+00,0.000000000000000000e+00,2.000000000000000000e+04
2.727272727272727071e-01,1.454545454545454586e+00,1.660488055204435362e-02,-7.838448919839247075e-02,0.000000000000000000e+00,0.000000000000000000e+00,2.000000000000000000e+04
3.030303030303030387e-01,1.454545454545454586e+00,1.968886914169952831e-02,-8.342796889579637276e-02,0.000000000000000000e+00,0.000000000000000000e+00,2.000000000000000000e+04
3.333333333333333148e-01,1.454545454545454586e+00,2.274509180895086316e-02,-8.765764694229927212e-02,0.000000000000000000e+00,0.000000000000000000e+00,2.000000000000000000e+04
3.636363636363636465e-01,1.454545454545454586e+00,2.570539633349292266e-02,-9.112214488671004087e-02,0.000000000000000000e+00,0.000000000000000000e+00,2.000000000000000000e+04
3.939393939393939226e-01,1.454545454545454586e+00,2.851434975847208161e-02,-9.388923153369972685e-02,0.000000000000000000e+00,0.000000000000000000e+00,2.000000000000000000e+04
4.242424242424242542e-01,1.454545454545454586e+00,3.113088284312396509e-02,-9.603946106519178905e-02,0.000000000000000000e+00,0.000000000000000000e+00,2.000000000000000000e+04
4.545454545454545303e-01,1.454545454545454586e+00,3.352828212375598416e-02,-9.765972001940634306e-02,0.000000000000000000e+00,0.000000000000000000e+00,2.000000000000000000e+04
4.848484848484848619e-01,1.454545454545454586e+00,3.569292281783287973e-02,-9.883761002448815391e-02,0.000000000000000000e+00,0.000000000000000000e+00,2.000000000000000000e+04
5.151515151515151381e-01,1.454545454545454586e+00,3.762223011922043170e-02,-9.965713071146697910e-02,0.000000000000000000e+00,0.000000000000000000e+00,2.000000000000000000e+04
5.454545454545454142e-01,1.454545454545454586e+00,3.932231024930171737e-02,-1.001957556974349406e-01,0.000000000000000000e+00,0.000000000000000000e+00,2.000000000000000000e+04
5.757575757575758013e-01,1.454545454545454586e+00,4.080558263632801802e-02,-1.005227652401215616e-01,0.000000000000000000e+00,0.000000000000000000e+00,2.000000000000000000e+04
6.060606060606060774e-01,1.454545454545454586e+00,4.208862458428548614e-02,-1.006985938351969145e-01,0.000000000000000000e+00,0.000000000000000000e+00,2.000000000000000000e+04
6.363636363636363535e-01,1.454545454545454586e+00,4.319033774782297247e-02,-1.007749298627723666e-01,0.000000000000000000e+00,0.000000000000000000e+00,2.000000000000000000e+04
6.666666666666666297e-01,1.454545454545454586e+00,4.413047114440676183e-02,-1.007953301981301952e-01,0.000000000000000000e+00,0.000000000000000000e+00,2.000000000000000000e+04
6.969696969696970168e-01,1.454545454545454586e+00,4.492848752204754714e-02,-1.007961587507113094e-01,0.000000000000000000e+00,0.000000000000000000e+00,2.000000000000000000e+04
7.272727272727272929e-01,1.454545454545454586e+00,4.560273354096482101e-02,-1.008077079292730577e-01,0.000000000000000000e+00,0.000000000000000000e+00,2.000000000000000000e+04
7.575757575757575690e-01,1.454545454545454586e+00,4.616986341323441045e-02,-1.008554076527910237e-01,0.000000000000000000e+00,0.000000000000000000e+00,2.000000000000000000e+04
7.878787878787878451e-01,1.454545454545454586e+00,4.664446511128801653e-02,-1.009610643652787271e-01,0.000000000000000000e+00,0.000000000000000000e+00,2.000000000000000000e+04
8.181818181818182323e-01,1.454545454545454586e+00,4.703884403482318233e-02,-1.011441020101206956e-01,0.000000000000000000e+00,0.000000000000000000e+00,2.000000000000000000e+04
8.484848484848485084e-01,1.454545454545454586e+00,4.736292844976851962e-02,-1.014227988443012901e-01,0.000000000000000000e+00,0.000000000000000000e+00,2.000000000000000000e+04
8.787878787878787845e-01,1.454545454545454586e+00,4.762427250017897684e-02,-1.018155295185553255e-01,0.000000000000000000e+00,0.000000000000000000e+00,2.000000000000000000e+04
9.090909090909090606e-01,1.454545454545454586e+00,4.782814536637269853e-02,-1.023420321326485027e-01,0.000000000000000000e+00,0.000000000000000000e+00,2.000000000000000000e+04
9.393939393939394478e-01,1.454545454545454586e+00,4.797770895697046206e-02,-1.030247257812890449e-01,0.000000000000000000e+00,0.000000000000000000e+00,2.000000000000000000e+04
9.696969696969697239e-01,1.454545454545454586e+00,4.807430143169316022e-02,-1.038901057781354553e-01,0.000000000000000000e+00,0.000000000000000000e+00,2.000000000000000000e+04
1.000000000000000000e+00,1.454545454545454586e+00,4.811785999497887600e-02,-1.049702411483284803e-01,0.000000000000000000e+00,0.000000000000000000e+00,2.000000000000000000e+04
0.000000000000000000e+00,1.484848484848484862e+00,0.000000000000000000e+00,0.000000000000000000e+00,1.000000000000000000e+00,0.000000000000000000e+00,2.000000000000000000e+04
3.030303030303030387e-02,1.484848484848484862e+00,5.725996347337055888e-05,-1.162051007060309338e-02,0.000000000000000000e+00,0.000000000000000000e+00,2.000000000000000000e+04
6.060606060606060774e-02,1.484848484848484862e+00,7.066628986388525041e-04,-2.289079346604163193e-02,0.000000000000000000e+00,0.000000000000000000e+00,2.000000000000000000e+04
9.090909090909091161e-02,1.484848484848484862e+00,1.913768643919160116e-03,-3.369318202850698357e-02,0.000000000000000000e+00,0.000000000000000000e+00,2.000000000000000000e+04
1.212121212121212155e-01,1.484848484848484862e+00,3.636687377745953433e-03,-4.391671406158843827e-02,0.000000000000000000e+00,0.000000000000000000e+00,2.000000000000000000e+04
1.515151515151515194e-01,1.484848484848484862e+00,5.823214221000677995e-03,-5.345676480506972306e-02,0.000000000000000000e+00,0.000000000000000000e+00,2.000000000000000000e+04
1.818181818181818232e-01,1.484848484848484862e+00,8.408697937489932606e-03,-6.221798792061303263e-02,0.000000000000000000e+00,0.000000000000000000e+00,2.000000000000000000e+04
2.121212121212121271e-01,1.484848484848484862e+00,1.131559202164595865e-02,-7.011964326054989649e-02,0.000000000000000000e+00,0.000000000000000000e+00,2.000000000000000000e+04
2.424242424242424310e-01,1.484848484848484862e+00,1.445520604852137611e-02,-7.710207503069431423e-02,0.000000000000000000e+00,0.000000000000000000e+00,2.000000000000000000e+04
2.727272727272727071e-01,1.484848484848484862e+00,1.773172082500885233e-02,-8.313292725343129908e-02,0.000000000000000000e+00,0.000000000000000000e+00,2.000000000000000000e+04
3.030303030303030387e-01,1.484848484848484862e+00,2.104831362629606961e-02,-8.821213431366273228e-02,0.000000000000000000e+00,0.000000000000000000e+00,2.000000000000000000e+04
3.333333333333333148e-01,1.484848484848484862e+00,2.431427568333651215e-02,-9.237324461211725291e-02,0.000000000000000000e+00,0.000000000000000000e+00,2.000000000000000000e+04
3.636363636363636465e-01,1.484848484848484862e+00,2.745136724592744937e-02,-9.567991252688369530e-02,0.000000000000000000e+00,0.000000000000000000e+00,2.000000000000000000e+04
3.939393939393939226e-01,1.484848484848484862e+00,3.039805009409442954e-02,-9.821862408319262383e-02,0.000000000000000000e+00,0.000000000000000000e+00,2.000000000000000000e+04
4.242424242424242542e-01,1.484848484848484862e+00,3.311114540581848453e-02,-1.000897995710996469e-01,0.000000000000000000e+00,0.000000000000000000e+00,2.000000000000000000e+04
4.545454545454545303e-01,1.484848484848484862e+00,3.556523356579826406e-02,-1.013992288842829465e-01,0.000000000000000000e+00,0.000000000000000000e+00,2.000000000000000000e+04
4.848484848484848619e-01,1.484848484848484862e+00,3.775049134413551583e-02,-1.022510454594506429e-01,0.000000000000000000e+00,0.000000000000000000e+00,2.000000000000000000e+04
5.151515151515151381e-01,1.484848484848484862e+00,3.966970683957699723e-02,-1.027426967998030100e-01,0.000000000000000000e+00,0.000000000000000000e+00,2.000000000000000000e+04
5.454545454545454142e-01,1.484848484848484862e+00,4.133507388749330796e-02,-1.029618554005682085e-01,0.000000000000000000e+00,0.000000000000000000e+00,2.000000000000000000e+04
5.757575757575758013e-01,1.484848484848484862e+00,4.276517152946954919e-02,-1.029849487677448466e-01,0.000000000000000000e+00,0.000000000000000000e+00,2.000000000000000000e+04
6.060606060606060774e-01,1.484848484848484862e+00,4.398235316823033425e-02,-1.028769032271999034e-01,0.000000000000000000e+00,0.000000000000000000e+00,2.000000000000000000e+04
6.363636363636363535e-01,1.484848484848484862e+00,4.501063301370279018e-02,-1.026917170615744002e-01,0.000000000000000000e+00,0.000000000000000000e+00,2.000000000000000000e+04
6.666666666666666297e-01,1.484848484848484862e+00,4.587406762423255902e-02,-1.024735467990354892e-01,0.000000000000000000e+00,0.000000000000000000e+00,2.000000000000000000e+04
6.969696969696970168e-01,1.484848484848484862e+00,4.659557970061723592e-02,-1.022580710304769186e-01,0.000000000000000000e+00,0.000000000000000000e+00,2.000000000000000000e+04
7.272727272727272929e-01,1.484848484848484862e+00,4.719614880519243383e-02,-1.020739708695315440e-01,0.000000000000000000e+00,0.000000000000000000e+00,2.000000000000000000e+04
7.575757575757575690e-01,1.484848484848484862e+00,4.769428938796450163e-02,-1.019444278834485268e-01,0.000000000000000000e+00,0.000000000000000000e+00,2.000000000000000000e+04
7.878787878787878451e-01,1.484848484848484862e+00,4.810574282895785370e-02,-1.018885877916806681e-01,0.000000000000000000e+00,0.000000000000000000e+00,2.000000000000000000e+04
8.181818181818182323e-01,1.484848484848484862e+00,4.844332204420874477e-02,-1.019229730270128642e-01,0.000000000000000000e+00,0.000000000000000000e+00,2.000000000000000000e+04
8.484848484848485084e-01,1.484848484848484862e+00,4.871686150162814199e-02,-1.020628518924057426e-01,0.000000000000000000e+00,0.000000000000000000e+00,2.000000000000000000e+04
8.787878787878787845e-01,1.484848484848484862e+00,4.893324072965427041e-02,-1.023235889975927931e-01,0.000000000000000000e+00,0.000000000000000000e+00,2.000000000000000000e+04
9.090909090909090606e-01,1.484848484848484862e+00,4.909646510150883492e-02,-1.027220128995755960e-01,0.000000000000000000e+00,0.000000000000000000e+00,2.000000000000000000e+04
9.393939393939394478e-01,1.484848484848484862e+00,4.920780402569979034e-02,-1.032778437033841923e-01,0.000000000000000000e+00,0.000000000000000000e+00,2.000000000000000000e+04
9.696969696969697239e-01,1.484848484848484862e+00,4.926600420836823452e-02,-1.040152263877248406e-01,0.000000000000000000e+00,0.000000000000000000e+00,2.000000000000000000e+04
1.000000000000000000e+00,1.484848484848484862e+00,4.926761502016655664e-02,-1.049644146791692545e-01,0.000000000000000000e+00,0.000000000000000000e+00,2.000000000000000000e+04
0.000000000000000000e+00,1.515151515151515138e+00,0.000000000000000000e+00,0.000000000000000000e+00,1.000000000000000000e+00,0.000000000000000000e+00,2.000000000000000000e+04
3.030303030303030387e-02,1.515151515151515138e+00,-1.214887920930938738e-05,-1.250747097653078475e-02,0.000000000000000000e+00,0.000000000000000000e+00,2.000000000000000000e+04
6.060606060606060774e-02,1.515151515151515138e+00,6.237142003732904817e-04,-2.461188419676026834e-02,0.000000000000000000e+00,0.000000000000000000e+00,2.000000000000000000e+04
9.090909090909091161e-02,1.515151515151515138e+00,1.873306850045146832e-03,-3.619026656072683867e-02,0.000000000000000000e+00,0.000000000000000000e+00,2.000000000000000000e+04
1.212121212121212155e-01,1.515151515151515138e+00,3.695061369402760035e-03,-4.712188326311828046e-02,0.000000000000000000e+00,0.000000000000000000e+00,2.000000000000000000e+04
1.515151515151515194e-01,1.515151515151515138e+00,6.034941845702096290e-03,-5.728794940108676570e-02,0.000000000000000000e+00,0.000000000000000000e+00,2.000000000000000000e+04
1.818181818181818232e-01,1.515151515151515138e+00,8.822585015263853525e-03,-6.657629688384227029e-02,0.000000000000000000e+00,0.000000000000000000e+00,2.000000000000000000e+04
2.121212121212121271e-01,1.515151515151515138e+00,1.197002610636464792e-02,-7.488944115239161425e-02,0.000000000000000000e+00,0.000000000000000000e+00,2.000000000000000000e+04
2.424242424242424310e-01,1.515151515151515138e+00,1.537368021567783911e-02,-8.215425240369399196e-02,0.000000000000000000e+00,0.000000000000000000e+00,2.000000000000000000e+04
2.727272727272727071e-01,1.515151515151515138e+00,1.891963349943791631e-02,-8.833122092501881351e-02,0.000000000000000000e+00,0.000000000000000000e+00,2.000000000000000000e+04
3.030303030303030387e-01,1.515151515151515138e+00,2.249226037420610017e-02,-9.342243390328427988e-02,0.000000000000000000e+00,0.000000000000000000e+00,2.000000000000000000e+04
3.333333333333333148e-01,1.515151515151515138e+00,2.598431649110743979e-02,-9.747365256567108727e-02,0.000000000000000000e+00,0.000000000000000000e+00,2.000000000000000000e+04
3.636363636363636465e-01,1.515151515151515138e+00,2.930558355141904547e-02,-1.005687363907354637e-01,0.000000000000000000e+00,0.000000000000000000e+00,2.000000000000000000e+04
3.939393939393939226e-01,1.515151515151515138e+00,3.238807170106969280e-02,-1.028187298907472513e-01,0.000000000000000000e+00,0.000000000000000000e+00,2.000000000000000000e+04
4.242424242424242542e-01,1.515151515151515138e+00,3.518740585745698535e-02,-1.043492923843769848e-01,0.000000000000000000e+00,0.000000000000000000e+00,2.000000000000000000e+04
4.545454545454545303e-01,1.515151515151515138e+00,3.768116691122005979e-02,-1.052893540274164874e-01,0.000000000000000000e+00,0.000000000000000000e+00,2.000000000000000000e+04
4.848484848484848619e-01,1.515151515151515138e+00,3.986537119891654657e-02,-1.057624606977198983e-01,0.000000000000000000e+00,0.000000000000000000e+00,2.000000000000000000e+04
5.151515151515151381e-01,1.515151515151515138e+00,4.175018087150426244e-02,-1.058811161386609689e-01,0.000000000000000000e+00,0.000000000000000000e+00,2.000000000000000000e+04
5.454545454545454142e-01,1.515151515151515138e+00,4.335563463515836741e-02,-1.057437662822385827e-01,0.000000000000000000e+00,0.000000000000000000e+00,2.000000000000000000e+04
5.757575757575758013e-01,1.515151515151515138e+00,4.470786447233277699e-02,-1.054338093855645420e-01,0.000000000000000000e+00,0.000000000000000000e+00,2.000000000000000000e+04
6.060606060606060774e-01,1.515151515151515138e+00,4.583600558251618023e-02,-1.050199984513036922e-01,0.000000000000000000e+00,0.000000000000000000e+00,2.000000000000000000e+04
6.363636363636363535e-01,1.515151515151515138e+00,4.676983356700289279e-02,-1.045577004643639812e-01,0.000000000000000000e+00,0.000000000000000000e+00,2.000000000000000000e+04
6.666666666666666297e-01,1.515151515151515138e+00,4.753806358923223785e-02,-1.040906099671227852e-01,0.000000000000000000e+00,0.000000000000000000e+00,2.000000000000000000e+04
6.969696969696970168e-01,1.515151515151515138e+00,4.816720043496462017e-02,-1.036526412889937632e-01,0.000000000000000000e+00,0.000000000000000000e+00,2.000000000000000000e+04
7.272727272727272929e-01,1.515151515151515138e+00,4.868081666738995755e-02,-1.032698279727436996e-01,0.000000000000000000e+00,0.000000000000000000e+00,2.000000000000000000e+04
7.575757575757575690e-01,1.515151515151515138e+00,4.909914356066433921e-02,-1.029621365434949531e-01,0.000000000000000000e+00,0.000000000000000000e+00,2.000000000000000000e+04
7.878787878787878451e-01,1.515151515151515138e+00,4.943887620889645534e-02,-1.027451577227234819e-01,0.000000000000000000e+00,0.000000000000000000e+00,2.000000000000000000e+04
8.181818181818182323e-01,1.515151515151515138e+00,4.971311415588192811e-02,-1.026316764600472969e-01,0.000000000000000000e+00,0.000000000000000000e+00,2.000000000000000000e+04
8.484848484848485084e-01,1.515151515151515138e+00,4.993137899083242154e-02,-1.026331476948519617e-01,0.000000000000000000e+00,0.000000000000000000e+00,2.000000000000000000e+04
8.787878787878787845e-01,1.515151515151515138e+00,5.009966948037680723e-02,-1.027611216764012375e-01,0.000000000000000000e+00,0.000000000000000000e+00,2.000000000000000000e+04
9.090909090909090606e-01,1.515151515151515138e+00,5.022053307141103456e-02,-1.030286739671684576e-01,0.000000000000000000e+00,0.000000000000000000e+00,2.000000000000000000e+04
9.393939393939394478e-01,1.515151515151515138e+00,5.029315085326594575e-02,-1.034519028174421679e-01,0.000000000000000000e+00,0.000000000000000000e+00,2.000000000000000000e+04
9.696969696969697239e-01,1.515151515151515138e+00,5.031345254426247693e-02,-1.040515612774212673e-01,0.000000000000000000e+00,0.000000000000000000e+00,2.000000000000000000e+04
1.000000000000000000e+00,1.515151515151515138e+00,5.027430011809784494e-02,-1.048548930903104720e-01,0.000000000000000000e+00,0.000000000000000000e+00,2.000000000000000000e+04
0.000000000000000000e+00,1.545454545454545414e+00,0.000000000000000000e+00,0.000000000000000000e+00,1.000000000000000000e+00,0.000000000000000000e+00,2.000000000000000000e+04
3.030303030303030387e-02,1.545454545454545414e+00,-1.019385431698203727e-04,-1.347357326931227298e-02,0.000000000000000000e+00,0.000000000000000000e+00,2.000000000000000000e+04
6.060606060606060774e-02,1.545454545454545414e+00,5.024830572450541492e-04,-2.648915441120913705e-02,0.000000000000000000e+00,0.000000000000000000e+00,2.000000000000000000e+04
9.090909090909091161e-02,1.545454545454545414e+00,1.782093431934072495e-03,-3.892122379074453714e-02,0.000000000000000000e+00,0.000000000000000000e+00,2.000000000000000000e+04
1.212121212121212155e-01,1.545454545454545414e+00,3.698792071473986677e-03,-5.063829862736522747e-02,0.000000000000000000e+00,0.000000000000000000e+00,2.000000000000000000e+04
1.515151515151515194e-01,1.545454545454545414e+00,6.198885566311994159e-03,-6.150331814379208367e-02,0.000000000000000000e+00,0.000000000000000000e+00,2.000000000000000000e+04
1.818181818181818232e-01,1.545454545454545414e+00,9.206715789385915005e-03,-7.138115864992193582e-02,0.000000000000000000e+00,0.000000000000000000e+00,2.000000000000000000e+04
2.121212121212121271e-01,1.545454545454545414e+00,1.262218270403039216e-02,-8.015080768864685234e-02,0.000000000000000000e+00,0.000000000000000000e+00,2.000000000000000000e+04
2.424242424242424310e-01,1.545454545454545414e+00,1.632301559695894730e-02,-8.771970447268907789e-02,0.000000000000000000e+00,0.000000000000000000e+00,2.000000000000000000e+04
2.727272727272727071e-01,1.545454545454545414e+00,2.017182376308607542e-02,-9.403742017260688368e-02,0.000000000000000000e+00,0.000000000000000000e+00,2.000000000000000000e+04
3.030303030303030387e-01,1.545454545454545414e+00,2.402854330893569243e-02,-9.910862497848235697e-02,0.000000000000000000e+00,0.000000000000000000e+00,2.000000000000000000e+04
3.333333333333333148e-01,1.545454545454545414e+00,2.776506605926734594e-02,-1.029961085502635876e-01,0.000000000000000000e+00,0.000000000000000000e+00,2.000000000000000000e+04
3.636363636363636465e-01,1.545454545454545414e+00,3.127706567676839106e-02,-1.058114416612555425e-01,0.000000000000000000e+00,0.000000000000000000e+00,2.000000000000000000e+04
3.939393939393939226e-01,1.545454545454545414e+00,3.449017400732755367e-02,-1.076982509570048874e-01,0.000000000000000000e+00,0.000000000000000000e+00,2.000000000000000000e+04
4.242424242424242542e-01,1.545454545454545414e+00,3.736052078149387778e-02,-1.088143648852204909e-01,0.000000000000000000e+00,0.000000000000000000e+00,2.000000000000000000e+04
4.545454545454545303e-01,1.545454545454545414e+00,3.987126543530643968e-02,-1.093169184131081717e-01,0.000000000000000000e+00,0.000000000000000000e+00,2.000000000000000000e+04
4.848484848484848619e-01,1.545454545454545414e+00,4.202706273019374272e-02,-1.093519659515005404e-01,0.000000000000000000e+00,0.000000000000000000e+00,2.000000000000000000e+04
5.151515151515151381e-01,1.545454545454545414e+00,4.384801695336405791e-02,-1.090484757161982593e-01,0.000000000000000000e+00,0.000000000000000000e+00,2.000000000000000000e+04
5.454545454545454142e-01,1.545454545454545414e+00,4.536410497028318251e-02,-1.085158148541191109e-01,0.000000000000000000e+00,0.000000000000000000e+00,2.000000000000000000e+04
5.757575757575758013e-01,1.545454545454545414e+00,4.661054799210632982e-02,-1.078436670904572015e-01,0.000000000000000000e+00,0.000000000000000000e+00,2.000000000000000000e+04
6.060606060606060774e-01,1.545454545454545414e+00,4.762426552082651282e-02,-1.071034504460005726e-01,0.000000000000000000e+00,0.000000000000000000e+00,2.000000000000000000e+04
6.363636363636363535e-01,1.545454545454545414e+00,4.844134334940827097e-02,-1.063505271200457653e-01,0.000000000000000000e+00,0.000000000000000000e+00,2.000000000000000000e+04
6.666666666666666297e-01,1.545454545454545414e+00,4.909535233248022573e-02,-1.056267215330823628e-01,0.000000000000000000e+00,0.000000000000000000e+00,2.000000000000000000e+04
6.969696969696970168e-01,1.545454545454545414e+00,4.961632673584524117e-02,-1.049628464180627913e-01,0.000000000000000000e+00,0.000000000000000000e+00,2.000000000000000000e+04
7.272727272727272929e-01,1.545454545454545414e+00,5.003022012597198309e-02,-1.043810727473500205e-01,0.000000000000000000e+00,0.000000000000000000e+00,2.000000000000000000e+04
7.575757575757575690e-01,1.545454545454545414e+00,5.035868288090077777e-02,-1.038970728008908606e-01,0.000000000000000000e+00,0.000000000000000000e+00,2.000000000000000000e+04
7.878787878787878451e-01,1.545454545454545414e+00,5.061903657799082801e-02,-1.035219266551961337e-01,0.000000000000000000e+00,0.000000000000000000e+00,2.000000000000000000e+04
8.181818181818182323e-01,1.545454545454545414e+00,5.082435056821717201e-02,-1.032638205493576489e-01,0.000000000000000000e+00,0.000000000000000000e+00,2.000000000000000000e+04
8.484848484848485084e-01,1.545454545454545414e+00,5.098355250699040248e-02,-1.031295890090025702e-01,0.000000000000000000e+00,0.000000000000000000e+00,2.000000000000000000e+04
8.787878787878787845e-01,1.545454545454545414e+00,5.110152724917155220e-02,-1.031261672755658942e-01,0.000000000000000000e+00,0.000000000000000000e+00,2.000000000000000000e+04
9.090909090909090606e-01,1.545454545454545414e+00,5.117917840305915428e-02,-1.032620305886001316e-01,0.000000000000000000e+00,0.000000000000000000e+00,2.000000000000000000e+04
9.393939393939394478e-01,1.545454545454545414e+00,5.121344576408822652e-02,-1.035487046737840616e-01,0.000000000000000000e+00,0.000000000000000000e+00,2.000000000000000000e+04
9.696969696969697239e-01,1.545454545454545414e+00,5.119729196358039497e-02,-1.040024384994997081e-01,0.000000000000000000e+00,0.000000000000000000e+00,2.000000000000000000e+04
1.000000000000000000e+00,1.545454545454545414e+00,5.111969524208535148e-02,-1.046461358754380566e-01,0.000000000000000000e+00,0.000000000000000000e+00,2.000000000000000000e+04
0.000000000000000000e+00,1.575757575757575690e+00,0.000000000000000000e+00,0.000000000000000000e+00,1.000000000000000000e+00,0.000000000000000000e+00,2.000000000000000000e+04
3.030303030303030387e-02,1.575757575757575690e+00,-2.165890914333155047e-04,-1.451861426317690475e-02,0.000000000000000000e+00,0.000000000000000000e+00,2.000000000000000000e+04
6.060606060606060774e-02,1.575757575757575690e+00,3.322568340425657092e-04,-2.852601280688703625e-02,0.000000000000000000e+00,0.000000000000000000e+00,2.000000000000000000e+04
9.090909090909091161e-02,1.575757575757575690e+00,1.623346185451424737e-03,-4.189824676866325814e-02,0.000000000000000000e+00,0.000000000000000000e+00,2.000000000000000000e+04
1.212121212121212155e-01,1.575757575757575690e+00,3.627015559765211106e-03,-5.449145466860034343e-02,0.000000000000000000e+00,0.000000000000000000e+00,2.000000000000000000e+04
1.515151515151515194e-01,1.575757575757575690e+00,6.293394573832642759e-03,-6.614411587460861108e-02,0.000000000000000000e+00,0.000000000000000000e+00,2.000000000000000000e+04
1.818181818181818232e-01,1.575757575757575690e+00,9.542469736841592554e-03,-7.668911807086919996e-02,0.000000000000000000e+00,0.000000000000000000e+00,2.000000000000000000e+04
2.121212121212121271e-01,1.575757575757575690e+00,1.325986985767920769e-02,-8.597195536128424131e-02,0.000000000000000000e+00,0.000000000000000000e+00,2.000000000000000000e+04
2.424242424242424310e-01,1.575757575757575690e+00,1.729946230518790776e-02,-9.387179655913273357e-02,0.000000000000000000e+00,0.000000000000000000e+00,2.000000000000000000e+04
2.727272727272727071e-01,1.575757575757575690e+00,2.149273886925606031e-02,-1.003214465528249472e-01,0.000000000000000000e+00,0.000000000000000000e+00,2.000000000000000000e+04
3.030303030303030387e-01,1.575757575757575690e+00,2.566731078886868439e-02,-1.053290359173478796e-01,0.000000000000000000e+00,0.000000000000000000e+00,2.000000000000000000e+04
3.333333333333333148e-01,1.575757575757575690e+00,2.966857949911242548e-02,-1.089819642702315322e-01,0.000000000000000000e+00,0.000000000000000000e+00,2.000000000000000000e+04
3.636363636363636465e-01,1.575757575757575690e+00,3.337591137360280263e-02,-1.114305787972513645e-01,0.000000000000000000e+00,0.000000000000000000e+00,2.000000000000000000e+04
3.939393939393939226e-01,1.575757575757575690e+00,3.670947731811048664e-02,-1.128621340608237655e-01,0.000000000000000000e+00,0.000000000000000000e+00,2.000000000000000000e+04
4.242424242424242542e-01,1.575757575757575690e+00,3.962886132251285110e-02,-1.134754606390219051e-01,0.000000000000000000e+00,0.000000000000000000e+00,2.000000000000000000e+04
4.545454545454545303e-01,1.575757575757575690e+00,4.212661014656604586e-02,-1.134617572889187326e-01,0.000000000000000000e+00,0.000000000000000000e+00,2.000000000000000000e+04
4.848484848484848619e-01,1.575757575757575690e+00,4.421978762214032882e-02,-1.129926572872106821e-01,0.000000000000000000e+00,0.000000000000000000e+00,2.000000000000000000e+04
5.151515151515151381e-01,1.575757575757575690e+00,4.594163964856633198e-02,-1.122144922715472698e-01,0.000000000000000000e+00,0.000000000000000000e+00,2.000000000000000000e+04
5.454545454545454142e-01,1.575757575757575690e+00,4.733448615135402854e-02,-1.112469809988821806e-01,0.000000000000000000e+00,0.000000000000000000e+00,2.000000000000000000e+04
5.757575757575758013e-01,1.575757575757575690e+00,4.844423460271692766e-02,-1.101846669313651522e-01,0.000000000000000000e+00,0.000000000000000000e+00,2.000000000000000000e+04
6.060606060606060774e-01,1.575757575757575690e+00,4.931648182299560451e-02,-1.090998122458777531e-01,0.000000000000000000e+00,0.000000000000000000e+00,2.000000000000000000e+04
6.363636363636363535e-01,1.575757575757575690e+00,4.999396534234675643e-02,-1.080458685608181590e-01,0.000000000000000000e+00,0.000000000000000000e+00,2.000000000000000000e+04
6.666666666666666297e-01,1.575757575757575690e+00,5.051506007077050803e-02,-1.070609853138689838e-01,0.000000000000000000e+00,0.000000000000000000e+00,2.000000000000000000e+04
6.969696969696970168e-01,1.575757575757575690e+00,5.091302609236354054e-02,-1.061712636614259714e-01,0.000000000000000000e+00,0.000000000000000000e+00,2.000000000000000000e+04
7.272727272727272929e-01,1.575757575757575690e+00,5.121575700032669071e-02,-1.053936280350466631e-01,0.000000000000000000e+00,0.000000000000000000e+00,2.000000000000000000e+04
7.575757575757575690e-01,1.575757575757575690e+00,5.144583101360979127e-02,-1.047382893971140622e-01,0.000000000000000000e+00,0.000000000000000000e+00,2.000000000000000000e+04
7.878787878787878451e-01,1.575757575757575690e+00,5.162071683837318042e-02,-1.042108334566594074e-01,0.000000000000000000e+00,0.000000000000000000e+00,2.000000000000000000e+04
8.181818181818182323e-01,1.575757575757575690e+00,5.175302784480016738e-02,-1.038139994095562124e-01,0.000000000000000000e+00,0.000000000000000000e+00,2.000000000000000000e+04
8.484848484848485084e-01,1.575757575757575690e+00,5.185075075120614690e-02,-1.035492316596928891e-01,0.000000000000000000e+00,0.000000000000000000e+00,2.000000000000000000e+04
8.787878787878787845e-01,1.575757575757575690e+00,5.191739997741031537e-02,-1.034180963334043885e-01,0.000000000000000000e+00,0.000000000000000000e+00,2.000000000000000000e+04
9.090909090909090606e-01,1.575757575757575690e+00,5.195206860012457212e-02,-1.034236612817579504e-01,0.000000000000000000e+00,0.000000000000000000e+00,2.000000000000000000e+04
9.393939393939394478e-01,1.575757575757575690e+00,5.194936441685347323e-02,-1.035719456170047653e-01,0.000000000000000000e+00,0.000000000000000000e+00,2.000000000000000000e+04
9.696969696969697239e-01,1.575757575757575690e+00,5.189923827285720243e-02,-1.038735539490612675e-01,0.000000000000000000e+00,0.000000000000000000e+00,2.000000000000000000e+04
1.000000000000000000e+00,1.575757575757575690e+00,5.178673491999717660e-02,-1.043456212924659954e-01,0.000000000000000000e+00,0.000000000000000000e+00,2.000000000000000000e+04
0.000000000000000000e+00,1.606060606060605966e+00,0.000000000000000000e+00,0.000000000000000000e+00,1.000000000000000000e+00,0.000000000000000000e+00,2.000000000000000000e+04
3.030303030303030387e-02,1.606060606060605966e+00,-3.611600549283726326e-04,-1.563745362837361264e-02,0.000000000000000000e+00,0.000000000000000000e+00,2.000000000000000000e+04
6.060606060606060774e-02,1.606060606060605966e+00,9.999928296739071896e-05,-3.071909289337961327e-02,0.000000000000000000e+00,0.000000000000000000e+00,2.000000000000000000e+04
9.090909090909091161e-02,1.606060606060605966e+00,1.375953378049212233e-03,-4.512816598365675808e-02,0.000000000000000000e+00,0.000000000000000000e+00,2.000000000000000000e+04
1.212121212121212155e-01,1.606060606060605966e+00,3.453032389981198786e-03,-5.870551691675117423e-02,0.000000000000000000e+00,0.000000000000000000e+00,2.000000000000000000e+04
1.515151515151515194e-01,1.606060606060605966e+00,6.290540693495660918e-03,-7.125586672429308488e-02,0.000000000000000000e+00,0.000000000000000000e+00,2.000000000000000000e+04
1.818181818181818232e-01,1.606060606060605966e+00,9.805871862307184716e-03,-8.256688613772236729e-02,0.000000000000000000e+00,0.000000000000000000e+00,2.000000000000000000e+04
2.121212121212121271e-01,1.606060606060605966e+00,1.386775932706972060e-02,-9.243599016233484955e-02,0.000000000000000000e+00,0.000000000000000000e+00,2.000000000000000000e+04
2.424242424242424310e-01,1.606060606060605966e+00,1.829910565388886967e-02,-1.007009434757656779e-01,0.000000000000000000e+00,0.000000000000000000e+00,2.000000000000000000e+04
2.727272727272727071e-01,1.606060606060605966e+00,2.288922322458170414e-02,-1.072685218943956187e-01,0.000000000000000000e+00,0.000000000000000000e+00,2.000000000000000000e+04
3.030303030303030387e-01,1.606060606060605966e+00,2.742221533470525288e-02,-1.121522593599931089e-01,0.000000000000000000e+00,0.000000000000000000e+00,2.000000000000000000e+04
3.333333333333333148e-01,1.606060606060605966e+00,3.170977787245760071e-02,-1.154764638207193134e-01,0.000000000000000000e+00,0.000000000000000000e+00,2.000000000000000000e+04
3.636363636363636465e-01,1.606060606060605966e+00,3.561311545180027155e-02,-1.174467583733272424e-01,0.000000000000000000e+00,0.000000000000000000e+00,2.000000000000000000e+04
3.939393939393939226e-01,1.606060606060605966e+00,3.904942056078478108e-02,-1.183091743220107545e-01,0.000000000000000000e+00,0.000000000000000000e+00,2.000000000000000000e+04
4.242424242424242542e-01,1.606060606060605966e+00,4.198660404356976267e-02,-1.183145574456039018e-01,0.000000000000000000e+00,0.000000000000000000e+00,2.000000000000000000e+04
4.545454545454545303e-01,1.606060606060605966e+00,4.443209464253142921e-02,-1.176945846845708493e-01,0.000000000000000000e+00,0.000000000000000000e+00,2.000000000000000000e+04
4.848484848484848619e-01,1.606060606060605966e+00,4.642031848213762357e-02,-1.166490536128771544e-01,0.000000000000000000e+00,0.000000000000000000e+00,2.000000000000000000e+04
5.151515151515151381e-01,1.606060606060605966e+00,4.800151228859007857e-02,-1.153415696541394975e-01,0.000000000000000000e+00,0.000000000000000000e+00,2.000000000000000000e+04
5.454545454545454142e-01,1.606060606060605966e+00,4.923295429880179819e-02,-1.139005176515054535e-01,0.000000000000000000e+00,0.000000000000000000e+00,2.000000000000000000e+04
5.757575757575758013e-01,1.606060606060605966e+00,5.017273945042273475e-02,-1.124228490236864608e-01,0.000000000000000000e+00,0.000000000000000000e+00,2.000000000000000000e+04
6.060606060606060774e-01,1.606060606060605966e+00,5.087575905074256249e-02,-1.109790117846945479e-01,0.000000000000000000e+00,0.000000000000000000e+00,2.000000000000000000e+04
6.363636363636363535e-01,1.606060606060605966e+00,5.139138734790810875e-02,-1.096180165185310224e-01,0.000000000000000000e+00,0.000000000000000000e+00,2.000000000000000000e+04
6.666666666666666297e-01,1.606060606060605966e+00,5.176238298348389416e-02,-1.083721050261880481e-01,0.000000000000000000e+00,0.000000000000000000e+00,2.000000000000000000e+04
6.969696969696970168e-01,1.606060606060605966e+00,5.202458914362070169e-02,-1.072607927941433836e-01,0.000000000000000000e+00,0.000000000000000000e+00,2.000000000000000000e+04
7.272727272727272929e-01,1.606060606060605966e+00,5.220711054439880483e-02,-1.062942363428150128e-01,0.000000000000000000e+00,0.000000000000000000e+00,2.000000000000000000e+04
7.575757575757575690e-01,1.606060606060605966e+00,5.233273308680354285e-02,-1.054759736912186940e-01,0.000000000000000000e+00,0.000000000000000000e+00,2.000000000000000000e+04
7.878787878787878451e-01,1.606060606060605966e+00,5.241842336526285340e-02,-1.048051326667700234e-01,0.000000000000000000e+00,0.000000000000000000e+00,2.000000000000000000e+04
8.181818181818182323e-01,1.606060606060605966e+00,5.247579850291026610e-02,-1.042782199362906892e-01,0.000000000000000000e+00,0.000000000000000000e+00,2.000000000000000000e+04
8.484848484848485084e-01,1.606060606060605966e+00,5.251149409720791417e-02,-1.038906081528550018e-01,0.000000000000000000e+00,0.000000000000000000e+00,2.000000000000000000e+04
8.787878787878787845e-01,1.606060606060605966e+00,5.252738305356025733e-02,-1.036378388129384903e-01,0.000000000000000000e+00,0.000000000000000000e+00,2.000000000000000000e+04
9.090909090909090606e-01,1.606060606060605966e+00,5.252061499271257899e-02,-1.035168599427009617e-01,0.000000000000000000e+00,0.000000000000000000e+00,2.000000000000000000e+04
9.393939393939394478e-01,1.606060606060605966e+00,5.248345915992799759e-02,-1.035273237422877218e-01,0.000000000000000000e+00,0.000000000000000000e+00,2.000000000000000000e+04
9.696969696969697239e-01,1.606060606060605966e+00,5.240294786745391259e-02,-1.036730812064984159e-01,0.000000000000000000e+00,0.000000000000000000e+00,2.000000000000000000e+04
1.000000000000000000e+00,1.606060606060605966e+00,5.226033712921238777e-02,-1.039640284869996628e-01,0.000000000000000000e+00,0.000000000000000000e+00,2.000000000000000000e+04
0.000000000000000000e+00,1.636363636363636465e+00,0.000000000000000000e+00,0.000000000000000000e+00,1.000000000000000000e+00,0.000000000000000000e+00,2.000000000000000000e+04
3.030303030303030387e-02,1.636363636363636465e+00,-5.408459223300345889e-04,-1.681717483803193275e-02,0.000000000000000000e+00,0.000000000000000000e+00,2.000000000000000000e+04
6.060606060606060774e-02,1.636363636363636465e+00,-2.092979471408227198e-04,-3.305437711462352879e-02,0.000000000000000000e+00,0.000000000000000000e+00,2.000000000000000000e+04
9.090909090909091161e-02,1.636363636363636465e+00,1.014461373041750407e-03,-4.860900306049934644e-02,0.000000000000000000e+00,0.000000000000000000e+00,2.000000000000000000e+04
1.212121212121212155e-01,1.636363636363636465e+00,3.143867928731965741e-03,-6.330138527418910366e-02,0.000000000000000000e+00,0.000000000000000000e+00,2.000000000000000000e+04
1.515151515151515194e-01,1.636363636363636465e+00,6.155422800190006941e-03,-7.688864903183245669e-02,0.000000000000000000e+00,0.000000000000000000e+00,2.000000000000000000e+04
1.818181818181818232e-01,1.636363636363636465e+00,9.967048446258199718e-03,-8.909407265618494998e-02,0.000000000000000000e+00,0.000000000000000000e+00,2.000000000000000000e+04
2.121212121212121271e-01,1.636363636363636465e+00,1.442751925867086747e-02,-9.964573665907996980e-02,0.000000000000000000e+00,0.000000000000000000e+00,2.000000000000000000e+04
2.424242424242424310e-01,1.636363636363636465e+00,1.931905042056450764e-02,-1.083204044218403633e-01,0.000000000000000000e+00,0.000000000000000000e+00,2.000000000000000000e+04
2.727272727272727071e-01,1.636363636363636465e+00,2.437239347854302032e-02,-1.149836713421140827e-01,0.000000000000000000e+00,0.000000000000000000e+00,2.000000000000000000e+04
3.030303030303030387e-01,1.636363636363636465e+00,2.931207931682980675e-02,-1.196588778120883101e-01,0.000000000000000000e+00,0.000000000000000000e+00,2.000000000000000000e+04
3.333333333333333148e-01,1.636363636363636465e+00,3.390710128663394080e-02,-1.225276989181309228e-01,0.000000000000000000e+00,0.000000000000000000e+00,2.000000000000000000e+04
3.636363636363636465e-01,1.636363636363636465e+00,3.799987664336024890e-02,-1.238757875120141544e-01,0.000000000000000000e+00,0.000000000000000000e+00,2.000000000000000000e+04
3.939393939393939226e-01,1.636363636363636465e+00,4.150985193966363201e-02,-1.240284782087966026e-01,0.000000000000000000e+00,0.000000000000000000e+00,2.000000000000000000e+04
4.242424242424242542e-01,1.636363636363636465e+00,4.442100814957647414e-02,-1.233018506028836225e-01,0.000000000000000000e+00,0.000000000000000000e+00,2.000000000000000000e+04
4.545454545454545303e-01,1.636363636363636465e+00,4.676336434440808015e-02,-1.219744103297099730e-01,0.000000000000000000e+00,0.000000000000000000e+00,2.000000000000000000e+04
4.848484848484848619e-01,1.636363636363636465e+00,4.859499485914114264e-02,-1.202754299074797473e-01,0.000000000000000000e+00,0.000000000000000000e+00,2.000000000000000000e+04
5.151515151515151381e-01,1.636363636363636465e+00,4.998752390494744235e-02,-1.183840093395021609e-01,0.000000000000000000e+00,0.000000000000000000e+00,2.000000000000000000e+04
5.454545454545454142e-01,1.636363636363636465e+00,5.101578414777290654e-02,-1.164338824315351850e-01,0.000000000000000000e+00,0.000000000000000000e+00,2.000000000000000000e+04
5.757575757575758013e-01,1.636363636363636465e+00,5.175119924855993425e-02,-1.145206046908497366e-01,0.000000000000000000e+00,0.000000000000000000e+00,2.000000000000000000e+04
6.060606060606060774e-01,1.636363636363636465e+00,5.225805326924063549e-02,-1.127091424288618471e-01,0.000000000000000000e+00,0.000000000000000000e+00,2.000000000000000000e+04
6.363636363636363535e-01,1.636363636363636465e+00,5.259178985960912683e-02,-1.110408476599714367e-01,0.000000000000000000e+00,0.000000000000000000e+00,2.000000000000000000e+04
6.666666666666666297e-01,1.636363636363636465e+00,5.279862065086384643e-02,-1.095394007011928211e-01,0.000000000000000000e+00,0.000000000000000000e+00,2.000000000000000000e+04
6.969696969696970168e-01,1.636363636363636465e+00,5.291589800760716777e-02,-1.082156379870460455e-01,0.000000000000000000e+00,0.000000000000000000e+00,2.000000000000000000e+04
7.272727272727272929e-01,1.636363636363636465e+00,5.297286886293321728e-02,-1.070713514392984123e-01,0.000000000000000000e+00,0.000000000000000000e+00,2.000000000000000000e+04
7.575757575757575690e-01,1.636363636363636465e+00,5.299155496071077109e-02,-1.061022166287755170e-01,0.000000000000000000e+00,0.000000000000000000e+00,2.000000000000000000e+04
7.878787878787878451e-01,1.636363636363636465e+00,5.298759821343262261e-02,-1.053000251195141262e-01,0.000000000000000000e+00,0.000000000000000000e+00,2.000000000000000000e+04
8.181818181818182323e-01,1.636363636363636465e+00,5.297097261193348811e-02,-1.046543897357795766e-01,0.000000000000000000e+00,0.000000000000000000e+00,2.000000000000000000e+04
8.484848484848485084e-01,1.636363636363636465e+00,5.294650279635795820e-02,-1.041540766750712194e-01,0.000000000000000000e+00,0.000000000000000000e+00,2.000000000000000000e+04
8.787878787878787845e-01,1.636363636363636465e+00,5.291415070098545725e-02,-1.037881050649987341e-01,0.000000000000000000e+00,0.000000000000000000e+00,2.000000000000000000e+04
9.090909090909090606e-01,1.636363636363636465e+00,5.286904184880610036e-02,-1.035467482172493653e-01,0.000000000000000000e+00,0.000000000000000000e+00,2.000000000000000000e+04
9.393939393939394478e-01,1.636363636363636465e+00,5.280120775353791540e-02,-1.034225744448083184e-01,0.000000000000000000e+00,0.000000000000000000e+00,2.000000000000000000e+04
9.696969696969697239e-01,1.636363636363636465e+00,5.269502625854172173e-02,-1.034116802379766720e-01,0.000000000000000000e+00,0.000000000000000000e+00,2.000000000000000000e+04
1.000000000000000000e+00,1.636363636363636465e+00,5.252835348912564956e-02,-1.035152949753676832e-01,0.000000000000000000e+00,0.000000000000000000e+00,2.000000000000000000e+04
0.000000000000000000e+00,1.666666666666666741e+00,0.000000000000000000e+00,0.000000000000000000e+00,1.000000000000000000e+00,0.000000000000000000e+00,2.000000000000000000e+04
3.030303030303030387e-02,1.666666666666666741e+00,-7.598447117559048360e-04,-1.803314544087494461e-02,0.000000000000000000e+00,0.000000000000000000e+00,2.000000000000000000e+04
6.060606060606060774e-02,1.666666666666666741e+00,-6.110906174001258214e-04,-3.550187908324275304e-02,0.000000000000000000e+00,0.000000000000000000e+00,2.000000000000000000e+04
9.090909090909091161e-02,1.666666666666666741e+00,5.104286935672307192e-04,-5.232513743139352580e-02,0.000000000000000000e+00,0.000000000000000000e+00,2.000000000000000000e+04
1.212121212121212155e-01,1.666666666666666741e+00,2.661067461752415417e-03,-6.829374650933238422e-02,0.000000000000000000e+00,0.000000000000000000e+00,2.000000000000000000e+04
1.515151515151515194e-01,1.666666666666666741e+00,5.846380082190205142e-03,-8.309708546594608836e-02,0.000000000000000000e+00,0.000000000000000000e+00,2.000000000000000000e+04
1.818181818181818232e-01,1.666666666666666741e+00,9.990318608090185612e-03,-9.636665344935024802e-02,0.000000000000000000e+00,0.000000000000000000e+00,2.000000000000000000e+04
2.121212121212121271e-01,1.666666666666666741e+00,1.491859121524805216e-02,-1.077303545693914094e-01,0.000000000000000000e+00,0.000000000000000000e+00,2.000000000000000000e+04
2.424242424242424310e-01,1.666666666666666741e+00,2.035958199536975696e-02,-1.168744809523968170e-01,0.000000000000000000e+00,0.000000000000000000e+00,2.000000000000000000e+04
2.727272727272727071e-01,1.666666666666666741e+00,2.596054318083349660e-02,-1.235975761788823540e-01,0.000000000000000000e+00,0.000000000000000000e+00,2.000000000000000000e+04
3.030303030303030387e-01,1.666666666666666741e+00,3.136307026093438505e-02,-1.279428374907392307e-01,0.000000000000000000e+00,0.000000000000000000e+00,2.000000000000000000e+04
3.333333333333333148e-01,1.666666666666666741e+00,3.628284564578627969e-02,-1.301840323302377866e-01,0.000000000000000000e+00,0.000000000000000000e+00,2.000000000000000000e+04
3.636363636363636465e-01,1.666666666666666741e+00,4.054585084187996291e-02,-1.307239505181674866e-01,0.000000000000000000e+00,0.000000000000000000e+00,2.000000000000000000e+04
3.939393939393939226e-01,1.666666666666666741e+00,4.408364487202522802e-02,-1.299943774100582872e-01,0.000000000000000000e+00,0.000000000000000000e+00,2.000000000000000000e+04
4.242424242424242542e-01,1.666666666666666741e+00,4.690814313299523225e-02,-1.283914708569390550e-01,0.000000000000000000e+00,0.000000000000000000e+00,2.000000000000000000e+04
4.545454545454545303e-01,1.666666666666666741e+00,4.908239233786231698e-02,-1.262455859729738061e-01,0.000000000000000000e+00,0.000000000000000000e+00,2.000000000000000000e+04
4.848484848484848619e-01,1.666666666666666741e+00,5.069570513222958208e-02,-1.238142477918702661e-01,0.000000000000000000e+00,0.000000000000000000e+00,2.000000000000000000e+04
5.151515151515151381e-01,1.666666666666666741e+00,5.184571183771795322e-02,-1.212876195783021277e-01,0.000000000000000000e+00,0.000000000000000000e+00,2.000000000000000000e+04
5.454545454545454142e-01,1.666666666666666741e+00,5.262694931882263422e-02,-1.187992176843591513e-01,0.000000000000000000e+00,0.000000000000000000e+00,2.000000000000000000e+04
5.757575757575758013e-01,1.666666666666666741e+00,5.312454284464511456e-02,-1.164377167089618303e-01,0.000000000000000000e+00,0.000000000000000000e+00,2.000000000000000000e+04
6.060606060606060774e-01,1.666666666666666741e+00,5.341141708177436082e-02,-1.142577995739012670e-01,0.000000000000000000e+00,0.000000000000000000e+00,2.000000000000000000e+04
6.363636363636363535e-01,1.666666666666666741e+00,5.354772744870212736e-02,-1.122892566983609147e-01,0.000000000000000000e+00,0.000000000000000000e+00,2.000000000000000000e+04
6.666666666666666297e-01,1.666666666666666741e+00,5.358154630630079102e-02,-1.105442010667041092e-01,0.000000000000000000e+00,0.000000000000000000e+00,2.000000000000000000e+04
6.969696969696970168e-01,1.666666666666666741e+00,5.355014903648902536e-02,-1.090225745928066342e-01,0.000000000000000000e+00,0.000000000000000000e+00,2.000000000000000000e+04
7.272727272727272929e-01,1.666666666666666741e+00,5.348148558432981592e-02,-1.077162340551093000e-01,0.000000000000000000e+00,0.000000000000000000e+00,2.000000000000000000e+04
7.575757575757575690e-01,1.666666666666666741e+00,5.339559267145618793e-02,-1.066119187421595699e-01,0.000000000000000000e+00,0.000000000000000000e+00,2.000000000000000000e+04
7.878787878787878451e-01,1.666666666666666741e+00,5.330581270213068101e-02,-1.056933720951393346e-01,0.000000000000000000e+00,0.000000000000000000e+00,2.000000000000000000e+04
8.181818181818182323e-01,1.666666666666666741e+00,5.321975169085776253e-02,-1.049428461168214199e-01,0.000000000000000000e+00,0.000000000000000000e+00,2.000000000000000000e+04
8.484848484848485084e-01,1.666666666666666741e+00,5.313994290119811170e-02,-1.043421758858752296e-01,0.000000000000000000e+00,0.000000000000000000e+00,2.000000000000000000e+04
8.787878787878787845e-01,1.666666666666666741e+00,5.306419530425340869e-02,-1.038735802941958691e-01,0.000000000000000000e+00,0.000000000000000000e+00,2.000000000000000000e+04
9.090909090909090606e-01,1.666666666666666741e+00,5.298560444964076077e-02,-1.035203283622176118e-01,0.000000000000000000e+00,0.000000000000000000e+00,2.000000000000000000e+04
9.393939393939394478e-01,1.666666666666666741e+00,5.289219484312653041e-02,-1.032674104824327366e-01,0.000000000000000000e+00,0.000000000000000000e+00,2.000000000000000000e+04
9.696969696969697239e-01,1.666666666666666741e+00,5.276615420139225965e-02,-1.031023719251734916e-01,0.000000000000000000e+00,0.000000000000000000e+00,2.000000000000000000e+04
1.000000000000000000e+00,1.666666666666666741e+00,5.258261822588847917e-02,-1.030165024066413276e-01,0.000000000000000000e+00,0.000000000000000000e+00,2.000000000000000000e+04
0.000000000000000000e+00,1.696969696969697017e+00,0.000000000000000000e+00,0.000000000000000000e+00,1.000000000000000000e+00,0.000000000000000000e+00,2.000000000000000000e+04
3.030303030303030387e-02,1.696969696969697017e+00,-1.018866924519353434e-03,-1.924389223361417170e-02,0.000000000000000000e+00,0.000000000000000000e+00,2.000000000000000000e+04
6.060606060606060774e-02,1.696969696969697017e+00,-1.117270147834007908e-03,-3.800871319158161815e-02,0.000000000000000000e+00,0.000000000000000000e+00,2.000000000000000000e+04
9.090909090909091161e-02,1.696969696969697017e+00,-1.632072001918102161e-04,-5.624067329232894374e-02,0.000000000000000000e+00,0.000000000000000000e+00,2.000000000000000000e+04
1.212121212121212155e-01,1.696969696969697017e+00,1.964276333154416423e-03,-7.368650187677512620e-02,0.000000000000000000e+00,0.000000000000000000e+00,2.000000000000000000e+04
1.515151515151515194e-01,1.696969696969697017e+00,5.317244214475540243e-03,-8.993950822615226492e-02,0.000000000000000000e+00,0.000000000000000000e+00,2.000000000000000000e+04
1.818181818181818232e-01,1.696969696969697017e+00,9.835569925887039516e-03,-1.045010790261083344e-01,0.000000000000000000e+00,0.000000000000000000e+00,2.000000000000000000e+04
2.121212121212121271e-01,1.696969696969697017e+00,1.532000155658250554e-02,-1.168543561393918240e-01,0.000000000000000000e+00,0.000000000000000000e+00,2.000000000000000000e+04
2.424242424242424310e-01,1.696969696969697017e+00,2.142780499945938499e-02,-1.265503269973556055e-01,0.000000000000000000e+00,0.000000000000000000e+00,2.000000000000000000e+04
2.727272727272727071e-01,1.696969696969697017e+00,2.768343628180560539e-02,-1.332740338819813075e-01,0.000000000000000000e+00,0.000000000000000000e+00,2.000000000000000000e+04
3.030303030303030387e-01,1.696969696969697017e+00,3.361122612844433949e-02,-1.371116461115556573e-01,0.000000000000000000e+00,0.000000000000000000e+00,2.000000000000000000e+04
3.333333333333333148e-01,1.696969696969697017e+00,3.886248413165868665e-02,-1.384888133011986100e-01,0.000000000000000000e+00,0.000000000000000000e+00,2.000000000000000000e+04
3.636363636363636465e-01,1.696969696969697017e+00,4.325536775624057306e-02,-1.379805165285253321e-01,0.000000000000000000e+00,0.000000000000000000e+00,2.000000000000000000e+04
3.939393939393939226e-01,1.696969696969697017e+00,4.675086732196002959e-02,-1.361593567343868938e-01,0.000000000000000000e+00,0.000000000000000000e+00,2.000000000000000000e+04
4.242424242424242542e-01,1.696969696969697017e+00,4.940630443766732410e-02,-1.335162294465271071e-01,0.000000000000000000e+00,0.000000000000000000e+00,2.000000000000000000e+04
4.545454545454545303e-01,1.696969696969697017e+00,5.133121626629175843e-02,-1.304347472096823723e-01,0.000000000000000000e+00,0.000000000000000000e+00,2.000000000000000000e+04
4.848484848484848619e-01,1.696969696969697017e+00,5.265463307455797715e-02,-1.271950684379510033e-01,0.000000000000000000e+00,0.000000000000000000e+00,2.000000000000000000e+04
5.151515151515151381e-01,1.696969696969697017e+00,5.350433320717288416e-02,-1.239901150697872434e-01,0.000000000000000000e+00,0.000000000000000000e+00,2.000000000000000000e+04
5.454545454545454142e-01,1.696969696969697017e+00,5.399555279181376954e-02,-1.209447137425080365e-01,0.000000000000000000e+00,0.000000000000000000e+00,2.000000000000000000e+04
5.757575757575758013e-01,1.696969696969697017e+00,5.422614006910312506e-02,-1.181332353198497054e-01,0.000000000000000000e+00,0.000000000000000000e+00,2.000000000000000000e+04
6.060606060606060774e-01,1.696969696969697017e+00,5.427564141323863722e-02,-1.155941303138583454e-01,0.000000000000000000e+00,0.000000000000000000e+00,2.000000000000000000e+04
6.363636363636363535e-01,1.696969696969697017e+00,5.420651703710332309e-02,-1.133411518899708759e-01,0.000000000000000000e+00,0.000000000000000000e+00,2.000000000000000000e+04
6.666666666666666297e-01,1.696969696969697017e+00,5.406631314226673785e-02,-1.113716497382890858e-01,0.000000000000000000e+00,0.000000000000000000e+00,2.000000000000000000e+04
6.969696969696970168e-01,1.696969696969697017e+00,5.389008638932457629e-02,-1.096724997249437644e-01,0.000000000000000000e+00,0.000000000000000000e+00,2.000000000000000000e+04
7.272727272727272929e-01,1.696969696969697017e+00,5.370269418653505350e-02,-1.082242266955873999e-01,0.000000000000000000e+00,0.000000000000000000e+00,2.000000000000000000e+04
7.575757575757575690e-01,1.696969696969697017e+00,5.352076383001269644e-02,-1.070037963872337711e-01,0.000000000000000000e+00,0.000000000000000000e+00,2.000000000000000000e+04
7.878787878787878451e-01,1.696969696969697017e+00,5.335426929281440050e-02,-1.059864532428240053e-01,0.000000000000000000e+00,0.000000000000000000e+00,2.000000000000000000e+04
8.181818181818182323e-01,1.696969696969697017e+00,5.320770372031692619e-02,-1.051468891664005673e-01,0.000000000000000000e+00,0.000000000000000000e+00,2.000000000000000000e+04
8.484848484848485084e-01,1.696969696969697017e+00,5.308085761023276228e-02,-1.044599541109828833e-01,0.000000000000000000e+00,0.000000000000000000e+00,2.000000000000000000e+04
8.787878787878787845e-01,1.696969696969697017e+00,5.296920993883573459e-02,-1.039010667124988102e-01,0.000000000000000000e+00,0.000000000000000000e+00,2.000000000000000000e+04
9.090909090909090606e-01,1.696969696969697017e+00,5.286392084305233802e-02,-1.034464536657087735e-01,0.000000000000000000e+00,0.000000000000000000e+00,2.000000000000000000e+04
9.393939393939394478e-01,1.696969696969697017e+00,5.275138692459018647e-02,-1.030733413988898367e-01,0.000000000000000000e+00,0.000000000000000000e+00,2.000000000000000000e+04
9.696969696969697239e-01,1.696969696969697017e+00,5.261229091285382631e-02,-1.027602440438584452e-01,0.000000000000000000e+00,0.000000000000000000e+00,2.000000000000000000e+04
1.000000000000000000e+00,1.696969696969697017e+00,5.242005452323653808e-02,-1.024875389560880867e-01,0.000000000000000000e+00,0.000000000000000000e+00,2.000000000000000000e+04
0.000000000000000000e+00,1.727272727272727293e+00,0.000000000000000000e+00,0.000000000000000000e+00,1.000000000000000000e+00,0.000000000000000000e+00,2.000000000000000000e+04
3.030303030303030387e-02,1.727272727272727293e+00,-1.310094494036990716e-03,-2.038517932726964521e-02,0.000000000000000000e+00,0.000000000000000000e+00,2.000000000000000000e+04
6.060606060606060774e-02,1.727272727272727293e+00,-1.727219682540072528e-03,-4.049078757046767341e-02,0.000000000000000000e+00,0.000000000000000000e+00,2.000000000000000000e+04
9.090909090909091161e-02,1.727272727272727293e+00,-1.021615345471472633e-03,-6.029054963087680796e-02,0.000000000000000000e+00,0.000000000000000000e+00,2.000000000000000000e+04
1.212121212121212155e-01,1.727272727272727293e+00,1.020572675473774976e-03,-7.946543630148120152e-02,0.000000000000000000e+00,0.000000000000000000e+00,2.000000000000000000e+04
1.515151515151515194e-01,1.727272727272727293e+00,4.523739363915906669e-03,-9.747504929541461749e-02,0.000000000000000000e+00,0.000000000000000000e+00,2.000000000000000000e+04
1.818181818181818232e-01,1.727272727272727293e+00,9.461992640264565990e-03,-1.136384594405843856e-01,0.000000000000000000e+00,0.000000000000000000e+00,2.000000000000000000e+04
2.121212121212121271e-01,1.727272727272727293e+00,1.561367568172061446e-02,-1.272297674285755020e-01,0.000000000000000000e+00,0.000000000000000000e+00,2.000000000000000000e+04
2.424242424242424310e-01,1.727272727272727293e+00,2.254342231051718534e-02,-1.375954143944478347e-01,0.000000000000000000e+00,0.000000000000000000e+00,2.000000000000000000e+04
2.727272727272727071e-01,1.727272727272727293e+00,2.958830553741122540e-02,-1.442191102002038094e-01,0.000000000000000000e+00,0.000000000000000000e+00,2.000000000000000000e+04
3.030303030303030387e-01,1.727272727272727293e+00,3.610468168547236595e-02,-1.472837356753638194e-01,0.000000000000000000e+00,0.000000000000000000e+00,2.000000000000000000e+04
3.333333333333333148e-01,1.727272727272727293e+00,4.167150753058028456e-02,-1.474705025373154732e-01,0.000000000000000000e+00,0.000000000000000000e+00,2.000000000000000000e+04
3.636363636363636465e-01,1.727272727272727293e+00,4.611988050938412020e-02,-1.456062930847660808e-01,0.000000000000000000e+00,0.000000000000000000e+00,2.000000000000000000e+04
3.939393939393939226e-01,1.727272727272727293e+00,4.946900075791522966e-02,-1.424446695574421440e-01,0.000000000000000000e+00,0.000000000000000000e+00,2.000000000000000000e+04
4.242424242424242542e-01,1.727272727272727293e+00,5.184609213950588241e-02,-1.385816828843937365e-01,0.000000000000000000e+00,0.000000000000000000e+00,2.000000000000000000e+04
4.545454545454545303e-01,1.727272727272727293e+00,5.342332672938508720e-02,-1.344482516961905960e-01,0.000000000000000000e+00,0.000000000000000000e+00,2.000000000000000000e+04
4.848484848484848619e-01,1.727272727272727293e+00,5.437768478542382572e-02,-1.303346134480666829e-01,0.000000000000000000e+00,0.000000000000000000e+00,2.000000000000000000e+04
5.151515151515151381e-01,1.727272727272727293e+00,5.486948944629149033e-02,-1.264228929935369561e-01,0.000000000000000000e+00,0.000000000000000000e+00,2.000000000000000000e+04
5.454545454545454142e-01,1.727272727272727293e+00,5.503344804685440794e-02,-1.228172991822569227e-01,0.000000000000000000e+00,0.000000000000000000e+00,2.000000000000000000e+04
5.757575757575758013e-01,1.727272727272727293e+00,5.497704181278428859e-02,-1.195684831579901380e-01,0.000000000000000000e+00,0.000000000000000000e+00,2.000000000000000000e+04
6.060606060606060774e-01,1.727272727272727293e+00,5.478268997509345983e-02,-1.166917586018075825e-01,0.000000000000000000e+00,0.000000000000000000e+00,2.000000000000000000e+04
6.363636363636363535e-01,1.727272727272727293e+00,5.451147289201275364e-02,-1.141800754164051246e-01,0.000000000000000000e+00,0.000000000000000000e+00,2.000000000000000000e+04
6.666666666666666297e-01,1.727272727272727293e+00,5.420716409551169790e-02,-1.120129191739135111e-01,0.000000000000000000e+00,0.000000000000000000e+00,2.000000000000000000e+04
6.969696969696970168e-01,1.727272727272727293e+00,5.389993994498443880e-02,-1.101622189717208350e-01,0.000000000000000000e+00,0.000000000000000000e+00,2.000000000000000000e+04
7.272727272727272929e-01,1.727272727272727293e+00,5.360950233350807864e-02,-1.085961391844990770e-01,0.000000000000000000e+00,0.000000000000000000e+00,2.000000000000000000e+04
7.575757575757575690e-01,1.727272727272727293e+00,5.334755048003203548e-02,-1.072814141731669030e-01,0.000000000000000000e+00,0.000000000000000000e+00,2.000000000000000000e+04
7.878787878787878451e-01,1.727272727272727293e+00,5.311963551204247624e-02,-1.061846987114388186e-01,0.000000000000000000e+00,0.000000000000000000e+00,2.000000000000000000e+04
8.181818181818182323e-01,1.727272727272727293e+00,5.292646786041124707e-02,-1.052732599364026855e-01,0.000000000000000000e+00,0.000000000000000000e+00,2.000000000000000000e+04
8.484848484848485084e-01,1.727272727272727293e+00,5.276474714554060808e-02,-1.045152271623559365e-01,0.000000000000000000e+00,0.000000000000000000e+00,2.000000000000000000e+04
8.787878787878787845e-01,1.727272727272727293e+00,5.262756043365817565e-02,-1.038795400776859473e-01,0.000000000000000000e+00,0.000000000000000000e+00,2.000000000000000000e+04
9.090909090909090606e-01,1.727272727272727293e+00,5.250435434495811376e-02,-1.033356915376108659e-01,0.000000000000000000e+00,0.000000000000000000e+00,2.000000000000000000e+04
9.393939393939394478e-01,1.727272727272727293e+00,5.238043448319406464e-02,-1.028533485688986060e-01,0.000000000000000000e+00,0.000000000000000000e+00,2.000000000000000000e+04
9.696969696969697239e-01,1.727272727272727293e+00,5.223588822278043414e-02,-1.024019561214458141e-01,0.000000000000000000e+00,0.000000000000000000e+00,2.000000000000000000e+04
1.000000000000000000e+00,1.727272727272727293e+00,5.204377290190059097e-02,-1.019504852521529031e-01,0.000000000000000000e+00,0.000000000000000000e+00,2.000000000000000000e+04
0.000000000000000000e+00,1.757575757575757569e+00,0.000000000000000000e+00,0.000000000000000000e+00,1.000000000000000000e+00,0.000000000000000000e+00,2.000000000000000000e+04
3.030303030303030387e-02,1.757575757575757569e+00,-1.607690823357420815e-03,-2.136487884519004329e-02,0.000000000000000000e+00,0.000000000000000000e+00,2.000000000000000000e+04
6.060606060606060774e-02,1.757575757575757569e+00,-2.409690521658370069e-03,-4.282441904238529912e-02,0.000000000000000000e+00,0.000000000000000000e+00,2.000000000000000000e+04
9.090909090909091161e-02,1.757575757575757569e+00,-2.045681305144030852e-03,-6.436901944563482025e-02,0.000000000000000000e+00,0.000000000000000000e+00,2.000000000000000000e+04
1.212121212121212155e-01,1.757575757575757569e+00,-1.748732520806378621e-04,-8.558601221991771202e-02,0.000000000000000000e+00,0.000000000000000000e+00,2.000000000000000000e+04
1.515151515151515194e-01,1.757575757575757569e+00,3.437966189870743892e-03,-1.057559135807851214e-01,0.000000000000000000e+00,0.000000000000000000e+00,2.000000000000000000e+04
1.818181818181818232e-01,1.757575757575757569e+00,8.835963385190253455e-03,-1.239471448687483879e-01,0.000000000000000000e+00,0.000000000000000000e+00,2.000000000000000000e+04
2.121212121212121271e-01,1.757575757575757569e+00,1.578969117429245353e-02,-1.391322552782650324e-01,0.000000000000000000e+00,0.000000000000000000e+00,2.000000000000000000e+04
2.424242424242424310e-01,1.757575757575757569e+00,2.374747194404975767e-02,-1.503443225079300893e-01,0.000000000000000000e+00,0.000000000000000000e+00,2.000000000000000000e+04
2.727272727272727071e-01,1.757575757575757569e+00,3.174754906282303835e-02,-1.566914705384302164e-01,0.000000000000000000e+00,0.000000000000000000e+00,2.000000000000000000e+04
3.030303030303030387e-01,1.757575757575757569e+00,3.890381225787011704e-02,-1.585797866875726103e-01,0.000000000000000000e+00,0.000000000000000000e+00,2.000000000000000000e+04
3.333333333333333148e-01,1.757575757575757569e+00,4.472685696651057530e-02,-1.571253394679654192e-01,0.000000000000000000e+00,0.000000000000000000e+00,2.000000000000000000e+04
3.636363636363636465e-01,1.757575757575757569e+00,4.910369459651219015e-02,-1.535169231470625839e-01,0.000000000000000000e+00,0.000000000000000000e+00,2.000000000000000000e+04
3.939393939393939226e-01,1.757575757575757569e+00,5.215698404795785642e-02,-1.487287457220387021e-01,0.000000000000000000e+00,0.000000000000000000e+00,2.000000000000000000e+04
4.242424242424242542e-01,1.757575757575757569e+00,5.411590158647301696e-02,-1.434604218380123308e-01,0.000000000000000000e+00,0.000000000000000000e+00,2.000000000000000000e+04
4.545454545454545303e-01,1.757575757575757569e+00,5.523232574245062060e-02,-1.381712684143086012e-01,0.000000000000000000e+00,0.000000000000000000e+00,2.000000000000000000e+04
4.848484848484848619e-01,1.757575757575757569e+00,5.573682963780529631e-02,-1.331390356627673022e-01,0.000000000000000000e+00,0.000000000000000000e+00,2.000000000000000000e+04
5.151515151515151381e-01,1.757575757575757569e+00,5.582088345861382223e-02,-1.285149996913637349e-01,0.000000000000000000e+00,0.000000000000000000e+00,2.000000000000000000e+04
5.454545454545454142e-01,1.757575757575757569e+00,5.563375941293940974e-02,-1.243671942161593130e-01,0.000000000000000000e+00,0.000000000000000000e+00,2.000000000000000000e+04
5.757575757575758013e-01,1.757575757575757569e+00,5.528650325618744005e-02,-1.207114820277561951e-01,0.000000000000000000e+00,0.000000000000000000e+00,2.000000000000000000e+04
6.060606060606060774e-01,1.757575757575757569e+00,5.485852099287502615e-02,-1.175326951428216776e-01,0.000000000000000000e+00,0.000000000000000000e+00,2.000000000000000000e+04
6.363636363636363535e-01,1.757575757575757569e+00,5.440445329682647158e-02,-1.147984347852602088e-01,0.000000000000000000e+00,0.000000000000000000e+00,2.000000000000000000e+04
6.666666666666666297e-01,1.757575757575757569e+00,5.396027912037792279e-02,-1.124677461466300210e-01,0.000000000000000000e+00,0.000000000000000000e+00,2.000000000000000000e+04
6.969696969696970168e-01,1.757575757575757569e+00,5.354828580761184648e-02,-1.104963483012706832e-01,0.000000000000000000e+00,0.000000000000000000e+00,2.000000000000000000e+04
7.272727272727272929e-01,1.757575757575757569e+00,5.318089015746107345e-02,-1.088396148578128220e-01,0.000000000000000000e+00,0.000000000000000000e+00,2.000000000000000000e+04
7.575757575757575690e-01,1.757575757575757569e+00,5.286344444970934864e-02,-1.074541204683309298e-01,0.000000000000000000e+00,0.000000000000000000e+00,2.000000000000000000e+04
7.878787878787878451e-01,1.757575757575757569e+00,5.259620644420324315e-02,-1.062982888446699498e-01,0.000000000000000000e+00,0.000000000000000000e+00,2.000000000000000000e+04
8.181818181818182323e-01,1.757575757575757569e+00,5.237564563364232456e-02,-1.053324786431016902e-01,0.000000000000000000e+00,0.000000000000000000e+00,2.000000000000000000e+04
8.484848484848485084e-01,1.757575757575757569e+00,5.219522602144836820e-02,-1.045187028971067550e-01,0.000000000000000000e+00,0.000000000000000000e+00,2.000000000000000000e+04
8.787878787878787845e-01,1.757575757575757569e+00,5.204575797931156045e-02,-1.038200802119129684e-01,0.000000000000000000e+00,0.000000000000000000e+00,2.000000000000000000e+04
9.090909090909090606e-01,1.757575757575757569e+00,5.191534872008442270e-02,-1.032000547435990429e-01,0.000000000000000000e+00,0.000000000000000000e+00,2.000000000000000000e+04
9.393939393939394478e-01,1.757575757575757569e+00,5.178890124376842735e-02,-1.026213974021690373e-01,0.000000000000000000e+00,0.000000000000000000e+00,2.000000000000000000e+04
9.696969696969697239e-01,1.757575757575757569e+00,5.164701800079691402e-02,-1.020450171019673807e-01,0.000000000000000000e+00,0.000000000000000000e+00,2.000000000000000000e+04
1.000000000000000000e+00,1.757575757575757569e+00,5.146406711933783351e-02,-1.014286739302624335e-01,0.000000000000000000e+00,0.000000000000000000e+00,2.000000000000000000e+04
0.000000000000000000e+00,1.787878787878787845e+00,0.000000000000000000e+00,0.000000000000000000e+00,1.000000000000000000e+00,0.000000000000000000e+00,2.000000000000000000e+04
3.030303030303030387e-02,1.787878787878787845e+00,-1.851452391386667392e-03,-2.206284804781607350e-02,0.000000000000000000e+00,0.000000000000000000e+00,2.000000000000000000e+04
6.060606060606060774e-02,1.787878787878787845e+00,-3.068971561587305937e-03,-4.484169168628199947e-02,0.000000000000000000e+00,0.000000000000000000e+00,2.000000000000000000e+04
9.090909090909091161e-02,1.787878787878787845e+00,-3.137844388890398926e-03,-6.831573693636858180e-02,0.000000000000000000e+00,0.000000000000000000e+00,2.000000000000000000e+04
1.212121212121212155e-01,1.787878787878787845e+00,-1.556433825713957357e-03,-9.195245041088942473e-02,0.000000000000000000e+00,0.000000000000000000e+00,2.000000000000000000e+04
1.515151515151515194e-01,1.787878787878787845e+00,2.078526816485340954e-03,-1.148090418401016000e-01,0.000000000000000000e+00,0.000000000000000000e+00,2.000000000000000000e+04
1.818181818181818232e-01,1.787878787878787845e+00,7.946254327021088845e-03,-1.356194935110894284e-01,0.000000000000000000e+00,0.000000000000000000e+00,2.000000000000000000e+04
2.121212121212121271e-01,1.787878787878787845e+00,1.585359849409067809e-02,-1.529218845979281594e-01,0.000000000000000000e+00,0.000000000000000000e+00,2.000000000000000000e+04
2.424242424242424310e-01,1.787878787878787845e+00,2.511489608824645642e-02,-1.652618112136829964e-01,0.000000000000000000e+00,0.000000000000000000e+00,2.000000000000000000e+04
2.727272727272727071e-01,1.787878787878787845e+00,3.426702936508468217e-02,-1.710116683661663251e-01,0.000000000000000000e+00,0.000000000000000000e+00,2.000000000000000000e+04
3.030303030303030387e-01,1.787878787878787845e+00,4.207497813379380835e-02,-1.711020427256111087e-01,0.000000000000000000e+00,0.000000000000000000e+00,2.000000000000000000e+04
3.333333333333333148e-01,1.787878787878787845e+00,4.801729917277147014e-02,-1.673885213129036875e-01,0.000000000000000000e+00,0.000000000000000000e+00,2.000000000000000000e+04
3.636363636363636465e-01,1.787878787878787845e+00,5.211810841821174628e-02,-1.615600134696353052e-01,0.000000000000000000e+00,0.000000000000000000e+00,2.000000000000000000e+04
3.939393939393939226e-01,1.787878787878787845e+00,5.467001306393606819e-02,-1.548345878006653076e-01,0.000000000000000000e+00,0.000000000000000000e+00,2.000000000000000000e+04
4.242424242424242542e-01,1.787878787878787845e+00,5.604158879161868362e-02,-1.479886130388818888e-01,0.000000000000000000e+00,0.000000000000000000e+00,2.000000000000000000e+04
4.545454545454545303e-01,1.787878787878787845e+00,5.657798945123191509e-02,-1.414705175615936505e-01,0.000000000000000000e+00,0.000000000000000000e+00,2.000000000000000000e+04
4.848484848484848619e-01,1.787878787878787845e+00,5.656229111988622660e-02,-1.355099620723812515e-01,0.000000000000000000e+00,0.000000000000000000e+00,2.000000000000000000e+04
5.151515151515151381e-01,1.787878787878787845e+00,5.620896827124594736e-02,-1.302003136994251964e-01,0.000000000000000000e+00,0.000000000000000000e+00,2.000000000000000000e+04
5.454545454545454142e-01,1.787878787878787845e+00,5.567155993124692226e-02,-1.255548783551904413e-01,0.000000000000000000e+00,0.000000000000000000e+00,2.000000000000000000e+04
5.757575757575758013e-01,1.787878787878787845e+00,5.505487054453342410e-02,-1.215429992414724242e-01,0.000000000000000000e+00,0.000000000000000000e+00,2.000000000000000000e+04
6.060606060606060774e-01,1.787878787878787845e+00,5.442712980973809372e-02,-1.181122000982594705e-01,0.000000000000000000e+00,0.000000000000000000e+00,2.000000000000000000e+04
6.363636363636363535e-01,1.787878787878787845e+00,5.383030532159575887e-02,-1.152011850970539458e-01,0.000000000000000000e+00,0.000000000000000000e+00,2.000000000000000000e+04
6.666666666666666297e-01,1.787878787878787845e+00,5.328813377348836505e-02,-1.127470727814272600e-01,0.000000000000000000e+00,0.000000000000000000e+00,2.000000000000000000e+04
6.969696969696970168e-01,1.787878787878787845e+00,5.281203752911207971e-02,-1.106891054531127516e-01,0.000000000000000000e+00,0.000000000000000000e+00,2.000000000000000000e+04
7.272727272727272929e-01,1.787878787878787845e+00,5.240530046513981050e-02,-1.089702677952426313e-01,0.000000000000000000e+00,0.000000000000000000e+00,2.000000000000000000e+04
7.575757575757575690e-01,1.787878787878787845e+00,5.206590037876841770e-02,-1.075377048876946795e-01,0.000000000000000000e+00,0.000000000000000000e+00,2.000000000000000000e+04
7.878787878787878451e-01,1.787878787878787845e+00,5.178834518795372155e-02,-1.063424737759766231e-01,0.000000000000000000e+00,0.000000000000000000e+00,2.000000000000000000e+04
8.181818181818182323e-01,1.787878787878787845e+00,5.156478998719470769e-02,-1.053389301314595627e-01,0.000000000000000000e+00,0.000000000000000000e+00,2.000000000000000000e+04
8.484848484848485084e-01,1.787878787878787845e+00,5.138564288703390687e-02,-1.044838944316813512e-01,0.000000000000000000e+00,0.000000000000000000e+00,2.000000000000000000e+04
8.787878787878787845e-01,1.787878787878787845e+00,5.123980043036763243e-02,-1.037356295063380091e-01,0.000000000000000000e+00,0.000000000000000000e+00,2.000000000000000000e+04
9.090909090909090606e-01,1.787878787878787845e+00,5.111457592345324680e-02,-1.030525801550171844e-01,0.000000000000000000e+00,0.000000000000000000e+00,2.000000000000000000e+04
9.393939393939394478e-01,1.787878787878787845e+00,5.099528029437516707e-02,-1.023917789965712033e-01,0.000000000000000000e+00,0.000000000000000000e+00,2.000000000000000000e+04
9.696969696969697239e-01,1.787878787878787845e+00,5.086427803010729054e-02,-1.017068227544779824e-01,0.000000000000000000e+00,0.000000000000000000e+00,2.000000000000000000e+04
1.000000000000000000e+00,1.787878787878787845e+00,5.069917891557276096e-02,-1.009453822487919872e-01,0.000000000000000000e+00,0.000000000000000000e+00,2.000000000000000000e+04
0.000000000000000000e+00,1.818181818181818121e+00,0.000000000000000000e+00,0.000000000000000000e+00,1.000000000000000000e+00,0.000000000000000000e+00,2.000000000000000000e+04
3.030303030303030387e-02,1.818181818181818121e+00,-1.922309899257773147e-03,-2.234487839677164189e-02,0.000000000000000000e+00,0.000000000000000000e+00,2.000000000000000000e+04
6.060606060606060774e-02,1.818181818181818121e+00,-3.487899819186584920e-03,-4.633908910005892640e-02,0.000000000000000000e+00,0.000000000000000000e+00,2.000000000000000000e+04
9.090909090909091161e-02,1.818181818181818121e+00,-4.040742529628801698e-03,-7.190232289485169737e-02,0.000000000000000000e+00,0.000000000000000000e+00,2.000000000000000000e+04
1.212121212121212155e-01,1.818181818181818121e+00,-2.904683633389459722e-03,-9.838179697028459625e-02,0.000000000000000000e+00,0.000000000000000000e+00,2.000000000000000000e+04
1.515151515151515194e-01,1.818181818181818121e+00,5.717202940356547192e-04,-1.245952565332890671e-01,0.000000000000000000e+00,0.000000000000000000e+00,2.000000000000000000e+04
1.818181818181818232e-01,1.818181818181818121e+00,6.833056812582911227e-03,-1.488528716480227165e-01,0.000000000000000000e+00,0.000000000000000000e+00,2.000000000000000000e+04
2.121212121212121271e-01,1.818181818181818121e+00,1.583510478197500473e-02,-1.690681782251163556e-01,0.000000000000000000e+00,0.000000000000000000e+00,2.000000000000000000e+04
2.424242424242424310e-01,1.818181818181818121e+00,2.677147448236608454e-02,-1.830159729338593499e-01,0.000000000000000000e+00,0.000000000000000000e+00,2.000000000000000000e+04
2.727272727272727071e-01,1.818181818181818121e+00,3.729071980457421970e-02,-1.875636340117021739e-01,0.000000000000000000e+00,0.000000000000000000e+00,2.000000000000000000e+04
3.030303030303030387e-01,1.818181818181818121e+00,4.566797607062662856e-02,-1.848909507361844173e-01,0.000000000000000000e+00,0.000000000000000000e+00,2.000000000000000000e+04
3.333333333333333148e-01,1.818181818181818121e+00,5.146212044131811408e-02,-1.780890791186537925e-01,0.000000000000000000e+00,0.000000000000000000e+00,2.000000000000000000e+04
3.636363636363636465e-01,1.818181818181818121e+00,5.497631690224524109e-02,-1.694869156964093071e-01,0.000000000000000000e+00,0.000000000000000000e+00,2.000000000000000000e+04
3.939393939393939226e-01,1.818181818181818121e+00,5.676138900373327301e-02,-1.605196844004673773e-01,0.000000000000000000e+00,0.000000000000000000e+00,2.000000000000000000e+04
4.242424242424242542e-01,1.818181818181818121e+00,5.735982292217776946e-02,-1.519687144511684407e-01,0.000000000000000000e+00,0.000000000000000000e+00,2.000000000000000000e+04
4.545454545454545303e-01,1.818181818181818121e+00,5.721121741218721662e-02,-1.442038172013736241e-01,0.000000000000000000e+00,0.000000000000000000e+00,2.000000000000000000e+04
4.848484848484848619e-01,1.818181818181818121e+00,5.663691594665225953e-02,-1.373563779927998163e-01,0.000000000000000000e+00,0.000000000000000000e+00,2.000000000000000000e+04
5.151515151515151381e-01,1.818181818181818121e+00,5.585589164797020306e-02,-1.314290343848379672e-01,0.000000000000000000e+00,0.000000000000000000e+00,2.000000000000000000e+04
5.454545454545454142e-01,1.818181818181818121e+00,5.500876909698058925e-02,-1.263608429176247827e-01,0.000000000000000000e+00,0.000000000000000000e+00,2.000000000000000000e+04
5.757575757575758013e-01,1.818181818181818121e+00,5.418039417453380385e-02,-1.220641336600775118e-01,0.000000000000000000e+00,0.000000000000000000e+00,2.000000000000000000e+04
6.060606060606060774e-01,1.818181818181818121e+00,5.341787881979302710e-02,-1.184442827408737353e-01,0.000000000000000000e+00,0.000000000000000000e+00,2.000000000000000000e+04
6.363636363636363535e-01,1.818181818181818121e+00,5.274385764083374534e-02,-1.154095576431286713e-01,0.000000000000000000e+00,0.000000000000000000e+00,2.000000000000000000e+04
6.666666666666666297e-01,1.818181818181818121e+00,5.216570728926994693e-02,-1.128753884388188078e-01,0.000000000000000000e+00,0.000000000000000000e+00,2.000000000000000000e+04
6.969696969696970168e-01,1.818181818181818121e+00,5.168169366966607337e-02,-1.107656307280847768e-01,0.000000000000000000e+00,0.000000000000000000e+00,2.000000000000000000e+04
7.272727272727272929e-01,1.818181818181818121e+00,5.128491401842344422e-02,-1.090122917935441582e-01,0.000000000000000000e+00,0.000000000000000000e+00,2.000000000000000000e+04
7.575757575757575690e-01,1.818181818181818121e+00,5.096571411657218470e-02,-1.075545392341747952e-01,0.000000000000000000e+00,0.000000000000000000e+00,2.000000000000000000e+04
7.878787878787878451e-01,1.818181818181818121e+00,5.071307853696688239e-02,-1.063374285950772907e-01,0.000000000000000000e+00,0.000000000000000000e+00,2.000000000000000000e+04
8.181818181818182323e-01,1.818181818181818121e+00,5.051534618110011671e-02,-1.053105600949832688e-01,0.000000000000000000e+00,0.000000000000000000e+00,2.000000000000000000e+04
8.484848484848485084e-01,1.818181818181818121e+00,5.036049955739287792e-02,-1.044267299921112779e-01,0.000000000000000000e+00,0.000000000000000000e+00,2.000000000000000000e+04
8.787878787878787845e-01,1.818181818181818121e+00,5.023620448063620403e-02,-1.036405298661546431e-01,0.000000000000000000e+00,0.000000000000000000e+00,2.000000000000000000e+04
9.090909090909090606e-01,1.818181818181818121e+00,5.012970983056581203e-02,-1.029067422936586484e-01,0.000000000000000000e+00,0.000000000000000000e+00,2.000000000000000000e+04
9.393939393939394478e-01,1.818181818181818121e+00,5.002761083970001799e-02,-1.021782912391562409e-01,0.000000000000000000e+00,0.000000000000000000e+00,2.000000000000000000e+04
9.696969696969697239e-01,1.818181818181818121e+00,4.991529847618864785e-02,-1.014034614313221727e-01,0.000000000000000000e+00,0.000000000000000000e+00,2.000000000000000000e+04
1.000000000000000000e+00,1.818181818181818121e+00,4.977566344021015082e-02,-1.005221340201979119e-01,0.000000000000000000e+00,0.000000000000000000e+00,2.000000000000000000e+04
0.000000000000000000e+00,1.848484848484848397e+00,0.000000000000000000e+00,0.000000000000000000e+00,1.000000000000000000e+00,0.000000000000000000e+00,2.000000000000000000e+04
3.030303030303030387e-02,1.848484848484848397e+00,-1.613585439647583159e-03,-2.210608790033312746e-02,0.000000000000000000e+00,0.000000000000000000e+00,2.000000000000000000e+04
6.060606060606060774e-02,1.848484848484848397e+00,-3.247150373596205484e-03,-4.712074977077098520e-02,0.000000000000000000e+00,0.000000000000000000e+00,2.000000000000000000e+04
9.090909090909091161e-02,1.848484848484848397e+00,-4.200766741687507293e-03,-7.483205084985658506e-02,0.000000000000000000e+00,0.000000000000000000e+00,2.000000000000000000e+04
1.212121212121212155e-01,1.848484848484848397e+00,-3.686948147536080363e-03,-1.045455600222354314e-01,0.000000000000000000e+00,0.000000000000000000e+00,2.000000000000000000e+04
1.515151515151515194e-01,1.848484848484848397e+00,-7.216379839607659635e-04,-1.349220133064711891e-01,0.000000000000000000e+00,0.000000000000000000e+00,2.000000000000000000e+04
1.818181818181818232e-01,1.848484848484848397e+00,5.647097514728856120e-03,-1.637913301381171416e-01,0.000000000000000000e+00,0.000000000000000000e+00,2.000000000000000000e+04
2.121212121212121271e-01,1.848484848484848397e+00,1.579591463484863317e-02,-1.881752559070977437e-01,0.000000000000000000e+00,0.000000000000000000e+00,2.000000000000000000e+04
2.424242424242424310e-01,1.848484848484848397e+00,2.891376639165784204e-02,-2.046096788243744746e-01,0.000000000000000000e+00,0.000000000000000000e+00,2.000000000000000000e+04
2.727272727272727071e-01,1.848484848484848397e+00,4.098855637985882039e-02,-2.067700943624546095e-01,0.000000000000000000e+00,0.000000000000000000e+00,2.000000000000000000e+04
3.030303030303030387e-01,1.848484848484848397e+00,4.965501029245927844e-02,-1.998413547129772316e-01,0.000000000000000000e+00,0.000000000000000000e+00,2.000000000000000000e+04
3.333333333333333148e-01,1.848484848484848397e+00,5.482868519761212311e-02,-1.888850564513984420e-01,0.000000000000000000e+00,0.000000000000000000e+00,2.000000000000000000e+04
3.636363636363636465e-01,1.848484848484848397e+00,5.731799955863905310e-02,-1.769247838768348291e-01,0.000000000000000000e+00,0.000000000000000000e+00,2.000000000000000000e+04
3.939393939393939226e-01,1.848484848484848397e+00,5.802833481590653764e-02,-1.654764392913276871e-01,0.000000000000000000e+00,0.000000000000000000e+00,2.000000000000000000e+04
4.242424242424242542e-01,1.848484848484848397e+00,5.768725357086454397e-02,-1.551851439543795175e-01,0.000000000000000000e+00,0.000000000000000000e+00,2.000000000000000000e+04
4.545454545454545303e-01,1.848484848484848397e+00,5.680236668430405783e-02,-1.462408887069842622e-01,0.000000000000000000e+00,0.000000000000000000e+00,2.000000000000000000e+04
4.848484848484848619e-01,1.848484848484848397e+00,5.569759904567556791e-02,-1.386146396443217188e-01,0.000000000000000000e+00,0.000000000000000000e+00,2.000000000000000000e+04
5.151515151515151381e-01,1.848484848484848397e+00,5.456442240876172717e-02,-1.321842024407151595e-01,0.000000000000000000e+00,0.000000000000000000e+00,2.000000000000000000e+04
5.454545454545454142e-01,1.848484848484848397e+00,5.350637565771304560e-02,-1.267979170093002927e-01,0.000000000000000000e+00,0.000000000000000000e+00,2.000000000000000000e+04
5.757575757575758013e-01,1.848484848484848397e+00,5.257200739586454646e-02,-1.223047751506504549e-01,0.000000000000000000e+00,0.000000000000000000e+00,2.000000000000000000e+04
6.060606060606060774e-01,1.848484848484848397e+00,5.177728404904159698e-02,-1.185670328379170996e-01,0.000000000000000000e+00,0.000000000000000000e+00,2.000000000000000000e+04
6.363636363636363535e-01,1.848484848484848397e+00,5.112000701959576454e-02,-1.154640681837060812e-01,0.000000000000000000e+00,0.000000000000000000e+00,2.000000000000000000e+04
6.666666666666666297e-01,1.848484848484848397e+00,5.058868445820420556e-02,-1.128921250402622478e-01,0.000000000000000000e+00,0.000000000000000000e+00,2.000000000000000000e+04
6.969696969696970168e-01,1.848484848484848397e+00,5.016775748026259391e-02,-1.107623299902213976e-01,0.000000000000000000e+00,0.000000000000000000e+00,2.000000000000000000e+04
7.272727272727272929e-01,1.848484848484848397e+00,4.984051738926290054e-02,-1.089981626855458102e-01,0.000000000000000000e+00,0.000000000000000000e+00,2.000000000000000000e+04
7.575757575757575690e-01,1.848484848484848397e+00,4.959060047717894076e-02,-1.075329265551875219e-01,0.000000000000000000e+00,0.000000000000000000e+00,2.000000000000000000e+04
7.878787878787878451e-01,1.848484848484848397e+00,4.940262657796214152e-02,-1.063074437684424084e-01,0.000000000000000000e+00,0.000000000000000000e+00,2.000000000000000000e+04
8.181818181818182323e-01,1.848484848484848397e+00,4.926233731402920174e-02,-1.052680355757814601e-01,0.000000000000000000e+00,0.000000000000000000e+00,2.000000000000000000e+04
8.484848484848485084e-01,1.848484848484848397e+00,4.915646601157579176e-02,-1.043647583297520887e-01,0.000000000000000000e+00,0.000000000000000000e+00,2.000000000000000000e+04
8.787878787878787845e-01,1.848484848484848397e+00,4.907251421608810338e-02,-1.035497847654100328e-01,0.000000000000000000e+00,0.000000000000000000e+00,2.000000000000000000e+04
9.090909090909090606e-01,1.848484848484848397e+00,4.899859493930491111e-02,-1.027756981363955463e-01,0.000000000000000000e+00,0.000000000000000000e+00,2.000000000000000000e+04
9.393939393939394478e-01,1.848484848484848397e+00,4.892345767745715640e-02,-1.019932941101424351e-01,0.000000000000000000e+00,0.000000000000000000e+00,2.000000000000000000e+04
9.696969696969697239e-01,1.848484848484848397e+00,4.883661943259145349e-02,-1.011483297889030492e-01,0.000000000000000000e+00,0.000000000000000000e+00,2.000000000000000000e+04
1.000000000000000000e+00,1.848484848484848397e+00,4.872813951928709614e-02,-1.001766128688688084e-01,0.000000000000000000e+00,0.000000000000000000e+00,2.000000000000000000e+04
0.000000000000000000e+00,1.878787878787878896e+00,0.000000000000000000e+00,0.000000000000000000e+00,1.000000000000000000e+00,0.000000000000000000e+00,2.000000000000000000e+04
3.030303030303030387e-02,1.878787878787878896e+00,-6.077277924286345013e-04,-2.135906462093133812e-02,0.000000000000000000e+00,0.000000000000000000e+00,2.000000000000000000e+04
6.060606060606060774e-02,1.878787878787878896e+00,-1.646209802200760287e-03,-4.711428095385179066e-02,0.000000000000000000e+00,0.000000000000000000e+00,2.000000000000000000e+04
9.090909090909091161e-02,1.878787878787878896e+00,-2.581302354721505803e-03,-7.679713975083135580e-02,0.000000000000000000e+00,0.000000000000000000e+00,2.000000000000000000e+04
1.212121212121212155e-01,1.878787878787878896e+00,-2.765932979570917896e-03,-1.098949904124167237e-01,0.000000000000000000e+00,0.000000000000000000e+00,2.000000000000000000e+04
1.515151515151515194e-01,1.878787878787878896e+00,-9.281586773769263596e-04,-1.452642087397828519e-01,0.000000000000000000e+00,0.000000000000000000e+00,2.000000000000000000e+04
1.818181818181818232e-01,1.878787878787878896e+00,4.789189671453365250e-03,-1.803695928561818707e-01,0.000000000000000000e+00,0.000000000000000000e+00,2.000000000000000000e+04
2.121212121212121271e-01,1.878787878787878896e+00,1.583374679961501233e-02,-2.109884866119174363e-01,0.000000000000000000e+00,0.000000000000000000e+00,2.000000000000000000e+04
2.424242424242424310e-01,1.878787878787878896e+00,3.182245558828022958e-02,-2.316292051695517940e-01,0.000000000000000000e+00,0.000000000000000000e+00,2.000000000000000000e+04
2.727272727272727071e-01,1.878787878787878896e+00,4.548885488976000396e-02,-2.289955373768595981e-01,0.000000000000000000e+00,0.000000000000000000e+00,2.000000000000000000e+04
3.030303030303030387e-01,1.878787878787878896e+00,5.378159144454874863e-02,-2.155526718031565425e-01,0.000000000000000000e+00,0.000000000000000000e+00,2.000000000000000000e+04
3.333333333333333148e-01,1.878787878787878896e+00,5.757457853095394873e-02,-1.991842862388894797e-01,0.000000000000000000e+00,0.000000000000000000e+00,2.000000000000000000e+04
3.636363636363636465e-01,1.878787878787878896e+00,5.849028978042202648e-02,-1.833656936464596043e-01,0.000000000000000000e+00,0.000000000000000000e+00,2.000000000000000000e+04
3.939393939393939226e-01,1.878787878787878896e+00,5.784356597859294929e-02,-1.693588027750564107e-01,0.000000000000000000e+00,0.000000000000000000e+00,2.000000000000000000e+04
4.242424242424242542e-01,1.878787878787878896e+00,5.649456503665070684e-02,-1.574432828016172070e-01,0.000000000000000000e+00,0.000000000000000000e+00,2.000000000000000000e+04
4.545454545454545303e-01,1.878787878787878896e+00,5.494361154849387169e-02,-1.475006017992989138e-01,0.000000000000000000e+00,0.000000000000000000e+00,2.000000000000000000e+04
4.848484848484848619e-01,1.878787878787878896e+00,5.345292667699302197e-02,-1.392781211021047183e-01,0.000000000000000000e+00,0.000000000000000000e+00,2.000000000000000000e+04
5.151515151515151381e-01,1.878787878787878896e+00,5.214148115794841470e-02,-1.325026641832232066e-01,0.000000000000000000e+00,0.000000000000000000e+00,2.000000000000000000e+04
5.454545454545454142e-01,1.878787878787878896e+00,5.104813048545094739e-02,-1.269246584185914906e-01,0.000000000000000000e+00,0.000000000000000000e+00,2.000000000000000000e+04
5.757575757575758013e-01,1.878787878787878896e+00,5.017026977119746350e-02,-1.223312289075081521e-01,0.000000000000000000e+00,0.000000000000000000e+00,2.000000000000000000e+04
6.060606060606060774e-01,1.878787878787878896e+00,4.948613374610663640e-02,-1.185462442811505840e-01,0.000000000000000000e+00,0.000000000000000000e+00,2.000000000000000000e+04
6.363636363636363535e-01,1.878787878787878896e+00,4.896697860489318543e-02,-1.154255762833781424e-01,0.000000000000000000e+00,0.000000000000000000e+00,2.000000000000000000e+04
6.666666666666666297e-01,1.878787878787878896e+00,4.858332226806693493e-02,-1.128512029721804311e-01,0.000000000000000000e+00,0.000000000000000000e+00,2.000000000000000000e+04
6.969696969696970168e-01,1.878787878787878896e+00,4.830784170000469030e-02,-1.107256180076763713e-01,0.000000000000000000e+00,0.000000000000000000e+00,2.000000000000000000e+04
7.272727272727272929e-01,1.878787878787878896e+00,4.811646567852629480e-02,-1.089670276530614046e-01,0.000000000000000000e+00,0.000000000000000000e+00,2.000000000000000000e+04
7.575757575757575690e-01,1.878787878787878896e+00,4.798853755709222429e-02,-1.075054007285411728e-01,0.000000000000000000e+00,0.000000000000000000e+00,2.000000000000000000e+04
7.878787878787878451e-01,1.878787878787878896e+00,4.790652652955317697e-02,-1.062792825242580425e-01,0.000000000000000000e+00,0.000000000000000000e+00,2.000000000000000000e+04
8.181818181818182323e-01,1.878787878787878896e+00,4.785554129136052048e-02,-1.052332449865163305e-01,0.000000000000000000e+00,0.000000000000000000e+00,2.000000000000000000e+04
8.484848484848485084e-01,1.878787878787878896e+00,4.782278665810114904e-02,-1.043158480007184002e-01,0.000000000000000000e+00,0.000000000000000000e+00,2.000000000000000000e+04
8.787878787878787845e-01,1.878787878787878896e+00,4.779707422002073269e-02,-1.034779795529116725e-01,0.000000000000000000e+00,0.000000000000000000e+00,2.000000000000000000e+04
9.090909090909090606e-01,1.878787878787878896e+00,4.776855289732008514e-02,-1.026713576294397412e-01,0.000000000000000000e+00,0.000000000000000000e+00,2.000000000000000000e+04
9.393939393939394478e-01,1.878787878787878896e+00,4.772895656525445035e-02,-1.018467005809451931e-01,0.000000000000000000e+00,0.000000000000000000e+00,2.000000000000000000e+04
9.696969696969697239e-01,1.878787878787878896e+00,4.767263843486806846e-02,-1.009506481190384775e-01,0.000000000000000000e+00,0.000000000000000000e+00,2.000000000000000000e+04
1.000000000000000000e+00,1.878787878787878896e+00,4.759814224703505514e-02,-9.992022747748023626e-02,0.000000000000000000e+00,0.000000000000000000e+00,2.000000000000000000e+04
0.000000000000000000e+00,1.909090909090909172e+00,0.000000000000000000e+00,0.000000000000000000e+00,1.000000000000000000e+00,0.000000000000000000e+00,2.000000000000000000e+04
3.030303030303030387e-02,1.909090909090909172e+00,1.539547136495359987e-03,-2.036833632147467404e-02,0.000000000000000000e+00,0.000000000000000000e+00,2.000000000000000000e+04
6.060606060606060774e-02,1.909090909090909172e+00,2.329754792941932020e-03,-4.657759795059918106e-02,0.000000000000000000e+00,0.000000000000000000e+00,2.000000000000000000e+04
9.090909090909091161e-02,1.909090909090909172e+00,2.457093565758412378e-03,-7.770941198439781927e-02,0.000000000000000000e+00,0.000000000000000000e+00,2.000000000000000000e+04
1.212121212121212155e-01,1.909090909090909172e+00,2.038045948279959378e-03,-1.136721435523801310e-01,0.000000000000000000e+00,0.000000000000000000e+00,2.000000000000000000e+04
1.515151515151515194e-01,1.909090909090909172e+00,1.988987301489456884e-03,-1.544261251941698165e-01,0.000000000000000000e+00,0.000000000000000000e+00,2.000000000000000000e+04
1.818181818181818232e-01,1.909090909090909172e+00,5.318023001938627925e-03,-1.979004849358461660e-01,0.000000000000000000e+00,0.000000000000000000e+00,2.000000000000000000e+04
2.121212121212121271e-01,1.909090909090909172e+00,1.609213720390775468e-02,-2.383088889279651179e-01,0.000000000000000000e+00,0.000000000000000000e+00,2.000000000000000000e+04
2.424242424242424310e-01,1.909090909090909172e+00,3.582264633748932087e-02,-2.667347107398757022e-01,0.000000000000000000e+00,0.000000000000000000e+00,2.000000000000000000e+04
2.727272727272727071e-01,1.909090909090909172e+00,5.063942135726277188e-02,-2.542654819847761094e-01,0.000000000000000000e+00,0.000000000000000000e+00,2.000000000000000000e+04
3.030303030303030387e-01,1.909090909090909172e+00,5.721779483579636505e-02,-2.310906584171915357e-01,0.000000000000000000e+00,0.000000000000000000e+00,2.000000000000000000e+04
3.333333333333333148e-01,1.909090909090909172e+00,5.855875795435866449e-02,-2.080847980570028621e-01,0.000000000000000000e+00,0.000000000000000000e+00,2.000000000000000000e+04
3.636363636363636465e-01,1.909090909090909172e+00,5.737858108578719474e-02,-1.882125492958876267e-01,0.000000000000000000e+00,0.000000000000000000e+00,2.000000000000000000e+04
3.939393939393939226e-01,1.909090909090909172e+00,5.529147023578744741e-02,-1.718619611655844426e-01,0.000000000000000000e+00,0.000000000000000000e+00,2.000000000000000000e+04
4.242424242424242542e-01,1.909090909090909172e+00,5.311085081035101657e-02,-1.586447499613308498e-01,0.000000000000000000e+00,0.000000000000000000e+00,2.000000000000000000e+04
4.545454545454545303e-01,1.909090909090909172e+00,5.118740747092367233e-02,-1.480080059124338210e-01,0.000000000000000000e+00,0.000000000000000000e+00,2.000000000000000000e+04
4.848484848484848619e-01,1.909090909090909172e+00,4.963248430341536677e-02,-1.394347439433915592e-01,0.000000000000000000e+00,0.000000000000000000e+00,2.000000000000000000e+04
5.151515151515151381e-01,1.909090909090909172e+00,4.844537091370409304e-02,-1.324967728420031188e-01,0.000000000000000000e+00,0.000000000000000000e+00,2.000000000000000000e+04
5.454545454545454142e-01,1.909090909090909172e+00,4.758006141229870201e-02,-1.268559171682333286e-01,0.000000000000000000e+00,0.000000000000000000e+00,2.000000000000000000e+04
5.757575757575758013e-01,1.909090909090909172e+00,4.697781417531483178e-02,-1.222497207527379198e-01,0.000000000000000000e+00,0.000000000000000000e+00,2.000000000000000000e+04
6.060606060606060774e-01,1.909090909090909172e+00,4.658163315785180530e-02,-1.184748785314967412e-01,0.000000000000000000e+00,0.000000000000000000e+00,2.000000000000000000e+04
6.363636363636363535e-01,1.909090909090909172e+00,4.634172785768982811e-02,-1.153727190939490693e-01,0.000000000000000000e+00,0.000000000000000000e+00,2.000000000000000000e+04
6.666666666666666297e-01,1.909090909090909172e+00,4.621676257240768526e-02,-1.128176679125961757e-01,0.000000000000000000e+00,0.000000000000000000e+00,2.000000000000000000e+04
6.969696969696970168e-01,1.909090909090909172e+00,4.617333008092834590e-02,-1.107084472639676132e-01,0.000000000000000000e+00,0.000000000000000000e+00,2.000000000000000000e+04
7.272727272727272929e-01,1.909090909090909172e+00,4.618481880622376384e-02,-1.089614628831958865e-01,0.000000000000000000e+00,0.000000000000000000e+00,2.000000000000000000e+04
7.575757575757575690e-01,1.909090909090909172e+00,4.623019409467713642e-02,-1.075058369994862234e-01,0.000000000000000000e+00,0.000000000000000000e+00,2.000000000000000000e+04
7.878787878787878451e-01,1.909090909090909172e+00,4.629289512593395828e-02,-1.062796530184084570e-01,0.000000000000000000e+00,0.000000000000000000e+00,2.000000000000000000e+04
8.181818181818182323e-01,1.909090909090909172e+00,4.635990041663409084e-02,-1.052270980242064058e-01,0.000000000000000000e+00,0.000000000000000000e+00,2.000000000000000000e+04
8.484848484848485084e-01,1.909090909090909172e+00,4.642095635466413073e-02,-1.042963001956563190e-01,0.000000000000000000e+00,0.000000000000000000e+00,2.000000000000000000e+04
8.787878787878787845e-01,1.909090909090909172e+00,4.646796514490320051e-02,-1.034377488741492074e-01,0.000000000000000000e+00,0.000000000000000000e+00,2.000000000000000000e+04
9.090909090909090606e-01,1.909090909090909172e+00,4.649461037872376634e-02,-1.026032216939651437e-01,0.000000000000000000e+00,0.000000000000000000e+00,2.000000000000000000e+04
9.393939393939394478e-01,1.909090909090909172e+00,4.649656079270492182e-02,-1.017449695324168374e-01,0.000000000000000000e+00,0.000000000000000000e+00,2.000000000000000000e+04
9.696969696969697239e-01,1.909090909090909172e+00,4.647320034767954411e-02,-1.008140333291758783e-01,0.000000000000000000e+00,0.000000000000000000e+00,2.000000000000000000e+04
1.000000000000000000e+00,1.909090909090909172e+00,4.643167676565165825e-02,-9.975543659586227907e-02,0.000000000000000000e+00,0.000000000000000000e+00,2.000000000000000000e+04
0.000000000000000000e+00,1.939393939393939448e+00,0.000000000000000000e+00,0.000000000000000000e+00,1.000000000000000000e+00,0.000000000000000000e+00,2.000000000000000000e+04
3.030303030303030387e-02,1.939393939393939448e+00,5.446372777583634306e-03,-1.982007876466479815e-02,0.000000000000000000e+00,0.000000000000000000e+00,2.000000000000000000e+04
6.060606060606060774e-02,1.939393939393939448e+00,1.000096383063709196e-02,-4.632955871884078536e-02,0.000000000000000000e+00,0.000000000000000000e+00,2.000000000000000000e+04
9.090909090909091161e-02,1.939393939393939448e+00,1.304585742115807641e-02,-7.810749013631308746e-02,0.000000000000000000e+00,0.000000000000000000e+00,2.000000000000000000e+04
1.212121212121212155e-01,1.939393939393939448e+00,1.398936907706600091e-02,-1.155316789225863255e-01,0.000000000000000000e+00,0.000000000000000000e+00,2.000000000000000000e+04
1.515151515151515194e-01,1.939393939393939448e+00,1.263839772663032275e-02,-1.601746241366534818e-01,0.000000000000000000e+00,0.000000000000000000e+00,2.000000000000000000e+04
1.818181818181818232e-01,1.939393939393939448e+00,1.047299982264374846e-02,-2.139086962931969205e-01,0.000000000000000000e+00,0.000000000000000000e+00,2.000000000000000000e+04
2.121212121212121271e-01,1.939393939393939448e+00,1.691915605087065261e-02,-2.704952592564703329e-01,0.000000000000000000e+00,0.000000000000000000e+00,2.000000000000000000e+04
2.424242424242424310e-01,1.939393939393939448e+00,4.095875280135881369e-02,-3.146643793946483636e-01,0.000000000000000000e+00,0.000000000000000000e+00,2.000000000000000000e+04
2.727272727272727071e-01,1.939393939393939448e+00,5.522534365906476422e-02,-2.815603244383382275e-01,0.000000000000000000e+00,0.000000000000000000e+00,2.000000000000000000e+04
3.030303030303030387e-01,1.939393939393939448e+00,5.775857953712452975e-02,-2.447018221851288422e-01,0.000000000000000000e+00,0.000000000000000000e+00,2.000000000000000000e+04
3.333333333333333148e-01,1.939393939393939448e+00,5.555397232878525604e-02,-2.144468358589663448e-01,0.000000000000000000e+00,0.000000000000000000e+00,2.000000000000000000e+04
3.636363636363636465e-01,1.939393939393939448e+00,5.222498146209576808e-02,-1.909616978906157336e-01,0.000000000000000000e+00,0.000000000000000000e+00,2.000000000000000000e+04
3.939393939393939226e-01,1.939393939393939448e+00,4.917750748162573460e-02,-1.728918380377535702e-01,0.000000000000000000e+00,0.000000000000000000e+00,2.000000000000000000e+04
4.242424242424242542e-01,1.939393939393939448e+00,4.681878839379493423e-02,-1.589070064720921327e-01,0.000000000000000000e+00,0.000000000000000000e+00,2.000000000000000000e+04
4.545454545454545303e-01,1.939393939393939448e+00,4.516154744508030922e-02,-1.479653681426295886e-01,0.000000000000000000e+00,0.000000000000000000e+00,2.000000000000000000e+04
4.848484848484848619e-01,1.939393939393939448e+00,4.408978252049668839e-02,-1.393023009429207038e-01,0.000000000000000000e+00,0.000000000000000000e+00,2.000000000000000000e+04
5.151515151515151381e-01,1.939393939393939448e+00,4.346575576399447360e-02,-1.323671709637391780e-01,0.000000000000000000e+00,0.000000000000000000e+00,2.000000000000000000e+04
5.454545454545454142e-01,1.939393939393939448e+00,4.316741697162797958e-02,-1.267630764353606110e-01,0.000000000000000000e+00,0.000000000000000000e+00,2.000000000000000000e+04
5.757575757575758013e-01,1.939393939393939448e+00,4.309737741913074321e-02,-1.222006439753686863e-01,0.000000000000000000e+00,0.000000000000000000e+00,2.000000000000000000e+04
6.060606060606060774e-01,1.939393939393939448e+00,4.318147413652422689e-02,-1.184651691449567779e-01,0.000000000000000000e+00,0.000000000000000000e+00,2.000000000000000000e+04
6.363636363636363535e-01,1.939393939393939448e+00,4.336439787240820715e-02,-1.153939125642776120e-01,0.000000000000000000e+00,0.000000000000000000e+00,2.000000000000000000e+04
6.666666666666666297e-01,1.939393939393939448e+00,4.360521119835183979e-02,-1.128605214739008822e-01,0.000000000000000000e+00,0.000000000000000000e+00,2.000000000000000000e+04
6.969696969696970168e-01,1.939393939393939448e+00,4.387364021999708846e-02,-1.107642771753581112e-01,0.000000000000000000e+00,0.000000000000000000e+00,2.000000000000000000e+04
7.272727272727272929e-01,1.939393939393939448e+00,4.414727171727290261e-02,-1.090225652921963106e-01,0.000000000000000000e+00,0.000000000000000000e+00,2.000000000000000000e+04
7.575757575757575690e-01,1.939393939393939448e+00,4.440953715742695235e-02,-1.075654956381670579e-01,0.000000000000000000e+00,0.000000000000000000e+00,2.000000000000000000e+04
7.878787878787878451e-01,1.939393939393939448e+00,4.464831093056204764e-02,-1.063319719162603150e-01,0.000000000000000000e+00,0.000000000000000000e+00,2.000000000000000000e+04
8.181818181818182323e-01,1.939393939393939448e+00,4.485496288233100509e-02,-1.052667723918921105e-01,0.000000000000000000e+00,0.000000000000000000e+00,2.000000000000000000e+04
8.484848484848485084e-01,1.939393939393939448e+00,4.502373374797754429e-02,-1.043183965046647621e-01,0.000000000000000000e+00,0.000000000000000000e+00,2.000000000000000000e+04
8.787878787878787845e-01,1.939393939393939448e+00,4.515133269195924920e-02,-1.034376001694955055e-01,0.000000000000000000e+00,0.000000000000000000e+00,2.000000000000000000e+04
9.090909090909090606e-01,1.939393939393939448e+00,4.523670553802322525e-02,-1.025767192027788738e-01,0.000000000000000000e+00,0.000000000000000000e+00,2.000000000000000000e+04
9.393939393939394478e-01,1.939393939393939448e+00,4.528108305439909609e-02,-1.016900569447090619e-01,0.000000000000000000e+00,0.000000000000000000e+00,2.000000000000000000e+04
9.696969696969697239e-01,1.939393939393939448e+00,4.528912032027038875e-02,-1.007353798766984637e-01,0.000000000000000000e+00,0.000000000000000000e+00,2.000000000000000000e+04
1.000000000000000000e+00,1.939393939393939448e+00,4.527480237350171161e-02,-9.967309654893549697e-02,0.000000000000000000e+00,0.000000000000000000e+00,2.000000000000000000e+04
0.000000000000000000e+00,1.969696969696969724e+00,0.000000000000000000e+00,0.000000000000000000e+00,1.000000000000000000e+00,0.000000000000000000e+00,2.000000000000000000e+04
3.030303030303030387e-02,1.969696969696969724e+00,1.215141124398059699e-02,-2.103481983396771407e-02,0.000000000000000000e+00,0.000000000000000000e+00,2.000000000000000000e+04
6.060606060606060774e-02,1.969696969696969724e+00,2.308709376067060240e-02,-4.783413877651603724e-02,0.000000000000000000e+00,0.000000000000000000e+00,2.000000000000000000e+04
9.090909090909091161e-02,1.969696969696969724e+00,3.148969913563594292e-02,-7.941663568771660520e-02,0.000000000000000000e+00,0.000000000000000000e+00,2.000000000000000000e+04
1.212121212121212155e-01,1.969696969696969724e+00,3.658365058744705856e-02,-1.165948999606621211e-01,0.000000000000000000e+00,0.000000000000000000e+00,2.000000000000000000e+04
1.515151515151515194e-01,1.969696969696969724e+00,3.741544497589500973e-02,-1.618662022439523174e-01,0.000000000000000000e+00,0.000000000000000000e+00,2.000000000000000000e+04
1.818181818181818232e-01,1.969696969696969724e+00,3.246548299101725821e-02,-2.207330259375748227e-01,0.000000000000000000e+00,0.000000000000000000e+00,2.000000000000000000e+04
2.121212121212121271e-01,1.969696969696969724e+00,2.097319667273995700e-02,-3.046422331343136558e-01,0.000000000000000000e+00,0.000000000000000000e+00,2.000000000000000000e+04
2.424242424242424310e-01,1.969696969696969724e+00,4.489648707504075020e-02,-3.844764451835939179e-01,0.000000000000000000e+00,0.000000000000000000e+00,2.000000000000000000e+04
2.727272727272727071e-01,1.969696969696969724e+00,5.430616221593383142e-02,-3.073059776490762451e-01,0.000000000000000000e+00,0.000000000000000000e+00,2.000000000000000000e+04
3.030303030303030387e-01,1.969696969696969724e+00,5.004829453863419986e-02,-2.538248246581216727e-01,0.000000000000000000e+00,0.000000000000000000e+00,2.000000000000000000e+04
3.333333333333333148e-01,1.969696969696969724e+00,4.460478604656206714e-02,-2.173867006158116677e-01,0.000000000000000000e+00,0.000000000000000000e+00,2.000000000000000000e+04
3.636363636363636465e-01,1.969696969696969724e+00,4.065515966669318998e-02,-1.916468938447346004e-01,0.000000000000000000e+00,0.000000000000000000e+00,2.000000000000000000e+04
3.939393939393939226e-01,1.969696969696969724e+00,3.830965478302598981e-02,-1.728451927431532975e-01,0.000000000000000000e+00,0.000000000000000000e+00,2.000000000000000000e+04
4.242424242424242542e-01,1.969696969696969724e+00,3.716505938847180363e-02,-1.587050346438902138e-01,0.000000000000000000e+00,0.000000000000000000e+00,2.000000000000000000e+04
4.545454545454545303e-01,1.969696969696969724e+00,3.682063334201350624e-02,-1.478058221943472361e-01,0.000000000000000000e+00,0.000000000000000000e+00,2.000000000000000000e+04
4.848484848484848619e-01,1.969696969696969724e+00,3.697818003078152255e-02,-1.392349388809918376e-01,0.000000000000000000e+00,0.000000000000000000e+00,2.000000000000000000e+04
5.151515151515151381e-01,1.969696969696969724e+00,3.743557143569417600e-02,-1.323881604376678511e-01,0.000000000000000000e+00,0.000000000000000000e+00,2.000000000000000000e+04
5.454545454545454142e-01,1.969696969696969724e+00,3.806063015690040047e-02,-1.268526957437899061e-01,0.000000000000000000e+00,0.000000000000000000e+00,2.000000000000000000e+04
5.757575757575758013e-01,1.969696969696969724e+00,3.876783766571916673e-02,-1.223374261107950806e-01,0.000000000000000000e+00,0.000000000000000000e+00,2.000000000000000000e+04
6.060606060606060774e-01,1.969696969696969724e+00,3.950169775811798040e-02,-1.186304864827917999e-01,0.000000000000000000e+00,0.000000000000000000e+00,2.000000000000000000e+04
6.363636363636363535e-01,1.969696969696969724e+00,4.022579318718155772e-02,-1.155728842773938725e-01,0.000000000000000000e+00,0.000000000000000000e+00,2.000000000000000000e+04
6.666666666666666297e-01,1.969696969696969724e+00,4.091584894912697612e-02,-1.130416614223595378e-01,0.000000000000000000e+00,0.000000000000000000e+00,2.000000000000000000e+04
6.969696969696970168e-01,1.969696969696969724e+00,4.155541867704472953e-02,-1.109388322806699329e-01,0.000000000000000000e+00,0.000000000000000000e+00,2.000000000000000000e+04
7.272727272727272929e-01,1.969696969696969724e+00,4.213324513648059738e-02,-1.091838856335708707e-01,0.000000000000000000e+00,0.000000000000000000e+00,2.000000000000000000e+04
7.575757575757575690e-01,1.969696969696969724e+00,4.264169179860793218e-02,-1.077085349285177157e-01,0.000000000000000000e+00,0.000000000000000000e+00,2.000000000000000000e+04
7.878787878787878451e-01,1.969696969696969724e+00,4.307587799041593529e-02,-1.064529275720223905e-01,0.000000000000000000e+00,0.000000000000000000e+00,2.000000000000000000e+04
8.181818181818182323e-01,1.969696969696969724e+00,4.343329948048600675e-02,-1.053628476928386432e-01,0.000000000000000000e+00,0.000000000000000000e+00,2.000000000000000000e+04
8.484848484848485084e-01,1.969696969696969724e+00,4.371380520790698471e-02,-1.043876686006011689e-01,0.000000000000000000e+00,0.000000000000000000e+00,2.000000000000000000e+04
8.787878787878787845e-01,1.969696969696969724e+00,4.391984506931694010e-02,-1.034790041967403457e-01,0.000000000000000000e+00,0.000000000000000000e+00,2.000000000000000000e+04
9.090909090909090606e-01,1.969696969696969724e+00,4.405690770571657477e-02,-1.025902510337575874e-01,0.000000000000000000e+00,0.000000000000000000e+00,2.000000000000000000e+04
9.393939393939394478e-01,1.969696969696969724e+00,4.413402867882851993e-02,-1.016776412458087336e-01,0.000000000000000000e+00,0.000000000000000000e+00,2.000000000000000000e+04
9.696969696969697239e-01,1.969696969696969724e+00,4.416421828301331232e-02,-1.007043602630951912e-01,0.000000000000000000e+00,0.000000000000000000e+00,2.000000000000000000e+04
1.000000000000000000e+00,1.969696969696969724e+00,4.416579236639363304e-02,-9.965056559683162229e-02,0.000000000000000000e+00,0.000000000000000000e+00,2.000000000000000000e+04
0.000000000000000000e+00,2.000000000000000000e+00,0.000000000000000000e+00,0.000000000000000000e+00,1.000000000000000000e+00,0.000000000000000000e+00,2.000000000000000000e+04
3.030303030303030387e-02,2.000000000000000000e+00,2.437473484314904917e-02,-2.622576496305920740e-02,0.000000000000000000e+00,0.000000000000000000e+00,2.000000000000000000e+04
6.060606060606060774e-02,2.000000000000000000e+00,4.435034954771455845e-02,-5.282093050610813662e-02,0.000000000000000000e+00,0.000000000000000000e+00,2.000000000000000000e+04
9.090909090909091161e-02,2.000000000000000000e+00,5.994859851533233808e-02,-8.356267311771563289e-02,0.000000000000000000e+00,0.000000000000000000e+00,2.000000000000000000e+04
1.212121212121212155e-01,2.000000000000000000e+00,7.210474933216229343e-02,-1.196841870442758304e-01,0.000000000000000000e+00,0.000000000000000000e+00,2.000000000000000000e+04
1.515151515151515194e-01,2.000000000000000000e+00,8.093351926048898692e-02,-1.636088278509441607e-01,0.000000000000000000e+00,0.000000000000000000e+00,2.000000000000000000e+04
1.818181818181818232e-01,2.000000000000000000e+00,8.482014166413402723e-02,-2.206511982582950449e-01,0.000000000000000000e+00,0.000000000000000000e+00,2.000000000000000000e+04
2.121212121212121271e-01,2.000000000000000000e+00,7.680908572299849357e-02,-3.053988861882304673e-01,0.000000000000000000e+00,0.000000000000000000e+00,2.000000000000000000e+04
2.424242424242424310e-01,2.000000000000000000e+00,2.191792424684252741e-02,-4.984995475643753116e-01,0.000000000000000000e+00,1.000000000000000000e+00,2.000000000000000000e+04
2.727272727272727071e-01,2.000000000000000000e+00,2.963106452602535038e-02,-3.234928277053095713e-01,0.000000000000000000e+00,0.000000000000000000e+00,2.000000000000000000e+04
3.030303030303030387e-01,2.000000000000000000e+00,2.241691536777612459e-02,-2.568042344042008041e-01,0.000000000000000000e+00,0.000000000000000000e+00,2.000000000000000000e+04
3.333333333333333148e-01,2.000000000000000000e+00,2.019687395462097662e-02,-2.177320914803788365e-01,0.000000000000000000e+00,0.000000000000000000e+00,2.000000000000000000e+04
3.636363636363636465e-01,2.000000000000000000e+00,2.078027577709287699e-02,-1.915913116918440406e-01,0.000000000000000000e+00,0.000000000000000000e+00,2.000000000000000000e+04
3.939393939393939226e-01,2.000000000000000000e+00,2.253171224257571534e-02,-1.728917699069954517e-01,0.000000000000000000e+00,0.000000000000000000e+00,2.000000000000000000e+04
4.242424242424242542e-01,2.000000000000000000e+00,2.467540503671215857e-02,-1.589179277524876144e-01,0.000000000000000000e+00,0.000000000000000000e+00,2.000000000000000000e+04
4.545454545454545303e-01,2.000000000000000000e+00,2.687123363979113111e-02,-1.481457757340653436e-01,0.000000000000000000e+00,0.000000000000000000e+00,2.000000000000000000e+04
4.848484848484848619e-01,2.000000000000000000e+00,2.897722730165446653e-02,-1.396512017200994549e-01,0.000000000000000000e+00,0.000000000000000000e+00,2.000000000000000000e+04
5.151515151515151381e-01,2.000000000000000000e+00,3.093874071214275032e-02,-1.328403244040974596e-01,0.000000000000000000e+00,0.000000000000000000e+00,2.000000000000000000e+04
5.454545454545454142e-01,2.000000000000000000e+00,3.273872085049348013e-02,-1.273126595437831243e-01,0.000000000000000000e+00,0.000000000000000000e+00,2.000000000000000000e+04
5.757575757575758013e-01,2.000000000000000000e+00,3.437565147082517064e-02,-1.227866786882593347e-01,0.000000000000000000e+00,0.000000000000000000e+00,2.000000000000000000e+04
6.060606060606060774e-01,2.000000000000000000e+00,3.585384574360702542e-02,-1.190570863140971436e-01,0.000000000000000000e+00,0.000000000000000000e+00,2.000000000000000000e+04
6.363636363636363535e-01,2.000000000000000000e+00,3.717923871746661030e-02,-1.159691473400681905e-01,0.000000000000000000e+00,0.000000000000000000e+00,2.000000000000000000e+04
6.666666666666666297e-01,2.000000000000000000e+00,3.835764204528578636e-02,-1.134025992142311257e-01,0.000000000000000000e+00,0.000000000000000000e+00,2.000000000000000000e+04
6.969696969696970168e-01,2.000000000000000000e+00,3.939411826943363393e-02,-1.112611652182286387e-01,0.000000000000000000e+00,0.000000000000000000e+00,2.000000000000000000e+04
7.272727272727272929e-01,2.000000000000000000e+00,4.029288794856051431e-02,-1.094654591708001806e-01,0.000000000000000000e+00,0.000000000000000000e+00,2.000000000000000000e+04
7.575757575757575690e-01,2.000000000000000000e+00,4.105752535055793434e-02,-1.079480153115181806e-01,0.000000000000000000e+00,0.000000000000000000e+00,2.000000000000000000e+04
7.878787878787878451e-01,2.000000000000000000e+00,4.169136005865826944e-02,-1.066497028177679218e-01,0.000000000000000000e+00,0.000000000000000000e+00,2.000000000000000000e+04
8.181818181818182323e-01,2.000000000000000000e+00,4.219808596385809379e-02,-1.055170974150172469e-01,0.000000000000000000e+00,0.000000000000000000e+00,2.000000000000000000e+04
8.484848484848485084e-01,2.000000000000000000e+00,4.258263116198457432e-02,-1.045005944503515222e-01,0.000000000000000000e+00,0.000000000000000000e+00,2.000000000000000000e+04
8.787878787878787845e-01,2.000000000000000000e+00,4.285237842300060329e-02,-1.035532324219885225e-01,0.000000000000000000e+00,0.000000000000000000e+00,2.000000000000000000e+04
9.090909090909090606e-01,2.000000000000000000e+00,4.301883688908354764e-02,-1.026304278787291691e-01,0.000000000000000000e+00,0.000000000000000000e+00,2.000000000000000000e+04
9.393939393939394478e-01,2.000000000000000000e+00,4.309978881106682480e-02,-1.016912352423798710e-01,0.000000000000000000e+00,0.000000000000000000e+00,2.000000000000000000e+04
9.696969696969697239e-01,2.000000000000000000e+00,4.312152515002386916e-02,-1.007027455627964169e-01,0.000000000000000000e+00,0.000000000000000000e+00,2.000000000000000000e+04
1.000000000000000000e+00,2.000000000000000000e+00,4.311886970550341674e-02,-9.965319847639735051e-02,0.000000000000000000e+00,0.000000000000000000e+00,2.000000000000000000e+04
