X,Y,UX,UY,BOUNDARY,FORCE,MODULUS
0.000000000000000000e+00,0.000000000000000000e+00,0.000000000000000000e+00,0.000000000000000000e+00,1.000000000000000000e+00,0.000000000000000000e+00,2.000000000000000000e+04
4.000000000000000083e-02,0.000000000000000000e+00,-4.910569468831860185e-02,-4.684859689999886639e-02,0.000000000000000000e+00,0.000000000000000000e+00,2.000000000000000000e+04
8.000000000000000167e-02,0.000000000000000000e+00,-8.566759472660898100e-02,-8.090567157930490805e-02,0.000000000000000000e+00,0.000000000000000000e+00,2.000000000000000000e+04
1.199999999999999956e-01,0.000000000000000000e+00,-1.165387795545870797e-01,-1.132679049183043657e-01,0.000000000000000000e+00,0.000000000000000000e+00,2.000000000000000000e+04
1.600000000000000033e-01,0.000000000000000000e+00,-1.437471250684795032e-01,-1.456483723764759597e-01,0.000000000000000000e+00,0.000000000000000000e+00,2.000000000000000000e+04
2.000000000000000111e-01,0.000000000000000000e+00,-1.681684144874094622e-01,-1.785921039304108615e-01,0.000000000000000000e+00,0.000000000000000000e+00,2.000000000000000000e+04
2.399999999999999911e-01,0.000000000000000000e+00,-1.902394502420310107e-01,-2.123119066825359391e-01,0.000000000000000000e+00,0.000000000000000000e+00,2.000000000000000000e+04
2.800000000000000266e-01,0.000000000000000000e+00,-2.101980841799138411e-01,-2.468705741308648560e-01,0.000000000000000000e+00,0.000000000000000000e+00,2.000000000000000000e+04
3.200000000000000067e-01,0.000000000000000000e+00,-2.281844789082697889e-01,-2.822458396162956240e-01,0.000000000000000000e+00,0.000000000000000000e+00,2.000000000000000000e+04
3.599999999999999867e-01,0.000000000000000000e+00,-2.442896301226717692e-01,-3.183611822716880813e-01,0.000000000000000000e+00,0.000000000000000000e+00,2.000000000000000000e+04
4.000000000000000222e-01,0.000000000000000000e+00,-2.585810087447450445e-01,-3.551032711324346169e-01,0.000000000000000000e+00,0.000000000000000000e+00,2.000000000000000000e+04
4.400000000000000022e-01,0.000000000000000000e+00,-2.711173227346959091e-01,-3.923332285082029025e-01,0.000000000000000000e+00,0.000000000000000000e+00,2.000000000000000000e+04
4.799999999999999822e-01,0.000000000000000000e+00,-2.819576753791545043e-01,-4.298947775290342665e-01,0.000000000000000000e+00,0.000000000000000000e+00,2.000000000000000000e+04
5.200000000000000178e-01,0.000000000000000000e+00,-2.911676041567638484e-01,-4.676207692746917055e-01,0.000000000000000000e+00,0.000000000000000000e+00,2.000000000000000000e+04
5.600000000000000533e-01,0.000000000000000000e+00,-2.988232435482614524e-01,-5.053388909031464316e-01,0.000000000000000000e+00,0.000000000000000000e+00,2.000000000000000000e+04
5.999999999999999778e-01,0.000000000000000000e+00,-3.050142749028237898e-01,-5.428770276020078445e-01,0.000000000000000000e+00,0.000000000000000000e+00,2.000000000000000000e+04
6.400000000000000133e-01,0.000000000000000000e+00,-3.098460423411957820e-01,-5.800686032720921981e-01,0.000000000000000000e+00,0.000000000000000000e+00,2.000000000000000000e+04
6.800000000000000488e-01,0.000000000000000000e+00,-3.134410632140910979e-01,-6.167581856249105821e-01,0.000000000000000000e+00,0.000000000000000000e+00,2.000000000000000000e+04
7.199999999999999734e-01,0.000000000000000000e+00,-3.159400600542988102e-01,-6.528076860314260266e-01,0.000000000000000000e+00,0.000000000000000000e+00,2.000000000000000000e+04
7.600000000000000089e-01,0.000000000000000000e+00,-3.175025263591020885e-01,-6.881036110397023009e-01,0.000000000000000000e+00,0.000000000000000000e+00,2.000000000000000000e+04
8.000000000000000444e-01,0.000000000000000000e+00,-3.183066390476294583e-01,-7.225660382096651402e-01,0.000000000000000000e+00,0.000000000000000000e+00,2.000000000000000000e+04
8.399999999999999689e-01,0.000000000000000000e+00,-3.185479291158298532e-01,-7.561602893647755286e-01,0.000000000000000000e+00,0.000000000000000000e+00,2.000000000000000000e+04
8.800000000000000044e-01,0.000000000000000000e+00,-3.184352976579879480e-01,-7.889125619350048080e-01,0.000000000000000000e+00,0.000000000000000000e+00,2.000000000000000000e+04
9.200000000000000400e-01,0.000000000000000000e+00,-3.181812178022387361e-01,-8.209305419742660703e-01,0.000000000000000000e+00,0.000000000000000000e+00,2.000000000000000000e+04
9.599999999999999645e-01,0.000000000000000000e+00,-3.179787091436530044e-01,-8.524263814927374172e-01,0.000000000000000000e+00,0.000000000000000000e+00,2.000000000000000000e+04
1.000000000000000000e+00,0.000000000000000000e+00,-3.179401124349558461e-01,-8.837096868826257445e-01,0.000000000000000000e+00,0.000000000000000000e+00,2.000000000000000000e+04
0.000000000000000000e+00,4.000000000000000083e-02,0.000000000000000000e+00,0.000000000000000000e+00,1.000000000000000000e+00,0.000000000000000000e+00,2.000000000000000000e+04
4.000000000000000083e-02,4.000000000000000083e-02,-2.880417836181728072e-02,-3.203773607069797247e-02,0.000000000000000000e+00,0.000000000000000000e+00,2.000000000000000000e+04
8.000000000000000167e-02,4.000000000000000083e-02,-6.055254077446187155e-02,-6.753506768952265149e-02,0.000000000000000000e+00,0.000000000000000000e+00,2.000000000000000000e+04
1.199999999999999956e-01,4.000000000000000083e-02,-8.907950211019191600e-02,-1.013886222773547618e-01,0.000000000000000000e+00,0.000000000000000000e+00,2.000000000000000000e+04
1.600000000000000033e-01,4.000000000000000083e-02,-1.146948271659520430e-01,-1.349674064118939754e-01,0.000000000000000000e+00,0.000000000000000000e+00,2.000000000000000000e+04
2.000000000000000111e-01,4.000000000000000083e-02,-1.378197346877128859e-01,-1.689251752159556252e-01,0.000000000000000000e+00,0.000000000000000000e+00,2.000000000000000000e+04
2.399999999999999911e-01,4.000000000000000083e-02,-1.587523472594021268e-01,-2.035488632154456856e-01,0.000000000000000000e+00,0.000000000000000000e+00,2.000000000000000000e+04
2.800000000000000266e-01,4.000000000000000083e-02,-1.776941552111533651e-01,-2.389431875131304561e-01,0.000000000000000000e+00,0.000000000000000000e+00,2.000000000000000000e+04
3.200000000000000067e-01,4.000000000000000083e-02,-1.947835760545815753e-01,-2.751091578934033999e-01,0.000000000000000000e+00,0.000000000000000000e+00,2.000000000000000000e+04
3.599999999999999867e-01,4.000000000000000083e-02,-2.101204776594425561e-01,-3.119827204949525146e-01,0.000000000000000000e+00,0.000000000000000000e+00,2.000000000000000000e+04
4.000000000000000222e-01,4.000000000000000083e-02,-2.237829328723489331e-01,-3.494564403490871829e-01,0.000000000000000000e+00,0.000000000000000000e+00,2.000000000000000000e+04
4.400000000000000022e-01,4.000000000000000083e-02,-2.358386100824492182e-01,-3.873931304131381093e-01,0.000000000000000000e+00,0.000000000000000000e+00,2.000000000000000000e+04
4.799999999999999822e-01,4.000000000000000083e-02,-2.463526007544184215e-01,-4.256353928808161990e-01,0.000000000000000000e+00,0.000000000000000000e+00,2.000000000000000000e+04
5.200000000000000178e-01,4.000000000000000083e-02,-2.553928606038666227e-01,-4.640130214332560121e-01,0.000000000000000000e+00,0.000000000000000000e+00,2.000000000000000000e+04
5.600000000000000533e-01,4.000000000000000083e-02,-2.630340010968016951e-01,-5.023492976949401889e-01,0.000000000000000000e+00,0.000000000000000000e+00,2.000000000000000000e+04
5.999999999999999778e-01,4.000000000000000083e-02,-2.693598849585427391e-01,-5.404667762757521254e-01,0.000000000000000000e+00,0.000000000000000000e+00,2.000000000000000000e+04
6.400000000000000133e-01,4.000000000000000083e-02,-2.744653012461815145e-01,-5.781929484363494964e-01,0.000000000000000000e+00,0.000000000000000000e+00,2.000000000000000000e+04
6.800000000000000488e-01,4.000000000000000083e-02,-2.784568799993022981e-01,-6.153661056476853464e-01,0.000000000000000000e+00,0.000000000000000000e+00,2.000000000000000000e+04
7.199999999999999734e-01,4.000000000000000083e-02,-2.814533229264002401e-01,-6.518417531680607002e-01,0.000000000000000000e+00,0.000000000000000000e+00,2.000000000000000000e+04
7.600000000000000089e-01,4.000000000000000083e-02,-2.835849535209154504e-01,-6.875000404623053951e-01,0.000000000000000000e+00,0.000000000000000000e+00,2.000000000000000000e+04
8.000000000000000444e-01,4.000000000000000083e-02,-2.849925155654817188e-01,-7.222548800943083824e-01,0.000000000000000000e+00,0.000000000000000000e+00,2.000000000000000000e+04
8.399999999999999689e-01,4.000000000000000083e-02,-2.858250771085852349e-01,-7.560657103735652917e-01,0.000000000000000000e+00,0.000000000000000000e+00,2.000000000000000000e+04
8.800000000000000044e-01,4.000000000000000083e-02,-2.862368630938688652e-01,-7.889531451959139741e-01,0.000000000000000000e+00,0.000000000000000000e+00,2.000000000000000000e+04
9.200000000000000400e-01,4.000000000000000083e-02,-2.863828939081159430e-01,-8.210197995997442488e-01,0.000000000000000000e+00,0.000000000000000000e+00,2.000000000000000000e+04
9.599999999999999645e-01,4.000000000000000083e-02,-2.864132732151083438e-01,-8.524765707343918697e-01,0.000000000000000000e+00,0.000000000000000000e+00,2.000000000000000000e+04
1.000000000000000000e+00,4.000000000000000083e-02,-2.864638235015809498e-01,-8.836710901739284196e-01,0.000000000000000000e+00,0.000000000000000000e+00,2.000000000000000000e+04
0.000000000000000000e+00,8.000000000000000167e-02,0.000000000000000000e+00,0.000000000000000000e+00,1.000000000000000000e+00,0.000000000000000000e+00,2.000000000000000000e+04
4.000000000000000083e-02,8.000000000000000167e-02,-2.156806930938077321e-02,-2.634298085412263915e-02,0.000000000000000000e+00,0.000000000000000000e+00,2.000000000000000000e+04
8.000000000000000167e-02,8.000000000000000167e-02,-4.532517589439372802e-02,-5.795513214067984920e-02,0.000000000000000000e+00,0.000000000000000000e+00,2.000000000000000000e+04
1.199999999999999956e-01,8.000000000000000167e-02,-6.936682512593315975e-02,-9.147820154669082660e-02,0.000000000000000000e+00,0.000000000000000000e+00,2.000000000000000000e+04
1.600000000000000033e-01,8.000000000000000167e-02,-9.203337668777600289e-02,-1.255209656482039193e-01,0.000000000000000000e+00,0.000000000000000000e+00,2.000000000000000000e+04
2.000000000000000111e-01,8.000000000000000167e-02,-1.129914463695538968e-01,-1.601409089316147838e-01,0.000000000000000000e+00,0.000000000000000000e+00,2.000000000000000000e+04
2.399999999999999911e-01,8.000000000000000167e-02,-1.322162506777490587e-01,-1.954726723559488399e-01,0.000000000000000000e+00,0.000000000000000000e+00,2.000000000000000000e+04
2.800000000000000266e-01,8.000000000000000167e-02,-1.497567854726151726e-01,-2.315765592213147039e-01,0.000000000000000000e+00,0.000000000000000000e+00,2.000000000000000000e+04
3.200000000000000067e-01,8.000000000000000167e-02,-1.656755921235321116e-01,-2.684403092713585903e-01,0.000000000000000000e+00,0.000000000000000000e+00,2.000000000000000000e+04
3.599999999999999867e-01,8.000000000000000167e-02,-1.800334611539275431e-01,-3.059958857079430050e-01,0.000000000000000000e+00,0.000000000000000000e+00,2.000000000000000000e+04
4.000000000000000222e-01,8.000000000000000167e-02,-1.928874846030727286e-01,-3.441341267472225462e-01,0.000000000000000000e+00,0.000000000000000000e+00,2.000000000000000000e+04
4.400000000000000022e-01,8.000000000000000167e-02,-2.042930609462555169e-01,-3.827160621432466048e-01,0.000000000000000000e+00,0.000000000000000000e+00,2.000000000000000000e+04
4.799999999999999822e-01,8.000000000000000167e-02,-2.143067469646878220e-01,-4.215817834165667133e-01,0.000000000000000000e+00,0.000000000000000000e+00,2.000000000000000000e+04
5.200000000000000178e-01,8.000000000000000167e-02,-2.229889054037037244e-01,-4.605577681572139426e-01,0.000000000000000000e+00,0.000000000000000000e+00,2.000000000000000000e+04
5.600000000000000533e-01,8.000000000000000167e-02,-2.304058118743024242e-01,-4.994633111281654436e-01,0.000000000000000000e+00,0.000000000000000000e+00,2.000000000000000000e+04
5.999999999999999778e-01,8.000000000000000167e-02,-2.366311341832959825e-01,-5.381165110599234191e-01,0.000000000000000000e+00,0.000000000000000000e+00,2.000000000000000000e+04
6.400000000000000133e-01,8.000000000000000167e-02,-2.417467819907332949e-01,-5.763401392108290500e-01,0.000000000000000000e+00,0.000000000000000000e+00,2.000000000000000000e+04
6.800000000000000488e-01,8.000000000000000167e-02,-2.458431561453749137e-01,-6.139676675566494435e-01,0.000000000000000000e+00,0.000000000000000000e+00,2.000000000000000000e+04
7.199999999999999734e-01,8.000000000000000167e-02,-2.490188516636875626e-01,-6.508497530426826660e-01,0.000000000000000000e+00,0.000000000000000000e+00,2.000000000000000000e+04
7.600000000000000089e-01,8.000000000000000167e-02,-2.513799126858544675e-01,-6.868615550621499644e-01,0.000000000000000000e+00,0.000000000000000000e+00,2.000000000000000000e+04
8.000000000000000444e-01,8.000000000000000167e-02,-2.530388300742249519e-01,-7.219113987455416659e-01,0.000000000000000000e+00,0.000000000000000000e+00,2.000000000000000000e+04
8.399999999999999689e-01,8.000000000000000167e-02,-2.541136547970346271e-01,-7.559514675741417777e-01,0.000000000000000000e+00,0.000000000000000000e+00,2.000000000000000000e+04
8.800000000000000044e-01,8.000000000000000167e-02,-2.547279443359400930e-01,-7.889913510776844774e-01,0.000000000000000000e+00,0.000000000000000000e+00,2.000000000000000000e+04
9.200000000000000400e-01,8.000000000000000167e-02,-2.550128387034633071e-01,-8.211153450633452699e-01,0.000000000000000000e+00,0.000000000000000000e+00,2.000000000000000000e+04
9.599999999999999645e-01,8.000000000000000167e-02,-2.551134080090626255e-01,-8.525046511021614482e-01,0.000000000000000000e+00,0.000000000000000000e+00,2.000000000000000000e+04
1.000000000000000000e+00,8.000000000000000167e-02,-2.552027765329227815e-01,-8.834693036049777737e-01,0.000000000000000000e+00,0.000000000000000000e+00,2.000000000000000000e+04
0.000000000000000000e+00,1.199999999999999956e-01,0.000000000000000000e+00,0.000000000000000000e+00,1.000000000000000000e+00,0.000000000000000000e+00,2.000000000000000000e+04
4.000000000000000083e-02,1.199999999999999956e-01,-1.732202997984908302e-02,-2.355280507138248630e-02,0.000000000000000000e+00,0.000000000000000000e+00,2.000000000000000000e+04
8.000000000000000167e-02,1.199999999999999956e-01,-3.596708685661237359e-02,-5.233835142442108679e-02,0.000000000000000000e+00,0.000000000000000000e+00,2.000000000000000000e+04
1.199999999999999956e-01,1.199999999999999956e-01,-5.537442388898516227e-02,-8.425446107859593803e-02,0.000000000000000000e+00,0.000000000000000000e+00,2.000000000000000000e+04
1.600000000000000033e-01,1.199999999999999956e-01,-7.458782706342367841e-02,-1.179017632392319048e-01,0.000000000000000000e+00,0.000000000000000000e+00,2.000000000000000000e+04
2.000000000000000111e-01,1.199999999999999956e-01,-9.291665950039024180e-02,-1.526687551367917062e-01,0.000000000000000000e+00,0.000000000000000000e+00,2.000000000000000000e+04
2.399999999999999911e-01,1.199999999999999956e-01,-1.100649305651802967e-01,-1.883886859686120518e-01,0.000000000000000000e+00,0.000000000000000000e+00,2.000000000000000000e+04
2.800000000000000266e-01,1.199999999999999956e-01,-1.259174023486667460e-01,-2.249926308711879264e-01,0.000000000000000000e+00,0.000000000000000000e+00,2.000000000000000000e+04
3.200000000000000067e-01,1.199999999999999956e-01,-1.404380317719969018e-01,-2.624092678649366794e-01,0.000000000000000000e+00,0.000000000000000000e+00,2.000000000000000000e+04
3.599999999999999867e-01,1.199999999999999956e-01,-1.536271936819271766e-01,-3.005413511055993192e-01,0.000000000000000000e+00,0.000000000000000000e+00,2.000000000000000000e+04
4.000000000000000222e-01,1.199999999999999956e-01,-1.655036775063165877e-01,-3.392637467105326099e-01,0.000000000000000000e+00,0.000000000000000000e+00,2.000000000000000000e+04
4.400000000000000022e-01,1.199999999999999956e-01,-1.760973161453754376e-01,-3.784274998800902234e-01,0.000000000000000000e+00,0.000000000000000000e+00,2.000000000000000000e+04
4.799999999999999822e-01,1.199999999999999956e-01,-1.854462575100312427e-01,-4.178654252624884324e-01,0.000000000000000000e+00,0.000000000000000000e+00,2.000000000000000000e+04
5.200000000000000178e-01,1.199999999999999956e-01,-1.935962061602420070e-01,-4.573979369518004767e-01,0.000000000000000000e+00,0.000000000000000000e+00,2.000000000000000000e+04
5.600000000000000533e-01,1.199999999999999956e-01,-2.006003856592700474e-01,-4.968388244807519505e-01,0.000000000000000000e+00,0.000000000000000000e+00,2.000000000000000000e+04
5.999999999999999778e-01,1.199999999999999956e-01,-2.065196166477434592e-01,-5.360009829497631717e-01,0.000000000000000000e+00,0.000000000000000000e+00,2.000000000000000000e+04
6.400000000000000133e-01,1.199999999999999956e-01,-2.114222195367382873e-01,-5.747021917623258425e-01,0.000000000000000000e+00,0.000000000000000000e+00,2.000000000000000000e+04
6.800000000000000488e-01,1.199999999999999956e-01,-2.153836290400002462e-01,-6.127710649045030600e-01,0.000000000000000000e+00,0.000000000000000000e+00,2.000000000000000000e+04
7.199999999999999734e-01,1.199999999999999956e-01,-2.184857442157319418e-01,-6.500533220389299593e-01,0.000000000000000000e+00,0.000000000000000000e+00,2.000000000000000000e+04
7.600000000000000089e-01,1.199999999999999956e-01,-2.208161858793866728e-01,-6.864185716301416385e-01,0.000000000000000000e+00,0.000000000000000000e+00,2.000000000000000000e+04
8.000000000000000444e-01,1.199999999999999956e-01,-2.224678339981541186e-01,-7.217678515400658412e-01,0.000000000000000000e+00,0.000000000000000000e+00,2.000000000000000000e+04
8.399999999999999689e-01,1.199999999999999956e-01,-2.235393076597786133e-01,-7.560422242486981581e-01,0.000000000000000000e+00,0.000000000000000000e+00,2.000000000000000000e+04
8.800000000000000044e-01,1.199999999999999956e-01,-2.241374837518810559e-01,-7.892327075783938106e-01,0.000000000000000000e+00,0.000000000000000000e+00,2.000000000000000000e+04
9.200000000000000400e-01,1.199999999999999956e-01,-2.243837644470598469e-01,-8.213917928236348365e-01,0.000000000000000000e+00,0.000000000000000000e+00,2.000000000000000000e+04
9.599999999999999645e-01,1.199999999999999956e-01,-2.244266941261303105e-01,-8.526470846954086191e-01,0.000000000000000000e+00,0.000000000000000000e+00,2.000000000000000000e+04
1.000000000000000000e+00,1.199999999999999956e-01,-2.244654064488469658e-01,-8.832200434244354970e-01,0.000000000000000000e+00,0.000000000000000000e+00,2.000000000000000000e+04
0.000000000000000000e+00,1.600000000000000033e-01,0.000000000000000000e+00,0.000000000000000000e+00,1.000000000000000000e+00,0.000000000000000000e+00,2.000000000000000000e+04
4.000000000000000083e-02,1.600000000000000033e-01,-1.428750968087340138e-02,-2.205615988372973749e-02,0.000000000000000000e+00,0.000000000000000000e+00,2.000000000000000000e+04
8.000000000000000167e-02,1.600000000000000033e-01,-2.937052719559871128e-02,-4.895819148370396390e-02,0.000000000000000000e+00,0.000000000000000000e+00,2.000000000000000000e+04
1.199999999999999956e-01,1.600000000000000033e-01,-4.512292512379557224e-02,-7.935729813427661039e-02,0.000000000000000000e+00,0.000000000000000000e+00,2.000000000000000000e+04
1.600000000000000033e-01,1.600000000000000033e-01,-6.107126942566028921e-02,-1.121618528715579710e-01,0.000000000000000000e+00,0.000000000000000000e+00,2.000000000000000000e+04
2.000000000000000111e-01,1.600000000000000033e-01,-7.669548074485688094e-02,-1.466579111856454731e-01,0.000000000000000000e+00,0.000000000000000000e+00,2.000000000000000000e+04
2.399999999999999911e-01,1.600000000000000033e-01,-9.161897034475477430e-02,-1.824534787545068204e-01,0.000000000000000000e+00,0.000000000000000000e+00,2.000000000000000000e+04
2.800000000000000266e-01,1.600000000000000033e-01,-1.056241824299932880e-01,-2.193332063235318152e-01,0.000000000000000000e+00,0.000000000000000000e+00,2.000000000000000000e+04
3.200000000000000067e-01,1.600000000000000033e-01,-1.185941105448469896e-01,-2.571420133242883765e-01,0.000000000000000000e+00,0.000000000000000000e+00,2.000000000000000000e+04
3.599999999999999867e-01,1.600000000000000033e-01,-1.304704894606672216e-01,-2.957344073592573230e-01,0.000000000000000000e+00,0.000000000000000000e+00,2.000000000000000000e+04
4.000000000000000222e-01,1.600000000000000033e-01,-1.412301761173004599e-01,-3.349561441990340782e-01,0.000000000000000000e+00,0.000000000000000000e+00,2.000000000000000000e+04
4.400000000000000022e-01,1.600000000000000033e-01,-1.508724912588794986e-01,-3.746394647556716695e-01,0.000000000000000000e+00,0.000000000000000000e+00,2.000000000000000000e+04
4.799999999999999822e-01,1.600000000000000033e-01,-1.594125565689209767e-01,-4.146039888013575703e-01,0.000000000000000000e+00,0.000000000000000000e+00,2.000000000000000000e+04
5.200000000000000178e-01,1.600000000000000033e-01,-1.668778000871231071e-01,-4.546600451711999558e-01,0.000000000000000000e+00,0.000000000000000000e+00,2.000000000000000000e+04
5.600000000000000533e-01,1.600000000000000033e-01,-1.733060583137689681e-01,-4.946131248385236545e-01,0.000000000000000000e+00,0.000000000000000000e+00,2.000000000000000000e+04
5.999999999999999778e-01,1.600000000000000033e-01,-1.787443959072477773e-01,-5.342689154834628917e-01,0.000000000000000000e+00,0.000000000000000000e+00,2.000000000000000000e+04
6.400000000000000133e-01,1.600000000000000033e-01,-1.832481600391134557e-01,-5.734386870012667670e-01,0.000000000000000000e+00,0.000000000000000000e+00,2.000000000000000000e+04
6.800000000000000488e-01,1.600000000000000033e-01,-1.868800434722830139e-01,-6.119449185967426041e-01,0.000000000000000000e+00,0.000000000000000000e+00,2.000000000000000000e+04
7.199999999999999734e-01,1.600000000000000033e-01,-1.897091383413154198e-01,-6.496271018217713022e-01,0.000000000000000000e+00,0.000000000000000000e+00,2.000000000000000000e+04
7.600000000000000089e-01,1.600000000000000033e-01,-1.918101761796597859e-01,-6.863476643395729493e-01,0.000000000000000000e+00,0.000000000000000000e+00,2.000000000000000000e+04
8.000000000000000444e-01,1.600000000000000033e-01,-1.932634062059375990e-01,-7.219979449180441433e-01,0.000000000000000000e+00,0.000000000000000000e+00,2.000000000000000000e+04
8.399999999999999689e-01,1.600000000000000033e-01,-1.941558812645282350e-01,-7.565041152530604940e-01,0.000000000000000000e+00,0.000000000000000000e+00,2.000000000000000000e+04
8.800000000000000044e-01,1.600000000000000033e-01,-1.945853437975078593e-01,-7.898327913037809234e-01,0.000000000000000000e+00,0.000000000000000000e+00,2.000000000000000000e+04
9.200000000000000400e-01,1.600000000000000033e-01,-1.946684201779559087e-01,-8.219959273305054159e-01,0.000000000000000000e+00,0.000000000000000000e+00,2.000000000000000000e+04
9.599999999999999645e-01,1.600000000000000033e-01,-1.945554753377198021e-01,-8.530545267979627866e-01,0.000000000000000000e+00,0.000000000000000000e+00,2.000000000000000000e+04
1.000000000000000000e+00,1.600000000000000033e-01,-1.944556699751034956e-01,-8.831209122162052561e-01,0.000000000000000000e+00,0.000000000000000000e+00,2.000000000000000000e+04
0.000000000000000000e+00,2.000000000000000111e-01,0.000000000000000000e+00,0.000000000000000000e+00,1.000000000000000000e+00,0.000000000000000000e+00,2.000000000000000000e+04
4.000000000000000083e-02,2.000000000000000111e-01,-1.190256612261585828e-02,-2.122270815331923216e-02,0.000000000000000000e+00,0.000000000000000000e+00,2.000000000000000000e+04
8.000000000000000167e-02,2.000000000000000111e-01,-2.428646488304295886e-02,-4.687430161358636244e-02,0.000000000000000000e+00,0.000000000000000000e+00,2.000000000000000000e+04
1.199999999999999956e-01,2.000000000000000111e-01,-3.717368593512034025e-02,-7.607265998073670099e-02,0.000000000000000000e+00,0.000000000000000000e+00,2.000000000000000000e+04
1.600000000000000033e-01,2.000000000000000111e-01,-5.033754145761154541e-02,-1.080037602141387804e-01,0.000000000000000000e+00,0.000000000000000000e+00,2.000000000000000000e+04
2.000000000000000111e-01,2.000000000000000111e-01,-6.344451919922403094e-02,-1.420238745672798564e-01,0.000000000000000000e+00,0.000000000000000000e+00,2.000000000000000000e+04
2.399999999999999911e-01,2.000000000000000111e-01,-7.617796198128737317e-02,-1.776762227657298909e-01,0.000000000000000000e+00,0.000000000000000000e+00,2.000000000000000000e+04
2.800000000000000266e-01,2.000000000000000111e-01,-8.829836410036796812e-02,-2.146475291531937113e-01,0.000000000000000000e+00,0.000000000000000000e+00,2.000000000000000000e+04
3.200000000000000067e-01,2.000000000000000111e-01,-9.964579571159472293e-02,-2.527054273333400602e-01,0.000000000000000000e+00,0.000000000000000000e+00,2.000000000000000000e+04
3.599999999999999867e-01,2.000000000000000111e-01,-1.101201343693617579e-01,-2.916511040034769353e-01,0.000000000000000000e+00,0.000000000000000000e+00,2.000000000000000000e+04
4.000000000000000222e-01,2.000000000000000111e-01,-1.196629366826864604e-01,-3.312941890707077897e-01,0.000000000000000000e+00,0.000000000000000000e+00,2.000000000000000000e+04
4.400000000000000022e-01,2.000000000000000111e-01,-1.282449693456504392e-01,-3.714417990711319506e-01,0.000000000000000000e+00,0.000000000000000000e+00,2.000000000000000000e+04
4.799999999999999822e-01,2.000000000000000111e-01,-1.358583609302734252e-01,-4.118952128794294842e-01,0.000000000000000000e+00,0.000000000000000000e+00,2.000000000000000000e+04
5.200000000000000178e-01,2.000000000000000111e-01,-1.425118051339964442e-01,-4.524505673611639578e-01,0.000000000000000000e+00,0.000000000000000000e+00,2.000000000000000000e+04
5.600000000000000533e-01,2.000000000000000111e-01,-1.482275907370853574e-01,-4.929017322683212354e-01,0.000000000000000000e+00,0.000000000000000000e+00,2.000000000000000000e+04
5.999999999999999778e-01,2.000000000000000111e-01,-1.530396210191807826e-01,-5.330444207327021955e-01,0.000000000000000000e+00,0.000000000000000000e+00,2.000000000000000000e+04
6.400000000000000133e-01,2.000000000000000111e-01,-1.569918902442403730e-01,-5.726810090851516266e-01,0.000000000000000000e+00,0.000000000000000000e+00,2.000000000000000000e+04
6.800000000000000488e-01,2.000000000000000111e-01,-1.601371292065576213e-01,-6.116257121695340970e-01,0.000000000000000000e+00,0.000000000000000000e+00,2.000000000000000000e+04
7.199999999999999734e-01,2.000000000000000111e-01,-1.625355571764961204e-01,-6.497098078792551412e-01,0.000000000000000000e+00,0.000000000000000000e+00,2.000000000000000000e+04
7.600000000000000089e-01,2.000000000000000111e-01,-1.642539183183230334e-01,-6.867865842247036223e-01,0.000000000000000000e+00,0.000000000000000000e+00,2.000000000000000000e+04
8.000000000000000444e-01,2.000000000000000111e-01,-1.653652616294176703e-01,-7.227356122796586568e-01,0.000000000000000000e+00,0.000000000000000000e+00,2.000000000000000000e+04
8.399999999999999689e-01,2.000000000000000111e-01,-1.659502358210812045e-01,-7.574658692830943396e-01,0.000000000000000000e+00,0.000000000000000000e+00,2.000000000000000000e+04
8.800000000000000044e-01,2.000000000000000111e-01,-1.661010759126533565e-01,-7.909169580176982350e-01,0.000000000000000000e+00,0.000000000000000000e+00,2.000000000000000000e+04
9.200000000000000400e-01,2.000000000000000111e-01,-1.659298655035361114e-01,-8.230574848948709610e-01,0.000000000000000000e+00,0.000000000000000000e+00,2.000000000000000000e+04
9.599999999999999645e-01,2.000000000000000111e-01,-1.655829696644574023e-01,-8.538794613230135111e-01,0.000000000000000000e+00,0.000000000000000000e+00,2.000000000000000000e+04
1.000000000000000000e+00,2.000000000000000111e-01,-1.652638312775301654e-01,-8.833867781161180988e-01,0.000000000000000000e+00,0.000000000000000000e+00,2.000000000000000000e+04
0.000000000000000000e+00,2.399999999999999911e-01,0.000000000000000000e+00,0.000000000000000000e+00,1.000000000000000000e+00,0.000000000000000000e+00,2.000000000000000000e+04
4.000000000000000083e-02,2.399999999999999911e-01,-9.918546514313278037e-03,-2.075138838286520737e-02,0.000000000000000000e+00,0.000000000000000000e+00,2.000000000000000000e+04
8.000000000000000167e-02,2.399999999999999911e-01,-2.013031109956143344e-02,-4.556796302770742269e-02,0.000000000000000000e+00,0.000000000000000000e+00,2.000000000000000000e+04
1.199999999999999956e-01,2.399999999999999911e-01,-3.070209538456229389e-02,-7.386513029468474989e-02,0.000000000000000000e+00,0.000000000000000000e+00,2.000000000000000000e+04
1.600000000000000033e-01,2.399999999999999911e-01,-4.152903058120548108e-02,-1.050402833838566807e-01,0.000000000000000000e+00,0.000000000000000000e+00,2.000000000000000000e+04
2.000000000000000111e-01,2.399999999999999911e-01,-5.240436149041637764e-02,-1.385529363540233538e-01,0.000000000000000000e+00,0.000000000000000000e+00,2.000000000000000000e+04
2.399999999999999911e-01,2.399999999999999911e-01,-6.309257523951133928e-02,-1.739584833306973000e-01,0.000000000000000000e+00,0.000000000000000000e+00,2.000000000000000000e+04
2.800000000000000266e-01,2.399999999999999911e-01,-7.338121127473143379e-02,-2.109050256475710483e-01,0.000000000000000000e+00,0.000000000000000000e+00,2.000000000000000000e+04
3.200000000000000067e-01,2.399999999999999911e-01,-8.310329315676669160e-02,-2.491087300280784289e-01,0.000000000000000000e+00,0.000000000000000000e+00,2.000000000000000000e+04
3.599999999999999867e-01,2.399999999999999911e-01,-9.213821720624573719e-02,-2.883253259657732048e-01,0.000000000000000000e+00,0.000000000000000000e+00,2.000000000000000000e+04
4.000000000000000222e-01,2.399999999999999911e-01,-1.004040621693341878e-01,-3.283286798197230238e-01,0.000000000000000000e+00,0.000000000000000000e+00,2.000000000000000000e+04
4.400000000000000022e-01,2.399999999999999911e-01,-1.078493107724954464e-01,-3.688984046766936586e-01,0.000000000000000000e+00,0.000000000000000000e+00,2.000000000000000000e+04
4.799999999999999822e-01,2.399999999999999911e-01,-1.144463821771513623e-01,-4.098142333885004818e-01,0.000000000000000000e+00,0.000000000000000000e+00,2.000000000000000000e+04
5.200000000000000178e-01,2.399999999999999911e-01,-1.201871175607462788e-01,-4.508547772657228170e-01,0.000000000000000000e+00,0.000000000000000000e+00,2.000000000000000000e+04
5.600000000000000533e-01,2.399999999999999911e-01,-1.250797285371098855e-01,-4.917990422388625049e-01,0.000000000000000000e+00,0.000000000000000000e+00,2.000000000000000000e+04
5.999999999999999778e-01,2.399999999999999911e-01,-1.291466454829013899e-01,-5.324296760608252521e-01,0.000000000000000000e+00,0.000000000000000000e+00,2.000000000000000000e+04
6.400000000000000133e-01,2.399999999999999911e-01,-1.324228018880159174e-01,-5.725372580721036497e-01,0.000000000000000000e+00,0.000000000000000000e+00,2.000000000000000000e+04
6.800000000000000488e-01,2.399999999999999911e-01,-1.349540486430047259e-01,-6.119250839065999426e-01,0.000000000000000000e+00,0.000000000000000000e+00,2.000000000000000000e+04
7.199999999999999734e-01,2.399999999999999911e-01,-1.367955881235559945e-01,-6.504139119443372863e-01,0.000000000000000000e+00,0.000000000000000000e+00,2.000000000000000000e+04
7.600000000000000089e-01,2.399999999999999911e-01,-1.380105572346201348e-01,-6.878460732343021355e-01,0.000000000000000000e+00,0.000000000000000000e+00,2.000000000000000000e+04
8.000000000000000444e-01,2.399999999999999911e-01,-1.386691823261157197e-01,-7.240882199655538365e-01,0.000000000000000000e+00,0.000000000000000000e+00,2.000000000000000000e+04
8.399999999999999689e-01,2.399999999999999911e-01,-1.388492271661926070e-01,-7.590319108083385391e-01,0.000000000000000000e+00,0.000000000000000000e+00,2.000000000000000000e+04
8.800000000000000044e-01,2.399999999999999911e-01,-1.386388977531699540e-01,-7.925907789239325929e-01,0.000000000000000000e+00,0.000000000000000000e+00,2.000000000000000000e+04
9.200000000000000400e-01,2.399999999999999911e-01,-1.381437275329152614e-01,-8.246929627388545070e-01,0.000000000000000000e+00,0.000000000000000000e+00,2.000000000000000000e+04
9.599999999999999645e-01,2.399999999999999911e-01,-1.374989820596950463e-01,-8.552675341574016432e-01,0.000000000000000000e+00,0.000000000000000000e+00,2.000000000000000000e+04
1.000000000000000000e+00,2.399999999999999911e-01,-1.368887351134979724e-01,-8.842229386689972603e-01,0.000000000000000000e+00,0.000000000000000000e+00,2.000000000000000000e+04
0.000000000000000000e+00,2.800000000000000266e-01,0.000000000000000000e+00,0.000000000000000000e+00,1.000000000000000000e+00,0.000000000000000000e+00,2.000000000000000000e+04
4.000000000000000083e-02,2.800000000000000266e-01,-8.200631874303398669e-03,-2.048041485499947981e-02,0.000000000000000000e+00,0.000000000000000000e+00,2.000000000000000000e+04
8.000000000000000167e-02,2.800000000000000266e-01,-1.658329757902527249e-02,-4.473441469704390189e-02,0.000000000000000000e+00,0.000000000000000000e+00,2.000000000000000000e+04
1.199999999999999956e-01,2.800000000000000266e-01,-2.521892922689364727e-02,-7.237123340978232622e-02,0.000000000000000000e+00,0.000000000000000000e+00,2.000000000000000000e+04
1.600000000000000033e-01,2.800000000000000266e-01,-3.406074068963906715e-02,-1.029424155322172380e-01,0.000000000000000000e+00,0.000000000000000000e+00,2.000000000000000000e+04
2.000000000000000111e-01,2.800000000000000266e-01,-4.297928687970288542e-02,-1.360033308635527072e-01,0.000000000000000000e+00,0.000000000000000000e+00,2.000000000000000000e+04
2.399999999999999911e-01,2.800000000000000266e-01,-5.180510063219381095e-02,-1.711482007930502924e-01,0.000000000000000000e+00,0.000000000000000000e+00,2.000000000000000000e+04
2.800000000000000266e-01,2.800000000000000266e-01,-6.036529011554315344e-02,-2.080220322229828223e-01,0.000000000000000000e+00,0.000000000000000000e+00,2.000000000000000000e+04
3.200000000000000067e-01,2.800000000000000266e-01,-6.850678020363604181e-02,-2.463158669698393421e-01,0.000000000000000000e+00,0.000000000000000000e+00,2.000000000000000000e+04
3.599999999999999867e-01,2.800000000000000266e-01,-7.610600484489397910e-02,-2.857539069569726697e-01,0.000000000000000000e+00,0.000000000000000000e+00,2.000000000000000000e+04
4.000000000000000222e-01,2.800000000000000266e-01,-8.306965280233762072e-02,-3.260799991438464995e-01,0.000000000000000000e+00,0.000000000000000000e+00,2.000000000000000000e+04
4.400000000000000022e-01,2.800000000000000266e-01,-8.933164194301590477e-02,-3.670475529048096153e-01,0.000000000000000000e+00,0.000000000000000000e+00,2.000000000000000000e+04
4.799999999999999822e-01,2.800000000000000266e-01,-9.484949498045400218e-02,-4.084137711209446797e-01,0.000000000000000000e+00,0.000000000000000000e+00,2.000000000000000000e+04
5.200000000000000178e-01,2.800000000000000266e-01,-9.960133018623824885e-02,-4.499375677084886949e-01,0.000000000000000000e+00,0.000000000000000000e+00,2.000000000000000000e+04
5.600000000000000533e-01,2.800000000000000266e-01,-1.035836475990166844e-01,-4.913802714673944361e-01,0.000000000000000000e+00,0.000000000000000000e+00,2.000000000000000000e+04
5.999999999999999778e-01,2.800000000000000266e-01,-1.068096701701012619e-01,-5.325083234994711923e-01,0.000000000000000000e+00,0.000000000000000000e+00,2.000000000000000000e+04
6.400000000000000133e-01,2.800000000000000266e-01,-1.093078834506050895e-01,-5.730972894882802038e-01,0.000000000000000000e+00,0.000000000000000000e+00,2.000000000000000000e+04
6.800000000000000488e-01,2.800000000000000266e-01,-1.111204571651372014e-01,-6.129365327492484194e-01,0.000000000000000000e+00,0.000000000000000000e+00,2.000000000000000000e+04
7.199999999999999734e-01,2.800000000000000266e-01,-1.123013711947936366e-01,-6.518338271367488668e-01,0.000000000000000000e+00,0.000000000000000000e+00,2.000000000000000000e+04
7.600000000000000089e-01,2.800000000000000266e-01,-1.129142910369425046e-01,-6.896190514339193278e-01,0.000000000000000000e+00,0.000000000000000000e+00,2.000000000000000000e+04
8.000000000000000444e-01,2.800000000000000266e-01,-1.130305500741192043e-01,-7.261459005666263122e-01,0.000000000000000000e+00,0.000000000000000000e+00,2.000000000000000000e+04
8.399999999999999689e-01,2.800000000000000266e-01,-1.127278736820713917e-01,-7.612905397960428866e-01,0.000000000000000000e+00,0.000000000000000000e+00,2.000000000000000000e+04
8.800000000000000044e-01,2.800000000000000266e-01,-1.120910869074991101e-01,-7.949452978443527496e-01,0.000000000000000000e+00,0.000000000000000000e+00,2.000000000000000000e+04
9.200000000000000400e-01,2.800000000000000266e-01,-1.112164791926549545e-01,-8.270057626874843804e-01,0.000000000000000000e+00,0.000000000000000000e+00,2.000000000000000000e+04
9.599999999999999645e-01,2.800000000000000266e-01,-1.102212815546607244e-01,-8.573503761722984784e-01,0.000000000000000000e+00,0.000000000000000000e+00,2.000000000000000000e+04
1.000000000000000000e+00,2.800000000000000266e-01,-1.092588640627438490e-01,-8.858115601380420756e-01,0.000000000000000000e+00,0.000000000000000000e+00,2.000000000000000000e+04
0.000000000000000000e+00,3.200000000000000067e-01,0.000000000000000000e+00,0.000000000000000000e+00,1.000000000000000000e+00,0.000000000000000000e+00,2.000000000000000000e+04
4.000000000000000083e-02,3.200000000000000067e-01,-6.664831773152197179e-03,-2.031563746266642004e-02,0.000000000000000000e+00,0.000000000000000000e+00,2.000000000000000000e+04
8.000000000000000167e-02,3.200000000000000067e-01,-1.344919494875653453e-02,-4.418522447631791084e-02,0.000000000000000000e+00,0.000000000000000000e+00,2.000000000000000000e+04
1.199999999999999956e-01,3.200000000000000067e-01,-2.041146767277094223e-02,-7.134598463882997621e-02,0.000000000000000000e+00,0.000000000000000000e+00,2.000000000000000000e+04
1.600000000000000033e-01,3.200000000000000067e-01,-2.752972632583139748e-02,-1.014596481510112169e-01,0.000000000000000000e+00,0.000000000000000000e+00,2.000000000000000000e+04
2.000000000000000111e-01,3.200000000000000067e-01,-3.471932836545921219e-02,-1.341598567903851402e-01,0.000000000000000000e+00,0.000000000000000000e+00,2.000000000000000000e+04
2.399999999999999911e-01,3.200000000000000067e-01,-4.185759519011900132e-02,-1.690840223067421877e-01,0.000000000000000000e+00,0.000000000000000000e+00,2.000000000000000000e+04
2.800000000000000266e-01,3.200000000000000067e-01,-4.880792412597600299e-02,-2.058903034052533554e-01,0.000000000000000000e+00,0.000000000000000000e+00,2.000000000000000000e+04
3.200000000000000067e-01,3.200000000000000067e-01,-5.543831721319619765e-02,-2.442623632100723308e-01,0.000000000000000000e+00,0.000000000000000000e+00,2.000000000000000000e+04
3.599999999999999867e-01,3.200000000000000067e-01,-6.163256342045372177e-02,-2.839061761118416571e-01,0.000000000000000000e+00,0.000000000000000000e+00,2.000000000000000000e+04
4.000000000000000222e-01,3.200000000000000067e-01,-6.729514216805128346e-02,-3.245434222144278902e-01,0.000000000000000000e+00,0.000000000000000000e+00,2.000000000000000000e+04
4.400000000000000022e-01,3.200000000000000067e-01,-7.235226856502087467e-02,-3.659049633432418513e-01,0.000000000000000000e+00,0.000000000000000000e+00,2.000000000000000000e+04
4.799999999999999822e-01,3.200000000000000067e-01,-7.675131531191894951e-02,-4.077262973832697646e-01,0.000000000000000000e+00,0.000000000000000000e+00,2.000000000000000000e+04
5.200000000000000178e-01,3.200000000000000067e-01,-8.045993830412781489e-02,-4.497455883725867687e-01,0.000000000000000000e+00,0.000000000000000000e+00,2.000000000000000000e+04
5.600000000000000533e-01,3.200000000000000067e-01,-8.346538553789788206e-02,-4.917041728476691520e-01,0.000000000000000000e+00,0.000000000000000000e+00,2.000000000000000000e+04
5.999999999999999778e-01,3.200000000000000067e-01,-8.577394102915113228e-02,-5.333491565491427222e-01,0.000000000000000000e+00,0.000000000000000000e+00,2.000000000000000000e+04
6.400000000000000133e-01,3.200000000000000067e-01,-8.741019780810435624e-02,-5.744375734039840475e-01,0.000000000000000000e+00,0.000000000000000000e+00,2.000000000000000000e+04
6.800000000000000488e-01,3.200000000000000067e-01,-8.841578583084525045e-02,-6.147414372362144386e-01,0.000000000000000000e+00,0.000000000000000000e+00,2.000000000000000000e+04
7.199999999999999734e-01,3.200000000000000067e-01,-8.884725619564323718e-02,-6.540528252000348264e-01,0.000000000000000000e+00,0.000000000000000000e+00,2.000000000000000000e+04
7.600000000000000089e-01,3.200000000000000067e-01,-8.877302552250385115e-02,-6.921878853287743993e-01,0.000000000000000000e+00,0.000000000000000000e+00,2.000000000000000000e+04
8.000000000000000444e-01,3.200000000000000067e-01,-8.826963801350204419e-02,-7.289883211616067227e-01,0.000000000000000000e+00,0.000000000000000000e+00,2.000000000000000000e+04
8.399999999999999689e-01,3.200000000000000067e-01,-8.741782361546307500e-02,-7.643191010382931472e-01,0.000000000000000000e+00,0.000000000000000000e+00,2.000000000000000000e+04
8.800000000000000044e-01,3.200000000000000067e-01,-8.629985270517298579e-02,-7.980593770370295603e-01,0.000000000000000000e+00,0.000000000000000000e+00,2.000000000000000000e+04
9.200000000000000400e-01,3.200000000000000067e-01,-8.500036815370327903e-02,-8.300845892655305258e-01,0.000000000000000000e+00,0.000000000000000000e+00,2.000000000000000000e+04
9.599999999999999645e-01,3.200000000000000067e-01,-8.361241453458763406e-02,-8.602396636659086493e-01,0.000000000000000000e+00,0.000000000000000000e+00,2.000000000000000000e+04
1.000000000000000000e+00,3.200000000000000067e-01,-8.224914548230433109e-02,-8.883039543683998174e-01,0.000000000000000000e+00,0.000000000000000000e+00,2.000000000000000000e+04
0.000000000000000000e+00,3.599999999999999867e-01,0.000000000000000000e+00,0.000000000000000000e+00,1.000000000000000000e+00,0.000000000000000000e+00,2.000000000000000000e+04
4.000000000000000083e-02,3.599999999999999867e-01,-5.252960538482659598e-03,-2.019924540842088154e-02,0.000000000000000000e+00,0.000000000000000000e+00,2.000000000000000000e+04
8.000000000000000167e-02,3.599999999999999867e-01,-1.059448522780507239e-02,-4.379977879435410781e-02,0.000000000000000000e+00,0.000000000000000000e+00,2.000000000000000000e+04
1.199999999999999956e-01,3.599999999999999867e-01,-1.606363725331443407e-02,-7.062329072225713433e-02,0.000000000000000000e+00,0.000000000000000000e+00,2.000000000000000000e+04
1.600000000000000033e-01,3.599999999999999867e-01,-2.164577855823106994e-02,-1.004085472756028330e-01,0.000000000000000000e+00,0.000000000000000000e+00,2.000000000000000000e+04
2.000000000000000111e-01,3.599999999999999867e-01,-2.728103108955655734e-02,-1.328488597658758763e-01,0.000000000000000000e+00,0.000000000000000000e+00,2.000000000000000000e+04
2.399999999999999911e-01,3.599999999999999867e-01,-3.287814082682277705e-02,-1.676201415854320920e-01,0.000000000000000000e+00,0.000000000000000000e+00,2.000000000000000000e+04
2.800000000000000266e-01,3.599999999999999867e-01,-3.832949048279348653e-02,-2.043989123227089311e-01,0.000000000000000000e+00,0.000000000000000000e+00,2.000000000000000000e+04
3.200000000000000067e-01,3.599999999999999867e-01,-4.352417549394197588e-02,-2.428711969580246433e-01,0.000000000000000000e+00,0.000000000000000000e+00,2.000000000000000000e+04
3.599999999999999867e-01,3.599999999999999867e-01,-4.835757120289727734e-02,-2.827345390487785437e-01,0.000000000000000000e+00,0.000000000000000000e+00,2.000000000000000000e+04
4.000000000000000222e-01,3.599999999999999867e-01,-5.273731923405211575e-02,-3.236959217582696113e-01,0.000000000000000000e+00,0.000000000000000000e+00,2.000000000000000000e+04
4.400000000000000022e-01,3.599999999999999867e-01,-5.658666469475660821e-02,-3.654682253928999147e-01,0.000000000000000000e+00,0.000000000000000000e+00,2.000000000000000000e+04
4.799999999999999822e-01,3.599999999999999867e-01,-5.984635534496046683e-02,-4.077671794790925786e-01,0.000000000000000000e+00,0.000000000000000000e+00,2.000000000000000000e+04
5.200000000000000178e-01,3.599999999999999867e-01,-6.247602273448436827e-02,-4.503099653963853477e-01,0.000000000000000000e+00,0.000000000000000000e+00,2.000000000000000000e+04
5.600000000000000533e-01,3.599999999999999867e-01,-6.445544958605671504e-02,-4.928159665433498038e-01,0.000000000000000000e+00,0.000000000000000000e+00,2.000000000000000000e+04
5.999999999999999778e-01,3.599999999999999867e-01,-6.578565739206940211e-02,-5.350097055202721608e-01,0.000000000000000000e+00,0.000000000000000000e+00,2.000000000000000000e+04
6.400000000000000133e-01,3.599999999999999867e-01,-6.648943014807841279e-02,-5.766256706970620538e-01,0.000000000000000000e+00,0.000000000000000000e+00,2.000000000000000000e+04
6.800000000000000488e-01,3.599999999999999867e-01,-6.661073963381107521e-02,-6.174144217946747615e-01,0.000000000000000000e+00,0.000000000000000000e+00,2.000000000000000000e+04
7.199999999999999734e-01,3.599999999999999867e-01,-6.621255218494408179e-02,-6.571490185196664502e-01,0.000000000000000000e+00,0.000000000000000000e+00,2.000000000000000000e+04
7.600000000000000089e-01,3.599999999999999867e-01,-6.537268072695792687e-02,-6.956304191875507525e-01,0.000000000000000000e+00,0.000000000000000000e+00,2.000000000000000000e+04
8.000000000000000444e-01,3.599999999999999867e-01,-6.417778327099170343e-02,-7.326899217541140708e-01,0.000000000000000000e+00,0.000000000000000000e+00,2.000000000000000000e+04
8.399999999999999689e-01,3.599999999999999867e-01,-6.271563619097209052e-02,-7.681874643654940105e-01,0.000000000000000000e+00,0.000000000000000000e+00,2.000000000000000000e+04
8.800000000000000044e-01,3.599999999999999867e-01,-6.106776055117125318e-02,-8.020005478375701324e-01,0.000000000000000000e+00,0.000000000000000000e+00,2.000000000000000000e+04
9.200000000000000400e-01,3.599999999999999867e-01,-5.930565464958931915e-02,-8.340011666722882966e-01,0.000000000000000000e+00,0.000000000000000000e+00,2.000000000000000000e+04
9.599999999999999645e-01,3.599999999999999867e-01,-5.749298580920627483e-02,-8.640220890488354843e-01,0.000000000000000000e+00,0.000000000000000000e+00,2.000000000000000000e+04
1.000000000000000000e+00,3.599999999999999867e-01,-5.569431360626694166e-02,-8.918152514128783181e-01,0.000000000000000000e+00,0.000000000000000000e+00,2.000000000000000000e+04
0.000000000000000000e+00,4.000000000000000222e-01,0.000000000000000000e+00,0.000000000000000000e+00,1.000000000000000000e+00,0.000000000000000000e+00,2.000000000000000000e+04
4.000000000000000083e-02,4.000000000000000222e-01,-3.920989637433696696e-03,-2.009477928012795914e-02,0.000000000000000000e+00,0.000000000000000000e+00,2.000000000000000000e+04
8.000000000000000167e-02,4.000000000000000222e-01,-7.919962586748464928e-03,-4.349980483105894691e-02,0.000000000000000000e+00,0.000000000000000000e+00,2.000000000000000000e+04
1.199999999999999956e-01,4.000000000000000222e-01,-1.201424945269181574e-02,-7.009086418144087893e-02,0.000000000000000000e+00,0.000000000000000000e+00,2.000000000000000000e+04
1.600000000000000033e-01,4.000000000000000222e-01,-1.618736710364098580e-02,-9.965824489198815694e-02,0.000000000000000000e+00,0.000000000000000000e+00,2.000000000000000000e+04
2.000000000000000111e-01,4.000000000000000222e-01,-2.039245645654600911e-02,-1.319378238567437134e-01,0.000000000000000000e+00,0.000000000000000000e+00,2.000000000000000000e+04
2.399999999999999911e-01,4.000000000000000222e-01,-2.455924911563233184e-02,-1.666360235344530594e-01,0.000000000000000000e+00,0.000000000000000000e+00,2.000000000000000000e+04
2.800000000000000266e-01,4.000000000000000222e-01,-2.860242924789321503e-02,-2.034473560744735066e-01,0.000000000000000000e+00,0.000000000000000000e+00,2.000000000000000000e+04
3.200000000000000067e-01,4.000000000000000222e-01,-3.242974488443166325e-02,-2.420647141498998844e-01,0.000000000000000000e+00,0.000000000000000000e+00,2.000000000000000000e+04
3.599999999999999867e-01,4.000000000000000222e-01,-3.594888906212421326e-02,-2.821836725685027969e-01,0.000000000000000000e+00,0.000000000000000000e+00,2.000000000000000000e+04
4.000000000000000222e-01,4.000000000000000222e-01,-3.907289746478726650e-02,-3.235026915254238244e-01,0.000000000000000000e+00,0.000000000000000000e+00,2.000000000000000000e+04
4.400000000000000022e-01,4.000000000000000222e-01,-4.172438027654769982e-02,-3.657212648186227710e-01,0.000000000000000000e+00,0.000000000000000000e+00,2.000000000000000000e+04
4.799999999999999822e-01,4.000000000000000222e-01,-4.383915484878626867e-02,-4.085378343067565532e-01,0.000000000000000000e+00,0.000000000000000000e+00,2.000000000000000000e+04
5.200000000000000178e-01,4.000000000000000222e-01,-4.536974922096904950e-02,-4.516488577311609243e-01,0.000000000000000000e+00,0.000000000000000000e+00,2.000000000000000000e+04
5.600000000000000533e-01,4.000000000000000222e-01,-4.628891662075450275e-02,-4.947499238115115050e-01,0.000000000000000000e+00,0.000000000000000000e+00,2.000000000000000000e+04
5.999999999999999778e-01,4.000000000000000222e-01,-4.659289654205130138e-02,-5.375393370548878780e-01,0.000000000000000000e+00,0.000000000000000000e+00,2.000000000000000000e+04
6.400000000000000133e-01,4.000000000000000222e-01,-4.630380484564627919e-02,-5.797241468665883524e-01,0.000000000000000000e+00,0.000000000000000000e+00,2.000000000000000000e+04
6.800000000000000488e-01,4.000000000000000222e-01,-4.547030876361104340e-02,-6.210281329129514472e-01,0.000000000000000000e+00,0.000000000000000000e+00,2.000000000000000000e+04
7.199999999999999734e-01,4.000000000000000222e-01,-4.416568898236487156e-02,-6.612007415279731459e-01,0.000000000000000000e+00,0.000000000000000000e+00,2.000000000000000000e+04
7.600000000000000089e-01,4.000000000000000222e-01,-4.248254905544143062e-02,-7.000253760137237213e-01,0.000000000000000000e+00,0.000000000000000000e+00,2.000000000000000000e+04
8.000000000000000444e-01,4.000000000000000222e-01,-4.052402655666743903e-02,-7.373244403362632093e-01,0.000000000000000000e+00,0.000000000000000000e+00,2.000000000000000000e+04
8.399999999999999689e-01,4.000000000000000222e-01,-3.839078701676313515e-02,-7.729607367387134609e-01,0.000000000000000000e+00,0.000000000000000000e+00,2.000000000000000000e+04
8.800000000000000044e-01,4.000000000000000222e-01,-3.616706604153428067e-02,-8.068252268432575258e-01,0.000000000000000000e+00,0.000000000000000000e+00,2.000000000000000000e+04
9.200000000000000400e-01,4.000000000000000222e-01,-3.391101360493796457e-02,-8.388077648221311522e-01,0.000000000000000000e+00,0.000000000000000000e+00,2.000000000000000000e+04
9.599999999999999645e-01,4.000000000000000222e-01,-3.165266520056616434e-02,-8.687547988535350152e-01,0.000000000000000000e+00,0.000000000000000000e+00,2.000000000000000000e+04
1.000000000000000000e+00,4.000000000000000222e-01,-2.940011984793459987e-02,-8.964196361631728838e-01,0.000000000000000000e+00,0.000000000000000000e+00,2.000000000000000000e+04
0.000000000000000000e+00,4.400000000000000022e-01,0.000000000000000000e+00,0.000000000000000000e+00,1.000000000000000000e+00,0.000000000000000000e+00,2.000000000000000000e+04
4.000000000000000083e-02,4.400000000000000022e-01,-2.632926744771226738e-03,-1.997958092394041749e-02,0.000000000000000000e+00,0.000000000000000000e+00,2.000000000000000000e+04
8.000000000000000167e-02,4.400000000000000022e-01,-5.345723816597442585e-03,-4.323559292318815417e-02,0.000000000000000000e+00,0.000000000000000000e+00,2.000000000000000000e+04
1.199999999999999956e-01,4.400000000000000022e-01,-8.133601627799465911e-03,-6.967505404528787083e-02,0.000000000000000000e+00,0.000000000000000000e+00,2.000000000000000000e+04
1.600000000000000033e-01,4.400000000000000022e-01,-1.097400141712538517e-02,-9.911916915475567358e-02,0.000000000000000000e+00,0.000000000000000000e+00,2.000000000000000000e+04
2.000000000000000111e-01,4.400000000000000022e-01,-1.382692121076117310e-02,-1.313310665823736734e-01,0.000000000000000000e+00,0.000000000000000000e+00,2.000000000000000000e+04
2.399999999999999911e-01,4.400000000000000022e-01,-1.663700030057146950e-02,-1.660387990185121510e-01,0.000000000000000000e+00,0.000000000000000000e+00,2.000000000000000000e+04
2.800000000000000266e-01,4.400000000000000022e-01,-1.933668932305663071e-02,-2.029520144585871266e-01,0.000000000000000000e+00,0.000000000000000000e+00,2.000000000000000000e+04
3.200000000000000067e-01,4.400000000000000022e-01,-2.184995308440286499e-02,-2.417721742712417021e-01,0.000000000000000000e+00,0.000000000000000000e+00,2.000000000000000000e+04
3.599999999999999867e-01,4.400000000000000022e-01,-2.409614615965772685e-02,-2.821972282869172899e-01,0.000000000000000000e+00,0.000000000000000000e+00,2.000000000000000000e+04
4.000000000000000222e-01,4.400000000000000022e-01,-2.599397550659662479e-02,-3.239222596954268174e-01,0.000000000000000000e+00,0.000000000000000000e+00,2.000000000000000000e+04
4.400000000000000022e-01,4.400000000000000022e-01,-2.746571894984977877e-02,-3.666378685468636989e-01,0.000000000000000000e+00,0.000000000000000000e+00,2.000000000000000000e+04
4.799999999999999822e-01,4.400000000000000022e-01,-2.844197916803489767e-02,-4.100280529738813962e-01,0.000000000000000000e+00,0.000000000000000000e+00,2.000000000000000000e+04
5.200000000000000178e-01,4.400000000000000022e-01,-2.886714771867690196e-02,-4.537691457041626575e-01,0.000000000000000000e+00,0.000000000000000000e+00,2.000000000000000000e+04
5.600000000000000533e-01,4.400000000000000022e-01,-2.870544622401340409e-02,-4.975310321911358691e-01,0.000000000000000000e+00,0.000000000000000000e+00,2.000000000000000000e+04
5.999999999999999778e-01,4.400000000000000022e-01,-2.794698475458165868e-02,-5.409814553860455844e-01,0.000000000000000000e+00,0.000000000000000000e+00,2.000000000000000000e+04
6.400000000000000133e-01,4.400000000000000022e-01,-2.661284065791615777e-02,-5.837937122108184385e-01,0.000000000000000000e+00,0.000000000000000000e+00,2.000000000000000000e+04
6.800000000000000488e-01,4.400000000000000022e-01,-2.475781835139581957e-02,-6.256574570102740873e-01,0.000000000000000000e+00,0.000000000000000000e+00,2.000000000000000000e+04
7.199999999999999734e-01,4.400000000000000022e-01,-2.246938974166219627e-02,-6.662916246679484455e-01,0.000000000000000000e+00,0.000000000000000000e+00,2.000000000000000000e+04
7.600000000000000089e-01,4.400000000000000022e-01,-1.986141308186318080e-02,-7.054576525020642697e-01,0.000000000000000000e+00,0.000000000000000000e+00,2.000000000000000000e+04
8.000000000000000444e-01,4.400000000000000022e-01,-1.706212012852730345e-02,-7.429693576495685070e-01,0.000000000000000000e+00,0.000000000000000000e+00,2.000000000000000000e+04
8.399999999999999689e-01,4.400000000000000022e-01,-1.419360352026502979e-02,-7.787018197822606069e-01,0.000000000000000000e+00,0.000000000000000000e+00,2.000000000000000000e+04
8.800000000000000044e-01,4.400000000000000022e-01,-1.134855016632956536e-02,-8.125787715724742677e-01,0.000000000000000000e+00,0.000000000000000000e+00,2.000000000000000000e+04
9.200000000000000400e-01,4.400000000000000022e-01,-8.573080739816510421e-03,-8.445346881031630115e-01,0.000000000000000000e+00,0.000000000000000000e+00,2.000000000000000000e+04
9.599999999999999645e-01,4.400000000000000022e-01,-5.860171661103238082e-03,-8.744608651565591861e-01,0.000000000000000000e+00,0.000000000000000000e+00,2.000000000000000000e+04
1.000000000000000000e+00,4.400000000000000022e-01,-3.153665054565955427e-03,-9.021450806111263043e-01,0.000000000000000000e+00,0.000000000000000000e+00,2.000000000000000000e+04
0.000000000000000000e+00,4.799999999999999822e-01,0.000000000000000000e+00,0.000000000000000000e+00,1.000000000000000000e+00,0.000000000000000000e+00,2.000000000000000000e+04
4.000000000000000083e-02,4.799999999999999822e-01,-1.357249927312126434e-03,-1.984100357948677396e-02,0.000000000000000000e+00,0.000000000000000000e+00,2.000000000000000000e+04
8.000000000000000167e-02,4.799999999999999822e-01,-2.802426198700063570e-03,-4.297866815900538290e-02,0.000000000000000000e+00,0.000000000000000000e+00,2.000000000000000000e+04
1.199999999999999956e-01,4.799999999999999822e-01,-4.309316586782620424e-03,-6.933216384073320748e-02,0.000000000000000000e+00,0.000000000000000000e+00,2.000000000000000000e+04
1.600000000000000033e-01,4.799999999999999822e-01,-5.848226432480048941e-03,-9.873572541263589408e-02,0.000000000000000000e+00,0.000000000000000000e+00,2.000000000000000000e+04
2.000000000000000111e-01,4.799999999999999822e-01,-7.383868646903763225e-03,-1.309657598677694268e-01,0.000000000000000000e+00,0.000000000000000000e+00,2.000000000000000000e+04
2.399999999999999911e-01,4.799999999999999822e-01,-8.873387721822759491e-03,-1.657631416662149471e-01,0.000000000000000000e+00,0.000000000000000000e+00,2.000000000000000000e+04
2.800000000000000266e-01,4.799999999999999822e-01,-1.026501585223271382e-02,-2.028490075473214638e-01,0.000000000000000000e+00,0.000000000000000000e+00,2.000000000000000000e+04
3.200000000000000067e-01,4.799999999999999822e-01,-1.149767805235267330e-02,-2.419340220279005416e-01,0.000000000000000000e+00,0.000000000000000000e+00,2.000000000000000000e+04
3.599999999999999867e-01,4.799999999999999822e-01,-1.250172226149549003e-02,-2.827220588130207601e-01,0.000000000000000000e+00,0.000000000000000000e+00,2.000000000000000000e+04
4.000000000000000222e-01,4.799999999999999822e-01,-1.320095133507591043e-02,-3.249097578602989089e-01,0.000000000000000000e+00,0.000000000000000000e+00,2.000000000000000000e+04
4.400000000000000022e-01,4.799999999999999822e-01,-1.351620789407784531e-02,-3.681836765611313789e-01,0.000000000000000000e+00,0.000000000000000000e+00,2.000000000000000000e+04
4.799999999999999822e-01,4.799999999999999822e-01,-1.337077501943090274e-02,-4.122168582433610173e-01,0.000000000000000000e+00,0.000000000000000000e+00,2.000000000000000000e+04
5.200000000000000178e-01,4.799999999999999822e-01,-1.269768879492195503e-02,-4.566666154781612863e-01,0.000000000000000000e+00,0.000000000000000000e+00,2.000000000000000000e+04
5.600000000000000533e-01,4.799999999999999822e-01,-1.144866907365602905e-02,-5.011751547232828896e-01,0.000000000000000000e+00,0.000000000000000000e+00,2.000000000000000000e+04
5.999999999999999778e-01,4.799999999999999822e-01,-9.603807505261555480e-03,-5.453743308438142590e-01,0.000000000000000000e+00,0.000000000000000000e+00,2.000000000000000000e+04
6.400000000000000133e-01,4.799999999999999822e-01,-7.180517940923496212e-03,-5.888953014427891208e-01,0.000000000000000000e+00,0.000000000000000000e+00,2.000000000000000000e+04
6.800000000000000488e-01,4.799999999999999822e-01,-4.239690769245728699e-03,-6.313831450401756751e-01,0.000000000000000000e+00,0.000000000000000000e+00,2.000000000000000000e+04
7.199999999999999734e-01,4.799999999999999822e-01,-8.866310862008325256e-04,-6.725156013297028945e-01,0.000000000000000000e+00,0.000000000000000000e+00,2.000000000000000000e+04
7.600000000000000089e-01,4.799999999999999822e-01,2.735686747245590252e-03,-7.120239721931560517e-01,0.000000000000000000e+00,0.000000000000000000e+00,2.000000000000000000e+04
8.000000000000000444e-01,4.799999999999999822e-01,6.462005786120446349e-03,-7.497107406986222022e-01,0.000000000000000000e+00,0.000000000000000000e+00,2.000000000000000000e+04
8.399999999999999689e-01,4.799999999999999822e-01,1.013646158806713257e-02,-7.854741638293497585e-01,0.000000000000000000e+00,0.000000000000000000e+00,2.000000000000000000e+04
8.800000000000000044e-01,4.799999999999999822e-01,1.364936040957956051e-02,-8.192955580666740900e-01,0.000000000000000000e+00,0.000000000000000000e+00,2.000000000000000000e+04
9.200000000000000400e-01,4.799999999999999822e-01,1.696374619171760884e-02,-8.511876936754735334e-01,0.000000000000000000e+00,0.000000000000000000e+00,2.000000000000000000e+04
9.599999999999999645e-01,4.799999999999999822e-01,2.012647711426039654e-02,-8.811244384563448051e-01,0.000000000000000000e+00,0.000000000000000000e+00,2.000000000000000000e+04
1.000000000000000000e+00,4.799999999999999822e-01,2.326587335832448755e-02,-9.089669081555474817e-01,0.000000000000000000e+00,0.000000000000000000e+00,2.000000000000000000e+04
0.000000000000000000e+00,5.200000000000000178e-01,0.000000000000000000e+00,0.000000000000000000e+00,1.000000000000000000e+00,0.000000000000000000e+00,2.000000000000000000e+04
4.000000000000000083e-02,5.200000000000000178e-01,-6.461209422780270900e-05,-1.967473661206235042e-02,0.000000000000000000e+00,0.000000000000000000e+00,2.000000000000000000e+04
8.000000000000000167e-02,5.200000000000000178e-01,-2.256673273675307949e-04,-4.271835358512252045e-02,0.000000000000000000e+00,0.000000000000000000e+00,2.000000000000000000e+04
1.199999999999999956e-01,5.200000000000000178e-01,-4.370051012812349936e-04,-6.904416616258264583e-02,0.000000000000000000e+00,0.000000000000000000e+00,2.000000000000000000e+04
1.600000000000000033e-01,5.200000000000000178e-01,-6.631505840268749757e-04,-9.848245984912322448e-02,0.000000000000000000e+00,0.000000000000000000e+00,2.000000000000000000e+04
2.000000000000000111e-01,5.200000000000000178e-01,-8.746055353944967277e-04,-1.308096379004345389e-01,0.000000000000000000e+00,0.000000000000000000e+00,2.000000000000000000e+04
2.399999999999999911e-01,5.200000000000000178e-01,-1.041807022522168655e-03,-1.657709959000992217e-01,0.000000000000000000e+00,0.000000000000000000e+00,2.000000000000000000e+04
2.800000000000000266e-01,5.200000000000000178e-01,-1.129375460386813261e-03,-2.030956815599655185e-01,0.000000000000000000e+00,0.000000000000000000e+00,2.000000000000000000e+04
3.200000000000000067e-01,5.200000000000000178e-01,-1.091673086056819258e-03,-2.425043237411425301e-01,0.000000000000000000e+00,0.000000000000000000e+00,2.000000000000000000e+04
3.599999999999999867e-01,5.200000000000000178e-01,-8.702299343605253987e-04,-2.837106201804708849e-01,0.000000000000000000e+00,0.000000000000000000e+00,2.000000000000000000e+04
4.000000000000000222e-01,5.200000000000000178e-01,-3.934317085564030254e-04,-3.264184735810571891e-01,0.000000000000000000e+00,0.000000000000000000e+00,2.000000000000000000e+04
4.400000000000000022e-01,5.200000000000000178e-01,4.210963384076678090e-04,-3.703164440479397856e-01,0.000000000000000000e+00,0.000000000000000000e+00,2.000000000000000000e+04
4.799999999999999822e-01,5.200000000000000178e-01,1.660939237035725415e-03,-4.150714808363615838e-01,0.000000000000000000e+00,0.000000000000000000e+00,2.000000000000000000e+04
5.200000000000000178e-01,5.200000000000000178e-01,3.409881316627834218e-03,-4.603240782818535659e-01,0.000000000000000000e+00,0.000000000000000000e+00,2.000000000000000000e+04
5.600000000000000533e-01,5.200000000000000178e-01,5.735652354141390630e-03,-5.056870557636115038e-01,0.000000000000000000e+00,0.000000000000000000e+00,2.000000000000000000e+04
5.999999999999999778e-01,5.200000000000000178e-01,8.675485019169409256e-03,-5.507499717199068057e-01,0.000000000000000000e+00,0.000000000000000000e+00,2.000000000000000000e+04
6.400000000000000133e-01,5.200000000000000178e-01,1.222155323860555851e-02,-5.950906800019901688e-01,0.000000000000000000e+00,0.000000000000000000e+00,2.000000000000000000e+04
6.800000000000000488e-01,5.200000000000000178e-01,1.630934345758579609e-02,-6.382947138957550948e-01,0.000000000000000000e+00,0.000000000000000000e+00,2.000000000000000000e+04
7.199999999999999734e-01,5.200000000000000178e-01,2.081275474108321144e-02,-6.799820477349247660e-01,0.000000000000000000e+00,0.000000000000000000e+00,2.000000000000000000e+04
7.600000000000000089e-01,5.200000000000000178e-01,2.555008844206835272e-02,-7.198393545251071668e-01,0.000000000000000000e+00,0.000000000000000000e+00,2.000000000000000000e+04
8.000000000000000444e-01,5.200000000000000178e-01,3.030215981531238223e-02,-7.576488248690063099e-01,0.000000000000000000e+00,0.000000000000000000e+00,2.000000000000000000e+04
8.399999999999999689e-01,5.200000000000000178e-01,3.486167637165343836e-02,-7.933447900700095756e-01,0.000000000000000000e+00,0.000000000000000000e+00,2.000000000000000000e+04
8.800000000000000044e-01,5.200000000000000178e-01,3.909020302675672576e-02,-8.269989835042852455e-01,0.000000000000000000e+00,0.000000000000000000e+00,2.000000000000000000e+04
9.200000000000000400e-01,5.200000000000000178e-01,4.295592548004896483e-02,-8.587451857887404838e-01,0.000000000000000000e+00,0.000000000000000000e+00,2.000000000000000000e+04
9.599999999999999645e-01,5.200000000000000178e-01,4.654798969930310643e-02,-8.886853597700727914e-01,0.000000000000000000e+00,0.000000000000000000e+00,2.000000000000000000e+04
1.000000000000000000e+00,5.200000000000000178e-01,5.007471847323821668e-02,-9.167998156898031770e-01,0.000000000000000000e+00,0.000000000000000000e+00,2.000000000000000000e+04
0.000000000000000000e+00,5.600000000000000533e-01,0.000000000000000000e+00,0.000000000000000000e+00,1.000000000000000000e+00,0.000000000000000000e+00,2.000000000000000000e+04
4.000000000000000083e-02,5.600000000000000533e-01,1.273819838894283936e-03,-1.948448597559282805e-02,0.000000000000000000e+00,0.000000000000000000e+00,2.000000000000000000e+04
8.000000000000000167e-02,5.600000000000000533e-01,2.448076788142213370e-03,-4.246096440715423082e-02,0.000000000000000000e+00,0.000000000000000000e+00,2.000000000000000000e+04
1.199999999999999956e-01,5.600000000000000533e-01,3.586565568061103691e-03,-6.881762167224744764e-02,0.000000000000000000e+00,0.000000000000000000e+00,2.000000000000000000e+04
1.600000000000000033e-01,5.600000000000000533e-01,4.726921284294006119e-03,-9.836314422539901847e-02,0.000000000000000000e+00,0.000000000000000000e+00,2.000000000000000000e+04
2.000000000000000111e-01,5.600000000000000533e-01,5.888869293198862459e-03,-1.308607204658250867e-01,0.000000000000000000e+00,0.000000000000000000e+00,2.000000000000000000e+04
2.399999999999999911e-01,5.600000000000000533e-01,7.084997193328828637e-03,-1.660522139428509403e-01,0.000000000000000000e+00,0.000000000000000000e+00,2.000000000000000000e+04
2.800000000000000266e-01,5.600000000000000533e-01,8.331191960663043850e-03,-2.036720747526749586e-01,0.000000000000000000e+00,0.000000000000000000e+00,2.000000000000000000e+04
3.200000000000000067e-01,5.600000000000000533e-01,9.655213563679109628e-03,-2.434525970526003891e-01,0.000000000000000000e+00,0.000000000000000000e+00,2.000000000000000000e+04
3.599999999999999867e-01,5.600000000000000533e-01,1.110273602245062489e-02,-2.851224453147084836e-01,0.000000000000000000e+00,0.000000000000000000e+00,2.000000000000000000e+04
4.000000000000000222e-01,5.600000000000000533e-01,1.274043100342681610e-02,-3.284002121723295642e-01,0.000000000000000000e+00,0.000000000000000000e+00,2.000000000000000000e+04
4.400000000000000022e-01,5.600000000000000533e-01,1.465548944148160199e-02,-3.729847462535227920e-01,0.000000000000000000e+00,0.000000000000000000e+00,2.000000000000000000e+04
4.799999999999999822e-01,5.600000000000000533e-01,1.695069800394407439e-02,-4.185442839570244211e-01,0.000000000000000000e+00,0.000000000000000000e+00,2.000000000000000000e+04
5.200000000000000178e-01,5.600000000000000533e-01,1.973418406266497227e-02,-4.647069396113770456e-01,0.000000000000000000e+00,0.000000000000000000e+00,2.000000000000000000e+04
5.600000000000000533e-01,5.600000000000000533e-01,2.310351914643503021e-02,-5.110555840722134091e-01,0.000000000000000000e+00,0.000000000000000000e+00,2.000000000000000000e+04
5.999999999999999778e-01,5.600000000000000533e-01,2.712510762601044387e-02,-5.571302706405099059e-01,0.000000000000000000e+00,0.000000000000000000e+00,2.000000000000000000e+04
6.400000000000000133e-01,5.600000000000000533e-01,3.181148113407335914e-02,-6.024409627051003913e-01,0.000000000000000000e+00,0.000000000000000000e+00,2.000000000000000000e+04
6.800000000000000488e-01,5.600000000000000533e-01,3.710088479024582081e-02,-6.464923658872310241e-01,0.000000000000000000e+00,0.000000000000000000e+00,2.000000000000000000e+04
7.199999999999999734e-01,5.600000000000000533e-01,4.284500576327423399e-02,-6.888212540953337903e-01,0.000000000000000000e+00,0.000000000000000000e+00,2.000000000000000000e+04
7.600000000000000089e-01,5.600000000000000533e-01,4.881169409914119101e-02,-7.290449582607647638e-01,0.000000000000000000e+00,0.000000000000000000e+00,2.000000000000000000e+04
8.000000000000000444e-01,5.600000000000000533e-01,5.470310037819733906e-02,-7.669045213300599295e-01,0.000000000000000000e+00,0.000000000000000000e+00,2.000000000000000000e+04
8.399999999999999689e-01,5.600000000000000533e-01,6.023537489972565634e-02,-8.023872604322558333e-01,0.000000000000000000e+00,0.000000000000000000e+00,2.000000000000000000e+04
8.800000000000000044e-01,5.600000000000000533e-01,6.522658692749563891e-02,-8.357009270683792845e-01,0.000000000000000000e+00,0.000000000000000000e+00,2.000000000000000000e+04
9.200000000000000400e-01,5.600000000000000533e-01,6.964613938149349925e-02,-8.671549114176620998e-01,0.000000000000000000e+00,0.000000000000000000e+00,2.000000000000000000e+04
9.599999999999999645e-01,5.600000000000000533e-01,7.362829813092841569e-02,-8.970332033585227682e-01,0.000000000000000000e+00,0.000000000000000000e+00,2.000000000000000000e+04
1.000000000000000000e+00,5.600000000000000533e-01,7.746850152809246770e-02,-9.254883275081644545e-01,0.000000000000000000e+00,0.000000000000000000e+00,2.000000000000000000e+04
0.000000000000000000e+00,5.999999999999999778e-01,0.000000000000000000e+00,0.000000000000000000e+00,1.000000000000000000e+00,0.000000000000000000e+00,2.000000000000000000e+04
4.000000000000000083e-02,5.999999999999999778e-01,2.687779160993671902e-03,-1.928269768154346891e-02,0.000000000000000000e+00,0.000000000000000000e+00,2.000000000000000000e+04
8.000000000000000167e-02,5.999999999999999778e-01,5.284892700670775975e-03,-4.223107256974645285e-02,0.000000000000000000e+00,0.000000000000000000e+00,2.000000000000000000e+04
1.199999999999999956e-01,5.999999999999999778e-01,7.869204918596932330e-03,-6.868517493983218591e-02,0.000000000000000000e+00,0.000000000000000000e+00,2.000000000000000000e+04
1.600000000000000033e-01,5.999999999999999778e-01,1.047430003361955742e-02,-9.841233517198465230e-02,0.000000000000000000e+00,0.000000000000000000e+00,2.000000000000000000e+04
2.000000000000000111e-01,5.999999999999999778e-01,1.310320819023297681e-02,-1.311489864700849106e-01,0.000000000000000000e+00,0.000000000000000000e+00,2.000000000000000000e+04
2.399999999999999911e-01,5.999999999999999778e-01,1.574518054820428156e-02,-1.666264767081790388e-01,0.000000000000000000e+00,0.000000000000000000e+00,2.000000000000000000e+04
2.800000000000000266e-01,5.999999999999999778e-01,1.839126501773299602e-02,-2.045830925800332933e-01,0.000000000000000000e+00,0.000000000000000000e+00,2.000000000000000000e+04
3.200000000000000067e-01,5.999999999999999778e-01,2.104700158464853019e-02,-2.447659593787263332e-01,0.000000000000000000e+00,0.000000000000000000e+00,2.000000000000000000e+04
3.599999999999999867e-01,5.999999999999999778e-01,2.374191482555092561e-02,-2.869256510151880768e-01,0.000000000000000000e+00,0.000000000000000000e+00,2.000000000000000000e+04
4.000000000000000222e-01,5.999999999999999778e-01,2.653573096133965414e-02,-3.308053193892339650e-01,0.000000000000000000e+00,0.000000000000000000e+00,2.000000000000000000e+04
4.400000000000000022e-01,5.999999999999999778e-01,2.952073857485044278e-02,-3.761257074899562736e-01,0.000000000000000000e+00,0.000000000000000000e+00,2.000000000000000000e+04
4.799999999999999822e-01,5.999999999999999778e-01,3.281886493044993552e-02,-4.225677867517247943e-01,0.000000000000000000e+00,0.000000000000000000e+00,2.000000000000000000e+04
5.200000000000000178e-01,5.999999999999999778e-01,3.657143877332182103e-02,-4.697558450081988912e-01,0.000000000000000000e+00,0.000000000000000000e+00,2.000000000000000000e+04
5.600000000000000533e-01,5.999999999999999778e-01,4.091994431158504919e-02,-5.172451701020083226e-01,0.000000000000000000e+00,0.000000000000000000e+00,2.000000000000000000e+04
5.999999999999999778e-01,5.999999999999999778e-01,4.597776405021134633e-02,-5.645193458977663115e-01,0.000000000000000000e+00,0.000000000000000000e+00,2.000000000000000000e+04
6.400000000000000133e-01,5.999999999999999778e-01,5.179575988339087805e-02,-6.110020924840081635e-01,0.000000000000000000e+00,0.000000000000000000e+00,2.000000000000000000e+04
6.800000000000000488e-01,5.999999999999999778e-01,5.832779895720233143e-02,-6.560874769814183383e-01,0.000000000000000000e+00,0.000000000000000000e+00,2.000000000000000000e+04
7.199999999999999734e-01,5.999999999999999778e-01,6.540518000140858879e-02,-6.991905026557889702e-01,0.000000000000000000e+00,0.000000000000000000e+00,2.000000000000000000e+04
7.600000000000000089e-01,5.999999999999999778e-01,7.273112957373595311e-02,-7.398181796409891708e-01,0.000000000000000000e+00,0.000000000000000000e+00,2.000000000000000000e+04
8.000000000000000444e-01,5.999999999999999778e-01,7.989119774578862243e-02,-7.776268194299835734e-01,0.000000000000000000e+00,0.000000000000000000e+00,2.000000000000000000e+04
8.399999999999999689e-01,5.999999999999999778e-01,8.648916277666367225e-02,-8.126836223294701123e-01,0.000000000000000000e+00,0.000000000000000000e+00,2.000000000000000000e+04
8.800000000000000044e-01,5.999999999999999778e-01,9.228325516429689013e-02,-8.453996115609703210e-01,0.000000000000000000e+00,0.000000000000000000e+00,2.000000000000000000e+04
9.200000000000000400e-01,5.999999999999999778e-01,9.724325101594820386e-02,-8.763297033706933803e-01,0.000000000000000000e+00,0.000000000000000000e+00,2.000000000000000000e+04
9.599999999999999645e-01,5.999999999999999778e-01,1.015532115454472195e-01,-9.060010290603586203e-01,0.000000000000000000e+00,0.000000000000000000e+00,2.000000000000000000e+04
1.000000000000000000e+00,5.999999999999999778e-01,1.056007360969347109e-01,-9.347962442504288427e-01,0.000000000000000000e+00,0.000000000000000000e+00,2.000000000000000000e+04
0.000000000000000000e+00,6.400000000000000133e-01,0.000000000000000000e+00,0.000000000000000000e+00,1.000000000000000000e+00,0.000000000000000000e+00,2.000000000000000000e+04
4.000000000000000083e-02,6.400000000000000133e-01,4.209408883426761852e-03,-1.909231230734301926e-02,0.000000000000000000e+00,0.000000000000000000e+00,2.000000000000000000e+04
8.000000000000000167e-02,6.400000000000000133e-01,8.357033041909009072e-03,-4.207474807017592272e-02,0.000000000000000000e+00,0.000000000000000000e+00,2.000000000000000000e+04
1.199999999999999956e-01,6.400000000000000133e-01,1.252905920085648113e-02,-6.870936982568512374e-02,0.000000000000000000e+00,0.000000000000000000e+00,2.000000000000000000e+04
1.600000000000000033e-01,6.400000000000000133e-01,1.674537369867618031e-02,-9.869904901009417253e-02,0.000000000000000000e+00,0.000000000000000000e+00,2.000000000000000000e+04
2.000000000000000111e-01,6.400000000000000133e-01,2.098219940552498164e-02,-1.317396950782326048e-01,0.000000000000000000e+00,0.000000000000000000e+00,2.000000000000000000e+04
2.399999999999999911e-01,6.400000000000000133e-01,2.519672205866868575e-02,-1.675464118770609301e-01,0.000000000000000000e+00,0.000000000000000000e+00,2.000000000000000000e+04
2.800000000000000266e-01,6.400000000000000133e-01,2.934814530731464852e-02,-2.058616314246788925e-01,0.000000000000000000e+00,0.000000000000000000e+00,2.000000000000000000e+04
3.200000000000000067e-01,6.400000000000000133e-01,3.341405176191095117e-02,-2.464522148200342933e-01,0.000000000000000000e+00,0.000000000000000000e+00,2.000000000000000000e+04
3.599999999999999867e-01,6.400000000000000133e-01,3.740281063163809067e-02,-2.890994663699258949e-01,0.000000000000000000e+00,0.000000000000000000e+00,2.000000000000000000e+04
4.000000000000000222e-01,6.400000000000000133e-01,4.136292440728674136e-02,-3.335835930776893110e-01,0.000000000000000000e+00,0.000000000000000000e+00,2.000000000000000000e+04
4.400000000000000022e-01,6.400000000000000133e-01,4.538925276766925254e-02,-3.796629305900361961e-01,0.000000000000000000e+00,0.000000000000000000e+00,2.000000000000000000e+04
4.799999999999999822e-01,6.400000000000000133e-01,4.962431609485909445e-02,-4.270485003576838801e-01,0.000000000000000000e+00,0.000000000000000000e+00,2.000000000000000000e+04
5.200000000000000178e-01,6.400000000000000133e-01,5.425094561188284481e-02,-4.753762974105765760e-01,0.000000000000000000e+00,0.000000000000000000e+00,2.000000000000000000e+04
5.600000000000000533e-01,6.400000000000000133e-01,5.947170845141953183e-02,-5.241826303516833319e-01,0.000000000000000000e+00,0.000000000000000000e+00,2.000000000000000000e+04
5.999999999999999778e-01,6.400000000000000133e-01,6.547228611277640387e-02,-5.728904764552326112e-01,0.000000000000000000e+00,0.000000000000000000e+00,2.000000000000000000e+04
6.400000000000000133e-01,6.400000000000000133e-01,7.237066215987941753e-02,-6.208157193894530135e-01,0.000000000000000000e+00,0.000000000000000000e+00,2.000000000000000000e+04
6.800000000000000488e-01,6.400000000000000133e-01,8.016018119181182733e-02,-6.672008692607179769e-01,0.000000000000000000e+00,0.000000000000000000e+00,2.000000000000000000e+04
7.199999999999999734e-01,6.400000000000000133e-01,8.866022707826114180e-02,-7.112812455910368925e-01,0.000000000000000000e+00,0.000000000000000000e+00,2.000000000000000000e+04
7.600000000000000089e-01,6.400000000000000133e-01,9.749282187749357120e-02,-7.523866752596826135e-01,0.000000000000000000e+00,0.000000000000000000e+00,2.000000000000000000e+04
8.000000000000000444e-01,6.400000000000000133e-01,1.060651669238339423e-01,-7.900006797714688167e-01,0.000000000000000000e+00,0.000000000000000000e+00,2.000000000000000000e+04
8.399999999999999689e-01,6.400000000000000133e-01,1.138173748264780516e-01,-8.243232146043221187e-01,0.000000000000000000e+00,0.000000000000000000e+00,2.000000000000000000e+04
8.800000000000000044e-01,6.400000000000000133e-01,1.204341708277605338e-01,-8.560738359757555926e-01,0.000000000000000000e+00,0.000000000000000000e+00,2.000000000000000000e+04
9.200000000000000400e-01,6.400000000000000133e-01,1.258940801642721707e-01,-8.861415328306825323e-01,0.000000000000000000e+00,0.000000000000000000e+00,2.000000000000000000e+04
9.599999999999999645e-01,6.400000000000000133e-01,1.304402894195526852e-01,-9.153596261689763702e-01,0.000000000000000000e+00,0.000000000000000000e+00,2.000000000000000000e+04
1.000000000000000000e+00,6.400000000000000133e-01,1.345532837302888529e-01,-9.443967184394795877e-01,0.000000000000000000e+00,0.000000000000000000e+00,2.000000000000000000e+04
0.000000000000000000e+00,6.800000000000000488e-01,0.000000000000000000e+00,0.000000000000000000e+00,1.000000000000000000e+00,0.000000000000000000e+00,2.000000000000000000e+04
4.000000000000000083e-02,6.800000000000000488e-01,5.875324925528525692e-03,-1.894986981888503730e-02,0.000000000000000000e+00,0.000000000000000000e+00,2.000000000000000000e+04
8.000000000000000167e-02,6.800000000000000488e-01,1.174765820604851269e-02,-4.206512278180869757e-02,0.000000000000000000e+00,0.000000000000000000e+00,2.000000000000000000e+04
1.199999999999999956e-01,6.800000000000000488e-01,1.770168033170117089e-02,-6.898879712231165140e-02,0.000000000000000000e+00,0.000000000000000000e+00,2.000000000000000000e+04
1.600000000000000033e-01,6.800000000000000488e-01,2.372897758178539943e-02,-9.933217774900751640e-02,0.000000000000000000e+00,0.000000000000000000e+00,2.000000000000000000e+04
2.000000000000000111e-01,6.800000000000000488e-01,2.976531913507124080e-02,-1.327377604246129661e-01,0.000000000000000000e+00,0.000000000000000000e+00,2.000000000000000000e+04
2.399999999999999911e-01,6.800000000000000488e-01,3.572537968958303806e-02,-1.689013367144321653e-01,0.000000000000000000e+00,0.000000000000000000e+00,2.000000000000000000e+04
2.800000000000000266e-01,6.800000000000000488e-01,4.152902591385830566e-02,-2.075723442650821704e-01,0.000000000000000000e+00,0.000000000000000000e+00,2.000000000000000000e+04
3.200000000000000067e-01,6.800000000000000488e-01,4.711997185564893026e-02,-2.485440772149045963e-01,0.000000000000000000e+00,0.000000000000000000e+00,2.000000000000000000e+04
3.599999999999999867e-01,6.800000000000000488e-01,5.247959483129873565e-02,-2.916386948636804921e-01,0.000000000000000000e+00,0.000000000000000000e+00,2.000000000000000000e+04
4.000000000000000222e-01,6.800000000000000488e-01,5.763851989366604311e-02,-3.366877661094528351e-01,0.000000000000000000e+00,0.000000000000000000e+00,2.000000000000000000e+04
4.400000000000000022e-01,6.800000000000000488e-01,6.268723741911734482e-02,-3.835067677576828316e-01,0.000000000000000000e+00,0.000000000000000000e+00,2.000000000000000000e+04
4.799999999999999822e-01,6.800000000000000488e-01,6.778448519286325857e-02,-4.318614223876701130e-01,0.000000000000000000e+00,0.000000000000000000e+00,2.000000000000000000e+04
5.200000000000000178e-01,6.800000000000000488e-01,7.315814315376817367e-02,-4.814258886130940995e-01,0.000000000000000000e+00,0.000000000000000000e+00,2.000000000000000000e+04
5.600000000000000533e-01,6.800000000000000488e-01,7.908926767011677239e-02,-5.317382086234783145e-01,0.000000000000000000e+00,0.000000000000000000e+00,2.000000000000000000e+04
5.999999999999999778e-01,6.800000000000000488e-01,8.586952902208999650e-02,-5.821651644439173046e-01,0.000000000000000000e+00,0.000000000000000000e+00,2.000000000000000000e+04
6.400000000000000133e-01,6.800000000000000488e-01,9.372902541841181268e-02,-6.318927492278343383e-01,0.000000000000000000e+00,0.000000000000000000e+00,2.000000000000000000e+04
6.800000000000000488e-01,6.800000000000000488e-01,1.027436179982769149e-01,-6.799573718942781841e-01,0.000000000000000000e+00,0.000000000000000000e+00,2.000000000000000000e+04
7.199999999999999734e-01,6.800000000000000488e-01,1.127430740857773145e-01,-7.253283017008741451e-01,0.000000000000000000e+00,0.000000000000000000e+00,2.000000000000000000e+04
7.600000000000000089e-01,6.800000000000000488e-01,1.232507236022784558e-01,-7.670497576138955997e-01,0.000000000000000000e+00,0.000000000000000000e+00,2.000000000000000000e+04
8.000000000000000444e-01,6.800000000000000488e-01,1.333881261556804920e-01,-8.042542776709608043e-01,0.000000000000000000e+00,0.000000000000000000e+00,2.000000000000000000e+04
8.399999999999999689e-01,6.800000000000000488e-01,1.423581466033096155e-01,-8.373942558217140064e-01,0.000000000000000000e+00,0.000000000000000000e+00,2.000000000000000000e+04
8.800000000000000044e-01,6.800000000000000488e-01,1.497712260027996845e-01,-8.676700397175820534e-01,0.000000000000000000e+00,0.000000000000000000e+00,2.000000000000000000e+04
9.200000000000000400e-01,6.800000000000000488e-01,1.556436342281711516e-01,-8.964127333804774445e-01,0.000000000000000000e+00,0.000000000000000000e+00,2.000000000000000000e+04
9.599999999999999645e-01,6.800000000000000488e-01,1.602964862367415311e-01,-9.248138413785806922e-01,0.000000000000000000e+00,0.000000000000000000e+00,2.000000000000000000e+04
1.000000000000000000e+00,6.800000000000000488e-01,1.642961616502263411e-01,-9.538664593101970901e-01,0.000000000000000000e+00,0.000000000000000000e+00,2.000000000000000000e+04
0.000000000000000000e+00,7.199999999999999734e-01,0.000000000000000000e+00,0.000000000000000000e+00,1.000000000000000000e+00,0.000000000000000000e+00,2.000000000000000000e+04
4.000000000000000083e-02,7.199999999999999734e-01,7.730039274110901693e-03,-1.891083469681794499e-02,0.000000000000000000e+00,0.000000000000000000e+00,2.000000000000000000e+04
8.000000000000000167e-02,7.199999999999999734e-01,1.555830365365447852e-02,-4.231119218736018039e-02,0.000000000000000000e+00,0.000000000000000000e+00,2.000000000000000000e+04
1.199999999999999956e-01,7.199999999999999734e-01,2.355029890230516190e-02,-6.966679432091703317e-02,0.000000000000000000e+00,0.000000000000000000e+00,2.000000000000000000e+04
1.600000000000000033e-01,7.199999999999999734e-01,3.164736094017923940e-02,-1.004670906628350735e-01,0.000000000000000000e+00,0.000000000000000000e+00,2.000000000000000000e+04
2.000000000000000111e-01,7.199999999999999734e-01,3.972747707008805751e-02,-1.342921195253458100e-01,0.000000000000000000e+00,0.000000000000000000e+00,2.000000000000000000e+04
2.399999999999999911e-01,7.199999999999999734e-01,4.765203918172074976e-02,-1.708204029755072406e-01,0.000000000000000000e+00,0.000000000000000000e+00,2.000000000000000000e+04
2.800000000000000266e-01,7.199999999999999734e-01,5.529568849966318839e-02,-2.098149923994826749e-01,0.000000000000000000e+00,0.000000000000000000e+00,2.000000000000000000e+04
3.200000000000000067e-01,7.199999999999999734e-01,6.256441060835464529e-02,-2.511040021387251353e-01,0.000000000000000000e+00,0.000000000000000000e+00,2.000000000000000000e+04
3.599999999999999867e-01,7.199999999999999734e-01,6.940787693703319439e-02,-2.945605808550139648e-01,0.000000000000000000e+00,0.000000000000000000e+00,2.000000000000000000e+04
4.000000000000000222e-01,7.199999999999999734e-01,7.583094176429605593e-02,-3.400815301695701010e-01,0.000000000000000000e+00,0.000000000000000000e+00,2.000000000000000000e+04
4.400000000000000022e-01,7.199999999999999734e-01,8.190764720438552249e-02,-3.875604672838270370e-01,0.000000000000000000e+00,0.000000000000000000e+00,2.000000000000000000e+04
4.799999999999999822e-01,7.199999999999999734e-01,8.779864280226148954e-02,-4.368492825802119950e-01,0.000000000000000000e+00,0.000000000000000000e+00,2.000000000000000000e+04
5.200000000000000178e-01,7.199999999999999734e-01,9.376779244811533909e-02,-4.877018032764570132e-01,0.000000000000000000e+00,0.000000000000000000e+00,2.000000000000000000e+04
5.600000000000000533e-01,7.199999999999999734e-01,1.001838772389177235e-01,-5.397003218715215045e-01,0.000000000000000000e+00,0.000000000000000000e+00,2.000000000000000000e+04
5.999999999999999778e-01,7.199999999999999734e-01,1.074837834956176713e-01,-5.921805140425144831e-01,0.000000000000000000e+00,0.000000000000000000e+00,2.000000000000000000e+04
6.400000000000000133e-01,7.199999999999999734e-01,1.160779518798603221e-01,-6.441844564850893740e-01,0.000000000000000000e+00,0.000000000000000000e+00,2.000000000000000000e+04
6.800000000000000488e-01,7.199999999999999734e-01,1.262021511893732517e-01,-6.944734571780905030e-01,0.000000000000000000e+00,0.000000000000000000e+00,2.000000000000000000e+04
7.199999999999999734e-01,7.199999999999999734e-01,1.377484108617687275e-01,-7.416226091185911251e-01,0.000000000000000000e+00,0.000000000000000000e+00,2.000000000000000000e+04
7.600000000000000089e-01,7.199999999999999734e-01,1.501293747244217547e-01,-7.842144449713177590e-01,0.000000000000000000e+00,0.000000000000000000e+00,2.000000000000000000e+04
8.000000000000000444e-01,7.199999999999999734e-01,1.619826678847759993e-01,-8.206628468052160619e-01,0.000000000000000000e+00,0.000000000000000000e+00,2.000000000000000000e+04
8.399999999999999689e-01,7.199999999999999734e-01,1.721699167576308531e-01,-8.519609055123247288e-01,0.000000000000000000e+00,0.000000000000000000e+00,2.000000000000000000e+04
8.800000000000000044e-01,7.199999999999999734e-01,1.802615319332400989e-01,-8.800766098574952512e-01,0.000000000000000000e+00,0.000000000000000000e+00,2.000000000000000000e+04
9.200000000000000400e-01,7.199999999999999734e-01,1.863802104886702893e-01,-9.069028623127446398e-01,0.000000000000000000e+00,0.000000000000000000e+00,2.000000000000000000e+04
9.599999999999999645e-01,7.199999999999999734e-01,1.909602945474703217e-01,-9.340038338531173601e-01,0.000000000000000000e+00,0.000000000000000000e+00,2.000000000000000000e+04
1.000000000000000000e+00,7.199999999999999734e-01,1.946347114962851677e-01,-9.626906318535158880e-01,0.000000000000000000e+00,0.000000000000000000e+00,2.000000000000000000e+04
0.000000000000000000e+00,7.600000000000000089e-01,0.000000000000000000e+00,0.000000000000000000e+00,1.000000000000000000e+00,0.000000000000000000e+00,2.000000000000000000e+04
4.000000000000000083e-02,7.600000000000000089e-01,9.832362817582276926e-03,-1.905910810394368868e-02,0.000000000000000000e+00,0.000000000000000000e+00,2.000000000000000000e+04
8.000000000000000167e-02,7.600000000000000089e-01,1.992199496526284030e-02,-4.297161836767570547e-02,0.000000000000000000e+00,0.000000000000000000e+00,2.000000000000000000e+04
1.199999999999999956e-01,7.600000000000000089e-01,3.028245379864094589e-02,-7.094299909831579265e-02,0.000000000000000000e+00,0.000000000000000000e+00,2.000000000000000000e+04
1.600000000000000033e-01,7.600000000000000089e-01,4.077227930082721885e-02,-1.023123837175907713e-01,0.000000000000000000e+00,0.000000000000000000e+00,2.000000000000000000e+04
2.000000000000000111e-01,7.600000000000000089e-01,5.119148105401929993e-02,-1.365982763243797915e-01,0.000000000000000000e+00,0.000000000000000000e+00,2.000000000000000000e+04
2.399999999999999911e-01,7.600000000000000089e-01,6.133990581439247025e-02,-1.734730391755941459e-01,0.000000000000000000e+00,0.000000000000000000e+00,2.000000000000000000e+04
2.800000000000000266e-01,7.600000000000000089e-01,7.104609418349797090e-02,-2.127253313293218373e-01,0.000000000000000000e+00,0.000000000000000000e+00,2.000000000000000000e+04
3.200000000000000067e-01,7.600000000000000089e-01,8.017988367796417826e-02,-2.542279574877600590e-01,0.000000000000000000e+00,0.000000000000000000e+00,2.000000000000000000e+04
3.599999999999999867e-01,7.600000000000000089e-01,8.865891421197882871e-02,-2.979133706841156637e-01,0.000000000000000000e+00,0.000000000000000000e+00,2.000000000000000000e+04
4.000000000000000222e-01,7.600000000000000089e-01,9.645616291057751424e-02,-3.437534388625641535e-01,0.000000000000000000e+00,0.000000000000000000e+00,2.000000000000000000e+04
4.400000000000000022e-01,7.600000000000000089e-01,1.036139237975870209e-01,-3.917369310444728803e-01,0.000000000000000000e+00,0.000000000000000000e+00,2.000000000000000000e+04
4.799999999999999822e-01,7.600000000000000089e-01,1.102685738831313128e-01,-4.418345167629796344e-01,0.000000000000000000e+00,0.000000000000000000e+00,2.000000000000000000e+04
5.200000000000000178e-01,7.600000000000000089e-01,1.166875871973753198e-01,-4.939363269043421378e-01,0.000000000000000000e+00,0.000000000000000000e+00,2.000000000000000000e+04
5.600000000000000533e-01,7.600000000000000089e-01,1.233090837229458142e-01,-5.477463257983717915e-01,0.000000000000000000e+00,0.000000000000000000e+00,2.000000000000000000e+04
5.999999999999999778e-01,7.600000000000000089e-01,1.307442624665942355e-01,-6.026394970213796443e-01,0.000000000000000000e+00,0.000000000000000000e+00,2.000000000000000000e+04
6.400000000000000133e-01,7.600000000000000089e-01,1.396799596281263489e-01,-6.575311166684789654e-01,0.000000000000000000e+00,0.000000000000000000e+00,2.000000000000000000e+04
6.800000000000000488e-01,7.600000000000000089e-01,1.506514017432362407e-01,-7.108303113230332038e-01,0.000000000000000000e+00,0.000000000000000000e+00,2.000000000000000000e+04
7.199999999999999734e-01,7.600000000000000089e-01,1.637303284951487636e-01,-7.605294281432612991e-01,0.000000000000000000e+00,0.000000000000000000e+00,2.000000000000000000e+04
7.600000000000000089e-01,7.600000000000000089e-01,1.782336684021564588e-01,-8.044614782807154585e-01,0.000000000000000000e+00,0.000000000000000000e+00,2.000000000000000000e+04
8.000000000000000444e-01,7.600000000000000089e-01,1.919294686668261696e-01,-8.395425362529449487e-01,0.000000000000000000e+00,0.000000000000000000e+00,2.000000000000000000e+04
8.399999999999999689e-01,7.600000000000000089e-01,2.031996893090232403e-01,-8.680135964205852872e-01,0.000000000000000000e+00,0.000000000000000000e+00,2.000000000000000000e+04
8.800000000000000044e-01,7.600000000000000089e-01,2.116891079792757036e-01,-8.930778477747709498e-01,0.000000000000000000e+00,0.000000000000000000e+00,2.000000000000000000e+04
9.200000000000000400e-01,7.600000000000000089e-01,2.177627590232648624e-01,-9.172897733366928152e-01,0.000000000000000000e+00,0.000000000000000000e+00,2.000000000000000000e+04
9.599999999999999645e-01,7.600000000000000089e-01,2.220273378768113093e-01,-9.425158993134242769e-01,0.000000000000000000e+00,0.000000000000000000e+00,2.000000000000000000e+04
1.000000000000000000e+00,7.600000000000000089e-01,2.251449883035736843e-01,-9.702895538784845897e-01,0.000000000000000000e+00,0.000000000000000000e+00,2.000000000000000000e+04
0.000000000000000000e+00,8.000000000000000444e-01,0.000000000000000000e+00,0.000000000000000000e+00,1.000000000000000000e+00,0.000000000000000000e+00,2.000000000000000000e+04
4.000000000000000083e-02,8.000000000000000444e-01,1.226831988061119136e-02,-1.952502333135696863e-02,0.000000000000000000e+00,0.000000000000000000e+00,2.000000000000000000e+04
8.000000000000000167e-02,8.000000000000000444e-01,2.502774730945612688e-02,-4.427652112788448696e-02,0.000000000000000000e+00,0.000000000000000000e+00,2.000000000000000000e+04
1.199999999999999956e-01,8.000000000000000444e-01,3.817846917192478651e-02,-7.308771263135586949e-02,0.000000000000000000e+00,0.000000000000000000e+00,2.000000000000000000e+04
1.600000000000000033e-01,8.000000000000000444e-01,5.145005871608724496e-02,-1.051346337077688903e-01,0.000000000000000000e+00,0.000000000000000000e+00,2.000000000000000000e+04
2.000000000000000111e-01,8.000000000000000444e-01,6.454518281416093961e-02,-1.398959803837068749e-01,0.000000000000000000e+00,0.000000000000000000e+00,2.000000000000000000e+04
2.399999999999999911e-01,8.000000000000000444e-01,7.720195047561158319e-02,-1.770634621317182245e-01,0.000000000000000000e+00,0.000000000000000000e+00,2.000000000000000000e+04
2.800000000000000266e-01,8.000000000000000444e-01,8.921210255489121776e-02,-2.164703554116813311e-01,0.000000000000000000e+00,0.000000000000000000e+00,2.000000000000000000e+04
3.200000000000000067e-01,8.000000000000000444e-01,1.004207386290200676e-01,-2.580450441414240403e-01,0.000000000000000000e+00,0.000000000000000000e+00,2.000000000000000000e+04
3.599999999999999867e-01,8.000000000000000444e-01,1.107216990605552481e-01,-3.017838213344766207e-01,0.000000000000000000e+00,0.000000000000000000e+00,2.000000000000000000e+04
4.000000000000000222e-01,8.000000000000000444e-01,1.200565578390177801e-01,-3.477354639525980229e-01,0.000000000000000000e+00,0.000000000000000000e+00,2.000000000000000000e+04
4.400000000000000022e-01,8.000000000000000444e-01,1.284231999691713144e-01,-3.959894104238916857e-01,0.000000000000000000e+00,0.000000000000000000e+00,2.000000000000000000e+04
4.799999999999999822e-01,8.000000000000000444e-01,1.359009131696389261e-01,-4.466561304933499565e-01,0.000000000000000000e+00,0.000000000000000000e+00,2.000000000000000000e+04
5.200000000000000178e-01,8.000000000000000444e-01,1.427015142677858506e-01,-4.998193138174599759e-01,0.000000000000000000e+00,0.000000000000000000e+00,2.000000000000000000e+04
5.600000000000000533e-01,8.000000000000000444e-01,1.492553953257508836e-01,-5.554222821150067713e-01,0.000000000000000000e+00,0.000000000000000000e+00,2.000000000000000000e+04
5.999999999999999778e-01,8.000000000000000444e-01,1.563155668892116656e-01,-6.130391673446896617e-01,0.000000000000000000e+00,0.000000000000000000e+00,2.000000000000000000e+04
6.400000000000000133e-01,8.000000000000000444e-01,1.649486748675151049e-01,-6.715679198711607123e-01,0.000000000000000000e+00,0.000000000000000000e+00,2.000000000000000000e+04
6.800000000000000488e-01,8.000000000000000444e-01,1.762370486653164203e-01,-7.290128891841065606e-01,0.000000000000000000e+00,0.000000000000000000e+00,2.000000000000000000e+04
7.199999999999999734e-01,8.000000000000000444e-01,1.907006967493360128e-01,-7.825118861204025666e-01,0.000000000000000000e+00,0.000000000000000000e+00,2.000000000000000000e+04
7.600000000000000089e-01,8.000000000000000444e-01,2.076695052975257028e-01,-8.286730887090419939e-01,0.000000000000000000e+00,0.000000000000000000e+00,2.000000000000000000e+04
8.000000000000000444e-01,8.000000000000000444e-01,2.232629517186607293e-01,-8.612180559721052120e-01,0.000000000000000000e+00,0.000000000000000000e+00,2.000000000000000000e+04
8.399999999999999689e-01,8.000000000000000444e-01,2.352309917728791500e-01,-8.853741828743186826e-01,0.000000000000000000e+00,0.000000000000000000e+00,2.000000000000000000e+04
8.800000000000000044e-01,8.000000000000000444e-01,2.435740991503499431e-01,-9.062804111764979353e-01,0.000000000000000000e+00,0.000000000000000000e+00,2.000000000000000000e+04
9.200000000000000400e-01,8.000000000000000444e-01,2.491317974223498932e-01,-9.271455724758975725e-01,0.000000000000000000e+00,0.000000000000000000e+00,2.000000000000000000e+04
9.599999999999999645e-01,8.000000000000000444e-01,2.527656508419036108e-01,-9.499098151043097182e-01,0.000000000000000000e+00,0.000000000000000000e+00,2.000000000000000000e+04
1.000000000000000000e+00,8.000000000000000444e-01,2.551060102702035759e-01,-9.760839313466167511e-01,0.000000000000000000e+00,0.000000000000000000e+00,2.000000000000000000e+04
0.000000000000000000e+00,8.399999999999999689e-01,0.000000000000000000e+00,0.000000000000000000e+00,1.000000000000000000e+00,0.000000000000000000e+00,2.000000000000000000e+04
4.000000000000000083e-02,8.399999999999999689e-01,1.517891327655523231e-02,-2.052122479066853175e-02,0.000000000000000000e+00,0.000000000000000000e+00,2.000000000000000000e+04
8.000000000000000167e-02,8.399999999999999689e-01,3.116836466382287216e-02,-4.656161756116933975e-02,0.000000000000000000e+00,0.000000000000000000e+00,2.000000000000000000e+04
1.199999999999999956e-01,8.399999999999999689e-01,4.764158849529529643e-02,-7.645733795413042766e-02,0.000000000000000000e+00,0.000000000000000000e+00,2.000000000000000000e+04
1.600000000000000033e-01,8.399999999999999689e-01,6.414125167997697385e-02,-1.092565609265241378e-01,0.000000000000000000e+00,0.000000000000000000e+00,2.000000000000000000e+04
2.000000000000000111e-01,8.399999999999999689e-01,8.026524845571032796e-02,-1.444569987351792262e-01,0.000000000000000000e+00,0.000000000000000000e+00,2.000000000000000000e+04
2.399999999999999911e-01,8.399999999999999689e-01,9.570828184794513693e-02,-1.818147194966233393e-01,0.000000000000000000e+00,0.000000000000000000e+00,2.000000000000000000e+04
2.800000000000000266e-01,8.399999999999999689e-01,1.102519565962956083e-01,-2.212337996186022893e-01,0.000000000000000000e+00,0.000000000000000000e+00,2.000000000000000000e+04
3.200000000000000067e-01,8.399999999999999689e-01,1.237424416688457929e-01,-2.627087189436962400e-01,0.000000000000000000e+00,0.000000000000000000e+00,2.000000000000000000e+04
3.599999999999999867e-01,8.399999999999999689e-01,1.360702731074690808e-01,-3.062986202371981159e-01,0.000000000000000000e+00,0.000000000000000000e+00,2.000000000000000000e+04
4.000000000000000222e-01,8.399999999999999689e-01,1.471576694350753833e-01,-3.521204455886891016e-01,0.000000000000000000e+00,0.000000000000000000e+00,2.000000000000000000e+04
4.400000000000000022e-01,8.399999999999999689e-01,1.569568228968633572e-01,-4.003523843391383341e-01,0.000000000000000000e+00,0.000000000000000000e+00,2.000000000000000000e+04
4.799999999999999822e-01,8.399999999999999689e-01,1.654652584330355558e-01,-4.512391265209773072e-01,0.000000000000000000e+00,0.000000000000000000e+00,2.000000000000000000e+04
5.200000000000000178e-01,8.399999999999999689e-01,1.727718374522993483e-01,-5.050828663891487880e-01,0.000000000000000000e+00,0.000000000000000000e+00,2.000000000000000000e+04
5.600000000000000533e-01,8.399999999999999689e-01,1.791615425491105695e-01,-5.621787622827211228e-01,0.000000000000000000e+00,0.000000000000000000e+00,2.000000000000000000e+04
5.999999999999999778e-01,8.399999999999999689e-01,1.853259299089088930e-01,-6.225881600207183730e-01,0.000000000000000000e+00,0.000000000000000000e+00,2.000000000000000000e+04
6.400000000000000133e-01,8.399999999999999689e-01,1.926816414924419074e-01,-6.855486673797378527e-01,0.000000000000000000e+00,0.000000000000000000e+00,2.000000000000000000e+04
6.800000000000000488e-01,8.399999999999999689e-01,2.032486219591588261e-01,-7.487626492163360625e-01,0.000000000000000000e+00,0.000000000000000000e+00,2.000000000000000000e+04
7.199999999999999734e-01,8.399999999999999689e-01,2.186266705384042608e-01,-8.081473805930609045e-01,0.000000000000000000e+00,0.000000000000000000e+00,2.000000000000000000e+04
7.600000000000000089e-01,8.399999999999999689e-01,2.385690244638089819e-01,-8.582876367932137374e-01,0.000000000000000000e+00,0.000000000000000000e+00,2.000000000000000000e+04
8.000000000000000444e-01,8.399999999999999689e-01,2.559322394196690831e-01,-8.859233834660683593e-01,0.000000000000000000e+00,0.000000000000000000e+00,2.000000000000000000e+04
8.399999999999999689e-01,8.399999999999999689e-01,2.677750227981912090e-01,-9.035331069694211292e-01,0.000000000000000000e+00,0.000000000000000000e+00,2.000000000000000000e+04
8.800000000000000044e-01,8.399999999999999689e-01,2.750557372794477651e-01,-9.190146398912981685e-01,0.000000000000000000e+00,0.000000000000000000e+00,2.000000000000000000e+04
9.200000000000000400e-01,8.399999999999999689e-01,2.794155561186127401e-01,-9.359159963138045102e-01,0.000000000000000000e+00,0.000000000000000000e+00,2.000000000000000000e+04
9.599999999999999645e-01,8.399999999999999689e-01,2.820455765297331108e-01,-9.557720138556325962e-01,0.000000000000000000e+00,0.000000000000000000e+00,2.000000000000000000e+04
1.000000000000000000e+00,8.399999999999999689e-01,2.834557525723683247e-01,-9.796195204489382968e-01,0.000000000000000000e+00,0.000000000000000000e+00,2.000000000000000000e+04
0.000000000000000000e+00,8.800000000000000044e-01,0.000000000000000000e+00,0.000000000000000000e+00,1.000000000000000000e+00,0.000000000000000000e+00,2.000000000000000000e+04
4.000000000000000083e-02,8.800000000000000044e-01,1.882450240109919543e-02,-2.241720905702944064e-02,0.000000000000000000e+00,0.000000000000000000e+00,2.000000000000000000e+04
8.000000000000000167e-02,8.800000000000000044e-01,3.883808663602675293e-02,-5.031890366109336571e-02,0.000000000000000000e+00,0.000000000000000000e+00,2.000000000000000000e+04
1.199999999999999956e-01,8.800000000000000044e-01,5.928767967363448438e-02,-8.150357561812426876e-02,0.000000000000000000e+00,0.000000000000000000e+00,2.000000000000000000e+04
1.600000000000000033e-01,8.800000000000000044e-01,7.948215750827218595e-02,-1.150386773739889984e-01,0.000000000000000000e+00,0.000000000000000000e+00,2.000000000000000000e+04
2.000000000000000111e-01,8.800000000000000044e-01,9.894758235288214632e-02,-1.505547176331324122e-01,0.000000000000000000e+00,0.000000000000000000e+00,2.000000000000000000e+04
2.399999999999999911e-01,8.800000000000000044e-01,1.173903309598348516e-01,-1.879364643925614253e-01,0.000000000000000000e+00,0.000000000000000000e+00,2.000000000000000000e+04
2.800000000000000266e-01,8.800000000000000044e-01,1.346341925527208272e-01,-2.271876754898760897e-01,0.000000000000000000e+00,0.000000000000000000e+00,2.000000000000000000e+04
3.200000000000000067e-01,8.800000000000000044e-01,1.505690349788803006e-01,-2.683753824127299015e-01,0.000000000000000000e+00,0.000000000000000000e+00,2.000000000000000000e+04
3.599999999999999867e-01,8.800000000000000044e-01,1.651153712607396629e-01,-3.116135351520521457e-01,0.000000000000000000e+00,0.000000000000000000e+00,2.000000000000000000e+04
4.000000000000000222e-01,8.800000000000000044e-01,1.782017606616202732e-01,-3.570682373773313434e-01,0.000000000000000000e+00,0.000000000000000000e+00,2.000000000000000000e+04
4.400000000000000022e-01,8.800000000000000044e-01,1.897523357205734285e-01,-4.049772970745093570e-01,0.000000000000000000e+00,0.000000000000000000e+00,2.000000000000000000e+04
4.799999999999999822e-01,8.800000000000000044e-01,1.996855313665710230e-01,-4.556815487022828348e-01,0.000000000000000000e+00,0.000000000000000000e+00,2.000000000000000000e+04
5.200000000000000178e-01,8.800000000000000044e-01,2.079333794294947468e-01,-5.096648103468408575e-01,0.000000000000000000e+00,0.000000000000000000e+00,2.000000000000000000e+04
5.600000000000000533e-01,8.800000000000000044e-01,2.145103273063182492e-01,-5.675858777476293637e-01,0.000000000000000000e+00,0.000000000000000000e+00,2.000000000000000000e+04
5.999999999999999778e-01,8.800000000000000044e-01,2.197114709349535788e-01,-6.302255682530437664e-01,0.000000000000000000e+00,0.000000000000000000e+00,2.000000000000000000e+04
6.400000000000000133e-01,8.800000000000000044e-01,2.246514179765977670e-01,-6.980294133352833441e-01,0.000000000000000000e+00,0.000000000000000000e+00,2.000000000000000000e+04
6.800000000000000488e-01,8.800000000000000044e-01,2.324985700716574177e-01,-7.691926410996310359e-01,0.000000000000000000e+00,0.000000000000000000e+00,2.000000000000000000e+04
7.199999999999999734e-01,8.800000000000000044e-01,2.474392607970712921e-01,-8.380700505227085539e-01,0.000000000000000000e+00,0.000000000000000000e+00,2.000000000000000000e+04
7.600000000000000089e-01,8.800000000000000044e-01,2.710757253655619037e-01,-8.958139204273567469e-01,0.000000000000000000e+00,0.000000000000000000e+00,2.000000000000000000e+04
8.000000000000000444e-01,8.800000000000000044e-01,2.896146468622878833e-01,-9.135347697623485974e-01,0.000000000000000000e+00,0.000000000000000000e+00,2.000000000000000000e+04
8.399999999999999689e-01,8.800000000000000044e-01,2.998038078169689702e-01,-9.214070012326510684e-01,0.000000000000000000e+00,0.000000000000000000e+00,2.000000000000000000e+04
8.800000000000000044e-01,8.800000000000000044e-01,3.047091429794979156e-01,-9.302489478358179076e-01,0.000000000000000000e+00,0.000000000000000000e+00,2.000000000000000000e+04
9.200000000000000400e-01,8.800000000000000044e-01,3.070674353585957639e-01,-9.429339058975318988e-01,0.000000000000000000e+00,0.000000000000000000e+00,2.000000000000000000e+04
9.599999999999999645e-01,8.800000000000000044e-01,3.083520241863058065e-01,-9.598047891527048403e-01,0.000000000000000000e+00,0.000000000000000000e+00,2.000000000000000000e+04
1.000000000000000000e+00,8.800000000000000044e-01,3.088368388066541903e-01,-9.807661741758310070e-01,0.000000000000000000e+00,0.000000000000000000e+00,2.000000000000000000e+04
0.000000000000000000e+00,9.200000000000000400e-01,0.000000000000000000e+00,0.000000000000000000e+00,1.000000000000000000e+00,0.000000000000000000e+00,2.000000000000000000e+04
4.000000000000000083e-02,9.200000000000000400e-01,2.375142474011409169e-02,-2.589826773829603454e-02,0.000000000000000000e+00,0.000000000000000000e+00,2.000000000000000000e+04
8.000000000000000167e-02,9.200000000000000400e-01,4.894521664986119236e-02,-5.625847378229522494e-02,0.000000000000000000e+00,0.000000000000000000e+00,2.000000000000000000e+04
1.199999999999999956e-01,9.200000000000000400e-01,7.410745398176041276e-02,-8.875259498657182833e-02,0.000000000000000000e+00,0.000000000000000000e+00,2.000000000000000000e+04
1.600000000000000033e-01,9.200000000000000400e-01,9.837369522180010317e-02,-1.228233691138800876e-01,0.000000000000000000e+00,0.000000000000000000e+00,2.000000000000000000e+04
2.000000000000000111e-01,9.200000000000000400e-01,1.213362670378701907e-01,-1.584026877256610455e-01,0.000000000000000000e+00,0.000000000000000000e+00,2.000000000000000000e+04
2.399999999999999911e-01,9.200000000000000400e-01,1.428308561209856165e-01,-1.955704191994144525e-01,0.000000000000000000e+00,0.000000000000000000e+00,2.000000000000000000e+04
2.800000000000000266e-01,9.200000000000000400e-01,1.628047617200240327e-01,-2.344475014987661143e-01,0.000000000000000000e+00,0.000000000000000000e+00,2.000000000000000000e+04
3.200000000000000067e-01,9.200000000000000400e-01,1.812452743474048111e-01,-2.751684903481527167e-01,0.000000000000000000e+00,0.000000000000000000e+00,2.000000000000000000e+04
3.599999999999999867e-01,9.200000000000000400e-01,1.981416544347188169e-01,-3.178857551324666963e-01,0.000000000000000000e+00,0.000000000000000000e+00,2.000000000000000000e+04
4.000000000000000222e-01,9.200000000000000400e-01,2.134632327646980299e-01,-3.627893026617518557e-01,0.000000000000000000e+00,0.000000000000000000e+00,2.000000000000000000e+04
4.400000000000000022e-01,9.200000000000000400e-01,2.271434665160746713e-01,-4.101391100289713543e-01,0.000000000000000000e+00,0.000000000000000000e+00,2.000000000000000000e+04
4.799999999999999822e-01,9.200000000000000400e-01,2.390647147228371627e-01,-4.603140727311735847e-01,0.000000000000000000e+00,0.000000000000000000e+00,2.000000000000000000e+04
5.200000000000000178e-01,9.200000000000000400e-01,2.490432958626020432e-01,-5.138879800353755023e-01,0.000000000000000000e+00,0.000000000000000000e+00,2.000000000000000000e+04
5.600000000000000533e-01,9.200000000000000400e-01,2.568246513471095227e-01,-5.717497047034263424e-01,0.000000000000000000e+00,0.000000000000000000e+00,2.000000000000000000e+04
5.999999999999999778e-01,9.200000000000000400e-01,2.621322428539213933e-01,-6.352844032335652757e-01,0.000000000000000000e+00,0.000000000000000000e+00,2.000000000000000000e+04
6.400000000000000133e-01,9.200000000000000400e-01,2.649467521831371242e-01,-7.065547898191509857e-01,0.000000000000000000e+00,0.000000000000000000e+00,2.000000000000000000e+04
6.800000000000000488e-01,9.200000000000000400e-01,2.668221404450751844e-01,-7.876753001877491167e-01,0.000000000000000000e+00,0.000000000000000000e+00,2.000000000000000000e+04
7.199999999999999734e-01,9.200000000000000400e-01,2.772014730426352602e-01,-8.725242696568038525e-01,0.000000000000000000e+00,0.000000000000000000e+00,2.000000000000000000e+04
7.600000000000000089e-01,9.200000000000000400e-01,3.050568016226650192e-01,-9.458833258652321607e-01,0.000000000000000000e+00,0.000000000000000000e+00,2.000000000000000000e+04
8.000000000000000444e-01,9.200000000000000400e-01,3.230039370710299784e-01,-9.429069411790673705e-01,0.000000000000000000e+00,0.000000000000000000e+00,2.000000000000000000e+04
8.399999999999999689e-01,9.200000000000000400e-01,3.290686955303216421e-01,-9.370802466824065258e-01,0.000000000000000000e+00,0.000000000000000000e+00,2.000000000000000000e+04
8.800000000000000044e-01,9.200000000000000400e-01,3.302416085452539174e-01,-9.386538552562566640e-01,0.000000000000000000e+00,0.000000000000000000e+00,2.000000000000000000e+04
9.200000000000000400e-01,9.200000000000000400e-01,3.301273679424902019e-01,-9.475499277356385086e-01,0.000000000000000000e+00,0.000000000000000000e+00,2.000000000000000000e+04
9.599999999999999645e-01,9.200000000000000400e-01,3.300369376972949187e-01,-9.619572820828476978e-01,0.000000000000000000e+00,0.000000000000000000e+00,2.000000000000000000e+04
1.000000000000000000e+00,9.200000000000000400e-01,3.298747946880127291e-01,-9.799672062955494534e-01,0.000000000000000000e+00,0.000000000000000000e+00,2.000000000000000000e+04
0.000000000000000000e+00,9.599999999999999645e-01,0.000000000000000000e+00,0.000000000000000000e+00,1.000000000000000000e+00,0.000000000000000000e+00,2.000000000000000000e+04
4.000000000000000083e-02,9.599999999999999645e-01,3.130886988804556376e-02,-3.229930810716662160e-02,0.000000000000000000e+00,0.000000000000000000e+00,2.000000000000000000e+04
8.000000000000000167e-02,9.599999999999999645e-01,6.332123882863142927e-02,-6.532150179200488238e-02,0.000000000000000000e+00,0.000000000000000000e+00,2.000000000000000000e+04
1.199999999999999956e-01,9.599999999999999645e-01,9.375608270175496417e-02,-9.868387247032088527e-02,0.000000000000000000e+00,0.000000000000000000e+00,2.000000000000000000e+04
1.600000000000000033e-01,9.599999999999999645e-01,1.220813247087726289e-01,-1.327994918226716170e-01,0.000000000000000000e+00,0.000000000000000000e+00,2.000000000000000000e+04
2.000000000000000111e-01,9.599999999999999645e-01,1.483149754199400983e-01,-1.680457370946500939e-01,0.000000000000000000e+00,0.000000000000000000e+00,2.000000000000000000e+04
2.399999999999999911e-01,9.599999999999999645e-01,1.726093697952630623e-01,-2.047118575211588631e-01,0.000000000000000000e+00,0.000000000000000000e+00,2.000000000000000000e+04
2.800000000000000266e-01,9.599999999999999645e-01,1.951198694203135908e-01,-2.430154321612715829e-01,0.000000000000000000e+00,0.000000000000000000e+00,2.000000000000000000e+04
3.200000000000000067e-01,9.599999999999999645e-01,2.159681563116925551e-01,-2.831326803143691118e-01,0.000000000000000000e+00,0.000000000000000000e+00,2.000000000000000000e+04
3.599999999999999867e-01,9.599999999999999645e-01,2.352349166319500917e-01,-3.252304061365745014e-01,0.000000000000000000e+00,0.000000000000000000e+00,2.000000000000000000e+04
4.000000000000000222e-01,9.599999999999999645e-01,2.529582842187929059e-01,-3.694989799189317692e-01,0.000000000000000000e+00,0.000000000000000000e+00,2.000000000000000000e+04
4.400000000000000022e-01,9.599999999999999645e-01,2.691284504351446061e-01,-4.161910406428720455e-01,0.000000000000000000e+00,0.000000000000000000e+00,2.000000000000000000e+04
4.799999999999999822e-01,9.599999999999999645e-01,2.836724936638980177e-01,-4.656751786489686240e-01,0.000000000000000000e+00,0.000000000000000000e+00,2.000000000000000000e+04
5.200000000000000178e-01,9.599999999999999645e-01,2.964222072134296559e-01,-5.185217835589850388e-01,0.000000000000000000e+00,0.000000000000000000e+00,2.000000000000000000e+04
5.600000000000000533e-01,9.599999999999999645e-01,3.070528582503853632e-01,-5.756558266668471147e-01,0.000000000000000000e+00,0.000000000000000000e+00,2.000000000000000000e+04
5.999999999999999778e-01,9.599999999999999645e-01,3.149728472605304863e-01,-6.386544350821634630e-01,0.000000000000000000e+00,0.000000000000000000e+00,2.000000000000000000e+04
6.400000000000000133e-01,9.599999999999999645e-01,3.191408103865425727e-01,-7.103850495358690065e-01,0.000000000000000000e+00,0.000000000000000000e+00,2.000000000000000000e+04
6.800000000000000488e-01,9.599999999999999645e-01,3.178754084393003998e-01,-7.965284586102364672e-01,0.000000000000000000e+00,0.000000000000000000e+00,2.000000000000000000e+04
7.199999999999999734e-01,9.599999999999999645e-01,3.102466702865825932e-01,-9.086149477114280337e-01,0.000000000000000000e+00,0.000000000000000000e+00,2.000000000000000000e+04
7.600000000000000089e-01,9.599999999999999645e-01,3.380535113634460798e-01,-1.017561620623501417e+00,0.000000000000000000e+00,0.000000000000000000e+00,2.000000000000000000e+04
8.000000000000000444e-01,9.599999999999999645e-01,3.512183201816991840e-01,-9.704396156518372285e-01,0.000000000000000000e+00,0.000000000000000000e+00,2.000000000000000000e+04
8.399999999999999689e-01,9.599999999999999645e-01,3.504440253978984288e-01,-9.478995739284705735e-01,0.000000000000000000e+00,0.000000000000000000e+00,2.000000000000000000e+04
8.800000000000000044e-01,9.599999999999999645e-01,3.480706123942934327e-01,-9.431632949484572981e-01,0.000000000000000000e+00,0.000000000000000000e+00,2.000000000000000000e+04
9.200000000000000400e-01,9.599999999999999645e-01,3.466394554244864312e-01,-9.495609059542334807e-01,0.000000000000000000e+00,0.000000000000000000e+00,2.000000000000000000e+04
9.599999999999999645e-01,9.599999999999999645e-01,3.461364615207839779e-01,-9.625855388034469939e-01,0.000000000000000000e+00,0.000000000000000000e+00,2.000000000000000000e+04
1.000000000000000000e+00,9.599999999999999645e-01,3.459635320900780187e-01,-9.783898844346684553e-01,0.000000000000000000e+00,0.000000000000000000e+00,2.000000000000000000e+04
0.000000000000000000e+00,1.000000000000000000e+00,0.000000000000000000e+00,0.000000000000000000e+00,1.000000000000000000e+00,0.000000000000000000e+00,2.000000000000000000e+04
4.000000000000000083e-02,1.000000000000000000e+00,4.585424530144339983e-02,-4.413230679661098166e-02,0.000000000000000000e+00,0.000000000000000000e+00,2.000000000000000000e+04
8.000000000000000167e-02,1.000000000000000000e+00,8.609696085384165032e-02,-7.831360167206455336e-02,0.000000000000000000e+00,0.000000000000000000e+00,2.000000000000000000e+04
1.199999999999999956e-01,1.000000000000000000e+00,1.209867705278886152e-01,-1.113166743977989509e-01,0.000000000000000000e+00,0.000000000000000000e+00,2.000000000000000000e+04
1.600000000000000033e-01,1.000000000000000000e+00,1.522062733753506703e-01,-1.447228063359248251e-01,0.000000000000000000e+00,0.000000000000000000e+00,2.000000000000000000e+04
2.000000000000000111e-01,1.000000000000000000e+00,1.807375611077351729e-01,-1.792016060981646564e-01,0.000000000000000000e+00,0.000000000000000000e+00,2.000000000000000000e+04
2.399999999999999911e-01,1.000000000000000000e+00,2.071326716882559704e-01,-2.151259839686909259e-01,0.000000000000000000e+00,0.000000000000000000e+00,2.000000000000000000e+04
2.800000000000000266e-01,1.000000000000000000e+00,2.317168561441872443e-01,-2.527320949302576669e-01,0.000000000000000000e+00,0.000000000000000000e+00,2.000000000000000000e+04
3.200000000000000067e-01,1.000000000000000000e+00,2.546959377180877948e-01,-2.921941583071807624e-01,0.000000000000000000e+00,0.000000000000000000e+00,2.000000000000000000e+04
3.599999999999999867e-01,1.000000000000000000e+00,2.762117123841000277e-01,-3.336712699802209525e-01,0.000000000000000000e+00,0.000000000000000000e+00,2.000000000000000000e+04
4.000000000000000222e-01,1.000000000000000000e+00,2.963707740568284899e-01,-3.773447099150608053e-01,0.000000000000000000e+00,0.000000000000000000e+00,2.000000000000000000e+04
4.400000000000000022e-01,1.000000000000000000e+00,3.152588882386405111e-01,-4.234567312557062646e-01,0.000000000000000000e+00,0.000000000000000000e+00,2.000000000000000000e+04
4.799999999999999822e-01,1.000000000000000000e+00,3.329451888251575009e-01,-4.723618346473473228e-01,0.000000000000000000e+00,0.000000000000000000e+00,2.000000000000000000e+04
5.200000000000000178e-01,1.000000000000000000e+00,3.494736211014686234e-01,-5.246070741278070493e-01,0.000000000000000000e+00,0.000000000000000000e+00,2.000000000000000000e+04
5.600000000000000533e-01,1.000000000000000000e+00,3.648272540135290565e-01,-5.810730466244111714e-01,0.000000000000000000e+00,0.000000000000000000e+00,2.000000000000000000e+04
5.999999999999999778e-01,1.000000000000000000e+00,3.788206741007913991e-01,-6.432464340127413971e-01,0.000000000000000000e+00,0.000000000000000000e+00,2.000000000000000000e+04
6.400000000000000133e-01,1.000000000000000000e+00,3.907833523837249134e-01,-7.138132440526182565e-01,0.000000000000000000e+00,0.000000000000000000e+00,2.000000000000000000e+04
6.800000000000000488e-01,1.000000000000000000e+00,3.985689497763038047e-01,-7.982417900887753826e-01,0.000000000000000000e+00,0.000000000000000000e+00,2.000000000000000000e+04
7.199999999999999734e-01,1.000000000000000000e+00,3.948439504111710407e-01,-9.112002577830889960e-01,0.000000000000000000e+00,0.000000000000000000e+00,2.000000000000000000e+04
7.600000000000000089e-01,1.000000000000000000e+00,3.443319789347216164e-01,-1.133370699210365817e+00,0.000000000000000000e+00,1.000000000000000000e+00,2.000000000000000000e+04
8.000000000000000444e-01,1.000000000000000000e+00,3.562565276692167826e-01,-9.882887934753423753e-01,0.000000000000000000e+00,0.000000000000000000e+00,2.000000000000000000e+04
8.399999999999999689e-01,1.000000000000000000e+00,3.528163394962254285e-01,-9.523239414532042035e-01,0.000000000000000000e+00,0.000000000000000000e+00,2.000000000000000000e+04
8.800000000000000044e-01,1.000000000000000000e+00,3.536191027106693197e-01,-9.446210660690450567e-01,0.000000000000000000e+00,0.000000000000000000e+00,2.000000000000000000e+04
9.200000000000000400e-01,1.000000000000000000e+00,3.560967117475137278e-01,-9.501424706971881573e-01,0.000000000000000000e+00,0.000000000000000000e+00,2.000000000000000000e+04
9.599999999999999645e-01,1.000000000000000000e+00,3.582098939538126414e-01,-9.626205566779252321e-01,0.000000000000000000e+00,0.000000000000000000e+00,2.000000000000000000e+04
1.000000000000000000e+00,1.000000000000000000e+00,3.590122296380803824e-01,-9.775109312191631039e-01,0.000000000000000000e+00,0.000000000000000000e+00,2.000000000000000000e+04
