X,Y,UX,UY,BOUNDARY,FORCE,MODULUS
0.000000000000000000e+00,0.000000000000000000e+00,0.000000000000000000e+00,0.000000000000000000e+00,1.000000000000000000e+00,0.000000000000000000e+00,1.000000000000000000e+04
6.060606060606060774e-02,0.000000000000000000e+00,-4.240288299386484744e-02,-4.569647177516877184e-02,0.000000000000000000e+00,0.000000000000000000e+00,1.000000000000000000e+04
1.212121212121212155e-01,0.000000000000000000e+00,-7.169291479581324511e-02,-8.276930864004800048e-02,0.000000000000000000e+00,0.000000000000000000e+00,1.000000000000000000e+04
1.818181818181818232e-01,0.000000000000000000e+00,-9.374010274936780962e-02,-1.192969247971813335e-01,0.000000000000000000e+00,0.000000000000000000e+00,1.000000000000000000e+04
2.424242424242424310e-01,0.000000000000000000e+00,-1.105372862540592860e-01,-1.558135580704530787e-01,0.000000000000000000e+00,0.000000000000000000e+00,1.000000000000000000e+04
3.030303030303030387e-01,0.000000000000000000e+00,-1.231395385923024638e-01,-1.920982754971119477e-01,0.000000000000000000e+00,0.000000000000000000e+00,1.000000000000000000e+04
3.636363636363636465e-01,0.000000000000000000e+00,-1.322524778061405226e-01,-2.278040593618982090e-01,0.000000000000000000e+00,0.000000000000000000e+00,1.000000000000000000e+04
4.242424242424242542e-01,0.000000000000000000e+00,-1.384381811081517866e-01,-2.625783327772372444e-01,0.000000000000000000e+00,0.000000000000000000e+00,1.000000000000000000e+04
4.848484848484848619e-01,0.000000000000000000e+00,-1.422000145824650064e-01,-2.961111846525971703e-01,0.000000000000000000e+00,0.000000000000000000e+00,1.000000000000000000e+04
5.454545454545454142e-01,0.000000000000000000e+00,-1.440140675363539291e-01,-3.281657194032829294e-01,0.000000000000000000e+00,0.000000000000000000e+00,1.000000000000000000e+04
6.060606060606060774e-01,0.000000000000000000e+00,-1.443320362607040108e-01,-3.585991794607892302e-01,0.000000000000000000e+00,0.000000000000000000e+00,1.000000000000000000e+04
6.666666666666666297e-01,0.000000000000000000e+00,-1.435696786352920751e-01,-3.873701469951338905e-01,0.000000000000000000e+00,0.000000000000000000e+00,1.000000000000000000e+04
7.272727272727272929e-01,0.000000000000000000e+00,-1.420918401224558203e-01,-4.145296926093630652e-01,0.000000000000000000e+00,0.000000000000000000e+00,1.000000000000000000e+04
7.878787878787878451e-01,0.000000000000000000e+00,-1.402013947760408774e-01,-4.402007512009653012e-01,0.000000000000000000e+00,0.000000000000000000e+00,1.000000000000000000e+04
8.484848484848485084e-01,0.000000000000000000e+00,-1.381351540611380768e-01,-4.645527239071383097e-01,0.000000000000000000e+00,0.000000000000000000e+00,1.000000000000000000e+04
9.090909090909090606e-01,0.000000000000000000e+00,-1.360664942734808314e-01,-4.877772575791936571e-01,0.000000000000000000e+00,0.000000000000000000e+00,1.000000000000000000e+04
9.696969696969697239e-01,0.000000000000000000e+00,-1.341127752732900191e-01,-5.100686522359895170e-01,0.000000000000000000e+00,0.000000000000000000e+00,1.000000000000000000e+04
1.030303030303030276e+00,0.000000000000000000e+00,-1.323452640282450632e-01,-5.316100561311061234e-01,0.000000000000000000e+00,0.000000000000000000e+00,1.000000000000000000e+04
1.090909090909090828e+00,0.000000000000000000e+00,-1.307996468189032424e-01,-5.525651209543548381e-01,0.000000000000000000e+00,0.000000000000000000e+00,1.000000000000000000e+04
1.151515151515151603e+00,0.000000000000000000e+00,-1.294858323814316037e-01,-5.730740744236898498e-01,0.000000000000000000e+00,0.000000000000000000e+00,1.000000000000000000e+04
1.212121212121212155e+00,0.000000000000000000e+00,-1.283963379178641451e-01,-5.932529825181402927e-01,0.000000000000000000e+00,0.000000000000000000e+00,1.000000000000000000e+04
1.272727272727272707e+00,0.000000000000000000e+00,-1.275129982678173401e-01,-6.131950790082603131e-01,0.000000000000000000e+00,0.000000000000000000e+00,1.000000000000000000e+04
1.333333333333333259e+00,0.000000000000000000e+00,-1.268120291151840495e-01,-6.329732652598568654e-01,0.000000000000000000e+00,0.000000000000000000e+00,1.000000000000000000e+04
1.393939393939394034e+00,0.000000000000000000e+00,-1.262676341654903056e-01,-6.526431285306455443e-01,0.000000000000000000e+00,0.000000000000000000e+00,1.000000000000000000e+04
1.454545454545454586e+00,0.000000000000000000e+00,-1.258544114734589381e-01,-6.722460433202954722e-01,0.000000000000000000e+00,0.000000000000000000e+00,1.000000000000000000e+04
1.515151515151515138e+00,0.000000000000000000e+00,-1.255488199251917347e-01,-6.918120900016420105e-01,0.000000000000000000e+00,0.000000000000000000e+00,1.000000000000000000e+04
1.575757575757575690e+00,0.000000000000000000e+00,-1.253299394396049926e-01,-7.113626462531699168e-01,0.000000000000000000e+00,0.000000000000000000e+00,1.000000000000000000e+04
1.636363636363636465e+00,0.000000000000000000e+00,-1.251797155700760944e-01,-7.309125843968611314e-01,0.000000000000000000e+00,0.000000000000000000e+00,1.000000000000000000e+04
1.696969696969697017e+00,0.000000000000000000e+00,-1.250828323462420399e-01,-7.504720466748416863e-01,0.000000000000000000e+00,0.000000000000000000e+00,1.000000000000000000e+04
1.757575757575757569e+00,0.000000000000000000e+00,-1.250263145564438627e-01,-7.700477721760674577e-01,0.000000000000000000e+00,0.000000000000000000e+00,1.000000000000000000e+04
1.818181818181818121e+00,0.000000000000000000e+00,-1.249989314322444561e-01,-7.896439077763456327e-01,0.000000000000000000e+00,0.000000000000000000e+00,1.000000000000000000e+04
1.878787878787878896e+00,0.000000000000000000e+00,-1.249904768933538524e-01,-8.092621361954285275e-01,0.000000000000000000e+00,0.000000000000000000e+00,1.000000000000000000e+04
1.939393939393939448e+00,0.000000000000000000e+00,-1.249911011502513186e-01,-8.289008054665437664e-01,0.000000000000000000e+00,0.000000000000000000e+00,1.000000000000000000e+04
2.000000000000000000e+00,0.000000000000000000e+00,-1.249915672732850730e-01,-8.485532356833209722e-01,0.000000000000000000e+00,0.000000000000000000e+00,1.000000000000000000e+04
0.000000000000000000e+00,6.250000000000000000e-02,0.000000000000000000e+00,0.000000000000000000e+00,1.000000000000000000e+00,0.000000000000000000e+00,1.000000000000000000e+04
6.060606060606060774e-02,6.250000000000000000e-02,-2.147683862431633284e-02,-3.347955709087249709e-02,0.000000000000000000e+00,0.000000000000000000e+00,1.000000000000000000e+04
1.212121212121212155e-01,6.250000000000000000e-02,-4.447914536481503006e-02,-7.260988685837831136e-02,0.000000000000000000e+00,0.000000000000000000e+00,1.000000000000000000e+04
1.818181818181818232e-01,6.250000000000000000e-02,-6.353327445057674328e-02,-1.112654654138420657e-01,0.000000000000000000e+00,0.000000000000000000e+00,1.000000000000000000e+04
2.424242424242424310e-01,6.250000000000000000e-02,-7.883499463346503588e-02,-1.495772687303935089e-01,0.000000000000000000e+00,0.000000000000000000e+00,1.000000000000000000e+04
3.030303030303030387e-01,6.250000000000000000e-02,-9.082572120326128096e-02,-1.873911706421917400e-01,0.000000000000000000e+00,0.000000000000000000e+00,1.000000000000000000e+04
3.636363636363636465e-01,6.250000000000000000e-02,-9.992885845893664798e-02,-2.244061384549553839e-01,0.000000000000000000e+00,0.000000000000000000e+00,1.000000000000000000e+04
4.242424242424242542e-01,6.250000000000000000e-02,-1.065454944106860036e-01,-2.602898783904418756e-01,0.000000000000000000e+00,0.000000000000000000e+00,1.000000000000000000e+04
4.848484848484848619e-01,6.250000000000000000e-02,-1.110643926001083359e-01,-2.947403355300833305e-01,0.000000000000000000e+00,0.000000000000000000e+00,1.000000000000000000e+04
5.454545454545454142e-01,6.250000000000000000e-02,-1.138647825830419735e-01,-3.275257183854505261e-01,0.000000000000000000e+00,0.000000000000000000e+00,1.000000000000000000e+04
6.060606060606060774e-01,6.250000000000000000e-02,-1.153099313446512147e-01,-3.585124883322822198e-01,0.000000000000000000e+00,0.000000000000000000e+00,1.000000000000000000e+04
6.666666666666666297e-01,6.250000000000000000e-02,-1.157353647745965886e-01,-3.876755237504145857e-01,0.000000000000000000e+00,0.000000000000000000e+00,1.000000000000000000e+04
7.272727272727272929e-01,6.250000000000000000e-02,-1.154372113269637595e-01,-4.150885194798816236e-01,0.000000000000000000e+00,0.000000000000000000e+00,1.000000000000000000e+04
7.878787878787878451e-01,6.250000000000000000e-02,-1.146644375687373152e-01,-4.409005677222393449e-01,0.000000000000000000e+00,0.000000000000000000e+00,1.000000000000000000e+04
8.484848484848485084e-01,6.250000000000000000e-02,-1.136162235302991402e-01,-4.653076204879191269e-01,0.000000000000000000e+00,0.000000000000000000e+00,1.000000000000000000e+04
9.090909090909090606e-01,6.250000000000000000e-02,-1.124439140506618140e-01,-4.885257902537444852e-01,0.000000000000000000e+00,0.000000000000000000e+00,1.000000000000000000e+04
9.696969696969697239e-01,6.250000000000000000e-02,-1.112561625415274119e-01,-5.107702633838879791e-01,0.000000000000000000e+00,0.000000000000000000e+00,1.000000000000000000e+04
1.030303030303030276e+00,6.250000000000000000e-02,-1.101257800615535187e-01,-5.322409008945698794e-01,0.000000000000000000e+00,0.000000000000000000e+00,1.000000000000000000e+04
1.090909090909090828e+00,6.250000000000000000e-02,-1.090970656766445113e-01,-5.531139517330107003e-01,0.000000000000000000e+00,0.000000000000000000e+00,1.000000000000000000e+04
1.151515151515151603e+00,6.250000000000000000e-02,-1.081927724405208346e-01,-5.735385743680253556e-01,0.000000000000000000e+00,0.000000000000000000e+00,1.000000000000000000e+04
1.212121212121212155e+00,6.250000000000000000e-02,-1.074202193070660227e-01,-5.936367284348591511e-01,0.000000000000000000e+00,0.000000000000000000e+00,1.000000000000000000e+04
1.272727272727272707e+00,6.250000000000000000e-02,-1.067763366047621842e-01,-6.135051700014466647e-01,0.000000000000000000e+00,0.000000000000000000e+00,1.000000000000000000e+04
1.333333333333333259e+00,6.250000000000000000e-02,-1.062516216771418331e-01,-6.332185681317525905e-01,0.000000000000000000e+00,0.000000000000000000e+00,1.000000000000000000e+04
1.393939393939394034e+00,6.250000000000000000e-02,-1.058330939541289178e-01,-6.528330494188168132e-01,0.000000000000000000e+00,0.000000000000000000e+00,1.000000000000000000e+04
1.454545454545454586e+00,6.250000000000000000e-02,-1.055063941083252965e-01,-6.723897224133775774e-01,0.000000000000000000e+00,0.000000000000000000e+00,1.000000000000000000e+04
1.515151515151515138e+00,6.250000000000000000e-02,-1.052571886916356947e-01,-6.919179206651654424e-01,0.000000000000000000e+00,0.000000000000000000e+00,1.000000000000000000e+04
1.575757575757575690e+00,6.250000000000000000e-02,-1.050720349422454014e-01,-7.114380333007087609e-01,0.000000000000000000e+00,0.000000000000000000e+00,1.000000000000000000e+04
1.636363636363636465e+00,6.250000000000000000e-02,-1.049388413989207208e-01,-7.309638735796787357e-01,0.000000000000000000e+00,0.000000000000000000e+00,1.000000000000000000e+04
1.696969696969697017e+00,6.250000000000000000e-02,-1.048470358232726357e-01,-7.505045766099983640e-01,0.000000000000000000e+00,0.000000000000000000e+00,1.000000000000000000e+04
1.757575757575757569e+00,6.250000000000000000e-02,-1.047875263593372325e-01,-7.700660218583349481e-01,0.000000000000000000e+00,0.000000000000000000e+00,1.000000000000000000e+04
1.818181818181818121e+00,6.250000000000000000e-02,-1.047525139652174114e-01,-7.896517431126115483e-01,0.000000000000000000e+00,0.000000000000000000e+00,1.000000000000000000e+04
1.878787878787878896e+00,6.250000000000000000e-02,-1.047351746112899495e-01,-8.092632095109072443e-01,0.000000000000000000e+00,0.000000000000000000e+00,1.000000000000000000e+04
1.939393939393939448e+00,6.250000000000000000e-02,-1.047291509717716007e-01,-8.288992163890950282e-01,0.000000000000000000e+00,0.000000000000000000e+00,1.000000000000000000e+04
2.000000000000000000e+00,6.250000000000000000e-02,-1.047276010628040294e-01,-8.485537964670590849e-01,0.000000000000000000e+00,0.000000000000000000e+00,1.000000000000000000e+04
0.000000000000000000e+00,1.250000000000000000e-01,0.000000000000000000e+00,0.000000000000000000e+00,1.000000000000000000e+00,0.000000000000000000e+00,1.000000000000000000e+04
6.060606060606060774e-02,1.250000000000000000e-01,-1.414096065987138079e-02,-3.023833651737347500e-02,0.000000000000000000e+00,0.000000000000000000e+00,1.000000000000000000e+04
1.212121212121212155e-01,1.250000000000000000e-01,-2.903705484722837044e-02,-6.663811723913377894e-02,0.000000000000000000e+00,0.000000000000000000e+00,1.000000000000000000e+04
1.818181818181818232e-01,1.250000000000000000e-01,-4.340046863063833776e-02,-1.055045967735591672e-01,0.000000000000000000e+00,0.000000000000000000e+00,1.000000000000000000e+04
2.424242424242424310e-01,1.250000000000000000e-01,-5.581386435712371724e-02,-1.447085191425049877e-01,0.000000000000000000e+00,0.000000000000000000e+00,1.000000000000000000e+04
3.030303030303030387e-01,1.250000000000000000e-01,-6.599774527750716657e-02,-1.835532683896488326e-01,0.000000000000000000e+00,0.000000000000000000e+00,1.000000000000000000e+04
3.636363636363636465e-01,1.250000000000000000e-01,-7.401151217051481213e-02,-2.215697676357319679e-01,0.000000000000000000e+00,0.000000000000000000e+00,1.000000000000000000e+04
4.242424242424242542e-01,1.250000000000000000e-01,-8.004651950767566193e-02,-2.583543812806057272e-01,0.000000000000000000e+00,0.000000000000000000e+00,1.000000000000000000e+04
4.848484848484848619e-01,1.250000000000000000e-01,-8.435861086861233538e-02,-2.935683769028171186e-01,0.000000000000000000e+00,0.000000000000000000e+00,1.000000000000000000e+04
5.454545454545454142e-01,1.250000000000000000e-01,-8.723560459144129309e-02,-3.269618648061382582e-01,0.000000000000000000e+00,0.000000000000000000e+00,1.000000000000000000e+04
6.060606060606060774e-01,1.250000000000000000e-01,-8.897152014047469970e-02,-3.584002960318383169e-01,0.000000000000000000e+00,0.000000000000000000e+00,1.000000000000000000e+04
6.666666666666666297e-01,1.250000000000000000e-01,-8.984359406495920353e-02,-3.878725538528239869e-01,0.000000000000000000e+00,0.000000000000000000e+00,1.000000000000000000e+04
7.272727272727272929e-01,1.250000000000000000e-01,-9.009560988382279978e-02,-4.154758962418414470e-01,0.000000000000000000e+00,0.000000000000000000e+00,1.000000000000000000e+04
7.878787878787878451e-01,1.250000000000000000e-01,-8.992944575928339679e-02,-4.413863696000371872e-01,0.000000000000000000e+00,0.000000000000000000e+00,1.000000000000000000e+04
8.484848484848485084e-01,1.250000000000000000e-01,-8.950376358441551605e-02,-4.658256357911959578e-01,0.000000000000000000e+00,0.000000000000000000e+00,1.000000000000000000e+04
9.090909090909090606e-01,1.250000000000000000e-01,-8.893742446271850344e-02,-4.890317284483754467e-01,0.000000000000000000e+00,0.000000000000000000e+00,1.000000000000000000e+04
9.696969696969697239e-01,1.250000000000000000e-01,-8.831530313972399404e-02,-5.112370961554429938e-01,0.000000000000000000e+00,0.000000000000000000e+00,1.000000000000000000e+04
1.030303030303030276e+00,1.250000000000000000e-01,-8.769482641900269715e-02,-5.326543571135931021e-01,0.000000000000000000e+00,0.000000000000000000e+00,1.000000000000000000e+04
1.090909090909090828e+00,1.250000000000000000e-01,-8.711223510943646997e-02,-5.534686569150594204e-01,0.000000000000000000e+00,0.000000000000000000e+00,1.000000000000000000e+04
1.151515151515151603e+00,1.250000000000000000e-01,-8.658807272446435166e-02,-5.738349845974221042e-01,0.000000000000000000e+00,0.000000000000000000e+00,1.000000000000000000e+04
1.212121212121212155e+00,1.250000000000000000e-01,-8.613172400260768469e-02,-5.938788268685959437e-01,0.000000000000000000e+00,0.000000000000000000e+00,1.000000000000000000e+04
1.272727272727272707e+00,1.250000000000000000e-01,-8.574500716093019781e-02,-6.136988151794490198e-01,0.000000000000000000e+00,0.000000000000000000e+00,1.000000000000000000e+04
1.333333333333333259e+00,1.250000000000000000e-01,-8.542491415203097571e-02,-6.333703620471579088e-01,0.000000000000000000e+00,0.000000000000000000e+00,1.000000000000000000e+04
1.393939393939394034e+00,1.250000000000000000e-01,-8.516562958457359056e-02,-6.529496002121772946e-01,0.000000000000000000e+00,0.000000000000000000e+00,1.000000000000000000e+04
1.454545454545454586e+00,1.250000000000000000e-01,-8.495996527749577476e-02,-6.724771948753163198e-01,0.000000000000000000e+00,0.000000000000000000e+00,1.000000000000000000e+04
1.515151515151515138e+00,1.250000000000000000e-01,-8.480033819707613607e-02,-6.919817889557572377e-01,0.000000000000000000e+00,0.000000000000000000e+00,1.000000000000000000e+04
1.575757575757575690e+00,1.250000000000000000e-01,-8.467940314995514584e-02,-7.114829709249168577e-01,0.000000000000000000e+00,0.000000000000000000e+00,1.000000000000000000e+04
1.636363636363636465e+00,1.250000000000000000e-01,-8.459043236249735864e-02,-7.309937354445610325e-01,0.000000000000000000e+00,0.000000000000000000e+00,1.000000000000000000e+04
1.696969696969697017e+00,1.250000000000000000e-01,-8.452751310553857644e-02,-7.505224495693253450e-01,0.000000000000000000e+00,0.000000000000000000e+00,1.000000000000000000e+04
1.757575757575757569e+00,1.250000000000000000e-01,-8.448560957368610180e-02,-7.700743502726301593e-01,0.000000000000000000e+00,0.000000000000000000e+00,1.000000000000000000e+04
1.818181818181818121e+00,1.250000000000000000e-01,-8.446049889457127313e-02,-7.896525889715139135e-01,0.000000000000000000e+00,0.000000000000000000e+00,1.000000000000000000e+04
1.878787878787878896e+00,1.250000000000000000e-01,-8.444852655680380737e-02,-8.092588114986992709e-01,0.000000000000000000e+00,0.000000000000000000e+00,1.000000000000000000e+04
1.939393939393939448e+00,1.250000000000000000e-01,-8.444599732006860537e-02,-8.288932229927430395e-01,0.000000000000000000e+00,0.000000000000000000e+00,1.000000000000000000e+04
2.000000000000000000e+00,1.250000000000000000e-01,-8.444773081084480659e-02,-8.485539963216540693e-01,0.000000000000000000e+00,0.000000000000000000e+00,1.000000000000000000e+04
0.000000000000000000e+00,1.875000000000000000e-01,0.000000000000000000e+00,0.000000000000000000e+00,1.000000000000000000e+00,0.000000000000000000e+00,1.000000000000000000e+04
6.060606060606060774e-02,1.875000000000000000e-01,-1.006750410453938725e-02,-2.959807910825493563e-02,0.000000000000000000e+00,0.000000000000000000e+00,1.000000000000000000e+04
1.212121212121212155e-01,1.875000000000000000e-01,-2.015427571110128824e-02,-6.452778421946644971e-02,0.000000000000000000e+00,0.000000000000000000e+00,1.000000000000000000e+04
1.818181818181818232e-01,1.875000000000000000e-01,-3.010449009320069133e-02,-1.025744919701142566e-01,0.000000000000000000e+00,0.000000000000000000e+00,1.000000000000000000e+04
2.424242424242424310e-01,1.875000000000000000e-01,-3.924425806293158070e-02,-1.418944699409221133e-01,0.000000000000000000e+00,0.000000000000000000e+00,1.000000000000000000e+04
3.030303030303030387e-01,1.875000000000000000e-01,-4.703395839814430296e-02,-1.812800055339571226e-01,0.000000000000000000e+00,0.000000000000000000e+00,1.000000000000000000e+04
3.636363636363636465e-01,1.875000000000000000e-01,-5.328964416241335073e-02,-2.199826726203296667e-01,0.000000000000000000e+00,0.000000000000000000e+00,1.000000000000000000e+04
4.242424242424242542e-01,1.875000000000000000e-01,-5.803835439165232202e-02,-2.574489914137491064e-01,0.000000000000000000e+00,0.000000000000000000e+00,1.000000000000000000e+04
4.848484848484848619e-01,1.875000000000000000e-01,-6.143093699432934651e-02,-2.932532534943791958e-01,0.000000000000000000e+00,0.000000000000000000e+00,1.000000000000000000e+04
5.454545454545454142e-01,1.875000000000000000e-01,-6.369021897109163055e-02,-3.270961515529043351e-01,0.000000000000000000e+00,0.000000000000000000e+00,1.000000000000000000e+04
6.060606060606060774e-01,1.875000000000000000e-01,-6.506689577512755895e-02,-3.588290656634239850e-01,0.000000000000000000e+00,0.000000000000000000e+00,1.000000000000000000e+04
6.666666666666666297e-01,1.875000000000000000e-01,-6.580150236168767763e-02,-3.884559763184249892e-01,0.000000000000000000e+00,0.000000000000000000e+00,1.000000000000000000e+04
7.272727272727272929e-01,1.875000000000000000e-01,-6.609961910702286114e-02,-4.161056115826617940e-01,0.000000000000000000e+00,0.000000000000000000e+00,1.000000000000000000e+04
7.878787878787878451e-01,1.875000000000000000e-01,-6.612191670684215705e-02,-4.419893651994494799e-01,0.000000000000000000e+00,0.000000000000000000e+00,1.000000000000000000e+04
8.484848484848485084e-01,1.875000000000000000e-01,-6.598517210028538582e-02,-4.663600783851084008e-01,0.000000000000000000e+00,0.000000000000000000e+00,1.000000000000000000e+04
9.090909090909090606e-01,1.875000000000000000e-01,-6.576906669749103818e-02,-4.894794065925688886e-01,0.000000000000000000e+00,0.000000000000000000e+00,1.000000000000000000e+04
9.696969696969697239e-01,1.875000000000000000e-01,-6.552475796461622315e-02,-5.115956141914526079e-01,0.000000000000000000e+00,0.000000000000000000e+00,1.000000000000000000e+04
1.030303030303030276e+00,1.875000000000000000e-01,-6.528293004394010446e-02,-5.329306243835115753e-01,0.000000000000000000e+00,0.000000000000000000e+00,1.000000000000000000e+04
1.090909090909090828e+00,1.875000000000000000e-01,-6.506036471240908559e-02,-5.536741227931724074e-01,0.000000000000000000e+00,0.000000000000000000e+00,1.000000000000000000e+04
1.151515151515151603e+00,1.875000000000000000e-01,-6.486486357255580315e-02,-5.739824946486044022e-01,0.000000000000000000e+00,0.000000000000000000e+00,1.000000000000000000e+04
1.212121212121212155e+00,1.875000000000000000e-01,-6.469872100826382089e-02,-5.939807545128450439e-01,0.000000000000000000e+00,0.000000000000000000e+00,1.000000000000000000e+04
1.272727272727272707e+00,1.875000000000000000e-01,-6.456106420371050814e-02,-6.137660955005251884e-01,0.000000000000000000e+00,0.000000000000000000e+00,1.000000000000000000e+04
1.333333333333333259e+00,1.875000000000000000e-01,-6.444936925752423051e-02,-6.334121103959950982e-01,0.000000000000000000e+00,0.000000000000000000e+00,1.000000000000000000e+04
1.393939393939394034e+00,1.875000000000000000e-01,-6.436040783786792230e-02,-6.529730771658128763e-01,0.000000000000000000e+00,0.000000000000000000e+00,1.000000000000000000e+04
1.454545454545454586e+00,1.875000000000000000e-01,-6.429081584123513826e-02,-6.724879527780915911e-01,0.000000000000000000e+00,0.000000000000000000e+00,1.000000000000000000e+04
1.515151515151515138e+00,1.875000000000000000e-01,-6.423742035436311171e-02,-6.919838941373436247e-01,0.000000000000000000e+00,0.000000000000000000e+00,1.000000000000000000e+04
1.575757575757575690e+00,1.875000000000000000e-01,-6.419741816177730598e-02,-7.114792395805710212e-01,0.000000000000000000e+00,0.000000000000000000e+00,1.000000000000000000e+04
1.636363636363636465e+00,1.875000000000000000e-01,-6.416846669161126171e-02,-7.309859543854493324e-01,0.000000000000000000e+00,0.000000000000000000e+00,1.000000000000000000e+04
1.696969696969697017e+00,1.875000000000000000e-01,-6.414872249667849524e-02,-7.505115825916550687e-01,0.000000000000000000e+00,0.000000000000000000e+00,1.000000000000000000e+04
1.757575757575757569e+00,1.875000000000000000e-01,-6.413683700232249152e-02,-7.700607668098112812e-01,0.000000000000000000e+00,0.000000000000000000e+00,1.000000000000000000e+04
1.818181818181818121e+00,1.875000000000000000e-01,-6.413188561112027897e-02,-7.896364094221808294e-01,0.000000000000000000e+00,0.000000000000000000e+00,1.000000000000000000e+04
1.878787878787878896e+00,1.875000000000000000e-01,-6.413315146296526270e-02,-8.092405688849614309e-01,0.000000000000000000e+00,0.000000000000000000e+00,1.000000000000000000e+04
1.939393939393939448e+00,1.875000000000000000e-01,-6.413958950323302155e-02,-8.288752425142911218e-01,0.000000000000000000e+00,0.000000000000000000e+00,1.000000000000000000e+04
2.000000000000000000e+00,1.875000000000000000e-01,-6.414862682158584128e-02,-8.485433421964266865e-01,0.000000000000000000e+00,0.000000000000000000e+00,1.000000000000000000e+04
0.000000000000000000e+00,2.500000000000000000e-01,0.000000000000000000e+00,0.000000000000000000e+00,1.000000000000000000e+00,0.000000000000000000e+00,1.000000000000000000e+04
6.060606060606060774e-02,2.500000000000000000e-01,-7.359865222027536270e-03,-2.998654478695361378e-02,0.000000000000000000e+00,0.000000000000000000e+00,1.000000000000000000e+04
1.212121212121212155e-01,2.500000000000000000e-01,-1.432836288092396992e-02,-6.444132898839984025e-02,0.000000000000000000e+00,0.000000000000000000e+00,1.000000000000000000e+04
1.818181818181818232e-01,2.500000000000000000e-01,-2.102123782208270217e-02,-1.019810341403132592e-01,0.000000000000000000e+00,0.000000000000000000e+00,1.000000000000000000e+04
2.424242424242424310e-01,2.500000000000000000e-01,-2.717940669062879344e-02,-1.411928935949222919e-01,0.000000000000000000e+00,0.000000000000000000e+00,1.000000000000000000e+04
3.030303030303030387e-01,2.500000000000000000e-01,-3.245296586970595337e-02,-1.808660961231793318e-01,0.000000000000000000e+00,0.000000000000000000e+00,1.000000000000000000e+04
3.636363636363636465e-01,2.500000000000000000e-01,-3.661777241398212618e-02,-2.200574580165431948e-01,0.000000000000000000e+00,0.000000000000000000e+00,1.000000000000000000e+04
4.242424242424242542e-01,2.500000000000000000e-01,-3.963229399604665387e-02,-2.580471855468435272e-01,0.000000000000000000e+00,0.000000000000000000e+00,1.000000000000000000e+04
4.848484848484848619e-01,2.500000000000000000e-01,-4.159991211907208136e-02,-2.942912009750890956e-01,0.000000000000000000e+00,0.000000000000000000e+00,1.000000000000000000e+04
5.454545454545454142e-01,2.500000000000000000e-01,-4.272303569755361852e-02,-3.284139892120679916e-01,0.000000000000000000e+00,0.000000000000000000e+00,1.000000000000000000e+04
6.060606060606060774e-01,2.500000000000000000e-01,-4.324464095170484773e-02,-3.602459556012559405e-01,0.000000000000000000e+00,0.000000000000000000e+00,1.000000000000000000e+04
6.666666666666666297e-01,2.500000000000000000e-01,-4.339304278740879067e-02,-3.898169471767242156e-01,0.000000000000000000e+00,0.000000000000000000e+00,1.000000000000000000e+04
7.272727272727272929e-01,2.500000000000000000e-01,-4.334871737151007459e-02,-4.173049915234154361e-01,0.000000000000000000e+00,0.000000000000000000e+00,1.000000000000000000e+04
7.878787878787878451e-01,2.500000000000000000e-01,-4.323504070236619534e-02,-4.429729927913895748e-01,0.000000000000000000e+00,0.000000000000000000e+00,1.000000000000000000e+04
8.484848484848485084e-01,2.500000000000000000e-01,-4.312461919590386550e-02,-4.671154565127642044e-01,0.000000000000000000e+00,0.000000000000000000e+00,1.000000000000000000e+04
9.090909090909090606e-01,2.500000000000000000e-01,-4.305209538261806079e-02,-4.900220136114799008e-01,0.000000000000000000e+00,0.000000000000000000e+00,1.000000000000000000e+04
9.696969696969697239e-01,2.500000000000000000e-01,-4.302738115489571080e-02,-5.119562563172330716e-01,0.000000000000000000e+00,0.000000000000000000e+00,1.000000000000000000e+04
1.030303030303030276e+00,2.500000000000000000e-01,-4.304646127917013954e-02,-5.331458356918303831e-01,0.000000000000000000e+00,0.000000000000000000e+00,1.000000000000000000e+04
1.090909090909090828e+00,2.500000000000000000e-01,-4.309902055471876575e-02,-5.537798748437445795e-01,0.000000000000000000e+00,0.000000000000000000e+00,1.000000000000000000e+04
1.151515151515151603e+00,2.500000000000000000e-01,-4.317321099399859530e-02,-5.740106738215419169e-01,0.000000000000000000e+00,0.000000000000000000e+00,1.000000000000000000e+04
1.212121212121212155e+00,2.500000000000000000e-01,-4.325825099219048758e-02,-5.939576363749373700e-01,0.000000000000000000e+00,0.000000000000000000e+00,1.000000000000000000e+04
1.272727272727272707e+00,2.500000000000000000e-01,-4.334556434812170123e-02,-6.137120997369804876e-01,0.000000000000000000e+00,0.000000000000000000e+00,1.000000000000000000e+04
1.333333333333333259e+00,2.500000000000000000e-01,-4.342903633579385525e-02,-6.333422775925655612e-01,0.000000000000000000e+00,0.000000000000000000e+00,1.000000000000000000e+04
1.393939393939394034e+00,2.500000000000000000e-01,-4.350480129172705490e-02,-6.528978779281888745e-01,0.000000000000000000e+00,0.000000000000000000e+00,1.000000000000000000e+04
1.454545454545454586e+00,2.500000000000000000e-01,-4.357083216247075591e-02,-6.724141821165535715e-01,0.000000000000000000e+00,0.000000000000000000e+00,1.000000000000000000e+04
1.515151515151515138e+00,2.500000000000000000e-01,-4.362649298337032550e-02,-6.919155101534619767e-01,0.000000000000000000e+00,0.000000000000000000e+00,1.000000000000000000e+04
1.575757575757575690e+00,2.500000000000000000e-01,-4.367213959237608439e-02,-7.114180789358988122e-01,0.000000000000000000e+00,0.000000000000000000e+00,1.000000000000000000e+04
1.636363636363636465e+00,2.500000000000000000e-01,-4.370880479610786407e-02,-7.309323066293377247e-01,0.000000000000000000e+00,0.000000000000000000e+00,1.000000000000000000e+04
1.696969696969697017e+00,2.500000000000000000e-01,-4.373797275964343145e-02,-7.504646416748971260e-01,0.000000000000000000e+00,0.000000000000000000e+00,1.000000000000000000e+04
1.757575757575757569e+00,2.500000000000000000e-01,-4.376142470377435145e-02,-7.700190123494929928e-01,0.000000000000000000e+00,0.000000000000000000e+00,1.000000000000000000e+04
1.818181818181818121e+00,2.500000000000000000e-01,-4.378111562639133703e-02,-7.895980151943342573e-01,0.000000000000000000e+00,0.000000000000000000e+00,1.000000000000000000e+04
1.878787878787878896e+00,2.500000000000000000e-01,-4.379901200676009076e-02,-8.092040066832000278e-01,0.000000000000000000e+00,0.000000000000000000e+00,1.000000000000000000e+04
1.939393939393939448e+00,2.500000000000000000e-01,-4.381677812719216025e-02,-8.288403652791244136e-01,0.000000000000000000e+00,0.000000000000000000e+00,1.000000000000000000e+04
2.000000000000000000e+00,2.500000000000000000e-01,-4.383514892957240255e-02,-8.485134225958266274e-01,0.000000000000000000e+00,0.000000000000000000e+00,1.000000000000000000e+04
0.000000000000000000e+00,3.125000000000000000e-01,0.000000000000000000e+00,0.000000000000000000e+00,1.000000000000000000e+00,0.000000000000000000e+00,1.000000000000000000e+04
6.060606060606060774e-02,3.125000000000000000e-01,-5.382827626255261809e-03,-3.082605338770732020e-02,0.000000000000000000e+00,0.000000000000000000e+00,1.000000000000000000e+04
1.212121212121212155e-01,3.125000000000000000e-01,-1.014801677749106214e-02,-6.545567626594947508e-02,0.000000000000000000e+00,0.000000000000000000e+00,1.000000000000000000e+04
1.818181818181818232e-01,3.125000000000000000e-01,-1.442526028302783953e-02,-1.029896020704091780e-01,0.000000000000000000e+00,0.000000000000000000e+00,1.000000000000000000e+04
2.424242424242424310e-01,3.125000000000000000e-01,-1.811149862349483580e-02,-1.423229056920332636e-01,0.000000000000000000e+00,0.000000000000000000e+00,1.000000000000000000e+04
3.030303030303030387e-01,3.125000000000000000e-01,-2.101300873155083349e-02,-1.823336357417299214e-01,0.000000000000000000e+00,0.000000000000000000e+00,1.000000000000000000e+04
3.636363636363636465e-01,3.125000000000000000e-01,-2.298305577308784597e-02,-2.220021719331247978e-01,0.000000000000000000e+00,0.000000000000000000e+00,1.000000000000000000e+04
4.242424242424242542e-01,3.125000000000000000e-01,-2.400266566936997206e-02,-2.604685564013972665e-01,0.000000000000000000e+00,0.000000000000000000e+00,1.000000000000000000e+04
4.848484848484848619e-01,3.125000000000000000e-01,-2.419448388610497686e-02,-2.970582586196893193e-01,0.000000000000000000e+00,0.000000000000000000e+00,1.000000000000000000e+04
5.454545454545454142e-01,3.125000000000000000e-01,-2.379778829568215612e-02,-3.312980965354344609e-01,0.000000000000000000e+00,0.000000000000000000e+00,1.000000000000000000e+04
6.060606060606060774e-01,3.125000000000000000e-01,-2.309282052064537405e-02,-3.630030096860160094e-01,0.000000000000000000e+00,0.000000000000000000e+00,1.000000000000000000e+04
6.666666666666666297e-01,3.125000000000000000e-01,-2.232284941346855678e-02,-3.922567217189004696e-01,0.000000000000000000e+00,0.000000000000000000e+00,1.000000000000000000e+04
7.272727272727272929e-01,3.125000000000000000e-01,-2.165404475533603754e-02,-4.193190149408344558e-01,0.000000000000000000e+00,0.000000000000000000e+00,1.000000000000000000e+04
7.878787878787878451e-01,3.125000000000000000e-01,-2.117246531739068113e-02,-4.445294811290365633e-01,0.000000000000000000e+00,0.000000000000000000e+00,1.000000000000000000e+04
8.484848484848485084e-01,3.125000000000000000e-01,-2.090118283415865266e-02,-4.682388404667026660e-01,0.000000000000000000e+00,0.000000000000000000e+00,1.000000000000000000e+04
9.090909090909090606e-01,3.125000000000000000e-01,-2.082276730765509828e-02,-4.907699694560646031e-01,0.000000000000000000e+00,0.000000000000000000e+00,1.000000000000000000e+04
9.696969696969697239e-01,3.125000000000000000e-01,-2.089907768945512695e-02,-5.124006401546213896e-01,0.000000000000000000e+00,0.000000000000000000e+00,1.000000000000000000e+04
1.030303030303030276e+00,3.125000000000000000e-01,-2.108553912162519639e-02,-5.333594167881233750e-01,0.000000000000000000e+00,0.000000000000000000e+00,1.000000000000000000e+04
1.090909090909090828e+00,3.125000000000000000e-01,-2.133993730858788074e-02,-5.538284583401653638e-01,0.000000000000000000e+00,0.000000000000000000e+00,1.000000000000000000e+04
1.151515151515151603e+00,3.125000000000000000e-01,-2.162689757085958439e-02,-5.739493511560137540e-01,0.000000000000000000e+00,0.000000000000000000e+00,1.000000000000000000e+04
1.212121212121212155e+00,3.125000000000000000e-01,-2.191942209236997022e-02,-5.938298105348154277e-01,0.000000000000000000e+00,0.000000000000000000e+00,1.000000000000000000e+04
1.272727272727272707e+00,3.125000000000000000e-01,-2.219866199499632639e-02,-6.135501580212896489e-01,0.000000000000000000e+00,0.000000000000000000e+00,1.000000000000000000e+04
1.333333333333333259e+00,3.125000000000000000e-01,-2.245278898053499478e-02,-6.331690904211458859e-01,0.000000000000000000e+00,0.000000000000000000e+00,1.000000000000000000e+04
1.393939393939394034e+00,3.125000000000000000e-01,-2.267553622542560141e-02,-6.527285821386283882e-01,0.000000000000000000e+00,0.000000000000000000e+00,1.000000000000000000e+04
1.454545454545454586e+00,3.125000000000000000e-01,-2.286474643763034345e-02,-6.722579253296302459e-01,0.000000000000000000e+00,0.000000000000000000e+00,1.000000000000000000e+04
1.515151515151515138e+00,3.125000000000000000e-01,-2.302110204442173527e-02,-6.917769868663333765e-01,0.000000000000000000e+00,0.000000000000000000e+00,1.000000000000000000e+04
1.575757575757575690e+00,3.125000000000000000e-01,-2.314710756607787218e-02,-7.112987900788563245e-01,0.000000000000000000e+00,0.000000000000000000e+00,1.000000000000000000e+04
1.636363636363636465e+00,3.125000000000000000e-01,-2.324633227053266374e-02,-7.308315369831347441e-01,0.000000000000000000e+00,0.000000000000000000e+00,1.000000000000000000e+04
1.696969696969697017e+00,3.125000000000000000e-01,-2.332288806594883315e-02,-7.503801877887711358e-01,0.000000000000000000e+00,0.000000000000000000e+00,1.000000000000000000e+04
1.757575757575757569e+00,3.125000000000000000e-01,-2.338110185327288079e-02,-7.699477195055134393e-01,0.000000000000000000e+00,0.000000000000000000e+00,1.000000000000000000e+04
1.818181818181818121e+00,3.125000000000000000e-01,-2.342533498410127174e-02,-7.895362052414153231e-01,0.000000000000000000e+00,0.000000000000000000e+00,1.000000000000000000e+04
1.878787878787878896e+00,3.125000000000000000e-01,-2.345990066074020441e-02,-8.091479052941141781e-01,0.000000000000000000e+00,0.000000000000000000e+00,1.000000000000000000e+04
1.939393939393939448e+00,3.125000000000000000e-01,-2.348903524339433432e-02,-8.287866649707098521e-01,0.000000000000000000e+00,0.000000000000000000e+00,1.000000000000000000e+04
2.000000000000000000e+00,3.125000000000000000e-01,-2.351690901681765394e-02,-8.484601169561944989e-01,0.000000000000000000e+00,0.000000000000000000e+00,1.000000000000000000e+04
0.000000000000000000e+00,3.750000000000000000e-01,0.000000000000000000e+00,0.000000000000000000e+00,1.000000000000000000e+00,0.000000000000000000e+00,1.000000000000000000e+04
6.060606060606060774e-02,3.750000000000000000e-01,-3.841968924550004123e-03,-3.184958366174124589e-02,0.000000000000000000e+00,0.000000000000000000e+00,1.000000000000000000e+04
1.212121212121212155e-01,3.750000000000000000e-01,-6.946604116839358821e-03,-6.708475995439032447e-02,0.000000000000000000e+00,0.000000000000000000e+00,1.000000000000000000e+04
1.818181818181818232e-01,3.750000000000000000e-01,-9.362003718457143422e-03,-1.050933750996100868e-01,0.000000000000000000e+00,0.000000000000000000e+00,1.000000000000000000e+04
2.424242424242424310e-01,3.750000000000000000e-01,-1.100573901114878551e-02,-1.449499655753481719e-01,0.000000000000000000e+00,0.000000000000000000e+00,1.000000000000000000e+04
3.030303030303030387e-01,3.750000000000000000e-01,-1.175559127915782459e-02,-1.855830027005538341e-01,0.000000000000000000e+00,0.000000000000000000e+00,1.000000000000000000e+04
3.636363636363636465e-01,3.750000000000000000e-01,-1.154206612213328799e-02,-2.259104892794610853e-01,0.000000000000000000e+00,0.000000000000000000e+00,1.000000000000000000e+04
4.242424242424242542e-01,3.750000000000000000e-01,-1.041672986527522778e-02,-2.649422863750363066e-01,0.000000000000000000e+00,0.000000000000000000e+00,1.000000000000000000e+04
4.848484848484848619e-01,3.750000000000000000e-01,-8.579256652206905184e-03,-3.018601701731363773e-01,0.000000000000000000e+00,0.000000000000000000e+00,1.000000000000000000e+04
5.454545454545454142e-01,3.750000000000000000e-01,-6.372062343958196512e-03,-3.360648929298467036e-01,0.000000000000000000e+00,0.000000000000000000e+00,1.000000000000000000e+04
6.060606060606060774e-01,3.750000000000000000e-01,-4.166440585275810009e-03,-3.673796272097719640e-01,0.000000000000000000e+00,0.000000000000000000e+00,1.000000000000000000e+04
6.666666666666666297e-01,3.750000000000000000e-01,-2.247923304112838840e-03,-3.959974448546458303e-01,0.000000000000000000e+00,0.000000000000000000e+00,1.000000000000000000e+04
7.272727272727272929e-01,3.750000000000000000e-01,-7.731395629313610835e-04,-4.223128133771433257e-01,0.000000000000000000e+00,0.000000000000000000e+00,1.000000000000000000e+04
7.878787878787878451e-01,3.750000000000000000e-01,2.164409569994584469e-04,-4.467771316229184331e-01,0.000000000000000000e+00,0.000000000000000000e+00,1.000000000000000000e+04
8.484848484848485084e-01,3.750000000000000000e-01,7.580174954549110831e-04,-4.698141896675315787e-01,0.000000000000000000e+00,0.000000000000000000e+00,1.000000000000000000e+04
9.090909090909090606e-01,3.750000000000000000e-01,9.306861327288175334e-04,-4.917838093266069244e-01,0.000000000000000000e+00,0.000000000000000000e+00,1.000000000000000000e+04
9.696969696969697239e-01,3.750000000000000000e-01,8.275213637308764802e-04,-5.129739737214052964e-01,0.000000000000000000e+00,0.000000000000000000e+00,1.000000000000000000e+04
1.030303030303030276e+00,3.750000000000000000e-01,5.378899905616463251e-04,-5.336066359631388423e-01,0.000000000000000000e+00,0.000000000000000000e+00,1.000000000000000000e+04
1.090909090909090828e+00,3.750000000000000000e-01,1.381741497002672602e-04,-5.538485000901102184e-01,0.000000000000000000e+00,0.000000000000000000e+00,1.000000000000000000e+04
1.151515151515151603e+00,3.750000000000000000e-01,-3.116650747063502420e-04,-5.738224015203832185e-01,0.000000000000000000e+00,0.000000000000000000e+00,1.000000000000000000e+04
1.212121212121212155e+00,3.750000000000000000e-01,-7.679645260977043496e-04,-5.936174374828594447e-01,0.000000000000000000e+00,0.000000000000000000e+00,1.000000000000000000e+04
1.272727272727272707e+00,3.750000000000000000e-01,-1.201370706887653012e-03,-6.132972927494750870e-01,0.000000000000000000e+00,0.000000000000000000e+00,1.000000000000000000e+04
1.333333333333333259e+00,3.750000000000000000e-01,-1.594109823363667197e-03,-6.329067926558871182e-01,0.000000000000000000e+00,0.000000000000000000e+00,1.000000000000000000e+04
1.393939393939394034e+00,3.750000000000000000e-01,-1.937189397224766936e-03,-6.524769344098853008e-01,0.000000000000000000e+00,0.000000000000000000e+00,1.000000000000000000e+04
1.454545454545454586e+00,3.750000000000000000e-01,-2.227887847266361247e-03,-6.720286938889273864e-01,0.000000000000000000e+00,0.000000000000000000e+00,1.000000000000000000e+04
1.515151515151515138e+00,3.750000000000000000e-01,-2.467683719170652313e-03,-6.915758806221059540e-01,0.000000000000000000e+00,0.000000000000000000e+00,1.000000000000000000e+04
1.575757575757575690e+00,3.750000000000000000e-01,-2.660654783172292787e-03,-7.111272680568545557e-01,0.000000000000000000e+00,0.000000000000000000e+00,1.000000000000000000e+04
1.636363636363636465e+00,3.750000000000000000e-01,-2.812312986260066209e-03,-7.306881820003873207e-01,0.000000000000000000e+00,0.000000000000000000e+00,1.000000000000000000e+04
1.696969696969697017e+00,3.750000000000000000e-01,-2.928814203375536100e-03,-7.502616972525371075e-01,0.000000000000000000e+00,0.000000000000000000e+00,1.000000000000000000e+04
1.757575757575757569e+00,3.750000000000000000e-01,-3.016478069267585979e-03,-7.698495764461524837e-01,0.000000000000000000e+00,0.000000000000000000e+00,1.000000000000000000e+04
1.818181818181818121e+00,3.750000000000000000e-01,-3.081564694071491865e-03,-7.894530916157723732e-01,0.000000000000000000e+00,0.000000000000000000e+00,1.000000000000000000e+04
1.878787878787878896e+00,3.750000000000000000e-01,-3.130279050416989728e-03,-8.090739064296293970e-01,0.000000000000000000e+00,0.000000000000000000e+00,1.000000000000000000e+04
1.939393939393939448e+00,3.750000000000000000e-01,-3.169014504532039790e-03,-8.287152780919142536e-01,0.000000000000000000e+00,0.000000000000000000e+00,1.000000000000000000e+04
2.000000000000000000e+00,3.750000000000000000e-01,-3.204920379268483364e-03,-8.483839790709464257e-01,0.000000000000000000e+00,0.000000000000000000e+00,1.000000000000000000e+04
0.000000000000000000e+00,4.375000000000000000e-01,0.000000000000000000e+00,0.000000000000000000e+00,1.000000000000000000e+00,0.000000000000000000e+00,1.000000000000000000e+04
6.060606060606060774e-02,4.375000000000000000e-01,-2.565897253868347060e-03,-3.289826672858949669e-02,0.000000000000000000e+00,0.000000000000000000e+00,1.000000000000000000e+04
1.212121212121212155e-01,4.375000000000000000e-01,-4.349983583843937580e-03,-6.903355335382835301e-02,0.000000000000000000e+00,0.000000000000000000e+00,1.000000000000000000e+04
1.818181818181818232e-01,4.375000000000000000e-01,-5.269789784814676338e-03,-1.079576107779174343e-01,0.000000000000000000e+00,0.000000000000000000e+00,1.000000000000000000e+04
2.424242424242424310e-01,4.375000000000000000e-01,-5.186018019810034393e-03,-1.488143989275935442e-01,0.000000000000000000e+00,0.000000000000000000e+00,1.000000000000000000e+04
3.030303030303030387e-01,4.375000000000000000e-01,-3.978148400808895549e-03,-1.905075822294929055e-01,0.000000000000000000e+00,0.000000000000000000e+00,1.000000000000000000e+04
3.636363636363636465e-01,4.375000000000000000e-01,-1.619904336577870528e-03,-2.318464125599322689e-01,0.000000000000000000e+00,0.000000000000000000e+00,1.000000000000000000e+04
4.242424242424242542e-01,4.375000000000000000e-01,1.758173222166911848e-03,-2.716738715959092776e-01,0.000000000000000000e+00,0.000000000000000000e+00,1.000000000000000000e+04
4.848484848484848619e-01,4.375000000000000000e-01,5.837140907198315812e-03,-3.089880189081787298e-01,0.000000000000000000e+00,0.000000000000000000e+00,1.000000000000000000e+04
5.454545454545454142e-01,4.375000000000000000e-01,1.009195778925227674e-02,-3.430021285453832003e-01,0.000000000000000000e+00,0.000000000000000000e+00,1.000000000000000000e+04
6.060606060606060774e-01,4.375000000000000000e-01,1.399591167654162978e-02,-3.736013866731086042e-01,0.000000000000000000e+00,0.000000000000000000e+00,1.000000000000000000e+04
6.666666666666666297e-01,4.375000000000000000e-01,1.719865868306431553e-02,-4.011876687539548403e-01,0.000000000000000000e+00,0.000000000000000000e+00,1.000000000000000000e+04
7.272727272727272929e-01,4.375000000000000000e-01,1.956098991870335382e-02,-4.263702083548038257e-01,0.000000000000000000e+00,0.000000000000000000e+00,1.000000000000000000e+04
7.878787878787878451e-01,4.375000000000000000e-01,2.110530063805150097e-02,-4.497562615987845125e-01,0.000000000000000000e+00,0.000000000000000000e+00,1.000000000000000000e+04
8.484848484848485084e-01,4.375000000000000000e-01,2.194746405237561759e-02,-4.718579411563005865e-01,0.000000000000000000e+00,0.000000000000000000e+00,1.000000000000000000e+04
9.090909090909090606e-01,4.375000000000000000e-01,2.224098514816042274e-02,-4.930702254958601038e-01,0.000000000000000000e+00,0.000000000000000000e+00,1.000000000000000000e+04
9.696969696969697239e-01,4.375000000000000000e-01,2.214060262580372709e-02,-5.136816498579478418e-01,0.000000000000000000e+00,0.000000000000000000e+00,1.000000000000000000e+04
1.030303030303030276e+00,4.375000000000000000e-01,2.178264679538347362e-02,-5.338956065247283389e-01,0.000000000000000000e+00,0.000000000000000000e+00,1.000000000000000000e+04
1.090909090909090828e+00,4.375000000000000000e-01,2.127705379135970062e-02,-5.538519582318393031e-01,0.000000000000000000e+00,0.000000000000000000e+00,1.000000000000000000e+04
1.151515151515151603e+00,4.375000000000000000e-01,2.070643598709998728e-02,-5.736451441655080474e-01,0.000000000000000000e+00,0.000000000000000000e+00,1.000000000000000000e+04
1.212121212121212155e+00,4.375000000000000000e-01,2.012885840678078561e-02,-5.933380156469509892e-01,0.000000000000000000e+00,0.000000000000000000e+00,1.000000000000000000e+04
1.272727272727272707e+00,4.375000000000000000e-01,1.958215547444964663e-02,-6.129718639028481908e-01,0.000000000000000000e+00,0.000000000000000000e+00,1.000000000000000000e+04
1.333333333333333259e+00,4.375000000000000000e-01,1.908851836387305545e-02,-6.325734522763147849e-01,0.000000000000000000e+00,0.000000000000000000e+00,1.000000000000000000e+04
1.393939393939394034e+00,4.375000000000000000e-01,1.865868898331404097e-02,-6.521598455794115345e-01,0.000000000000000000e+00,0.000000000000000000e+00,1.000000000000000000e+04
1.454545454545454586e+00,4.375000000000000000e-01,1.829547497888582216e-02,-6.717416845393863190e-01,0.000000000000000000e+00,0.000000000000000000e+00,1.000000000000000000e+04
1.515151515151515138e+00,4.375000000000000000e-01,1.799651905275931676e-02,-6.913253909799930153e-01,0.000000000000000000e+00,0.000000000000000000e+00,1.000000000000000000e+04
1.575757575757575690e+00,4.375000000000000000e-01,1.775637042507368507e-02,-7.109146502097205556e-01,0.000000000000000000e+00,0.000000000000000000e+00,1.000000000000000000e+04
1.636363636363636465e+00,4.375000000000000000e-01,1.756795574220320830e-02,-7.305114118499076437e-01,0.000000000000000000e+00,0.000000000000000000e+00,1.000000000000000000e+04
1.696969696969697017e+00,4.375000000000000000e-01,1.742355686003361701e-02,-7.501165784589280960e-01,0.000000000000000000e+00,0.000000000000000000e+00,1.000000000000000000e+04
1.757575757575757569e+00,4.375000000000000000e-01,1.731538891419167822e-02,-7.697305097953059949e-01,0.000000000000000000e+00,0.000000000000000000e+00,1.000000000000000000e+04
1.818181818181818121e+00,4.375000000000000000e-01,1.723584132703676053e-02,-7.893534579355134806e-01,0.000000000000000000e+00,0.000000000000000000e+00,1.000000000000000000e+04
1.878787878787878896e+00,4.375000000000000000e-01,1.717739821984065607e-02,-8.089860659594807490e-01,0.000000000000000000e+00,0.000000000000000000e+00,1.000000000000000000e+04
1.939393939393939448e+00,4.375000000000000000e-01,1.713218878879514337e-02,-8.286301134527470635e-01,0.000000000000000000e+00,0.000000000000000000e+00,1.000000000000000000e+04
2.000000000000000000e+00,4.375000000000000000e-01,1.709102176488837971e-02,-8.482897750806158710e-01,0.000000000000000000e+00,0.000000000000000000e+00,1.000000000000000000e+04
0.000000000000000000e+00,5.000000000000000000e-01,0.000000000000000000e+00,0.000000000000000000e+00,1.000000000000000000e+00,0.000000000000000000e+00,1.000000000000000000e+04
6.060606060606060774e-02,5.000000000000000000e-01,-1.424910000645181760e-03,-3.384418281029240305e-02,0.000000000000000000e+00,0.000000000000000000e+00,1.000000000000000000e+04
1.212121212121212155e-01,5.000000000000000000e-01,-2.093554521991640525e-03,-7.108347265121311986e-02,0.000000000000000000e+00,0.000000000000000000e+00,1.000000000000000000e+04
1.818181818181818232e-01,5.000000000000000000e-01,-1.758601541193622730e-03,-1.113391225042665023e-01,0.000000000000000000e+00,0.000000000000000000e+00,1.000000000000000000e+04
2.424242424242424310e-01,5.000000000000000000e-01,-1.714374826346609204e-04,-1.537275646710832278e-01,0.000000000000000000e+00,0.000000000000000000e+00,1.000000000000000000e+04
3.030303030303030387e-01,5.000000000000000000e-01,2.846418420330038435e-03,-1.970417890455933296e-01,0.000000000000000000e+00,0.000000000000000000e+00,1.000000000000000000e+04
3.636363636363636465e-01,5.000000000000000000e-01,7.324981363661964631e-03,-2.399029785898015577e-01,0.000000000000000000e+00,0.000000000000000000e+00,1.000000000000000000e+04
4.242424242424242542e-01,5.000000000000000000e-01,1.306932507139258945e-02,-2.809057337628646511e-01,0.000000000000000000e+00,0.000000000000000000e+00,1.000000000000000000e+04
4.848484848484848619e-01,5.000000000000000000e-01,1.961070002093307299e-02,-3.187779778077682868e-01,0.000000000000000000e+00,0.000000000000000000e+00,1.000000000000000000e+04
5.454545454545454142e-01,5.000000000000000000e-01,2.612952379586665208e-02,-3.524049016929889921e-01,0.000000000000000000e+00,0.000000000000000000e+00,1.000000000000000000e+04
6.060606060606060774e-01,5.000000000000000000e-01,3.186291057989156655e-02,-3.818508310234171588e-01,0.000000000000000000e+00,0.000000000000000000e+00,1.000000000000000000e+04
6.666666666666666297e-01,5.000000000000000000e-01,3.638709191224496348e-02,-4.078987317828932646e-01,0.000000000000000000e+00,0.000000000000000000e+00,1.000000000000000000e+04
7.272727272727272929e-01,5.000000000000000000e-01,3.961141454364219133e-02,-4.314858455546552451e-01,0.000000000000000000e+00,0.000000000000000000e+00,1.000000000000000000e+04
7.878787878787878451e-01,5.000000000000000000e-01,4.165936449709642386e-02,-4.534226072876332281e-01,0.000000000000000000e+00,0.000000000000000000e+00,1.000000000000000000e+04
8.484848484848485084e-01,5.000000000000000000e-01,4.275308420501167800e-02,-4.743153811084327987e-01,0.000000000000000000e+00,0.000000000000000000e+00,1.000000000000000000e+04
9.090909090909090606e-01,5.000000000000000000e-01,4.313549422821559565e-02,-4.945810829994077285e-01,0.000000000000000000e+00,0.000000000000000000e+00,1.000000000000000000e+04
9.696969696969697239e-01,5.000000000000000000e-01,4.302794199480624443e-02,-5.144898937913356951e-01,0.000000000000000000e+00,0.000000000000000000e+00,1.000000000000000000e+04
1.030303030303030276e+00,5.000000000000000000e-01,4.261234987509780747e-02,-5.342085750649265830e-01,0.000000000000000000e+00,0.000000000000000000e+00,1.000000000000000000e+04
1.090909090909090828e+00,5.000000000000000000e-01,4.202771538457817507e-02,-5.538353489366117932e-01,0.000000000000000000e+00,0.000000000000000000e+00,1.000000000000000000e+04
1.151515151515151603e+00,5.000000000000000000e-01,4.137387684853196385e-02,-5.734251250873360073e-01,0.000000000000000000e+00,0.000000000000000000e+00,1.000000000000000000e+04
1.212121212121212155e+00,5.000000000000000000e-01,4.071821386717947716e-02,-5.930065884050543801e-01,0.000000000000000000e+00,0.000000000000000000e+00,1.000000000000000000e+04
1.272727272727272707e+00,5.000000000000000000e-01,4.010289234583738066e-02,-6.125932314669751966e-01,0.000000000000000000e+00,0.000000000000000000e+00,1.000000000000000000e+04
1.333333333333333259e+00,5.000000000000000000e-01,3.955148177784456598e-02,-6.321901936134552979e-01,0.000000000000000000e+00,0.000000000000000000e+00,1.000000000000000000e+04
1.393939393939394034e+00,5.000000000000000000e-01,3.907447875582927693e-02,-6.517983366579354065e-01,0.000000000000000000e+00,0.000000000000000000e+00,1.000000000000000000e+04
1.454545454545454586e+00,5.000000000000000000e-01,3.867364994763548836e-02,-6.714165708654069586e-01,0.000000000000000000e+00,0.000000000000000000e+00,1.000000000000000000e+04
1.515151515151515138e+00,5.000000000000000000e-01,3.834529123318650840e-02,-6.910431124458890073e-01,0.000000000000000000e+00,0.000000000000000000e+00,1.000000000000000000e+04
1.575757575757575690e+00,5.000000000000000000e-01,3.808257205249375443e-02,-7.106761118866039562e-01,0.000000000000000000e+00,0.000000000000000000e+00,1.000000000000000000e+04
1.636363636363636465e+00,5.000000000000000000e-01,3.787714640229795232e-02,-7.303139264165826594e-01,0.000000000000000000e+00,0.000000000000000000e+00,1.000000000000000000e+04
1.696969696969697017e+00,5.000000000000000000e-01,3.772019296759430984e-02,-7.499552016034654045e-01,0.000000000000000000e+00,0.000000000000000000e+00,1.000000000000000000e+04
1.757575757575757569e+00,5.000000000000000000e-01,3.760301048560114878e-02,-7.695988615973848868e-01,0.000000000000000000e+00,0.000000000000000000e+00,1.000000000000000000e+04
1.818181818181818121e+00,5.000000000000000000e-01,3.751724503495391938e-02,-7.892440751669485000e-01,0.000000000000000000e+00,0.000000000000000000e+00,1.000000000000000000e+04
1.878787878787878896e+00,5.000000000000000000e-01,3.745476204232373041e-02,-8.088902603390070167e-01,0.000000000000000000e+00,0.000000000000000000e+00,1.000000000000000000e+04
1.939393939393939448e+00,5.000000000000000000e-01,3.740709233432659014e-02,-8.285372109752896508e-01,0.000000000000000000e+00,0.000000000000000000e+00,1.000000000000000000e+04
2.000000000000000000e+00,5.000000000000000000e-01,3.736427154503913634e-02,-8.481854669941969460e-01,0.000000000000000000e+00,0.000000000000000000e+00,1.000000000000000000e+04
0.000000000000000000e+00,5.625000000000000000e-01,0.000000000000000000e+00,0.000000000000000000e+00,1.000000000000000000e+00,0.000000000000000000e+00,1.000000000000000000e+04
6.060606060606060774e-02,5.625000000000000000e-01,-2.825810421303516810e-04,-3.456080199957924787e-02,0.000000000000000000e+00,0.000000000000000000e+00,1.000000000000000000e+04
1.212121212121212155e-01,5.625000000000000000e-01,8.617467870538788970e-05,-7.303893316831655547e-02,0.000000000000000000e+00,0.000000000000000000e+00,1.000000000000000000e+04
1.818181818181818232e-01,5.625000000000000000e-01,1.537712960483560848e-03,-1.150289670947795273e-01,0.000000000000000000e+00,0.000000000000000000e+00,1.000000000000000000e+04
2.424242424242424310e-01,5.625000000000000000e-01,4.466841939434365409e-03,-1.595348863865222178e-01,0.000000000000000000e+00,0.000000000000000000e+00,1.000000000000000000e+04
3.030303030303030387e-01,5.625000000000000000e-01,9.172844812211736545e-03,-2.051566610038034477e-01,0.000000000000000000e+00,0.000000000000000000e+00,1.000000000000000000e+04
3.636363636363636465e-01,5.625000000000000000e-01,1.575941309212755201e-02,-2.502281648426737948e-01,0.000000000000000000e+00,0.000000000000000000e+00,1.000000000000000000e+04
4.242424242424242542e-01,5.625000000000000000e-01,2.400987720035241066e-02,-2.929675142234897112e-01,0.000000000000000000e+00,0.000000000000000000e+00,1.000000000000000000e+04
4.848484848484848619e-01,5.625000000000000000e-01,3.328597126298791370e-02,-3.316783943014631197e-01,0.000000000000000000e+00,0.000000000000000000e+00,1.000000000000000000e+04
5.454545454545454142e-01,5.625000000000000000e-01,4.228536229112345168e-02,-3.646058573763115152e-01,0.000000000000000000e+00,0.000000000000000000e+00,1.000000000000000000e+04
6.060606060606060774e-01,5.625000000000000000e-01,4.990291122608762897e-02,-3.922627739265425739e-01,0.000000000000000000e+00,0.000000000000000000e+00,1.000000000000000000e+04
6.666666666666666297e-01,5.625000000000000000e-01,5.566579731286377952e-02,-4.161066301542462598e-01,0.000000000000000000e+00,0.000000000000000000e+00,1.000000000000000000e+04
7.272727272727272929e-01,5.625000000000000000e-01,5.960267110145623520e-02,-4.375488125692408303e-01,0.000000000000000000e+00,0.000000000000000000e+00,1.000000000000000000e+04
7.878787878787878451e-01,5.625000000000000000e-01,6.199923320898007711e-02,-4.576383239474306475e-01,0.000000000000000000e+00,0.000000000000000000e+00,1.000000000000000000e+04
8.484848484848485084e-01,5.625000000000000000e-01,6.321964907939486844e-02,-4.770588859371384105e-01,0.000000000000000000e+00,0.000000000000000000e+00,1.000000000000000000e+04
9.090909090909090606e-01,5.625000000000000000e-01,6.360987794996371403e-02,-4.962165621495205903e-01,0.000000000000000000e+00,0.000000000000000000e+00,1.000000000000000000e+04
9.696969696969697239e-01,5.625000000000000000e-01,6.345736828491496673e-02,-5.153312739445878865e-01,0.000000000000000000e+00,0.000000000000000000e+00,1.000000000000000000e+04
1.030303030303030276e+00,5.625000000000000000e-01,6.298205888120340934e-02,-5.345078740766595615e-01,0.000000000000000000e+00,0.000000000000000000e+00,1.000000000000000000e+04
1.090909090909090828e+00,5.625000000000000000e-01,6.234212223247801582e-02,-5.537849696084116147e-01,0.000000000000000000e+00,0.000000000000000000e+00,1.000000000000000000e+04
1.151515151515151603e+00,5.625000000000000000e-01,6.164511130694167590e-02,-5.731660689894625405e-01,0.000000000000000000e+00,0.000000000000000000e+00,1.000000000000000000e+04
1.212121212121212155e+00,5.625000000000000000e-01,6.095981954695596505e-02,-5.926383138855952915e-01,0.000000000000000000e+00,0.000000000000000000e+00,1.000000000000000000e+04
1.272727272727272707e+00,5.625000000000000000e-01,6.032681077411294196e-02,-6.121830815502357082e-01,0.000000000000000000e+00,0.000000000000000000e+00,1.000000000000000000e+04
1.333333333333333259e+00,5.625000000000000000e-01,5.976695730396378026e-02,-6.317815326126191566e-01,0.000000000000000000e+00,0.000000000000000000e+00,1.000000000000000000e+04
1.393939393939394034e+00,5.625000000000000000e-01,5.928798078376857489e-02,-6.514171630691865111e-01,0.000000000000000000e+00,0.000000000000000000e+00,1.000000000000000000e+04
1.454545454545454586e+00,5.625000000000000000e-01,5.888925827535756996e-02,-6.710766743273465229e-01,0.000000000000000000e+00,0.000000000000000000e+00,1.000000000000000000e+04
1.515151515151515138e+00,5.625000000000000000e-01,5.856523023160142144e-02,-6.907499657526772197e-01,0.000000000000000000e+00,0.000000000000000000e+00,1.000000000000000000e+04
1.575757575757575690e+00,5.625000000000000000e-01,5.830773287525521653e-02,-7.104297208902828897e-01,0.000000000000000000e+00,0.000000000000000000e+00,1.000000000000000000e+04
1.636363636363636465e+00,5.625000000000000000e-01,5.810752902915864576e-02,-7.301108471089093888e-01,0.000000000000000000e+00,0.000000000000000000e+00,1.000000000000000000e+04
1.696969696969697017e+00,5.625000000000000000e-01,5.795525338731410264e-02,-7.497898969994228890e-01,0.000000000000000000e+00,0.000000000000000000e+00,1.000000000000000000e+04
1.757575757575757569e+00,5.625000000000000000e-01,5.784192849115230711e-02,-7.694645192351059482e-01,0.000000000000000000e+00,0.000000000000000000e+00,1.000000000000000000e+04
1.818181818181818121e+00,5.625000000000000000e-01,5.775914421212435812e-02,-7.891329386649587052e-01,0.000000000000000000e+00,0.000000000000000000e+00,1.000000000000000000e+04
1.878787878787878896e+00,5.625000000000000000e-01,5.769891900307869137e-02,-8.087934405661815207e-01,0.000000000000000000e+00,0.000000000000000000e+00,1.000000000000000000e+04
1.939393939393939448e+00,5.625000000000000000e-01,5.765316711120626464e-02,-8.284438269391977139e-01,0.000000000000000000e+00,0.000000000000000000e+00,1.000000000000000000e+04
2.000000000000000000e+00,5.625000000000000000e-01,5.761257603488008361e-02,-8.480808169321820689e-01,0.000000000000000000e+00,0.000000000000000000e+00,1.000000000000000000e+04
0.000000000000000000e+00,6.250000000000000000e-01,0.000000000000000000e+00,0.000000000000000000e+00,1.000000000000000000e+00,0.000000000000000000e+00,1.000000000000000000e+04
6.060606060606060774e-02,6.250000000000000000e-01,1.048854150656529458e-03,-3.492614119658524890e-02,0.000000000000000000e+00,0.000000000000000000e+00,1.000000000000000000e+04
1.212121212121212155e-01,6.250000000000000000e-01,2.553299074249048509e-03,-7.471508867295981182e-02,0.000000000000000000e+00,0.000000000000000000e+00,1.000000000000000000e+04
1.818181818181818232e-01,6.250000000000000000e-01,5.106401461198150846e-03,-1.188157649159660295e-01,0.000000000000000000e+00,0.000000000000000000e+00,1.000000000000000000e+04
2.424242424242424310e-01,6.250000000000000000e-01,9.257793276686668640e-03,-1.660651394655776603e-01,0.000000000000000000e+00,0.000000000000000000e+00,1.000000000000000000e+04
3.030303030303030387e-01,6.250000000000000000e-01,1.550528005991542654e-02,-2.148185967211659053e-01,0.000000000000000000e+00,0.000000000000000000e+00,1.000000000000000000e+04
3.636363636363636465e-01,6.250000000000000000e-01,2.415024048752838562e-02,-2.630173443458029281e-01,0.000000000000000000e+00,0.000000000000000000e+00,1.000000000000000000e+04
4.242424242424242542e-01,6.250000000000000000e-01,3.505878683803245049e-02,-3.083170522444879103e-01,0.000000000000000000e+00,0.000000000000000000e+00,1.000000000000000000e+04
4.848484848484848619e-01,6.250000000000000000e-01,4.743203324682672417e-02,-3.483369037663491263e-01,0.000000000000000000e+00,0.000000000000000000e+00,1.000000000000000000e+04
5.454545454545454142e-01,6.250000000000000000e-01,5.912917795909922863e-02,-3.799919702805442112e-01,0.000000000000000000e+00,0.000000000000000000e+00,1.000000000000000000e+04
6.060606060606060774e-01,6.250000000000000000e-01,6.856614321240300791e-02,-4.048919821008002407e-01,0.000000000000000000e+00,0.000000000000000000e+00,1.000000000000000000e+04
6.666666666666666297e-01,6.250000000000000000e-01,7.531930354256356763e-02,-4.256529885681055170e-01,0.000000000000000000e+00,0.000000000000000000e+00,1.000000000000000000e+04
7.272727272727272929e-01,6.250000000000000000e-01,7.967021349362914118e-02,-4.443173595864266523e-01,0.000000000000000000e+00,0.000000000000000000e+00,1.000000000000000000e+04
7.878787878787878451e-01,6.250000000000000000e-01,8.215402745171543342e-02,-4.621633316562254179e-01,0.000000000000000000e+00,0.000000000000000000e+00,1.000000000000000000e+04
8.484848484848485084e-01,6.250000000000000000e-01,8.331371998287168124e-02,-4.798914488195476502e-01,0.000000000000000000e+00,0.000000000000000000e+00,1.000000000000000000e+04
9.090909090909090606e-01,6.250000000000000000e-01,8.360217803409847326e-02,-4.978352068811121023e-01,0.000000000000000000e+00,0.000000000000000000e+00,1.000000000000000000e+04
9.696969696969697239e-01,6.250000000000000000e-01,8.336069588044610346e-02,-5.161168067991488417e-01,0.000000000000000000e+00,0.000000000000000000e+00,1.000000000000000000e+04
1.030303030303030276e+00,6.250000000000000000e-01,8.282976790874525819e-02,-5.347472966347777135e-01,0.000000000000000000e+00,0.000000000000000000e+00,1.000000000000000000e+04
1.090909090909090828e+00,6.250000000000000000e-01,8.216988360500412925e-02,-5.536861667001553577e-01,0.000000000000000000e+00,0.000000000000000000e+00,1.000000000000000000e+04
1.151515151515151603e+00,6.250000000000000000e-01,8.148250065658657615e-02,-5.728746235326185321e-01,0.000000000000000000e+00,0.000000000000000000e+00,1.000000000000000000e+04
1.212121212121212155e+00,6.250000000000000000e-01,8.082763431894976480e-02,-5.922528256591226281e-01,0.000000000000000000e+00,0.000000000000000000e+00,1.000000000000000000e+04
1.272727272727272707e+00,6.250000000000000000e-01,8.023734778608065943e-02,-6.117678077422613603e-01,0.000000000000000000e+00,0.000000000000000000e+00,1.000000000000000000e+04
1.333333333333333259e+00,6.250000000000000000e-01,7.972555822952119564e-02,-6.313762621306514555e-01,0.000000000000000000e+00,0.000000000000000000e+00,1.000000000000000000e+04
1.393939393939394034e+00,6.250000000000000000e-01,7.929490338412586992e-02,-6.510446634469020388e-01,0.000000000000000000e+00,0.000000000000000000e+00,1.000000000000000000e+04
1.454545454545454586e+00,6.250000000000000000e-01,7.894140716839734284e-02,-6.707481651960593982e-01,0.000000000000000000e+00,0.000000000000000000e+00,1.000000000000000000e+04
1.515151515151515138e+00,6.250000000000000000e-01,7.865755999752925554e-02,-6.904690549426086843e-01,0.000000000000000000e+00,0.000000000000000000e+00,1.000000000000000000e+04
1.575757575757575690e+00,6.250000000000000000e-01,7.843428680977379552e-02,-7.101951737664233821e-01,0.000000000000000000e+00,0.000000000000000000e+00,1.000000000000000000e+04
1.636363636363636465e+00,6.250000000000000000e-01,7.826215018943211144e-02,-7.299184842584289790e-01,0.000000000000000000e+00,0.000000000000000000e+00,1.000000000000000000e+04
1.696969696969697017e+00,6.250000000000000000e-01,7.813203657777884059e-02,-7.496338426184161463e-01,0.000000000000000000e+00,0.000000000000000000e+00,1.000000000000000000e+04
1.757575757575757569e+00,6.250000000000000000e-01,7.803549683061510034e-02,-7.693379514265386021e-01,0.000000000000000000e+00,0.000000000000000000e+00,1.000000000000000000e+04
1.818181818181818121e+00,6.250000000000000000e-01,7.796484674223713718e-02,-7.890284142995754868e-01,0.000000000000000000e+00,0.000000000000000000e+00,1.000000000000000000e+04
1.878787878787878896e+00,6.250000000000000000e-01,7.791306135317682680e-02,-8.087027698319102509e-01,0.000000000000000000e+00,0.000000000000000000e+00,1.000000000000000000e+04
1.939393939393939448e+00,6.250000000000000000e-01,7.787340193829750401e-02,-8.283573471174999758e-01,0.000000000000000000e+00,0.000000000000000000e+00,1.000000000000000000e+04
2.000000000000000000e+00,6.250000000000000000e-01,7.783858702049238631e-02,-8.479857576918354845e-01,0.000000000000000000e+00,0.000000000000000000e+00,1.000000000000000000e+04
0.000000000000000000e+00,6.875000000000000000e-01,0.000000000000000000e+00,0.000000000000000000e+00,1.000000000000000000e+00,0.000000000000000000e+00,1.000000000000000000e+04
6.060606060606060774e-02,6.875000000000000000e-01,2.857065388900704387e-03,-3.486903264774073030e-02,0.000000000000000000e+00,0.000000000000000000e+00,1.000000000000000000e+04
1.212121212121212155e-01,6.875000000000000000e-01,5.894880663314144842e-03,-7.597802191316521681e-02,0.000000000000000000e+00,0.000000000000000000e+00,1.000000000000000000e+04
1.818181818181818232e-01,6.875000000000000000e-01,9.747509022594759084e-03,-1.224742470665262650e-01,0.000000000000000000e+00,0.000000000000000000e+00,1.000000000000000000e+04
2.424242424242424310e-01,6.875000000000000000e-01,1.504661634834322283e-02,-1.730599772352130472e-01,0.000000000000000000e+00,0.000000000000000000e+00,1.000000000000000000e+04
3.030303030303030387e-01,6.875000000000000000e-01,2.257412635400956116e-02,-2.258965600098808979e-01,0.000000000000000000e+00,0.000000000000000000e+00,1.000000000000000000e+04
3.636363636363636465e-01,6.875000000000000000e-01,3.306469683149076272e-02,-2.784576065924791455e-01,0.000000000000000000e+00,0.000000000000000000e+00,1.000000000000000000e+04
4.242424242424242542e-01,6.875000000000000000e-01,4.672123458832199566e-02,-3.275723841814782711e-01,0.000000000000000000e+00,0.000000000000000000e+00,1.000000000000000000e+04
4.848484848484848619e-01,6.875000000000000000e-01,6.268533951283385142e-02,-3.697371554426560625e-01,0.000000000000000000e+00,0.000000000000000000e+00,1.000000000000000000e+04
5.454545454545454142e-01,6.875000000000000000e-01,7.725893279742074293e-02,-3.989899600043631533e-01,0.000000000000000000e+00,0.000000000000000000e+00,1.000000000000000000e+04
6.060606060606060774e-01,6.875000000000000000e-01,8.823201706332906014e-02,-4.196336772508592605e-01,0.000000000000000000e+00,0.000000000000000000e+00,1.000000000000000000e+04
6.666666666666666297e-01,6.875000000000000000e-01,9.548680387205113473e-02,-4.361799087548070553e-01,0.000000000000000000e+00,0.000000000000000000e+00,1.000000000000000000e+04
7.272727272727272929e-01,6.875000000000000000e-01,9.978008911755406607e-02,-4.513893663806949341e-01,0.000000000000000000e+00,0.000000000000000000e+00,1.000000000000000000e+04
7.878787878787878451e-01,6.875000000000000000e-01,1.019986270541715784e-01,-4.666547504926772949e-01,0.000000000000000000e+00,0.000000000000000000e+00,1.000000000000000000e+04
8.484848484848485084e-01,6.875000000000000000e-01,1.028826385592894188e-01,-4.825623705019738696e-01,0.000000000000000000e+00,0.000000000000000000e+00,1.000000000000000000e+04
9.090909090909090606e-01,6.875000000000000000e-01,1.029708433417794444e-01,-4.992754929329846214e-01,0.000000000000000000e+00,0.000000000000000000e+00,1.000000000000000000e+04
9.696969696969697239e-01,6.875000000000000000e-01,1.026255806995809150e-01,-5.167570192579107324e-01,0.000000000000000000e+00,0.000000000000000000e+00,1.000000000000000000e+04
1.030303030303030276e+00,6.875000000000000000e-01,1.020768925056617510e-01,-5.348895693504781557e-01,0.000000000000000000e+00,0.000000000000000000e+00,1.000000000000000000e+04
1.090909090909090828e+00,6.875000000000000000e-01,1.014632639176166334e-01,-5.535362803815931931e-01,0.000000000000000000e+00,0.000000000000000000e+00,1.000000000000000000e+04
1.151515151515151603e+00,6.875000000000000000e-01,1.008630385081691755e-01,-5.725690101883579297e-01,0.000000000000000000e+00,0.000000000000000000e+00,1.000000000000000000e+04
1.212121212121212155e+00,6.875000000000000000e-01,1.003166161000115381e-01,-5.918793405664606322e-01,0.000000000000000000e+00,0.000000000000000000e+00,1.000000000000000000e+04
1.272727272727272707e+00,6.875000000000000000e-01,9.984133793596988715e-02,-6.113809570428323514e-01,0.000000000000000000e+00,0.000000000000000000e+00,1.000000000000000000e+04
1.333333333333333259e+00,6.875000000000000000e-01,9.944111383750119104e-02,-6.310080509812359129e-01,0.000000000000000000e+00,0.000000000000000000e+00,1.000000000000000000e+04
1.393939393939394034e+00,6.875000000000000000e-01,9.911247299692982349e-02,-6.507121812036030795e-01,0.000000000000000000e+00,0.000000000000000000e+00,1.000000000000000000e+04
1.454545454545454586e+00,6.875000000000000000e-01,9.884826621073436459e-02,-6.704588156216529926e-01,0.000000000000000000e+00,0.000000000000000000e+00,1.000000000000000000e+04
1.515151515151515138e+00,6.875000000000000000e-01,9.863986197522907340e-02,-6.902241167918757858e-01,0.000000000000000000e+00,0.000000000000000000e+00,1.000000000000000000e+04
1.575757575757575690e+00,6.875000000000000000e-01,9.847839312382943022e-02,-7.099921897804478688e-01,0.000000000000000000e+00,0.000000000000000000e+00,1.000000000000000000e+04
1.636363636363636465e+00,6.875000000000000000e-01,9.835541416280126070e-02,-7.297528340584743534e-01,0.000000000000000000e+00,0.000000000000000000e+00,1.000000000000000000e+04
1.696969696969697017e+00,6.875000000000000000e-01,9.826320171002626835e-02,-7.494997512801019335e-01,0.000000000000000000e+00,0.000000000000000000e+00,1.000000000000000000e+04
1.757575757575757569e+00,6.875000000000000000e-01,9.819485204102824938e-02,-7.692291075982110593e-01,0.000000000000000000e+00,0.000000000000000000e+00,1.000000000000000000e+04
1.818181818181818121e+00,6.875000000000000000e-01,9.814428219901026595e-02,-7.889382991945028678e-01,0.000000000000000000e+00,0.000000000000000000e+00,1.000000000000000000e+04
1.878787878787878896e+00,6.875000000000000000e-01,9.810619738818554536e-02,-8.086247062217968296e-01,0.000000000000000000e+00,0.000000000000000000e+00,1.000000000000000000e+04
1.939393939393939448e+00,6.875000000000000000e-01,9.807601135201507447e-02,-8.282841478186530049e-01,0.000000000000000000e+00,0.000000000000000000e+00,1.000000000000000000e+04
2.000000000000000000e+00,6.875000000000000000e-01,9.804957505217309910e-02,-8.479086829177658879e-01,0.000000000000000000e+00,0.000000000000000000e+00,1.000000000000000000e+04
0.000000000000000000e+00,7.500000000000000000e-01,0.000000000000000000e+00,0.000000000000000000e+00,1.000000000000000000e+00,0.000000000000000000e+00,1.000000000000000000e+04
6.060606060606060774e-02,7.500000000000000000e-01,5.580117291675012157e-03,-3.447986336072594166e-02,0.000000000000000000e+00,0.000000000000000000e+00,1.000000000000000000e+04
1.212121212121212155e-01,7.500000000000000000e-01,1.105609032106798575e-02,-7.687757104553329113e-02,0.000000000000000000e+00,0.000000000000000000e+00,1.000000000000000000e+04
1.818181818181818232e-01,7.500000000000000000e-01,1.683317502609892741e-02,-1.258181174517447876e-01,0.000000000000000000e+00,0.000000000000000000e+00,1.000000000000000000e+04
2.424242424242424310e-01,7.500000000000000000e-01,2.335237940580747740e-02,-1.800813914565996543e-01,0.000000000000000000e+00,0.000000000000000000e+00,1.000000000000000000e+04
3.030303030303030387e-01,7.500000000000000000e-01,3.166128639438796355e-02,-2.379686666121725580e-01,0.000000000000000000e+00,0.000000000000000000e+00,1.000000000000000000e+04
3.636363636363636465e-01,7.500000000000000000e-01,4.334376601510987054e-02,-2.965681469669924630e-01,0.000000000000000000e+00,0.000000000000000000e+00,1.000000000000000000e+04
4.242424242424242542e-01,7.500000000000000000e-01,5.956173150702675362e-02,-3.515209648654928909e-01,0.000000000000000000e+00,0.000000000000000000e+00,1.000000000000000000e+04
4.848484848484848619e-01,7.500000000000000000e-01,7.978697125122546918e-02,-3.974476472000472715e-01,0.000000000000000000e+00,0.000000000000000000e+00,1.000000000000000000e+04
5.454545454545454142e-01,7.500000000000000000e-01,9.725059141015747477e-02,-4.219742821498222440e-01,0.000000000000000000e+00,0.000000000000000000e+00,1.000000000000000000e+04
6.060606060606060774e-01,7.500000000000000000e-01,1.090682265832169373e-01,-4.360681775157059237e-01,0.000000000000000000e+00,0.000000000000000000e+00,1.000000000000000000e+04
6.666666666666666297e-01,7.500000000000000000e-01,1.160026910140052742e-01,-4.470420164471651248e-01,0.000000000000000000e+00,0.000000000000000000e+00,1.000000000000000000e+04
7.272727272727272929e-01,7.500000000000000000e-01,1.196015961953913881e-01,-4.581851769816801534e-01,0.000000000000000000e+00,0.000000000000000000e+00,1.000000000000000000e+04
7.878787878787878451e-01,7.500000000000000000e-01,1.211739836759289368e-01,-4.706909375474514490e-01,0.000000000000000000e+00,0.000000000000000000e+00,1.000000000000000000e+04
8.484848484848485084e-01,7.500000000000000000e-01,1.216170925560331462e-01,-4.848065301313093101e-01,0.000000000000000000e+00,0.000000000000000000e+00,1.000000000000000000e+04
9.090909090909090606e-01,7.500000000000000000e-01,1.214867942274183016e-01,-5.003949155853747444e-01,0.000000000000000000e+00,0.000000000000000000e+00,1.000000000000000000e+04
9.696969696969697239e-01,7.500000000000000000e-01,1.211045253211771866e-01,-5.171939406792093186e-01,0.000000000000000000e+00,0.000000000000000000e+00,1.000000000000000000e+04
1.030303030303030276e+00,7.500000000000000000e-01,1.206447462557238420e-01,-5.349294740219610045e-01,0.000000000000000000e+00,0.000000000000000000e+00,1.000000000000000000e+04
1.090909090909090828e+00,7.500000000000000000e-01,1.201951159138385239e-01,-5.533596599026604501e-01,0.000000000000000000e+00,0.000000000000000000e+00,1.000000000000000000e+04
1.151515151515151603e+00,7.500000000000000000e-01,1.197945129825692401e-01,-5.722876405764459884e-01,0.000000000000000000e+00,0.000000000000000000e+00,1.000000000000000000e+04
1.212121212121212155e+00,7.500000000000000000e-01,1.194557789134145093e-01,-5.915606898296273952e-01,0.000000000000000000e+00,0.000000000000000000e+00,1.000000000000000000e+04
1.272727272727272707e+00,7.500000000000000000e-01,1.191787514352766891e-01,-6.110642323449798630e-01,0.000000000000000000e+00,0.000000000000000000e+00,1.000000000000000000e+04
1.333333333333333259e+00,7.500000000000000000e-01,1.189574405935897028e-01,-6.307146116482831300e-01,0.000000000000000000e+00,0.000000000000000000e+00,1.000000000000000000e+04
1.393939393939394034e+00,7.500000000000000000e-01,1.187838060399560858e-01,-6.504522456866506097e-01,0.000000000000000000e+00,0.000000000000000000e+00,1.000000000000000000e+04
1.454545454545454586e+00,7.500000000000000000e-01,1.186496265643336295e-01,-6.702357604037365579e-01,0.000000000000000000e+00,0.000000000000000000e+00,1.000000000000000000e+04
1.515151515151515138e+00,7.500000000000000000e-01,1.185473321923081885e-01,-6.900372173631633688e-01,0.000000000000000000e+00,0.000000000000000000e+00,1.000000000000000000e+04
1.575757575757575690e+00,7.500000000000000000e-01,1.184702910797158226e-01,-7.098383535444584558e-01,0.000000000000000000e+00,0.000000000000000000e+00,1.000000000000000000e+04
1.636363636363636465e+00,7.500000000000000000e-01,1.184128226839715331e-01,-7.296276821868076246e-01,0.000000000000000000e+00,0.000000000000000000e+00,1.000000000000000000e+04
1.696969696969697017e+00,7.500000000000000000e-01,1.183700868477655516e-01,-7.493982887763200873e-01,0.000000000000000000e+00,0.000000000000000000e+00,1.000000000000000000e+04
1.757575757575757569e+00,7.500000000000000000e-01,1.183379405040066168e-01,-7.691461546312655662e-01,0.000000000000000000e+00,0.000000000000000000e+00,1.000000000000000000e+04
1.818181818181818121e+00,7.500000000000000000e-01,1.183128422998341728e-01,-7.888688189154205999e-01,0.000000000000000000e+00,0.000000000000000000e+00,1.000000000000000000e+04
1.878787878787878896e+00,7.500000000000000000e-01,1.182919066522782753e-01,-8.085641111072633391e-01,0.000000000000000000e+00,0.000000000000000000e+00,1.000000000000000000e+04
1.939393939393939448e+00,7.500000000000000000e-01,1.182732031700024361e-01,-8.282285475471733438e-01,0.000000000000000000e+00,0.000000000000000000e+00,1.000000000000000000e+04
2.000000000000000000e+00,7.500000000000000000e-01,1.182562796566342250e-01,-8.478548429577379419e-01,0.000000000000000000e+00,0.000000000000000000e+00,1.000000000000000000e+04
0.000000000000000000e+00,8.125000000000000000e-01,0.000000000000000000e+00,0.000000000000000000e+00,1.000000000000000000e+00,0.000000000000000000e+00,1.000000000000000000e+04
6.060606060606060774e-02,8.125000000000000000e-01,9.868363072184508158e-03,-3.420288806215658617e-02,0.000000000000000000e+00,0.000000000000000000e+00,1.000000000000000000e+04
1.212121212121212155e-01,8.125000000000000000e-01,1.945812944388882262e-02,-7.790325948482178242e-02,0.000000000000000000e+00,0.000000000000000000e+00,1.000000000000000000e+04
1.818181818181818232e-01,8.125000000000000000e-01,2.853738566940390922e-02,-1.289386454443190999e-01,0.000000000000000000e+00,0.000000000000000000e+00,1.000000000000000000e+04
2.424242424242424310e-01,8.125000000000000000e-01,3.691697553645746643e-02,-1.864833397502550227e-01,0.000000000000000000e+00,0.000000000000000000e+00,1.000000000000000000e+04
3.030303030303030387e-01,8.125000000000000000e-01,4.531364256815612751e-02,-2.499404169489457539e-01,0.000000000000000000e+00,0.000000000000000000e+00,1.000000000000000000e+04
3.636363636363636465e-01,8.125000000000000000e-01,5.652981202896573132e-02,-3.167718813834650149e-01,0.000000000000000000e+00,0.000000000000000000e+00,1.000000000000000000e+04
4.242424242424242542e-01,8.125000000000000000e-01,7.423071082571010282e-02,-3.810375902614269727e-01,0.000000000000000000e+00,0.000000000000000000e+00,1.000000000000000000e+04
4.848484848484848619e-01,8.125000000000000000e-01,9.956604603056801173e-02,-4.341156957638663827e-01,0.000000000000000000e+00,0.000000000000000000e+00,1.000000000000000000e+04
5.454545454545454142e-01,8.125000000000000000e-01,1.194346162123982175e-01,-4.489832898104841874e-01,0.000000000000000000e+00,0.000000000000000000e+00,1.000000000000000000e+04
6.060606060606060774e-01,8.125000000000000000e-01,1.306828453290152237e-01,-4.532013178219350680e-01,0.000000000000000000e+00,0.000000000000000000e+00,1.000000000000000000e+04
6.666666666666666297e-01,8.125000000000000000e-01,1.360956258611579761e-01,-4.572286799697383719e-01,0.000000000000000000e+00,0.000000000000000000e+00,1.000000000000000000e+04
7.272727272727272929e-01,8.125000000000000000e-01,1.383206104820090543e-01,-4.639846972972167527e-01,0.000000000000000000e+00,0.000000000000000000e+00,1.000000000000000000e+04
7.878787878787878451e-01,8.125000000000000000e-01,1.390064439743851354e-01,-4.738499179581538434e-01,0.000000000000000000e+00,0.000000000000000000e+00,1.000000000000000000e+04
8.484848484848485084e-01,8.125000000000000000e-01,1.390420657767391099e-01,-4.864225801332129340e-01,0.000000000000000000e+00,0.000000000000000000e+00,1.000000000000000000e+04
9.090909090909090606e-01,8.125000000000000000e-01,1.388623113844578982e-01,-5.011314400652210344e-01,0.000000000000000000e+00,0.000000000000000000e+00,1.000000000000000000e+04
9.696969696969697239e-01,8.125000000000000000e-01,1.386576967388014614e-01,-5.174429369884944174e-01,0.000000000000000000e+00,0.000000000000000000e+00,1.000000000000000000e+04
1.030303030303030276e+00,8.125000000000000000e-01,1.384972980901298112e-01,-5.349189854011973111e-01,0.000000000000000000e+00,0.000000000000000000e+00,1.000000000000000000e+04
1.090909090909090828e+00,8.125000000000000000e-01,1.383950215397896089e-01,-5.532205915909913507e-01,0.000000000000000000e+00,0.000000000000000000e+00,1.000000000000000000e+04
1.151515151515151603e+00,8.125000000000000000e-01,1.383430608904994696e-01,-5.720940026367116182e-01,0.000000000000000000e+00,0.000000000000000000e+00,1.000000000000000000e+04
1.212121212121212155e+00,8.125000000000000000e-01,1.383275907038073738e-01,-5.913533891773301576e-01,0.000000000000000000e+00,0.000000000000000000e+00,1.000000000000000000e+04
1.272727272727272707e+00,8.125000000000000000e-01,1.383353641786991828e-01,-6.108649910176784381e-01,0.000000000000000000e+00,0.000000000000000000e+00,1.000000000000000000e+04
1.333333333333333259e+00,8.125000000000000000e-01,1.383559281527243501e-01,-6.305340685136727741e-01,0.000000000000000000e+00,0.000000000000000000e+00,1.000000000000000000e+04
1.393939393939394034e+00,8.125000000000000000e-01,1.383818957827209206e-01,-6.502946678191369179e-01,0.000000000000000000e+00,0.000000000000000000e+00,1.000000000000000000e+04
1.454545454545454586e+00,8.125000000000000000e-01,1.384084781070637482e-01,-6.701017862129279301e-01,0.000000000000000000e+00,0.000000000000000000e+00,1.000000000000000000e+04
1.515151515151515138e+00,8.125000000000000000e-01,1.384328272601203780e-01,-6.899254545778868986e-01,0.000000000000000000e+00,0.000000000000000000e+00,1.000000000000000000e+04
1.575757575757575690e+00,8.125000000000000000e-01,1.384534190133592801e-01,-7.097463063680687911e-01,0.000000000000000000e+00,0.000000000000000000e+00,1.000000000000000000e+04
1.636363636363636465e+00,8.125000000000000000e-01,1.384695483179692876e-01,-7.295522846263994277e-01,0.000000000000000000e+00,0.000000000000000000e+00,1.000000000000000000e+04
1.696969696969697017e+00,8.125000000000000000e-01,1.384809467164883345e-01,-7.493362173623585587e-01,0.000000000000000000e+00,0.000000000000000000e+00,1.000000000000000000e+04
1.757575757575757569e+00,8.125000000000000000e-01,1.384875154273531306e-01,-7.690940544365324483e-01,0.000000000000000000e+00,0.000000000000000000e+00,1.000000000000000000e+04
1.818181818181818121e+00,8.125000000000000000e-01,1.384891925532579504e-01,-7.888235926076775373e-01,0.000000000000000000e+00,0.000000000000000000e+00,1.000000000000000000e+04
1.878787878787878896e+00,8.125000000000000000e-01,1.384860564987279163e-01,-8.085234747637830566e-01,0.000000000000000000e+00,0.000000000000000000e+00,1.000000000000000000e+04
1.939393939393939448e+00,8.125000000000000000e-01,1.384789389453043584e-01,-8.281920192620976229e-01,0.000000000000000000e+00,0.000000000000000000e+00,1.000000000000000000e+04
2.000000000000000000e+00,8.125000000000000000e-01,1.384708498616139816e-01,-8.478250875294427447e-01,0.000000000000000000e+00,0.000000000000000000e+00,1.000000000000000000e+04
0.000000000000000000e+00,8.750000000000000000e-01,0.000000000000000000e+00,0.000000000000000000e+00,1.000000000000000000e+00,0.000000000000000000e+00,1.000000000000000000e+04
6.060606060606060774e-02,8.750000000000000000e-01,1.673321628959968665e-02,-3.512758922291599195e-02,0.000000000000000000e+00,0.000000000000000000e+00,1.000000000000000000e+04
1.212121212121212155e-01,8.750000000000000000e-01,3.313289431248248040e-02,-8.029931071044683899e-02,0.000000000000000000e+00,0.000000000000000000e+00,1.000000000000000000e+04
1.818181818181818232e-01,8.750000000000000000e-01,4.787048678420158243e-02,-1.326482918271402467e-01,0.000000000000000000e+00,0.000000000000000000e+00,1.000000000000000000e+04
2.424242424242424310e-01,8.750000000000000000e-01,5.991763020646517779e-02,-1.919960295476176582e-01,0.000000000000000000e+00,0.000000000000000000e+00,1.000000000000000000e+04
3.030303030303030387e-01,8.750000000000000000e-01,6.891715608377116387e-02,-2.595410906553390351e-01,0.000000000000000000e+00,0.000000000000000000e+00,1.000000000000000000e+04
3.636363636363636465e-01,8.750000000000000000e-01,7.639160266550455713e-02,-3.366637520062913946e-01,0.000000000000000000e+00,0.000000000000000000e+00,1.000000000000000000e+04
4.242424242424242542e-01,8.750000000000000000e-01,9.159530583616239119e-02,-4.166008922269349157e-01,0.000000000000000000e+00,0.000000000000000000e+00,1.000000000000000000e+04
4.848484848484848619e-01,8.750000000000000000e-01,1.226355780008963614e-01,-4.845016861725612856e-01,0.000000000000000000e+00,0.000000000000000000e+00,1.000000000000000000e+04
5.454545454545454142e-01,8.750000000000000000e-01,1.431166713558897352e-01,-4.789851701409145734e-01,0.000000000000000000e+00,0.000000000000000000e+00,1.000000000000000000e+04
6.060606060606060774e-01,8.750000000000000000e-01,1.513001612345735714e-01,-4.691331126156595976e-01,0.000000000000000000e+00,0.000000000000000000e+00,1.000000000000000000e+04
6.666666666666666297e-01,8.750000000000000000e-01,1.538632133971530036e-01,-4.654128190965858280e-01,0.000000000000000000e+00,0.000000000000000000e+00,1.000000000000000000e+04
7.272727272727272929e-01,8.750000000000000000e-01,1.544238652926990807e-01,-4.681066467209669124e-01,0.000000000000000000e+00,0.000000000000000000e+00,1.000000000000000000e+04
7.878787878787878451e-01,8.750000000000000000e-01,1.544938529471063804e-01,-4.758855164756584655e-01,0.000000000000000000e+00,0.000000000000000000e+00,1.000000000000000000e+04
8.484848484848485084e-01,8.750000000000000000e-01,1.545995159373624306e-01,-4.874020409691337541e-01,0.000000000000000000e+00,0.000000000000000000e+00,1.000000000000000000e+04
9.090909090909090606e-01,8.750000000000000000e-01,1.548611757337678974e-01,-5.015831873861708035e-01,0.000000000000000000e+00,0.000000000000000000e+00,1.000000000000000000e+04
9.696969696969697239e-01,8.750000000000000000e-01,1.552549795351142181e-01,-5.176344770050964605e-01,0.000000000000000000e+00,0.000000000000000000e+00,1.000000000000000000e+04
1.030303030303030276e+00,8.750000000000000000e-01,1.557216790645046811e-01,-5.349841894400912956e-01,0.000000000000000000e+00,0.000000000000000000e+00,1.000000000000000000e+04
1.090909090909090828e+00,8.750000000000000000e-01,1.562066243030388879e-01,-5.532257998153269352e-01,0.000000000000000000e+00,0.000000000000000000e+00,1.000000000000000000e+04
1.151515151515151603e+00,8.750000000000000000e-01,1.566707815236779155e-01,-5.720718488288052406e-01,0.000000000000000000e+00,0.000000000000000000e+00,1.000000000000000000e+04
1.212121212121212155e+00,8.750000000000000000e-01,1.570907042386552599e-01,-5.913198627769185034e-01,0.000000000000000000e+00,0.000000000000000000e+00,1.000000000000000000e+04
1.272727272727272707e+00,8.750000000000000000e-01,1.574551148766625830e-01,-6.108279199074428956e-01,0.000000000000000000e+00,0.000000000000000000e+00,1.000000000000000000e+04
1.333333333333333259e+00,8.750000000000000000e-01,1.577611120241445564e-01,-6.304972746336666711e-01,0.000000000000000000e+00,0.000000000000000000e+00,1.000000000000000000e+04
1.393939393939394034e+00,8.750000000000000000e-01,1.580110113376823333e-01,-6.502599735180423224e-01,0.000000000000000000e+00,0.000000000000000000e+00,1.000000000000000000e+04
1.454545454545454586e+00,8.750000000000000000e-01,1.582100172278156636e-01,-6.700699700835167638e-01,0.000000000000000000e+00,0.000000000000000000e+00,1.000000000000000000e+04
1.515151515151515138e+00,8.750000000000000000e-01,1.583646329223088456e-01,-6.898967017017234582e-01,0.000000000000000000e+00,0.000000000000000000e+00,1.000000000000000000e+04
1.575757575757575690e+00,8.750000000000000000e-01,1.584816419567758317e-01,-7.097204183888244922e-01,0.000000000000000000e+00,0.000000000000000000e+00,1.000000000000000000e+04
1.636363636363636465e+00,8.750000000000000000e-01,1.585674999761483572e-01,-7.295287785133125480e-01,0.000000000000000000e+00,0.000000000000000000e+00,1.000000000000000000e+04
1.696969696969697017e+00,8.750000000000000000e-01,1.586280062601760632e-01,-7.493143825425300220e-01,0.000000000000000000e+00,0.000000000000000000e+00,1.000000000000000000e+04
1.757575757575757569e+00,8.750000000000000000e-01,1.586681602648677969e-01,-7.690730299192493069e-01,0.000000000000000000e+00,0.000000000000000000e+00,1.000000000000000000e+04
1.818181818181818121e+00,8.750000000000000000e-01,1.586921509138638775e-01,-7.888025751408884734e-01,0.000000000000000000e+00,0.000000000000000000e+00,1.000000000000000000e+04
1.878787878787878896e+00,8.750000000000000000e-01,1.587035039880440590e-01,-8.085023267922211154e-01,0.000000000000000000e+00,0.000000000000000000e+00,1.000000000000000000e+04
1.939393939393939448e+00,8.750000000000000000e-01,1.587056471564572135e-01,-8.281728580711695820e-01,0.000000000000000000e+00,0.000000000000000000e+00,1.000000000000000000e+04
2.000000000000000000e+00,8.750000000000000000e-01,1.587038585453547923e-01,-8.478152825124586345e-01,0.000000000000000000e+00,0.000000000000000000e+00,1.000000000000000000e+04
0.000000000000000000e+00,9.375000000000000000e-01,0.000000000000000000e+00,0.000000000000000000e+00,1.000000000000000000e+00,0.000000000000000000e+00,1.000000000000000000e+04
6.060606060606060774e-02,9.375000000000000000e-01,2.809896612783385414e-02,-3.944477815234089663e-02,0.000000000000000000e+00,0.000000000000000000e+00,1.000000000000000000e+04
1.212121212121212155e-01,9.375000000000000000e-01,5.513131835683390131e-02,-8.622031138526929650e-02,0.000000000000000000e+00,0.000000000000000000e+00,1.000000000000000000e+04
1.818181818181818232e-01,9.375000000000000000e-01,7.855101020925438216e-02,-1.387558120717299337e-01,0.000000000000000000e+00,0.000000000000000000e+00,1.000000000000000000e+04
2.424242424242424310e-01,9.375000000000000000e-01,9.722438243235916044e-02,-1.978241318272092319e-01,0.000000000000000000e+00,0.000000000000000000e+00,1.000000000000000000e+04
3.030303030303030387e-01,9.375000000000000000e-01,1.101755392279530621e-01,-2.658642174178296735e-01,0.000000000000000000e+00,0.000000000000000000e+00,1.000000000000000000e+04
3.636363636363636465e-01,9.375000000000000000e-01,1.160496106140272293e-01,-3.481911272571587279e-01,0.000000000000000000e+00,0.000000000000000000e+00,1.000000000000000000e+04
4.242424242424242542e-01,9.375000000000000000e-01,1.146061094486047205e-01,-4.555123645130028098e-01,0.000000000000000000e+00,0.000000000000000000e+00,1.000000000000000000e+04
4.848484848484848619e-01,9.375000000000000000e-01,1.473043812813899789e-01,-5.578499091836435220e-01,0.000000000000000000e+00,0.000000000000000000e+00,1.000000000000000000e+04
5.454545454545454142e-01,9.375000000000000000e-01,1.638571975868901298e-01,-5.082617227302361762e-01,0.000000000000000000e+00,0.000000000000000000e+00,1.000000000000000000e+04
6.060606060606060774e-01,9.375000000000000000e-01,1.658819678449315882e-01,-4.810025319072271932e-01,0.000000000000000000e+00,0.000000000000000000e+00,1.000000000000000000e+04
6.666666666666666297e-01,9.375000000000000000e-01,1.655384995507475365e-01,-4.704412179603005839e-01,0.000000000000000000e+00,0.000000000000000000e+00,1.000000000000000000e+04
7.272727272727272929e-01,9.375000000000000000e-01,1.656722168023382069e-01,-4.703746215293046484e-01,0.000000000000000000e+00,0.000000000000000000e+00,1.000000000000000000e+04
7.878787878787878451e-01,9.375000000000000000e-01,1.665678749534675873e-01,-4.770326599754445285e-01,0.000000000000000000e+00,0.000000000000000000e+00,1.000000000000000000e+04
8.484848484848485084e-01,9.375000000000000000e-01,1.679606589536868644e-01,-4.880905871092829362e-01,0.000000000000000000e+00,0.000000000000000000e+00,1.000000000000000000e+04
9.090909090909090606e-01,9.375000000000000000e-01,1.695607131721253158e-01,-5.020745100797794347e-01,0.000000000000000000e+00,0.000000000000000000e+00,1.000000000000000000e+04
9.696969696969697239e-01,9.375000000000000000e-01,1.711634240593812861e-01,-5.180271163333857176e-01,0.000000000000000000e+00,0.000000000000000000e+00,1.000000000000000000e+04
1.030303030303030276e+00,9.375000000000000000e-01,1.726489190658498651e-01,-5.353131509794440968e-01,0.000000000000000000e+00,0.000000000000000000e+00,1.000000000000000000e+04
1.090909090909090828e+00,9.375000000000000000e-01,1.739587235040237212e-01,-5.535032724566448792e-01,0.000000000000000000e+00,0.000000000000000000e+00,1.000000000000000000e+04
1.151515151515151603e+00,9.375000000000000000e-01,1.750735599566294043e-01,-5.723031315437977495e-01,0.000000000000000000e+00,0.000000000000000000e+00,1.000000000000000000e+04
1.212121212121212155e+00,9.375000000000000000e-01,1.759971044318946187e-01,-5.915090070458487448e-01,0.000000000000000000e+00,0.000000000000000000e+00,1.000000000000000000e+04
1.272727272727272707e+00,9.375000000000000000e-01,1.767452423989647470e-01,-6.109793013573799891e-01,0.000000000000000000e+00,0.000000000000000000e+00,1.000000000000000000e+04
1.333333333333333259e+00,9.375000000000000000e-01,1.773393501540698469e-01,-6.306157029517501789e-01,0.000000000000000000e+00,0.000000000000000000e+00,1.000000000000000000e+04
1.393939393939394034e+00,9.375000000000000000e-01,1.778022770109544404e-01,-6.503503902624344635e-01,0.000000000000000000e+00,0.000000000000000000e+00,1.000000000000000000e+04
1.454545454545454586e+00,9.375000000000000000e-01,1.781560672491689090e-01,-6.701371216716066614e-01,0.000000000000000000e+00,0.000000000000000000e+00,1.000000000000000000e+04
1.515151515151515138e+00,9.375000000000000000e-01,1.784207781444996366e-01,-6.899449038541407564e-01,0.000000000000000000e+00,0.000000000000000000e+00,1.000000000000000000e+04
1.575757575757575690e+00,9.375000000000000000e-01,1.786139778818177093e-01,-7.097534254128068376e-01,0.000000000000000000e+00,0.000000000000000000e+00,1.000000000000000000e+04
1.636363636363636465e+00,9.375000000000000000e-01,1.787506583130521187e-01,-7.295497385185210071e-01,0.000000000000000000e+00,0.000000000000000000e+00,1.000000000000000000e+04
1.696969696969697017e+00,9.375000000000000000e-01,1.788433943521812175e-01,-7.493258572722988342e-01,0.000000000000000000e+00,0.000000000000000000e+00,1.000000000000000000e+04
1.757575757575757569e+00,9.375000000000000000e-01,1.789026417071104547e-01,-7.690770725381755879e-01,0.000000000000000000e+00,0.000000000000000000e+00,1.000000000000000000e+04
1.818181818181818121e+00,9.375000000000000000e-01,1.789370988571961363e-01,-7.888008999216684636e-01,0.000000000000000000e+00,0.000000000000000000e+00,1.000000000000000000e+04
1.878787878787878896e+00,9.375000000000000000e-01,1.789540758455755998e-01,-8.084967272621293999e-01,0.000000000000000000e+00,0.000000000000000000e+00,1.000000000000000000e+04
1.939393939393939448e+00,9.375000000000000000e-01,1.789598394524776759e-01,-8.281664919225336652e-01,0.000000000000000000e+00,0.000000000000000000e+00,1.000000000000000000e+04
2.000000000000000000e+00,9.375000000000000000e-01,1.789603424569352619e-01,-8.478168975568864951e-01,0.000000000000000000e+00,0.000000000000000000e+00,1.000000000000000000e+04
0.000000000000000000e+00,1.000000000000000000e+00,0.000000000000000000e+00,0.000000000000000000e+00,1.000000000000000000e+00,0.000000000000000000e+00,1.000000000000000000e+04
6.060606060606060774e-02,1.000000000000000000e+00,4.936841969575333361e-02,-5.111533336558213292e-02,0.000000000000000000e+00,0.000000000000000000e+00,1.000000000000000000e+04
1.212121212121212155e-01,1.000000000000000000e+00,9.104839863497184160e-02,-9.817670323256488807e-02,0.000000000000000000e+00,0.000000000000000000e+00,1.000000000000000000e+04
1.818181818181818232e-01,1.000000000000000000e+00,1.249743909169115930e-01,-1.494743383539797466e-01,0.000000000000000000e+00,0.000000000000000000e+00,1.000000000000000000e+04
2.424242424242424310e-01,1.000000000000000000e+00,1.528748195207810245e-01,-2.068637814110933781e-01,0.000000000000000000e+00,0.000000000000000000e+00,1.000000000000000000e+04
3.030303030303030387e-01,1.000000000000000000e+00,1.753212918587554736e-01,-2.728906404191894786e-01,0.000000000000000000e+00,0.000000000000000000e+00,1.000000000000000000e+04
3.636363636363636465e-01,1.000000000000000000e+00,1.909399181802923229e-01,-3.528182494997972873e-01,0.000000000000000000e+00,0.000000000000000000e+00,1.000000000000000000e+04
4.242424242424242542e-01,1.000000000000000000e+00,1.929818799189323142e-01,-4.611374708646422960e-01,0.000000000000000000e+00,0.000000000000000000e+00,1.000000000000000000e+04
4.848484848484848619e-01,1.000000000000000000e+00,1.478382828042539010e-01,-6.776250805039787384e-01,0.000000000000000000e+00,1.000000000000000000e+00,1.000000000000000000e+04
5.454545454545454142e-01,1.000000000000000000e+00,1.634505703100933016e-01,-5.282573076118753930e-01,0.000000000000000000e+00,0.000000000000000000e+00,1.000000000000000000e+04
6.060606060606060774e-01,1.000000000000000000e+00,1.626258054791206997e-01,-4.867149897092071797e-01,0.000000000000000000e+00,0.000000000000000000e+00,1.000000000000000000e+04
6.666666666666666297e-01,1.000000000000000000e+00,1.654997219111646045e-01,-4.728845806710919586e-01,0.000000000000000000e+00,0.000000000000000000e+00,1.000000000000000000e+04
7.272727272727272929e-01,1.000000000000000000e+00,1.701793367428305059e-01,-4.719496042009083681e-01,0.000000000000000000e+00,0.000000000000000000e+00,1.000000000000000000e+04
7.878787878787878451e-01,1.000000000000000000e+00,1.751681746615109392e-01,-4.783386095901415169e-01,0.000000000000000000e+00,0.000000000000000000e+00,1.000000000000000000e+04
8.484848484848485084e-01,1.000000000000000000e+00,1.797963789958761938e-01,-4.892580525327801522e-01,0.000000000000000000e+00,0.000000000000000000e+00,1.000000000000000000e+04
9.090909090909090606e-01,1.000000000000000000e+00,1.838235971874122021e-01,-5.031157071896018573e-01,0.000000000000000000e+00,0.000000000000000000e+00,1.000000000000000000e+04
9.696969696969697239e-01,1.000000000000000000e+00,1.872050697155266674e-01,-5.189344708200311906e-01,0.000000000000000000e+00,0.000000000000000000e+00,1.000000000000000000e+04
1.030303030303030276e+00,1.000000000000000000e+00,1.899792657019416520e-01,-5.360840597627897219e-01,0.000000000000000000e+00,0.000000000000000000e+00,1.000000000000000000e+04
1.090909090909090828e+00,1.000000000000000000e+00,1.922161000278740928e-01,-5.541432655387178441e-01,0.000000000000000000e+00,0.000000000000000000e+00,1.000000000000000000e+04
1.151515151515151603e+00,1.000000000000000000e+00,1.939934087330408008e-01,-5.728236161766487866e-01,0.000000000000000000e+00,0.000000000000000000e+00,1.000000000000000000e+04
1.212121212121212155e+00,1.000000000000000000e+00,1.953864645440892556e-01,-5.919244472565924342e-01,0.000000000000000000e+00,0.000000000000000000e+00,1.000000000000000000e+04
1.272727272727272707e+00,1.000000000000000000e+00,1.964635540379796874e-01,-6.113050535376894912e-01,0.000000000000000000e+00,0.000000000000000000e+00,1.000000000000000000e+04
1.333333333333333259e+00,1.000000000000000000e+00,1.972844159251322116e-01,-6.308666227863625187e-01,0.000000000000000000e+00,0.000000000000000000e+00,1.000000000000000000e+04
1.393939393939394034e+00,1.000000000000000000e+00,1.979000524322012400e-01,-6.505400477068982168e-01,0.000000000000000000e+00,0.000000000000000000e+00,1.000000000000000000e+04
1.454545454545454586e+00,1.000000000000000000e+00,1.983532050454857310e-01,-6.702774359623856482e-01,0.000000000000000000e+00,0.000000000000000000e+00,1.000000000000000000e+04
1.515151515151515138e+00,1.000000000000000000e+00,1.986791463038164174e-01,-6.900460499422534921e-01,0.000000000000000000e+00,0.000000000000000000e+00,1.000000000000000000e+04
1.575757575757575690e+00,1.000000000000000000e+00,1.989066116328274958e-01,-7.098239084432976798e-01,0.000000000000000000e+00,0.000000000000000000e+00,1.000000000000000000e+04
1.636363636363636465e+00,1.000000000000000000e+00,1.990587824233785719e-01,-7.295965694340024177e-01,0.000000000000000000e+00,0.000000000000000000e+00,1.000000000000000000e+04
1.696969696969697017e+00,1.000000000000000000e+00,1.991542791515248101e-01,-7.493547889197929024e-01,0.000000000000000000e+00,0.000000000000000000e+00,1.000000000000000000e+04
1.757575757575757569e+00,1.000000000000000000e+00,1.992081495504449962e-01,-7.690928731796595752e-01,0.000000000000000000e+00,0.000000000000000000e+00,1.000000000000000000e+04
1.818181818181818121e+00,1.000000000000000000e+00,1.992328431600904892e-01,-7.888076502262350020e-01,0.000000000000000000e+00,0.000000000000000000e+00,1.000000000000000000e+04
1.878787878787878896e+00,1.000000000000000000e+00,1.992391301855548358e-01,-8.084981270986666413e-01,0.000000000000000000e+00,0.000000000000000000e+00,1.000000000000000000e+04
1.939393939393939448e+00,1.000000000000000000e+00,1.992367725081211072e-01,-8.281661874779171484e-01,0.000000000000000000e+00,0.000000000000000000e+00,1.000000000000000000e+04
2.000000000000000000e+00,1.000000000000000000e+00,1.992341423224505415e-01,-8.478198110578113456e-01,0.000000000000000000e+00,0.000000000000000000e+00,1.000000000000000000e+04
